# Blender 4.2.2 LTS
# www.blender.org
mtllib Carpa.mtl
o Cylinder.001
v 0.000000 3.567698 0.016384
v -0.000000 4.089714 0.016384
v -0.003196 3.567698 0.016069
v -0.003196 4.089714 0.016069
v -0.006270 3.567698 0.015137
v -0.006270 4.089714 0.015137
v -0.009102 3.567698 0.013623
v -0.009102 4.089714 0.013623
v -0.011585 3.567698 0.011585
v -0.011585 4.089714 0.011585
v -0.013623 3.567698 0.009102
v -0.013623 4.089714 0.009102
v -0.015137 3.567698 0.006270
v -0.015137 4.089714 0.006270
v -0.016069 3.567698 0.003196
v -0.016069 4.089714 0.003196
v -0.016384 3.567698 0.000000
v -0.016384 4.089714 -0.000000
v -0.016069 3.567698 -0.003196
v -0.016069 4.089714 -0.003196
v -0.015137 3.567698 -0.006270
v -0.015137 4.089714 -0.006270
v -0.013623 3.567698 -0.009102
v -0.013623 4.089714 -0.009102
v -0.011585 3.567698 -0.011585
v -0.011585 4.089714 -0.011585
v -0.009102 3.567698 -0.013623
v -0.009102 4.089714 -0.013623
v -0.006270 3.567698 -0.015137
v -0.006270 4.089714 -0.015137
v -0.003196 3.567698 -0.016069
v -0.003196 4.089714 -0.016069
v 0.000000 3.567698 -0.016384
v -0.000000 4.089714 -0.016384
v 0.003196 3.567698 -0.016069
v 0.003196 4.089714 -0.016069
v 0.006270 3.567698 -0.015137
v 0.006270 4.089714 -0.015137
v 0.009102 3.567698 -0.013623
v 0.009102 4.089714 -0.013623
v 0.011585 3.567698 -0.011585
v 0.011585 4.089714 -0.011585
v 0.013623 3.567698 -0.009102
v 0.013623 4.089714 -0.009102
v 0.015137 3.567698 -0.006270
v 0.015137 4.089714 -0.006270
v 0.016069 3.567698 -0.003196
v 0.016069 4.089714 -0.003196
v 0.016384 3.567698 0.000000
v 0.016384 4.089714 -0.000000
v 0.016069 3.567698 0.003196
v 0.016069 4.089714 0.003196
v 0.015137 3.567698 0.006270
v 0.015137 4.089714 0.006270
v 0.013623 3.567698 0.009102
v 0.013623 4.089714 0.009102
v 0.011585 3.567698 0.011585
v 0.011585 4.089714 0.011585
v 0.009102 3.567698 0.013623
v 0.009102 4.089714 0.013623
v 0.006270 3.567698 0.015137
v 0.006270 4.089714 0.015137
v 0.003196 3.567698 0.016069
v 0.003196 4.089714 0.016069
v 0.000000 3.191411 -0.253728
v 0.049500 3.191411 -0.248852
v 0.097097 3.191412 -0.234414
v 0.140964 3.191412 -0.210967
v 0.179413 3.191412 -0.179413
v 0.210967 3.191412 -0.140964
v 0.234414 3.191412 -0.097097
v 0.248853 3.191412 -0.049500
v 0.253728 3.191412 0.000000
v 0.248853 3.191412 0.049500
v 0.234414 3.191412 0.097098
v 0.210967 3.191412 0.140964
v 0.179413 3.191412 0.179413
v 0.140964 3.191412 0.210967
v 0.097098 3.191412 0.234414
v 0.049500 3.191412 0.248853
v 0.000000 3.191412 0.253728
v -0.049500 3.191412 0.248853
v -0.097097 3.191412 0.234414
v -0.140964 3.191412 0.210967
v -0.179413 3.191412 0.179413
v -0.210967 3.191412 0.140964
v -0.234414 3.191412 0.097098
v -0.248852 3.191412 0.049500
v -0.253728 3.191412 0.000000
v -0.248852 3.191411 -0.049500
v -0.234414 3.191411 -0.097097
v -0.210967 3.191411 -0.140963
v -0.179413 3.191411 -0.179412
v -0.140964 3.191411 -0.210967
v -0.097097 3.191411 -0.234414
v -0.049500 3.191411 -0.248852
v 0.000000 3.764506 0.000000
v -0.000085 0.123431 -2.050554
v -0.000031 1.676900 -1.740778
v 0.377456 0.123389 -2.011024
v 0.320418 1.681459 -1.707117
v 0.740455 0.123028 -1.894279
v 0.628557 1.679455 -1.608055
v 1.075151 0.121262 -1.705091
v 0.912583 1.675712 -1.447284
v 1.368524 0.120793 -1.450216
v 1.161577 1.674727 -1.230879
v 1.628990 0.119618 -1.139428
v 1.406354 1.695940 -0.967128
v 1.915704 0.138763 -0.809310
v 1.568921 1.708717 -0.732033
v 1.973762 0.151365 -0.495745
v 1.635164 1.717594 -0.450669
v 1.010996 0.092508 0.000001
v 0.808608 1.637627 0.000000
v 1.973762 0.151365 0.495746
v 1.635164 1.717595 0.450669
v 1.915704 0.138763 0.809311
v 1.568922 1.708717 0.732033
v 1.628990 0.119619 1.139429
v 1.406354 1.695941 0.967128
v 1.368525 0.120793 1.450217
v 1.161578 1.674727 1.230880
v 1.075151 0.121263 1.705092
v 0.912584 1.675713 1.447284
v 0.740455 0.123029 1.894280
v 0.628557 1.679455 1.608056
v 0.376721 0.123381 2.011102
v 0.319797 1.681460 1.707180
v -0.001159 0.123432 2.050593
v -0.000937 1.676900 1.740810
v -0.378440 0.122281 2.011404
v -0.321206 1.686048 1.707368
v -0.741148 0.120914 1.894793
v -0.629048 1.686419 1.608154
v -1.075812 0.120793 1.704781
v -0.913140 1.681528 1.446950
v -1.369348 0.120814 1.449424
v -1.162382 1.681490 1.230322
v -1.609288 0.120793 1.139457
v -1.366301 1.682915 0.967398
v -1.788182 0.120793 0.784193
v -1.518217 1.683314 0.665817
v -1.898305 0.120793 0.401091
v -1.611801 1.687141 0.340573
v -1.935024 0.120792 0.000001
v -1.642881 1.682429 0.000000
v -1.897850 0.120792 -0.402682
v -1.611416 1.687141 -0.341915
v -1.787727 0.120792 -0.785784
v -1.517833 1.683313 -0.667159
v -1.609048 0.120792 -1.139768
v -1.366099 1.682915 -0.967661
v -1.368542 0.120813 -1.450229
v -1.161703 1.681490 -1.231002
v -1.075247 0.120792 -1.705274
v -0.912663 1.681528 -1.447366
v -0.740702 0.120913 -1.894938
v -0.628672 1.686418 -1.608277
v -0.377656 0.122280 -2.011585
v -0.320545 1.686048 -1.707522
v -0.001715 0.506207 -1.798086
v 0.329218 0.512514 -1.759089
v 0.647198 0.496542 -1.655600
v 0.941601 0.454132 -1.491539
v 1.204161 0.445764 -1.273121
v 1.501125 0.425512 -1.020215
v 1.707371 0.440068 -0.762891
v 1.742067 0.448369 -0.490777
v 0.821933 0.400849 0.000000
v 1.742067 0.448369 0.490778
v 1.707371 0.440068 0.762892
v 1.501125 0.425512 1.020216
v 1.204161 0.445764 1.273122
v 0.941602 0.454133 1.491540
v 0.647198 0.496543 1.655601
v 0.328739 0.512500 1.759147
v -0.002414 0.506221 1.798117
v -0.332882 0.534204 1.762753
v -0.653472 0.470239 1.666362
v -0.947919 0.453168 1.499409
v -1.212085 0.442633 1.281714
v -1.435346 0.432218 1.016131
v -1.595284 0.432099 0.699769
v -1.693596 0.434970 0.357638
v -1.726388 0.431436 0.000001
v -1.693294 0.434970 -0.358695
v -1.594982 0.432099 -0.700826
v -1.435178 0.432228 -1.016328
v -1.211538 0.442660 -1.282222
v -0.947542 0.453182 -1.499723
v -0.653185 0.470299 -1.666461
v -0.332370 0.534252 -1.762869
v -0.000442 0.830545 -1.744970
v 0.320515 0.871153 -1.708974
v 0.629148 0.850923 -1.609542
v 0.914122 0.810418 -1.449359
v 1.164756 0.802884 -1.233643
v 1.429305 0.895711 -0.984676
v 1.606520 0.912517 -0.754595
v 1.650620 0.897341 -0.488486
v 0.775767 0.829859 0.000000
v 1.650620 0.897341 0.488486
v 1.606521 0.912517 0.754596
v 1.429305 0.895712 0.984677
v 1.164757 0.802885 1.233644
v 0.914123 0.810419 1.449360
v 0.629148 0.850923 1.609543
v 0.320050 0.871074 1.709026
v -0.001121 0.830540 1.744999
v -0.322460 0.920145 1.713098
v -0.630996 0.920375 1.612537
v -0.915710 0.871999 1.450538
v -1.167009 0.869597 1.235031
v -1.374736 0.882775 0.973238
v -1.527981 0.888702 0.670348
v -1.622899 0.924617 0.342922
v -1.653496 0.881999 0.000001
v -1.622607 0.924474 -0.343930
v -1.527689 0.888559 -0.671356
v -1.374583 0.882762 -0.973433
v -1.166496 0.869585 -1.235536
v -0.915351 0.871999 -1.450848
v -0.630716 0.920368 -1.612634
v -0.321965 0.920066 -1.713214
v 0.349357 0.293841 -1.863083
v 0.685938 0.288647 -1.754325
v 0.997714 0.268232 -1.581747
v 1.271404 0.262595 -1.347072
v 1.555011 0.255323 -1.060597
v 1.794325 0.271178 -0.782545
v 1.831596 0.282927 -0.499364
v 0.883628 0.232937 0.000001
v 1.831596 0.282928 0.499365
v 1.794325 0.271178 0.782546
v 1.555011 0.255323 1.060598
v 1.271404 0.262595 1.347073
v 0.997714 0.268233 1.581748
v 0.685941 0.288620 1.754329
v 0.348857 0.293752 1.863157
v -0.001733 0.293611 1.901416
v -0.352149 0.283776 1.868880
v -0.689132 0.265075 1.761671
v -0.999500 0.262597 1.583993
v -1.272677 0.262003 1.347377
v -1.496547 0.260952 1.059636
v -1.662894 0.260944 0.729419
v -1.765306 0.260944 0.372761
v -1.799564 0.260943 0.000001
v -1.764991 0.260943 -0.373858
v -1.662579 0.260943 -0.730516
v -1.496381 0.260951 -1.059850
v -1.272121 0.262002 -1.347932
v -0.999110 0.262596 -1.584332
v -0.688825 0.265089 -1.761770
v -0.351609 0.283799 -1.869001
v -0.000993 0.293622 -1.901383
v 1.477852 0.120793 1.285257
v 1.254516 1.682051 1.089831
v 1.330206 0.437752 1.134375
v 1.282991 0.852254 1.093624
v 1.373479 0.261681 1.192602
v 1.212794 0.121028 1.565998
v 1.029361 1.675220 1.329135
v 1.062910 0.449594 1.369708
v 1.030048 0.804016 1.329457
v 1.124401 0.265083 1.451363
v 0.901082 0.122146 1.786389
v 0.764832 1.677584 1.516322
v 0.787183 0.475187 1.559386
v 0.764697 0.830480 1.515746
v 0.834246 0.278461 1.653066
v 0.554814 0.123209 1.938226
v 0.470951 1.680457 1.645273
v 0.483810 0.505335 1.691954
v 0.470559 0.862595 1.644350
v 0.512983 0.291507 1.792428
v 0.179971 0.123408 2.016534
v 0.152780 1.679073 1.711775
v 0.155538 0.508958 1.763495
v 0.152074 0.848539 1.712190
v 0.165499 0.293971 1.866079
v -0.190835 0.122844 2.015698
v -0.161955 1.681573 1.711026
v -0.168590 0.521684 1.764148
v -0.162770 0.875290 1.713368
v -0.178000 0.288885 1.868005
v -0.559485 0.121577 1.937385
v -0.474856 1.686239 1.644349
v -0.492461 0.502079 1.698040
v -0.476050 0.922828 1.646765
v -0.519901 0.273998 1.797841
v -0.901271 0.120853 1.786804
v -0.764948 1.683973 1.516472
v -0.793131 0.460701 1.568922
v -0.766091 0.896260 1.517970
v -0.836410 0.263583 1.658080
v -1.218481 0.120804 1.561196
v -1.034252 1.681508 1.325073
v -1.074960 0.447727 1.373992
v -1.036606 0.869583 1.326781
v -1.130932 0.262268 1.448213
v -1.480266 0.120803 1.282166
v -1.256614 1.682220 1.088390
v -1.313960 0.437148 1.136285
v -1.261389 0.876238 1.091769
v -1.374253 0.261468 1.189978
v -1.684393 0.120793 0.958407
v -1.430022 1.683110 0.813675
v -1.500275 0.431947 0.853845
v -1.436792 0.885199 0.817697
v -1.563844 0.260944 0.890027
v -1.832354 0.120793 0.578184
v -1.555705 1.685347 0.490887
v -1.632325 0.433624 0.514574
v -1.563853 0.908502 0.493110
v -1.701443 0.260944 0.536348
v -1.900813 0.120792 0.218189
v -1.613817 1.685065 0.185288
v -1.693087 0.433413 0.195276
v -1.622016 0.905303 0.187261
v -1.764779 0.260943 0.203541
v -1.900813 0.120792 -0.218187
v -1.613817 1.685065 -0.185287
v -1.693087 0.433413 -0.195275
v -1.622016 0.905303 -0.187259
v -1.764779 0.260943 -0.203539
v -1.827837 0.120792 -0.593982
v -1.551860 1.685156 -0.504320
v -1.628089 0.433481 -0.529378
v -1.559759 0.906787 -0.507285
v -1.697029 0.260943 -0.551788
v -1.684393 0.120792 -0.958406
v -1.430022 1.683110 -0.813674
v -1.500275 0.431946 -0.853843
v -1.436792 0.885199 -0.817696
v -1.563844 0.260943 -0.890025
v -1.477883 0.120803 -1.285262
v -1.254585 1.682202 -1.091023
v -1.311628 0.437258 -1.139070
v -1.259220 0.876093 -1.094517
v -1.371917 0.261481 -1.192996
v -1.212870 0.120803 -1.566093
v -1.029482 1.681508 -1.329235
v -1.069658 0.447932 -1.378381
v -1.031558 0.869608 -1.331127
v -1.125442 0.262280 -1.452981
v -0.901271 0.120853 -1.786803
v -0.764948 1.683973 -1.516471
v -0.793131 0.460701 -1.568920
v -0.766091 0.896260 -1.517969
v -0.836410 0.263582 -1.658079
v -0.555054 0.121597 -1.938826
v -0.471090 1.686233 -1.645581
v -0.488350 0.502952 -1.699299
v -0.472092 0.922849 -1.648077
v -0.515576 0.274251 -1.799236
v -0.187483 0.122856 -2.016061
v -0.159106 1.681474 -1.711340
v -0.165508 0.521371 -1.764501
v -0.159771 0.874381 -1.713683
v -0.174729 0.288975 -1.868324
v 0.187282 0.123410 -2.015784
v 0.158993 1.679179 -1.711139
v 0.162271 0.509135 -1.762715
v 0.158604 0.849510 -1.711475
v 0.172624 0.294016 -1.865309
v 0.554814 0.123209 -1.938225
v 0.470951 1.680457 -1.645272
v 0.483810 0.505335 -1.691953
v 0.470558 0.862595 -1.644349
v 0.512978 0.291568 -1.792430
v 0.901082 0.122145 -1.786389
v 0.764832 1.677583 -1.516322
v 0.787183 0.475187 -1.559385
v 0.764696 0.830479 -1.515745
v 0.834246 0.278460 -1.653065
v 1.212794 0.121027 -1.565997
v 1.029361 1.675219 -1.329135
v 1.062910 0.449594 -1.369707
v 1.030047 0.804016 -1.329456
v 1.124400 0.265083 -1.451362
v 1.477851 0.120793 -1.285256
v 1.254516 1.682051 -1.089830
v 1.330206 0.437751 -1.134374
v 1.282990 0.852254 -1.093623
v 1.373478 0.261681 -1.192601
v 1.784076 0.125842 -0.961269
v 1.483528 1.699460 -0.837492
v 1.610178 0.430299 -0.883369
v 1.518647 0.904489 -0.861982
v 1.682979 0.260310 -0.909939
v 1.954992 0.147462 -0.654085
v 1.599224 1.714935 -0.601849
v 1.725251 0.445620 -0.633655
v 1.625391 0.906930 -0.630787
v 1.815986 0.278775 -0.646976
v 1.891773 0.145989 -0.368075
v 1.621572 1.707260 -0.153540
v 1.680562 0.444591 -0.334829
v 1.613407 0.886057 -0.278587
v 1.752618 0.277103 -0.353435
v 1.891773 0.145990 0.368075
v 1.621572 1.707261 0.153541
v 1.680562 0.444591 0.334830
v 1.613407 0.886057 0.278587
v 1.752618 0.277103 0.353436
v 1.954992 0.147462 0.654086
v 1.599224 1.714936 0.601849
v 1.725251 0.445620 0.633656
v 1.625391 0.906930 0.630788
v 1.815986 0.278775 0.646977
v 1.784077 0.125842 0.961270
v 1.483528 1.699460 0.837492
v 1.610178 0.430299 0.883370
v 1.518648 0.904490 0.861983
v 1.682979 0.260310 0.909940
v 0.282885 0.123400 -2.014987
v 0.079301 1.678040 -1.727358
v -0.000184 1.272689 -1.742035
v 0.364553 0.200018 -1.943020
v 0.648432 0.123118 -1.917698
v 0.395765 1.680958 -1.677604
v 0.715410 0.197647 -1.829955
v 0.989165 0.121704 -1.746993
v 0.697033 1.678519 -1.563554
v 1.039627 0.187561 -1.648533
v 1.291918 0.120910 -1.509120
v 0.971555 1.675466 -1.389479
v 1.323872 0.184586 -1.402882
v 1.544954 0.120793 -1.213075
v 1.208852 1.677416 -1.161947
v 1.597190 0.181696 -1.102264
v 1.856629 0.132382 -0.884758
v 1.446274 1.696882 -0.899751
v 1.862066 0.199136 -0.797596
v 1.970555 0.150500 -0.576389
v 1.586405 1.712175 -0.669543
v 1.910139 0.212050 -0.503052
v 0.996451 0.143257 -0.756517
v 1.630089 1.717098 -0.352636
v 0.952041 0.156366 0.000001
v 1.939356 0.149269 0.416953
v 0.758270 1.681719 0.359951
v 1.910139 0.212050 0.503053
v 1.942666 0.143604 0.730671
v 1.619835 1.716995 0.531111
v 1.862067 0.199137 0.797597
v 1.710066 0.121111 1.048751
v 1.529124 1.703816 0.784851
v 1.597190 0.181696 1.102265
v 1.424144 0.120793 1.369071
v 1.325398 1.688390 1.027500
v 1.323873 0.184586 1.402883
v 1.144665 0.121146 1.637051
v 1.096531 1.674973 1.280861
v 1.039627 0.187562 1.648534
v 0.821170 0.122587 1.841955
v 0.839592 1.676648 1.482860
v 0.715410 0.197648 1.829956
v 0.466231 0.123300 1.976297
v 0.550426 1.679956 1.627884
v 0.364027 0.199967 1.943088
v 0.088992 0.123420 2.035279
v 0.236413 1.680266 1.710844
v -0.001273 0.200103 1.981952
v -0.285099 0.122562 2.015188
v -0.081097 1.679236 1.727270
v -0.366291 0.193373 1.946168
v -0.651337 0.121245 1.917462
v -0.398157 1.686144 1.677223
v -0.717149 0.185449 1.833691
v -0.989307 0.120823 1.747293
v -0.697148 1.685196 1.563741
v -1.040596 0.184525 1.649328
v -1.295336 0.120809 1.506232
v -0.974518 1.681518 1.387073
v -1.324551 0.184615 1.402406
v -1.546404 0.120798 1.211218
v -1.210167 1.681855 1.160558
v -1.556785 0.184502 1.102287
v -1.737587 0.120793 0.872395
v -1.398985 1.683012 0.891748
v -1.729830 0.184498 0.758778
v -1.867142 0.120793 0.488250
v -1.538305 1.684330 0.578499
v -1.836365 0.184498 0.387768
v -1.919484 0.120792 0.110845
v -1.613870 1.686103 0.264646
v -1.872002 0.184498 0.000001
v -1.900819 0.120792 -0.311673
v -1.629669 1.683747 -0.094119
v -1.836037 0.184498 -0.388913
v -1.809148 0.120792 -0.690854
v -1.582974 1.686148 -0.422620
v -1.729502 0.184498 -0.759924
v -1.647818 0.120792 -1.050367
v -1.475216 1.683211 -0.740669
v -1.556612 0.184501 -1.102511
v -1.424168 0.120808 -1.369079
v -1.311612 1.682559 -1.029817
v -1.323971 0.184615 -1.402985
v -1.144750 0.120797 -1.637189
v -1.096654 1.681499 -1.280973
v -1.040189 0.184524 -1.649682
v -0.821388 0.120883 -1.842490
v -0.839689 1.682750 -1.482975
v -0.716828 0.185456 -1.833794
v -0.466450 0.121938 -1.976878
v -0.550553 1.686326 -1.628148
v -0.365727 0.193385 -1.946297
v -0.093570 0.123144 -2.034967
v -0.240260 1.683761 -1.710766
v -0.001433 0.396886 -1.846100
v 0.324208 0.669715 -1.730682
v 0.636922 0.650501 -1.629386
v 0.926066 0.606856 -1.467548
v 1.182345 0.598516 -1.251031
v 1.465057 0.637104 -1.001659
v 1.655793 0.652914 -0.759434
v 1.693611 0.648274 -0.491857
v 0.796000 0.591353 0.000000
v 1.693611 0.648274 0.491858
v 1.655793 0.652914 0.759435
v 1.465057 0.637104 1.001659
v 1.182345 0.598516 1.251032
v 0.926066 0.606857 1.467549
v 0.636923 0.650501 1.629387
v 0.323736 0.669671 1.730736
v -0.001806 0.644368 1.768339
v -0.327085 0.707973 1.734620
v -0.641142 0.674306 1.636478
v -0.930217 0.639388 1.472315
v -1.187745 0.632525 1.256398
v -1.403412 0.634022 0.993527
v -1.559835 0.637075 0.684274
v -1.656372 0.657903 0.349893
v -1.687992 0.633060 0.000001
v -1.656075 0.657832 -0.350926
v -1.559538 0.637003 -0.685306
v -1.403252 0.634020 -0.993723
v -1.187215 0.632533 -1.256906
v -0.929849 0.639395 -1.472627
v -0.640859 0.674331 -1.636577
v -0.326582 0.707958 -1.734737
v -0.083481 0.513231 -1.782484
v -0.410363 0.520302 -1.732025
v -0.723454 0.464476 -1.618879
v -1.008941 0.450541 -1.439903
v -1.262087 0.439986 -1.211504
v -1.468623 0.431873 -0.936138
v -1.612442 0.432790 -0.615747
v -1.694178 0.434191 -0.277808
v -1.710778 0.432424 0.098801
v -1.664165 0.434297 0.435184
v -1.548643 0.432023 0.777535
v -1.375910 0.434464 1.076690
v -1.144339 0.445204 1.328451
v -0.870913 0.456925 1.535012
v -0.573669 0.485100 1.683234
v -0.250977 0.529690 1.764367
v 0.076283 0.507017 1.782039
v 0.406582 0.509257 1.726551
v 0.717431 0.486340 1.608496
v 1.002633 0.451239 1.431551
v 1.256312 0.443078 1.204409
v 1.560840 0.426523 0.950221
v 1.721107 0.443092 0.698588
v 1.714144 0.447095 0.412235
v 0.798307 0.440524 -0.688607
v 1.737376 0.447739 -0.565034
v 1.663186 0.435271 -0.823410
v 1.418384 0.429056 -1.076565
v 1.134078 0.447950 -1.321875
v 0.865004 0.464035 -1.526227
v 0.566002 0.501413 -1.674667
v 0.246086 0.511157 -1.761870
v -0.001117 0.644364 -1.768310
v 0.320361 1.296244 -1.707332
v 0.628606 1.285123 -1.608172
v 0.912948 1.263509 -1.447730
v 1.162484 1.259199 -1.231624
v 1.410592 1.320122 -0.976683
v 1.580008 1.335106 -0.748573
v 1.637257 1.331082 -0.474780
v 0.792582 1.255778 0.000000
v 1.637257 1.331082 0.474781
v 1.580009 1.335106 0.748574
v 1.410592 1.320122 0.976684
v 1.162484 1.259199 1.231625
v 0.912948 1.263510 1.447731
v 0.628606 1.285123 1.608172
v 0.319896 1.296205 1.707381
v -0.000863 1.272686 1.742062
v -0.321575 1.323401 1.709537
v -0.629547 1.326245 1.609411
v -0.913772 1.298795 1.447945
v -1.163685 1.297938 1.231820
v -1.369081 1.306023 0.969299
v -1.521506 1.309285 0.667461
v -1.615682 1.330113 0.341301
v -1.646512 1.305270 0.000001
v -1.615392 1.330042 -0.342308
v -1.521216 1.309213 -0.668468
v -1.368928 1.306017 -0.969495
v -1.163174 1.297931 -1.232327
v -0.913414 1.298795 -1.448256
v -0.629266 1.326242 -1.609505
v -0.321079 1.323361 -1.709653
v -0.079959 0.849893 -1.730378
v -0.397102 0.923104 -1.681773
v -0.698653 0.909300 -1.566300
v -0.973869 0.869894 -1.391908
v -1.213435 0.872565 -1.165861
v -1.406412 0.884171 -0.896413
v -1.544579 0.897005 -0.589939
v -1.623292 0.916621 -0.266394
v -1.638712 0.891883 0.094742
v -1.594559 0.918101 0.417148
v -1.483199 0.886261 0.744720
v -1.319126 0.879707 1.032801
v -1.102680 0.869309 1.281482
v -0.841361 0.883220 1.485171
v -0.554164 0.922590 1.630491
v -0.242920 0.899398 1.714340
v 0.075228 0.836892 1.729685
v 0.395597 0.868105 1.677680
v 0.697167 0.841027 1.563650
v 0.972515 0.806700 1.390362
v 1.212146 0.825351 1.164414
v 1.477557 0.901127 0.921789
v 1.619251 0.910478 0.694259
v 1.633322 0.893057 0.401841
v 0.743675 0.872447 -0.577618
v 1.640768 0.902593 -0.563468
v 1.566088 0.908967 -0.808757
v 1.359128 0.874119 -1.037450
v 1.098136 0.801332 -1.282152
v 0.840065 0.819932 -1.483347
v 0.550348 0.857085 -1.627842
v 0.239885 0.861562 -1.711185
v 0.338559 0.398591 -1.807391
v 0.665190 0.388127 -1.701414
v 0.967763 0.356010 -1.533574
v 1.235571 0.349005 -1.307671
v 1.527161 0.330300 -1.038556
v 1.749378 0.345545 -0.771015
v 1.782840 0.355730 -0.491003
v 0.849835 0.308777 0.000000
v 1.782840 0.355731 0.491004
v 1.749378 0.345546 0.771016
v 1.527161 0.330300 1.038556
v 1.235571 0.349005 1.307672
v 0.967763 0.356011 1.533575
v 0.665190 0.388128 1.701415
v 0.338069 0.398535 1.807458
v -0.002153 0.396887 1.846132
v -0.341914 0.403047 1.812283
v -0.670182 0.358612 1.711010
v -0.972026 0.350220 1.538951
v -1.240402 0.344306 1.312414
v -1.463927 0.337602 1.036458
v -1.626833 0.337390 0.713599
v -1.727024 0.337390 0.364679
v -1.760539 0.337389 0.000001
v -1.726716 0.337389 -0.365756
v -1.626525 0.337389 -0.714676
v -1.463761 0.337607 -1.036664
v -1.239851 0.344319 -1.312946
v -0.971643 0.350227 -1.539277
v -0.669885 0.358648 -1.711110
v -0.341388 0.403083 -1.812402
v -0.000500 0.200108 -1.981920
v 0.261352 0.293988 -1.865272
v 0.599978 0.290371 -1.774306
v 0.916704 0.273103 -1.618301
v 1.198788 0.263750 -1.399951
v 1.465304 0.257277 -1.126612
v 1.743743 0.265774 -0.846146
v 1.828506 0.281716 -0.576022
v 0.863177 0.274657 -0.728700
v 1.796568 0.280684 0.419314
v 1.811045 0.275310 0.714969
v 1.624227 0.256345 0.982611
v 1.322153 0.262050 1.270792
v 1.061535 0.266415 1.517622
v 0.760341 0.283797 1.704738
v 0.431246 0.292686 1.828904
v 0.081603 0.294022 1.884872
v -0.265396 0.286374 1.869645
v -0.605228 0.269295 1.780741
v -0.918469 0.263063 1.622043
v -1.202790 0.262144 1.398436
v -1.436520 0.261206 1.125085
v -1.614265 0.260944 0.810479
v -1.734625 0.260944 0.453597
v -1.783252 0.260943 0.102978
v -1.765911 0.260943 -0.289553
v -1.680747 0.260943 -0.641822
v -1.530867 0.260943 -0.975819
v -1.322683 0.261749 -1.271389
v -1.062740 0.262412 -1.519668
v -0.762902 0.264102 -1.711080
v -0.433661 0.279066 -1.835341
v -0.087707 0.291523 -1.885938
v 1.544954 0.120793 1.213076
v 1.208853 1.677417 1.161948
v 1.418384 0.429056 1.076566
v 1.359128 0.874119 1.037451
v 1.465305 0.257277 1.126613
v 1.427408 0.184498 1.241389
v 1.306166 0.619616 1.112247
v 1.350430 0.342904 1.161588
v 1.261821 1.289577 1.090384
v 1.291918 0.120911 1.509121
v 0.971556 1.675466 1.389480
v 1.134078 0.447950 1.321876
v 1.098136 0.801332 1.282152
v 1.198788 0.263751 1.399952
v 1.171171 0.185908 1.512094
v 1.044550 0.601192 1.346992
v 1.091630 0.352166 1.407825
v 1.028383 1.260036 1.327679
v 0.989165 0.121705 1.746994
v 0.697033 1.678520 1.563555
v 0.865004 0.464035 1.526228
v 0.840065 0.819932 1.483347
v 0.916704 0.273104 1.618302
v 0.869640 0.192615 1.723670
v 0.774437 0.628508 1.534564
v 0.809100 0.372004 1.602962
v 0.763860 1.274220 1.514279
v 0.648432 0.123119 1.917699
v 0.395765 1.680959 1.677605
v 0.566002 0.501414 1.674668
v 0.550348 0.857085 1.627843
v 0.599982 0.290328 1.774307
v 0.535130 0.198960 1.869573
v 0.476243 0.661290 1.664929
v 0.497357 0.393889 1.738618
v 0.470222 1.291462 1.642898
v 0.278493 0.123394 2.015439
v 0.075573 1.677986 1.727738
v 0.242240 0.511057 1.762318
v 0.236155 0.860996 1.711594
v 0.257286 0.293918 1.865722
v 0.172970 0.200184 1.945659
v 0.153477 0.655640 1.734605
v 0.160135 0.397691 1.811174
v 0.152131 1.283235 1.709927
v -0.095583 0.123138 2.034749
v -0.241970 1.683811 1.710578
v -0.085242 0.513408 1.782282
v -0.081672 0.850422 1.730198
v -0.089576 0.291468 1.885756
v -0.184890 0.196814 1.946196
v -0.165404 0.676931 1.735539
v -0.173030 0.400767 1.812542
v -0.162198 1.298081 1.710121
v -0.469113 0.121929 1.976012
v -0.552812 1.686329 1.627410
v -0.412712 0.519795 1.731306
v -0.399363 0.923097 1.681023
v -0.436131 0.278924 1.834545
v -0.540950 0.189218 1.871729
v -0.483421 0.692325 1.669312
v -0.505324 0.380498 1.744722
v -0.474886 1.326148 1.643450
v -0.821387 0.120883 1.842492
v -0.839689 1.682751 1.482976
v -0.723453 0.464477 1.618880
v -0.698653 0.909301 1.566301
v -0.762901 0.264102 1.711082
v -0.870654 0.184860 1.726164
v -0.778285 0.656382 1.540669
v -0.813387 0.353788 1.610662
v -0.764434 1.312557 1.515179
v -1.148121 0.120798 1.634248
v -1.099516 1.681499 1.278475
v -1.011971 0.450423 1.437395
v -0.976752 0.869881 1.389425
v -1.065875 0.262406 1.516944
v -1.177210 0.184563 1.507695
v -1.054102 0.635253 1.348117
v -1.101133 0.347152 1.408709
v -1.034006 1.297767 1.323927
v -1.425600 0.120808 1.367220
v -1.312829 1.682568 1.028237
v -1.263420 0.439922 1.209914
v -1.214673 0.872650 1.164292
v -1.324017 0.261743 1.269665
v -1.429896 0.184559 1.238277
v -1.285984 0.633162 1.112492
v -1.342134 0.340799 1.161385
v -1.256929 1.302024 1.088219
v -1.647817 0.120793 1.050369
v -1.475216 1.683212 0.740670
v -1.468623 0.431874 0.936139
v -1.406412 0.884172 0.896414
v -1.530867 0.260944 0.975821
v -1.626817 0.184498 0.925865
v -1.466845 0.635171 0.834808
v -1.529953 0.337390 0.870737
v -1.430799 1.307381 0.814293
v -1.811862 0.120793 0.681362
v -1.585281 1.686244 0.414560
v -1.614863 0.432862 0.607287
v -1.546918 0.898005 0.581842
v -1.683268 0.260944 0.633003
v -1.769956 0.184498 0.557950
v -1.596275 0.648500 0.503276
v -1.664570 0.337390 0.524728
v -1.557057 1.320710 0.490913
v -1.900819 0.120793 0.311675
v -1.629669 1.683747 0.094120
v -1.694178 0.434191 0.277809
v -1.623292 0.916621 0.266396
v -1.765911 0.260944 0.289555
v -1.835844 0.184498 0.211728
v -1.655668 0.646689 0.191055
v -1.726534 0.337390 0.199121
v -1.614990 1.318899 0.186364
v -1.919484 0.120792 -0.110843
v -1.613870 1.686103 -0.264645
v -1.710778 0.432424 -0.098800
v -1.638712 0.891883 -0.094741
v -1.783252 0.260943 -0.102977
v -1.835844 0.184498 -0.211726
v -1.655668 0.646689 -0.191054
v -1.726534 0.337389 -0.199120
v -1.614990 1.318899 -0.186363
v -1.864428 0.120792 -0.497741
v -1.535998 1.684235 -0.586558
v -1.661744 0.434225 -0.443644
v -1.592220 0.917100 -0.425245
v -1.732103 0.260943 -0.462415
v -1.765365 0.184498 -0.574004
v -1.592113 0.647499 -0.517747
v -1.660253 0.337389 -0.539827
v -1.552997 1.319710 -0.505028
v -1.737588 0.120792 -0.872394
v -1.398985 1.683012 -0.891747
v -1.548643 0.432023 -0.777533
v -1.483200 0.886261 -0.744718
v -1.614266 0.260943 -0.810477
v -1.626817 0.184498 -0.925863
v -1.466845 0.635170 -0.834807
v -1.529953 0.337389 -0.870736
v -1.430799 1.307381 -0.814292
v -1.544972 0.120798 -1.213078
v -1.208950 1.681846 -1.162137
v -1.374576 0.434529 -1.078280
v -1.317887 0.879622 -1.034370
v -1.435186 0.261212 -1.126810
v -1.427474 0.184560 -1.241425
v -1.283732 0.633143 -1.115249
v -1.339800 0.340872 -1.164279
v -1.254786 1.301934 -1.090974
v -1.291965 0.120808 -1.509174
v -0.971656 1.681518 -1.389570
v -1.141308 0.445324 -1.330957
v -1.099797 0.869322 -1.283965
v -1.199656 0.262149 -1.401160
v -1.171508 0.184560 -1.512670
v -1.048932 0.635377 -1.352469
v -1.095744 0.347269 -1.413273
v -1.028988 1.297771 -1.328285
v -0.989307 0.120822 -1.747292
v -0.697148 1.685195 -1.563740
v -0.870914 0.456925 -1.535010
v -0.841361 0.883220 -1.485170
v -0.918470 0.263062 -1.622042
v -0.870654 0.184860 -1.726162
v -0.778285 0.656382 -1.540668
v -0.813388 0.353787 -1.610660
v -0.764435 1.312557 -1.515178
v -0.648675 0.121255 -1.918328
v -0.395897 1.686141 -1.677961
v -0.571323 0.485602 -1.683958
v -0.551903 0.922595 -1.631243
v -0.602757 0.269436 -1.781538
v -0.536449 0.189324 -1.873191
v -0.479393 0.692799 -1.670593
v -0.501113 0.381107 -1.746042
v -0.470935 1.326118 -1.644756
v -0.283085 0.122568 -2.015406
v -0.079388 1.679187 -1.727458
v -0.249217 0.529512 -1.764570
v -0.241207 0.898870 -1.714520
v -0.263527 0.286428 -1.869827
v -0.181484 0.196879 -1.946545
v -0.162369 0.676270 -1.735874
v -0.169860 0.400687 -1.812877
v -0.159205 1.297563 -1.710442
v 0.093384 0.123421 -2.034828
v 0.240141 1.680319 -1.710463
v 0.080130 0.507113 -1.781592
v 0.078958 0.837458 -1.729276
v 0.085673 0.294043 -1.884433
v 0.180393 0.200205 -1.944881
v 0.160094 0.656257 -1.733855
v 0.167049 0.397767 -1.810397
v 0.158650 1.283797 -1.709240
v 0.466231 0.123299 -1.976296
v 0.550426 1.679956 -1.627883
v 0.406582 0.509257 -1.726550
v 0.395596 0.868105 -1.677679
v 0.431240 0.292764 -1.828894
v 0.535127 0.198994 -1.869574
v 0.476242 0.661289 -1.664928
v 0.497354 0.393924 -1.738619
v 0.470222 1.291462 -1.642897
v 0.821170 0.122587 -1.841954
v 0.839592 1.676648 -1.482860
v 0.717430 0.486339 -1.608495
v 0.697167 0.841027 -1.563650
v 0.760339 0.283817 -1.704742
v 0.869640 0.192614 -1.723669
v 0.774437 0.628508 -1.534563
v 0.809100 0.372004 -1.602961
v 0.763860 1.274220 -1.514278
v 1.144664 0.121145 -1.637050
v 1.096531 1.674973 -1.280861
v 1.002632 0.451238 -1.431550
v 0.972515 0.806700 -1.390361
v 1.061534 0.266414 -1.517621
v 1.171171 0.185908 -1.512093
v 1.044550 0.601191 -1.346991
v 1.091630 0.352165 -1.407824
v 1.028383 1.260036 -1.327678
v 1.424144 0.120793 -1.369070
v 1.325398 1.688390 -1.027500
v 1.256311 0.443078 -1.204408
v 1.212146 0.825350 -1.164413
v 1.322153 0.262050 -1.270791
v 1.427408 0.184498 -1.241388
v 1.306166 0.619616 -1.112247
v 1.350430 0.342904 -1.161587
v 1.261820 1.289577 -1.090383
v 1.710066 0.121111 -1.048750
v 1.529124 1.703816 -0.784851
v 1.560840 0.426523 -0.950220
v 1.477556 0.901127 -0.921789
v 1.624227 0.256345 -0.982610
v 1.739188 0.186914 -0.936203
v 1.563796 0.644108 -0.872976
v 1.645554 0.335159 -0.894927
v 1.492263 1.326330 -0.852629
v 1.942666 0.143604 -0.730670
v 1.619835 1.716995 -0.531110
v 1.721107 0.443092 -0.698587
v 1.619251 0.910478 -0.694258
v 1.811045 0.275309 -0.714968
v 1.891406 0.207503 -0.653949
v 1.673222 0.652132 -0.633870
v 1.768071 0.352328 -0.637496
v 1.604305 1.335131 -0.621615
v 1.939356 0.149269 -0.416952
v 0.758270 1.681719 -0.359950
v 1.714144 0.447094 -0.412234
v 1.633322 0.893057 -0.401840
v 1.796568 0.280684 -0.419313
v 1.825717 0.205368 -0.362709
v 1.643796 0.640820 -0.311119
v 1.714005 0.351954 -0.345293
v 1.614603 1.320136 -0.215100
v 0.996451 0.143257 0.756518
v 1.630089 1.717098 0.352636
v 0.798307 0.440525 0.688608
v 0.743675 0.872447 0.577619
v 0.863177 0.274657 0.728701
v 1.825717 0.205369 0.362710
v 1.643796 0.640820 0.311120
v 1.714005 0.351954 0.345294
v 1.614603 1.320136 0.215100
v 1.970555 0.150500 0.576390
v 1.586405 1.712175 0.669544
v 1.737376 0.447739 0.565035
v 1.640768 0.902593 0.563469
v 1.828506 0.281716 0.576022
v 1.891406 0.207503 0.653950
v 1.673222 0.652132 0.633871
v 1.768071 0.352328 0.637497
v 1.604305 1.335131 0.621616
v 1.856629 0.132382 0.884758
v 1.446274 1.696883 0.899751
v 1.663186 0.435271 0.823411
v 1.566088 0.908967 0.808757
v 1.743743 0.265774 0.846147
v 1.739188 0.186914 0.936204
v 1.563796 0.644109 0.872977
v 1.645554 0.335159 0.894928
v 1.492263 1.326330 0.852629
v 1.539227 1.330853 0.800960
v 1.702273 0.340416 0.833108
v 1.613742 0.648835 0.816616
v 1.806388 0.192952 0.866567
v 1.623241 1.333719 0.552692
v 1.779805 0.354804 0.567021
v 1.686630 0.650800 0.566190
v 1.906110 0.210820 0.580608
v 0.750187 1.299925 0.462777
v 0.827934 0.349031 0.711042
v 0.768083 0.632365 0.639587
v 0.931358 0.202153 0.744025
v 1.627125 1.328574 -0.380673
v 1.751389 0.354254 -0.412881
v 1.670624 0.645401 -0.409572
v 1.873980 0.209699 -0.423931
v 1.594710 1.335694 -0.687298
v 1.764094 0.349287 -0.704723
v 1.668592 0.652744 -0.697589
v 1.883260 0.203717 -0.725153
v 1.453189 1.323106 -0.912616
v 1.591697 0.331298 -0.964622
v 1.518884 0.640514 -0.935842
v 1.672475 0.182850 -1.016556
v 1.209060 1.272570 -1.161938
v 1.287081 0.346238 -1.235436
v 1.232251 0.609188 -1.182371
v 1.376337 0.184498 -1.323112
v 0.971099 1.261514 -1.388657
v 1.030123 0.353654 -1.471696
v 0.985711 0.603453 -1.408210
v 1.105897 0.186613 -1.581411
v 0.696482 1.279835 -1.562240
v 0.737388 0.380434 -1.653213
v 0.705922 0.639904 -1.582979
v 0.792799 0.195262 -1.777943
v 0.395351 1.294468 -1.676152
v 0.418026 0.396453 -1.774088
v 0.400289 0.666284 -1.698828
v 0.449912 0.199536 -1.907492
v 0.079104 1.276958 -1.726689
v 0.082663 0.397159 -1.829388
v 0.079352 0.648746 -1.752205
v 0.089795 0.200269 -1.964566
v -0.240475 1.311285 -1.711084
v -0.255942 0.402756 -1.813664
v -0.244784 0.693786 -1.736284
v -0.273978 0.195152 -1.947597
v -0.550602 1.326673 -1.628031
v -0.586055 0.369249 -1.729632
v -0.560654 0.683547 -1.654567
v -0.627216 0.187273 -1.854552
v -0.839576 1.305221 -1.482494
v -0.893159 0.351985 -1.575731
v -0.854676 0.647425 -1.507372
v -0.956169 0.184679 -1.688810
v -1.096864 1.297714 -1.280943
v -1.168589 0.345812 -1.363789
v -1.118814 0.633831 -1.305332
v -1.248648 0.184592 -1.458559
v -1.312827 1.304072 -1.030610
v -1.402885 0.339131 -1.100955
v -1.344571 0.633572 -1.054974
v -1.493127 0.184529 -1.172372
v -1.476970 1.307988 -0.741571
v -1.579274 0.337389 -0.792909
v -1.514179 0.635778 -0.760252
v -1.679260 0.184498 -0.843109
v -1.585214 1.325611 -0.423300
v -1.694557 0.337389 -0.452392
v -1.625139 0.653400 -0.433958
v -1.801842 0.184498 -0.481033
v -1.631724 1.311201 -0.094290
v -1.744597 0.337389 -0.100745
v -1.672828 0.638991 -0.096663
v -1.855049 0.184498 -0.107122
v -1.616151 1.325337 0.265128
v -1.727632 0.337390 0.283278
v -1.656856 0.653127 0.271802
v -1.837011 0.184498 0.301213
v -1.540285 1.314699 0.579299
v -1.646780 0.337390 0.619282
v -1.579085 0.642489 0.593890
v -1.751040 0.184498 0.658490
v -1.400573 1.306794 0.892724
v -1.497682 0.337390 0.954668
v -1.435859 0.634584 0.915217
v -1.592502 0.184498 1.015109
v -1.210795 1.299847 1.160915
v -1.291743 0.342572 1.237851
v -1.237301 0.632725 1.185349
v -1.377797 0.184591 1.321370
v -0.974495 1.297826 1.386717
v -1.037175 0.348660 1.474597
v -0.992722 0.636853 1.410946
v -1.109598 0.184531 1.579404
v -0.697101 1.319893 1.563353
v -0.741926 0.355590 1.662058
v -0.709845 0.665339 1.589717
v -0.794033 0.185042 1.781164
v -0.398331 1.325580 1.677551
v -0.423692 0.392618 1.779549
v -0.405327 0.701781 1.702967
v -0.453730 0.191314 1.910147
v -0.081263 1.284137 1.727106
v -0.087316 0.398665 1.830435
v -0.083338 0.659131 1.753022
v -0.092781 0.198569 1.965198
v 0.236106 1.290315 1.709659
v 0.249207 0.398306 1.810366
v 0.238703 0.663415 1.733662
v 0.268608 0.200104 1.945533
v 0.549914 1.288455 1.626441
v 0.581783 0.391370 1.720927
v 0.557079 0.656296 1.648051
v 0.625830 0.198428 1.850772
v 0.839063 1.268606 1.481798
v 0.889099 0.363574 1.569099
v 0.850885 0.617111 1.501836
v 0.955389 0.189967 1.687019
v 1.096199 1.258559 1.280273
v 1.164315 0.350677 1.358346
v 1.114085 0.598930 1.299543
v 1.248437 0.185203 1.458235
v 1.345071 1.308035 1.031431
v 1.441301 0.334403 1.099646
v 1.388396 0.626952 1.055513
v 1.502331 0.183451 1.172355
v -0.090835 0.198606 -1.965397
v -0.451158 0.191375 -1.910982
v -0.794033 0.185041 -1.781163
v -1.106340 0.184529 -1.582246
v -1.376413 0.184592 -1.323168
v -1.592503 0.184498 -1.015108
v -1.748417 0.184498 -0.667663
v -1.837011 0.184498 -0.301211
v -1.855049 0.184498 0.107124
v -1.804465 0.184498 0.471860
v -1.679259 0.184498 0.843110
v -1.494510 0.184528 1.170574
v -1.251907 0.184594 1.455717
v -0.956169 0.184679 1.688812
v -0.629788 0.187213 1.853717
v -0.275924 0.195115 1.947398
v 0.085553 0.200259 1.965011
v 0.449916 0.199491 1.907499
v 0.792799 0.195263 1.777944
v 1.105897 0.186614 1.581412
v 1.376337 0.184498 1.323113
v 1.672475 0.182850 1.016557
v 1.883260 0.203718 0.725154
v 1.873980 0.209699 0.423932
v 0.931357 0.202153 -0.744024
v 1.906110 0.210820 -0.580607
v 1.806387 0.192952 -0.866566
v 1.502330 0.183451 -1.172354
v 1.248437 0.185203 -1.458234
v 0.955389 0.189966 -1.687019
v 0.625828 0.198452 -1.850771
v 0.272847 0.200141 -1.945082
v 0.242484 0.663767 -1.733233
v 0.557079 0.656295 -1.648050
v 0.850885 0.617111 -1.501836
v 1.114085 0.598930 -1.299543
v 1.388396 0.626952 -1.055512
v 1.613742 0.648835 -0.816615
v 1.686630 0.650800 -0.566189
v 0.768083 0.632365 -0.639586
v 1.670624 0.645402 0.409573
v 1.668593 0.652744 0.697590
v 1.518884 0.640514 0.935843
v 1.232251 0.609188 1.182371
v 0.985711 0.603453 1.408210
v 0.705922 0.639905 1.582980
v 0.400289 0.666284 1.698829
v 0.075571 0.648394 1.752634
v -0.246517 0.694166 1.736092
v -0.562953 0.683280 1.653831
v -0.854676 0.647426 1.507374
v -1.121768 0.633761 1.302845
v -1.345858 0.633583 1.053399
v -1.514178 0.635778 0.760254
v -1.627517 0.653972 0.425690
v -1.672828 0.638991 0.096665
v -1.656856 0.653127 -0.271801
v -1.576707 0.641917 -0.602158
v -1.435859 0.634584 -0.915215
v -1.236014 0.632715 -1.186924
v -0.989769 0.636923 -1.413433
v -0.709845 0.665338 -1.589715
v -0.403026 0.702051 -1.703699
v -0.081604 0.658753 -1.753213
v 0.253155 0.398375 -1.809916
v 0.581781 0.391394 -1.720926
v 0.889099 0.363574 -1.569098
v 1.164315 0.350676 -1.358345
v 1.441301 0.334403 -1.099645
v 1.702273 0.340416 -0.833107
v 1.779805 0.354804 -0.567020
v 0.827934 0.349030 -0.711041
v 1.751389 0.354254 0.412882
v 1.764094 0.349287 0.704724
v 1.591697 0.331299 0.964623
v 1.287081 0.346238 1.235437
v 1.030124 0.353654 1.471697
v 0.737388 0.380435 1.653214
v 0.418030 0.396409 1.774094
v 0.078712 0.397118 1.829832
v -0.257753 0.402802 1.813472
v -0.588459 0.368905 1.728875
v -0.893158 0.351986 1.575732
v -1.171669 0.345745 1.361181
v -1.404219 0.339089 1.099302
v -1.579273 0.337390 0.792910
v -1.697024 0.337390 0.443764
v -1.744597 0.337389 0.100746
v -1.727632 0.337389 -0.283277
v -1.644314 0.337389 -0.627909
v -1.497683 0.337389 -0.954667
v -1.290409 0.342613 -1.239504
v -1.034096 0.348726 -1.477206
v -0.741926 0.355589 -1.662057
v -0.421286 0.392966 -1.780303
v -0.085505 0.398619 -1.830626
v -0.079553 1.283841 -1.727289
v -0.396074 1.325562 -1.678297
v -0.697102 1.319892 -1.563352
v -0.971627 1.297828 -1.389207
v -1.209571 1.299795 -1.162490
v -1.400573 1.306794 -0.892723
v -1.537966 1.314128 -0.587364
v -1.616151 1.325337 -0.265127
v -1.631724 1.311201 0.094291
v -1.587534 1.326182 0.415235
v -1.476969 1.307988 0.741572
v -1.314051 1.304124 1.029036
v -1.099732 1.297711 1.278453
v -0.839575 1.305221 1.482494
v -0.552859 1.326691 1.627285
v -0.242185 1.311581 1.710901
v 0.075379 1.276637 1.727082
v 0.395352 1.294469 1.676152
v 0.696483 1.279835 1.562240
v 0.971099 1.261515 1.388657
v 1.209060 1.272570 1.161939
v 1.453190 1.323106 0.912617
v 1.594710 1.335694 0.687298
v 1.627125 1.328575 0.380674
v 0.750187 1.299925 -0.462776
v 1.623241 1.333719 -0.552691
v 1.539227 1.330853 -0.800959
v 1.345071 1.308035 -1.031430
v 1.096199 1.258559 -1.280272
v 0.839063 1.268606 -1.481798
v 0.549914 1.288455 -1.626440
v 0.239831 1.290636 -1.709266
v 0.000000 1.741337 -1.831124
v 0.000000 1.737456 -1.748397
v 0.344300 1.749235 -1.731226
v 0.700741 1.741337 -1.691738
v 0.980580 1.749235 -1.467670
v 0.341095 1.737456 -1.714802
v 1.294801 1.741337 -1.294800
v 1.467567 1.749236 -0.980683
v 0.669083 1.737456 -1.615308
v 1.691738 1.741337 -0.700741
v 0.971357 1.737456 -1.453739
v 1.731123 1.749236 -0.344403
v 1.831125 1.741338 0.000000
v 1.236303 1.737456 -1.236303
v 1.731123 1.749236 0.344301
v 1.691739 1.741338 0.700741
v 1.467567 1.749236 0.980581
v 1.453739 1.737456 -0.971357
v 1.294801 1.741338 1.294801
v 1.615308 1.737456 -0.669082
v 0.980580 1.749236 1.467568
v 0.700741 1.741338 1.691739
v 0.344300 1.749236 1.731124
v 1.714802 1.737456 -0.341095
v 0.000000 1.741338 1.831125
v 1.748397 1.737456 0.000000
v -0.344404 1.749236 1.731124
v -0.700741 1.741338 1.691739
v 1.714802 1.737456 0.341096
v -0.980684 1.749236 1.467569
v -1.294800 1.741337 1.294801
v 1.615308 1.737456 0.669083
v -1.467671 1.749236 0.980581
v -1.691738 1.741337 0.700742
v 1.453739 1.737456 0.971358
v -1.731227 1.749236 0.344301
v -1.831124 1.741337 0.000001
v -1.731227 1.749235 -0.344403
v 1.236304 1.737456 1.236304
v -1.691738 1.741337 -0.700741
v 0.971358 1.737456 1.453739
v -1.467671 1.749235 -0.980682
v -1.294800 1.741337 -1.294800
v -0.980684 1.749235 -1.467670
v 0.669083 1.737456 1.615309
v -0.700741 1.741337 -1.691738
v -0.344404 1.749235 -1.731226
v 0.341096 1.737456 1.714802
v 0.000000 3.664312 0.000000
v 0.000000 1.737456 1.748397
v -0.116104 3.053755 -0.280553
v 0.225773 2.994739 0.226862
v -0.310818 3.017591 -0.065439
v -0.341095 1.737456 1.714802
v 0.319005 2.973224 -0.067266
v -0.669082 1.737456 1.615309
v -0.214707 3.052208 0.209614
v 0.113455 3.045295 -0.283525
v 0.057617 3.026532 0.305902
v -0.971357 1.737456 1.453739
v -0.213463 3.054034 -0.215826
v 0.287311 3.015889 0.117765
v -1.236303 1.737456 1.236304
v -0.299262 3.047602 0.053795
v -1.453738 1.737456 0.971358
v 0.257764 3.019540 -0.175582
v -0.123207 3.027120 0.285069
v -0.060449 3.053880 -0.297285
v -1.615308 1.737456 0.669083
v 0.175222 3.002589 0.265204
v -0.287309 3.032215 -0.121801
v -1.714802 1.737456 0.341096
v 0.320421 2.985258 -0.003786
v 0.212663 2.163813 -1.074568
v -1.748397 1.737456 0.000000
v -0.252329 3.051098 0.164340
v -1.714802 1.737456 -0.341095
v 0.165519 3.050833 -0.253084
v -0.002625 3.049597 -0.304689
v -1.615308 1.737456 -0.669082
v -0.004003 3.027965 0.310586
v -0.168874 3.049417 -0.254598
v -1.453739 1.737456 -0.971357
v 0.261588 3.008808 0.174682
v -0.317801 3.015739 -0.004794
v -1.236303 1.737456 -1.236303
v 0.298098 2.983830 -0.126833
v -0.172925 3.039245 0.251254
v 0.056226 3.044649 -0.301082
v -0.971357 1.737456 -1.453738
v 0.117294 3.020297 0.289773
v -0.252833 3.049138 -0.171300
v -0.669083 1.737456 -1.615308
v 0.306161 3.008092 0.058360
v -0.281080 3.049730 0.111294
v -0.341095 1.737456 -1.714802
v 0.212985 3.044114 -0.216497
v -0.064840 3.029285 0.303081
v 0.433719 2.171415 -1.050097
v 0.609969 2.163589 -0.911683
v 0.800155 2.175198 -0.801909
v 0.904861 2.170963 -0.606103
v 1.040051 2.183393 -0.432039
v 1.060151 2.180989 -0.211947
v 1.059560 2.181794 0.210050
v 1.035616 2.189799 0.428463
v 0.898726 2.180812 0.600225
v 0.793441 2.187870 0.793456
v 0.601307 2.178175 0.900384
v 0.429999 2.184391 1.039375
v 0.211142 2.174219 1.065143
v -0.000885 2.179773 1.128543
v -0.213306 2.171796 1.066923
v -0.433168 2.179507 1.042756
v -0.605982 2.171292 0.904672
v -0.800043 2.178748 0.798289
v -0.907048 2.170359 0.604576
v -1.045825 2.177607 0.431959
v -1.070673 2.169134 0.211901
v -1.132934 2.176254 -0.000869
v -1.071653 2.167801 -0.213874
v -1.047703 2.174894 -0.434476
v -0.909413 2.166563 -0.607935
v -0.802699 2.173735 -0.802684
v -0.608347 2.165610 -0.909991
v -0.435047 2.172957 -1.049029
v -0.214286 2.165093 -1.073628
v -0.000885 2.172683 -1.135594
v 1.120953 2.189883 -0.000870
v 0.537480 2.424215 -0.551523
v 0.428777 2.419373 -0.643847
v -0.001410 2.420038 -0.796313
v 0.302865 2.422545 -0.732359
v 0.152794 2.419992 -0.775339
v 0.636299 2.427453 -0.426149
v 0.710804 2.432753 -0.298879
v 0.750010 2.435736 -0.150723
v 0.752754 2.437472 0.148365
v 0.719506 2.438875 0.297537
v 0.645167 2.437687 0.431633
v 0.554062 2.439508 0.555557
v 0.431019 2.437977 0.648825
v 0.298414 2.438336 0.726298
v 0.150806 2.434298 0.764333
v -0.002762 2.431976 0.784229
v -0.153500 2.428192 0.758485
v -0.297105 2.430069 0.712826
v -0.429094 2.427124 0.635924
v -0.546425 2.427657 0.541113
v -0.640128 2.426161 0.427955
v -0.725295 2.426345 0.299239
v -0.769468 2.424608 0.151244
v -0.793030 2.426017 -0.001642
v -0.773243 2.424015 -0.154985
v -0.733843 2.422987 -0.304900
v -0.655753 2.420805 -0.438814
v -0.561887 2.421206 -0.562153
v -0.438423 2.419770 -0.655972
v -0.304876 2.420415 -0.734344
v -0.154970 2.418907 -0.774361
v 0.771343 2.438319 -0.001251
v 0.275902 1.956166 -1.389391
v 0.561892 1.956004 -1.357714
v 0.786143 1.956836 -1.177510
v 1.037441 1.958074 -1.038133
v 1.174719 1.960078 -0.785564
v 1.352486 1.962557 -0.560706
v 1.381715 1.965563 -0.275299
v 1.381391 1.966003 0.274471
v 1.350059 1.966063 0.559014
v 1.171362 1.965466 0.782557
v 1.033768 1.965007 1.033774
v 0.783151 1.964024 1.172268
v 0.559857 1.963104 1.352114
v 0.275070 1.961859 1.384444
v -0.000349 1.960577 1.465439
v -0.276041 1.960534 1.385418
v -0.561321 1.960432 1.353963
v -0.785496 1.960258 1.174614
v -1.037110 1.960016 1.036418
v -1.175703 1.959748 0.784938
v -1.355375 1.959392 0.560927
v -1.387258 1.959077 0.275484
v -1.467573 1.958652 -0.000343
v -1.387794 1.958348 -0.276354
v -1.356402 1.957908 -0.562039
v -1.176997 1.957670 -0.786566
v -1.038564 1.957273 -1.038557
v -0.786790 1.957149 -1.177314
v -0.562349 1.956848 -1.357130
v -0.276578 1.956866 -1.388876
v 1.461288 1.966108 -0.000343
v -0.000349 1.956698 -1.469031
v -0.002408 2.702422 -0.534545
v 0.368181 2.699524 -0.374921
v 0.290608 2.703128 -0.440396
v 0.201611 2.707443 -0.493483
v 0.101587 2.707079 -0.524520
v 0.432415 2.687052 -0.292962
v 0.475258 2.673745 -0.197575
v 0.498065 2.676418 -0.102582
v 0.500290 2.681597 0.097023
v 0.482554 2.681498 0.198761
v 0.441458 2.683087 0.294811
v 0.376381 2.689180 0.377467
v 0.294252 2.695233 0.443710
v 0.201466 2.699693 0.492279
v 0.102367 2.697374 0.522536
v -0.003425 2.690006 0.532051
v -0.106649 2.683105 0.519403
v -0.204912 2.682592 0.486307
v -0.293594 2.685095 0.432651
v -0.371644 2.680322 0.365922
v -0.436562 2.671529 0.287022
v -0.486150 2.677926 0.197379
v -0.517894 2.687228 0.099375
v -0.533062 2.690825 -0.003106
v -0.523600 2.692600 -0.106415
v -0.493606 2.694677 -0.206022
v -0.442886 2.698582 -0.296895
v -0.377302 2.700696 -0.377710
v -0.296611 2.699869 -0.443309
v -0.205323 2.699928 -0.492894
v -0.105753 2.699656 -0.522361
v 0.507162 2.679315 -0.006714
v 0.000000 1.378965 -1.831124
v 0.344300 1.661195 -1.731226
v 0.700741 1.378965 -1.691738
v 0.980580 1.657766 -1.467670
v 1.294801 1.378966 -1.294800
v 1.467567 1.652743 -0.980683
v 1.691738 1.378966 -0.700741
v 1.731123 1.649991 -0.344403
v 1.831125 1.378966 0.000000
v 1.731123 1.637202 0.344301
v 1.691739 1.378966 0.700741
v 1.467567 1.644996 0.980581
v 1.294801 1.378966 1.294801
v 0.980580 1.628792 1.467568
v 0.700741 1.378966 1.691739
v 0.344300 1.628076 1.731124
v 0.000000 1.378966 1.831125
v -0.344404 1.611966 1.731124
v -0.700741 1.378966 1.691739
v -0.980684 1.584700 1.467569
v -1.294800 1.378966 1.294801
v -1.467671 1.582960 0.980581
v -1.691738 1.378966 0.700742
v -1.731227 1.695333 0.344302
v -1.831124 1.378965 0.000001
v -1.731227 1.665168 -0.344403
v -1.691738 1.378965 -0.700741
v -1.467671 1.633702 -0.980682
v -1.294800 1.378965 -1.294800
v -0.980684 1.633910 -1.467670
v -0.700741 1.378965 -1.691738
v -0.344404 1.640439 -1.731226
v 0.172150 1.745286 -1.781175
v -0.001313 3.356955 -0.152345
v 0.310101 1.852701 -1.560308
v 0.522520 1.745286 -1.711482
v 0.631317 1.848671 -1.524726
v 0.840660 1.745286 -1.579704
v 0.883361 1.853035 -1.322590
v 1.137690 1.745286 -1.381235
v 1.166121 1.849705 -1.166467
v 1.381184 1.745286 -1.137742
v 1.321143 1.854657 -0.883123
v 1.579653 1.745286 -0.840712
v 1.522112 1.851947 -0.630723
v 1.711431 1.745286 -0.522572
v 1.556419 1.857399 -0.309851
v 1.781124 1.745287 -0.172201
v 0.668817 2.299706 -0.676716
v 1.781124 1.745287 0.172151
v 1.556257 1.857620 0.309386
v 1.711431 1.745287 0.522521
v 1.520899 1.853700 0.629878
v 1.579653 1.745287 0.840661
v 1.319465 1.857351 0.881569
v 1.381184 1.745287 1.137691
v 1.164284 1.853172 1.164288
v 1.137690 1.745287 1.381185
v 0.881865 1.856630 1.319918
v 0.840661 1.745287 1.579654
v 0.630299 1.852221 1.521926
v 0.522521 1.745287 1.711431
v 0.309685 1.855547 1.557784
v 0.172150 1.745287 1.781125
v -0.000174 1.850957 1.648282
v -0.172202 1.745287 1.781125
v -0.310223 1.854885 1.558271
v -0.522572 1.745287 1.711431
v -0.631031 1.850885 1.522851
v -0.840712 1.745287 1.579654
v -0.883090 1.854747 1.321091
v -1.137742 1.745287 1.381185
v -1.165955 1.850677 1.165610
v -1.381236 1.745286 1.137691
v -1.321687 1.854492 0.882760
v -1.579705 1.745286 0.840661
v -1.523557 1.850365 0.630834
v -1.711482 1.745286 0.522522
v -1.559243 1.854156 0.309893
v -1.781175 1.745286 0.172151
v -1.649349 1.849995 -0.000171
v -1.781175 1.745286 -0.172201
v -1.559510 1.853792 -0.310378
v -1.711482 1.745286 -0.522572
v -1.524070 1.849622 -0.631390
v -1.579705 1.745286 -0.840712
v -1.322334 1.853453 -0.883624
v -1.381236 1.745286 -1.137741
v -1.166682 1.849305 -1.166679
v -1.137742 1.745286 -1.381235
v -0.883737 1.853192 -1.322492
v -0.840712 1.745286 -1.579704
v -0.631545 1.849092 -1.524434
v -0.522573 1.745286 -1.711482
v -0.310491 1.853051 -1.560051
v -0.172202 1.745286 -1.781175
v -0.058052 3.359034 -0.140276
v 0.112887 3.329525 0.113431
v -0.155409 3.340952 -0.032719
v 0.159503 3.318768 -0.033633
v -0.107354 3.358260 0.104807
v 0.056727 3.354804 -0.141763
v 0.028808 3.345422 0.152951
v -0.106731 3.359173 -0.107913
v 0.143656 3.340101 0.058883
v -0.149631 3.355957 0.026898
v 0.128882 3.341926 -0.087791
v -0.061603 3.345716 0.142534
v -0.030225 3.359096 -0.148643
v 0.087611 3.333451 0.132602
v -0.143655 3.348264 -0.060900
v 0.160211 3.324785 -0.001893
v 0.517776 2.292205 -0.777098
v -0.126164 3.357705 0.082170
v 0.082759 3.357573 -0.126542
v -0.002517 2.876009 -0.419617
v -0.002002 3.346139 0.155293
v -0.084437 3.356865 -0.127299
v 0.130794 3.336560 0.087341
v -0.158901 3.340026 -0.002397
v 0.149049 3.324071 -0.063416
v -0.086463 3.351779 0.125627
v 0.028113 3.354481 -0.150541
v 0.058647 3.342305 0.144887
v -0.126417 3.356725 -0.085650
v 0.153080 3.336202 0.029180
v -0.140540 3.357021 0.055647
v 0.106493 3.354213 -0.108248
v -0.032420 3.346799 0.151540
v 0.277931 3.001685 -0.151208
v 0.243681 3.001773 0.200772
v -0.094023 3.028203 0.294075
v -0.308532 3.031671 0.024501
v -0.142489 3.051586 -0.267576
v 0.235375 3.031827 -0.196040
v 0.274450 3.012348 0.146224
v -0.034422 3.028625 0.306833
v -0.290171 3.048666 0.082544
v -0.191169 3.051726 -0.235212
v 0.189252 3.047474 -0.234790
v 0.296736 3.011991 0.088063
v 0.026807 3.027248 0.308244
v -0.266705 3.050414 0.137817
v -0.233148 3.051586 -0.193563
v 0.139487 3.048064 -0.268305
v 0.368292 2.296980 -0.891228
v 0.087455 3.023414 0.297838
v -0.233518 3.051653 0.186977
v -0.270071 3.040677 -0.146550
v -0.031537 3.051739 -0.300987
v 0.084840 3.044972 -0.292304
v 0.182729 2.291903 -0.924954
v 0.319713 2.979241 -0.035526
v 0.146258 3.011443 0.277488
v -0.193816 3.045726 0.230434
v -0.299064 3.024903 -0.093620
v -0.088277 3.053817 -0.288919
v 0.026801 3.047123 -0.302886
v 0.308551 2.978527 -0.097049
v 0.200498 2.998664 0.246033
v -0.148066 3.033182 0.268162
v -0.314310 3.016665 -0.035116
v 1.646206 1.853723 -0.000171
v 0.313291 2.996675 0.027287
v 0.770580 2.299208 -0.516126
v 0.875427 2.308073 -0.365459
v 0.905081 2.308362 -0.181335
v 0.906157 2.309633 0.179208
v 0.877561 2.314337 0.363000
v 0.771946 2.309250 0.515929
v 0.673752 2.313689 0.674507
v 0.516163 2.308076 0.774605
v 0.364206 2.311363 0.882837
v 0.180974 2.304258 0.914738
v -0.001823 2.305875 0.956386
v -0.183403 2.299994 0.912704
v -0.365137 2.304788 0.877791
v -0.517538 2.299208 0.770298
v -0.673234 2.303202 0.669701
v -0.773588 2.298260 0.516265
v -0.885560 2.301976 0.365599
v -0.920071 2.296871 0.181572
v -0.962982 2.301136 -0.001256
v -0.922448 2.295908 -0.184430
v -0.890773 2.298940 -0.369688
v -0.782583 2.293684 -0.523375
v -0.682293 2.297470 -0.682418
v -0.523385 2.292690 -0.782981
v -0.369961 2.296686 -0.891687
v -0.184628 2.292000 -0.923995
v -0.000617 2.064691 -1.302313
v 0.946148 2.314101 -0.001060
v -0.107585 2.168888 -1.104611
v -0.324666 2.169025 -1.061329
v -0.521697 2.169283 -0.979510
v -0.705523 2.169672 -0.856337
v -0.856056 2.170148 -0.705310
v -0.978558 2.170728 -0.521205
v -1.059678 2.171348 -0.324175
v -1.102293 2.172028 -0.107372
v -1.101804 2.172694 0.105516
v -1.058249 2.173371 0.321930
v -0.976436 2.173983 0.518268
v -0.853545 2.174554 0.701433
v -0.703012 2.175020 0.851481
v -0.519575 2.175400 0.973714
v -0.323237 2.175652 1.054840
v -0.107095 2.175785 1.097733
v 0.105129 2.176996 1.096843
v 0.320571 2.179305 1.052259
v 0.515653 2.181283 0.969880
v 0.697374 2.183022 0.846920
v 0.846083 2.184341 0.696840
v 0.967171 2.185306 0.514344
v 1.047588 2.185797 0.319257
v 1.090257 2.185838 0.104590
v 1.090552 2.185436 -0.106408
v 1.050101 2.182191 -0.321993
v 0.972456 2.177178 -0.519071
v 0.852508 2.173080 -0.704006
v 0.703465 2.170117 -0.856129
v 0.323191 2.167614 -1.062332
v 0.105889 2.168248 -1.105081
v 0.452831 2.561870 -0.463222
v 0.359692 2.561250 -0.542122
v -0.001147 2.296361 -0.965954
v 0.252238 2.564994 -0.612921
v 0.127191 2.563535 -0.649930
v 0.534357 2.557253 -0.359555
v 0.593031 2.553249 -0.248227
v 0.624038 2.556077 -0.126653
v 0.626522 2.559535 0.122694
v 0.601030 2.560186 0.248149
v 0.543312 2.560388 0.363222
v 0.465222 2.564344 0.466512
v 0.362636 2.566605 0.546268
v 0.249940 2.569015 0.609289
v 0.126586 2.565836 0.643434
v -0.003094 2.560991 0.658140
v -0.130075 2.555648 0.638944
v -0.251009 2.556330 0.599567
v -0.361344 2.556109 0.534288
v -0.459035 2.553989 0.453518
v -0.538345 2.548845 0.357488
v -0.605722 2.552136 0.248309
v -0.643681 2.555918 0.125309
v -0.663046 2.558421 -0.002374
v -0.648422 2.558308 -0.130700
v -0.613724 2.558832 -0.255461
v -0.549319 2.559694 -0.367855
v -0.469594 2.560951 -0.469931
v -0.367517 2.559820 -0.549640
v -0.255100 2.560172 -0.613619
v -0.130362 2.559281 -0.648361
v 0.639253 2.558816 -0.003983
v -0.078190 2.419473 -0.785337
v -0.229923 2.419661 -0.754353
v -0.371649 2.420093 -0.695158
v -0.500155 2.420488 -0.609062
v -0.608820 2.421005 -0.500484
v -0.694798 2.421896 -0.371857
v -0.753543 2.423501 -0.229943
v -0.783137 2.425016 -0.078314
v -0.781249 2.425313 0.074801
v -0.747381 2.425476 0.225241
v -0.682712 2.426253 0.363597
v -0.593277 2.426909 0.484534
v -0.487759 2.427390 0.588519
v -0.363099 2.428596 0.674375
v -0.225303 2.429131 0.735656
v -0.078131 2.430084 0.771357
v 0.074022 2.433137 0.774281
v 0.224610 2.436317 0.745315
v 0.364717 2.438157 0.687562
v 0.492541 2.438743 0.602191
v 0.599614 2.438598 0.493595
v 0.682336 2.438281 0.364585
v 0.736130 2.438173 0.222951
v 0.762049 2.437895 0.073557
v 0.760677 2.437027 -0.075987
v 0.730407 2.434245 -0.224801
v 0.673551 2.430103 -0.362514
v 0.586890 2.425834 -0.488836
v 0.483128 2.421794 -0.597685
v 0.365821 2.420959 -0.688103
v 0.227830 2.421268 -0.753849
v 0.075692 2.420015 -0.785826
v 0.244283 2.059989 -1.231980
v 0.497806 2.063710 -1.203905
v 0.918798 2.066636 -0.920021
v 1.039790 2.065521 -0.695834
v 1.196268 2.072975 -0.496373
v 1.220933 2.073277 -0.243623
v 1.220476 2.073898 0.242261
v 1.192837 2.077931 0.493739
v 1.035044 2.073139 0.691391
v 0.913605 2.076438 0.913615
v 0.692229 2.071099 1.036326
v 0.494928 2.073747 1.195744
v 0.243106 2.068039 1.224793
v -0.000617 2.070175 1.296991
v -0.244674 2.066164 1.226171
v -0.497245 2.069969 1.198359
v -0.695739 2.065775 1.039643
v -0.918576 2.069382 0.917354
v -1.041375 2.065053 0.694757
v -1.200600 2.068500 0.496443
v -1.228966 2.064106 0.243692
v -1.300253 2.067453 -0.000606
v -1.229724 2.063075 -0.245114
v -1.202053 2.066401 -0.498257
v -1.043205 2.062116 -0.697250
v -0.920631 2.065504 -0.920621
v -0.697569 2.061379 -1.043653
v -0.498698 2.064902 -1.203080
v -0.245432 2.060980 -1.231252
v 1.291121 2.077995 -0.000606
v -0.000175 1.849018 -1.650077
v 0.137777 1.956432 -1.429211
v 0.418897 1.956085 -1.373552
v 0.674018 1.956420 -1.267612
v 0.911792 1.957455 -1.107822
v 1.106080 1.959076 -0.911849
v 1.263602 1.961318 -0.673135
v 1.367100 1.964060 -0.418003
v 1.421501 1.965836 -0.137821
v 1.421340 1.966056 0.137064
v 1.365725 1.966033 0.416743
v 1.260711 1.965765 0.670786
v 1.102565 1.965237 0.908166
v 0.908460 1.964515 1.103021
v 0.671504 1.963564 1.262191
v 0.417464 1.962481 1.368279
v 0.137361 1.961218 1.424941
v -0.138195 1.960555 1.425428
v -0.418681 1.960483 1.369691
v -0.673408 1.960345 1.264289
v -0.911303 1.960137 1.105516
v -1.106406 1.959882 0.910678
v -1.265539 1.959570 0.672933
v -1.371317 1.959235 0.418206
v -1.427416 1.958865 0.137571
v -1.427683 1.958500 -0.138348
v -1.372098 1.958128 -0.419196
v -1.266700 1.957789 -0.674302
v -1.107780 1.957472 -0.912562
v -0.912677 1.957211 -1.107936
v -0.674569 1.956998 -1.267222
v -0.419463 1.956857 -1.373003
v -0.138463 1.956782 -1.428954
v -0.001909 2.561230 -0.665429
v 0.290583 2.871819 -0.295709
v 0.228063 2.876981 -0.346740
v 0.157533 2.876369 -0.388504
v 0.078907 2.875864 -0.412801
v 0.345090 2.853296 -0.234272
v 0.386678 2.828788 -0.162204
v 0.408535 2.824821 -0.084924
v 0.403225 2.844845 0.077692
v 0.384933 2.848694 0.158263
v 0.351523 2.845948 0.234746
v 0.301077 2.841959 0.302164
v 0.234737 2.848911 0.354457
v 0.159380 2.859995 0.391026
v 0.079992 2.861953 0.414219
v -0.003714 2.858986 0.421319
v -0.085745 2.856195 0.411242
v -0.164060 2.854856 0.385688
v -0.233260 2.862170 0.341953
v -0.293176 2.866265 0.287768
v -0.344445 2.861314 0.225681
v -0.383615 2.863828 0.154336
v -0.408578 2.867415 0.076585
v -0.425432 2.853282 -0.003950
v -0.417209 2.855096 -0.085927
v -0.390458 2.863446 -0.163912
v -0.347859 2.873860 -0.234097
v -0.295382 2.877365 -0.296768
v -0.232743 2.874643 -0.348953
v -0.160714 2.876842 -0.386724
v -0.083101 2.876768 -0.409823
v 0.413791 2.832286 -0.005250
v -0.054081 2.701039 -0.528453
v -0.155538 2.699792 -0.507628
v -0.250967 2.699899 -0.468101
v -0.336956 2.700283 -0.410509
v -0.410094 2.699639 -0.337302
v -0.468246 2.696630 -0.251458
v -0.508603 2.693639 -0.156219
v -0.528331 2.691713 -0.054760
v -0.525478 2.689026 0.048135
v -0.502022 2.682577 0.148377
v -0.461356 2.674728 0.242200
v -0.404103 2.675926 0.326472
v -0.332619 2.682708 0.399287
v -0.249253 2.683843 0.459479
v -0.155781 2.682848 0.502855
v -0.055037 2.686556 0.525727
v 0.049471 2.693690 0.527293
v 0.151916 2.698534 0.507407
v 0.247859 2.697463 0.467994
v 0.335317 2.692207 0.410589
v 0.408919 2.686134 0.336139
v 0.462006 2.682293 0.246786
v 0.491422 2.681548 0.147892
v 0.503726 2.680456 0.045155
v 0.502614 2.677866 -0.054648
v 0.486662 2.675081 -0.150079
v 0.453837 2.680398 -0.245268
v 0.400298 2.693288 -0.333941
v 0.329394 2.701326 -0.407659
v 0.246110 2.705285 -0.466940
v 0.151599 2.707261 -0.509002
v 0.049589 2.704751 -0.529532
v 0.172150 1.520080 -1.781175
v 0.522520 1.520080 -1.711482
v 0.840660 1.518365 -1.579704
v 1.137690 1.518365 -1.381235
v 1.381184 1.515854 -1.137742
v 1.579653 1.515854 -0.840712
v 1.711431 1.514478 -0.522572
v 1.781124 1.514479 -0.172201
v 1.781124 1.508084 0.172151
v 1.711431 1.508084 0.522521
v 1.579653 1.511981 0.840661
v 1.381184 1.511981 1.137691
v 1.137690 1.503879 1.381185
v 0.840661 1.503879 1.579654
v 0.522521 1.503521 1.711431
v 0.172150 1.503521 1.781125
v -0.172202 1.495466 1.781125
v -0.522572 1.495466 1.711431
v -0.840712 1.481833 1.579654
v -1.137742 1.481833 1.381185
v -1.381236 1.480963 1.137691
v -1.579705 1.480963 0.840661
v -1.711482 1.537149 0.522522
v -1.781175 1.537149 0.172151
v -1.781175 1.522067 -0.172201
v -1.711482 1.522067 -0.522572
v -1.579705 1.506334 -0.840712
v -1.381236 1.506334 -1.137741
v -1.137742 1.506438 -1.381235
v -0.840712 1.506438 -1.579704
v -0.522573 1.509702 -1.711482
v -0.172202 1.509702 -1.781175
v -1.831124 1.560151 0.000001
v -1.731227 1.722284 0.344302
v 1.294801 1.560152 -1.294800
v 0.980580 1.703501 -1.467670
v -0.344404 1.694837 -1.731226
v -0.700741 1.560151 -1.691738
v 1.467567 1.697115 0.980581
v 1.691739 1.560152 0.700741
v -0.700741 1.560152 1.691739
v -0.344404 1.680601 1.731124
v -1.731227 1.707202 -0.344403
v 1.467567 1.700989 -0.980683
v 0.000000 1.560151 -1.831124
v 1.294801 1.560152 1.294801
v -0.980684 1.666968 1.467569
v -1.691738 1.560151 -0.700741
v 1.691738 1.560152 -0.700741
v 0.980580 1.689014 1.467568
v -1.294800 1.560152 1.294801
v -1.467671 1.691469 -0.980682
v 1.731123 1.699613 -0.344403
v 0.344300 1.705215 -1.731226
v 0.700741 1.560152 1.691739
v -1.467671 1.666097 0.980581
v -1.294800 1.560151 -1.294800
v 1.831125 1.560152 0.000000
v 0.344300 1.688656 1.731124
v -1.691738 1.560152 0.700742
v 0.700741 1.560151 -1.691738
v -0.980684 1.691573 -1.467670
v 1.731123 1.693219 0.344301
v 0.000000 1.560152 1.831125
v -0.172202 1.620376 1.781125
v 1.711431 1.626685 0.522521
v -0.840712 1.625862 -1.579704
v 0.840660 1.631826 -1.579704
v -1.711482 1.641218 0.522522
v 0.172150 1.624404 1.781125
v 1.781124 1.626685 0.172151
v -1.137742 1.625862 -1.381235
v 0.522520 1.632683 -1.711482
v -1.579705 1.613125 0.840661
v 0.522521 1.624404 1.711431
v 1.781124 1.629883 -0.172201
v -1.381236 1.625810 -1.137741
v -1.381236 1.613125 1.137691
v 0.840661 1.624583 1.579654
v 0.172150 1.632683 -1.781175
v 1.711431 1.629882 -0.522572
v -1.579705 1.625810 -0.840712
v -1.137742 1.613560 1.381185
v 1.137690 1.624583 1.381185
v 1.579653 1.630570 -0.840712
v -1.711482 1.633677 -0.522572
v -0.840712 1.613560 1.579654
v 1.381184 1.628633 1.137691
v -0.172202 1.627494 -1.781175
v 1.381184 1.630570 -1.137742
v -1.781175 1.633677 -0.172201
v -0.522572 1.620376 1.711431
v 1.579653 1.628633 0.840661
v -0.522573 1.627494 -1.711482
v 1.137690 1.631826 -1.381235
v 0.062641 2.562383 -0.657679
v 0.189714 2.564265 -0.631425
v 0.305965 2.563122 -0.577521
v 0.406261 2.561560 -0.502672
v 0.493594 2.559561 -0.411389
v 0.563694 2.555251 -0.303891
v 0.608534 2.554663 -0.187440
v 0.631645 2.557447 -0.065318
v 0.632887 2.559175 0.059356
v 0.613776 2.559860 0.185421
v 0.572171 2.560287 0.305685
v 0.504267 2.562366 0.414867
v 0.413929 2.565475 0.506390
v 0.306288 2.567810 0.577778
v 0.188263 2.567425 0.626361
v 0.061746 2.563414 0.650787
v -0.066584 2.558320 0.648542
v -0.190542 2.555989 0.619255
v -0.306176 2.556220 0.566927
v -0.410189 2.555049 0.493903
v -0.498690 2.551417 0.405503
v -0.572034 2.550490 0.302899
v -0.624702 2.554027 0.186809
v -0.653364 2.557169 0.061468
v -0.655734 2.558364 -0.066537
v -0.631073 2.558570 -0.193081
v -0.581522 2.559263 -0.311658
v -0.509457 2.560322 -0.418893
v -0.418555 2.560385 -0.509786
v -0.311308 2.559996 -0.581630
v -0.192731 2.559727 -0.630990
v -0.066135 2.560256 -0.656895
v -0.155333 1.851034 -1.605064
v -0.471018 1.851072 -1.542242
v -0.757641 1.851142 -1.423463
v -1.025210 1.851249 -1.244585
v -1.244508 1.851379 -1.025151
v -1.423202 1.851538 -0.757507
v -1.541791 1.851707 -0.470884
v -1.604430 1.851893 -0.155275
v -1.604296 1.852075 0.154861
v -1.541399 1.852261 0.470364
v -1.422622 1.852428 0.756797
v -1.243821 1.852584 1.024185
v -1.024522 1.852712 1.243351
v -0.757060 1.852816 1.421971
v -0.470627 1.852885 1.540561
v -0.155198 1.852921 1.603276
v 0.154755 1.853252 1.603033
v 0.469992 1.853884 1.539855
v 0.756082 1.854425 1.420922
v 1.023075 1.854901 1.242103
v 1.241875 1.855262 1.022928
v 1.420182 1.855526 0.755723
v 1.538578 1.855660 0.469632
v 1.601232 1.855671 0.154607
v 1.601313 1.855561 -0.155011
v 1.539265 1.854674 -0.470287
v 1.421627 1.853302 -0.756923
v 1.243632 1.852181 -1.024795
v 1.024741 1.851370 -1.244528
v 0.757339 1.850853 -1.423658
v 0.470709 1.850686 -1.542517
v 0.154963 1.850859 -1.605193
v 0.090791 2.294132 -0.945454
v 0.275510 2.294441 -0.908091
v 0.443034 2.294592 -0.834163
v 0.593297 2.295956 -0.726907
v 0.719699 2.299458 -0.596421
v 0.823004 2.303641 -0.440793
v 0.890254 2.308218 -0.273397
v 0.925614 2.311232 -0.091198
v 0.926153 2.311867 0.089074
v 0.891859 2.311985 0.271104
v 0.824754 2.311793 0.439464
v 0.722849 2.311469 0.595218
v 0.594957 2.310883 0.724556
v 0.440185 2.309720 0.828721
v 0.272590 2.307811 0.898787
v 0.089575 2.305066 0.935562
v -0.092613 2.302934 0.934545
v -0.274270 2.302391 0.895248
v -0.441337 2.301998 0.824045
v -0.595386 2.301205 0.720000
v -0.723411 2.300731 0.592983
v -0.829574 2.300118 0.440932
v -0.902815 2.299424 0.273586
v -0.941526 2.299003 0.090158
v -0.942715 2.298522 -0.092843
v -0.906611 2.297424 -0.277059
v -0.836678 2.296312 -0.446532
v -0.732438 2.295577 -0.602897
v -0.602839 2.295080 -0.732700
v -0.446673 2.294688 -0.837334
v -0.277295 2.294343 -0.907841
v -0.092888 2.294180 -0.944974
v 0.121833 2.062340 -1.267146
v 0.371044 2.061850 -1.217942
v 0.807629 2.063786 -0.981975
v 0.979294 2.066078 -0.807927
v 1.118029 2.069248 -0.596103
v 1.208601 2.073126 -0.369998
v 1.256027 2.075636 -0.122115
v 1.255798 2.075947 0.120827
v 1.206657 2.075915 0.368000
v 1.113941 2.075535 0.592565
v 0.974324 2.074789 0.802503
v 0.802917 2.073769 0.974971
v 0.593579 2.072423 1.116035
v 0.369017 2.070893 1.210269
v 0.121245 2.069107 1.260892
v -0.122645 2.068170 1.261581
v -0.370959 2.068067 1.212265
v -0.596492 2.067873 1.119001
v -0.807158 2.067579 0.978499
v -0.979976 2.067218 0.806055
v -1.120988 2.066777 0.595600
v -1.214783 2.066303 0.370068
v -1.264610 2.065779 0.121543
v -1.264988 2.065264 -0.122860
v -1.215888 2.064738 -0.371686
v -1.122629 2.064259 -0.597754
v -0.981918 2.063810 -0.808936
v -0.809100 2.063442 -0.982137
v -0.598133 2.063141 -1.123366
v -0.372065 2.062941 -1.217166
v -0.123024 2.062835 -1.266782
v -0.042809 2.876389 -0.414720
v -0.121907 2.876805 -0.398273
v -1.781175 1.641217 0.172151
v -0.196728 2.875742 -0.367839
v -0.264062 2.876004 -0.322861
v -0.321621 2.875613 -0.265433
v -0.369159 2.868653 -0.199004
v -0.403833 2.859271 -0.124919
v -0.421320 2.854189 -0.044938
v -0.417005 2.860348 0.036318
v -0.396097 2.865622 0.115460
v -0.364030 2.862571 0.190009
v -0.318811 2.863789 0.256725
v -0.263218 2.864217 0.314860
v -0.198660 2.858513 0.363820
v -0.124902 2.855525 0.398465
v -0.044730 2.857590 0.416280
v 0.038139 2.860469 0.417769
v 0.119686 2.860974 0.402622
v 0.197059 2.854453 0.372741
v 0.267907 2.845435 0.328311
v 0.326300 2.843954 0.268455
v 0.368228 2.847321 0.196505
v 0.394079 2.846769 0.117977
v 0.408508 2.838565 0.036221
v 0.411163 2.828554 -0.045087
v 0.397607 2.826804 -0.123564
v 0.365884 2.841042 -0.198238
v 0.317837 2.862557 -0.264991
v 0.259323 2.874400 -0.321225
v 0.192798 2.876675 -0.367622
v 0.118220 2.876117 -0.400653
v 0.038195 2.875937 -0.416209
v -1.731227 1.687888 0.174329
v -1.731227 1.672617 -0.174328
v -1.748397 1.628469 0.000001
v -1.532619 1.610652 0.823783
v -1.666227 1.667619 0.501224
v -1.615308 1.594368 0.669083
v -1.666111 1.657394 -0.501605
v -1.532808 1.641479 -0.823430
v -1.615308 1.602984 -0.669082
v -0.824285 1.591402 1.532351
v -0.500677 1.605269 1.666394
v -0.669082 1.560487 1.615309
v -0.823436 1.635524 -1.532804
v -0.501600 1.638826 -1.666113
v -0.669083 1.592827 -1.615308
v -1.100488 1.584272 1.347764
v -1.347764 1.583388 1.100489
v -1.236303 1.548532 1.236304
v -1.699364 1.690636 0.391988
v -1.012467 1.589385 1.420001
v -1.453738 1.590049 0.971358
v -1.706254 1.693832 0.369275
v -0.369274 1.613461 1.706254
v -0.971357 1.588210 1.453739
v -1.699307 1.663839 -0.392174
v -1.453739 1.635679 -0.971357
v -1.347296 1.633754 -1.101058
v -1.101058 1.633859 -1.347296
v -1.012619 1.635240 -1.419876
v -1.236303 1.590050 -1.236303
v 0.500287 1.628251 1.666512
v 0.824645 1.628616 1.532158
v 0.669083 1.585310 1.615309
v 0.501209 1.660349 -1.666232
v 0.823796 1.658611 -1.532612
v 0.669083 1.611208 -1.615308
v 1.731123 1.640339 0.175390
v 1.748397 1.597883 0.000000
v 1.731123 1.646853 -0.175390
v 1.532155 1.643086 0.824651
v 1.615308 1.595784 0.669083
v 1.666514 1.639113 0.500281
v 1.666398 1.650667 -0.500662
v 1.615308 1.604365 -0.669082
v 1.532343 1.652067 -0.824299
v 1.099906 1.632762 1.348242
v 1.348243 1.641025 1.099905
v 1.236304 1.592295 1.236304
v 0.391702 1.628790 1.699451
v 1.420190 1.644282 1.012237
v 0.971358 1.629750 1.453739
v 1.453739 1.644315 0.971358
v 1.012388 1.657436 -1.420066
v 1.100475 1.656529 -1.347774
v 1.453739 1.652884 -0.971357
v 1.699394 1.650320 -0.391888
v 1.347775 1.653979 -1.100475
v 1.236303 1.607646 -1.236303
v -0.175378 1.615920 1.731124
v 0.175378 1.624125 1.731124
v 0.000000 1.578384 1.748397
v -0.322690 1.612230 1.716615
v 1.709433 1.636938 0.358793
v 0.341096 1.627726 1.714802
v -1.713829 1.695041 0.344302
v -0.341095 1.612617 1.714802
v 1.713830 1.637492 0.344301
v -1.714802 1.694917 0.341096
v 1.714802 1.637336 0.341096
v 1.714806 1.637334 0.341056
v -1.714790 1.665036 -0.341133
v -1.714802 1.665037 -0.341095
v -1.713798 1.665092 -0.344403
v 1.713799 1.650067 -0.344403
v 1.714802 1.650001 -0.341095
v -0.971357 1.634216 -1.453738
v -0.960745 1.634028 -1.459411
v 1.711309 1.649874 -0.352610
v -0.945294 1.634341 -1.467670
v 0.945294 1.657336 -1.467670
v 0.971357 1.657444 -1.453739
v -0.924317 1.635071 -1.478882
v 0.341095 1.660460 -1.714802
v 0.288014 1.660036 -1.720030
v -0.341095 1.641327 -1.714802
v -0.174340 1.645564 -1.731226
v 0.174340 1.656072 -1.731226
v 0.000000 1.604091 -1.748397
v 0.007982 0.098283 4.157515
v 0.017052 0.076981 4.157104
v 0.003570 0.065376 4.157423
v -0.013030 0.071800 4.157949
v -0.016455 0.086031 4.158152
v 0.002578 0.228712 3.801214
v 0.010562 0.216966 3.783289
v -0.018445 0.198390 3.797337
v -0.022432 0.212306 3.798310
v -0.020405 0.222417 3.803118
v 0.000340 0.427023 3.493463
v 0.008050 0.427716 3.466914
v 0.000720 0.409279 3.463852
v -0.021914 0.393459 3.497620
v -0.024835 0.407923 3.493075
v -0.022791 0.417303 3.499294
v 0.005115 0.653071 3.191865
v 0.006702 0.668069 3.150087
v -0.006322 0.624567 3.180978
v -0.023015 0.608967 3.212513
v -0.025981 0.626368 3.205690
v -0.023905 0.635231 3.212671
v 0.006455 0.927671 2.849580
v -0.006624 0.859683 2.905076
v -0.026418 0.857670 2.935308
v 0.005941 0.893989 2.902341
v -0.022938 0.899959 2.869309
v -0.019021 0.971300 2.826203
v -0.005753 0.947726 2.855764
v 0.005878 1.323601 2.414013
v -0.006293 1.283878 2.439881
v -0.022869 1.323681 2.409718
v -0.026399 1.125929 2.638800
v 0.006908 1.296123 2.452744
v -0.025995 1.342601 2.404887
v -0.007262 1.428384 2.339359
v 0.006428 1.371909 2.381481
v -0.005128 1.767713 1.949841
v -0.021827 1.700113 2.027220
v -0.025278 1.610622 2.129923
v -0.018218 1.833528 1.930583
v 0.008177 1.841255 1.897467
v -0.023605 2.129476 1.622327
v -0.024455 1.879346 1.863727
v -0.019869 2.156916 1.583857
v -0.005148 2.222170 1.560251
v 0.004430 2.081399 1.685029
v 0.009514 2.096577 1.654617
v 0.008788 2.263238 1.489572
v -0.004782 2.153468 1.577289
v -0.022494 2.449197 1.327264
v -0.015165 2.535121 1.266367
v 0.011760 2.741462 1.059846
v -0.000832 2.648250 1.121358
v -0.021585 2.662560 1.129939
v 0.005750 2.705246 1.110251
v -0.017852 2.706792 1.077778
v -0.020333 2.959433 0.871249
v -0.014516 3.172068 0.708393
v 0.003260 3.144950 0.735939
v 0.013340 3.147629 0.713606
v 0.012348 3.165721 0.688174
v -0.000010 3.113909 0.717357
v -0.016238 3.173899 0.677256
v -0.019322 3.213765 0.655053
v -0.015958 3.508552 0.429915
v 0.007031 3.520597 0.426074
v 0.014986 3.559583 0.377041
v 0.007350 3.513829 0.391166
v -0.015221 3.473948 0.430530
v -0.018272 3.486831 0.432216
v -0.014909 3.805181 0.206729
v 0.008044 3.813749 0.205954
v 0.015877 3.837769 0.171392
v 0.012254 3.809426 0.177020
v -0.001538 3.790135 0.183083
v -0.014279 3.775831 0.201737
v -0.017290 3.783428 0.207678
v -0.000011 4.121260 0.007135
v 0.003232 4.121090 0.006825
v 0.006344 4.120620 0.005965
v 0.009204 4.119869 0.004588
v 0.011704 4.118863 0.002748
v 0.013747 4.117643 0.000515
v 0.015254 4.116256 -0.002025
v 0.016169 4.114755 -0.004774
v 0.016600 4.115647 -0.008510
v 0.015121 4.110148 -0.013207
v 0.013553 4.108777 -0.015718
v 0.011457 4.107578 -0.017914
v 0.008914 4.106598 -0.019707
v 0.006022 4.105876 -0.021032
v 0.002890 4.105438 -0.021834
v -0.000359 4.105300 -0.022085
v -0.003602 4.105471 -0.021775
v -0.006714 4.105941 -0.020915
v -0.009574 4.106692 -0.019538
v -0.012074 4.107698 -0.017698
v -0.014117 4.108917 -0.015465
v -0.015585 4.117921 -0.012663
v -0.017042 4.110646 -0.006724
v -0.014175 4.110209 0.000290
v -0.011828 4.118982 0.002964
v -0.009284 4.119963 0.004757
v -0.006392 4.120685 0.006081
v -0.003260 4.121123 0.006884
v -3.901576 0.100422 1.436944
v -3.894988 0.077936 1.452893
v -3.906085 0.070690 1.425151
v -3.907542 0.082903 1.421772
v -3.566064 0.228711 1.316211
v -3.546485 0.216965 1.317508
v -3.569692 0.198390 1.295144
v -3.571984 0.212305 1.291739
v -3.575795 0.222416 1.295303
v -3.278054 0.427022 1.207745
v -3.250478 0.427714 1.205805
v -3.250135 0.409279 1.197867
v -3.289642 0.393460 1.188298
v -3.286392 0.407921 1.183988
v -3.291517 0.417304 1.188053
v -2.993387 0.653075 1.107985
v -2.953640 0.668068 1.095036
v -2.987130 0.624565 1.093491
v -3.022492 0.608965 1.088727
v -3.017117 0.626363 1.083587
v -3.022947 0.635229 1.087947
v -2.671730 0.927678 0.990939
v -2.728338 0.859679 0.997851
v -2.763538 0.857674 0.989722
v -2.721427 0.893988 1.008695
v -2.700408 0.899960 0.970178
v -2.658607 0.971298 0.958956
v -2.681757 0.947728 0.981622
v -2.263194 1.323619 0.839851
v -2.291694 1.283876 0.837377
v -2.269116 1.323683 0.811397
v -2.485303 1.125928 0.887262
v -2.299193 1.296130 0.854207
v -2.265667 1.342598 0.806796
v -2.197699 1.428384 0.801724
v -2.232496 1.371907 0.829130
v -1.831457 1.767705 0.669103
v -1.909847 1.700096 0.680181
v -2.007401 1.610618 0.712435
v -1.817904 1.833527 0.650162
v -1.777689 1.841272 0.663478
v -1.530505 2.129477 0.538565
v -1.757328 1.879340 0.621204
v -1.493112 2.156920 0.528774
v -1.465874 2.222172 0.534429
v -1.579656 2.081397 0.586545
v -1.549371 2.096565 0.580808
v -1.394733 2.263243 0.523078
v -1.481741 2.153464 0.540663
v -1.253243 2.449196 0.437627
v -1.193560 2.535128 0.423455
v -0.990468 2.741459 0.377345
v -1.052538 2.648251 0.386788
v -1.067764 2.662560 0.370279
v -1.039839 2.705249 0.389125
v -1.017526 2.706793 0.355754
v -0.824582 2.959436 0.282044
v -0.669750 3.172073 0.231215
v -0.689460 3.144948 0.257418
v -0.665020 3.147625 0.259158
v -0.641489 3.165729 0.249434
v -0.673148 3.113913 0.247925
v -0.641130 3.173900 0.218838
v -0.621361 3.213765 0.208271
v -0.408935 3.508553 0.133614
v -0.397387 3.520597 0.153859
v -0.348628 3.559580 0.144377
v -0.364518 3.513831 0.142093
v -0.409258 3.473949 0.134518
v -0.411895 3.486831 0.132238
v -0.199142 3.805181 0.057461
v -0.190482 3.813749 0.078731
v -0.155342 3.837769 0.074136
v -0.161876 3.809425 0.072681
v -0.172332 3.790134 0.061835
v -0.194239 3.775831 0.056327
v -0.200855 3.783429 0.055554
v -0.006699 4.121260 0.002456
v -0.005287 4.121090 0.005392
v -0.003405 4.120620 0.008014
v -0.001124 4.119869 0.010223
v 0.001466 4.118863 0.011933
v 0.004268 4.117643 0.013078
v 0.007172 4.116256 0.013614
v 0.010068 4.114755 0.013522
v 0.013723 4.115647 0.012636
v 0.017619 4.110148 0.009625
v 0.019434 4.108777 0.007285
v 0.020770 4.107578 0.004560
v 0.021574 4.106598 0.001554
v 0.021817 4.105876 -0.001619
v 0.021487 4.105438 -0.004834
v 0.020600 4.105300 -0.007970
v 0.019188 4.105471 -0.010906
v 0.017306 4.105941 -0.013529
v 0.015025 4.106692 -0.015737
v 0.012434 4.107698 -0.017447
v 0.009633 4.108917 -0.018592
v 0.006496 4.117921 -0.019001
v 0.000420 4.110646 -0.018316
v -0.005172 4.110209 -0.013201
v -0.006869 4.118982 -0.010074
v -0.007673 4.119963 -0.007068
v -0.007916 4.120685 -0.003896
v -0.007587 4.121123 -0.000680
v -2.696853 0.100422 -3.164505
v -2.709471 0.083140 -3.152917
v -2.704079 0.064591 -3.157633
v -2.684811 0.081272 -3.175197
v -2.467615 0.228710 -2.891384
v -2.462064 0.216965 -2.872562
v -2.449100 0.198388 -2.902071
v -2.446697 0.212304 -2.905397
v -2.451357 0.222416 -2.907741
v -2.266289 0.427021 -2.658612
v -2.254940 0.427712 -2.633407
v -2.247370 0.409280 -2.635825
v -2.252050 0.393456 -2.676212
v -2.246876 0.407923 -2.674644
v -2.252465 0.417304 -2.678050
v -2.074291 0.653072 -2.425968
v -2.048404 0.668064 -2.393148
v -2.058525 0.624567 -2.425102
v -2.066281 0.608960 -2.459939
v -2.059599 0.626360 -2.456670
v -2.065695 0.635241 -2.460620
v -1.853275 0.927690 -2.164576
v -1.879335 0.859678 -2.215317
v -1.883878 0.857668 -2.251162
v -1.887128 0.893980 -2.205091
v -1.843715 0.899959 -2.198672
v -1.818733 0.971304 -2.163321
v -1.848008 0.947727 -2.177216
v -1.570328 1.323589 -1.833471
v -1.577835 1.283878 -1.861043
v -1.545655 1.323681 -1.848839
v -1.691561 1.125931 -2.025479
v -1.596219 1.296134 -1.862263
v -1.540138 1.342606 -1.847186
v -1.511896 1.428382 -1.785167
v -1.549635 1.371911 -1.808343
v -1.260866 1.767702 -1.487334
v -1.298336 1.700121 -1.557042
v -1.362336 1.610617 -1.637457
v -1.238400 1.833536 -1.481153
v -1.236987 1.841294 -1.438804
v -1.034355 2.129476 -1.250044
v -1.190289 1.879352 -1.434318
v -0.964851 2.267813 -1.161535
v -1.012237 2.156929 -1.218332
v -1.008137 2.222169 -1.190827
v -1.096365 2.081397 -1.279583
v -1.080507 2.096576 -1.253138
v -0.972894 2.263244 -1.127990
v -1.019469 2.153464 -1.203559
v -0.843805 2.449200 -1.024752
v -0.731879 2.678529 -0.873300
v -0.696422 2.741456 -0.799012
v -0.726733 2.648252 -0.853989
v -0.716503 2.662563 -0.873981
v -0.724538 2.705248 -0.841267
v -0.685511 2.706793 -0.831862
v -0.549664 2.959423 -0.676292
v -0.448454 3.172061 -0.548569
v -0.479845 3.144955 -0.557996
v -0.473021 3.147649 -0.534451
v -0.455778 3.165726 -0.515747
v -0.465304 3.113910 -0.545976
v -0.426943 3.173897 -0.525985
v -0.410195 3.213761 -0.511087
v -0.266719 3.508549 -0.337555
v -0.281723 3.520597 -0.319719
v -0.255974 3.559581 -0.277242
v -0.259323 3.513830 -0.292943
v -0.267679 3.473946 -0.337545
v -0.266447 3.486835 -0.340803
v -0.122749 3.805180 -0.167010
v -0.139714 3.813749 -0.151532
v -0.123257 3.837769 -0.120146
v -0.124150 3.809425 -0.126779
v -0.117586 3.790134 -0.140340
v -0.119989 3.775832 -0.162801
v -0.121551 3.783429 -0.169277
v -0.004620 4.121260 -0.005437
v -0.006887 4.121090 -0.003098
v -0.008697 4.120620 -0.000425
v -0.009981 4.119869 0.002479
v -0.010690 4.118863 0.005500
v -0.010797 4.117643 0.008525
v -0.010297 4.116256 0.011436
v -0.009209 4.114755 0.014121
v -0.007114 4.115647 0.017244
v -0.002942 4.110148 0.019860
v -0.000120 4.108777 0.020754
v 0.002899 4.107578 0.021066
v 0.005999 4.106598 0.020781
v 0.009059 4.105876 0.019913
v 0.011963 4.105438 0.018492
v 0.014599 4.105300 0.016575
v 0.016866 4.105471 0.014236
v 0.018676 4.105941 0.011563
v 0.019960 4.106692 0.008660
v 0.020669 4.107698 0.005638
v 0.020775 4.108917 0.002613
v 0.020075 4.117921 -0.000472
v 0.017332 4.110646 -0.005937
v 0.010600 4.110209 -0.009415
v 0.007079 4.118982 -0.009928
v 0.003980 4.119963 -0.009643
v 0.000920 4.120685 -0.008774
v -0.001984 4.121123 -0.007354
v 2.037386 0.100422 -3.624385
v 2.022154 0.083138 -3.632219
v 2.028402 0.064616 -3.628811
v 2.051583 0.081270 -3.616780
v 1.860330 0.228710 -3.314875
v 1.844587 0.216964 -3.303163
v 1.876756 0.198389 -3.301194
v 1.880707 0.212306 -3.300087
v 1.881298 0.222416 -3.305274
v 1.711485 0.427021 -3.045506
v 1.691756 0.427713 -3.026143
v 1.696644 0.409277 -3.019879
v 1.732920 0.393459 -3.038223
v 1.733241 0.407920 -3.032834
v 1.734502 0.417306 -3.039250
v 1.559538 0.653074 -2.784931
v 1.537687 0.668066 -2.749296
v 1.564176 0.624565 -2.769840
v 1.594178 0.608968 -2.789148
v 1.593421 0.626367 -2.781749
v 1.595034 0.635228 -2.788855
v 1.390657 0.927665 -2.487218
v 1.429250 0.859678 -2.529185
v 1.461318 0.857665 -2.545840
v 1.416949 0.893997 -2.532944
v 1.425942 0.899960 -2.490006
v 1.401406 0.971301 -2.454349
v 1.404328 0.947724 -2.486623
v 1.177732 1.323597 -2.107238
v 1.201018 1.283873 -2.123824
v 1.200683 1.323685 -2.089401
v 1.316012 1.125929 -2.287372
v 1.195818 1.296110 -2.141514
v 1.201043 1.342601 -2.083661
v 1.152604 1.428385 -2.035717
v 1.161307 1.371914 -2.079140
v 0.959886 1.767707 -1.697216
v 1.012354 1.700114 -1.756481
v 1.065692 1.610613 -1.844328
v 0.961861 1.833521 -1.674016
v 0.922615 1.841268 -1.658064
v 0.815509 2.129476 -1.402657
v 0.934537 1.879342 -1.612678
v 0.756479 2.267809 -1.306848
v 0.793404 2.156913 -1.370954
v 0.769001 2.222174 -1.357584
v 0.821795 2.081399 -1.471052
v 0.802472 2.096554 -1.447052
v 0.722230 2.263222 -1.302817
v 0.777037 2.153458 -1.372626
v 0.669965 2.449190 -1.145991
v 0.566525 2.678530 -0.988608
v 0.509070 2.741459 -0.929659
v 0.550186 2.648248 -0.977109
v 0.572482 2.662556 -0.974421
v 0.539004 2.705248 -0.970649
v 0.543666 2.706797 -0.930774
v 0.444634 2.959432 -0.749527
v 0.359766 3.172062 -0.610415
v 0.357764 3.144953 -0.643132
v 0.338035 3.147628 -0.628604
v 0.326438 3.165720 -0.605949
v 0.351510 3.113909 -0.625333
v 0.346007 3.173900 -0.582423
v 0.337815 3.213766 -0.561557
v 0.224567 3.508552 -0.366947
v 0.202645 3.520597 -0.374864
v 0.171684 3.559584 -0.336018
v 0.185262 3.513829 -0.344590
v 0.224227 3.473948 -0.367845
v 0.227712 3.486832 -0.367820
v 0.114292 3.805182 -0.172905
v 0.093905 3.813749 -0.183477
v 0.070141 3.837771 -0.157185
v 0.076057 3.809426 -0.160317
v 0.091051 3.790135 -0.158845
v 0.111297 3.775831 -0.168863
v 0.116834 3.783428 -0.172566
v 0.003505 4.121260 -0.006215
v 0.000527 4.121090 -0.007533
v -0.002607 4.120620 -0.008308
v -0.005776 4.119869 -0.008509
v -0.008856 4.118863 -0.008131
v -0.011731 4.117643 -0.007185
v -0.014290 4.116256 -0.005709
v -0.016434 4.114755 -0.003761
v -0.018640 4.115647 -0.000716
v -0.019653 4.110148 0.004103
v -0.019517 4.108777 0.007061
v -0.018765 4.107578 0.010002
v -0.017427 4.106598 0.012811
v -0.015555 4.105876 0.015383
v -0.013218 4.105438 0.017617
v -0.010508 4.105300 0.019428
v -0.007529 4.105471 0.020746
v -0.004396 4.105941 0.021522
v -0.001227 4.106692 0.021723
v 0.001853 4.107698 0.021344
v 0.004728 4.108917 0.020398
v 0.007381 4.117921 0.018675
v 0.011561 4.110646 0.014212
v 0.012499 4.110209 0.006692
v 0.011763 4.118982 0.003212
v 0.010424 4.119963 0.000402
v 0.008552 4.120685 -0.002170
v 0.006215 4.121123 -0.004404
v 4.103838 0.095315 0.669298
v 4.107150 0.090941 0.643574
v 4.107224 0.078590 0.642353
v 4.105495 0.063987 0.654897
v 4.102975 0.080378 0.674986
v 3.753564 0.228712 0.599981
v 3.737133 0.216965 0.589257
v 3.746405 0.198390 0.620125
v 3.746734 0.212305 0.624215
v 3.751802 0.222418 0.622976
v 3.449350 0.427023 0.553410
v 3.424363 0.427714 0.541590
v 3.420175 0.409278 0.548341
v 3.449929 0.393457 0.576042
v 3.444977 0.407923 0.578205
v 3.451440 0.417304 0.577173
v 3.152324 0.653069 0.500890
v 3.111322 0.668070 0.492700
v 3.139757 0.624569 0.510455
v 3.168253 0.608965 0.531937
v 3.161042 0.626368 0.533783
v 3.168265 0.635232 0.532840
v 2.814574 0.927674 0.445311
v 2.867300 0.859682 0.467021
v 2.894011 0.857669 0.491357
v 2.866585 0.893993 0.454181
v 2.829397 0.899960 0.477459
v 2.787457 0.971300 0.466760
v 2.818744 0.947729 0.458345
v 2.384426 1.323600 0.376839
v 2.408033 1.283881 0.392956
v 2.375628 1.323681 0.404542
v 2.601256 1.125928 0.444339
v 2.422829 1.296123 0.381962
v 2.370363 1.342601 0.406862
v 2.308630 1.428385 0.377980
v 2.352396 1.371904 0.371140
v 1.924385 1.767705 0.314132
v 1.998132 1.700111 0.342883
v 2.098991 1.610619 0.362571
v 1.903286 1.833530 0.324002
v 1.874769 1.841261 0.292691
v 1.598074 2.129477 0.280460
v 1.836287 1.879347 0.319563
v 1.487764 2.267814 0.258181
v 1.560682 2.156918 0.270673
v 1.539707 2.222172 0.252396
v 1.664426 2.081402 0.262718
v 1.635208 2.096576 0.252879
v 1.472136 2.263235 0.227434
v 1.556594 2.153463 0.254737
v 1.306915 2.449200 0.232593
v 1.123490 2.678529 0.189925
v 1.048312 2.741461 0.156384
v 1.107046 2.648253 0.178566
v 1.112232 2.662559 0.200418
v 1.097126 2.705247 0.170307
v 1.061319 2.706795 0.188464
v 0.857012 2.959432 0.158177
v 0.697134 3.172070 0.126619
v 0.727149 3.144953 0.113434
v 0.706699 3.147628 0.099942
v 0.681430 3.165722 0.096890
v 0.708282 3.113913 0.113717
v 0.666119 3.173899 0.123384
v 0.643710 3.213763 0.122909
v 0.421948 3.508554 0.083902
v 0.421802 3.520597 0.060595
v 0.374650 3.559583 0.044968
v 0.387385 3.513830 0.054746
v 0.422675 3.473947 0.083272
v 0.423855 3.486832 0.086551
v 0.201752 3.805182 0.047489
v 0.204625 3.813749 0.024704
v 0.171743 3.837769 0.011491
v 0.176724 3.809426 0.015960
v 0.180525 3.790134 0.030539
v 0.196923 3.775831 0.046075
v 0.202312 3.783428 0.049991
v 0.007043 4.121260 0.001142
v 0.007251 4.121090 -0.002109
v 0.006895 4.120620 -0.005318
v 0.005989 4.119869 -0.008361
v 0.004569 4.118863 -0.011120
v 0.002688 4.117643 -0.013491
v 0.000419 4.116256 -0.015383
v -0.002151 4.114755 -0.016721
v -0.005771 4.115647 -0.017739
v -0.010643 4.110148 -0.017023
v -0.013371 4.108777 -0.015873
v -0.015871 4.107578 -0.014152
v -0.018045 4.106598 -0.011926
v -0.019811 4.105876 -0.009279
v -0.021100 4.105438 -0.006315
v -0.021863 4.105300 -0.003146
v -0.022070 4.105471 0.000105
v -0.021715 4.105941 0.003313
v -0.020809 4.106692 0.006356
v -0.019388 4.107698 0.009116
v -0.017507 4.108917 0.011487
v -0.014973 4.117921 0.013381
v -0.009341 4.110646 0.015761
v -0.001960 4.110209 0.014041
v 0.001052 4.118982 0.012148
v 0.003225 4.119963 0.009921
v 0.004991 4.120685 0.007275
v 0.006280 4.121123 0.004310
v -0.001772 4.085972 0.015116
v -0.002652 4.093530 0.022622
v -0.003128 4.103405 0.026685
v -0.003190 4.108749 0.027208
v -0.003128 4.114094 0.026685
v -0.002652 4.123968 0.022622
v -0.001646 4.081882 0.005085
v -0.003228 4.083440 0.009974
v -0.004687 4.085972 0.014480
v -0.005965 4.089378 0.018429
v -0.007015 4.093530 0.021670
v -0.007794 4.098266 0.024079
v -0.008274 4.103405 0.025562
v -0.008436 4.108749 0.026063
v -0.008274 4.114094 0.025562
v -0.007794 4.119232 0.024079
v -0.007015 4.123968 0.021670
v -0.005965 4.128120 0.018429
v -0.004687 4.131526 0.014480
v -0.003228 4.134058 0.009974
v -0.001646 4.135617 0.005085
v -0.002606 4.081882 0.004666
v -0.005112 4.083440 0.009152
v -0.007422 4.085972 0.013287
v -0.009446 4.089378 0.016911
v -0.011107 4.093530 0.019885
v -0.012342 4.098266 0.022095
v -0.013102 4.103405 0.023456
v -0.013359 4.108749 0.023916
v -0.013102 4.114094 0.023456
v -0.012342 4.119232 0.022095
v -0.011107 4.123968 0.019885
v -0.009446 4.128120 0.016911
v -0.007422 4.131526 0.013287
v -0.005112 4.134058 0.009152
v -0.002606 4.135617 0.004666
v -0.003466 4.081882 0.004068
v -0.006799 4.083440 0.007979
v -0.009871 4.085972 0.011584
v -0.012564 4.089378 0.014743
v -0.014773 4.093530 0.017336
v -0.016415 4.098266 0.019263
v -0.017426 4.103405 0.020450
v -0.017768 4.108749 0.020850
v -0.017426 4.114094 0.020450
v -0.016415 4.119232 0.019263
v -0.014773 4.123968 0.017336
v -0.012564 4.128120 0.014743
v -0.009871 4.131526 0.011584
v -0.006799 4.134058 0.007979
v -0.003466 4.135617 0.004068
v -0.004193 4.081882 0.003313
v -0.008225 4.083440 0.006499
v -0.011942 4.085972 0.009435
v -0.015199 4.089378 0.012009
v -0.017872 4.093530 0.014121
v -0.019858 4.098266 0.015691
v -0.021081 4.103405 0.016657
v -0.021494 4.108749 0.016983
v -0.021081 4.114094 0.016657
v -0.019858 4.119232 0.015691
v -0.017872 4.123968 0.014121
v -0.015199 4.128120 0.012009
v -0.011942 4.131526 0.009435
v -0.008225 4.134058 0.006499
v -0.004193 4.135617 0.003313
v -0.004759 4.081882 0.002432
v -0.009335 4.083440 0.004770
v -0.013553 4.085972 0.006924
v -0.017249 4.089378 0.008813
v -0.020283 4.093530 0.010363
v -0.022538 4.098266 0.011515
v -0.023926 4.103405 0.012224
v -0.024394 4.108749 0.012464
v -0.023926 4.114094 0.012224
v -0.022538 4.119232 0.011515
v -0.020283 4.123968 0.010363
v -0.017249 4.128120 0.008813
v -0.013553 4.131526 0.006924
v -0.009335 4.134058 0.004770
v -0.004759 4.135617 0.002432
v -0.000000 4.081355 -0.000000
v -0.005142 4.081882 0.001456
v -0.010086 4.083440 0.002857
v -0.014643 4.085972 0.004147
v -0.018637 4.089378 0.005279
v -0.021915 4.093530 0.006207
v -0.024351 4.098266 0.006897
v -0.025851 4.103405 0.007322
v -0.026357 4.108749 0.007465
v -0.025851 4.114094 0.007322
v -0.024351 4.119232 0.006897
v -0.021915 4.123968 0.006207
v -0.018637 4.128120 0.005279
v -0.014643 4.131526 0.004147
v -0.010087 4.134058 0.002857
v -0.005142 4.135617 0.001456
v -0.005327 4.081882 0.000425
v -0.010450 4.083440 0.000834
v -0.015171 4.085972 0.001211
v -0.019309 4.089378 0.001541
v -0.022705 4.093530 0.001812
v -0.025229 4.098266 0.002014
v -0.026782 4.103405 0.002138
v -0.027307 4.108749 0.002180
v -0.026782 4.114094 0.002138
v -0.025229 4.119232 0.002014
v -0.022705 4.123968 0.001812
v -0.019309 4.128120 0.001541
v -0.015171 4.131526 0.001211
v -0.010450 4.134058 0.000834
v -0.005327 4.135617 0.000425
v -0.005308 4.081882 -0.000622
v -0.010412 4.083440 -0.001221
v -0.015116 4.085972 -0.001772
v -0.019239 4.089378 -0.002255
v -0.022622 4.093530 -0.002652
v -0.025137 4.098266 -0.002947
v -0.026685 4.103405 -0.003128
v -0.027208 4.108749 -0.003190
v -0.026685 4.114094 -0.003128
v -0.025137 4.119232 -0.002947
v -0.022622 4.123968 -0.002652
v -0.019239 4.128120 -0.002255
v -0.015116 4.131526 -0.001772
v -0.010412 4.134058 -0.001221
v -0.005308 4.135617 -0.000622
v -0.005085 4.081882 -0.001646
v -0.009974 4.083440 -0.003228
v -0.014480 4.085972 -0.004687
v -0.018429 4.089378 -0.005965
v -0.021670 4.093530 -0.007015
v -0.024079 4.098266 -0.007794
v -0.025562 4.103405 -0.008274
v -0.026063 4.108749 -0.008436
v -0.025562 4.114094 -0.008274
v -0.024079 4.119232 -0.007794
v -0.021670 4.123968 -0.007015
v -0.018429 4.128120 -0.005965
v -0.014480 4.131526 -0.004687
v -0.009974 4.134058 -0.003228
v -0.005085 4.135617 -0.001646
v -0.004666 4.081882 -0.002606
v -0.009152 4.083440 -0.005112
v -0.013287 4.085972 -0.007422
v -0.016911 4.089378 -0.009446
v -0.019885 4.093530 -0.011107
v -0.022096 4.098266 -0.012342
v -0.023457 4.103405 -0.013102
v -0.023916 4.108749 -0.013359
v -0.023457 4.114094 -0.013102
v -0.022096 4.119232 -0.012342
v -0.019885 4.123968 -0.011107
v -0.016911 4.128120 -0.009446
v -0.013287 4.131526 -0.007422
v -0.009152 4.134058 -0.005112
v -0.004666 4.135617 -0.002606
v -0.004068 4.081882 -0.003466
v -0.007979 4.083440 -0.006799
v -0.011584 4.085972 -0.009871
v -0.014743 4.089378 -0.012564
v -0.017336 4.093530 -0.014773
v -0.019263 4.098266 -0.016415
v -0.020450 4.103405 -0.017426
v -0.020850 4.108749 -0.017768
v -0.020450 4.114094 -0.017426
v -0.019263 4.119232 -0.016415
v -0.017336 4.123968 -0.014773
v -0.014743 4.128120 -0.012564
v -0.011584 4.131526 -0.009871
v -0.007979 4.134058 -0.006800
v -0.004068 4.135617 -0.003466
v -0.003313 4.081882 -0.004193
v -0.006499 4.083440 -0.008225
v -0.009435 4.085972 -0.011942
v -0.012009 4.089378 -0.015199
v -0.014121 4.093530 -0.017872
v -0.015691 4.098266 -0.019858
v -0.016657 4.103405 -0.021081
v -0.016983 4.108749 -0.021494
v -0.016657 4.114094 -0.021081
v -0.015691 4.119232 -0.019858
v -0.014121 4.123968 -0.017872
v -0.012009 4.128120 -0.015199
v -0.009435 4.131526 -0.011942
v -0.006499 4.134058 -0.008225
v -0.003313 4.135617 -0.004193
v -0.002432 4.081882 -0.004759
v -0.004770 4.083440 -0.009335
v -0.006925 4.085972 -0.013553
v -0.008813 4.089378 -0.017249
v -0.010363 4.093530 -0.020283
v -0.011515 4.098266 -0.022538
v -0.012224 4.103405 -0.023926
v -0.012464 4.108749 -0.024394
v -0.012224 4.114094 -0.023926
v -0.011515 4.119232 -0.022538
v -0.010363 4.123968 -0.020283
v -0.008813 4.128120 -0.017249
v -0.006925 4.131526 -0.013553
v -0.004770 4.134058 -0.009335
v -0.002432 4.135617 -0.004759
v -0.001456 4.081882 -0.005142
v -0.002857 4.083440 -0.010087
v -0.004147 4.085972 -0.014643
v -0.005279 4.089378 -0.018637
v -0.006207 4.093530 -0.021915
v -0.006897 4.098266 -0.024351
v -0.007322 4.103405 -0.025851
v -0.007465 4.108749 -0.026357
v -0.007322 4.114094 -0.025851
v -0.006897 4.119232 -0.024351
v -0.006207 4.123968 -0.021915
v -0.005279 4.128120 -0.018637
v -0.004147 4.131526 -0.014643
v -0.002857 4.134058 -0.010087
v -0.001456 4.135617 -0.005142
v -0.000425 4.081882 -0.005327
v -0.000834 4.083440 -0.010450
v -0.001211 4.085972 -0.015171
v -0.001541 4.089378 -0.019309
v -0.001812 4.093530 -0.022705
v -0.002014 4.098266 -0.025229
v -0.002138 4.103405 -0.026782
v -0.002180 4.108749 -0.027307
v -0.002138 4.114094 -0.026782
v -0.002014 4.119232 -0.025229
v -0.001812 4.123968 -0.022705
v -0.001541 4.128120 -0.019309
v -0.001211 4.131526 -0.015171
v -0.000834 4.134058 -0.010450
v -0.000425 4.135617 -0.005327
v 0.000622 4.081882 -0.005308
v 0.001221 4.083440 -0.010412
v 0.001772 4.085972 -0.015116
v 0.002255 4.089378 -0.019239
v 0.002652 4.093530 -0.022622
v 0.002947 4.098266 -0.025137
v 0.003128 4.103405 -0.026685
v 0.003190 4.108749 -0.027208
v 0.003128 4.114094 -0.026685
v 0.002947 4.119232 -0.025137
v 0.002652 4.123968 -0.022622
v 0.002255 4.128120 -0.019239
v 0.001772 4.131526 -0.015116
v 0.001221 4.134058 -0.010412
v 0.000622 4.135617 -0.005308
v 0.001646 4.081882 -0.005085
v 0.003228 4.083440 -0.009974
v 0.004687 4.085972 -0.014480
v 0.005965 4.089378 -0.018429
v 0.007014 4.093530 -0.021670
v 0.007794 4.098266 -0.024079
v 0.008274 4.103405 -0.025562
v 0.008436 4.108749 -0.026063
v 0.008274 4.114094 -0.025562
v 0.007794 4.119232 -0.024079
v 0.007014 4.123968 -0.021670
v 0.005965 4.128120 -0.018429
v 0.004687 4.131526 -0.014480
v 0.003228 4.134058 -0.009974
v 0.001646 4.135617 -0.005085
v 0.002606 4.081882 -0.004666
v 0.005112 4.083440 -0.009152
v 0.007422 4.085972 -0.013287
v 0.009446 4.089378 -0.016911
v 0.011107 4.093530 -0.019885
v 0.012342 4.098266 -0.022096
v 0.013102 4.103405 -0.023457
v 0.013359 4.108749 -0.023916
v 0.013102 4.114094 -0.023457
v 0.012342 4.119232 -0.022096
v 0.011107 4.123968 -0.019885
v 0.009446 4.128120 -0.016911
v 0.007422 4.131526 -0.013287
v 0.005112 4.134058 -0.009152
v 0.002606 4.135617 -0.004666
v 0.003466 4.081882 -0.004068
v 0.006799 4.083440 -0.007979
v 0.009871 4.085972 -0.011584
v 0.012564 4.089378 -0.014743
v 0.014773 4.093530 -0.017336
v 0.016415 4.098266 -0.019263
v 0.017426 4.103405 -0.020450
v 0.017768 4.108749 -0.020850
v 0.017426 4.114094 -0.020450
v 0.016415 4.119232 -0.019263
v 0.014773 4.123968 -0.017336
v 0.012564 4.128120 -0.014743
v 0.009871 4.131526 -0.011584
v 0.006799 4.134058 -0.007979
v 0.003466 4.135617 -0.004068
v 0.004193 4.081882 -0.003313
v 0.008225 4.083440 -0.006499
v 0.011941 4.085972 -0.009435
v 0.015199 4.089378 -0.012009
v 0.017872 4.093530 -0.014121
v 0.019858 4.098266 -0.015691
v 0.021081 4.103405 -0.016657
v 0.021494 4.108749 -0.016983
v 0.021081 4.114094 -0.016657
v 0.019858 4.119232 -0.015691
v 0.017872 4.123968 -0.014121
v 0.015199 4.128120 -0.012009
v 0.011941 4.131526 -0.009435
v 0.008225 4.134058 -0.006499
v 0.004193 4.135617 -0.003313
v -0.000000 4.136143 -0.000000
v 0.004759 4.081882 -0.002432
v 0.009335 4.083440 -0.004770
v 0.013553 4.085972 -0.006925
v 0.017249 4.089378 -0.008813
v 0.020283 4.093530 -0.010363
v 0.022537 4.098266 -0.011515
v 0.023926 4.103405 -0.012224
v 0.024394 4.108749 -0.012464
v 0.023926 4.114094 -0.012224
v 0.022537 4.119232 -0.011515
v 0.020283 4.123968 -0.010363
v 0.017249 4.128120 -0.008813
v 0.013553 4.131526 -0.006925
v 0.009335 4.134058 -0.004770
v 0.004759 4.135617 -0.002432
v 0.005142 4.081882 -0.001456
v 0.010086 4.083440 -0.002857
v 0.014643 4.085972 -0.004147
v 0.018637 4.089378 -0.005279
v 0.021915 4.093530 -0.006207
v 0.024351 4.098266 -0.006897
v 0.025851 4.103405 -0.007322
v 0.026357 4.108749 -0.007465
v 0.025851 4.114094 -0.007322
v 0.024351 4.119232 -0.006897
v 0.021915 4.123968 -0.006207
v 0.018637 4.128120 -0.005279
v 0.014643 4.131526 -0.004147
v 0.010086 4.134058 -0.002857
v 0.005142 4.135617 -0.001456
v 0.005327 4.081882 -0.000425
v 0.010450 4.083440 -0.000834
v 0.015171 4.085972 -0.001211
v 0.019309 4.089378 -0.001541
v 0.022705 4.093530 -0.001812
v 0.025228 4.098266 -0.002014
v 0.026782 4.103405 -0.002138
v 0.027307 4.108749 -0.002180
v 0.026782 4.114094 -0.002138
v 0.025228 4.119232 -0.002014
v 0.022705 4.123968 -0.001812
v 0.019309 4.128120 -0.001541
v 0.015171 4.131526 -0.001211
v 0.010450 4.134058 -0.000834
v 0.005327 4.135617 -0.000425
v 0.005308 4.081882 0.000622
v 0.010412 4.083440 0.001221
v 0.015116 4.085972 0.001772
v 0.019239 4.089378 0.002255
v 0.022622 4.093530 0.002652
v 0.025137 4.098266 0.002947
v 0.026685 4.103405 0.003128
v 0.027208 4.108749 0.003190
v 0.026685 4.114094 0.003128
v 0.025137 4.119232 0.002947
v 0.022622 4.123968 0.002652
v 0.019239 4.128120 0.002255
v 0.015116 4.131526 0.001772
v 0.010412 4.134058 0.001221
v 0.005308 4.135617 0.000622
v 0.005085 4.081882 0.001646
v 0.009974 4.083440 0.003228
v 0.014480 4.085972 0.004687
v 0.018429 4.089378 0.005965
v 0.021670 4.093530 0.007014
v 0.024079 4.098266 0.007794
v 0.025562 4.103405 0.008274
v 0.026063 4.108749 0.008436
v 0.025562 4.114094 0.008274
v 0.024079 4.119232 0.007794
v 0.021670 4.123968 0.007014
v 0.018429 4.128120 0.005965
v 0.014480 4.131526 0.004687
v 0.009974 4.134058 0.003228
v 0.005085 4.135617 0.001646
v 0.004666 4.081882 0.002606
v 0.009152 4.083440 0.005112
v 0.013287 4.085972 0.007422
v 0.016911 4.089378 0.009446
v 0.019885 4.093530 0.011107
v 0.022095 4.098266 0.012342
v 0.023456 4.103405 0.013102
v 0.023916 4.108749 0.013359
v 0.023456 4.114094 0.013102
v 0.022095 4.119232 0.012342
v 0.019885 4.123968 0.011107
v 0.016911 4.128120 0.009446
v 0.013287 4.131526 0.007422
v 0.009152 4.134058 0.005112
v 0.004666 4.135617 0.002606
v 0.004068 4.081882 0.003466
v 0.007979 4.083440 0.006799
v 0.011584 4.085972 0.009871
v 0.014743 4.089378 0.012564
v 0.017336 4.093530 0.014773
v 0.019263 4.098266 0.016415
v 0.020450 4.103405 0.017426
v 0.020850 4.108749 0.017768
v 0.020450 4.114094 0.017426
v 0.019263 4.119232 0.016415
v 0.017336 4.123968 0.014773
v 0.014743 4.128120 0.012564
v 0.011584 4.131526 0.009871
v 0.007979 4.134058 0.006799
v 0.004068 4.135617 0.003466
v 0.003313 4.081882 0.004193
v 0.006499 4.083440 0.008225
v 0.009435 4.085972 0.011941
v 0.012009 4.089378 0.015199
v 0.014121 4.093530 0.017872
v 0.015691 4.098266 0.019858
v 0.016657 4.103405 0.021081
v 0.016983 4.108749 0.021494
v 0.016657 4.114094 0.021081
v 0.015691 4.119232 0.019858
v 0.014121 4.123968 0.017872
v 0.012009 4.128120 0.015199
v 0.009435 4.131526 0.011941
v 0.006499 4.134058 0.008225
v 0.003313 4.135617 0.004193
v 0.002432 4.081882 0.004759
v 0.004770 4.083440 0.009335
v 0.006924 4.085972 0.013553
v 0.008813 4.089378 0.017249
v 0.010363 4.093530 0.020283
v 0.011515 4.098266 0.022537
v 0.012224 4.103405 0.023926
v 0.012464 4.108749 0.024394
v 0.012224 4.114094 0.023926
v 0.011515 4.119232 0.022537
v 0.010363 4.123968 0.020283
v 0.008813 4.128120 0.017249
v 0.006924 4.131526 0.013553
v 0.004770 4.134058 0.009335
v 0.002432 4.135617 0.004759
v 0.001456 4.081882 0.005142
v 0.002857 4.083440 0.010086
v 0.004147 4.085972 0.014643
v 0.005279 4.089378 0.018637
v 0.006207 4.093530 0.021915
v 0.006897 4.098266 0.024351
v 0.007322 4.103405 0.025851
v 0.007465 4.108749 0.026357
v 0.007322 4.114094 0.025851
v 0.006897 4.119232 0.024351
v 0.006207 4.123968 0.021915
v 0.005279 4.128120 0.018637
v 0.004147 4.131526 0.014643
v 0.002857 4.134058 0.010086
v 0.001456 4.135617 0.005142
v 0.000425 4.081882 0.005327
v 0.000834 4.083440 0.010450
v 0.001211 4.085972 0.015171
v 0.001541 4.089378 0.019309
v 0.001812 4.093530 0.022705
v 0.002014 4.098266 0.025228
v 0.002138 4.103405 0.026782
v 0.002180 4.108749 0.027307
v 0.002138 4.114094 0.026782
v 0.002014 4.119232 0.025228
v 0.001812 4.123968 0.022705
v 0.001541 4.128120 0.019309
v 0.001211 4.131526 0.015171
v 0.000834 4.134058 0.010450
v 0.000425 4.135617 0.005327
v -0.000622 4.081882 0.005308
v -0.001221 4.083440 0.010412
v -0.002255 4.089378 0.019239
v -0.002947 4.098266 0.025137
v -0.002947 4.119232 0.025137
v -0.002255 4.128120 0.019239
v -0.001772 4.131526 0.015116
v -0.001221 4.134058 0.010412
v -0.000622 4.135617 0.005308
v -0.000000 4.077120 0.006595
v -0.000000 3.761944 0.006595
v -0.000000 3.919532 0.006595
v -0.000000 3.986750 -0.494723
v -0.000000 3.919532 -0.193480
v -0.029309 3.919532 -0.093443
v -0.018889 3.919532 -0.293518
v -0.000000 3.992192 -0.193480
v -0.029309 4.023689 -0.093443
v -0.018889 3.981672 -0.293518
v -0.018889 3.857802 -0.293518
v -0.029309 3.784020 -0.093443
v -0.000000 3.810494 -0.193480
v -0.001920 4.077120 0.007157
v -0.001920 3.761944 0.007157
v -0.001920 3.919532 0.007157
v -0.001992 3.986750 -0.494910
v -0.001998 3.919532 -0.193579
v -0.031310 3.919532 -0.093443
v -0.020887 3.919532 -0.293425
v -0.001994 3.992192 -0.193649
v -0.031303 4.023689 -0.093279
v -0.020887 3.981672 -0.293416
v -0.020879 3.857802 -0.293311
v -0.031307 3.784020 -0.093334
v -0.001987 3.810494 -0.193717
vn 0.0897 0.4032 -0.9107
vn 0.2656 0.4032 -0.8757
vn 0.4314 0.4032 -0.8071
vn 0.5805 0.4032 -0.7074
vn 0.7074 0.4032 -0.5805
vn 0.8071 0.4032 -0.4314
vn 0.8757 0.4032 -0.2656
vn 0.9107 0.4032 -0.0897
vn 0.9107 0.4032 0.0897
vn 0.8757 0.4032 0.2656
vn 0.8071 0.4032 0.4314
vn 0.7074 0.4032 0.5805
vn 0.5805 0.4032 0.7074
vn 0.4314 0.4032 0.8071
vn 0.2656 0.4032 0.8757
vn 0.0897 0.4032 0.9107
vn -0.0897 0.4032 0.9107
vn -0.2656 0.4032 0.8757
vn -0.4314 0.4032 0.8071
vn -0.5805 0.4032 0.7074
vn -0.7074 0.4032 0.5805
vn -0.8071 0.4032 0.4314
vn -0.8757 0.4032 0.2656
vn -0.9107 0.4032 0.0897
vn -0.9107 0.4032 -0.0897
vn -0.8757 0.4032 -0.2656
vn -0.8071 0.4032 -0.4314
vn -0.7074 0.4032 -0.5805
vn -0.5805 0.4032 -0.7074
vn -0.4314 0.4032 -0.8071
vn -0.2656 0.4032 -0.8757
vn -0.0897 0.4032 -0.9107
vn 0.8247 0.4298 -0.3675
vn 0.6860 0.4301 0.5868
vn -0.2800 0.4366 0.8549
vn -0.8972 0.4393 0.0450
vn 0.8398 0.5203 0.1553
vn 0.8374 0.5206 0.1665
vn 0.8361 0.5227 0.1663
vn 0.8386 0.5223 0.1550
vn 0.7257 0.4352 -0.5328
vn 0.7257 0.4352 -0.5329
vn 0.8012 0.4305 0.4157
vn -0.5338 0.6931 -0.4844
vn -0.5218 0.7044 -0.4812
vn -0.5149 0.7167 -0.4703
vn -0.5233 0.7134 -0.4661
vn -0.8608 0.4400 0.2559
vn -0.5615 0.4435 -0.6986
vn 0.5867 0.4390 -0.6805
vn -0.0079 0.1128 -0.9936
vn -0.3688 0.5118 -0.7759
vn -0.3601 0.5092 -0.7817
vn -0.3609 0.5094 -0.7812
vn -0.7945 0.4393 0.4193
vn 0.1219 0.7845 -0.6080
vn 0.1238 0.7756 -0.6190
vn 0.1240 0.7748 -0.6199
vn 0.1511 0.7830 -0.6034
vn -0.5210 0.5437 -0.6580
vn -0.5208 0.5441 -0.6578
vn -0.5227 0.5442 -0.6563
vn -0.5230 0.5438 -0.6564
vn -0.6401 0.6858 -0.3464
vn -0.6428 0.6825 -0.3480
vn -0.6370 0.6824 -0.3585
vn -0.6342 0.6854 -0.3579
vn -0.6964 0.4388 0.5679
vn -0.8434 0.0011 -0.5373
vn -0.0815 0.4429 -0.8929
vn 0.4460 0.7035 0.5533
vn 0.4496 0.6991 0.5559
vn 0.4366 0.6991 0.5663
vn 0.4342 0.7029 0.5633
vn 0.0285 0.0042 0.9996
vn -0.5637 0.0082 -0.8260
vn 0.4820 -0.0000 -0.8762
vn -0.4307 0.4366 0.7898
vn 0.3693 0.5211 -0.7695
vn 0.3814 0.5345 -0.7542
vn 0.3697 0.5216 -0.7689
vn 0.0918 0.4419 -0.8923
vn 0.8746 0.4262 -0.2311
vn 0.5178 0.7843 0.3418
vn 0.6053 0.7073 0.3652
vn 0.5304 0.7729 0.3484
vn 0.5014 0.7826 0.3691
vn 0.5795 0.0037 0.8149
vn -0.1083 0.6751 -0.7298
vn -0.1071 0.6751 -0.7299
vn -0.1072 0.6754 -0.7296
vn -0.1083 0.6753 -0.7295
vn -0.6397 -0.4326 0.6353
vn -0.8315 -0.4375 0.3425
vn 0.8468 0.0376 -0.5305
vn 0.3946 0.7926 -0.4648
vn 0.3585 0.8337 -0.4200
vn 0.3618 0.8265 -0.4314
vn 0.2645 0.8134 -0.5181
vn 0.2534 0.8322 -0.4931
vn -0.8941 0.4388 -0.0896
vn 0.5870 0.4303 0.6858
vn -0.1989 0.6786 -0.7071
vn -0.1993 0.6769 -0.7085
vn -0.1936 0.6769 -0.7102
vn -0.1928 0.6784 -0.7090
vn 0.6034 0.7867 -0.1306
vn 0.6698 0.7269 -0.1513
vn 0.6363 0.7623 -0.1182
vn 0.5898 0.7921 -0.1573
vn -0.2590 0.4435 -0.8580
vn -0.8636 0.4400 -0.2461
vn -0.5630 0.4376 0.7011
vn 0.4609 0.4326 0.7749
vn 0.8996 0.4250 -0.1006
vn 0.2587 0.4410 -0.8594
vn -0.6512 0.4643 -0.6002
vn -0.6346 0.4721 -0.6118
vn -0.6437 0.4679 -0.6055
vn -0.7999 0.4418 -0.4061
vn 0.6730 0.1840 0.7164
vn 0.2770 0.4358 0.8564
vn 0.9033 0.4260 0.0508
vn 0.4177 0.4405 -0.7946
vn -0.6952 0.4433 -0.5659
vn -0.6230 -0.2937 0.7250
vn 0.7113 -0.6763 -0.1917
vn 0.3477 -0.9266 0.1431
vn -0.7356 -0.0046 0.6774
vn 0.0783 0.4369 0.8961
vn 0.8760 0.4284 0.2217
vn -0.1878 0.6768 -0.7118
vn -0.1875 0.6781 -0.7106
vn -0.3679 0.6883 0.6252
vn -0.4800 0.6917 0.5396
vn -0.4699 0.6918 0.5482
vn -0.4216 0.6897 0.5888
vn -0.5919 0.7170 0.3681
vn -0.5976 0.7392 0.3105
vn -0.6087 0.7007 0.3722
vn -0.5998 0.7132 0.3628
vn -0.1008 0.4369 0.8938
vn -0.7180 0.0140 -0.6960
vn 0.4284 -0.0008 0.9036
vn -0.4247 0.4434 -0.7893
vn -0.1139 0.7950 -0.5958
vn -0.1164 0.7862 -0.6069
vn -0.0894 0.7847 -0.6134
vn -0.1103 0.7947 -0.5969
vn -0.9220 0.1679 -0.3488
vn -0.9145 0.1713 -0.3664
vn -0.9148 0.1712 -0.3659
vn 0.9940 -0.0000 0.1098
vn -0.7168 0.6876 0.1155
vn -0.7064 0.6974 0.1211
vn -0.7072 0.6966 0.1209
vn -0.7076 0.6967 0.1180
vn -0.6344 -0.0000 0.7730
vn -0.7730 -0.0000 -0.6344
vn 0.2903 -0.0000 -0.9569
vn 0.6344 -0.0000 -0.7730
vn 0.9569 -0.0000 -0.2903
vn 0.9569 -0.0000 -0.2904
vn 0.9572 -0.0000 0.2896
vn 0.9569 -0.0000 0.2903
vn -0.9604 -0.2193 -0.1720
vn -0.9999 0.0018 -0.0162
vn -0.6214 -0.6491 -0.4388
vn 0.9999 0.0042 0.0132
vn 0.9277 -0.2316 -0.2926
vn 0.6545 -0.4817 -0.5827
vn -0.6717 -0.6763 -0.3024
vn -0.2905 0.6718 0.6814
vn 0.8422 0.3670 0.3949
vn 0.8689 0.3487 0.3512
vn 0.9998 0.0115 0.0174
vn 1.0000 -0.0021 0.0017
vn -0.9989 0.0361 0.0311
vn -0.9634 0.1928 0.1865
vn -0.2156 0.7163 0.6637
vn -0.6063 -0.4614 -0.6477
vn -0.4137 -0.4987 -0.7617
vn -0.5941 -0.4405 -0.6731
vn -0.6751 -0.6948 -0.2481
vn -0.9999 0.0044 -0.0133
vn 1.0000 0.0031 0.0066
vn -0.7487 -0.3612 -0.5558
vn -0.9997 0.0195 0.0158
vn -0.3289 0.7146 0.6174
vn -0.8707 -0.2641 -0.4148
vn 0.8812 0.3418 0.3266
vn 0.9999 0.0071 0.0132
vn -0.9542 -0.1536 -0.2566
vn 0.4280 0.6820 -0.5931
vn -0.1702 0.0044 0.9854
vn -0.1745 0.0018 0.9847
vn 0.3948 0.6599 0.6392
vn -0.5468 -0.5437 -0.6367
vn 0.7368 -0.4643 -0.4915
vn -0.9858 -0.0889 -0.1423
vn 0.8938 0.3326 0.3007
vn 1.0000 0.0013 0.0051
vn -0.6094 -0.4919 -0.6218
vn -1.0000 -0.0026 -0.0054
vn 0.9999 0.0050 0.0098
vn -0.9999 -0.0001 -0.0110
vn -0.9823 0.1037 0.1563
vn -0.9051 0.2369 0.3532
vn 0.6022 -0.5585 -0.5705
vn -0.7942 0.3406 0.5032
vn -0.3154 0.7393 0.5950
vn 0.8771 0.3825 0.2905
vn 1.0000 -0.0028 0.0043
vn -0.2521 -0.6601 -0.7076
vn -0.7762 -0.4175 -0.4724
vn -0.9996 -0.0137 -0.0240
vn -0.6682 0.4200 0.6141
vn 0.1776 0.7917 -0.5845
vn 0.1777 0.8068 -0.5635
vn 0.1680 0.8327 -0.5277
vn 0.1752 0.8292 -0.5308
vn -0.8721 0.2809 0.4006
vn -0.5685 0.6600 0.4912
vn 0.8708 0.4123 0.2677
vn 1.0000 -0.0016 0.0012
vn -0.5276 0.4700 0.7077
vn -0.3529 0.5146 0.7814
vn -0.7009 0.4424 0.5595
vn -0.1727 0.5455 0.8201
vn -0.0930 0.9337 0.3457
vn 0.8088 0.5311 0.2527
vn 0.8967 0.4218 0.1340
vn 1.0000 0.0057 0.0026
vn -0.8086 -0.4025 -0.4292
vn -1.0000 0.0042 -0.0025
vn -0.1947 0.5403 0.8186
vn 0.0986 0.5645 0.8195
vn 1.0000 0.0057 -0.0012
vn -0.2833 -0.6800 -0.6763
vn 0.6494 -0.5616 -0.5127
vn -0.9826 0.1125 0.1477
vn 0.9998 0.0054 -0.0198
vn 0.9355 -0.2769 -0.2195
vn -0.2204 0.6365 0.7391
vn -0.4092 0.1560 -0.8990
vn -0.3858 0.1585 -0.9089
vn -0.3847 0.1586 -0.9093
vn 0.9393 -0.2815 -0.1962
vn 0.8719 0.2822 0.4003
vn 0.8511 0.3238 0.4133
vn -0.9576 0.1975 0.2098
vn -0.4205 0.6103 0.6713
vn 0.9996 -0.0106 -0.0252
vn 0.9419 -0.3011 -0.1491
vn -0.3089 -0.7124 -0.6301
vn -0.9621 -0.1961 -0.1896
vn -1.0000 -0.0011 -0.0098
vn -0.9935 0.0812 0.0792
vn 0.8491 0.3382 0.4058
vn 0.8483 0.3463 0.4006
vn 1.0000 0.0039 0.0064
vn 0.9999 0.0056 0.0115
vn 0.7713 0.3379 0.5393
vn 0.9096 -0.2288 -0.3469
vn -0.2349 0.6696 0.7046
vn -0.9916 -0.0977 -0.0844
vn 0.9996 0.0139 0.0242
vn 0.8765 -0.2771 -0.3937
vn 0.3332 0.0042 0.9429
vn 0.5953 -0.2316 0.7694
vn 0.7730 -0.4817 0.4128
vn 0.0628 -0.6732 -0.7368
vn 0.1970 -0.6491 -0.7348
vn -0.3303 0.0018 -0.9439
vn -0.7398 0.6718 -0.0371
vn -0.0794 0.3670 0.9268
vn -0.0292 0.3487 0.9368
vn 0.3293 0.0115 0.9442
vn 0.3441 -0.0021 0.9389
vn -0.3745 0.0361 -0.9265
vn -0.5080 0.1928 -0.8395
vn -0.6973 0.7163 0.0271
vn 0.3982 -0.4614 -0.7928
vn 0.5717 -0.4987 -0.6515
vn 0.4263 -0.4405 -0.7901
vn 0.1969 -0.8930 -0.4048
vn -0.3287 0.0046 -0.9444
vn 0.3395 0.0031 0.9406
vn 0.2628 -0.3612 -0.8947
vn -0.3604 0.0195 -0.9326
vn -0.6930 0.7146 -0.0952
vn 0.0883 -0.2641 -0.9604
vn -0.0020 0.3418 0.9398
vn 0.3332 0.0071 0.9428
vn -0.0891 -0.1536 -0.9841
vn -0.6856 0.7165 0.1287
vn 0.7697 0.0042 -0.6384
vn 0.7715 0.0018 -0.6362
vn 0.1142 0.6599 -0.7427
vn 0.4085 -0.5437 -0.7332
vn 0.7159 -0.4643 0.5215
vn -0.2072 -0.0889 -0.9743
vn 0.0267 0.3326 0.9427
vn 0.3409 0.0013 0.9401
vn 0.3729 -0.4919 -0.7867
vn -0.3405 -0.0026 -0.9402
vn 0.3364 0.0050 0.9417
vn -0.3353 -0.0001 -0.9421
vn -0.4861 0.1037 -0.8677
vn -0.6442 0.2369 -0.7272
vn 0.7435 -0.5585 0.3678
vn -0.7467 0.3406 -0.5713
vn -0.6673 0.7393 -0.0903
vn 0.0305 0.3825 0.9235
vn 0.3416 -0.0028 0.9398
vn 0.5768 -0.6601 -0.4811
vn 0.1750 -0.4174 -0.8917
vn -0.3230 -0.0137 -0.9463
vn -0.8072 0.4200 -0.4147
vn 0.2759 0.8053 -0.5248
vn 0.2564 0.8294 -0.4964
vn -0.6773 0.2809 -0.6799
vn -0.6574 0.6599 -0.3638
vn 0.0497 0.4123 0.9097
vn 0.3445 -0.0016 0.9388
vn -0.8464 0.4700 -0.2505
vn -0.8552 0.5146 -0.0611
vn -0.7672 0.4424 -0.4644
vn -0.8293 0.5455 0.1214
vn 0.3431 0.0058 0.9393
vn 0.1233 -0.4025 -0.9071
vn -0.3433 0.0042 -0.9392
vn -0.8355 0.5403 0.1003
vn -0.7349 0.5645 0.3757
vn 0.3467 0.0057 0.9379
vn 0.5367 -0.6800 -0.4995
vn 0.7056 -0.5616 0.4322
vn -0.4782 0.1125 -0.8710
vn 0.0434 0.5343 0.8442
vn 0.3640 0.0058 0.9314
vn 0.5293 -0.2768 0.8020
vn -0.7697 0.6365 0.0486
vn -0.8762 0.3294 0.3518
vn -0.8791 0.3287 0.3451
vn -0.8828 0.3279 0.3364
vn 0.5088 -0.2815 0.8136
vn -0.0743 0.2822 0.9565
vn -0.0936 0.3238 0.9415
vn -0.5279 0.1975 -0.8261
vn -0.7753 0.6103 -0.1626
vn 0.3667 -0.0096 0.9303
vn 0.4645 -0.2954 0.8348
vn 0.4846 -0.7124 -0.5077
vn -0.1546 -0.1961 -0.9683
vn -0.3364 -0.0011 -0.9417
vn -0.4177 0.0812 -0.9049
vn -0.0873 0.3382 0.9370
vn -0.0827 0.3463 0.9345
vn 0.3396 0.0039 0.9406
vn 0.3348 0.0056 0.9423
vn -0.2395 0.3379 0.9102
vn 0.6399 -0.2288 0.7336
vn -0.7009 0.6874 -0.1903
vn -0.7004 0.6875 -0.1921
vn -0.7000 0.6879 -0.1918
vn -0.7005 0.6878 -0.1902
vn -0.7423 0.6696 0.0231
vn -0.1706 -0.2193 -0.9606
vn -0.2635 -0.0977 -0.9597
vn 0.3227 0.0139 0.9464
vn 0.6723 -0.2771 0.6864
vn -0.7696 0.0042 0.6385
vn -0.5163 -0.2316 0.8245
vn -0.1202 -0.4817 0.8681
vn 0.7576 -0.6491 -0.0691
vn -0.2208 0.6718 -0.7071
vn -0.8972 0.3670 0.2458
vn -0.8891 0.3487 0.2963
vn -0.7722 0.0115 0.6353
vn -0.7649 -0.0025 0.6441
vn 0.7400 0.0360 -0.6716
vn 0.6122 0.1928 -0.7668
vn -0.2664 0.7163 -0.6450
vn 0.8816 -0.4614 0.0997
vn 0.8090 -0.4987 0.3113
vn 0.8887 -0.4405 0.1269
vn -0.7655 0.0034 0.6434
vn 0.9304 -0.3612 -0.0626
vn 0.7506 0.0195 -0.6605
vn -0.1502 0.7146 -0.6832
vn 0.9318 -0.2641 -0.2490
vn -0.8825 0.3418 0.3230
vn -0.7698 0.0075 0.6383
vn 0.8927 -0.1536 -0.4237
vn 0.9669 0.0365 -0.2526
vn 0.1138 -0.6105 0.7838
vn -0.3895 -0.3635 0.8463
vn 0.8291 -0.5437 0.1299
vn 0.8426 -0.0889 -0.5312
vn -0.8753 0.3326 0.3509
vn -0.7644 0.0013 0.6448
vn 0.8671 -0.4919 0.0780
vn 0.7646 -0.0026 -0.6445
vn -0.7674 0.0050 0.6411
vn 0.7682 -0.0001 -0.6402
vn 0.6462 0.1037 -0.7561
vn 0.4597 0.2369 -0.8559
vn -0.1425 -0.5334 0.8338
vn 0.2780 0.3406 -0.8981
vn -0.1459 0.7393 -0.6574
vn -0.8560 0.3824 0.3479
vn -0.7639 -0.0028 0.6454
vn 0.4937 -0.6851 0.5356
vn 0.8951 -0.4257 -0.1324
vn 0.7764 -0.0137 -0.6301
vn 0.1102 0.4200 -0.9008
vn 0.1254 0.9387 -0.3210
vn 0.8871 -0.0061 0.4616
vn 0.8651 0.0042 0.5016
vn -0.3574 0.7167 -0.5988
vn 0.4040 0.2809 -0.8706
vn -0.8364 0.4124 0.3611
vn -0.7619 -0.0016 0.6477
vn -0.0575 0.4700 -0.8808
vn -0.2383 0.5146 -0.8236
vn 0.1706 0.4424 -0.8804
vn -0.4005 0.5455 -0.7362
vn -0.7628 0.0057 0.6466
vn 0.8938 -0.4025 -0.1978
vn 0.7627 0.0042 -0.6468
vn -0.3829 0.5403 -0.7493
vn -0.6066 0.5645 -0.5598
vn -0.8819 0.0082 -0.4713
vn -0.8899 -0.0046 -0.4561
vn -0.7603 0.0057 0.6495
vn 0.6542 -0.6800 0.3310
vn -0.1616 -0.5616 0.8114
vn 0.6520 0.1125 -0.7498
vn -0.7471 0.0082 0.6647
vn -0.5695 -0.2770 0.7739
vn -0.3116 0.6365 -0.7055
vn -0.5875 -0.2816 0.7586
vn -0.9232 0.2822 0.2609
vn -0.9158 0.3238 0.2375
vn 0.5927 0.1975 -0.7808
vn -0.1154 0.6103 -0.7837
vn 0.6438 -0.7124 0.2792
vn 0.8552 -0.1961 -0.4798
vn 0.7674 -0.0011 -0.6412
vn 0.7048 0.0812 -0.7047
vn -0.9095 0.3382 0.2419
vn -0.9055 0.3463 0.2454
vn -0.7652 0.0039 0.6438
vn -0.7685 0.0056 0.6398
vn -0.9369 0.3378 0.0899
vn -0.4672 -0.2288 0.8540
vn -0.8956 -0.2937 -0.3340
vn 0.4257 -0.6763 0.6012
vn -0.0140 -0.9266 0.3758
vn -0.2782 0.6696 -0.6886
vn 0.8425 -0.2193 -0.4921
vn 0.8095 -0.0977 -0.5789
vn -0.7765 0.0139 0.6299
vn -0.4118 -0.2771 0.8681
vn -0.8652 0.0042 -0.5015
vn -0.9521 -0.2317 -0.1995
vn -0.8561 -0.4817 0.1873
vn 0.3267 -0.6491 0.6870
vn 0.8637 0.0018 0.5041
vn 0.5872 0.6718 -0.4516
vn -0.5407 0.3670 -0.7569
vn -0.5854 0.3487 -0.7319
vn -0.8630 0.0115 -0.5050
vn -0.8688 -0.0025 -0.4952
vn 0.8860 0.0361 0.4623
vn 0.9312 0.1927 0.3095
vn 0.5131 0.7163 -0.4729
vn 0.2111 -0.4614 0.8617
vn -0.0125 -0.4987 0.8667
vn 0.1881 -0.4405 0.8778
vn -0.8683 0.0034 -0.4960
vn 0.3803 -0.3612 0.8514
vn 0.8792 0.0195 0.4761
vn 0.5892 0.7146 -0.3771
vn 0.5558 -0.2641 0.7883
vn -0.6081 0.3419 -0.7165
vn -0.8650 0.0075 -0.5017
vn 0.7061 -0.1536 0.6912
vn -0.6961 -0.6105 0.3777
vn -0.9287 -0.3635 -0.0731
vn 0.1647 -0.5437 0.8230
vn 0.7896 -0.0889 0.6071
vn -0.6318 0.3326 -0.7001
vn -0.8692 0.0013 -0.4944
vn 0.2265 -0.4919 0.8407
vn 0.8691 -0.0026 0.4947
vn -0.8669 0.0050 -0.4985
vn 0.8663 -0.0001 0.4996
vn 0.9328 0.1037 0.3451
vn 0.9620 0.2369 0.1356
vn -0.8317 -0.5333 0.1545
vn 0.9389 0.3406 -0.0495
vn 0.5664 0.7393 -0.3641
vn -0.6222 0.3825 -0.6830
vn -0.8696 -0.0028 -0.4938
vn -0.3320 -0.6851 0.6484
vn 0.4336 -0.4257 0.7942
vn 0.8596 -0.0137 0.5107
vn 0.8834 0.4200 -0.2080
vn 0.7507 0.1867 -0.6337
vn 0.9565 0.2809 0.0782
vn 0.7363 0.6599 -0.1496
vn -0.6279 0.4123 -0.6601
vn -0.8711 -0.0016 -0.4911
vn 0.8067 0.4700 -0.3584
vn 0.6905 0.5146 -0.5082
vn 0.8851 0.4424 -0.1443
vn 0.5524 0.5455 -0.6303
vn -0.8704 0.0057 -0.4923
vn 0.4945 -0.4026 0.7703
vn 0.8705 0.0042 0.4921
vn 0.5708 0.5403 -0.6182
vn 0.3156 0.5645 -0.7627
vn -0.5018 0.4922 0.7113
vn -0.5126 0.4961 0.7008
vn -0.5115 0.4957 0.7018
vn -0.8723 0.0057 -0.4890
vn -0.0844 -0.6800 0.7283
vn -0.8173 -0.5616 0.1288
vn 0.9289 0.1125 0.3528
vn -0.9231 -0.2768 -0.2670
vn 0.5543 0.6365 -0.5363
vn -0.9149 -0.2815 -0.2891
vn -0.5639 0.2822 -0.7762
vn -0.5394 0.3238 -0.7773
vn 0.9376 0.1975 0.2863
vn 0.6955 0.6103 -0.3792
vn -0.0395 -0.7124 0.7007
vn 0.7458 -0.1961 0.6367
vn 0.8669 -0.0011 0.4985
vn 0.9049 0.0812 0.4178
vn -0.5413 0.3382 -0.7698
vn -0.5432 0.3463 -0.7649
vn -0.8686 0.0039 -0.4956
vn -0.8660 0.0056 -0.5000
vn -0.4081 0.3379 -0.8481
vn -0.9629 -0.2288 -0.1433
vn 0.5500 0.6696 -0.4991
vn 0.7529 -0.2193 0.6205
vn 0.8231 -0.0977 0.5594
vn -0.8595 0.0139 -0.5109
vn -0.9570 -0.2771 -0.0863
vn 0.1716 0.0042 -0.9852
vn -0.1419 -0.2317 -0.9624
vn -0.4716 -0.4817 -0.7386
vn -0.3940 -0.6614 0.6382
vn -0.5317 -0.6491 0.5440
vn 0.6267 0.6718 0.3949
vn 0.5234 0.3670 -0.7690
vn 0.4845 0.3487 -0.8023
vn 0.1756 0.0115 -0.9844
vn 0.1644 -0.0025 -0.9864
vn -0.1276 0.0361 0.9912
vn 0.0315 0.1928 0.9807
vn 0.6211 0.7163 0.3180
vn -0.7356 -0.4614 0.4959
vn -0.8176 -0.4987 0.2878
vn -0.7587 -0.4405 0.4799
vn -0.2173 -0.2150 0.9521
vn 0.1653 0.0034 -0.9862
vn -0.6675 -0.3612 0.6511
vn -0.1428 0.0195 0.9896
vn 0.5575 0.7146 0.4226
vn -0.5476 -0.2641 0.7940
vn 0.4622 0.3418 -0.8183
vn 0.1718 0.0075 -0.9851
vn -0.4046 -0.1536 0.9015
vn -0.5950 -0.6105 -0.5227
vn -0.2524 -0.3635 -0.8967
vn -0.7153 -0.5437 0.4390
vn -0.2968 -0.0889 0.9508
vn 0.4386 0.3326 -0.8349
vn 0.1635 0.0013 -0.9865
vn -0.7106 -0.4919 0.5031
vn -0.1639 -0.0026 0.9865
vn 0.1682 0.0050 -0.9857
vn -0.1694 -0.0001 0.9855
vn -0.0014 0.1037 0.9946
vn 0.2053 0.2369 0.9496
vn -0.4324 -0.5333 -0.7270
vn 0.3710 0.3406 0.8639
vn 0.5375 0.7393 0.4057
vn 0.4259 0.3825 -0.8199
vn 0.1628 -0.0028 -0.9867
vn -0.7232 -0.6851 -0.0874
vn -0.5954 -0.4257 0.6814
vn -0.1821 -0.0137 0.9832
vn 0.5005 0.4200 0.7571
vn 0.3574 0.8302 0.4278
vn 0.3815 0.8024 0.4589
vn 0.3911 0.7855 0.4797
vn 0.3586 0.8279 0.4313
vn 0.2572 0.2809 0.9246
vn 0.4024 0.4123 -0.8174
vn 0.1597 -0.0016 -0.9872
vn 0.6151 0.4700 0.6331
vn 0.7156 0.5146 0.4723
vn 0.4413 0.4424 0.7807
vn 0.7824 0.5455 0.3005
vn 0.1611 0.0057 -0.9869
vn -0.5519 -0.4025 0.7303
vn -0.1609 0.0042 0.9870
vn 0.7774 0.5403 0.3220
vn 0.8248 0.5645 0.0326
vn 0.1886 0.1202 0.9747
vn 0.1573 0.0057 -0.9875
vn -0.7126 -0.6800 0.1725
vn -0.4033 -0.5616 -0.7224
vn -0.0100 0.1125 0.9936
vn 0.1377 0.0080 -0.9904
vn -0.0685 -0.2769 -0.9585
vn 0.6948 0.6365 0.3348
vn -0.0448 -0.2815 -0.9585
vn 0.5334 0.2822 -0.7974
vn 0.5430 0.3238 -0.7748
vn 0.0554 0.1975 0.9787
vn 0.5962 0.6103 0.5216
vn 0.1294 -0.0008 -0.9916
vn -0.0035 -0.3068 -0.9518
vn -0.6711 -0.7124 0.2051
vn -0.3397 -0.1961 0.9199
vn -0.1682 -0.0011 0.9858
vn -0.0793 0.0812 0.9935
vn 0.5353 0.3382 -0.7740
vn -0.1143 -0.5944 -0.7960
vn 0.5300 0.3463 -0.7741
vn 0.1648 0.0039 -0.9863
vn 0.1699 0.0056 -0.9855
vn 0.6548 0.3379 -0.6761
vn -0.1983 -0.2288 -0.9530
vn 0.6584 0.6696 0.3436
vn -0.3220 -0.2193 0.9210
vn -0.2405 -0.0977 0.9657
vn 0.1824 0.0139 -0.9831
vn -0.2498 -0.2771 -0.9278
vn 0.0119 0.9948 -0.1010
vn -0.0000 1.0000 -0.0000
vn 0.0313 0.9948 -0.0967
vn -0.0000 -1.0000 -0.0000
vn 0.0118 -0.9948 -0.1010
vn 0.0313 -0.9948 -0.0967
vn 0.0496 0.9948 -0.0888
vn 0.0495 -0.9948 -0.0888
vn 0.0659 0.9948 -0.0774
vn 0.0659 -0.9948 -0.0774
vn 0.0798 0.9948 -0.0630
vn 0.0798 -0.9948 -0.0630
vn 0.0905 0.9948 -0.0462
vn 0.0905 -0.9948 -0.0463
vn 0.0978 0.9948 -0.0277
vn 0.0978 -0.9948 -0.0277
vn 0.1013 0.9948 -0.0081
vn 0.1013 -0.9948 -0.0081
vn 0.1010 0.9948 0.0118
vn 0.1010 -0.9948 0.0118
vn 0.0967 0.9948 0.0313
vn 0.0967 -0.9948 0.0313
vn 0.0887 0.9948 0.0496
vn 0.0888 -0.9948 0.0495
vn 0.0774 0.9948 0.0659
vn 0.0774 -0.9948 0.0659
vn 0.0630 0.9948 0.0798
vn 0.0631 -0.9948 0.0797
vn 0.0462 0.9948 0.0905
vn 0.0463 -0.9948 0.0905
vn 0.0277 0.9948 0.0978
vn 0.0277 -0.9948 0.0978
vn 0.0081 0.9948 0.1013
vn 0.0081 -0.9948 0.1013
vn -0.0118 0.9948 0.1010
vn -0.0119 -0.9948 0.1010
vn -0.0313 0.9948 0.0967
vn -0.0313 -0.9948 0.0967
vn -0.0496 0.9948 0.0888
vn -0.0496 -0.9948 0.0888
vn -0.0659 0.9948 0.0774
vn -0.0659 -0.9948 0.0774
vn -0.0798 0.9948 0.0630
vn -0.0798 -0.9948 0.0630
vn -0.0905 0.9948 0.0462
vn -0.0905 -0.9948 0.0463
vn -0.0978 0.9948 0.0277
vn -0.0978 -0.9948 0.0277
vn -0.1013 0.9948 0.0081
vn -0.1013 -0.9948 0.0081
vn -0.1010 0.9948 -0.0118
vn -0.1010 -0.9948 -0.0118
vn -0.0967 0.9948 -0.0313
vn -0.0967 -0.9948 -0.0313
vn -0.0888 -0.9948 -0.0496
vn -0.0888 0.9948 -0.0496
vn -0.0774 0.9948 -0.0659
vn -0.0774 -0.9948 -0.0659
vn -0.0630 0.9948 -0.0798
vn -0.0630 -0.9948 -0.0798
vn -0.0462 0.9948 -0.0905
vn -0.0463 -0.9948 -0.0905
vn -0.0277 0.9948 -0.0978
vn -0.0277 -0.9948 -0.0978
vn -0.0081 0.9948 -0.1013
vn -0.0081 -0.9948 -0.1013
vn 0.9956 -0.0000 0.0935
vn -0.9956 -0.0001 -0.0934
vn -0.9956 -0.0003 -0.0935
vn -0.9956 -0.0000 -0.0934
vn 0.5950 0.0391 -0.8028
vn 0.9822 0.0170 -0.1873
vn 0.9888 -0.0415 -0.1434
vn 0.9986 -0.0113 -0.0516
vn -0.0006 0.9996 0.0265
vn -0.0188 0.9974 -0.0691
vn -0.0166 0.9997 -0.0203
vn 0.0023 -1.0000 0.0006
vn 0.0036 -1.0000 -0.0019
vn -0.0123 -0.9996 -0.0268
vn 0.9069 0.2660 0.3267
vn 0.7719 0.2524 0.5835
vn 0.7909 0.0491 -0.6100
vn 0.9697 0.1398 -0.2005
vn 0.9952 0.0844 -0.0491
vn 0.7856 0.1620 -0.5971
vn 0.5849 0.0731 0.8078
vn 0.6189 0.5698 0.5407
vn 0.7694 0.1513 -0.6206
vn 0.5809 0.0625 -0.8116
vn 0.6596 0.0133 0.7515
vn 0.7918 0.0600 0.6079
vn 0.6994 0.5159 -0.4947
vn 0.9814 0.0998 0.1642
vn -0.9164 0.1844 -0.3552
vn -0.9076 0.1856 -0.3765
vn -0.9071 0.1857 -0.3778
vn 0.9988 -0.0246 0.0415
vn -0.3408 -0.4795 -0.8087
vn -0.3446 -0.4673 -0.8142
vn -0.3381 -0.4881 -0.8046
vn -0.3502 -0.3285 -0.8772
vn -0.2258 -0.1490 -0.9627
vn 0.5834 0.5448 -0.6023
vn 0.7310 0.1548 0.6646
vn 0.7182 0.2362 -0.6545
vn 0.0006 0.9992 -0.0400
vn 0.0006 0.9992 -0.0404
vn 0.0004 0.9546 -0.2980
vn 0.0018 0.9942 -0.1077
vn -0.2589 0.9387 -0.2277
vn 0.7397 -0.0061 -0.6729
vn 0.7865 0.1786 -0.5912
vn 0.7856 0.1620 0.5971
vn 0.9538 0.3006 -0.0000
vn 0.9537 0.3006 0.0139
vn 0.7744 0.2405 0.5851
vn 0.9822 0.0170 0.1873
vn 0.9947 -0.0393 0.0949
vn 0.9888 -0.0415 0.1434
vn -0.3532 -0.3713 -0.8587
vn 0.9903 0.1348 0.0346
vn 0.9952 0.0844 0.0491
vn -0.3307 -0.5310 -0.7802
vn 0.9971 -0.0137 0.0747
vn 0.9971 -0.0136 0.0747
vn 0.9971 -0.0131 0.0747
vn -0.3506 -0.2306 0.9077
vn 0.9986 -0.0113 0.0516
vn 0.8391 0.4201 -0.3457
vn 0.9459 0.1793 -0.2705
vn 0.7234 0.6046 0.3335
vn 0.9697 0.1398 0.2005
vn 0.7929 0.1943 -0.5776
vn 0.6377 0.0292 -0.7697
vn 0.5950 0.0391 0.8028
vn 0.5526 0.3583 -0.7525
vn 0.5559 0.2162 -0.8026
vn 0.5553 0.1481 -0.8184
vn 0.8462 0.0285 0.5321
vn -0.3476 -0.4295 0.8335
vn -0.3307 -0.5310 0.7802
vn -0.3446 -0.4673 0.8142
vn -0.3408 -0.4795 0.8087
vn -0.3381 -0.4881 0.8046
vn 0.5388 0.6192 0.5713
vn 0.5368 0.6199 0.5723
vn 0.5350 0.6234 0.5703
vn 0.5863 0.6280 0.5117
vn 0.0113 -0.4829 -0.8756
vn -0.9731 0.1304 -0.1901
vn -0.9686 0.1330 -0.2102
vn -0.9728 0.1305 -0.1911
vn 0.0132 -0.4367 0.8995
vn 0.7310 0.1548 -0.6646
vn 0.9903 0.1348 -0.0346
vn -0.5980 0.7911 -0.1285
vn -0.6053 0.7810 -0.1539
vn -0.5656 0.8052 -0.1785
vn -0.5875 0.7892 -0.1791
vn 0.9814 0.0998 -0.1642
vn 0.7929 0.1943 0.5776
vn 0.6613 0.3913 0.6400
vn -0.3532 -0.3713 0.8587
vn -0.3502 -0.3285 0.8772
vn 0.8163 0.3450 0.4633
vn 0.7190 0.3873 -0.5771
vn 0.9971 -0.0136 -0.0747
vn 0.9971 -0.0137 -0.0747
vn 0.9971 -0.0131 -0.0747
vn 0.9988 -0.0246 -0.0415
vn 0.9947 -0.0393 -0.0949
vn 0.7394 0.0603 0.6706
vn -0.2258 -0.1490 0.9627
vn 0.5722 0.0358 0.8193
vn 0.6596 0.0133 -0.7515
vn -0.0128 -0.9731 -0.2301
vn -0.0143 -0.9735 -0.2284
vn 0.0080 -0.9664 -0.2569
vn 0.0033 -0.9053 -0.4247
vn -0.8940 -0.4479 -0.0083
vn -0.0168 -0.9992 0.0355
vn -0.0168 -0.9988 0.0459
vn -0.0154 -0.9990 0.0409
vn 0.0065 -0.9999 -0.0113
vn 0.0121 -0.9998 -0.0150
vn -0.0077 -0.9998 -0.0191
vn -0.2788 -0.0000 0.9603
vn 0.7118 0.0046 0.7024
vn -0.9939 -0.0000 -0.1101
vn 0.6252 -0.0000 0.7805
vn -0.8761 -0.0000 -0.4821
vn 0.7806 -0.0000 -0.6251
vn -0.9604 -0.0000 -0.2786
vn 0.2789 -0.0000 0.9603
vn -0.2786 -0.0000 -0.9604
vn -0.9604 -0.0000 0.2787
vn 0.1098 -0.0000 0.9940
vn -0.6249 -0.0000 -0.7807
vn 0.6250 -0.0000 -0.7806
vn -0.9939 -0.0000 0.1101
vn 0.9603 -0.0000 0.2789
vn -0.4821 -0.0000 -0.8761
vn 0.1101 -0.0000 -0.9939
vn 0.9603 -0.0000 -0.2788
vn 0.2787 -0.0000 -0.9604
vn 0.9939 -0.0000 -0.1099
vn -0.7807 -0.0000 -0.6249
vn 0.4818 -0.0000 0.8763
vn 0.8763 -0.0000 0.4818
vn 0.8762 -0.0000 -0.4819
vn 0.7805 -0.0000 0.6252
vn -0.1101 -0.0000 -0.9939
vn 0.3851 0.7844 -0.4862
vn 0.3509 0.7891 -0.5041
vn 0.2575 0.8389 -0.4795
vn -0.0980 -0.0000 0.9952
vn -0.2903 -0.0000 0.9569
vn -0.4714 -0.0000 0.8819
vn -0.7730 -0.0000 0.6344
vn -0.8819 -0.0000 0.4714
vn -0.9569 -0.0000 0.2903
vn -0.9952 -0.0000 0.0980
vn -0.9952 -0.0000 -0.0980
vn -0.9948 -0.0000 -0.1017
vn -0.9947 -0.0000 -0.1023
vn -0.9569 -0.0000 -0.2903
vn -0.8819 -0.0000 -0.4714
vn -0.6344 -0.0000 -0.7730
vn -0.4714 -0.0000 -0.8819
vn -0.2903 -0.0000 -0.9569
vn -0.0980 -0.0000 -0.9952
vn 0.0980 -0.0000 -0.9952
vn 0.4714 -0.0000 -0.8819
vn 0.7730 -0.0000 -0.6344
vn 0.8819 -0.0000 -0.4714
vn 0.9952 -0.0000 -0.0980
vn 0.9952 -0.0000 0.0980
vn 0.8819 -0.0000 0.4714
vn 0.7730 -0.0000 0.6344
vn 0.6344 -0.0000 0.7730
vn 0.4714 -0.0000 0.8819
vn 0.2903 -0.0000 0.9569
vn 0.0980 -0.0000 0.9952
vn 0.7457 -0.5410 -0.3889
vn 0.8247 -0.5352 -0.1828
vn -0.9998 -0.0001 0.0207
vn -0.0283 0.5461 0.8373
vn 0.3746 0.5074 0.7760
vn 0.5401 0.4634 0.7026
vn 0.6823 0.4034 0.6097
vn 0.9764 0.1173 0.1813
vn 0.8815 0.2577 0.3958
vn -0.9999 -0.0045 -0.0126
vn -0.8160 0.1816 -0.5488
vn -0.8056 0.1799 -0.5644
vn -0.8051 0.1798 -0.5653
vn 0.9468 -0.1797 -0.2670
vn -0.1135 -0.1797 -0.9772
vn -0.2379 -0.2573 -0.9366
vn 0.8870 -0.2573 -0.3834
vn 0.3914 -0.5013 -0.7717
vn 0.1918 -0.5297 -0.8262
vn 0.1135 -0.5352 -0.8370
vn 0.6226 -0.5410 0.5654
vn 0.4565 -0.5352 0.7107
vn -0.3565 -0.0015 -0.9343
vn -0.7954 0.5461 0.2629
vn -0.5987 0.5074 0.6197
vn -0.4726 0.4634 0.7496
vn -0.3363 0.4034 0.8510
vn 0.1674 0.1173 0.9789
vn -0.0667 0.2577 0.9639
vn -0.3338 -0.0045 -0.9426
vn 0.9942 0.0041 -0.1072
vn 0.5778 -0.1797 0.7962
vn 0.6663 -0.2573 0.6999
vn 0.8594 -0.5013 0.1006
vn 0.8416 -0.5297 -0.1056
vn -0.8440 0.5306 0.0784
vn -0.8476 0.5291 0.0407
vn -0.8391 0.5430 0.0339
vn -0.8400 0.5373 0.0762
vn -0.5216 0.5461 -0.6556
vn -0.7884 0.5074 -0.3477
vn -0.8668 0.4634 -0.1844
vn -0.9148 0.4034 -0.0214
vn -0.8607 0.1173 0.4954
vn -0.9276 0.2577 0.2705
vn 0.7692 -0.0045 -0.6390
vn -0.5474 -0.1797 0.8173
vn -0.4264 -0.2573 0.8672
vn 0.2027 -0.5013 0.8412
vn 0.3900 -0.5297 0.7532
vn -0.8406 -0.5410 -0.0264
vn -0.8085 -0.5352 -0.2448
vn 0.4349 0.5461 -0.7160
vn 0.0537 0.5074 -0.8600
vn -0.1266 0.4634 -0.8771
vn -0.2961 0.4034 -0.8658
vn -0.7623 0.1173 -0.6365
vn -0.5744 0.2577 -0.7769
vn 0.8655 -0.0045 0.5009
vn -0.9562 -0.1797 -0.2312
vn -0.9611 -0.2573 -0.1004
vn -0.7193 -0.5013 0.4809
vn -0.5720 -0.5297 0.6263
vn -0.5091 -0.5352 0.6740
vn -0.7251 0.0020 0.6887
vn -0.1072 -0.5410 -0.8342
vn -0.1353 0.0136 0.9907
vn 0.8222 0.5461 0.1606
vn 0.8256 0.5074 -0.2468
vn 0.7793 0.4634 -0.4219
vn 0.7101 0.4034 -0.5770
vn 0.3338 0.1173 -0.9353
vn 0.5305 0.2577 -0.8076
vn -0.1709 -0.0045 0.9853
vn -0.6999 -0.5013 -0.5088
vn -0.7854 -0.5297 -0.3203
vn -0.6532 -0.3615 -0.6653
vn -0.3548 -0.3721 -0.8577
vn -0.8647 -0.3565 -0.3538
vn -0.6221 -0.4548 -0.6373
vn -0.3620 -0.3356 0.8697
vn 0.8386 -0.3579 -0.4106
vn 0.8665 -0.3574 -0.3485
vn 0.8402 -0.3579 -0.4075
vn 0.0090 -0.3832 -0.9236
vn -0.8941 -0.4479 -0.0083
vn 0.4230 0.8300 -0.3636
vn 0.4414 0.8114 -0.3830
vn 0.4553 0.8005 -0.3896
vn 0.4231 0.8260 -0.3725
vn 0.9147 -0.4038 0.0177
vn 0.9069 0.2660 -0.3267
vn 0.4190 0.8415 -0.3409
vn 0.4295 0.8298 -0.3564
vn 0.9575 -0.0000 0.2884
vn 0.9572 -0.0000 0.2894
vn 0.2812 -0.0000 0.9597
vn 0.2360 -0.0018 0.9717
vn -0.9828 0.0045 -0.1847
vn 0.4848 0.6582 -0.5760
vn 0.4929 0.6581 -0.5692
vn 0.4913 0.6609 -0.5673
vn 0.8038 0.1610 0.5727
vn 0.7909 0.0491 0.6100
vn 0.9840 0.0278 0.1761
vn 0.9959 0.0034 -0.0909
vn 0.9942 0.0041 0.1072
vn 0.9618 0.0255 -0.2725
vn 0.8462 0.0285 -0.5321
vn -0.8762 -0.0000 0.4820
vn 0.7064 -0.0004 -0.7079
vn 0.5527 -0.0016 -0.8334
vn -0.5670 0.7031 0.4291
vn -0.5754 0.7027 0.4184
vn -0.5817 0.7088 0.3990
vn -0.5766 0.7089 0.4062
vn 0.2367 0.5594 0.7944
vn 0.2463 0.5594 0.7914
vn 0.2461 0.5577 0.7927
vn 0.2370 0.5579 0.7954
vn -0.8309 0.0113 0.5563
vn -0.8621 0.0075 0.5067
vn 0.6599 0.7030 -0.2652
vn 0.6594 0.7036 -0.2649
vn 0.6489 0.7163 -0.2567
vn 0.6579 0.7233 -0.2095
vn -0.9775 0.0167 0.2101
vn 0.8274 0.0077 -0.5616
vn 0.9793 0.1750 -0.1013
vn -0.9892 0.0075 -0.1467
vn -0.4597 0.6919 0.5567
vn -0.5195 0.6995 0.4907
vn -0.5108 0.6997 0.4995
vn -0.6561 0.7124 0.2491
vn -0.6618 0.7065 0.2506
vn -0.6687 0.7070 0.2303
vn -0.6565 0.7124 0.2480
vn 0.1173 0.6869 0.7173
vn 0.0546 0.6896 0.7221
vn 0.0706 0.6898 0.7206
vn 0.1211 0.6866 0.7168
vn -0.8431 0.0126 -0.5376
vn 0.5577 0.5404 -0.6300
vn 0.5585 0.5404 -0.6293
vn 0.5584 0.5406 -0.6293
vn 0.5577 0.5406 -0.6299
vn -0.0087 0.9999 -0.0111
vn -0.0070 0.9999 -0.0095
vn -0.0071 0.9999 -0.0096
vn 0.0011 1.0000 -0.0025
vn -0.0137 0.9998 -0.0136
vn 0.0086 1.0000 0.0021
vn 0.0087 1.0000 0.0022
vn 0.0100 0.9999 0.0031
vn -0.0113 0.9999 -0.0073
vn -0.0234 0.9996 -0.0158
vn 0.0054 0.9998 -0.0194
vn -0.0284 0.9994 -0.0178
vn -0.0279 0.9995 -0.0176
vn 0.0723 0.9973 0.0144
vn 0.0623 0.9971 0.0432
vn 0.0800 0.9967 0.0159
vn 0.0748 0.9971 0.0149
vn -0.0911 0.9958 -0.0000
vn -0.0304 0.9992 0.0249
vn -0.0993 0.9951 -0.0000
vn -0.0942 0.9956 -0.0000
vn 0.0693 0.9975 -0.0142
vn 0.0700 0.9974 -0.0143
vn 0.0776 0.9969 -0.0157
vn 0.0388 0.9992 0.0029
vn -0.0247 0.9996 0.0166
vn -0.0159 0.9998 0.0110
vn -0.0298 0.9994 0.0185
vn -0.0242 0.9996 0.0163
vn 0.0086 1.0000 -0.0022
vn 0.0011 1.0000 0.0025
vn 0.0099 0.9999 -0.0030
vn 0.0084 1.0000 -0.0020
vn -0.0070 0.9999 0.0096
vn -0.0146 0.9998 0.0148
vn -0.0087 0.9999 0.0112
vn -0.0320 0.9990 0.0321
vn -0.0245 0.9996 0.0151
vn -0.0333 0.9989 0.0339
vn 0.0099 0.9991 -0.0403
vn 0.0159 0.9990 -0.0408
vn 0.0133 0.9988 -0.0478
vn 0.0101 0.9991 -0.0406
vn 0.0302 0.9970 -0.0714
vn 0.0391 0.9981 -0.0480
vn 0.0313 0.9966 -0.0766
vn 0.0303 0.9969 -0.0722
vn 0.0076 0.9932 0.1166
vn -0.0028 0.9972 0.0744
vn 0.0075 0.9919 0.1265
vn 0.0076 0.9927 0.1200
vn -0.0160 0.9983 -0.0558
vn -0.0044 0.9995 -0.0324
vn -0.0169 0.9980 -0.0604
vn -0.0164 0.9982 -0.0577
vn 0.0028 0.9999 -0.0160
vn 0.0029 0.9999 -0.0158
vn 0.0018 0.9998 -0.0183
vn 0.0074 0.9999 -0.0074
vn 0.0171 0.9998 0.0111
vn -0.0180 0.9996 0.0212
vn 0.0214 0.9996 0.0175
vn 0.0155 0.9998 0.0109
vn 0.0081 1.0000 0.0044
vn 0.0412 0.9975 0.0577
vn 0.0709 0.9936 0.0874
vn 0.0306 0.9972 0.0681
vn -0.0521 0.9980 0.0350
vn -0.1080 0.9936 -0.0317
vn -0.1464 0.9865 -0.0730
vn -0.1056 0.9938 -0.0362
vn -0.0459 0.9980 0.0423
vn -0.0842 0.9960 0.0294
vn -0.0791 0.9963 0.0347
vn -0.0788 0.9963 0.0331
vn -0.0863 0.9958 0.0293
vn -0.0489 0.9988 0.0002
vn -0.0516 0.9987 -0.0024
vn -0.0509 0.9987 -0.0034
vn -0.0409 0.9980 -0.0476
vn -0.0332 0.9989 -0.0337
vn -0.0288 0.9992 -0.0276
vn -0.0287 0.9992 -0.0274
vn -0.0245 0.9996 -0.0150
vn 0.5278 0.5003 0.6864
vn 0.5132 0.4903 0.7044
vn 0.5269 0.4997 0.6875
vn -0.6170 0.6878 -0.3824
vn -0.6801 0.6839 -0.2639
vn -0.5976 0.7392 -0.3105
vn -0.6081 0.7007 -0.3732
vn 0.0134 0.9988 0.0480
vn 0.0101 0.9991 0.0405
vn 0.0123 0.9989 0.0456
vn 0.0160 0.9990 0.0407
vn 0.0315 0.9965 0.0772
vn 0.0304 0.9970 0.0718
vn 0.0306 0.9969 0.0728
vn 0.0386 0.9981 0.0488
vn -0.0409 0.9980 0.0476
vn -0.0509 0.9987 0.0034
vn 0.0072 0.9919 -0.1271
vn 0.0073 0.9931 -0.1170
vn 0.0073 0.9926 -0.1209
vn -0.0167 0.9981 0.0595
vn -0.0161 0.9982 0.0570
vn -0.0161 0.9982 0.0571
vn 0.0018 0.9998 0.0183
vn 0.0028 0.9999 0.0160
vn 0.0029 0.9999 0.0158
vn 0.0074 0.9999 0.0074
vn 0.0214 0.9996 -0.0175
vn 0.0171 0.9998 -0.0111
vn 0.0155 0.9998 -0.0109
vn 0.0081 1.0000 -0.0044
vn 0.0709 0.9936 -0.0874
vn 0.0412 0.9975 -0.0577
vn 0.0306 0.9972 -0.0681
vn -0.0521 0.9980 -0.0350
vn -0.1056 0.9938 0.0363
vn -0.1464 0.9865 0.0730
vn -0.1080 0.9936 0.0317
vn -0.0788 0.9963 -0.0331
vn -0.0842 0.9960 -0.0294
vn -0.0863 0.9958 -0.0293
vn -0.0459 0.9980 -0.0423
vn -0.0791 0.9963 -0.0347
vn -0.0516 0.9987 0.0024
vn -0.0489 0.9988 -0.0002
vn -0.6582 0.5436 -0.5208
vn -0.6579 0.5436 -0.5211
vn -0.6579 0.5437 -0.5211
vn -0.6582 0.5437 -0.5208
vn 0.0915 -0.9957 -0.0168
vn 0.0442 -0.9985 -0.0330
vn 0.0763 -0.9971 -0.0072
vn 0.0818 -0.9966 -0.0092
vn 0.0764 -0.9966 -0.0313
vn 0.0781 -0.9969 -0.0076
vn 0.0561 -0.9976 -0.0413
vn 0.0722 -0.9962 -0.0482
vn 0.0522 -0.9977 -0.0435
vn -0.5027 0.7200 -0.4784
vn -0.5099 0.7052 -0.4926
vn -0.5132 0.6947 -0.5039
vn -0.4945 0.7144 -0.4951
vn -0.8696 0.3389 0.3591
vn -0.8703 0.3387 0.3577
vn -0.8784 0.3366 0.3394
vn -0.0165 -0.9992 -0.0354
vn -0.0220 -0.9994 -0.0254
vn -0.0256 -0.9995 -0.0184
vn -0.0254 -0.9995 -0.0193
vn -0.0121 -0.9999 -0.0085
vn -0.0032 -1.0000 -0.0022
vn -0.0116 -0.9999 -0.0111
vn 0.0763 -0.9971 0.0072
vn 0.0915 -0.9957 0.0168
vn 0.0818 -0.9966 0.0092
vn -0.0126 -0.9995 0.0280
vn 0.0442 -0.9985 0.0330
vn 0.0764 -0.9966 0.0312
vn 0.0781 -0.9969 0.0076
vn -0.0216 -0.9995 -0.0217
vn 0.0722 -0.9962 0.0490
vn -0.0157 -0.9998 -0.0145
vn -0.0124 -0.9998 -0.0126
vn -0.0086 -0.9999 -0.0070
vn 0.0561 -0.9976 0.0413
vn 0.0522 -0.9977 0.0435
vn -0.0191 -0.9996 -0.0223
vn -0.0070 -1.0000 -0.0011
vn 0.0019 -0.9999 0.0114
vn -0.0035 -1.0000 -0.0006
vn -0.0013 -1.0000 -0.0033
vn -0.0220 -0.9994 0.0254
vn -0.0165 -0.9992 0.0354
vn -0.0000 -1.0000 0.0023
vn -0.0001 -1.0000 0.0020
vn -0.0000 -1.0000 0.0022
vn -0.0000 -1.0000 0.0020
vn 0.0015 -1.0000 0.0080
vn 0.0015 -1.0000 0.0096
vn 0.0030 -1.0000 0.0022
vn 0.0030 -1.0000 0.0021
vn 0.0029 -1.0000 0.0025
vn 0.0051 -1.0000 -0.0067
vn 0.0051 -1.0000 -0.0069
vn 0.0058 -0.9999 -0.0083
vn 0.0062 -0.9999 -0.0088
vn 0.0006 -1.0000 -0.0007
vn 0.0007 -1.0000 -0.0007
vn 0.0008 -1.0000 -0.0009
vn 0.0011 -1.0000 -0.0015
vn -0.0002 -1.0000 0.0002
vn 0.0026 -1.0000 -0.0020
vn 0.0002 -1.0000 -0.0001
vn 0.0001 -1.0000 -0.0001
vn 0.0012 -1.0000 -0.0001
vn -0.0033 -1.0000 0.0003
vn -0.0086 -1.0000 -0.0008
vn 0.0006 -1.0000 0.0014
vn 0.0016 -1.0000 0.0006
vn 0.0001 -1.0000 0.0001
vn 0.0026 -1.0000 0.0020
vn 0.0002 -1.0000 0.0001
vn -0.0002 -1.0000 -0.0002
vn 0.0065 -1.0000 0.0070
vn -0.0003 -1.0000 -0.0002
vn 0.0006 -1.0000 0.0007
vn 0.0062 -0.9999 0.0088
vn 0.0008 -1.0000 0.0009
vn 0.0007 -1.0000 0.0007
vn 0.0052 -1.0000 0.0069
vn 0.0060 -0.9999 0.0092
vn 0.0059 -0.9999 0.0084
vn 0.0030 -1.0000 -0.0020
vn 0.0022 -1.0000 -0.0021
vn 0.0030 -1.0000 -0.0023
vn 0.0030 -1.0000 -0.0021
vn 0.0015 -1.0000 -0.0079
vn 0.0015 -1.0000 -0.0080
vn 0.0015 -1.0000 -0.0095
vn -0.0005 -1.0000 -0.0012
vn -0.0001 -1.0000 -0.0022
vn -0.0000 -1.0000 -0.0026
vn -0.0022 -1.0000 0.0070
vn -0.0034 -1.0000 -0.0001
vn 0.0019 -0.9999 -0.0114
vn -0.0072 -1.0000 0.0018
vn -0.0191 -0.9996 0.0223
vn -0.0124 -0.9998 0.0126
vn -0.0086 -0.9999 0.0070
vn -0.0157 -0.9998 0.0145
vn -0.0216 -0.9995 0.0217
vn -0.0098 -0.9999 0.0087
vn -0.0032 -1.0000 0.0022
vn -0.0127 -0.9999 0.0090
vn -0.0254 -0.9995 0.0193
vn -0.0256 -0.9995 0.0184
vn -0.0257 -0.9997 0.0001
vn 0.0064 0.9981 0.0618
vn -0.3086 0.6529 0.6918
vn -0.3022 0.6734 0.6747
vn -0.2920 0.6980 0.6539
vn -0.2795 0.6838 0.6740
vn 0.0104 -0.3449 0.9386
vn 0.5217 0.6894 -0.5026
vn 0.5271 0.6896 -0.4965
vn 0.5158 0.7008 -0.4928
vn 0.5203 0.6906 -0.5023
vn -0.6304 0.4997 -0.5941
vn -0.6167 0.5033 -0.6053
vn -0.6298 0.4998 -0.5946
vn -0.6047 0.6902 0.3976
vn -0.5989 0.7009 0.3874
vn -0.5886 0.7158 0.3758
vn -0.5849 0.7100 0.3922
vn -0.6147 0.5036 0.6071
vn -0.6283 0.4999 0.5961
vn -0.6275 0.5001 0.5967
vn 0.4524 0.6656 0.5936
vn 0.4407 0.6586 0.6099
vn 0.4322 0.6742 0.5989
vn -0.9306 0.3360 -0.1455
vn -0.9305 0.3359 -0.1463
vn -0.9282 0.3320 -0.1678
vn -0.8318 0.4508 0.3239
vn -0.8314 0.4507 0.3250
vn -0.8344 0.4512 0.3166
vn -0.4286 0.1096 -0.8968
vn -0.4103 0.1075 -0.9056
vn -0.4109 0.1076 -0.9053
vn 0.5553 0.1481 0.8184
vn -0.4411 0.8471 -0.2965
vn -0.5227 0.7763 -0.3522
vn -0.5317 0.7844 -0.3194
vn -0.5226 0.8073 -0.2742
vn 0.4020 0.5531 -0.7297
vn 0.4034 0.5494 -0.7317
vn 0.4201 0.5493 -0.7224
vn 0.4033 0.5531 -0.7290
vn 0.4538 0.8354 -0.3100
vn 0.4349 0.8495 -0.2987
vn 0.1042 0.8350 0.5403
vn 0.1033 0.8348 0.5408
vn 0.1816 0.7787 0.6006
vn 0.1649 0.8314 0.5306
vn 0.2049 0.1163 -0.9719
vn 0.4308 0.7452 0.5090
vn 0.5294 0.6900 0.4936
vn 0.5271 0.6896 0.4965
vn 0.5158 0.7008 0.4928
vn 0.5124 0.4898 0.7054
vn 0.6405 0.4399 -0.6295
vn 0.6412 0.4397 -0.6289
vn 0.6506 0.4370 -0.6211
vn 0.7400 0.4166 -0.5281
vn 0.7148 0.3204 -0.6216
vn 0.8841 0.4152 -0.2141
vn 0.0112 0.6487 0.7610
vn 0.0024 0.6476 0.7620
vn 0.1161 0.6860 0.7183
vn 0.0138 0.6613 0.7500
vn 0.6189 0.5698 -0.5407
vn -0.9338 0.0179 0.3573
vn 0.7061 0.4198 0.5703
vn 0.3883 0.1053 -0.9155
vn 0.4108 0.1043 -0.9058
vn 0.4096 0.1044 -0.9063
vn 0.5261 0.4347 0.7310
vn 0.5177 0.4365 0.7358
vn 0.5186 0.4363 0.7353
vn 0.4102 0.4443 0.7965
vn 0.4098 0.4440 0.7968
vn 0.3978 0.4336 0.8085
vn 0.2274 0.4078 0.8843
vn 0.2265 0.4076 0.8846
vn 0.2039 0.4018 0.8927
vn -0.5058 0.8567 -0.1008
vn -0.5060 0.8566 -0.1010
vn -0.5152 0.8544 -0.0677
vn -0.5144 0.8545 -0.0721
vn -0.1782 0.1887 0.9657
vn 0.4424 0.8452 -0.3000
vn 0.4199 0.6635 -0.6192
vn 0.4283 0.6602 -0.6170
vn 0.4369 0.6598 -0.6114
vn 0.4359 0.6620 -0.6097
vn -0.9915 0.1270 0.0281
vn -0.9921 0.1255 0.0020
vn -0.9921 0.1254 0.0008
vn -0.9853 0.1697 0.0200
vn -0.9860 0.1667 -0.0035
vn -0.9860 0.1665 -0.0046
vn 0.6100 0.6875 -0.3941
vn 0.6142 0.6851 -0.3917
vn 0.5154 0.7285 -0.4512
vn 0.5981 0.7012 -0.3882
vn -0.8789 0.3364 -0.3381
vn -0.8699 0.3388 -0.3585
vn -0.8783 0.3366 -0.3396
vn 0.2975 0.6614 -0.6885
vn 0.2973 0.6770 -0.6733
vn 0.2965 0.6782 -0.6724
vn 0.2953 0.6776 -0.6735
vn -0.9806 0.1346 -0.1423
vn -0.9805 0.1345 -0.1430
vn -0.9780 0.1315 -0.1617
vn 0.5973 0.7958 -0.1000
vn 0.5227 0.8455 -0.1087
vn 0.6062 0.7928 -0.0630
vn 0.4085 0.1796 -0.8949
vn 0.4262 0.1815 -0.8863
vn 0.4090 0.1796 -0.8947
vn -0.0013 0.1881 -0.9821
vn 0.0230 0.1819 -0.9831
vn 0.0237 0.1817 -0.9831
vn -0.2022 0.1021 0.9740
vn -0.6584 0.7099 0.2502
vn -0.6689 0.6972 0.2579
vn -0.6810 0.6852 0.2581
vn -0.6641 0.7065 0.2445
vn 0.5287 0.8423 0.1052
vn 0.5428 0.8329 0.1080
vn 0.5579 0.8286 0.0475
vn 0.5400 0.8396 0.0589
vn -0.9449 0.3272 0.0139
vn -0.9454 0.3259 -0.0075
vn -0.9449 0.3271 0.0128
vn -0.7633 0.3780 0.5240
vn -0.7640 0.3773 0.5233
vn -0.7763 0.3674 0.5122
vn -0.8334 0.4504 -0.3204
vn -0.8252 0.4525 -0.3381
vn -0.8328 0.4505 -0.3218
vn 0.5663 0.1031 -0.8177
vn 0.5672 0.1031 -0.8171
vn 0.5849 0.1030 -0.8046
vn -0.8797 0.4481 -0.1591
vn -0.8752 0.4497 -0.1784
vn -0.8795 0.4482 -0.1601
vn -0.1037 0.8466 -0.5221
vn -0.1067 0.8366 -0.5374
vn -0.1665 0.8324 -0.5286
vn -0.1493 0.8440 -0.5152
vn 0.5350 0.6234 -0.5703
vn 0.5368 0.6199 -0.5723
vn 0.5385 0.6191 -0.5716
vn 0.5863 0.6280 -0.5117
vn 0.9623 0.1866 -0.1977
vn 0.9459 0.1793 0.2705
vn 0.9932 0.1103 -0.0363
vn 0.9793 0.1750 0.1013
vn 0.5882 0.6241 -0.5143
vn 0.5886 0.6211 -0.5175
vn 0.5706 0.6374 -0.5178
vn -0.2532 0.3863 -0.8870
vn -0.2525 0.3859 -0.8873
vn -0.2354 0.3754 -0.8965
vn 0.5793 0.1167 0.8067
vn 0.4252 0.1050 0.8990
vn 0.4245 0.1049 0.8993
vn 0.4055 0.1043 0.9081
vn 0.1242 0.7741 -0.6208
vn -0.1537 0.7101 0.6872
vn -0.1704 0.6769 0.7161
vn -0.1768 0.6823 0.7093
vn -0.1701 0.6972 0.6964
vn -0.9613 0.1795 0.2091
vn -0.9663 0.1745 0.1891
vn -0.9661 0.1747 0.1900
vn 0.1788 0.6605 0.7292
vn 0.1685 0.6581 0.7338
vn 0.1674 0.6700 0.7232
vn 0.1787 0.6614 0.7284
vn 0.3233 0.6925 0.6449
vn 0.3178 0.6870 0.6535
vn 0.3103 0.6977 0.6457
vn 0.3167 0.7012 0.6387
vn -0.2913 0.8488 0.4413
vn -0.3455 0.7907 0.5053
vn -0.3134 0.8000 0.5116
vn -0.2692 0.8147 0.5135
vn -0.6509 0.7364 0.1847
vn -0.6995 0.6847 0.2048
vn -0.6793 0.6841 0.2656
vn 0.5884 0.6239 0.5143
vn 0.5706 0.6374 0.5178
vn 0.5886 0.6211 0.5175
vn 0.2264 0.0034 0.9740
vn 0.7219 0.6920 -0.0000
vn 0.7383 0.6745 -0.0000
vn 0.7382 0.6744 -0.0195
vn 0.7365 0.6761 -0.0199
vn 0.6439 0.6972 -0.3150
vn 0.6428 0.6989 -0.3136
vn 0.6434 0.6981 -0.3143
vn 0.6773 0.6998 -0.2269
vn 0.6827 0.7115 -0.1664
vn 0.6776 0.7004 -0.2243
vn -0.9261 0.1265 -0.3554
vn -0.9181 0.1283 -0.3751
vn -0.9183 0.1283 -0.3744
vn 0.6046 0.6905 -0.3971
vn 0.6034 0.6917 -0.3968
vn 0.6185 0.5272 0.5826
vn 0.6084 0.5305 0.5903
vn 0.6076 0.5307 0.5909
vn -0.3283 0.8105 0.4852
vn -0.2798 0.8071 0.5198
vn -0.9149 0.1365 0.3799
vn -0.9154 0.1365 0.3787
vn -0.9235 0.1358 0.3588
vn 0.1775 0.3959 -0.9010
vn 0.1789 0.3958 -0.9007
vn 0.1968 0.3939 -0.8978
vn 0.1940 0.4665 0.8630
vn 0.1728 0.4666 0.8674
vn 0.1927 0.4665 0.8633
vn -0.4433 0.8487 0.2885
vn -0.5056 0.7885 0.3501
vn -0.4820 0.7915 0.3757
vn -0.4472 0.8107 0.3780
vn -0.7949 0.3392 0.5031
vn -0.8062 0.3395 0.4845
vn -0.8066 0.3395 0.4839
vn -0.8759 0.3294 0.3526
vn 0.7049 0.7093 -0.0000
vn 0.7046 0.7090 -0.0291
vn -0.8403 0.1847 -0.5097
vn -0.8400 0.1847 -0.5101
vn -0.8297 0.1854 -0.5265
vn -0.3808 0.1015 -0.9191
vn -0.7211 0.6834 -0.1142
vn -0.7200 0.6829 -0.1237
vn -0.7084 0.6958 -0.1186
vn -0.7202 0.6844 -0.1137
vn -0.3917 0.3521 0.8501
vn -0.3930 0.3524 0.8493
vn -0.4170 0.3582 0.8354
vn 0.3874 0.1756 -0.9050
vn 0.3887 0.1756 -0.9045
vn 0.4092 0.1748 -0.8956
vn 0.4762 0.7951 -0.3755
vn 0.4790 0.8033 -0.3540
vn -0.7275 0.4861 0.4842
vn -0.7281 0.4857 0.4837
vn -0.7413 0.4768 0.4725
vn -0.7418 0.4770 -0.4715
vn -0.7284 0.4856 -0.4834
vn -0.7275 0.4862 -0.4841
vn 0.5860 0.8012 0.1211
vn 0.5936 0.7909 0.1486
vn 0.5608 0.8087 0.1774
vn 0.5761 0.7982 0.1759
vn 0.8927 0.2183 -0.3943
vn 0.6132 0.7861 0.0772
vn 0.6448 0.7549 0.1200
vn 0.6743 0.7255 0.1376
vn 0.6005 0.7941 0.0940
vn -0.6876 0.1847 0.7022
vn -0.7053 0.1872 0.6837
vn -0.6883 0.1848 0.7015
vn 0.5530 0.1456 -0.8204
vn 0.5466 0.3288 -0.7701
vn 0.1979 0.3938 -0.8976
vn 0.4308 0.7452 -0.5090
vn 0.5294 0.6900 -0.4936
vn 0.4216 0.6968 -0.5802
vn 0.4170 0.7081 -0.5698
vn 0.5662 0.1129 -0.8165
vn -0.0045 0.1131 0.9936
vn 0.5783 -0.0029 -0.8159
vn 0.4048 0.1043 0.9084
vn 0.4048 0.1043 -0.9084
vn 0.4245 0.1049 -0.8993
vn 0.4055 0.1043 -0.9081
vn -0.5142 0.7167 0.4712
vn -0.5210 0.7043 0.4821
vn -0.5329 0.6931 0.4854
vn -0.5227 0.7133 0.4669
vn 0.5901 0.0062 -0.8073
vn 0.1547 0.6827 -0.7141
vn 0.1597 0.6559 -0.7378
vn 0.1687 0.6580 -0.7339
vn 0.1675 0.6699 -0.7233
vn 0.2089 0.1051 -0.9723
vn 0.2325 0.1049 -0.9669
vn 0.2096 0.1051 -0.9721
vn 0.4988 0.7913 -0.3536
vn 0.2079 -0.0051 -0.9781
vn -0.4101 0.1559 -0.8986
vn -0.2935 0.7104 -0.6397
vn -0.3189 0.7485 -0.5814
vn -0.2811 0.7254 -0.6283
vn -0.2901 0.7225 -0.6275
vn -0.6208 0.7737 -0.1265
vn -0.5227 0.8461 -0.1048
vn 0.6801 0.7199 0.1389
vn 0.6763 0.7253 0.1290
vn 0.6827 0.7115 0.1664
vn 0.6782 0.7246 0.1225
vn 0.3340 0.8345 -0.4383
vn 0.2849 0.8577 -0.4280
vn 0.3149 0.8556 -0.4107
vn -0.4023 0.5288 0.7473
vn -0.4124 0.5266 0.7434
vn -0.4224 0.5265 0.7378
vn -0.4218 0.5281 0.7370
vn 0.5548 0.8302 -0.0547
vn 0.5415 0.8332 -0.1123
vn 0.5276 0.8426 -0.1079
vn 0.5373 0.8410 -0.0635
vn -0.2077 -0.0014 0.9782
vn 0.4104 0.1747 -0.8950
vn 0.2332 0.1049 0.9668
vn 0.2325 0.1049 0.9669
vn 0.2096 0.1051 0.9721
vn -0.6537 0.7139 -0.2510
vn -0.6487 0.7361 -0.1933
vn -0.7050 0.6955 -0.1388
vn -0.6922 0.7079 -0.1404
vn 0.1916 0.0061 -0.9815
vn 0.3486 0.4700 -0.8109
vn 0.3499 0.4703 -0.8102
vn 0.3670 0.4731 -0.8009
vn -0.5905 0.1048 -0.8002
vn -0.5708 0.1036 -0.8145
vn -0.5896 0.1048 -0.8009
vn -0.6522 0.7132 -0.2567
vn -0.6647 0.6977 -0.2671
vn -0.6720 0.6870 -0.2764
vn -0.6513 0.7073 -0.2750
vn -0.7262 0.0020 -0.6874
vn -0.7319 0.6814 0.0054
vn -0.7325 0.6808 -0.0029
vn -0.7198 0.6941 0.0009
vn -0.7305 0.6829 0.0059
vn 0.1197 0.5308 0.8390
vn -0.9683 0.1332 -0.2112
vn -0.6642 0.3945 -0.6350
vn -0.6508 0.3988 -0.6461
vn -0.6632 0.3948 -0.6358
vn 0.1003 0.8581 -0.5036
vn 0.1005 0.8580 -0.5037
vn 0.0673 0.8557 -0.5131
vn 0.0718 0.8558 -0.5123
vn -0.3117 0.6513 0.6918
vn -0.3247 0.6602 0.6773
vn -0.2942 0.6972 0.6538
vn -0.2099 -0.0013 -0.9777
vn -0.4860 0.7990 0.3541
vn -0.4850 0.7988 0.3559
vn -0.9239 0.1357 -0.3577
vn -0.9151 0.1365 -0.3794
vn -0.9234 0.1358 -0.3589
vn -0.8945 0.4470 0.0107
vn -0.8938 0.4484 -0.0088
vn -0.8938 0.4484 -0.0098
vn -0.9312 0.0037 -0.3645
vn -0.4012 0.5289 0.7479
vn -0.4023 0.5265 0.7489
vn 0.4498 0.8542 -0.2608
vn 0.4290 0.8559 -0.2889
vn 0.4294 0.8560 -0.2880
vn 0.4477 0.8543 -0.2640
vn -0.1506 0.3903 0.9083
vn -0.1708 0.3776 0.9101
vn -0.1697 0.3783 0.9100
vn 0.0042 -0.0039 -1.0000
vn -0.6751 0.7339 -0.0746
vn -0.7329 0.6803 0.0082
vn -0.7324 0.6809 0.0017
vn -0.7198 0.6942 -0.0023
vn -0.1036 0.8474 -0.5208
vn -0.1768 0.8073 -0.5631
vn -0.2083 0.1551 0.9657
vn -0.2304 0.1548 0.9607
vn -0.2314 0.1548 0.9605
vn -1.0000 0.0047 0.0079
vn -0.6754 0.7337 0.0744
vn -0.7329 0.6803 -0.0082
vn -0.7200 0.6829 0.1237
vn -0.7084 0.6958 0.1186
vn -0.9780 0.1314 0.1623
vn -0.9805 0.1345 0.1430
vn -0.9780 0.1315 0.1617
vn 0.8335 0.5232 0.1776
vn 0.8321 0.5256 0.1771
vn 0.8325 0.5255 0.1756
vn -0.6703 0.6976 -0.2533
vn -0.6596 0.7102 -0.2459
vn -0.6809 0.6845 -0.2604
vn -0.7197 0.6816 -0.1318
vn -0.5872 0.0102 0.8093
vn -0.6801 0.6839 0.2639
vn -0.6176 0.6878 0.3814
vn -0.8354 0.1366 0.5324
vn -0.8472 0.1362 0.5136
vn -0.8357 0.1366 0.5319
vn -0.7945 0.3392 0.5037
vn -0.8472 0.0039 0.5312
vn -0.3996 0.7239 0.5624
vn -0.4317 0.7482 0.5039
vn -0.4128 0.7081 0.5728
vn -0.4089 0.7199 0.5608
vn 0.4282 0.6978 0.5743
vn 0.4216 0.6968 0.5802
vn 0.4170 0.7081 0.5698
vn 0.4278 0.6987 0.5734
vn -0.0021 0.1884 -0.9821
vn 0.0387 0.6939 0.7190
vn 0.0700 0.6936 0.7170
vn -0.6222 0.6882 0.3732
vn -0.6217 0.6889 0.3726
vn -0.2970 0.6978 -0.6518
vn -0.4227 0.6898 -0.5877
vn -0.9842 0.0168 -0.1763
vn -0.2853 0.7102 0.6436
vn -0.2904 0.6963 0.6564
vn -0.2975 0.6978 0.6516
vn -0.2941 0.7104 0.6394
vn -0.4103 0.1075 0.9056
vn -0.3787 0.4007 0.8343
vn -0.3872 0.4034 0.8291
vn -0.3881 0.4036 0.8285
vn -0.4038 -0.0025 0.9148
vn 0.2030 0.4016 -0.8930
vn 0.2263 0.4076 -0.8847
vn 0.2039 0.4019 -0.8927
vn 0.5224 0.8462 0.1054
vn 0.6128 0.7819 0.1147
vn 0.5894 0.8064 0.0482
vn -0.5374 0.3910 -0.7472
vn -0.5367 0.3912 -0.7476
vn -0.5289 0.3928 -0.7523
vn -0.7244 0.0086 0.6893
vn -0.8074 0.5523 -0.2076
vn -0.8084 0.5506 -0.2083
vn -0.8061 0.5508 -0.2164
vn -0.8050 0.5523 -0.2166
vn 0.1076 0.8370 -0.5365
vn 0.1042 0.8470 -0.5212
vn 0.1503 0.8443 -0.5144
vn -0.9223 0.1678 -0.3482
vn -0.9598 -0.0002 0.2806
vn -0.9598 -0.0000 0.2806
vn -0.0057 0.3575 -0.9339
vn -0.0044 0.3578 -0.9338
vn 0.0253 0.3650 -0.9307
vn -0.5840 0.1571 -0.7964
vn -0.5666 0.1545 -0.8093
vn -0.5658 0.1544 -0.8100
vn -0.7167 0.6828 0.1423
vn -0.7037 0.6959 0.1431
vn 0.7255 -0.0031 -0.6882
vn 0.1692 0.4668 -0.8680
vn 0.1707 0.4669 -0.8677
vn 0.1890 0.4669 -0.8639
vn 0.4108 0.1043 0.9058
vn -0.1487 0.6453 0.7493
vn -0.1589 0.6450 0.7475
vn -0.1512 0.6591 0.7367
vn -0.1479 0.6466 0.7484
vn -0.4022 -0.0006 -0.9155
vn 0.7083 0.1853 0.6811
vn 0.6968 0.1821 0.6937
vn 0.6962 0.1819 0.6944
vn -0.6989 0.7127 -0.0591
vn -0.7074 0.7067 -0.0066
vn -0.7304 0.6830 -0.0085
vn -0.7105 0.7035 -0.0157
vn 0.5756 -0.0045 0.8177
vn -0.4200 0.6889 -0.5907
vn -0.4078 0.7025 -0.5832
vn 0.4131 0.8526 -0.3201
vn -0.5197 0.6927 0.5001
vn -0.5234 0.6922 0.4969
vn -0.5083 0.7054 0.4940
vn 0.7255 -0.0031 0.6882
vn 0.5903 0.7154 0.3738
vn 0.6142 0.6851 0.3917
vn 0.6100 0.6875 0.3941
vn 0.5981 0.7012 0.3882
vn 0.6160 0.6634 -0.4248
vn 0.5985 0.6710 -0.4377
vn 0.5842 0.6714 -0.4559
vn 0.5881 0.6659 -0.4590
vn -0.6816 0.6845 0.2586
vn 0.6508 0.4370 0.6209
vn 0.6410 0.4398 0.6291
vn 0.6405 0.4399 0.6295
vn -0.1516 0.6590 -0.7367
vn -0.1595 0.6449 -0.7474
vn -0.1484 0.6452 -0.7494
vn -0.1477 0.6465 -0.7485
vn -0.3780 0.8076 -0.4527
vn -0.3699 0.7848 -0.4973
vn -0.3435 0.7948 -0.5004
vn -0.3860 0.7931 -0.4712
vn 0.8468 0.0376 0.5305
vn 0.2105 -0.0033 0.9776
vn 0.9794 0.1867 0.0768
vn 0.9050 0.4190 0.0733
vn 0.9858 0.0257 0.1661
vn 0.5963 0.6169 -0.5137
vn 0.5371 0.6359 -0.5542
vn 0.5338 0.6368 -0.5563
vn 0.9536 0.1403 -0.2664
vn 0.6262 0.7152 0.3105
vn 0.6355 0.7150 0.2914
vn 0.5800 0.7065 0.4056
vn 0.6047 0.7091 0.3626
vn 0.9971 -0.0130 0.0748
vn -0.3470 -0.4593 -0.8177
vn 0.7719 0.2524 -0.5835
vn -0.3702 -0.2352 -0.8987
vn -0.2663 -0.1896 0.9450
vn 0.6801 0.7199 -0.1389
vn 0.6763 0.7253 -0.1290
vn 0.6704 0.7407 -0.0445
vn 0.6734 0.7379 -0.0443
vn -0.2336 0.1549 -0.9599
vn -0.2326 0.1549 -0.9601
vn -0.2107 0.1552 -0.9652
vn 0.8945 0.4147 -0.1671
vn 0.9858 0.0257 -0.1661
vn -0.3279 -0.2161 0.9197
vn 0.7303 0.1704 -0.6615
vn 0.1892 0.4823 -0.8553
vn 0.1996 0.4857 -0.8511
vn 0.1901 0.4826 -0.8550
vn 0.3601 -0.3608 0.8603
vn 0.7394 0.0603 -0.6706
vn 0.7918 0.0600 -0.6079
vn -0.4130 0.8537 0.3172
vn -0.4203 0.8428 0.3362
vn -0.4307 0.8317 0.3504
vn -0.4157 0.8520 0.3184
vn 0.5849 0.0731 -0.8078
vn 0.5893 0.6233 0.5141
vn 0.9690 0.0492 -0.2420
vn 0.9909 0.0435 0.1272
vn -0.3845 0.0090 0.9231
vn -0.5239 0.8455 0.1036
vn -0.5390 0.8356 0.1062
vn -0.5298 0.8316 0.1665
vn -0.5167 0.8430 0.1495
vn 0.9111 0.4091 -0.0511
vn 0.3757 0.7931 -0.4795
vn 0.3785 0.7893 -0.4835
vn 0.3775 0.7928 -0.4785
vn -0.8051 0.3394 -0.4865
vn -0.7995 0.3393 -0.4956
vn -0.8001 0.3393 -0.4946
vn -0.7171 0.6923 -0.0812
vn -0.7182 0.6923 -0.0697
vn -0.7122 0.6894 -0.1324
vn -0.7114 0.6892 -0.1374
vn 0.6889 0.7123 -0.1342
vn 0.6791 0.7166 -0.1589
vn 0.6799 0.7321 -0.0418
vn 0.6882 0.7244 -0.0411
vn 0.6704 0.7408 -0.0427
vn -0.3121 -0.2421 -0.9187
vn 0.9985 -0.0003 0.0555
vn 0.9959 0.0034 0.0909
vn -0.3716 -0.2877 -0.8827
vn 0.9085 0.4179 -0.0029
vn 0.9085 0.4179 -0.0000
vn 0.9537 0.3006 -0.0139
vn 0.9865 0.1617 0.0245
vn 0.9932 0.1103 0.0363
vn -0.3513 -0.4643 -0.8130
vn 0.7365 0.6761 0.0199
vn 0.7046 0.7090 0.0291
vn -0.1236 0.7770 -0.6173
vn -0.1539 0.7840 -0.6014
vn 0.9871 0.0063 0.1599
vn 0.9801 0.0240 0.1969
vn 0.7234 0.6046 -0.3335
vn 0.5334 0.6369 0.5566
vn 0.5300 0.6379 0.5587
vn 0.5371 0.6359 0.5542
vn 0.6377 0.0292 0.7697
vn 0.6432 0.6983 0.3141
vn 0.6428 0.6989 0.3136
vn 0.6439 0.6972 0.3150
vn 0.9914 0.0553 0.1190
vn -0.4313 0.0009 0.9022
vn 0.9669 0.0365 0.2526
vn 0.8152 0.5569 0.1592
vn 0.8329 0.5471 0.0835
vn 0.8334 0.5467 0.0813
vn -0.0146 0.0086 0.9999
vn 0.2559 0.5593 0.7885
vn 0.2561 0.5574 0.7897
vn 0.9675 0.2432 0.0696
vn 0.9498 0.2362 0.2051
vn 0.6449 0.5605 0.5196
vn 0.6294 0.5601 0.5386
vn 0.5882 0.5688 0.5749
vn 0.6092 0.5672 0.5542
vn 0.6856 0.6819 0.2550
vn 0.6889 0.7123 0.1342
vn -0.4202 0.3579 -0.8339
vn -0.3938 0.3521 -0.8491
vn -0.4187 0.3576 -0.8347
vn 0.6705 0.6904 -0.2715
vn 0.8279 0.0620 0.5574
vn 0.8104 0.0531 0.5834
vn 0.7865 0.1786 0.5912
vn 0.6801 0.4553 -0.5746
vn 0.6742 0.4315 0.5993
vn 0.1855 0.1202 -0.9753
vn 0.7507 0.1867 0.6337
vn 0.7694 0.1513 0.6206
vn 0.4722 0.6232 0.6234
vn 0.4726 0.6238 0.6225
vn 0.4865 0.6590 0.5736
vn 0.5803 0.6253 0.5217
vn 0.5820 0.6257 0.5194
vn 0.5496 0.6335 0.5446
vn 0.5799 0.6214 0.5268
vn 0.5834 0.6260 0.5175
vn 0.5811 0.6250 0.5212
vn 0.5809 0.0625 0.8116
vn 0.8274 0.0077 0.5616
vn 0.8280 0.0016 0.5608
vn 0.7134 0.4621 0.5268
vn 0.1425 0.7816 0.6072
vn 0.1123 0.7929 0.5989
vn 0.1719 0.7912 0.5870
vn -0.2935 0.6977 -0.6535
vn -0.3034 0.6729 -0.6746
vn -0.3096 0.6524 -0.6918
vn -0.2801 0.6835 -0.6741
vn -0.5647 0.7094 0.4217
vn -0.5958 0.7026 0.3891
vn 0.7820 0.1945 0.5922
vn 0.7971 0.1212 0.5916
vn -0.8736 0.4502 0.1847
vn -0.8739 0.4501 0.1836
vn -0.8781 0.4488 0.1657
vn 0.5079 0.7155 -0.4797
vn 0.5016 0.7071 -0.4983
vn -0.6058 0.6890 0.3979
vn -0.6112 0.6881 0.3910
vn -0.7806 -0.0000 0.6250
vn 0.6202 0.5267 0.5813
vn -0.4142 0.6880 0.5959
vn -0.4203 0.6889 0.5906
vn -0.4082 0.7025 0.5830
vn -0.4126 0.6897 0.5951
vn 0.5084 0.8164 -0.2738
vn 0.4897 0.8323 -0.2597
vn -0.4023 0.7189 0.5669
vn -0.4013 0.7201 0.5660
vn -0.4007 0.7197 0.5670
vn 0.7072 0.1056 0.6991
vn 0.4041 0.7219 0.5618
vn 0.5079 0.7155 0.4797
vn 0.5203 0.6906 0.5023
vn 0.5016 0.7071 0.4983
vn 0.5217 0.6894 0.5026
vn 0.5601 0.0034 -0.8284
vn 0.5601 0.0034 0.8284
vn -0.8309 0.0113 -0.5563
vn 0.5607 0.4149 0.7166
vn 0.5438 0.4070 0.7339
vn 0.5597 0.4144 0.7176
vn -0.4010 0.7199 -0.5665
vn -0.4123 0.6895 -0.5956
vn -0.3908 0.7114 -0.5841
vn 0.5428 0.4065 0.7349
vn 0.5864 0.1760 0.7907
vn 0.5678 0.1756 0.8042
vn 0.5854 0.1760 0.7914
vn 0.3878 0.3931 0.8337
vn 0.3675 0.3906 0.8440
vn 0.3663 0.3905 0.8446
vn -0.1468 0.7922 0.5923
vn -0.1482 0.7860 0.6001
vn -0.1673 0.7848 0.5967
vn -0.1498 0.7919 0.5920
vn 0.2962 0.7069 0.6423
vn 0.3956 0.7019 0.5923
vn 0.4222 0.6926 0.5848
vn -0.7771 0.3675 -0.5109
vn -0.7641 0.3775 -0.5231
vn -0.7633 0.3781 -0.5239
vn 0.4401 0.6582 0.6108
vn 0.4383 0.6596 0.6106
vn 0.4063 0.0035 0.9137
vn 0.9597 -0.0000 -0.2812
vn 0.4766 0.6582 -0.5828
vn 0.4751 0.6607 -0.5812
vn 0.3683 0.4733 0.8002
vn 0.3485 0.4703 0.8108
vn 0.3673 0.4731 0.8008
vn -0.5239 0.7431 -0.4163
vn -0.6146 0.6875 -0.3868
vn -0.6117 0.6880 -0.3905
vn -0.5992 0.7008 -0.3870
vn 0.2968 0.6616 0.6886
vn 0.3070 0.6490 0.6961
vn 0.2970 0.6482 0.7012
vn 0.2959 0.6494 0.7005
vn 0.4104 0.1747 0.8950
vn 0.3872 0.1756 0.9051
vn 0.4091 0.1748 0.8956
vn 0.8279 0.0620 -0.5574
vn -0.5250 0.7434 0.4145
vn -0.5061 0.7204 0.4742
vn 0.2964 0.6784 0.6723
vn 0.2972 0.6771 0.6732
vn 0.2955 0.6779 0.6731
vn -0.5010 0.7201 0.4800
vn -0.3724 0.4302 0.8224
vn -0.3735 0.4309 0.8215
vn -0.3926 0.4428 0.8061
vn -0.1506 0.6758 -0.7216
vn -0.1482 0.6757 -0.7222
vn -0.8285 0.1280 -0.5452
vn 0.3151 0.6495 0.6920
vn 0.1717 0.4666 0.8676
vn 0.3856 0.1054 0.9166
vn 0.5428 0.4065 -0.7349
vn 0.5438 0.4070 -0.7339
vn 0.5597 0.4144 -0.7176
vn -0.7181 0.6822 -0.1376
vn -0.7156 0.6829 -0.1466
vn -0.7139 0.6846 -0.1469
vn 0.0144 0.6731 -0.7394
vn 0.0114 0.6610 -0.7503
vn 0.0192 0.6507 -0.7591
vn 0.0245 0.6705 -0.7415
vn -0.8939 0.4482 0.0056
vn -0.8945 0.4469 -0.0117
vn -0.8945 0.4469 -0.0114
vn 0.9498 0.2362 -0.2051
vn -0.4074 0.0088 0.9132
vn 0.8138 0.5368 0.2227
vn 0.0894 0.6709 -0.7361
vn 0.0752 0.6709 -0.7377
vn 0.1409 0.6681 -0.7306
vn 0.1446 0.6678 -0.7301
vn -0.5385 0.5190 0.6638
vn -0.5402 0.5157 0.6651
vn -0.5532 0.5158 0.6541
vn -0.5399 0.5190 0.6627
vn -0.9220 0.3341 0.1954
vn -0.9272 0.3307 0.1759
vn -0.9270 0.3308 0.1769
vn 0.4693 0.8435 -0.2613
vn -0.1673 0.6448 0.7459
vn -0.0494 0.6970 0.7154
vn -0.1540 0.6776 -0.7191
vn -0.1345 0.6674 -0.7324
vn 0.5526 0.3583 0.7525
vn -0.5224 0.8465 0.1024
vn -0.6157 0.7774 0.1284
vn -0.6020 0.7828 0.1575
vn -0.5642 0.8063 0.1776
vn 0.6826 0.3726 0.6287
vn -0.9860 0.1665 -0.0002
vn -0.9852 0.1699 -0.0213
vn -0.9853 0.1697 -0.0203
vn -0.2035 0.0085 0.9790
vn -0.2041 0.0075 -0.9789
vn -0.9997 0.0172 0.0174
vn -0.4231 0.1673 -0.8905
vn -0.4055 0.1628 -0.8995
vn -0.4061 0.1630 -0.8992
vn -0.5882 0.7117 0.3841
vn -0.5874 0.7124 0.3840
vn -0.5861 0.7122 0.3862
vn -0.0138 0.6495 -0.7603
vn -0.0046 0.6482 -0.7615
vn -0.1142 0.6928 -0.7120
vn -0.0157 0.6662 -0.7456
vn 0.0473 0.8022 0.5952
vn 0.0448 0.8301 0.5558
vn 0.1665 0.6452 0.7457
vn 0.1458 0.6462 0.7491
vn 0.1499 0.6583 0.7377
vn -0.4300 0.8560 0.2870
vn -0.4446 0.8452 0.2964
vn -0.6155 0.7824 -0.0950
vn -0.6232 0.7798 -0.0594
vn 0.2274 0.4079 -0.8843
vn -0.4000 0.0076 0.9165
vn -0.5672 0.0093 0.8235
vn 0.1806 0.0007 0.9836
vn 0.4124 0.7190 0.5594
vn 0.4214 0.7164 0.5561
vn -0.6521 0.7137 0.2558
vn -0.4055 0.1628 0.8995
vn -0.4244 0.1674 0.8899
vn -0.4062 0.1630 0.8992
vn -0.9806 0.1346 0.1423
vn -0.4237 0.1675 -0.8902
vn -0.2795 0.7254 0.6290
vn -0.2908 0.7225 0.6273
vn -0.8788 0.4490 0.1614
vn -0.8818 0.4501 0.1407
vn -0.8790 0.4491 0.1603
vn -0.9120 0.1704 0.3732
vn -0.9196 0.1675 0.3554
vn -0.9123 0.1703 0.3724
vn -0.4229 0.0075 0.9061
vn -0.9324 0.0050 -0.3615
vn 0.4196 0.6607 -0.6224
vn 0.4587 0.6572 -0.5981
vn 0.4580 0.6570 -0.5989
vn -0.3866 0.4033 -0.8294
vn -0.3787 0.4007 -0.8343
vn -0.3874 0.4036 -0.8289
vn -0.4242 0.6972 0.5779
vn -0.4189 0.7163 0.5581
vn -0.6428 0.4676 0.6068
vn -0.6501 0.4642 0.6016
vn -0.6508 0.4638 0.6011
vn 0.0928 0.7828 -0.6153
vn 0.0589 0.7800 -0.6230
vn -0.7211 0.6834 0.1142
vn -0.7202 0.6844 0.1137
vn 0.0267 0.3653 -0.9305
vn -0.1241 0.7777 -0.6163
vn -0.6601 0.3587 0.6600
vn -0.6786 0.3496 0.6459
vn -0.6608 0.3584 0.6595
vn -0.1740 0.0014 -0.9847
vn 0.2360 -0.0018 -0.9717
vn -0.7488 0.5067 0.4272
vn -0.7547 0.5068 0.4167
vn -0.7535 0.5090 0.4161
vn -0.7474 0.5086 0.4274
vn 0.8275 0.5219 -0.2069
vn 0.8285 0.5218 -0.2033
vn 0.8379 0.5228 -0.1566
vn 0.8380 0.5229 -0.1560
vn -0.6092 0.7873 0.0951
vn -0.6179 0.7842 0.0575
vn 0.0025 0.6751 -0.7377
vn -0.0004 0.6473 -0.7622
vn 0.0085 0.6484 -0.7612
vn -0.5173 0.3943 0.7596
vn -0.5347 0.3909 0.7492
vn -0.5354 0.3908 0.7487
vn -0.9697 0.1768 0.1683
vn -0.9721 0.1824 0.1474
vn -0.9722 0.1826 0.1466
vn -0.1635 0.7113 0.6836
vn -0.1833 0.6898 0.7004
vn -0.1725 0.7117 0.6810
vn -0.4257 0.6971 -0.5770
vn -0.4144 0.7083 -0.5715
vn -0.4102 0.7201 -0.5596
vn -0.4199 0.7165 -0.5571
vn 0.5544 0.7422 0.3765
vn 0.5779 0.7058 0.4096
vn 0.5783 0.7052 0.4102
vn 0.5770 0.7054 0.4117
vn -0.8438 0.0164 0.5364
vn -0.2274 0.0084 0.9738
vn 0.2401 0.5577 -0.7945
vn 0.2401 0.5574 -0.7947
vn 0.2416 0.5574 -0.7943
vn 0.2417 0.5577 -0.7941
vn -0.7526 0.4540 0.4770
vn -0.7579 0.4545 0.4681
vn -0.7585 0.4545 0.4670
vn 0.0187 0.1092 -0.9938
vn 0.0031 -0.9024 -0.4310
vn -0.0026 -0.8434 -0.5372
vn -0.0027 -0.8421 -0.5394
vn 0.6279 0.7616 -0.1604
vn -0.2130 0.4690 0.8571
vn -0.2299 0.4885 0.8418
vn -0.2135 0.4696 0.8567
vn -0.1007 0.8476 0.5210
vn -0.1343 0.7824 0.6081
vn -0.0975 0.7935 0.6007
vn -0.0576 0.7903 0.6100
vn -0.6938 0.6993 0.1722
vn -0.6078 0.7096 0.3564
vn -0.6518 0.4641 -0.5999
vn -0.7267 0.0085 -0.6869
vn -0.4215 0.0075 -0.9068
vn -0.4033 0.5245 0.7499
vn -0.4133 0.5247 0.7442
vn 0.6773 0.6998 0.2269
vn 0.6812 0.6904 0.2434
vn -0.8850 0.3284 -0.3300
vn -0.8814 0.3293 -0.3386
vn -0.8819 0.3292 -0.3375
vn -0.4306 0.1097 0.8958
vn -0.2305 0.4892 0.8412
vn 0.4453 0.8444 0.2977
vn 0.5423 0.7784 0.3164
vn 0.5290 0.8028 0.2749
vn 0.1767 0.6900 0.7020
vn 0.1779 0.6878 0.7037
vn 0.1697 0.6876 0.7059
vn 0.1692 0.6896 0.7042
vn -0.0521 0.8076 -0.5874
vn -0.1809 0.8071 0.5620
vn -0.9842 0.0168 0.1763
vn -0.5751 -0.0013 0.8181
vn -0.2206 0.6915 0.6878
vn -0.2263 0.6915 0.6860
vn -0.2258 0.6932 0.6845
vn -0.2199 0.6931 0.6865
vn -0.8474 0.1362 0.5131
vn -0.8820 0.4501 0.1396
vn -0.5681 0.1785 -0.8034
vn -0.5675 0.1783 -0.8038
vn -0.5511 0.1753 -0.8158
vn -0.9697 0.1766 0.1690
vn -0.2332 0.3758 0.8969
vn -0.2503 0.3860 0.8879
vn -0.2510 0.3864 0.8875
vn -0.1859 0.6886 -0.7009
vn -0.1786 0.6821 -0.7091
vn -0.1718 0.6970 -0.6962
vn -0.1853 0.6897 -0.7000
vn -0.6989 0.7127 0.0591
vn -0.6968 0.7082 0.1134
vn -0.7016 0.7049 0.1046
vn -0.9199 0.1673 0.3547
vn 0.3726 -0.0017 0.9280
vn 0.6207 0.7207 0.3089
vn 0.6302 0.7207 0.2888
vn 0.5022 0.7036 0.5028
vn 0.5026 0.7051 0.5003
vn 0.5023 0.7044 0.5016
vn -0.8945 0.4469 0.0117
vn 0.2087 0.1165 0.9710
vn -0.9218 0.3343 0.1964
vn -0.9852 0.1699 0.0213
vn -0.6648 0.6977 0.2668
vn -0.6523 0.7136 0.2555
vn -0.9239 0.1357 0.3577
vn -0.4939 0.8310 0.2558
vn -0.4574 0.8355 0.3046
vn -0.4724 0.8425 0.2591
vn 0.2005 0.3937 0.8971
vn 0.1812 0.3956 0.9003
vn 0.1802 0.3957 0.9005
vn -0.7142 0.6834 0.1510
vn -0.7127 0.6850 0.1511
vn -0.2150 0.6916 0.6896
vn -0.2145 0.6930 0.6883
vn 0.1131 0.6871 0.7177
vn 0.0387 0.6894 0.7234
vn 0.6124 0.6702 -0.4192
vn 0.6078 0.6771 -0.4149
vn 0.6053 0.6837 -0.4076
vn 0.0108 0.4384 0.8987
vn -0.0150 0.4328 0.9014
vn -0.0163 0.4325 0.9015
vn -0.5069 0.7204 -0.4734
vn -0.5893 0.7158 -0.3747
vn -0.3924 0.3518 -0.8498
vn 0.0268 0.3645 0.9308
vn -0.0044 0.3576 0.9339
vn -0.0055 0.3573 0.9340
vn -0.5665 0.1543 0.8095
vn -0.5674 0.1545 0.8088
vn -0.5840 0.1571 0.7964
vn -0.7779 0.3669 -0.5101
vn 0.5722 0.0358 -0.8193
vn -0.3957 0.4426 -0.8047
vn -0.3743 0.4304 -0.8213
vn -0.3945 0.4419 -0.8057
vn -0.4013 0.7240 -0.5610
vn -0.4288 0.7478 -0.5068
vn -0.9328 0.0161 -0.3599
vn 0.7729 0.5375 0.3374
vn 0.7644 0.5376 0.3558
vn 0.7621 0.5413 0.3552
vn 0.7709 0.5408 0.3365
vn 0.2785 0.6695 0.6886
vn -0.6779 0.6844 -0.2683
vn -0.6738 0.6853 -0.2765
vn -0.9861 0.1664 0.0008
vn 0.3634 0.9090 -0.2040
vn 0.9690 0.0492 0.2420
vn -0.5919 0.7170 -0.3681
vn -0.5113 0.6952 0.5052
vn -0.4931 0.7146 0.4962
vn 0.1237 0.7936 -0.5957
vn -0.1746 0.0014 0.9846
vn 0.0329 -0.0013 -0.9995
vn -0.9846 0.0046 0.1749
vn 0.2114 0.1958 0.9576
vn 0.1906 0.2030 0.9604
vn 0.2102 0.1962 0.9578
vn -0.5079 0.7946 -0.3326
vn -0.5370 0.7927 -0.2886
vn 0.4129 0.6788 0.6072
vn -0.7153 0.1144 0.6894
vn -0.2928 0.6989 0.6526
vn -0.1806 0.4494 -0.8749
vn -0.1604 0.4598 -0.8734
vn -0.1591 0.4605 -0.8733
vn -0.9455 0.3257 0.0054
vn -0.9454 0.3257 0.0043
vn -0.9449 0.3271 -0.0129
vn -0.1236 0.8049 0.5804
vn -0.0615 0.8017 0.5945
vn 0.3333 0.7865 0.5200
vn 0.3202 0.7761 0.5433
vn 0.2737 0.8015 0.5316
vn 0.2893 0.7846 0.5484
vn -0.7089 0.0079 0.7053
vn 0.4183 0.0042 0.9083
vn -0.2379 0.0017 -0.9713
vn 0.6084 0.5305 -0.5903
vn 0.6202 0.5267 -0.5813
vn 0.6188 0.5271 -0.5824
vn 0.7452 0.0467 -0.6652
vn -0.8250 0.4526 0.3385
vn -0.8256 0.4524 0.3372
vn -0.8331 0.4505 0.3211
vn 0.7218 0.1088 0.6834
vn 0.5859 0.6271 0.5133
vn -0.5849 0.1572 -0.7957
vn 0.9542 0.2388 -0.1801
vn -0.4136 0.6881 -0.5963
vn 0.0253 0.0042 -0.9997
vn -0.9598 0.0001 0.2806
vn -0.3755 0.0035 -0.9268
vn -0.5126 0.4961 -0.7008
vn -0.5012 0.4922 -0.7117
vn -0.5115 0.4957 -0.7018
vn 0.5925 -0.4364 -0.6772
vn 0.6363 -0.4385 -0.6347
vn 0.6341 -0.4384 -0.6370
vn 0.9491 -0.3147 0.0138
vn -0.9676 0.1748 -0.1824
vn -0.9626 0.1795 -0.2029
vn -0.9673 0.1751 -0.1834
vn -0.9454 0.3258 -0.0089
vn -0.1562 0.2024 0.9668
vn -0.5473 0.3897 -0.7407
vn -0.5358 0.3852 -0.7514
vn -0.5465 0.3894 -0.7414
vn -0.0596 0.7928 -0.6066
vn 0.0128 0.0080 0.9999
vn -0.2027 -0.0013 -0.9792
vn -0.9379 0.0087 0.3469
vn -0.9670 0.1332 0.2174
vn -0.9672 0.1331 0.2164
vn -0.9715 0.1304 0.1978
vn -0.9282 0.3307 -0.1705
vn -0.9234 0.3338 -0.1896
vn -0.9231 0.3340 -0.1907
vn 0.2970 0.6495 -0.7000
vn 0.2799 0.6694 -0.6882
vn -0.2944 0.8474 -0.4420
vn -0.3489 0.7772 -0.5237
vn 0.0018 0.4683 -0.8836
vn 0.0227 0.4704 -0.8822
vn 0.0238 0.4705 -0.8821
vn 0.1104 0.7830 0.6121
vn 0.1080 0.7932 0.5993
vn -0.9285 0.3305 -0.1694
vn -0.8939 0.4482 0.0066
vn 0.9914 0.0553 -0.1190
vn -0.2296 0.0084 -0.9732
vn 0.5783 -0.0029 0.8159
vn -0.7060 0.0012 -0.7082
vn -0.3041 0.8363 -0.4561
vn -0.3560 0.8323 -0.4250
vn -0.8170 0.1244 0.5631
vn -0.1712 0.3784 -0.9097
vn -0.1508 0.3904 -0.9082
vn -0.1495 0.3911 -0.9081
vn -0.6922 0.1696 0.7015
vn -0.7047 0.1719 0.6884
vn -0.7041 0.1718 0.6890
vn -0.1562 0.2026 -0.9667
vn -0.1564 0.1209 -0.9803
vn 0.0484 0.8329 -0.5513
vn 0.0591 0.8445 -0.5323
vn 0.6851 0.6801 0.2608
vn -0.6916 0.1695 0.7021
vn 0.9597 -0.0000 0.2812
vn -0.3664 0.7959 0.4819
vn -0.3762 0.8125 0.4453
vn -0.4430 0.8460 -0.2966
vn -0.4557 0.8361 -0.3055
vn -0.4917 0.8321 -0.2567
vn -0.4703 0.8436 -0.2593
vn -0.5984 0.7915 -0.1243
vn -0.6097 0.7826 -0.1261
vn 0.6171 0.6632 -0.4235
vn -0.5889 0.7988 0.1231
vn -0.6418 0.7476 0.1708
vn -0.5902 0.7985 0.1188
vn -0.3054 0.6994 0.6462
vn -0.3052 0.7004 0.6452
vn -0.1363 0.6919 0.7090
vn -0.1362 0.6916 0.7093
vn -0.1375 0.6916 0.7091
vn -0.1374 0.6918 0.7088
vn -0.7060 0.1873 0.6830
vn -0.5383 0.8358 -0.1080
vn -0.5528 0.8318 -0.0490
vn 0.2026 0.0034 -0.9793
vn 0.2264 0.0034 -0.9740
vn -0.7328 0.0155 0.6803
vn -0.6794 0.3493 0.6454
vn -0.9157 0.1278 0.3811
vn -0.9237 0.1262 0.3617
vn -0.9240 0.1262 0.3610
vn 0.2111 0.1771 -0.9613
vn 0.2348 0.1780 -0.9556
vn 0.2120 0.1771 -0.9611
vn 0.2356 0.1781 -0.9554
vn 0.2332 0.1049 -0.9668
vn 0.1546 0.6834 -0.7135
vn 0.1664 0.6813 -0.7128
vn 0.1789 0.6614 -0.7284
vn 0.1768 0.6795 -0.7121
vn -0.6804 0.3495 -0.6441
vn -0.6796 0.3499 -0.6447
vn -0.6619 0.3589 -0.6581
vn -0.4093 0.0088 -0.9123
vn 0.4183 0.0042 -0.9083
vn 0.4284 -0.0008 -0.9036
vn -0.3954 0.4062 -0.8238
vn 0.3819 0.5350 -0.7536
vn 0.7382 0.6744 0.0195
vn -0.9281 0.3319 0.1686
vn -0.9305 0.3358 0.1466
vn -0.9282 0.3320 0.1678
vn 0.4267 0.1816 -0.8860
vn -0.7182 0.1367 -0.6822
vn -0.1093 0.5426 0.8329
vn -0.1193 0.5402 0.8330
vn -0.1303 0.5400 0.8315
vn -0.1302 0.5416 0.8305
vn 0.3029 0.7079 -0.6381
vn 0.3103 0.6977 -0.6457
vn 0.3167 0.7012 -0.6387
vn 0.3110 0.7086 -0.6334
vn 0.3819 0.5350 0.7536
vn 0.3814 0.5345 0.7542
vn 0.3697 0.5216 0.7689
vn -0.3856 0.0090 -0.9226
vn -0.1803 0.0069 -0.9836
vn 0.6005 0.0006 -0.7996
vn 0.7044 0.5338 -0.4679
vn 0.7063 0.5336 -0.4652
vn 0.7060 0.5342 -0.4650
vn 0.7042 0.5343 -0.4676
vn 0.4960 0.5266 -0.6904
vn 0.4952 0.5268 -0.6909
vn 0.5040 0.5250 -0.6859
vn 0.9685 0.2380 -0.0730
vn -0.3391 0.8016 0.4924
vn -0.3317 0.8108 0.4823
vn 0.1001 0.8551 0.5088
vn 0.1024 0.8445 0.5256
vn 0.1488 0.8424 0.5179
vn 0.1348 0.8531 0.5040
vn 0.2480 0.8297 0.5001
vn 0.3046 0.8340 0.4601
vn 0.2551 0.8292 0.4973
vn 0.4041 0.7219 -0.5618
vn 0.4124 0.7190 -0.5594
vn 0.4279 0.6984 -0.5737
vn 0.4214 0.7164 -0.5561
vn 0.4282 0.6978 -0.5743
vn 0.5389 0.4262 -0.7266
vn 0.5448 0.4163 0.7279
vn 0.5520 0.1705 0.8163
vn 0.5042 0.7054 -0.4982
vn 0.4865 0.6590 -0.5736
vn 0.5023 0.7043 -0.5015
vn 0.4725 0.6242 -0.6222
vn 0.4811 0.6526 -0.5854
vn 0.4726 0.6238 -0.6225
vn 0.4722 0.6232 -0.6234
vn -0.8050 0.1798 0.5654
vn -0.8054 0.1799 0.5647
vn -0.8151 0.1817 0.5501
vn 0.1905 0.4669 -0.8635
vn 0.2972 0.8434 0.4476
vn 0.3374 0.8411 0.4226
vn -0.9623 0.1798 -0.2041
vn 0.3891 0.3933 0.8331
vn 0.1453 0.6462 0.7492
vn 0.1447 0.6472 0.7485
vn -0.3914 0.7114 0.5837
vn -0.6485 0.3990 0.6482
vn -0.6620 0.3946 0.6372
vn -0.6611 0.3949 0.6379
vn -0.4250 0.6896 0.5864
vn 0.5886 0.7165 0.3743
vn 0.6031 0.6920 0.3967
vn 0.5843 0.7106 0.3921
vn 0.2982 0.6480 -0.7008
vn 0.3076 0.6488 -0.6960
vn -0.6025 0.7959 0.0606
vn 0.6515 0.4367 0.6203
vn -0.9146 0.1365 -0.3807
vn -0.6727 0.6865 0.2759
vn -0.6515 0.7073 0.2744
vn -0.6910 0.7084 0.1442
vn -0.6921 0.7054 0.1530
vn -0.6780 0.6844 0.2681
vn 0.3472 0.4701 0.8115
vn 0.2015 0.3936 0.8969
vn 0.3683 0.4734 -0.8002
vn -0.7074 0.7068 0.0050
vn -0.7105 0.7036 0.0128
vn -0.4184 0.3585 0.8345
vn 0.0011 0.4682 -0.8836
vn -0.1723 0.6765 -0.7160
vn -0.2623 0.7109 -0.6525
vn 0.3590 0.7897 -0.4975
vn -0.4250 0.1675 0.8896
vn 0.6856 0.6819 -0.2550
vn 0.6896 0.7112 -0.1368
vn -0.5610 0.1180 -0.8194
vn 0.3078 0.7994 -0.5160
vn -0.5990 0.7133 -0.3639
vn 0.6795 0.7310 0.0628
vn 0.6808 0.7309 0.0484
vn 0.6780 0.7243 0.1253
vn 0.6802 0.7264 0.0987
vn -0.1349 0.6920 0.7092
vn -0.1349 0.6917 0.7095
vn -0.6205 0.6890 -0.3745
vn -0.6063 0.7098 -0.3585
vn 0.8472 0.5208 -0.1052
vn 0.8478 0.5209 -0.1001
vn 0.8471 0.5218 -0.1010
vn 0.5816 0.6226 -0.5234
vn 0.5820 0.6257 -0.5194
vn 0.5803 0.6253 -0.5217
vn 0.5822 0.6205 -0.5254
vn -0.9780 0.1314 -0.1623
vn 0.6806 0.7263 0.0962
vn -0.6580 0.5436 -0.5212
vn 0.0254 0.4705 0.8820
vn 0.0042 0.4684 0.8835
vn 0.0054 0.4685 0.8834
vn -0.7059 0.6973 0.1244
vn -0.7068 0.6964 0.1245
vn -0.6211 0.6881 -0.3752
vn 0.5793 0.1167 -0.8067
vn 0.4252 0.1050 -0.8990
vn -0.8820 0.4501 -0.1396
vn -0.8818 0.4501 -0.1407
vn -0.8790 0.4491 -0.1603
vn -0.7040 0.1112 -0.7015
vn 0.5123 0.8527 0.1019
vn 0.5125 0.8526 0.1020
vn 0.5222 0.8502 0.0677
vn 0.5213 0.8503 0.0724
vn -0.1722 0.3778 -0.9097
vn -0.7317 0.6816 -0.0081
vn -0.0005 0.1647 -0.9863
vn 0.5849 0.1030 0.8046
vn 0.5672 0.1031 0.8171
vn 0.5663 0.1031 0.8177
vn 0.4383 0.6596 -0.6106
vn 0.4322 0.6741 -0.5990
vn 0.4222 0.6926 -0.5848
vn 0.4129 0.6788 -0.6072
vn -0.9610 0.1797 0.2101
vn 0.4405 0.6584 -0.6103
vn 0.4525 0.6655 -0.5936
vn 0.3297 0.7266 -0.6027
vn -0.6047 0.6901 -0.3976
vn -0.5849 0.7098 -0.3925
vn -0.6139 0.6876 0.3877
vn 0.5886 0.7165 -0.3743
vn 0.5843 0.7106 -0.3921
vn 0.3677 0.3905 -0.8440
vn 0.3688 0.3906 -0.8435
vn 0.3877 0.3932 -0.8337
vn -0.1081 0.5426 0.8330
vn -0.1083 0.5404 0.8344
vn 0.5834 0.6260 -0.5175
vn 0.5859 0.6271 -0.5133
vn 0.6851 0.6801 -0.2608
vn -0.7542 0.5480 -0.3618
vn -0.7504 0.5459 -0.3726
vn -0.7450 0.5460 -0.3831
vn -0.7441 0.5477 -0.3825
vn 0.6341 0.7112 0.3034
vn 0.5300 0.6379 -0.5587
vn -0.8287 0.4503 0.3323
vn -0.3513 -0.4643 0.8130
vn -0.3470 -0.4593 0.8177
vn -0.4283 0.8571 -0.2863
vn -0.4283 0.8570 -0.2865
vn -0.4496 0.8547 -0.2595
vn -0.4471 0.8549 -0.2632
vn 0.3178 0.6870 -0.6535
vn 0.3233 0.6925 -0.6449
vn 0.5893 0.6233 -0.5141
vn -0.6613 0.3592 -0.6586
vn 0.9675 0.2432 -0.0696
vn 0.4883 0.6551 0.5766
vn 0.2348 0.1780 0.9556
vn 0.2111 0.1771 0.9613
vn 0.2120 0.1771 0.9611
vn 0.3532 0.7686 0.5334
vn 0.4036 0.6917 0.5988
vn 0.3625 0.7175 0.5948
vn 0.3747 0.7766 0.5065
vn 0.0616 0.5527 0.8311
vn 0.0617 0.5508 0.8324
vn 0.0524 0.5507 0.8331
vn 0.0515 0.5523 0.8321
vn -0.9154 0.1278 0.3818
vn 0.3029 0.7079 0.6381
vn 0.3130 0.6821 0.6609
vn 0.5592 0.8092 -0.1801
vn -0.0375 0.8819 -0.4699
vn 0.0549 0.8819 -0.4682
vn 0.6584 0.7295 -0.1856
vn 0.5789 0.8060 -0.1234
vn 0.9623 0.1866 0.1977
vn 0.4267 0.1816 0.8860
vn 0.4262 0.1815 0.8863
vn 0.4090 0.1796 0.8947
vn -0.2325 0.4888 -0.8408
vn -0.2319 0.4881 -0.8414
vn -0.2157 0.4689 -0.8565
vn -0.5117 0.4999 -0.6988
vn -0.5025 0.5012 -0.7045
vn -0.5034 0.5011 -0.7039
vn -0.2706 0.5332 0.8015
vn -0.2705 0.5330 0.8017
vn -0.2717 0.5330 0.8013
vn -0.2717 0.5332 0.8012
vn -0.0803 0.6829 0.7261
vn -0.0149 0.6661 0.7457
vn -0.0169 0.6826 0.7306
vn 0.3130 0.6821 -0.6609
vn 0.5793 0.7057 0.4079
vn 0.5798 0.7051 0.4083
vn -0.1771 0.1150 -0.9775
vn 0.4085 0.1796 0.8949
vn -0.3967 0.4063 0.8232
vn 0.5666 0.1951 0.8006
vn 0.5661 0.1949 0.8009
vn 0.5545 0.1910 0.8100
vn 0.5540 0.1909 0.8103
vn 0.0272 0.3927 0.9193
vn 0.0043 0.3931 0.9195
vn 0.0053 0.3931 0.9195
vn 0.5520 0.1705 -0.8163
vn -0.4631 0.7974 0.3868
vn 0.9685 0.2380 0.0730
vn 0.9542 0.2388 0.1801
vn 0.9635 0.1805 0.1978
vn 0.9865 0.1617 -0.0245
vn -0.3506 -0.2306 -0.9077
vn -0.3279 -0.2161 -0.9197
vn 0.8927 0.2183 0.3943
vn 0.3151 0.6494 -0.6921
vn -0.2392 0.5430 -0.8049
vn -0.2393 0.5428 -0.8050
vn -0.2379 0.5428 -0.8055
vn -0.2379 0.5430 -0.8053
vn -0.2059 0.0085 -0.9785
vn -0.0818 0.8909 -0.4467
vn -0.0025 0.9524 -0.3050
vn 0.7744 0.2405 -0.5851
vn 0.8038 0.1610 -0.5727
vn -0.0032 0.6481 0.7616
vn -0.0129 0.6494 0.7603
vn 0.6730 0.1840 -0.7164
vn 0.6755 0.1244 -0.7268
vn 0.6962 0.1819 -0.6944
vn 0.6968 0.1821 -0.6938
vn 0.7083 0.1853 -0.6811
vn 0.7090 0.1855 -0.6804
vn 0.7218 0.1088 -0.6834
vn 0.5668 0.1755 -0.8049
vn 0.5678 0.1756 -0.8042
vn 0.5854 0.1760 -0.7914
vn -0.1521 0.6773 0.7198
vn -0.1349 0.6676 0.7322
vn 0.5858 0.1030 -0.8039
vn -0.3732 0.4298 -0.8222
vn 0.1432 0.6464 -0.7494
vn 0.1543 0.6460 -0.7476
vn 0.1476 0.6585 -0.7380
vn 0.1425 0.6476 -0.7485
vn -0.5700 0.1036 -0.8151
vn 0.5668 0.1755 0.8049
vn 0.5890 0.7170 0.3728
vn 0.4473 0.8426 0.2999
vn 0.4590 0.8333 0.3083
vn 0.4958 0.8292 0.2581
vn 0.4752 0.8402 0.2614
vn -0.0481 0.8324 -0.5521
vn -0.5708 0.1036 0.8146
vn -0.5715 0.1036 0.8140
vn -0.5897 0.1048 0.8008
vn -0.5066 0.8563 0.1005
vn -0.5025 0.8540 0.1348
vn 0.2117 0.4895 -0.8459
vn 0.5069 0.7942 0.3352
vn 0.5048 0.7938 0.3392
vn -0.5279 0.6916 0.4929
vn -0.5335 0.6919 0.4864
vn 0.1080 0.8369 -0.5366
vn -0.0814 0.6827 -0.7261
vn -0.0175 0.6827 -0.7305
vn 0.8466 0.5207 -0.1104
vn -0.3798 0.1015 0.9195
vn -0.9264 0.1265 -0.3547
vn 0.8031 0.5230 -0.2855
vn 0.8036 0.5228 -0.2843
vn 0.8035 0.5231 -0.2841
vn 0.8030 0.5232 -0.2853
vn -0.7013 0.1326 -0.7004
vn -0.8294 0.1854 -0.5270
vn -0.3449 0.7974 0.4951
vn -0.3480 0.7914 0.5025
vn 0.0122 0.4387 0.8986
vn -0.7000 0.1327 0.7017
vn 0.0177 -0.2890 -0.9572
vn -0.9722 0.1826 -0.1466
vn -0.9721 0.1824 -0.1474
vn -0.9697 0.1768 -0.1683
vn 0.1596 0.6559 0.7377
vn 0.1546 0.6828 0.7140
vn -0.3042 0.7002 -0.6459
vn -0.2997 0.7199 -0.6260
vn -0.3939 0.4436 0.8050
vn -0.8782 0.4488 0.1652
vn -0.9921 0.1254 -0.0059
vn -0.9915 0.1271 -0.0294
vn -0.9915 0.1270 -0.0283
vn -0.6934 0.7049 -0.1494
vn 0.5864 0.1760 -0.7907
vn 0.0050 0.1031 -0.9947
vn -0.9074 0.1857 0.3770
vn -0.9079 0.1856 0.3758
vn -0.9165 0.1844 0.3550
vn -0.9170 0.1844 0.3538
vn 0.6780 0.7228 0.1334
vn 0.6794 0.7227 0.1275
vn 0.6812 0.7208 0.1279
vn 0.6794 0.7214 0.1344
vn 0.7072 0.1056 -0.6991
vn -0.0246 0.6523 0.7576
vn -0.0275 0.6814 0.7314
vn 0.8334 0.5467 -0.0813
vn 0.8329 0.5471 -0.0835
vn 0.8152 0.5569 -0.1592
vn -0.3264 0.6594 -0.6772
vn -0.3124 0.6508 -0.6920
vn -0.1686 0.6446 -0.7457
vn 0.6742 0.4315 -0.5993
vn 0.2957 0.7069 -0.6425
vn -0.5849 0.1572 0.7957
vn -0.5481 0.1753 0.8178
vn -0.5653 0.1783 0.8054
vn -0.5660 0.1785 0.8049
vn 0.5198 0.7877 0.3308
vn 0.5220 0.7873 0.3280
vn 0.3315 0.8012 -0.4982
vn 0.3243 0.8098 -0.4890
vn 0.3206 0.8094 -0.4921
vn 0.4730 0.8130 -0.3395
vn 0.4840 0.8032 -0.3472
vn 0.5043 0.8020 -0.3201
vn 0.4757 0.8128 -0.3362
vn -0.4247 0.8317 -0.3576
vn -0.4192 0.8433 -0.3363
vn -0.4293 0.1097 -0.8965
vn 0.3622 0.8304 0.4234
vn -0.6831 0.6849 -0.2536
vn -0.6822 0.6861 -0.2529
vn 0.8391 0.4201 0.3457
vn 0.2116 0.4895 0.8460
vn 0.1995 0.4856 0.8511
vn 0.1900 0.4825 0.8550
vn -0.4168 0.6959 0.5847
vn -0.4244 0.6963 0.5789
vn 0.2030 0.4015 0.8931
vn 0.3978 0.4336 -0.8086
vn 0.4097 0.4439 -0.7969
vn 0.4102 0.4443 -0.7965
vn 0.3693 0.5211 0.7695
vn 0.3973 0.4332 0.8090
vn -0.1568 0.7105 -0.6860
vn -0.1650 0.7112 -0.6834
vn 0.4952 0.5268 0.6909
vn 0.4871 0.5285 0.6953
vn 0.4960 0.5266 0.6904
vn 0.5102 0.4380 0.7401
vn 0.5448 0.4163 -0.7279
vn 0.4396 0.5689 0.6951
vn 0.4276 0.5661 0.7048
vn 0.4134 0.5664 0.7130
vn 0.4127 0.5690 0.7113
vn -0.0152 0.4330 -0.9013
vn 0.0106 0.4391 -0.8984
vn 0.0093 0.4388 -0.8985
vn 0.8286 0.5584 0.0411
vn 0.8152 0.5572 0.1582
vn 0.8284 0.5584 0.0440
vn 0.6745 0.7315 -0.0994
vn 0.6731 0.7328 -0.0997
vn 0.6689 0.7358 -0.1058
vn 0.8018 -0.4357 -0.4091
vn -0.3716 -0.2877 0.8827
vn -0.3702 -0.2352 0.8987
vn 0.8138 0.5368 -0.2227
vn -0.5246 0.5442 -0.6547
vn -0.5247 0.5438 -0.6549
vn 0.0370 0.1076 0.9935
vn 0.6801 0.4553 0.5746
vn 0.7148 0.5078 -0.4808
vn 0.1598 0.8328 -0.5300
vn 0.6826 0.3726 -0.6287
vn 0.6076 0.5307 -0.5909
vn -0.3106 0.6506 0.6930
vn 0.6515 0.4367 -0.6203
vn 0.5123 0.4899 -0.7054
vn 0.5133 0.4905 -0.7042
vn 0.5270 0.4998 -0.6874
vn 0.5278 0.5003 -0.6864
vn 0.5607 0.4149 -0.7166
vn -0.7420 0.4763 0.4719
vn 0.3890 0.3934 -0.8330
vn -0.9170 0.1844 -0.3538
vn 0.9635 0.1805 -0.1978
vn -0.7018 0.1114 0.7036
vn 0.0217 0.6512 0.7586
vn 0.0165 0.6733 0.7392
vn 0.0265 0.6708 0.7412
vn -0.8355 0.5373 0.1153
vn -0.8319 0.5430 0.1143
vn -0.8364 0.4516 -0.3106
vn -0.8335 0.4512 -0.3188
vn -0.8339 0.4513 -0.3178
vn -0.3044 0.6994 -0.6467
vn 0.0013 0.1890 0.9820
vn -0.3523 0.5068 -0.7868
vn 0.6162 0.7154 0.3294
vn -0.2152 0.4683 -0.8570
vn -0.8038 0.5509 -0.2245
vn -0.8030 0.5522 -0.2242
vn 0.6755 0.1244 0.7268
vn -0.5579 0.1181 0.8215
vn -0.1414 0.7830 0.6057
vn -0.5013 0.5008 0.7056
vn -0.5003 0.5009 0.7062
vn -0.5099 0.4997 0.7002
vn 0.1891 0.4822 0.8554
vn -0.7572 0.4544 -0.4692
vn -0.7526 0.4540 -0.4770
vn -0.7577 0.4545 -0.4683
vn -0.0250 0.6523 -0.7575
vn -0.0276 0.6815 -0.7313
vn -0.5134 0.7987 0.3138
vn -0.5153 0.8138 0.2687
vn -0.7637 0.4549 0.4580
vn -0.9306 0.3360 0.1455
vn -0.8788 0.4490 -0.1614
vn -0.9281 0.3319 -0.1686
vn 0.8279 0.5215 -0.2066
vn 0.8161 0.5228 -0.2464
vn -0.9449 0.3272 -0.0139
vn 0.3859 0.1757 0.9057
vn -0.9921 0.1253 -0.0047
vn -0.0002 0.1645 0.9864
vn -0.6478 0.3993 0.6488
vn -0.8334 0.4504 0.3204
vn -0.8789 0.3364 0.3381
vn 0.7190 0.3873 0.5771
vn -0.5247 0.6919 -0.4959
vn -0.5215 0.6924 -0.4986
vn -0.7064 0.1715 -0.6867
vn -0.6944 0.1694 -0.6994
vn -0.6938 0.1693 -0.7000
vn 0.5916 0.8035 -0.0673
vn 0.1864 0.2034 -0.9612
vn 0.1876 0.2029 -0.9611
vn 0.2065 0.1959 -0.9586
vn 0.7400 0.4166 0.5281
vn 0.5128 0.8100 -0.2845
vn -0.5362 0.3852 0.7511
vn -0.5473 0.3897 0.7407
vn -0.5465 0.3894 0.7414
vn 0.7148 0.3204 0.6216
vn -0.1496 0.3910 0.9082
vn 0.1429 0.6701 0.7284
vn 0.1331 0.6667 0.7334
vn -0.8171 0.1243 -0.5629
vn 0.5116 0.8530 -0.1032
vn 0.5198 0.8514 -0.0698
vn 0.8375 0.5240 0.1547
vn -0.1805 0.0069 0.9836
vn -0.8550 0.0166 -0.5184
vn 0.5719 0.0055 -0.8203
vn 0.9794 0.1867 -0.0768
vn -0.8426 0.0012 0.5385
vn -0.5778 -0.0013 -0.8162
vn -0.5645 0.0082 0.8254
vn -0.5830 0.0079 0.8125
vn -0.5768 -0.0023 0.8169
vn -0.9598 0.0001 -0.2807
vn -0.9598 -0.0000 -0.2807
vn -0.7110 0.0078 -0.7032
vn -0.5703 0.0093 -0.8214
vn -0.2359 0.0017 0.9718
vn -0.7340 0.0154 -0.6790
vn 0.3829 0.0036 0.9238
vn -0.0287 0.0034 -0.9996
vn 0.8478 0.5198 -0.1050
vn 0.8483 0.5200 -0.1001
vn 0.5756 -0.0045 -0.8177
vn -0.6838 0.5057 0.5259
vn -0.6783 0.5058 0.5330
vn -0.6789 0.5042 0.5337
vn -0.6761 0.5041 0.5374
vn -0.9214 0.0068 0.3885
vn 0.4081 0.6942 0.5929
vn 0.3635 0.6920 0.6238
vn -0.9997 0.0172 -0.0174
vn -0.2407 0.5431 -0.8045
vn -0.2407 0.5428 -0.8046
vn -0.9881 0.0165 -0.1532
vn -0.5894 0.0102 -0.8078
vn -0.9846 0.0046 -0.1749
vn 0.4004 -0.0051 0.9163
vn -0.2013 -0.0012 0.9795
vn 0.0356 -0.0013 0.9994
vn -0.2026 0.0075 0.9792
vn -0.9294 0.0175 -0.3688
vn 0.2079 -0.0051 0.9781
vn -0.9881 0.0165 0.1532
vn 0.2156 0.0053 -0.9765
vn -0.7042 0.0012 0.7100
vn -0.9312 0.0037 0.3645
vn 0.2070 -0.0033 -0.9783
vn 0.5527 -0.0016 0.8334
vn -0.9363 0.0179 -0.3507
vn -0.7250 -0.0017 -0.6887
vn -0.9598 0.0002 -0.2806
vn -0.4038 -0.0025 -0.9148
vn -0.9266 0.0175 0.3756
vn 0.4024 -0.0042 -0.9155
vn 0.8152 0.5572 -0.1582
vn 0.8284 0.5584 -0.0440
vn 0.3961 0.0039 -0.9182
vn 0.9111 0.4091 0.0511
vn 0.7064 -0.0004 0.7079
vn 0.2194 0.0054 0.9756
vn 0.3844 0.0036 -0.9231
vn 0.4004 -0.0051 -0.9163
vn 0.5795 0.0037 -0.8149
vn 0.7118 0.0046 -0.7024
vn 0.7280 0.0051 -0.6856
vn -0.9816 0.0047 0.1908
vn -0.9328 0.0161 0.3599
vn 0.7510 0.0249 -0.6598
vn 0.8244 0.0082 -0.5660
vn -0.6667 -0.3402 0.6632
vn -0.3115 0.6503 -0.6929
vn 0.5963 0.6169 0.5137
vn 0.9738 0.0620 -0.2189
vn -0.8750 0.4497 -0.1793
vn 0.9801 0.0240 -0.1969
vn 0.9871 0.0063 -0.1599
vn 0.9971 -0.0130 -0.0748
vn 0.9985 -0.0003 -0.0555
vn -0.3121 -0.2421 0.9187
vn 0.9909 0.0435 -0.1272
vn -0.7427 0.4764 -0.4706
vn 0.9618 0.0255 0.2725
vn -0.2663 -0.1896 -0.9450
vn 0.6341 0.7112 -0.3034
vn 0.7452 0.0467 0.6652
vn 0.5901 0.0062 0.8073
vn 0.5719 0.0055 0.8203
vn -0.8566 0.0166 0.5157
vn -0.8438 0.0164 -0.5364
vn 0.3961 0.0039 0.9182
vn 0.4024 -0.0042 0.9155
vn -0.4000 0.0076 -0.9165
vn -0.5848 0.6780 -0.4454
vn -0.5832 0.6780 -0.4475
vn -0.5828 0.6786 -0.4469
vn -0.5844 0.6785 -0.4450
vn -0.1820 0.6913 0.6993
vn -0.1787 0.6913 0.7001
vn 0.0431 0.5505 0.8337
vn 0.0520 0.5490 0.8342
vn 0.0432 0.5490 0.8347
vn -0.7429 0.5065 0.4376
vn -0.7420 0.5082 0.4372
vn -0.1797 0.1891 -0.9654
vn 0.2076 0.1955 -0.9585
vn -0.0005 0.9997 0.0252
vn 0.6768 0.7346 0.0480
vn 0.6757 0.7345 0.0631
vn -0.3653 0.6765 -0.6395
vn -0.3596 0.6765 -0.6426
vn -0.3588 0.6783 -0.6412
vn -0.3650 0.6781 -0.6379
vn -0.3615 0.5094 0.7809
vn -0.3607 0.5092 0.7814
vn -0.3700 0.5118 0.7753
vn 0.6720 0.7365 0.0781
vn 0.6406 0.7617 0.0974
vn -0.1756 0.1148 0.9777
vn -0.7513 0.5439 -0.3738
vn -0.7459 0.5443 -0.3838
vn -0.6999 0.6875 -0.1938
vn -0.9892 0.0075 0.1467
vn -0.3747 0.0035 0.9271
vn -0.7106 0.6891 -0.1419
vn -0.4028 0.5440 -0.7361
vn -0.4040 0.5440 -0.7354
vn -0.4041 0.5437 -0.7356
vn -0.4028 0.5437 -0.7363
vn 0.2047 0.6675 -0.7159
vn 0.2105 0.6675 -0.7142
vn 0.2101 0.6692 -0.7127
vn 0.2039 0.6690 -0.7147
vn 0.6480 0.5560 0.5205
vn 0.6324 0.5554 0.5400
vn 0.0380 0.6939 0.7190
vn -0.6585 0.5436 -0.5205
vn -0.9400 0.0087 -0.3411
vn 0.9536 0.1403 0.2664
vn -0.6836 0.5072 0.5249
vn -0.6894 0.5056 0.5188
vn -0.6888 0.5068 0.5183
vn 0.0609 0.6708 -0.7391
vn 0.0614 0.6669 -0.7426
vn 0.5450 0.5700 0.6150
vn 0.5426 0.5700 0.6170
vn 0.5424 0.5705 0.6167
vn -0.9819 0.0170 0.1885
vn -0.4936 0.8005 0.3400
vn -0.8069 0.5494 -0.2171
vn -0.8046 0.5496 -0.2248
vn 0.3743 -0.0017 -0.9273
vn -0.5226 0.5446 -0.6560
vn -0.5244 0.5445 -0.6546
vn -0.5897 0.7118 0.3816
vn -0.5890 0.7126 0.3812
vn 0.6076 0.7924 0.0538
vn 0.5614 0.8261 0.0493
vn -0.6084 0.7839 -0.1243
vn -0.5963 0.7935 -0.1217
vn -0.5975 0.7932 -0.1177
vn -0.1720 0.8282 0.5334
vn -0.1680 0.8312 0.5300
vn -0.1506 0.8424 0.5173
vn -0.1602 0.8310 0.5326
vn -0.1044 0.8451 0.5242
vn -0.1074 0.8355 0.5389
vn -0.0480 0.8314 0.5537
vn -0.0590 0.8426 0.5353
vn -0.3816 0.8023 0.4590
vn -0.3583 0.8310 0.4254
vn -0.3596 0.8285 0.4292
vn 0.2586 0.8432 -0.4713
vn 0.2582 0.8549 -0.4500
vn -0.5221 0.8057 0.2796
vn -0.4966 0.8285 0.2588
vn -0.4118 0.8545 -0.3167
vn -0.3121 0.8551 -0.4139
vn -0.3158 0.8550 -0.4114
vn -0.3170 0.8532 -0.4141
vn -0.3137 0.8536 -0.4159
vn 0.0666 0.8522 0.5190
vn 0.1006 0.8552 0.5085
vn 0.0717 0.8523 0.5181
vn -0.5296 0.8314 -0.1682
vn -0.5327 0.8279 -0.1753
vn 0.5116 0.8531 -0.1025
vn 0.5083 0.8501 -0.1376
vn 0.5093 0.8503 -0.1327
vn -0.0684 0.8533 -0.5169
vn -0.0673 0.8551 -0.5140
vn -0.0719 0.8553 -0.5132
vn -0.0721 0.8537 -0.5158
vn 0.4337 0.8530 0.2903
vn 0.4555 0.8507 0.2623
vn -0.2640 0.8536 0.4490
vn -0.2602 0.8535 0.4515
vn -0.2623 0.8517 0.4537
vn -0.2652 0.8521 0.4513
vn 0.3448 -0.4547 0.8212
vn 0.3442 0.7871 0.5119
vn 0.3474 0.7868 0.5102
vn 0.1647 0.8291 0.5342
vn -0.1563 0.1209 0.9803
vn 0.4920 0.8302 -0.2622
vn 0.4859 0.8327 -0.2657
vn 0.2594 0.8404 0.4760
vn 0.0501 0.8305 -0.5548
vn 0.0564 0.8332 -0.5501
vn 0.5214 0.8396 0.1523
vn 0.5083 0.8502 0.1373
vn 0.3155 0.8519 0.4181
vn 0.3191 0.8517 0.4156
vn 0.3202 0.8501 0.4182
vn 0.3171 0.8504 0.4199
vn 0.1408 0.6704 -0.7286
vn 0.1315 0.6670 -0.7334
vn -0.0166 0.4327 -0.9014
vn 0.7134 0.4621 -0.5268
vn 0.4983 0.8268 0.2610
vn 0.4913 0.8296 0.2651
vn 0.0281 0.3927 0.9192
vn -0.1818 0.4488 -0.8750
vn -0.6197 0.7744 -0.1272
vn 0.1137 0.7713 0.6262
vn 0.1097 0.7720 0.6261
vn -0.7176 0.1141 -0.6870
vn -0.3387 0.7860 -0.5171
vn -0.3483 0.7779 -0.5230
vn -0.3165 0.7845 -0.5332
vn -0.0589 0.8440 -0.5331
vn 0.0429 0.5519 0.8328
vn -0.0249 0.6509 -0.7587
vn 0.4951 0.7920 -0.3573
vn 0.3872 0.1054 -0.9160
vn -0.4968 0.7832 -0.3738
vn -0.4526 0.8065 -0.3804
vn -0.1276 0.7854 -0.6056
vn -0.0835 0.8893 -0.4496
vn 0.0758 0.6745 -0.7344
vn 0.0890 0.6741 -0.7333
vn -0.8155 0.1818 0.5495
vn 0.4597 0.7039 0.5415
vn 0.4625 0.6991 0.5454
vn 0.1199 0.7939 -0.5961
vn 0.7090 0.1855 0.6804
vn -0.7771 0.3667 0.5115
vn 0.6079 0.7160 -0.3432
vn -0.4186 0.6961 -0.5832
vn -0.2956 0.8463 -0.4431
vn -0.3351 0.8438 -0.4191
vn 0.1854 0.6904 0.6993
vn 0.1861 0.6880 0.7015
vn 0.4412 0.5689 0.6940
vn 0.4417 0.5654 0.6966
vn 0.3110 0.7086 0.6334
vn -0.2046 0.1021 -0.9735
vn 0.8550 0.5171 0.0388
vn 0.8555 0.5169 0.0296
vn 0.8565 0.5152 0.0304
vn 0.8560 0.5156 0.0390
vn 0.4545 0.8045 0.3823
vn 0.4271 0.8287 0.3617
vn -0.3192 0.8515 0.4161
vn -0.3180 0.8533 0.4132
vn -0.3141 0.8534 0.4159
vn -0.3158 0.8518 0.4179
vn -0.4145 0.8546 -0.3128
vn 0.3160 0.8540 -0.4134
vn 0.3114 0.8558 -0.4132
vn 0.3129 0.8543 -0.4151
vn 0.0407 0.8266 0.5613
vn 0.0570 0.8414 0.5375
vn 0.0538 0.8300 0.5551
vn -0.3838 0.1586 0.9097
vn -0.3848 0.1585 0.9093
vn -0.4073 0.1560 0.8999
vn -0.5054 0.8522 -0.1353
vn -0.5022 0.8541 -0.1353
vn -0.5032 0.8542 -0.1306
vn -0.5058 0.8526 -0.1314
vn -0.9717 0.1302 0.1969
vn -0.1357 0.8515 0.5065
vn -0.1356 0.8533 0.5035
vn -0.1310 0.8534 0.5045
vn -0.1318 0.8518 0.5069
vn -0.2301 0.1033 -0.9677
vn -0.4943 0.8296 -0.2596
vn -0.4258 0.8315 0.3569
vn 0.1574 0.8318 0.5323
vn 0.1348 0.8515 0.5067
vn 0.5569 0.8287 0.0560
vn 0.5363 0.8250 0.1780
vn 0.5335 0.8286 0.1697
vn 0.5359 0.8287 0.1615
vn 0.4885 0.7967 -0.3558
vn 0.4806 0.8036 -0.3511
vn -0.2565 0.8314 0.4930
vn -0.2595 0.8289 0.4955
vn -0.5164 0.8537 0.0672
vn -0.5064 0.8564 0.1006
vn -0.5155 0.8539 0.0719
vn 0.5114 0.8483 0.1373
vn 0.5093 0.8503 0.1326
vn 0.5118 0.8487 0.1334
vn -0.2859 0.8573 -0.4281
vn 0.4516 0.8527 -0.2625
vn 0.4496 0.8530 -0.2650
vn -0.5232 0.8457 -0.1047
vn -0.5165 0.8430 -0.1506
vn -0.4147 0.8526 -0.3179
vn -0.4165 0.8530 -0.3145
vn -0.5858 0.7904 0.1792
vn -0.5336 0.8292 0.1662
vn 0.4228 0.8397 0.3407
vn 0.4166 0.8503 0.3215
vn 0.2626 0.8550 -0.4472
vn 0.2606 0.8528 -0.4525
vn 0.2639 0.8533 -0.4498
vn -0.5034 0.8542 0.1304
vn -0.5577 0.8286 0.0490
vn -0.5540 0.8312 0.0472
vn -0.5353 0.8427 0.0585
vn -0.5531 0.8312 0.0557
vn -0.9211 0.0069 -0.3893
vn 0.1989 0.6674 -0.7176
vn 0.1986 0.6688 -0.7165
vn -0.1532 0.6758 -0.7210
vn -0.9245 0.0160 0.3809
vn -0.9763 0.0076 0.2165
vn -0.6911 0.7011 0.1759
vn -0.3693 0.6905 0.6219
vn -0.3695 0.6894 0.6231
vn -0.3733 0.6893 0.6209
vn -0.3728 0.6903 0.6201
vn 0.6117 0.7203 0.3270
vn -0.5540 0.0014 -0.8325
vn 0.4420 0.5623 0.6989
vn 0.4276 0.5631 0.7071
vn 0.2110 0.6659 -0.7156
vn -0.2706 0.5328 0.8018
vn -0.2718 0.5328 0.8014
vn -0.6146 0.6794 -0.4008
vn -0.5815 0.6780 -0.4495
vn -0.6122 0.6793 -0.4046
vn -0.6875 0.7010 0.1895
vn 0.1784 0.0006 -0.9840
vn 0.6044 0.6868 -0.4037
vn 0.0618 0.5490 0.8336
vn -0.2726 0.8073 -0.5234
vn 0.2556 0.5613 0.7871
vn 0.2454 0.5612 0.7905
vn -0.7433 0.0063 0.6690
vn 0.8266 0.5219 -0.2104
vn -0.6705 0.7120 0.2086
vn 0.9738 0.0620 0.2189
vn -0.0839 0.5440 -0.8349
vn -0.0837 0.5460 -0.8336
vn -0.0945 0.5460 -0.8324
vn -0.0952 0.5443 -0.8335
vn 0.3622 0.6920 0.6244
vn 0.3621 0.6924 0.6241
vn 0.3634 0.6923 0.6234
vn 0.9050 0.4190 -0.0733
vn 0.5576 0.8282 -0.0561
vn 0.8605 -0.3464 0.3736
vn -0.6139 0.5038 0.6077
vn 0.4414 -0.3580 0.8228
vn 0.0122 -0.9990 -0.0423
vn 0.0122 -0.9997 -0.0228
vn 0.0087 -0.9998 -0.0190
vn 0.1755 -0.5341 0.8270
vn -0.0016 -0.9998 0.0181
vn -0.0044 -0.9997 0.0249
vn 0.5947 -0.3624 0.7177
vn 0.6967 -0.5327 0.4804
vn 0.6584 -0.3649 0.6583
vn 0.5460 0.7863 0.2893
vn 0.5535 0.8306 -0.0613
vn 0.8926 -0.3443 0.2910
vn -0.0044 -0.9999 -0.0149
vn -0.0262 -0.9996 0.0051
vn -0.0149 -0.9992 0.0384
vn -0.5348 0.3849 -0.7522
vn -0.0152 -0.9991 0.0405
vn -0.8255 -0.4532 -0.3364
vn -0.0168 -0.9989 0.0438
vn -0.0168 -0.9989 -0.0433
vn 0.0146 -0.9971 -0.0745
vn 0.0856 -0.9857 -0.1449
vn 0.1132 -0.9786 -0.1720
vn 0.8702 -0.3572 -0.3393
vn -0.5354 0.3849 0.7518
vn -0.5319 0.8315 -0.1600
vn 0.6996 -0.4942 -0.5161
vn -0.5001 0.4918 -0.7127
vn -0.5008 0.4918 0.7123
vn -0.1841 0.7912 0.5832
vn 0.5859 -0.4359 -0.6831
vn -0.0497 0.8289 0.5572
vn 0.7182 0.2362 0.6545
vn 0.6500 -0.5797 -0.4914
vn -0.8678 -0.3446 0.3580
vn 0.3598 -0.4146 -0.8359
vn 0.2879 -0.4120 -0.8645
vn 0.2971 -0.4125 -0.8612
vn 0.1001 -0.3792 -0.9199
vn -0.9354 -0.3535 -0.0066
vn 0.0134 -0.9999 -0.0025
vn -0.0216 -0.9983 -0.0548
vn -0.0097 -0.9993 -0.0370
vn -0.3380 -0.4666 -0.8173
vn -0.3552 -0.7592 -0.5454
vn 0.5011 -0.6748 -0.5417
vn 0.0260 -0.9995 0.0163
vn 0.7088 -0.5095 0.4878
vn 0.1775 -0.5137 0.8394
vn -0.0803 -0.3425 0.9361
vn 0.0182 -0.9998 0.0047
vn -0.0086 -0.9993 -0.0354
vn 0.0321 -0.9992 0.0255
vn -0.0044 -0.9998 -0.0186
vn -0.0172 -0.9998 -0.0029
vn -0.0015 -0.9998 0.0181
vn 0.0071 -0.9999 -0.0117
vn -0.0102 -0.9999 -0.0001
vn 0.0281 -0.9993 0.0239
vn -0.0076 -0.9995 -0.0295
vn -0.0169 -0.9987 0.0481
vn 0.0121 -0.9990 -0.0423
vn 0.3633 -0.4147 -0.8343
vn 0.8104 0.0531 -0.5834
vn -0.1099 -0.0000 0.9939
vn -0.6251 -0.0000 0.7806
vn -0.8422 0.0126 0.5390
vn 0.1943 0.0061 0.9809
vn -0.4819 -0.0000 0.8762
vn -0.9825 -0.0000 0.1860
vn -0.9825 -0.0001 0.1861
vn -0.9300 0.0050 0.3676
vn -0.7230 -0.0016 0.6909
vn -0.8761 -0.0000 -0.4822
vn 0.7280 0.0051 0.6856
vn -0.9826 0.0001 0.1860
vn -0.8290 0.0034 0.5593
vn -0.4004 -0.0006 0.9163
vn 0.0011 0.0048 -1.0000
vn -0.8472 0.0039 -0.5312
vn 0.4063 0.0035 -0.9137
vn 0.0046 0.0049 1.0000
vn -0.5768 -0.0023 -0.8169
vn 0.0003 -0.0008 -1.0000
vn 0.0073 -0.0039 1.0000
vn -0.7166 0.0140 0.6973
vn -0.5661 0.5157 0.6431
vn -0.5549 0.5131 0.6549
vn -0.5671 0.5132 0.6442
vn -0.3463 0.7862 -0.5118
vn -0.8150 0.5151 0.2655
vn -0.8132 0.5182 0.2650
vn -0.8079 0.5180 0.2810
vn -0.8147 0.5151 0.2662
vn -0.7158 0.6921 -0.0926
vn -0.9998 0.0086 0.0164
vn 0.0054 0.1030 0.9947
vn 0.1180 0.7706 0.6263
vn 0.6005 0.0006 0.7996
vn -0.4529 0.6781 -0.5789
vn -0.4539 0.6764 -0.5801
vn -0.4492 0.6763 -0.5838
vn -0.4479 0.6778 -0.5830
vn 0.4574 0.6568 -0.5995
vn -0.3710 0.6764 -0.6363
vn -0.3703 0.6778 -0.6351
vn -0.3657 0.6894 0.6252
vn -0.8782 0.3302 -0.3461
vn 0.6620 0.7268 -0.1830
vn 0.6698 0.7296 -0.1380
vn 0.6689 0.7295 -0.1427
vn 0.6614 0.7268 -0.1853
vn 0.0143 0.6325 -0.7744
vn 0.5186 0.4363 -0.7353
vn 0.5177 0.4365 -0.7358
vn 0.5261 0.4347 -0.7310
vn 0.6751 0.7317 -0.0940
vn -0.8377 0.5460 0.0102
vn -0.8310 0.5516 -0.0715
vn -0.8313 0.5516 -0.0687
vn -0.8315 0.5512 -0.0687
vn -0.6003 0.0027 -0.7998
vn -0.8391 0.5314 0.1162
vn -0.5586 0.7034 0.4396
vn 0.4163 0.8528 -0.3155
vn -0.7558 0.5456 -0.3621
vn -0.7568 0.5435 -0.3632
vn 0.7064 0.5330 -0.4656
vn 0.7046 0.5333 -0.4682
vn 0.5585 0.5402 -0.6295
vn 0.5578 0.5403 -0.6301
vn -0.4084 0.6758 -0.6136
vn -0.4086 0.6757 -0.6136
vn -0.9998 0.0177 -0.0079
vn 0.6602 0.5603 0.5003
vn 0.6622 0.5563 0.5020
vn 0.8376 -0.0975 -0.5375
vn 0.8560 0.5165 0.0205
vn 0.8571 0.5147 0.0211
vn -0.7142 0.6951 -0.0818
vn -0.7133 0.6947 -0.0924
vn -0.8024 0.5177 0.2969
vn -0.8038 0.5153 0.2971
vn -0.5297 0.6993 0.4801
vn -0.1084 0.5383 0.8357
vn -0.1198 0.5383 0.8342
vn 0.8026 0.5233 -0.2865
vn 0.8027 0.5231 -0.2866
vn -0.1303 0.7953 0.5921
vn -0.4916 0.5020 0.7116
vn -0.4027 0.5442 -0.7360
vn -0.4016 0.5440 -0.7368
vn -0.4015 0.5442 -0.7366
vn 0.2356 0.1781 0.9554
vn -0.6584 0.5437 -0.5205
vn 0.8266 0.5214 -0.2120
vn 0.2432 0.5574 -0.7938
vn 0.2431 0.5577 -0.7937
vn -0.3009 0.7198 0.6256
vn -0.7623 0.4548 -0.4605
vn 0.7555 0.5376 0.3745
vn 0.7531 0.5415 0.3737
vn 0.1212 0.7844 -0.6083
vn -0.4297 0.0008 -0.9030
vn -0.9998 0.0087 -0.0205
vn -0.0351 -0.9781 -0.2051
vn -0.9832 0.0169 -0.1816
vn -0.7151 0.6955 -0.0694
vn -0.8093 0.5490 -0.2089
vn -0.8459 0.1361 -0.5157
vn -0.8456 0.1362 -0.5161
vn -0.8357 0.1366 -0.5319
vn 0.2402 0.5571 -0.7949
vn 0.2418 0.5572 -0.7944
vn 0.5474 0.5699 0.6129
vn 0.0619 0.5538 -0.8303
vn 0.0718 0.5539 -0.8295
vn 0.0710 0.5555 -0.8285
vn 0.0618 0.5552 -0.8294
vn -0.5194 0.3949 -0.7578
vn -0.4088 0.6755 -0.6137
vn 0.0714 0.5523 -0.8306
vn 0.0621 0.5524 -0.8313
vn -0.1053 0.5459 -0.8312
vn -0.1054 0.5444 -0.8322
vn -0.8309 0.4508 -0.3261
vn -0.1059 0.6751 -0.7301
vn -0.1058 0.6755 -0.7298
vn -0.2408 0.5425 -0.8048
vn -0.2393 0.5426 -0.8052
vn 0.2089 0.1051 0.9723
vn -0.4942 0.5023 -0.7095
vn -0.5652 0.5180 0.6420
vn -0.6776 0.5075 0.5323
vn -0.9998 0.0176 0.0042
vn 0.4366 0.5490 -0.7128
vn 0.4357 0.5516 -0.7112
vn 0.4217 0.5461 -0.7238
vn 0.4375 0.5461 -0.7144
vn -0.8603 0.0074 -0.5098
vn -0.4877 0.8323 -0.2636
vn 0.4337 0.8531 0.2900
vn 0.4530 0.8508 0.2661
vn -0.2875 0.8558 0.4300
vn -0.2973 0.8451 0.4443
vn -0.2595 0.8426 0.4718
vn 0.5559 0.2162 0.8026
vn 0.4327 0.8288 0.3549
vn 0.4196 0.8484 0.3227
vn 0.5191 0.8515 -0.0733
vn -0.2071 0.1551 0.9659
vn -0.5320 0.8317 0.1588
vn -0.5054 0.8523 0.1349
vn 0.1307 0.8532 0.5049
vn 0.1314 0.8518 0.5071
vn -0.5341 0.8433 -0.0596
vn 0.4165 0.8504 -0.3216
vn 0.4187 0.8508 -0.3174
vn -0.4294 0.8290 0.3582
vn 0.0298 0.1748 -0.9842
vn 0.4576 0.8490 0.2644
vn 0.4552 0.8493 0.2673
vn 0.0679 0.8502 0.5221
vn 0.0720 0.8506 0.5209
vn -0.0562 0.8326 -0.5510
vn -0.1009 0.8559 0.5073
vn -0.1010 0.8558 0.5074
vn -0.0675 0.8534 0.5169
vn -0.0720 0.8535 0.5161
vn 0.5335 0.8284 -0.1707
vn 0.5214 0.8395 -0.1529
vn 0.5114 0.8482 -0.1376
vn 0.5118 0.8486 -0.1335
vn 0.5359 0.8285 -0.1622
vn -0.0686 0.8516 0.5197
vn -0.0723 0.8519 0.5186
vn -0.2556 0.8321 -0.4923
vn -0.2585 0.8437 -0.4705
vn 0.0017 0.3928 -0.9196
vn 0.0241 0.3926 -0.9194
vn 0.0253 0.3926 -0.9194
vn 0.0684 0.8539 -0.5160
vn -0.1344 0.8552 -0.5006
vn -0.1586 0.8327 -0.5306
vn -0.1344 0.8534 -0.5037
vn 0.2631 0.8291 0.4934
vn 0.2611 0.8510 0.4556
vn 0.2634 0.8491 0.4579
vn 0.5858 0.1030 0.8039
vn -0.3573 0.8298 -0.4286
vn -0.3495 0.8325 -0.4298
vn 0.5250 0.8483 0.0689
vn 0.2611 0.8321 -0.4893
vn -0.1003 0.8575 -0.5046
vn -0.1003 0.8576 -0.5044
vn -0.3058 0.8354 0.4567
vn 0.0721 0.8542 -0.5149
vn 0.3454 0.8319 -0.4343
vn 0.2886 0.8538 0.4333
vn 0.2888 0.8539 0.4329
vn 0.2654 0.8512 0.4528
vn -0.5563 0.8294 -0.0507
vn -0.5514 0.8323 -0.0571
vn -0.2866 0.7927 -0.5380
vn -0.2586 0.8296 -0.4949
vn -0.3396 0.8050 0.4865
vn -0.3428 0.8047 0.4848
vn 0.3365 0.7868 0.5174
vn 0.3431 0.7777 0.5267
vn -0.4517 0.8530 -0.2615
vn -0.4494 0.8533 -0.2644
vn -0.4155 0.8538 0.3135
vn -0.4175 0.8523 0.3151
vn 0.0214 0.6499 0.7597
vn -0.9915 0.1271 0.0294
vn 0.6799 0.7321 0.0418
vn 0.6734 0.7379 0.0443
vn 0.6791 0.7166 0.1589
vn 0.6882 0.7244 0.0411
vn -0.4285 0.8292 -0.3589
vn -0.4299 0.8319 -0.3509
vn -0.0562 0.8315 0.5527
vn -0.4900 0.8310 0.2632
vn -0.4517 0.8534 0.2599
vn -0.4540 0.8516 0.2621
vn -0.3402 0.7950 -0.5022
vn -0.2590 0.8548 -0.4496
vn -0.2858 0.8574 -0.4279
vn -0.2630 0.8550 -0.4470
vn -0.2628 0.8323 -0.4881
vn -0.2612 0.8530 -0.4518
vn -0.6082 0.7913 -0.0625
vn -0.8275 0.1282 0.5466
vn 0.2852 0.8578 -0.4276
vn 0.0266 0.4706 0.8819
vn -0.5193 0.8519 0.0684
vn 0.9085 0.4179 0.0029
vn 0.1524 0.6733 -0.7235
vn 0.1520 0.6743 -0.7226
vn 0.0613 0.7916 -0.6079
vn 0.5366 0.8249 -0.1778
vn -0.1299 0.8553 -0.5016
vn -0.5180 0.8526 -0.0688
vn -0.4491 0.8536 0.2639
vn -0.4515 0.8520 0.2652
vn -0.3373 0.8424 0.4203
vn -0.4298 0.8561 0.2870
vn -0.0498 0.8299 -0.5557
vn -0.4862 0.8096 0.3290
vn 0.0352 0.1078 -0.9936
vn 0.4724 0.7912 0.3884
vn -0.2348 0.3750 -0.8968
vn 0.7510 0.0249 0.6598
vn 0.1893 0.2035 0.9606
vn -0.1533 0.7108 0.6865
vn -0.1739 0.7116 -0.6807
vn 0.4401 0.6581 -0.6109
vn 0.5540 0.1909 -0.8103
vn 0.5661 0.1949 -0.8010
vn 0.5545 0.1910 -0.8100
vn 0.1146 0.7932 -0.5980
vn 0.0217 0.1094 0.9938
vn 0.0283 0.3649 0.9306
vn 0.7514 0.5458 0.3708
vn 0.7691 0.5439 0.3358
vn -0.4082 0.1559 0.8995
vn -0.8354 0.1366 -0.5324
vn -0.3153 -0.5410 0.7797
vn -0.6499 0.3991 -0.6468
vn -0.7071 0.1873 -0.6818
vn -0.7065 0.1873 -0.6825
vn -0.6896 0.1847 -0.7002
vn -0.6158 0.5035 -0.6060
vn -0.5789 0.1216 -0.8063
vn -0.4040 0.5442 -0.7353
vn -0.5505 0.1752 -0.8162
vn -0.6740 0.6852 0.2760
vn -0.6968 0.7082 -0.1134
vn -0.7016 0.7049 -0.1046
vn 0.0805 0.6771 0.7315
vn -0.0952 0.5477 -0.8312
vn -0.1052 0.5474 -0.8302
vn -0.4834 0.8099 0.3323
vn -0.6058 0.6889 -0.3979
vn -0.6889 0.1846 -0.7009
vn -0.5108 0.7847 -0.3511
vn -0.5215 0.7771 -0.3525
vn -0.6652 0.7070 -0.2403
vn 0.6046 0.6905 0.3971
vn 0.1634 0.6455 -0.7461
vn -0.5145 0.6933 -0.5046
vn 0.4883 0.6551 -0.5766
vn 0.4871 0.5285 -0.6953
vn 0.1790 0.6605 -0.7292
vn 0.6057 -0.5182 -0.6038
vn -0.1593 0.4603 0.8733
vn -0.1604 0.4597 0.8735
vn -0.1794 0.4492 0.8752
vn 0.6357 0.4696 -0.6126
vn 0.0011 0.3928 -0.9196
vn -0.5958 0.7917 0.1348
vn -0.8693 0.3389 -0.3599
vn -0.6994 0.6880 -0.1937
vn 0.6613 0.3913 -0.6400
vn 0.7061 0.4198 -0.5703
vn 0.6703 0.7407 0.0445
vn 0.5466 0.3288 0.7701
vn 0.0817 0.5539 -0.8286
vn 0.0816 0.5558 -0.8273
vn -0.1270 0.8051 0.5794
vn -0.8247 0.4527 -0.3392
vn 0.4183 0.6636 -0.6202
vn -0.1295 0.7937 -0.5944
vn -0.1776 0.7918 -0.5843
vn 0.0268 0.1820 0.9829
vn -0.4070 0.1014 -0.9078
vn -0.5000 0.7930 -0.3481
vn -0.4716 0.7913 -0.3892
vn 0.7148 0.5078 0.4808
vn 0.1663 0.6814 0.7127
vn 0.1767 0.6795 0.7121
vn 0.1048 0.7780 0.6195
vn 0.0808 0.7764 0.6250
vn 0.8163 0.3450 -0.4633
vn -0.3296 0.7945 -0.5101
vn 0.5835 0.8010 -0.1339
vn 0.5744 0.7985 -0.1801
vn -0.2326 0.3754 0.8972
vn -0.2693 0.5333 0.8019
vn -0.2693 0.5330 0.8021
vn 0.0991 0.7855 0.6109
vn 0.0545 0.7838 0.6186
vn 0.7084 0.5328 -0.4629
vn 0.7083 0.5334 -0.4625
vn 0.5662 0.1129 0.8165
vn -0.8314 0.5510 -0.0719
vn -0.2095 0.1552 -0.9654
vn -0.5474 0.1752 0.8183
vn -0.5287 0.6917 -0.4919
vn -0.8164 0.1817 -0.5481
vn 0.2583 0.8266 0.5001
vn 0.4310 0.8261 0.3630
vn -0.1257 0.7940 -0.5948
vn 0.5219 0.8501 -0.0707
vn 0.8237 -0.4358 0.3627
vn -0.5905 0.1048 0.8002
vn 0.7820 0.1945 -0.5922
vn -0.5962 0.7920 0.1314
vn 0.7303 0.1704 0.6615
vn -0.1307 0.8537 -0.5041
vn 0.7081 0.5341 -0.4620
vn -0.5169 0.8530 -0.0724
vn -0.3512 0.8315 0.4303
vn 0.0316 0.1743 0.9842
vn 0.3511 0.8304 0.4326
vn -0.7070 0.1716 -0.6861
vn 0.1025 0.7858 0.6100
vn -0.5149 0.7859 -0.3424
vn -0.5054 0.7949 -0.3357
vn 0.1348 0.8554 -0.5000
vn 0.1349 0.8535 -0.5033
vn 0.8548 0.5187 0.0197
vn 0.8547 0.5187 0.0208
vn 0.0190 0.6496 -0.7600
vn 0.6292 -0.4565 0.6290
vn -0.7547 0.5480 -0.3608
vn -0.1725 0.8292 -0.5317
vn 0.1300 0.8556 -0.5011
vn 0.1308 0.8539 -0.5037
vn -0.3322 0.7947 -0.5080
vn -0.2280 0.1032 0.9682
vn -0.5015 0.7932 -0.3453
vn 0.7971 0.1212 -0.5916
vn -0.5058 0.8526 0.1311
vn 0.4194 0.8505 0.3174
vn -0.5181 0.8522 0.0722
vn 0.5211 0.8504 -0.0735
vn 0.4215 0.8488 0.3191
vn 0.2667 0.8495 0.4552
vn 0.8286 0.5584 -0.0411
vn -0.2642 0.8534 -0.4494
vn -0.2637 0.8315 0.4889
vn 0.5239 0.8487 0.0727
vn -0.2874 0.8559 0.4299
vn 0.3485 -0.5059 -0.7890
vn -0.1804 0.4486 0.8753
vn 0.5666 0.1951 -0.8006
vn -0.8294 0.1854 0.5270
vn -0.8416 0.1847 0.5076
vn -0.8297 0.1854 0.5265
vn 0.6268 0.6944 -0.3536
vn 0.4143 0.6944 0.5884
vn -0.4017 0.5438 -0.7369
vn 0.5592 0.5404 -0.6287
vn 0.5592 0.5406 -0.6286
vn 0.8349 0.5208 0.1782
vn -0.6100 0.6791 -0.4084
vn -0.7443 0.0063 -0.6678
vn -0.6336 0.4717 0.6132
vn -0.2144 0.6902 0.6911
vn -0.2694 0.5328 0.8022
vn -0.7179 0.5052 0.4790
vn 0.2364 0.5609 0.7934
vn -0.8307 0.5521 -0.0713
vn -0.8310 0.5521 -0.0686
vn 0.5040 0.5250 0.6859
vn 0.5451 0.5694 0.6154
vn 0.5428 0.5695 0.6173
vn -0.1842 0.6887 0.7013
vn -0.5768 0.1216 0.8078
vn 0.0604 0.6748 -0.7355
vn -0.4178 0.6895 0.5916
vn -0.8111 0.5213 0.2653
vn -0.8010 0.5201 0.2966
vn 0.8841 0.4152 0.2141
vn 0.5476 0.5692 0.6133
vn -0.9774 0.0076 -0.2113
vn -0.4230 0.5248 0.7387
vn -0.6312 0.6823 -0.3688
vn -0.6291 0.6849 -0.3676
vn 0.7503 0.5459 0.3728
vn 0.1184 0.7935 -0.5969
vn -0.0245 0.6509 0.7588
vn -0.4444 0.6762 -0.5876
vn -0.4436 0.6776 -0.5866
vn -0.7558 0.5046 0.4173
vn -0.0834 0.5481 -0.8323
vn 0.3645 0.6923 0.6228
vn 0.0817 0.5521 -0.8298
vn 0.5102 0.4380 -0.7401
vn -0.5549 0.0013 0.8319
vn -0.9788 0.0166 -0.2040
vn 0.5389 0.4262 0.7266
vn -0.1303 0.5383 0.8326
vn -0.7171 0.1368 0.6834
vn 0.2432 0.5572 -0.7940
vn -0.3523 0.5068 0.7868
vn 0.6736 0.7331 -0.0938
vn 0.5811 0.6250 -0.5212
vn 0.4047 0.5459 -0.7336
vn 0.5530 0.1456 0.8204
vn -0.5810 0.6788 -0.4491
vn -0.8113 0.5213 0.2644
vn -0.8307 0.5517 -0.0744
vn 0.8472 0.5197 -0.1103
vn 0.5593 0.5402 -0.6288
vn -0.5417 0.5127 0.6661
vn -0.7945 0.3392 -0.5037
vn -0.5166 0.3944 0.7600
vn 0.8945 0.4147 0.1671
vn -0.5987 0.0027 0.8010
vn -1.0000 0.0047 -0.0079
vn -0.0285 0.0034 0.9996
vn 0.1545 0.6835 0.7134
vn 0.3973 0.4332 -0.8090
vn 0.4140 0.5638 0.7147
vn -0.2379 0.5426 -0.8056
vn -0.5205 0.5446 -0.6576
vn -0.9242 0.0160 -0.3817
vn -0.9944 -0.0000 -0.1055
vn -0.8304 0.5522 -0.0743
vn 0.5834 0.5448 0.6023
vn -0.4259 0.6964 -0.5777
vn -0.3698 0.8819 0.2922
vn -0.4197 0.8819 0.2145
vn 0.8218 0.4696 -0.3227
vn -0.4828 -0.7730 -0.4115
vn -0.3933 -0.7730 -0.4978
vn 0.4978 0.7730 -0.3933
vn 0.5649 0.7730 -0.2886
vn 0.1651 -0.6325 -0.7567
vn -0.0505 0.7730 -0.6324
vn 0.0739 0.7730 -0.6301
vn -0.1562 0.4696 -0.8689
vn 0.2145 0.8819 0.4197
vn 0.1285 0.8819 0.4535
vn 0.2041 -0.2890 -0.9353
vn 0.0338 0.9569 -0.2883
vn 0.0894 0.9569 -0.2762
vn 0.5375 0.0975 0.8376
vn -0.2122 -0.0975 0.9723
vn 0.2278 -0.9569 -0.1800
vn 0.2585 -0.9569 -0.1321
vn -0.9264 0.0975 0.3638
vn 0.1416 -0.9569 -0.2534
vn 0.1883 -0.9569 -0.2210
vn -0.5465 0.2890 0.7860
vn -0.0549 -0.8819 0.4682
vn 0.0375 -0.8819 0.4699
vn -0.1882 -0.4696 0.8626
vn 0.0505 0.7730 0.6324
vn 0.1729 0.7730 0.6104
vn 0.7744 0.6325 0.0143
vn -0.0143 0.6325 0.7744
vn -0.5649 0.7730 0.2886
vn -0.6104 0.7730 0.1729
vn 0.3529 -0.4696 -0.8093
vn -0.3698 -0.8819 0.2922
vn -0.4197 -0.8819 0.2145
vn 0.3827 -0.2890 -0.8775
vn 0.2585 0.9569 -0.1321
vn 0.2278 0.9569 -0.1800
vn -0.9123 0.0975 -0.3978
vn 0.4115 0.7730 -0.4828
vn 0.3094 0.7730 -0.5538
vn -0.7249 0.4696 -0.5040
vn 0.2299 0.8819 -0.4115
vn 0.3057 0.8819 -0.3588
vn 0.8911 0.2890 -0.3499
vn -0.2534 -0.9569 -0.1416
vn -0.2762 -0.9569 -0.0894
vn 0.7166 0.0976 -0.6906
vn -0.0184 0.0976 0.9951
vn 0.1416 0.9569 -0.2534
vn 0.5465 0.2890 -0.7860
vn -0.2299 -0.8819 0.4115
vn -0.1452 -0.8819 0.4485
vn -0.4768 0.4696 -0.7430
vn -0.2886 0.7730 -0.5649
vn -0.1729 0.7730 -0.6104
vn 0.4422 0.6325 -0.6359
vn -0.6359 -0.6325 -0.4422
vn -0.2762 0.9569 -0.0894
vn -0.2883 0.9569 -0.0338
vn -0.2041 -0.2890 0.9353
vn -0.2145 0.8819 -0.4197
vn -0.1285 0.8819 -0.4535
vn -0.6126 -0.4696 -0.6357
vn -0.0739 0.7730 0.6301
vn -0.1954 0.7730 0.6035
vn 0.1652 0.6325 -0.7567
vn 0.5577 -0.6325 -0.5374
vn -0.6126 0.4696 -0.6357
vn 0.3698 0.8819 -0.2922
vn -0.9572 -0.2890 -0.0177
vn -0.0894 0.9569 0.2762
vn -0.1416 0.9569 0.2534
vn 0.6581 0.5642 0.4987
vn -0.5682 0.0975 0.8171
vn 0.8093 0.4696 0.3529
vn 0.1284 -0.8819 0.4535
vn 0.8057 -0.2890 -0.5170
vn -0.2278 0.9569 0.1800
vn -0.1883 0.9569 0.2210
vn -0.5375 -0.0975 -0.8376
vn -0.3638 -0.0975 -0.9264
vn 0.0338 -0.9569 -0.2883
vn 0.0894 -0.9569 -0.2762
vn 0.2041 0.2890 -0.9353
vn -0.1452 0.8819 0.4485
vn -0.2299 0.8819 0.4115
vn 0.8093 -0.4696 0.3529
vn 0.4978 -0.7730 -0.3933
vn 0.5649 -0.7730 -0.2886
vn -0.5374 -0.6325 -0.5577
vn 0.6519 -0.6325 -0.4183
vn -0.4977 -0.7730 0.3933
vn -0.5649 -0.7730 0.2886
vn -0.8775 -0.2890 -0.3827
vn 0.4197 -0.8819 -0.2145
vn 0.3698 -0.8819 -0.2922
vn -0.8093 0.4696 -0.3529
vn 0.6104 -0.7730 -0.1729
vn 0.7744 -0.6325 0.0143
vn 0.3096 -0.6325 -0.7100
vn 0.6035 -0.7730 0.1954
vn 0.6301 -0.7730 0.0739
vn -0.8093 -0.4696 -0.3529
vn 0.3588 0.8819 0.3057
vn 0.4115 0.8819 0.2299
vn 0.9422 -0.2890 -0.1693
vn 0.2793 0.9569 -0.0791
vn 0.5375 -0.0975 0.8376
vn -0.3978 -0.0975 0.9123
vn 0.0231 0.9569 0.2894
vn 0.0791 0.9569 0.2793
vn -0.4535 -0.8819 0.1285
vn -0.8775 0.2890 -0.3827
vn 0.1800 -0.9569 0.2278
vn 0.1321 -0.9569 0.2585
vn 0.9951 0.0976 0.0184
vn 0.1760 -0.0975 0.9795
vn 0.0791 -0.9569 0.2793
vn 0.8911 -0.2890 -0.3499
vn -0.3588 0.8819 -0.3057
vn -0.2922 0.8819 -0.3698
vn 0.6126 0.4696 0.6357
vn 0.7623 0.6325 -0.1370
vn -0.1651 -0.6325 0.7567
vn -0.1954 -0.7730 0.6035
vn -0.3094 -0.7730 0.5538
vn 0.8689 -0.4696 -0.1562
vn 0.1562 -0.4696 0.8689
vn 0.1954 -0.7730 -0.6035
vn 0.3094 -0.7730 -0.5538
vn -0.7623 -0.6325 0.1370
vn 0.7209 -0.6325 -0.2831
vn 0.6324 0.7730 -0.0505
vn 0.6301 0.7730 0.0739
vn 0.7249 0.4696 0.5040
vn -0.3057 0.8819 0.3588
vn 0.9572 -0.2890 0.0177
vn -0.0231 0.9569 -0.2894
vn -0.0184 -0.0975 0.9951
vn 0.3978 0.0976 -0.9123
vn -0.0231 -0.9569 -0.2894
vn -0.2041 0.2890 0.9353
vn 0.4699 -0.8819 -0.0375
vn 0.4682 -0.8819 0.0549
vn -0.0791 -0.9569 -0.2793
vn -0.2122 0.0975 0.9723
vn 0.9795 -0.0975 -0.1760
vn 0.2883 -0.9569 0.0338
vn 0.2894 -0.9569 -0.0231
vn -0.6894 -0.2890 0.6643
vn 0.4485 -0.8819 0.1452
vn -0.7430 0.4696 0.4768
vn -0.0505 -0.7730 -0.6324
vn 0.0739 -0.7730 -0.6301
vn -0.1370 -0.6325 -0.7623
vn -0.1651 0.6325 0.7567
vn 0.4115 -0.7730 -0.4828
vn -0.3529 -0.4696 0.8093
vn 0.2145 -0.8819 0.4197
vn 0.9353 -0.2890 0.2041
vn 0.5538 -0.7730 0.3094
vn 0.4422 -0.6325 -0.6359
vn -0.4422 -0.6325 0.6359
vn -0.6035 0.7730 -0.1954
vn -0.5538 0.7730 -0.3094
vn -0.3529 0.4696 0.8093
vn 0.4535 0.8819 -0.1285
vn 0.4699 0.8819 -0.0375
vn 0.8775 -0.2890 0.3827
vn -0.2278 -0.9569 0.1800
vn -0.1883 -0.9569 0.2210
vn -0.7166 0.0975 0.6906
vn 0.8171 -0.0975 0.5682
vn -0.0894 -0.9569 0.2762
vn -0.1416 -0.9569 0.2534
vn 0.8057 0.2890 -0.5170
vn 0.4115 -0.8819 0.2299
vn -0.0164 0.4696 0.8827
vn -0.9795 0.0975 0.1760
vn -0.7166 -0.0975 0.6906
vn -0.2210 0.9569 -0.1883
vn -0.2534 0.9569 -0.1416
vn -0.9422 -0.2890 0.1693
vn 0.8827 -0.4696 0.0164
vn 0.6035 0.7730 0.1954
vn 0.6519 0.6325 -0.4183
vn 0.6359 -0.6325 0.4422
vn 0.1729 -0.7730 0.6104
vn 0.0505 -0.7730 0.6324
vn -0.6357 0.4696 0.6126
vn 0.4197 0.8819 -0.2145
vn 0.7860 -0.2890 0.5465
vn 0.5374 0.6325 0.5577
vn -0.4422 0.6325 0.6359
vn 0.4828 0.7730 0.4115
vn 0.3933 0.7730 0.4978
vn -0.3227 -0.4696 -0.8218
vn 0.2299 -0.8819 -0.4115
vn 0.1452 -0.8819 -0.4485
vn -0.5170 0.2890 -0.8057
vn 0.1800 0.9569 0.2278
vn 0.2210 0.9569 0.1883
vn -0.5682 -0.0975 0.8171
vn 0.9951 -0.0975 0.0184
vn 0.1883 0.9569 -0.2210
vn -0.8911 -0.2890 0.3499
vn 0.1452 0.8819 -0.4485
vn 0.0163 -0.4696 -0.8827
vn 0.1954 0.7730 -0.6035
vn 0.2122 -0.0975 -0.9723
vn -0.2883 -0.9569 -0.0338
vn 0.5170 0.2890 0.8057
vn 0.2922 -0.8819 0.3698
vn 0.4768 0.4696 0.7430
vn 0.5538 0.7730 0.3094
vn 0.2831 0.6325 0.7209
vn -0.3096 0.6325 0.7100
vn 0.2886 0.7730 0.5649
vn -0.8218 0.4696 0.3227
vn -0.4699 -0.8819 0.0375
vn 0.8775 0.2890 0.3827
vn 0.1321 0.9569 0.2585
vn 0.9723 0.0975 0.2122
vn -0.5577 -0.6325 0.5374
vn -0.0739 -0.7730 0.6301
vn -0.0164 -0.4696 0.8827
vn -0.0177 0.2890 0.9572
vn 0.9123 -0.0975 0.3978
vn -0.9723 -0.0975 -0.2122
vn -0.0338 0.9569 0.2883
vn 0.3499 0.2890 0.8911
vn 0.2922 0.8819 0.3698
vn 0.3227 0.4696 0.8218
vn 0.2886 -0.7730 0.5649
vn 0.7623 -0.6325 -0.1370
vn -0.1760 -0.0975 -0.9795
vn 0.0231 -0.9569 0.2894
vn 0.9572 0.2890 0.0177
vn -0.4485 -0.8819 -0.1452
vn -0.4115 -0.8819 -0.2299
vn -0.5040 0.4696 0.7249
vn 0.4828 -0.7730 0.4115
vn -0.4183 0.6325 -0.6519
vn -0.6359 0.6325 -0.4422
vn -0.8689 0.4696 0.1562
vn -0.0375 -0.8819 -0.4699
vn 0.0549 -0.8819 -0.4682
vn -0.5465 -0.2890 0.7860
vn 0.2534 0.9569 0.1416
vn 0.9795 0.0975 -0.1760
vn -0.1729 -0.7730 -0.6104
vn -0.1562 -0.4696 -0.8689
vn -0.4682 -0.8819 -0.0549
vn -0.0177 -0.2890 0.9572
vn 0.2894 0.9569 -0.0231
vn 0.7167 -0.0975 -0.6906
vn 0.6906 0.0975 0.7166
vn -0.9353 -0.2890 -0.2041
vn 0.4682 0.8819 0.0549
vn 0.8218 -0.4696 -0.3227
vn -0.6301 -0.7730 -0.0739
vn -0.6035 -0.7730 -0.1954
vn 0.3096 0.6325 -0.7100
vn 0.7567 -0.6325 0.1651
vn 0.1693 -0.2890 0.9422
vn 0.4535 -0.8819 -0.1285
vn 0.1882 0.4696 -0.8626
vn 0.6324 -0.7730 -0.0505
vn 0.6359 0.6325 0.4422
vn -0.7209 0.6325 0.2831
vn -0.3094 0.7730 0.5538
vn 0.7430 0.4696 -0.4768
vn 0.0375 0.8819 0.4699
vn -0.0549 0.8819 0.4682
vn -0.3827 -0.2890 0.8775
vn -0.1760 0.0975 -0.9795
vn 0.9723 -0.0975 0.2122
vn -0.2210 -0.9569 -0.1883
vn 0.4485 0.8819 0.1452
vn -0.3499 0.2890 -0.8911
vn -0.1800 -0.9569 -0.2278
vn -0.9795 -0.0975 0.1760
vn -0.9951 -0.0975 -0.0184
vn 0.2210 -0.9569 0.1883
vn 0.1693 0.2890 0.9422
vn 0.3588 -0.8819 0.3057
vn 0.7249 -0.4696 0.5040
vn 0.6104 0.7730 -0.1729
vn 0.4183 -0.6325 0.6519
vn -0.5577 0.6325 0.5374
vn 0.1882 -0.4696 -0.8626
vn 0.8626 0.4696 0.1882
vn 0.1370 -0.6325 0.7623
vn 0.7100 0.6325 0.3096
vn -0.4115 0.7730 0.4828
vn -0.7430 -0.4696 0.4768
vn -0.5170 -0.2890 -0.8057
vn -0.2894 0.9569 0.0231
vn -0.2793 0.9569 0.0791
vn -0.8171 0.0975 -0.5682
vn -0.8171 -0.0975 -0.5682
vn -0.8057 -0.2890 0.5170
vn 0.5465 -0.2890 -0.7860
vn 0.2762 0.9569 0.0894
vn 0.8171 0.0976 0.5682
vn -0.9123 -0.0975 -0.3978
vn 0.2534 -0.9569 0.1416
vn 0.2762 -0.9569 0.0894
vn 0.9422 0.2890 -0.1693
vn -0.3057 -0.8819 0.3588
vn 0.8827 0.4696 0.0164
vn 0.3933 -0.7730 0.4978
vn 0.2831 -0.6325 0.7209
vn -0.3096 -0.6325 0.7100
vn -0.6324 0.7730 0.0505
vn -0.6301 0.7730 -0.0739
vn -0.5040 -0.4696 0.7249
vn -0.4699 0.8819 0.0375
vn -0.4535 0.8819 0.1285
vn -0.8626 0.4696 -0.1882
vn -0.7744 -0.6325 -0.0143
vn -0.7744 0.6325 -0.0143
vn -0.4978 0.7730 0.3933
vn -0.6357 -0.4696 0.6126
vn -0.3827 0.2890 0.8775
vn -0.1321 -0.9569 -0.2585
vn 0.3638 0.0976 0.9264
vn 0.8376 0.0976 -0.5375
vn -0.2585 -0.9569 0.1321
vn -0.8057 0.2890 0.5170
vn -0.3588 -0.8819 -0.3057
vn -0.0791 0.9569 -0.2793
vn -0.1321 0.9569 -0.2585
vn -0.6906 -0.0975 -0.7166
vn -0.5375 0.0975 -0.8376
vn -0.2793 -0.9569 0.0791
vn -0.6643 0.2890 -0.6894
vn 0.3057 -0.8819 -0.3588
vn 0.3529 0.4696 -0.8093
vn -0.6104 -0.7730 0.1729
vn -0.6519 -0.6325 0.4183
vn -0.7209 -0.6325 0.2831
vn -0.8218 -0.4696 0.3227
vn 0.5170 -0.2890 0.8057
vn -0.4115 -0.7730 0.4828
vn -0.0143 -0.6325 0.7744
vn -0.7100 -0.6325 -0.3096
vn -0.8626 -0.4696 -0.1882
vn -0.1693 0.2890 -0.9422
vn 0.6906 -0.0975 0.7166
vn 0.3978 -0.0975 -0.9123
vn -0.2894 -0.9569 0.0231
vn -0.9422 0.2890 0.1693
vn 0.5040 -0.4696 -0.7249
vn -0.9723 0.0975 -0.2122
vn -0.9264 -0.0975 0.3638
vn -0.9572 0.2890 -0.0177
vn 0.8626 -0.4696 0.1882
vn -0.6324 -0.7730 0.0505
vn -0.6519 0.6325 0.4183
vn -0.7623 0.6325 0.1370
vn 0.3227 -0.4696 0.8218
vn 0.6894 -0.2890 -0.6643
vn -0.7567 0.6325 -0.1651
vn 0.7100 -0.6325 0.3096
vn 0.1562 0.4696 0.8689
vn 0.6894 0.2890 -0.6643
vn 0.2793 -0.9569 -0.0791
vn -0.3978 0.0975 0.9123
vn 0.9264 -0.0975 -0.3638
vn -0.1800 0.9569 -0.2278
vn -0.9353 0.2890 -0.2041
vn -0.4115 0.8819 -0.2299
vn 0.8689 0.4696 -0.1562
vn -0.9951 0.0975 -0.0184
vn 0.3499 -0.2890 0.8911
vn -0.3227 0.4696 -0.8218
vn -0.5538 -0.7730 -0.3094
vn -0.7100 0.6325 -0.3096
vn 0.4183 0.6325 0.6519
vn -0.8827 -0.4696 -0.0164
vn -0.6894 0.2890 0.6643
vn -0.6906 0.0975 -0.7166
vn -0.4828 0.7730 -0.4115
vn -0.8689 -0.4696 0.1562
vn -0.4682 0.8819 -0.0549
vn -0.4485 0.8819 -0.1452
vn 0.7860 0.2890 0.5465
vn -0.0338 -0.9569 0.2883
vn 0.0184 0.0975 -0.9951
vn 0.0184 -0.0975 -0.9951
vn -0.7860 0.2890 -0.5465
vn -0.2585 0.9569 0.1321
vn -0.4768 -0.4696 -0.7430
vn -0.2886 -0.7730 -0.5649
vn -0.4183 -0.6325 -0.6519
vn -0.7567 -0.6325 -0.1651
vn 0.6643 0.2890 0.6894
vn -0.2922 -0.8819 -0.3698
vn 0.4768 -0.4696 0.7430
vn -0.5374 0.6325 -0.5577
vn -0.2831 -0.6325 -0.7209
vn -0.3933 0.7730 -0.4978
vn 0.6357 -0.4696 -0.6126
vn -0.8911 0.2890 0.3499
vn 0.2122 0.0976 -0.9723
vn 0.9264 0.0976 -0.3638
vn -0.7249 -0.4696 -0.5040
vn 0.6643 -0.2890 0.6894
vn -0.8376 0.0975 0.5375
vn -0.3638 0.0975 -0.9264
vn -0.8419 0.1847 0.5071
vn -0.6643 -0.2890 -0.6894
vn -0.2145 -0.8819 -0.4197
vn 0.6126 -0.4696 0.6357
vn 0.7209 0.6325 -0.2831
vn 0.1370 0.6325 0.7623
vn 0.3827 0.2890 -0.8775
vn -0.1284 -0.8819 -0.4535
vn 0.5040 0.4696 -0.7249
vn -0.2831 0.6325 -0.7209
vn 0.5577 0.6325 -0.5374
vn 0.7430 -0.4696 -0.4768
vn -0.3499 -0.2890 -0.8911
vn 0.3638 -0.0975 0.9264
vn -0.8376 -0.0975 0.5375
vn -0.1693 -0.2890 -0.9422
vn 0.2883 0.9569 0.0338
vn 0.1760 0.0975 0.9795
vn 0.9123 0.0976 0.3978
vn 0.9353 0.2890 0.2041
vn -0.8827 0.4696 -0.0164
vn -0.1370 0.6325 -0.7623
vn 0.7567 0.6325 0.1651
vn -0.1882 0.4696 0.8626
vn 0.0164 0.4696 -0.8827
vn -0.9697 0.1766 -0.1690
vn 0.5374 -0.6325 0.5577
vn 0.0143 -0.6325 -0.7744
vn -0.5343 0.6920 -0.4854
vn -0.7860 -0.2890 -0.5465
vn 0.5682 0.0976 -0.8171
vn 0.5682 -0.0975 -0.8171
vn 0.0177 0.2890 -0.9572
vn -0.5830 0.0079 -0.8125
vn 0.2026 0.0034 0.9793
vn 0.0110 0.0080 -0.9999
vn 0.6704 0.7408 0.0427
vn -0.0152 0.0086 -0.9998
vn 0.9826 -0.0000 -0.1855
vn -0.8288 0.0035 -0.5596
vn 0.0020 -0.0008 1.0000
vn 0.8280 0.0016 -0.5608
vn 0.8541 0.5187 0.0385
vn -0.5129 0.6935 0.5059
vn -0.4051 0.1014 0.9086
vn 0.9840 0.0278 -0.1761
vn -0.3651 0.6907 0.6242
vn 0.6994 0.5159 0.4947
vn 0.0026 0.6761 -0.7369
vn 0.8244 0.0082 0.5660
vt 0.603014 0.815122
vt 0.651300 0.822248
vt 0.602551 0.824679
vt 0.603962 0.834143
vt 0.607193 0.843149
vt 0.612118 0.851353
vt 0.618549 0.858437
vt 0.626239 0.864131
vt 0.634891 0.868216
vt 0.644174 0.870534
vt 0.653731 0.870996
vt 0.663195 0.869585
vt 0.672202 0.866355
vt 0.680405 0.861429
vt 0.687490 0.854998
vt 0.693184 0.847309
vt 0.697268 0.838656
vt 0.699586 0.829373
vt 0.700048 0.819816
vt 0.698637 0.810352
vt 0.695407 0.801346
vt 0.690481 0.793142
vt 0.684051 0.786058
vt 0.676361 0.780364
vt 0.667708 0.776279
vt 0.658425 0.773961
vt 0.648868 0.773499
vt 0.639404 0.774910
vt 0.630398 0.778140
vt 0.622195 0.783066
vt 0.615110 0.789497
vt 0.609416 0.797186
vt 0.605331 0.805839
vt 0.853890 0.536344
vt 0.851646 0.535647
vt 0.854011 0.524218
vt 0.854185 0.637473
vt 0.856494 0.637902
vt 0.854215 0.649452
vt 0.931275 0.511508
vt 0.933533 0.511712
vt 0.931481 0.523126
vt 0.802728 0.510961
vt 0.804904 0.511648
vt 0.802936 0.522851
vt 0.938823 0.623903
vt 0.937384 0.631147
vt 0.934362 0.630630
vt 0.935083 0.623067
vt 0.913368 0.837488
vt 0.913711 0.835817
vt 0.922207 0.837211
vt 0.910608 0.856245
vt 0.910812 0.854500
vt 0.919518 0.855820
vt 0.971678 0.445175
vt 0.978667 0.444672
vt 0.978667 0.449574
vt 0.971450 0.449954
vt 0.724724 0.920102
vt 0.724623 0.921795
vt 0.716124 0.920689
vt 0.816168 0.842193
vt 0.816297 0.840536
vt 0.824816 0.841738
vt 0.751453 0.512017
vt 0.753658 0.512304
vt 0.751347 0.523379
vt 0.826971 0.604647
vt 0.826896 0.606538
vt 0.820887 0.605992
vt 0.820880 0.604104
vt 0.964762 0.590971
vt 0.971165 0.590453
vt 0.971226 0.594392
vt 0.964638 0.594907
vt 0.725555 0.512128
vt 0.727783 0.512354
vt 0.725756 0.523437
vt 0.775615 0.955358
vt 0.775557 0.959734
vt 0.766974 0.960154
vt 0.766600 0.954870
vt 0.816425 0.838879
vt 0.809865 0.840183
vt 0.809993 0.837894
vt 0.914054 0.834146
vt 0.922550 0.835540
vt 0.745973 0.867745
vt 0.746059 0.864819
vt 0.753280 0.865182
vt 0.753214 0.868824
vt 0.721784 0.939548
vt 0.721696 0.941200
vt 0.713264 0.940075
vt 0.977629 0.550220
vt 0.971426 0.549293
vt 0.971692 0.547533
vt 0.977902 0.548470
vt 0.777141 0.511941
vt 0.779287 0.512218
vt 0.777027 0.523339
vt 0.836275 0.959846
vt 0.836355 0.956193
vt 0.843331 0.956529
vt 0.843289 0.960870
vt 0.470244 0.686742
vt 0.469894 0.688604
vt 0.464634 0.687562
vt 0.464989 0.685680
vt 0.399313 0.688097
vt 0.399580 0.686277
vt 0.405248 0.687109
vt 0.404995 0.688911
vt 0.776968 0.405682
vt 0.764128 0.402172
vt 0.764275 0.401664
vt 0.777027 0.405477
vt 0.730524 0.883413
vt 0.721894 0.883966
vt 0.721792 0.882278
vt 0.730422 0.881725
vt 0.971186 0.617461
vt 0.971181 0.621645
vt 0.964747 0.621219
vt 0.964559 0.617014
vt 0.802830 0.958311
vt 0.802975 0.956659
vt 0.811507 0.958003
vt 0.820620 0.803744
vt 0.820791 0.801977
vt 0.829864 0.803430
vt 0.884740 0.853231
vt 0.884593 0.857540
vt 0.876028 0.857940
vt 0.875694 0.852724
vt 0.543379 0.982941
vt 0.543212 0.980996
vt 0.546631 0.981504
vt 0.546794 0.983428
vt 0.782786 0.476148
vt 0.781883 0.485703
vt 0.777116 0.485067
vt 0.777087 0.475331
vt 0.217716 0.144986
vt 0.215891 0.146354
vt 0.213430 0.138570
vt 0.214130 0.138276
vt 0.209665 0.131322
vt 0.211926 0.131009
vt 0.573348 0.713224
vt 0.569126 0.711882
vt 0.570714 0.710846
vt 0.574794 0.712108
vt 0.773835 0.911270
vt 0.772281 0.898763
vt 0.783112 0.912644
vt 0.767152 0.454551
vt 0.759329 0.452558
vt 0.760474 0.440477
vt 0.775789 0.273749
vt 0.775216 0.267453
vt 0.807441 0.267453
vt 0.822930 0.916652
vt 0.822877 0.918367
vt 0.813942 0.917201
vt 0.789648 0.240823
vt 0.795194 0.237884
vt 0.730626 0.885101
vt 0.824967 0.241225
vt 0.829673 0.245222
vt 0.817380 0.955286
vt 0.817363 0.957070
vt 0.808379 0.955773
vt 0.838186 0.273569
vt 0.836768 0.279600
vt 0.787470 0.972362
vt 0.787346 0.975280
vt 0.780091 0.974935
vt 0.780187 0.971295
vt 0.813792 0.299379
vt 0.807441 0.299920
vt 0.738952 0.594082
vt 0.736668 0.605605
vt 0.731121 0.604809
vt 0.732262 0.592553
vt 0.801108 0.299291
vt 0.795024 0.297431
vt 0.800258 0.975964
vt 0.800334 0.974332
vt 0.808848 0.975586
vt 0.777584 0.279820
vt 0.929009 0.535201
vt 0.926742 0.535213
vt 0.928903 0.523527
vt 0.784774 0.244786
vt 0.830693 0.512289
vt 0.832882 0.512283
vt 0.830858 0.523515
vt 0.819563 0.238189
vt 0.779404 0.638137
vt 0.781740 0.638149
vt 0.779509 0.649835
vt 0.838442 0.267453
vt 0.728076 0.637640
vt 0.730431 0.637693
vt 0.727911 0.649635
vt 0.819899 0.297528
vt 0.856591 0.512102
vt 0.858803 0.512313
vt 0.856440 0.523525
vt 0.446602 0.709885
vt 0.440283 0.709389
vt 0.440689 0.706356
vt 0.447150 0.706998
vt 0.780536 0.285431
vt 0.733407 0.864164
vt 0.733527 0.865856
vt 0.724764 0.864648
vt 0.780757 0.249623
vt 0.402968 0.954053
vt 0.410183 0.954415
vt 0.409913 0.956703
vt 0.402703 0.956344
vt 0.813650 0.236242
vt 0.828416 0.878121
vt 0.828387 0.879859
vt 0.819607 0.878647
vt 0.838131 0.261349
vt 0.825838 0.897319
vt 0.825973 0.899107
vt 0.817003 0.897633
vt 0.825479 0.294447
vt 0.727517 0.902775
vt 0.727497 0.904471
vt 0.718951 0.903092
vt 0.784534 0.290360
vt 0.907759 0.512161
vt 0.909961 0.512293
vt 0.907825 0.523515
vt 0.777754 0.255156
vt 0.089503 0.953233
vt 0.095000 0.953090
vt 0.094365 0.979817
vt 0.090513 0.979842
vt 0.807441 0.235466
vt 0.903289 0.535140
vt 0.901002 0.534973
vt 0.903116 0.523519
vt 0.836368 0.255471
vt 0.933640 0.638193
vt 0.935945 0.638390
vt 0.933580 0.649815
vt 0.830279 0.290290
vt 0.772836 0.974590
vt 0.772905 0.970228
vt 0.789427 0.294414
vt 0.836018 0.496334
vt 0.832218 0.496049
vt 0.833082 0.486990
vt 0.837767 0.487417
vt 0.775881 0.261175
vt 0.556828 0.807715
vt 0.552224 0.808624
vt 0.551226 0.801750
vt 0.555720 0.800631
vt 0.801200 0.236076
vt 0.739069 0.825521
vt 0.739030 0.827244
vt 0.730300 0.826088
vt 0.833516 0.250031
vt 0.344959 0.677552
vt 0.350391 0.678479
vt 0.349945 0.680352
vt 0.344480 0.679417
vt 0.834090 0.285259
vt 0.547426 0.702476
vt 0.551087 0.703069
vt 0.551018 0.704876
vt 0.547254 0.704300
vt 0.882026 0.512162
vt 0.884204 0.512301
vt 0.882023 0.523519
vt 0.763805 0.974102
vt 0.763422 0.968825
vt 0.489340 0.735541
vt 0.483695 0.732556
vt 0.485103 0.730258
vt 0.490872 0.733319
vt 0.956910 0.532122
vt 0.944057 0.528663
vt 0.944210 0.528132
vt 0.956982 0.531871
vt 0.808537 0.476432
vt 0.807577 0.485947
vt 0.802836 0.485244
vt 0.802860 0.475577
vt 0.176479 0.306098
vt 0.176708 0.308139
vt 0.176710 0.312520
vt 0.175524 0.307258
vt 0.175790 0.309208
vt 0.175799 0.313392
vt 0.176479 0.246491
vt 0.176124 0.245241
vt 0.176101 0.239412
vt 0.176479 0.218773
vt 0.176056 0.217023
vt 0.176041 0.213275
vt 0.174675 0.280619
vt 0.174786 0.279335
vt 0.174676 0.281653
vt 0.174786 0.248265
vt 0.174600 0.245939
vt 0.174632 0.240955
vt 0.101269 0.739936
vt 0.100576 0.719324
vt 0.102422 0.717334
vt 0.107298 0.913840
vt 0.106247 0.946910
vt 0.105906 0.926043
vt 0.101901 0.694270
vt 0.051821 0.833029
vt 0.048307 0.860458
vt 0.047826 0.827229
vt 0.047912 0.894477
vt 0.047688 0.879688
vt 0.107602 0.894455
vt 0.054570 0.765596
vt 0.054442 0.798241
vt 0.051530 0.796302
vt 0.107823 0.879668
vt 0.100505 0.963691
vt 0.100913 0.978676
vt 0.100229 0.978780
vt 0.100629 0.667565
vt 0.099989 0.695613
vt 0.047413 0.857574
vt 0.099631 0.978917
vt 0.054623 0.743074
vt 0.051440 0.761437
vt 0.099142 0.979085
vt 0.047567 0.798562
vt 0.047203 0.839482
vt 0.098781 0.979275
vt 0.058987 0.694557
vt 0.065924 0.695609
vt 0.065329 0.719319
vt 0.063577 0.719549
vt 0.101655 0.923978
vt 0.106070 0.884231
vt 0.098562 0.979481
vt 0.047539 0.764117
vt 0.046999 0.819532
vt 0.100749 0.947197
vt 0.098631 0.966281
vt 0.046820 0.798924
vt 0.108303 0.839467
vt 0.108506 0.819519
vt 0.098845 0.950872
vt 0.056910 0.966315
vt 0.057093 0.979797
vt 0.056739 0.980150
vt 0.106814 0.834456
vt 0.108685 0.798913
vt 0.056364 0.980338
vt 0.051507 0.740758
vt 0.047514 0.738395
vt 0.046718 0.781393
vt 0.103680 0.862208
vt 0.101065 0.895929
vt 0.099242 0.925652
vt 0.055863 0.980502
vt 0.756777 0.948188
vt 0.757585 0.954381
vt 0.748430 0.953919
vt 0.747494 0.946815
vt 0.056687 0.950903
vt 0.056042 0.965894
vt 0.053187 0.719557
vt 0.047773 0.717026
vt 0.046707 0.759170
vt 0.055254 0.980637
vt 0.054562 0.980736
vt 0.108788 0.781384
vt 0.056280 0.925680
vt 0.054859 0.949845
vt 0.053813 0.980796
vt 0.053868 0.667573
vt 0.048600 0.694562
vt 0.049898 0.667534
vt 0.046806 0.738906
vt 0.101392 0.852857
vt 0.099625 0.899706
vt 0.053036 0.980815
vt 0.052743 0.965439
vt 0.047076 0.717367
vt 0.104204 0.803823
vt 0.107030 0.767340
vt 0.055890 0.899730
vt 0.056043 0.927586
vt 0.047648 0.694489
vt 0.108442 0.717364
vt 0.108706 0.738901
vt 0.108210 0.738378
vt 0.053086 0.925399
vt 0.364048 0.721741
vt 0.364953 0.723614
vt 0.359406 0.725472
vt 0.358426 0.723682
vt 0.107881 0.694488
vt 0.107955 0.716898
vt 0.049695 0.964041
vt 0.049460 0.946894
vt 0.055165 0.867524
vt 0.052875 0.895121
vt 0.106473 0.667518
vt 0.107397 0.694128
vt 0.103858 0.765124
vt 0.100930 0.800666
vt 0.122212 0.667518
vt 0.122212 0.697545
vt 0.122031 0.687539
vt 0.055006 0.836954
vt 0.055333 0.855155
vt 0.049207 0.928404
vt 0.048806 0.898386
vt 0.048976 0.963596
vt 0.048731 0.946768
vt 0.106563 0.963563
vt 0.106505 0.979628
vt 0.105819 0.979102
vt 0.051915 0.860950
vt 0.101062 0.761634
vt 0.048471 0.930068
vt 0.106799 0.946738
vt 0.105994 0.963634
vt 0.048221 0.913865
vt 0.107053 0.930040
vt 0.100936 0.765588
vt 0.117673 0.913824
vt 0.116609 0.946892
vt 0.116275 0.926027
vt 0.112283 0.694268
vt 0.112812 0.717331
vt 0.110967 0.719321
vt 0.031253 0.815356
vt 0.034766 0.787917
vt 0.035249 0.821157
vt 0.035159 0.753888
vt 0.035383 0.768681
vt 0.117982 0.894441
vt 0.028510 0.882806
vt 0.028635 0.850152
vt 0.031548 0.852093
vt 0.118207 0.879655
vt 0.110858 0.963673
vt 0.111254 0.978656
vt 0.110570 0.978759
vt 0.112925 0.667544
vt 0.110374 0.695612
vt 0.035660 0.790802
vt 0.109972 0.978897
vt 0.028459 0.905335
vt 0.031641 0.886968
vt 0.109484 0.979065
vt 0.035511 0.849831
vt 0.035872 0.808900
vt 0.109123 0.979255
vt 0.024091 0.953876
vt 0.017153 0.952823
vt 0.017744 0.929105
vt 0.019497 0.928875
vt 0.112024 0.923962
vt 0.116451 0.884218
vt 0.108905 0.979461
vt 0.035541 0.884286
vt 0.036077 0.828856
vt 0.111110 0.947180
vt 0.108984 0.966263
vt 0.036258 0.849469
vt 0.118694 0.839456
vt 0.118900 0.819509
vt 0.109206 0.950854
vt 0.026157 0.682024
vt 0.025974 0.668536
vt 0.026328 0.668184
vt 0.117204 0.834446
vt 0.119080 0.798905
vt 0.026703 0.667995
vt 0.031576 0.907651
vt 0.035568 0.910015
vt 0.036361 0.867005
vt 0.114066 0.862196
vt 0.111443 0.895916
vt 0.109613 0.925636
vt 0.027204 0.667831
vt 0.751410 0.450327
vt 0.751389 0.437891
vt 0.026380 0.697442
vt 0.027025 0.682446
vt 0.029897 0.928856
vt 0.035311 0.931388
vt 0.036374 0.889233
vt 0.027812 0.667696
vt 0.028504 0.667597
vt 0.119184 0.781377
vt 0.026789 0.722675
vt 0.028208 0.698501
vt 0.029253 0.667537
vt 0.036277 0.909504
vt 0.111779 0.852846
vt 0.110005 0.899692
vt 0.030030 0.667518
vt 0.030324 0.682901
vt 0.036009 0.931047
vt 0.114597 0.803815
vt 0.117425 0.767334
vt 0.120634 0.717773
vt 0.120105 0.691750
vt 0.120348 0.689842
vt 0.034487 0.953856
vt 0.035440 0.953929
vt 0.118833 0.717360
vt 0.119100 0.738896
vt 0.118603 0.738373
vt 0.027181 0.748633
vt 0.027025 0.720768
vt 0.029983 0.722956
vt 0.978668 0.435867
vt 0.978671 0.433306
vt 0.984793 0.433962
vt 0.984911 0.436535
vt 0.118265 0.694486
vt 0.118344 0.716894
vt 0.033372 0.684299
vt 0.033608 0.701452
vt 0.027908 0.780849
vt 0.030196 0.753244
vt 0.116823 0.667518
vt 0.117780 0.694125
vt 0.114252 0.765119
vt 0.111325 0.800659
vt 0.119688 0.722104
vt 0.119688 0.667518
vt 0.119897 0.685758
vt 0.028068 0.811427
vt 0.027740 0.793223
vt 0.033862 0.719950
vt 0.034264 0.749977
vt 0.034092 0.684744
vt 0.034337 0.701579
vt 0.116918 0.963544
vt 0.116848 0.979607
vt 0.116162 0.979082
vt 0.925499 0.570359
vt 0.926435 0.560891
vt 0.931206 0.561464
vt 0.931200 0.571126
vt 0.031158 0.787426
vt 0.111662 0.739933
vt 0.111457 0.761628
vt 0.034598 0.718285
vt 0.117163 0.946720
vt 0.116348 0.963615
vt 0.034849 0.734493
vt 0.117423 0.930024
vt 0.119197 0.722997
vt 0.119327 0.701269
vt 0.119443 0.697312
vt 0.089581 0.733465
vt 0.090647 0.700383
vt 0.090980 0.721258
vt 0.094464 0.930022
vt 0.096307 0.928032
vt 0.020858 0.815368
vt 0.024375 0.787926
vt 0.024853 0.821167
vt 0.024777 0.753894
vt 0.024998 0.768689
vt 0.089272 0.752856
vt 0.018109 0.882821
vt 0.018236 0.850168
vt 0.021148 0.852107
vt 0.089048 0.767647
vt 0.096400 0.683594
vt 0.096007 0.668603
vt 0.096691 0.668500
vt 0.096908 0.951746
vt 0.025270 0.790811
vt 0.097288 0.668362
vt 0.018058 0.905353
vt 0.021238 0.886984
vt 0.097777 0.668195
vt 0.025112 0.849845
vt 0.025479 0.808910
vt 0.098137 0.668004
vt 0.769800 0.553123
vt 0.764994 0.552800
vt 0.766234 0.550888
vt 0.770905 0.551125
vt 0.092178 0.753564
vt 0.089857 0.781336
vt 0.095231 0.723321
vt 0.098355 0.667798
vt 0.025139 0.884302
vt 0.025681 0.828868
vt 0.096146 0.700094
vt 0.098273 0.681004
vt 0.025859 0.849482
vt 0.088563 0.807859
vt 0.088359 0.827814
vt 0.098049 0.696419
vt 0.015800 0.682025
vt 0.015625 0.668536
vt 0.015978 0.668184
vt 0.090054 0.812870
vt 0.088181 0.848424
vt 0.016353 0.667996
vt 0.021173 0.907668
vt 0.025167 0.910033
vt 0.025962 0.867020
vt 0.093191 0.785111
vt 0.095812 0.751380
vt 0.097641 0.721646
vt 0.016854 0.667831
vt 0.045006 0.667583
vt 0.046707 0.667589
vt 0.045188 0.695612
vt 0.038250 0.694560
vt 0.016016 0.697445
vt 0.016666 0.682448
vt 0.024911 0.931407
vt 0.025974 0.889250
vt 0.017462 0.667696
vt 0.018154 0.667597
vt 0.088079 0.865958
vt 0.016416 0.722679
vt 0.017842 0.698504
vt 0.018903 0.667537
vt 0.025876 0.909521
vt 0.095477 0.794464
vt 0.097249 0.747602
vt 0.019680 0.667518
vt 0.019964 0.682902
vt 0.037296 0.694487
vt 0.038762 0.667518
vt 0.025610 0.931065
vt 0.092664 0.843512
vt 0.089842 0.880005
vt 0.016800 0.748640
vt 0.016652 0.720773
vt 0.025045 0.953948
vt 0.088442 0.929993
vt 0.088170 0.908452
vt 0.088668 0.908973
vt 0.019608 0.722961
vt 0.089017 0.952873
vt 0.088932 0.930459
vt 0.023012 0.684301
vt 0.023241 0.701455
vt 0.017520 0.780858
vt 0.019812 0.753252
vt 0.093015 0.882221
vt 0.095936 0.846669
vt 0.122031 0.667518
vt 0.122031 0.697547
vt 0.121851 0.687542
vt 0.017675 0.811437
vt 0.017350 0.793233
vt 0.023489 0.719954
vt 0.023883 0.749984
vt 0.023733 0.684746
vt 0.023971 0.701581
vt 0.090338 0.683724
vt 0.090412 0.667653
vt 0.091098 0.668178
vt 0.068829 0.953312
vt 0.074326 0.953169
vt 0.073680 0.979898
vt 0.069828 0.979923
vt 0.020767 0.787436
vt 0.095608 0.907414
vt 0.095809 0.885713
vt 0.024226 0.718289
vt 0.090092 0.700555
vt 0.090910 0.683653
vt 0.024472 0.734500
vt 0.089832 0.717259
vt 0.095932 0.881756
vt 0.068913 0.733488
vt 0.069972 0.700395
vt 0.070309 0.721276
vt 0.073796 0.930097
vt 0.075640 0.928107
vt 0.041492 0.833040
vt 0.037973 0.860473
vt 0.037496 0.827241
vt 0.037569 0.894497
vt 0.037348 0.879706
vt 0.068607 0.752885
vt 0.044239 0.765599
vt 0.044113 0.798247
vt 0.041202 0.796309
vt 0.068384 0.767681
vt 0.075720 0.683601
vt 0.075320 0.668603
vt 0.076004 0.668500
vt 0.076236 0.951825
vt 0.037078 0.857590
vt 0.076602 0.668362
vt 0.044289 0.743074
vt 0.041111 0.761440
vt 0.077091 0.668195
vt 0.037238 0.798571
vt 0.036870 0.839495
vt 0.077451 0.668004
vt 0.027548 0.952803
vt 0.028144 0.929086
vt 0.071512 0.753593
vt 0.069193 0.781373
vt 0.074560 0.723341
vt 0.077670 0.667798
vt 0.037209 0.764122
vt 0.036668 0.819542
vt 0.075471 0.700107
vt 0.077594 0.681009
vt 0.036490 0.798933
vt 0.067902 0.807905
vt 0.067698 0.827865
vt 0.077374 0.696430
vt 0.046536 0.966345
vt 0.046707 0.979830
vt 0.046354 0.980182
vt 0.069392 0.812918
vt 0.067520 0.848480
vt 0.045979 0.980370
vt 0.041175 0.740759
vt 0.037180 0.738396
vt 0.036387 0.781399
vt 0.072527 0.785150
vt 0.075145 0.751408
vt 0.076971 0.721667
vt 0.045478 0.980535
vt 0.773845 0.650325
vt 0.774336 0.653455
vt 0.768031 0.653182
vt 0.767029 0.649891
vt 0.046323 0.950931
vt 0.045671 0.965923
vt 0.042849 0.719556
vt 0.037433 0.717026
vt 0.036374 0.759174
vt 0.044870 0.980669
vt 0.044178 0.980769
vt 0.067419 0.866019
vt 0.045926 0.925703
vt 0.044498 0.949872
vt 0.043429 0.980829
vt 0.036471 0.738908
vt 0.074815 0.794506
vt 0.076584 0.747630
vt 0.042652 0.980848
vt 0.042373 0.965469
vt 0.963457 0.565572
vt 0.957009 0.566626
vt 0.957042 0.562691
vt 0.963679 0.561598
vt 0.036734 0.717366
vt 0.072003 0.843567
vt 0.069179 0.880069
vt 0.121163 0.717773
vt 0.120634 0.691750
vt 0.120877 0.689842
vt 0.067775 0.930068
vt 0.067506 0.908522
vt 0.068003 0.909045
vt 0.045545 0.899750
vt 0.045690 0.927609
vt 0.042735 0.925422
vt 0.068344 0.952951
vt 0.068264 0.930533
vt 0.039325 0.964071
vt 0.039099 0.946922
vt 0.044828 0.867539
vt 0.042534 0.895140
vt 0.072352 0.882285
vt 0.075276 0.846725
vt 0.119897 0.722102
vt 0.119897 0.667518
vt 0.120105 0.685757
vt 0.044674 0.836967
vt 0.044998 0.855167
vt 0.038854 0.928429
vt 0.038463 0.898407
vt 0.038604 0.963626
vt 0.038368 0.946796
vt 0.069660 0.683730
vt 0.069727 0.667652
vt 0.070413 0.668178
vt 0.931275 0.649619
vt 0.931336 0.637997
vt 0.041582 0.860965
vt 0.074944 0.907485
vt 0.075148 0.885777
vt 0.038116 0.930093
vt 0.069418 0.700568
vt 0.070230 0.683659
vt 0.037871 0.913888
vt 0.069161 0.717277
vt 0.119443 0.722996
vt 0.119572 0.701267
vt 0.119688 0.697312
vt 0.079245 0.733477
vt 0.080289 0.700388
vt 0.080635 0.721267
vt 0.084685 0.953133
vt 0.084159 0.930063
vt 0.086005 0.928073
vt 0.062197 0.833008
vt 0.058675 0.860434
vt 0.058203 0.827210
vt 0.058269 0.894449
vt 0.058050 0.879662
vt 0.078946 0.752871
vt 0.064957 0.765583
vt 0.064824 0.798224
vt 0.061913 0.796286
vt 0.078728 0.767664
vt 0.086027 0.683598
vt 0.085615 0.668603
vt 0.086299 0.668500
vt 0.087777 0.979822
vt 0.086596 0.951790
vt 0.057781 0.857551
vt 0.086897 0.668362
vt 0.065012 0.743063
vt 0.061828 0.761425
vt 0.087386 0.668195
vt 0.057949 0.798546
vt 0.057576 0.839461
vt 0.087747 0.668004
vt 0.044600 0.719326
vt 0.081849 0.753580
vt 0.079540 0.781355
vt 0.084886 0.723332
vt 0.087966 0.667798
vt 0.057927 0.764105
vt 0.057376 0.819513
vt 0.085787 0.700101
vt 0.087901 0.681007
vt 0.057201 0.798908
vt 0.078256 0.807884
vt 0.078057 0.827841
vt 0.087691 0.696425
vt 0.067235 0.966275
vt 0.067407 0.979755
vt 0.067054 0.980107
vt 0.079746 0.812896
vt 0.077882 0.848454
vt 0.066679 0.980295
vt 0.061897 0.740749
vt 0.057904 0.738385
vt 0.057102 0.781379
vt 0.082874 0.785132
vt 0.085482 0.751395
vt 0.087298 0.721658
vt 0.066178 0.980460
vt 0.786124 0.567769
vt 0.784959 0.580018
vt 0.777105 0.577705
vt 0.777089 0.565127
vt 0.067021 0.950866
vt 0.066368 0.965854
vt 0.058162 0.717019
vt 0.057093 0.759159
vt 0.065570 0.980594
vt 0.064878 0.980694
vt 0.077782 0.865991
vt 0.066625 0.925646
vt 0.065195 0.949808
vt 0.064129 0.980754
vt 0.057194 0.738896
vt 0.085164 0.794487
vt 0.086921 0.747617
vt 0.063352 0.980773
vt 0.063070 0.965400
vt 0.758855 0.588195
vt 0.758831 0.586278
vt 0.764544 0.587155
vt 0.764646 0.589091
vt 0.057464 0.717359
vt 0.082362 0.843542
vt 0.079543 0.880040
vt 0.066245 0.899700
vt 0.066388 0.927552
vt 0.058033 0.694484
vt 0.078139 0.930033
vt 0.077872 0.908489
vt 0.078368 0.909012
vt 0.063433 0.925366
vt 0.078704 0.952915
vt 0.078627 0.930499
vt 0.060023 0.964002
vt 0.059796 0.946858
vt 0.065530 0.867499
vt 0.063233 0.895092
vt 0.080202 0.979885
vt 0.079188 0.953276
vt 0.082715 0.882256
vt 0.085637 0.846701
vt 0.121698 0.699991
vt 0.121698 0.667518
vt 0.121851 0.678406
vt 0.065380 0.836933
vt 0.065702 0.855131
vt 0.059551 0.928370
vt 0.081577 0.979882
vt 0.059162 0.898358
vt 0.059302 0.963557
vt 0.059066 0.946732
vt 0.079969 0.683727
vt 0.080023 0.667651
vt 0.080709 0.668177
vt 0.062284 0.860926
vt 0.085309 0.907453
vt 0.085512 0.885748
vt 0.058814 0.930034
vt 0.079737 0.700561
vt 0.080538 0.683655
vt 0.058570 0.913833
vt 0.079487 0.717268
vt 0.085637 0.881793
vt 0.887746 0.273515
vt 0.880463 0.272797
vt 0.887746 0.272080
vt 0.955129 0.272797
vt 0.947845 0.273514
vt 0.947845 0.272079
vt 0.887466 0.270672
vt 0.948125 0.270672
vt 0.886917 0.269346
vt 0.948674 0.269346
vt 0.886120 0.268153
vt 0.949471 0.268153
vt 0.885105 0.267139
vt 0.950485 0.267138
vt 0.883912 0.266341
vt 0.951678 0.266341
vt 0.882587 0.265792
vt 0.953003 0.265792
vt 0.881180 0.265512
vt 0.954410 0.265512
vt 0.879745 0.265512
vt 0.955845 0.265512
vt 0.878338 0.265792
vt 0.957252 0.265792
vt 0.877013 0.266341
vt 0.958578 0.266341
vt 0.875820 0.267139
vt 0.959770 0.267138
vt 0.874805 0.268153
vt 0.960785 0.268153
vt 0.874008 0.269346
vt 0.961582 0.269346
vt 0.873459 0.270672
vt 0.962131 0.270672
vt 0.873179 0.272080
vt 0.962411 0.272080
vt 0.873179 0.273515
vt 0.962411 0.273515
vt 0.873459 0.274922
vt 0.962131 0.274922
vt 0.874008 0.276248
vt 0.961582 0.276248
vt 0.874805 0.277441
vt 0.960785 0.277441
vt 0.875820 0.278456
vt 0.959770 0.278456
vt 0.877013 0.279253
vt 0.958577 0.279253
vt 0.878338 0.279802
vt 0.957252 0.279802
vt 0.879745 0.280082
vt 0.955845 0.280082
vt 0.881180 0.280082
vt 0.954410 0.280082
vt 0.953003 0.279802
vt 0.882587 0.279802
vt 0.883912 0.279253
vt 0.951678 0.279253
vt 0.885105 0.278456
vt 0.950485 0.278455
vt 0.886120 0.277441
vt 0.949471 0.277441
vt 0.886917 0.276248
vt 0.948674 0.276248
vt 0.887466 0.274922
vt 0.948125 0.274922
vt 0.982051 0.886806
vt 0.984048 0.886829
vt 0.978706 0.990211
vt 0.980041 0.886783
vt 0.973606 0.835482
vt 0.971436 0.731903
vt 0.975603 0.835540
vt 0.971595 0.835486
vt 0.301538 0.846823
vt 0.301885 0.840513
vt 0.303109 0.839837
vt 0.504969 0.701826
vt 0.501225 0.699754
vt 0.506895 0.700393
vt 0.190366 0.233801
vt 0.191530 0.217407
vt 0.191482 0.233801
vt 0.813069 0.552451
vt 0.818603 0.552400
vt 0.819962 0.554810
vt 0.078179 0.211841
vt 0.092384 0.208842
vt 0.065089 0.270379
vt 0.061880 0.041752
vt 0.076894 0.033433
vt 0.058672 0.120508
vt 0.820891 0.537666
vt 0.820254 0.534005
vt 0.826377 0.534805
vt 0.826730 0.537581
vt 0.365257 0.953759
vt 0.367864 0.951204
vt 0.370429 0.954977
vt 0.368777 0.957298
vt 0.303346 0.862301
vt 0.303642 0.866980
vt 0.302298 0.866582
vt 0.302074 0.861880
vt 0.811547 0.547735
vt 0.817645 0.546894
vt 0.817721 0.549947
vt 0.186720 0.241950
vt 0.189123 0.215643
vt 0.187656 0.241950
vt 0.300611 0.867459
vt 0.297371 0.864440
vt 0.300287 0.862677
vt 0.395923 0.954796
vt 0.390440 0.952886
vt 0.391060 0.951615
vt 0.396654 0.952486
vt 0.364725 0.963896
vt 0.361492 0.958822
vt 0.363375 0.956130
vt 0.367150 0.959910
vt 0.774903 0.656579
vt 0.769020 0.656497
vt 0.805300 0.659651
vt 0.805077 0.657344
vt 0.811825 0.655880
vt 0.812031 0.658330
vt 0.957072 0.656849
vt 0.963910 0.657713
vt 0.956982 0.658755
vt 0.371411 0.947158
vt 0.376025 0.948095
vt 0.374957 0.949732
vt 0.370281 0.948684
vt 0.346734 0.936949
vt 0.344603 0.939376
vt 0.340424 0.937671
vt 0.343927 0.933802
vt 0.319089 0.893032
vt 0.315454 0.887680
vt 0.322216 0.893394
vt 0.457744 0.715726
vt 0.456938 0.718375
vt 0.451559 0.715655
vt 0.452242 0.712954
vt 0.523170 0.704625
vt 0.513772 0.701401
vt 0.527738 0.703470
vt 0.044715 0.156952
vt 0.061283 0.118993
vt 0.064086 0.117482
vt 0.047749 0.155437
vt 0.065826 0.117036
vt 0.067515 0.116921
vt 0.053600 0.157574
vt 0.078719 0.127011
vt 0.055203 0.159894
vt 0.759122 0.565241
vt 0.758989 0.561999
vt 0.765393 0.560020
vt 0.764980 0.564619
vt 0.804737 0.574028
vt 0.809366 0.575713
vt 0.804450 0.577673
vt 0.759420 0.568248
vt 0.764872 0.567630
vt 0.764946 0.570427
vt 0.760137 0.572016
vt 0.958773 0.886889
vt 0.957744 0.886837
vt 0.967480 0.835421
vt 0.968508 0.835334
vt 0.017338 0.980855
vt 0.015625 0.980848
vt 0.297748 0.869458
vt 0.294406 0.866345
vt 0.372767 0.952341
vt 0.184252 0.241950
vt 0.185528 0.241950
vt 0.186603 0.273312
vt 0.185248 0.274334
vt 0.380799 0.959272
vt 0.376049 0.955757
vt 0.378057 0.953068
vt 0.381791 0.957078
vt 0.542453 0.709250
vt 0.546636 0.708348
vt 0.548066 0.710276
vt 0.190427 0.254878
vt 0.189123 0.233801
vt 0.191530 0.250195
vt 0.046286 0.156078
vt 0.187991 0.271080
vt 0.189117 0.268258
vt 0.041924 0.158817
vt 0.518446 0.705912
vt 0.511563 0.702852
vt 0.068310 0.176546
vt 0.108229 0.161682
vt 0.108653 0.164272
vt 0.067752 0.178461
vt 0.827018 0.525948
vt 0.821484 0.525897
vt 0.828377 0.523538
vt 0.812894 0.537654
vt 0.818316 0.537363
vt 0.818315 0.540767
vt 0.812476 0.540682
vt 0.811839 0.544343
vt 0.817962 0.543543
vt 0.827190 0.546732
vt 0.821205 0.544380
vt 0.821310 0.540694
vt 0.826731 0.540985
vt 0.826060 0.531454
vt 0.819962 0.530613
vt 0.826136 0.528401
vt 0.297457 0.859101
vt 0.294060 0.854795
vt 0.296972 0.853644
vt 0.579154 0.713450
vt 0.584075 0.712818
vt 0.583002 0.714301
vt 0.577912 0.714687
vt 0.397114 0.951537
vt 0.390830 0.950925
vt 0.397974 0.950438
vt 0.291799 0.848482
vt 0.291066 0.840883
vt 0.293599 0.841231
vt 0.294043 0.848272
vt 0.296831 0.847617
vt 0.295894 0.841421
vt 0.298471 0.841180
vt 0.299528 0.846895
vt 0.762297 0.660225
vt 0.762763 0.662223
vt 0.756956 0.661942
vt 0.756589 0.660063
vt 0.250505 0.177780
vt 0.257225 0.181372
vt 0.256936 0.182077
vt 0.249149 0.179612
vt 0.103867 0.172529
vt 0.063593 0.183758
vt 0.105732 0.170154
vt 0.065829 0.181255
vt 0.107619 0.167590
vt 0.804063 0.556198
vt 0.811241 0.557055
vt 0.811083 0.561954
vt 0.804679 0.559975
vt 0.287698 0.028173
vt 0.287700 0.027415
vt 0.295832 0.026711
vt 0.295245 0.028916
vt 0.978312 0.529812
vt 0.978346 0.527014
vt 0.984528 0.527844
vt 0.984625 0.530656
vt 0.279562 0.188898
vt 0.280103 0.186686
vt 0.287698 0.187434
vt 0.287700 0.188197
vt 0.760705 0.575757
vt 0.765335 0.574072
vt 0.765621 0.577717
vt 0.187997 0.212820
vt 0.858845 0.923830
vt 0.858465 0.918568
vt 0.867474 0.919062
vt 0.868309 0.925238
vt 0.352555 0.930934
vt 0.347814 0.926521
vt 0.347937 0.923381
vt 0.383376 0.954379
vt 0.805091 0.564574
vt 0.810950 0.565197
vt 0.810651 0.568204
vt 0.805199 0.567586
vt 0.066914 0.179821
vt 0.108304 0.165929
vt 0.311295 0.895758
vt 0.308614 0.892506
vt 0.310644 0.890827
vt 0.313746 0.894418
vt 0.292058 0.861676
vt 0.289161 0.855969
vt 0.291739 0.855439
vt 0.294491 0.860671
vt 0.553246 0.709270
vt 0.560719 0.708328
vt 0.564870 0.710925
vt 0.554942 0.711298
vt 0.568909 0.713351
vt 0.190427 0.212724
vt 0.809549 0.578566
vt 0.804748 0.580517
vt 0.100222 0.151762
vt 0.066451 0.172365
vt 0.064375 0.170452
vt 0.957754 0.654356
vt 0.964520 0.655480
vt 0.771026 0.523667
vt 0.772897 0.530301
vt 0.771026 0.530673
vt 0.937271 0.938906
vt 0.936241 0.938962
vt 0.951352 0.887222
vt 0.952376 0.887344
vt 0.208812 0.100256
vt 0.208069 0.107803
vt 0.207310 0.107806
vt 0.206605 0.099669
vt 0.214202 0.077195
vt 0.214130 0.077330
vt 0.213429 0.077042
vt 0.229858 0.162242
vt 0.231392 0.164110
vt 0.230856 0.164651
vt 0.823746 0.839877
vt 0.822370 0.829887
vt 0.822807 0.829827
vt 0.824379 0.839791
vt 0.751512 0.585228
vt 0.751890 0.583137
vt 0.757938 0.584267
vt 0.757570 0.586351
vt 0.905650 0.640948
vt 0.918490 0.644441
vt 0.918346 0.644941
vt 0.905596 0.641136
vt 0.828669 0.523521
vt 0.828503 0.512296
vt 0.802678 0.532333
vt 0.789814 0.528921
vt 0.789969 0.528380
vt 0.802756 0.532063
vt 0.931201 0.405577
vt 0.918342 0.402147
vt 0.918496 0.401612
vt 0.931275 0.405318
vt 0.828440 0.641173
vt 0.841283 0.644671
vt 0.841135 0.645184
vt 0.828377 0.641389
vt 0.906200 0.920943
vt 0.905809 0.920996
vt 0.904583 0.910986
vt 0.904730 0.910966
vt 0.879922 0.641272
vt 0.892788 0.644674
vt 0.892633 0.645216
vt 0.879845 0.641543
vt 0.858804 0.638332
vt 0.856525 0.649882
vt 0.802657 0.405639
vt 0.789807 0.402170
vt 0.789959 0.401643
vt 0.802728 0.405395
vt 0.828343 0.405664
vt 0.815518 0.402122
vt 0.815651 0.401656
vt 0.828377 0.405543
vt 0.912994 0.892428
vt 0.911622 0.882438
vt 0.912045 0.882380
vt 0.913628 0.892342
vt 0.944363 0.527601
vt 0.905558 0.405345
vt 0.892781 0.401625
vt 0.892935 0.401090
vt 0.810008 0.897014
vt 0.811187 0.907026
vt 0.809848 0.897035
vt 0.807048 0.916236
vt 0.808329 0.926240
vt 0.806954 0.916249
vt 0.892478 0.645757
vt 0.907688 0.891725
vt 0.908807 0.901746
vt 0.907492 0.891751
vt 0.733829 0.846243
vt 0.732668 0.836226
vt 0.734031 0.846215
vt 0.879845 0.405486
vt 0.867095 0.401665
vt 0.867241 0.401161
vt 0.910462 0.872418
vt 0.910250 0.872447
vt 0.751241 0.532282
vt 0.738484 0.528489
vt 0.738633 0.527972
vt 0.918649 0.401077
vt 0.790124 0.527840
vt 0.720590 0.962450
vt 0.719399 0.952439
vt 0.720744 0.962429
vt 0.739477 0.807683
vt 0.738324 0.797666
vt 0.739651 0.807660
vt 0.815633 0.858428
vt 0.816800 0.868445
vt 0.815431 0.858456
vt 0.899033 0.949517
vt 0.900189 0.959535
vt 0.898822 0.949545
vt 0.840986 0.645698
vt 0.918203 0.645441
vt 0.879845 0.532074
vt 0.867077 0.528322
vt 0.867227 0.527799
vt 0.790112 0.401116
vt 0.831403 0.840961
vt 0.830300 0.830939
vt 0.831572 0.840939
vt 0.904436 0.911006
vt 0.828813 0.860256
vt 0.827637 0.850241
vt 0.828995 0.860232
vt 0.717735 0.981706
vt 0.716571 0.971691
vt 0.717925 0.981681
vt 0.764421 0.401157
vt 0.763691 0.904558
vt 0.763111 0.899301
vt 0.771871 0.431336
vt 0.815784 0.401189
vt 0.176712 0.268533
vt 0.176700 0.273734
vt 0.176479 0.276162
vt 0.176699 0.276162
vt 0.176699 0.283669
vt 0.176479 0.291540
vt 0.176840 0.291540
vt 0.176704 0.298991
vt 0.175524 0.207493
vt 0.175895 0.207493
vt 0.175762 0.213361
vt 0.175524 0.218939
vt 0.175766 0.218939
vt 0.175768 0.225408
vt 0.175524 0.246872
vt 0.175772 0.239752
vt 0.175773 0.244606
vt 0.175774 0.246872
vt 0.175783 0.254361
vt 0.175801 0.270308
vt 0.175810 0.277884
vt 0.175524 0.277886
vt 0.175810 0.277886
vt 0.175809 0.278034
vt 0.175524 0.293071
vt 0.175929 0.293071
vt 0.175793 0.300372
vt 0.176479 0.319782
vt 0.176064 0.319782
vt 0.176180 0.313200
vt 0.176479 0.306997
vt 0.176171 0.306997
vt 0.176168 0.300063
vt 0.176167 0.284868
vt 0.176168 0.279823
vt 0.176479 0.277472
vt 0.176165 0.277472
vt 0.176155 0.269889
vt 0.176479 0.261865
vt 0.176024 0.261865
vt 0.176131 0.253960
vt 0.176479 0.231941
vt 0.175973 0.231941
vt 0.176061 0.225180
vt 0.175524 0.320108
vt 0.174984 0.320108
vt 0.174912 0.313922
vt 0.175188 0.308041
vt 0.174767 0.308041
vt 0.174704 0.301319
vt 0.174619 0.271740
vt 0.174423 0.263800
vt 0.174734 0.263800
vt 0.174575 0.255860
vt 0.174939 0.233327
vt 0.174555 0.233327
vt 0.174792 0.226297
vt 0.175188 0.219560
vt 0.174898 0.219560
vt 0.175056 0.213653
vt 0.176775 0.212994
vt 0.176771 0.216592
vt 0.176479 0.218270
vt 0.176772 0.220258
vt 0.176770 0.224521
vt 0.176479 0.231043
vt 0.176892 0.231043
vt 0.176761 0.238334
vt 0.176479 0.245321
vt 0.176754 0.245321
vt 0.176742 0.252770
vt 0.111999 0.978592
vt 0.112774 0.978568
vt 0.100887 0.743068
vt 0.054941 0.719328
vt 0.098459 0.667596
vt 0.108095 0.857557
vt 0.108802 0.759164
vt 0.052261 0.980792
vt 0.051517 0.980727
vt 0.937500 0.000000
vt 1.000000 0.000000
vt 0.050235 0.980486
vt 0.050833 0.980624
vt 0.100174 0.855136
vt 0.049047 0.979663
vt 0.049396 0.980108
vt 0.049746 0.980319
vt 0.100817 0.795326
vt 0.433917 0.710439
vt 0.433640 0.712976
vt 0.427783 0.711462
vt 0.427932 0.708966
vt 0.105259 0.978902
vt 0.100499 0.836938
vt 0.081269 0.668378
vt 0.081877 0.668512
vt 0.054688 0.795338
vt 0.104650 0.978767
vt 0.103959 0.978668
vt 0.103210 0.978608
vt 0.102433 0.978589
vt 0.095263 0.668668
vt 0.094487 0.668691
vt 0.111282 0.743064
vt 0.111333 0.765583
vt 0.108802 0.667595
vt 0.118483 0.857545
vt 0.120634 0.667518
vt 0.119197 0.759159
vt 0.030806 0.667542
vt 0.031550 0.667606
vt 0.032234 0.667709
vt 0.032832 0.667847
vt 0.110563 0.855125
vt 0.034020 0.668670
vt 0.033671 0.668224
vt 0.033320 0.668014
vt 0.111212 0.795320
vt 0.811932 0.550175
vt 0.115600 0.978881
vt 0.110891 0.836930
vt 0.119197 0.667518
vt 0.121698 0.706310
vt 0.121430 0.709217
vt 0.121430 0.667518
vt 0.114992 0.978747
vt 0.114300 0.978647
vt 0.113551 0.978587
vt 0.095987 0.904283
vt 0.808751 0.504173
vt 0.807080 0.512334
vt 0.805760 0.503555
vt 0.098458 0.979769
vt 0.088773 0.789765
vt 0.088069 0.888184
vt 0.020456 0.667541
vt 0.021200 0.667606
vt 0.021884 0.667709
vt 0.022482 0.667847
vt 0.096693 0.792185
vt 0.023671 0.668669
vt 0.023323 0.668224
vt 0.022971 0.668014
vt 0.096049 0.852010
vt 0.091660 0.668379
vt 0.096366 0.810385
vt 0.017991 0.853070
vt 0.092269 0.668513
vt 0.092961 0.668612
vt 0.093710 0.668672
vt 0.084871 0.668667
vt 0.084095 0.668690
vt 0.075324 0.904353
vt 0.075271 0.881823
vt 0.077773 0.979851
vt 0.068111 0.789805
vt 0.121163 0.667518
vt 0.067407 0.888250
vt 0.041877 0.980825
vt 0.041132 0.980760
vt 0.040448 0.980657
vt 0.039850 0.980519
vt 0.076031 0.792228
vt 0.038661 0.979697
vt 0.039009 0.980142
vt 0.039361 0.980352
vt 0.075389 0.852070
vt 0.070974 0.668378
vt 0.075705 0.810434
vt 0.119443 0.667518
vt 0.121430 0.706312
vt 0.121163 0.709218
vt 0.121163 0.667518
vt 0.071582 0.668512
vt 0.072274 0.668612
vt 0.073023 0.668672
vt 0.073800 0.668691
vt 0.351413 0.669646
vt 0.351176 0.671317
vt 0.345835 0.670650
vt 0.346041 0.668975
vt 0.101657 0.978612
vt 0.085691 0.904321
vt 0.078461 0.789786
vt 0.088069 0.979813
vt 0.077773 0.888219
vt 0.062576 0.980749
vt 0.061832 0.980685
vt 0.061148 0.980582
vt 0.060550 0.980444
vt 0.086382 0.792207
vt 0.059361 0.979621
vt 0.059710 0.980066
vt 0.060061 0.980276
vt 0.085751 0.852043
vt 0.086060 0.810413
vt 0.065070 0.795321
vt 0.082569 0.668611
vt 0.083318 0.668672
vt 0.249149 0.035997
vt 0.250546 0.037805
vt 0.243458 0.041593
vt 0.241361 0.038460
vt 0.279562 0.026711
vt 0.280158 0.028915
vt 0.215891 0.069256
vt 0.218352 0.061470
vt 0.221488 0.063563
vt 0.217701 0.070648
vt 0.256936 0.033535
vt 0.257225 0.034234
vt 0.236109 0.170899
vt 0.237282 0.168945
vt 0.243458 0.174013
vt 0.241361 0.177146
vt 0.365797 0.092268
vt 0.369489 0.091533
vt 0.368790 0.099670
vt 0.366581 0.100219
vt 0.303964 0.026008
vt 0.303232 0.029703
vt 0.214129 0.077332
vt 0.211929 0.084587
vt 0.209664 0.084287
vt 0.844961 0.606040
vt 0.846114 0.593859
vt 0.854002 0.596023
vt 0.854022 0.608573
vt 0.365730 0.131322
vt 0.361971 0.138570
vt 0.361266 0.138277
vt 0.363482 0.130973
vt 0.264180 0.029771
vt 0.271424 0.026008
vt 0.272162 0.029703
vt 0.264475 0.032035
vt 0.236109 0.044711
vt 0.237246 0.046691
vt 0.843808 0.618220
vt 0.854042 0.621123
vt 0.230856 0.050961
vt 0.226585 0.057353
vt 0.224604 0.056215
vt 0.176850 0.319277
vt 0.176479 0.319277
vt 0.176708 0.306098
vt 0.175939 0.319901
vt 0.175524 0.319901
vt 0.175790 0.307258
vt 0.176122 0.246491
vt 0.175939 0.207493
vt 0.176479 0.207493
vt 0.176052 0.218773
vt 0.174664 0.279335
vt 0.174666 0.279481
vt 0.174939 0.294274
vt 0.174661 0.286628
vt 0.174531 0.294274
vt 0.174579 0.248265
vt 0.174579 0.248263
vt 0.174581 0.248114
vt 0.720505 0.230865
vt 0.720505 0.019136
vt 0.733738 0.019136
vt 0.733738 0.230865
vt 0.958700 0.230865
vt 0.958700 0.019136
vt 0.971933 0.019136
vt 0.971933 0.230865
vt 0.945467 0.230865
vt 0.945467 0.019136
vt 0.932234 0.230865
vt 0.932234 0.019136
vt 0.919001 0.230865
vt 0.919001 0.019136
vt 0.905768 0.230865
vt 0.905768 0.019136
vt 0.892535 0.230865
vt 0.892535 0.019136
vt 0.879302 0.230865
vt 0.879302 0.019136
vt 0.866069 0.230865
vt 0.866069 0.019136
vt 0.852836 0.230865
vt 0.852836 0.019136
vt 0.839603 0.230865
vt 0.839603 0.019136
vt 0.826370 0.230865
vt 0.826370 0.019136
vt 0.813137 0.230865
vt 0.813137 0.019136
vt 0.799904 0.230865
vt 0.799904 0.019136
vt 0.786671 0.230865
vt 0.786671 0.019136
vt 0.773438 0.230865
vt 0.773438 0.019136
vt 0.760204 0.230865
vt 0.760204 0.019136
vt 0.746971 0.230865
vt 0.746971 0.019136
vt 0.988902 0.742099
vt 0.988902 0.737001
vt 0.989933 0.737001
vt 0.989933 0.742099
vt 0.694039 0.230865
vt 0.694039 0.019136
vt 0.707272 0.019136
vt 0.707272 0.230865
vt 0.680806 0.230865
vt 0.680806 0.019136
vt 0.667573 0.230865
vt 0.667573 0.019136
vt 0.654340 0.230865
vt 0.654340 0.019136
vt 0.641107 0.230865
vt 0.641107 0.019136
vt 0.627874 0.230865
vt 0.627874 0.019136
vt 0.614641 0.230865
vt 0.614641 0.019136
vt 0.601408 0.230865
vt 0.601408 0.019136
vt 0.588175 0.230865
vt 0.588175 0.019136
vt 0.195096 0.207493
vt 0.195624 0.207712
vt 0.195096 0.208986
vt 0.194569 0.208767
vt 0.195716 0.207825
vt 0.195785 0.207954
vt 0.195828 0.208094
vt 0.195842 0.208240
vt 0.195828 0.208385
vt 0.195785 0.208525
vt 0.195716 0.208654
vt 0.195624 0.208767
vt 0.195511 0.208860
vt 0.195382 0.208929
vt 0.195242 0.208971
vt 0.194951 0.208971
vt 0.194811 0.208929
vt 0.194682 0.208860
vt 0.121851 0.697547
vt 0.122338 0.697733
vt 0.122700 0.697945
vt 0.122923 0.698176
vt 0.122999 0.698415
vt 0.122923 0.698655
vt 0.122700 0.698885
vt 0.122338 0.699098
vt 0.121851 0.699284
vt 0.194569 0.207712
vt 0.194682 0.207619
vt 0.194811 0.207550
vt 0.194951 0.207508
vt 0.195242 0.207508
vt 0.195382 0.207550
vt 0.195511 0.207619
vt 0.574942 0.230865
vt 0.574942 0.019136
vt 0.561708 0.230865
vt 0.561708 0.019136
vt 0.193899 0.208979
vt 0.193083 0.208309
vt 0.193753 0.207493
vt 0.194569 0.208163
vt 0.193899 0.207493
vt 0.194043 0.207522
vt 0.194178 0.207578
vt 0.194299 0.207659
vt 0.194403 0.207763
vt 0.194484 0.207884
vt 0.194540 0.208019
vt 0.194569 0.208309
vt 0.194540 0.208452
vt 0.194484 0.208588
vt 0.194403 0.208709
vt 0.194299 0.208813
vt 0.194178 0.208894
vt 0.194043 0.208950
vt 0.193753 0.208979
vt 0.193353 0.208813
vt 0.193609 0.208950
vt 0.193474 0.208894
vt 0.193249 0.208709
vt 0.193168 0.208588
vt 0.193112 0.208452
vt 0.193083 0.208163
vt 0.193249 0.207763
vt 0.193112 0.208019
vt 0.193168 0.207884
vt 0.193353 0.207659
vt 0.193474 0.207578
vt 0.193609 0.207522
vt 0.611394 0.964728
vt 0.678339 0.947905
vt 0.661517 0.880960
vt 0.594572 0.897783
vt 0.816868 0.895845
vt 0.825703 0.895531
vt 0.652864 0.876875
vt 0.624560 0.875506
vt 0.643581 0.874558
vt 0.634024 0.874095
vt 0.615553 0.878737
vt 0.607350 0.883662
vt 0.600266 0.890093
vt 0.590487 0.906435
vt 0.589118 0.934739
vt 0.588169 0.915719
vt 0.587707 0.925276
vt 0.592348 0.943746
vt 0.597274 0.951949
vt 0.603705 0.959034
vt 0.620047 0.968812
vt 0.648351 0.970181
vt 0.629330 0.971130
vt 0.638887 0.971592
vt 0.657357 0.966951
vt 0.665561 0.962026
vt 0.672645 0.955595
vt 0.682424 0.939252
vt 0.683793 0.910948
vt 0.684742 0.929969
vt 0.685204 0.920412
vt 0.680563 0.901942
vt 0.675637 0.893739
vt 0.669206 0.886654
vt 0.486629 0.692321
vt 0.486352 0.694049
vt 0.481963 0.693100
vt 0.482157 0.691377
vt 0.978523 0.525027
vt 0.978702 0.523331
vt 0.984869 0.524114
vt 0.984683 0.525836
vt 0.756352 0.486756
vt 0.755392 0.495799
vt 0.751639 0.495479
vt 0.751838 0.486379
vt 0.379967 0.950407
vt 0.384940 0.951729
vt 0.371228 0.945777
vt 0.375808 0.946782
vt 0.541197 0.707376
vt 0.545952 0.706434
vt 0.820347 0.528173
vt 0.806114 0.523538
vt 0.811547 0.524163
vt 0.809868 0.525894
vt 0.804595 0.525304
vt 0.774876 0.660923
vt 0.769070 0.661204
vt 0.769535 0.659206
vt 0.775243 0.659044
vt 0.806011 0.945507
vt 0.804466 0.935540
vt 0.804757 0.935500
vt 0.806473 0.945444
vt 0.766534 0.584183
vt 0.766182 0.582294
vt 0.772205 0.581159
vt 0.772582 0.583052
vt 0.766590 0.556029
vt 0.766257 0.554223
vt 0.772218 0.553123
vt 0.772576 0.554949
vt 0.810337 0.936144
vt 0.808693 0.926190
vt 0.809057 0.926140
vt 0.810970 0.936057
vt 0.741082 0.942158
vt 0.734147 0.941768
vt 0.734288 0.938898
vt 0.741259 0.938661
vt 0.840784 0.878759
vt 0.834600 0.878440
vt 0.834687 0.876116
vt 0.840929 0.875849
vt 0.361560 0.670727
vt 0.356482 0.670180
vt 0.356628 0.668259
vt 0.361738 0.668808
vt 0.978713 0.453600
vt 0.978837 0.451850
vt 0.985227 0.452330
vt 0.985112 0.454090
vt 0.849279 0.559673
vt 0.850185 0.550456
vt 0.854064 0.550575
vt 0.853930 0.560106
vt 0.322231 0.666562
vt 0.318446 0.666377
vt 0.318385 0.664469
vt 0.322193 0.664638
vt 0.963697 0.448922
vt 0.957568 0.449990
vt 0.957253 0.447910
vt 0.963382 0.446807
vt 0.305009 0.881282
vt 0.307592 0.879325
vt 0.310523 0.883815
vt 0.308065 0.885605
vt 0.985717 0.631197
vt 0.978693 0.631846
vt 0.978542 0.630110
vt 0.985593 0.629423
vt 0.833947 0.477930
vt 0.828398 0.486562
vt 0.828377 0.477359
vt 0.736958 0.925367
vt 0.737148 0.922476
vt 0.744380 0.922884
vt 0.744192 0.926499
vt 0.895944 0.560132
vt 0.900758 0.560665
vt 0.899870 0.569854
vt 0.894168 0.569131
vt 0.818802 0.878349
vt 0.817218 0.868389
vt 0.817636 0.868332
vt 0.819436 0.878263
vt 0.978155 0.546457
vt 0.971933 0.545520
vt 0.754525 0.504052
vt 0.751546 0.503748
vt 0.152519 0.230717
vt 0.154670 0.233854
vt 0.149557 0.228441
vt 0.156748 0.237093
vt 0.146499 0.226242
vt 0.159344 0.239881
vt 0.163322 0.246170
vt 0.161825 0.242712
vt 0.164735 0.249726
vt 0.166792 0.253051
vt 0.170281 0.263816
vt 0.168732 0.256399
vt 0.169559 0.260070
vt 0.171697 0.267537
vt 0.173101 0.278346
vt 0.172992 0.271213
vt 0.173103 0.274732
vt 0.173822 0.282499
vt 0.173099 0.295224
vt 0.174423 0.286785
vt 0.173821 0.291072
vt 0.173101 0.298838
vt 0.171798 0.305666
vt 0.173006 0.302296
vt 0.170451 0.309142
vt 0.169658 0.313132
vt 0.164726 0.323843
vt 0.168743 0.317109
vt 0.166784 0.320518
vt 0.163312 0.327399
vt 0.156829 0.336354
vt 0.161824 0.330844
vt 0.159389 0.333614
vt 0.154713 0.339640
vt 0.146702 0.347132
vt 0.152537 0.342818
vt 0.149674 0.345010
vt 0.143982 0.349956
vt 0.134439 0.355848
vt 0.141187 0.352683
vt 0.137842 0.354323
vt 0.131351 0.358001
vt 0.121229 0.361671
vt 0.128250 0.360023
vt 0.124779 0.360900
vt 0.117736 0.363168
vt 0.106981 0.364706
vt 0.114232 0.364540
vt 0.110624 0.364686
vt 0.103298 0.365445
vt 0.092649 0.364738
vt 0.099648 0.366062
vt 0.096164 0.365466
vt 0.088841 0.364696
vt 0.078162 0.361708
vt 0.085044 0.364528
vt 0.081585 0.363181
vt 0.074543 0.360916
vt 0.067867 0.357985
vt 0.070985 0.360012
vt 0.064780 0.355833
vt 0.061376 0.354309
vt 0.065086 0.303167
vt 0.058053 0.352688
vt 0.055368 0.350055
vt 0.052736 0.347307
vt 0.049678 0.345108
vt 0.046716 0.342831
vt 0.044564 0.339691
vt 0.042485 0.336406
vt 0.039258 0.333567
vt 0.035573 0.330817
vt 0.033756 0.327748
vt 0.032060 0.324912
vt 0.029984 0.322515
vt 0.026794 0.314180
vt 0.028172 0.320109
vt 0.027377 0.317263
vt 0.025856 0.310958
vt 0.025158 0.307294
vt 0.025390 0.302829
vt 0.025778 0.293761
vt 0.141180 0.220861
vt 0.143866 0.223494
vt 0.137858 0.219239
vt 0.134455 0.217713
vt 0.453345 0.961360
vt 0.452382 0.957508
vt 0.458560 0.956903
vt 0.459708 0.960730
vt 0.471390 0.715758
vt 0.465004 0.713804
vt 0.466742 0.708964
vt 0.473385 0.710998
vt 0.128250 0.213531
vt 0.131368 0.215560
vt 0.124693 0.212626
vt 0.121075 0.211831
vt 0.114220 0.209010
vt 0.117651 0.210356
vt 0.110564 0.208861
vt 0.106869 0.208835
vt 0.025780 0.279775
vt 0.025393 0.270707
vt 0.099625 0.207493
vt 0.103239 0.208100
vt 0.096013 0.208104
vt 0.085034 0.209025
vt 0.088689 0.208873
vt 0.081603 0.210368
vt 0.071002 0.213535
vt 0.074560 0.212632
vt 0.067884 0.215561
vt 0.064796 0.217712
vt 0.058068 0.220856
vt 0.061392 0.219236
vt 0.055382 0.223488
vt 0.052750 0.226236
vt 0.046729 0.230710
vt 0.049691 0.228434
vt 0.044576 0.233850
vt 0.042497 0.237134
vt 0.033765 0.245790
vt 0.035583 0.242722
vt 0.039269 0.239973
vt 0.028180 0.253428
vt 0.029992 0.251023
vt 0.027384 0.256274
vt 0.032069 0.248626
vt 0.026800 0.259357
vt 0.025163 0.266243
vt 0.025861 0.262579
vt 0.908625 0.503705
vt 0.905558 0.512028
vt 0.905603 0.503441
vt 0.777261 0.397647
vt 0.777496 0.396836
vt 0.039492 0.160607
vt 0.025476 0.136995
vt 0.036396 0.160347
vt 0.030561 0.155798
vt 0.028776 0.152661
vt 0.032860 0.158666
vt 0.026912 0.149660
vt 0.025267 0.141793
vt 0.025490 0.146151
vt 0.407965 0.692927
vt 0.408431 0.697661
vt 0.401758 0.697085
vt 0.401081 0.692471
vt 0.546076 0.822333
vt 0.544174 0.816492
vt 0.546598 0.816143
vt 0.548557 0.822103
vt 0.025407 0.131777
vt 0.025486 0.126237
vt 0.026176 0.121195
vt 0.026327 0.116709
vt 0.025670 0.112223
vt 0.025158 0.107772
vt 0.026033 0.103458
vt 0.061305 0.189018
vt 0.061481 0.185917
vt 0.064995 0.195432
vt 0.082903 0.203095
vt 0.067851 0.197638
vt 0.062476 0.192755
vt 0.027054 0.099139
vt 0.078123 0.202631
vt 0.027274 0.094662
vt 0.029336 0.086237
vt 0.027632 0.090246
vt 0.070562 0.199903
vt 0.073838 0.201802
vt 0.031188 0.082251
vt 0.032276 0.077954
vt 0.033488 0.073744
vt 0.035952 0.070190
vt 0.038558 0.066688
vt 0.093556 0.204588
vt 0.088060 0.203892
vt 0.040466 0.062733
vt 0.045752 0.055780
vt 0.042504 0.058863
vt 0.049106 0.052799
vt 0.051674 0.049437
vt 0.058036 0.043942
vt 0.054316 0.046218
vt 0.065136 0.038954
vt 0.072633 0.034804
vt 0.068458 0.036296
vt 0.080647 0.031374
vt 0.088733 0.028873
vt 0.084412 0.029471
vt 0.093143 0.028401
vt 0.097350 0.027130
vt 0.106187 0.026273
vt 0.101594 0.026008
vt 0.110788 0.026683
vt 0.115072 0.026277
vt 0.123703 0.027165
vt 0.119314 0.026019
vt 0.128123 0.028457
vt 0.132516 0.028921
vt 0.140808 0.031422
vt 0.136822 0.029510
vt 0.144812 0.033491
vt 0.149210 0.034859
vt 0.157470 0.039209
vt 0.153585 0.036381
vt 0.161257 0.042144
vt 0.165139 0.044197
vt 0.174364 0.052476
vt 0.168814 0.046263
vt 0.171571 0.049262
vt 0.178212 0.055609
vt 0.184834 0.063231
vt 0.182057 0.058956
vt 0.187398 0.067480
vt 0.190191 0.070694
vt 0.194498 0.078178
vt 0.192807 0.073911
vt 0.196114 0.082580
vt 0.198365 0.086469
vt 0.201328 0.094848
vt 0.200465 0.090372
vt 0.202068 0.099394
vt 0.203557 0.103648
vt 0.204731 0.116800
vt 0.204895 0.107880
vt 0.204882 0.112315
vt 0.205388 0.121287
vt 0.204008 0.134372
vt 0.205900 0.125738
vt 0.205027 0.130052
vt 0.203790 0.138851
vt 0.199888 0.151267
vt 0.203434 0.143268
vt 0.201734 0.147279
vt 0.198805 0.155568
vt 0.192525 0.166836
vt 0.197597 0.159781
vt 0.195132 0.163334
vt 0.190616 0.170790
vt 0.182195 0.180470
vt 0.188599 0.174636
vt 0.185462 0.177592
vt 0.179531 0.183925
vt 0.173099 0.189505
vt 0.176782 0.187254
vt 0.169302 0.191655
vt 0.165991 0.194483
vt 0.158531 0.198629
vt 0.162621 0.197172
vt 0.154349 0.199966
vt 0.150517 0.202057
vt 0.146653 0.204001
vt 0.142315 0.204612
vt 0.137908 0.205089
vt 0.133703 0.206366
vt 0.129495 0.207493
vt 0.125072 0.207230
vt 0.120608 0.206822
vt 0.116188 0.207230
vt 0.111795 0.207493
vt 0.107459 0.206365
vt 0.103109 0.205087
vt 0.098646 0.204610
vt 0.080769 0.146954
vt 0.062793 0.286773
vt 0.531488 0.921718
vt 0.534531 0.915744
vt 0.538402 0.918575
vt 0.535156 0.924665
vt 0.264180 0.185838
vt 0.264528 0.183587
vt 0.272163 0.185904
vt 0.271424 0.189599
vt 0.766489 0.598301
vt 0.773093 0.597084
vt 0.773108 0.602863
vt 0.766228 0.604160
vt 0.819836 0.622142
vt 0.819870 0.625843
vt 0.813353 0.624851
vt 0.813133 0.621034
vt 0.557956 0.848223
vt 0.557081 0.841404
vt 0.561773 0.841662
vt 0.562540 0.848683
vt 0.804741 0.623104
vt 0.811485 0.622116
vt 0.811457 0.625810
vt 0.804520 0.626916
vt 0.454704 0.966789
vt 0.461344 0.966164
vt 0.985758 0.621582
vt 0.978370 0.622316
vt 0.978367 0.619763
vt 0.985901 0.619014
vt 0.978667 0.438774
vt 0.985048 0.439458
vt 0.398622 0.715153
vt 0.393057 0.716863
vt 0.392676 0.715065
vt 0.398324 0.713331
vt 0.389311 0.955436
vt 0.395290 0.957302
vt 0.921452 0.454749
vt 0.919245 0.465862
vt 0.912438 0.464330
vt 0.913537 0.452451
vt 0.733878 0.903086
vt 0.733862 0.905391
vt 0.835901 0.603506
vt 0.838226 0.591696
vt 0.887407 0.603369
vt 0.889747 0.591502
vt 0.897623 0.593831
vt 0.896460 0.606021
vt 0.337828 0.744491
vt 0.334363 0.749126
vt 0.333258 0.747980
vt 0.336756 0.743265
vt 0.428710 0.969319
vt 0.428420 0.963896
vt 0.434862 0.964561
vt 0.435422 0.970037
vt 0.751348 0.568957
vt 0.751359 0.564747
vt 0.757709 0.565841
vt 0.757889 0.570081
vt 0.766866 0.590377
vt 0.773125 0.589295
vt 0.773112 0.592935
vt 0.766692 0.594076
vt 0.963382 0.442328
vt 0.957030 0.443133
vt 0.957071 0.439859
vt 0.963577 0.438838
vt 0.773779 0.647921
vt 0.766515 0.647377
vt 0.770387 0.537302
vt 0.770338 0.540508
vt 0.765460 0.540340
vt 0.765352 0.537089
vt 0.819488 0.594024
vt 0.812706 0.594666
vt 0.812677 0.588717
vt 0.819742 0.588030
vt 0.292190 0.873138
vt 0.289242 0.874588
vt 0.284718 0.870619
vt 0.289028 0.868830
vt 0.978709 0.427505
vt 0.978877 0.425536
vt 0.984714 0.426171
vt 0.984573 0.428133
vt 0.323168 0.761885
vt 0.320673 0.767138
vt 0.319425 0.766282
vt 0.321948 0.760952
vt 0.415891 0.957994
vt 0.421913 0.957384
vt 0.421974 0.960737
vt 0.415800 0.961298
vt 0.440104 0.957631
vt 0.445827 0.955963
vt 0.446514 0.959377
vt 0.440641 0.961096
vt 0.463519 0.952875
vt 0.468769 0.950154
vt 0.470060 0.953366
vt 0.464671 0.956165
vt 0.905704 0.640760
vt 0.908224 0.628004
vt 0.919741 0.631325
vt 0.963288 0.599604
vt 0.957111 0.600397
vt 0.957044 0.598142
vt 0.963322 0.597325
vt 0.833575 0.615316
vt 0.747468 0.907335
vt 0.747321 0.903719
vt 0.754403 0.904042
vt 0.754709 0.908359
vt 0.498532 0.742805
vt 0.496964 0.744659
vt 0.493348 0.740518
vt 0.494837 0.738582
vt 0.500273 0.740747
vt 0.496491 0.736435
vt 0.292114 0.826517
vt 0.292961 0.833094
vt 0.287810 0.832953
vt 0.286786 0.826197
vt 0.971278 0.491496
vt 0.971280 0.488923
vt 0.977752 0.489892
vt 0.977879 0.492485
vt 0.309665 0.751987
vt 0.306829 0.757961
vt 0.302604 0.755171
vt 0.305614 0.749033
vt 0.985484 0.627387
vt 0.978401 0.628093
vt 0.978381 0.625296
vt 0.985608 0.624579
vt 0.786561 0.800195
vt 0.786993 0.805422
vt 0.778102 0.805842
vt 0.777168 0.799698
vt 0.971180 0.625297
vt 0.971194 0.627488
vt 0.965034 0.627102
vt 0.964914 0.624895
vt 0.327343 0.750433
vt 0.328852 0.751817
vt 0.324572 0.755726
vt 0.322997 0.754420
vt 0.524989 0.901439
vt 0.523542 0.900578
vt 0.526994 0.896097
vt 0.528555 0.896934
vt 0.978667 0.448961
vt 0.978667 0.444144
vt 0.985304 0.444854
vt 0.985511 0.449561
vt 0.951692 0.558358
vt 0.949330 0.570318
vt 0.940314 0.567696
vt 0.941490 0.555393
vt 0.978590 0.562486
vt 0.978582 0.559947
vt 0.984662 0.560694
vt 0.984790 0.563247
vt 0.546321 0.846933
vt 0.545769 0.840699
vt 0.548587 0.840890
vt 0.549266 0.847273
vt 0.971280 0.494412
vt 0.978026 0.495423
vt 0.766934 0.558026
vt 0.772932 0.556965
vt 0.772995 0.558797
vt 0.766915 0.559863
vt 0.978295 0.538233
vt 0.978291 0.535340
vt 0.984876 0.536222
vt 0.985026 0.539134
vt 0.797539 0.431308
vt 0.795221 0.443016
vt 0.786136 0.440377
vt 0.787289 0.428330
vt 0.758831 0.557099
vt 0.766008 0.556243
vt 0.770748 0.544450
vt 0.771026 0.548308
vt 0.766452 0.548156
vt 0.766062 0.544314
vt 0.355624 0.936396
vt 0.359615 0.939977
vt 0.357284 0.942227
vt 0.353476 0.938548
vt 0.284905 0.876901
vt 0.281177 0.871955
vt 0.970414 0.568728
vt 0.964241 0.569440
vt 0.964194 0.565838
vt 0.970530 0.565153
vt 0.416174 0.954070
vt 0.421999 0.953606
vt 0.421952 0.955267
vt 0.416039 0.955807
vt 0.439620 0.954112
vt 0.445174 0.952524
vt 0.445454 0.954007
vt 0.439826 0.955631
vt 0.758392 0.960574
vt 0.537451 0.909650
vt 0.532904 0.906650
vt 0.536707 0.901791
vt 0.541401 0.904581
vt 0.985083 0.597174
vt 0.978293 0.598043
vt 0.978244 0.595066
vt 0.985190 0.594177
vt 0.466001 0.959966
vt 0.471549 0.957073
vt 0.473692 0.962377
vt 0.467910 0.965391
vt 0.441256 0.965066
vt 0.447303 0.963295
vt 0.448397 0.968774
vt 0.442087 0.970591
vt 0.844257 0.455066
vt 0.841886 0.466783
vt 0.835155 0.465363
vt 0.836364 0.452795
vt 0.542943 0.782217
vt 0.538256 0.784220
vt 0.536221 0.778235
vt 0.540826 0.775990
vt 0.358544 0.962754
vt 0.362863 0.967191
vt 0.482522 0.689490
vt 0.487002 0.690423
vt 0.179589 0.241949
vt 0.182708 0.241949
vt 0.183638 0.275138
vt 0.180529 0.275836
vt 0.812789 0.533968
vt 0.813329 0.528147
vt 0.818775 0.531616
vt 0.770867 0.528694
vt 0.770647 0.533850
vt 0.765491 0.533509
vt 0.765297 0.528089
vt 0.487959 0.737544
vt 0.482425 0.734626
vt 0.963801 0.434871
vt 0.957120 0.436142
vt 0.957078 0.430540
vt 0.964032 0.429178
vt 0.751379 0.597169
vt 0.751360 0.593019
vt 0.757780 0.594161
vt 0.757983 0.598386
vt 0.828424 0.463942
vt 0.828470 0.450525
vt 0.540815 0.822847
vt 0.538973 0.817250
vt 0.541437 0.816889
vt 0.543306 0.822602
vt 0.810253 0.601155
vt 0.804125 0.602076
vt 0.804108 0.598487
vt 0.810404 0.597559
vt 0.499168 0.941959
vt 0.496917 0.938762
vt 0.502160 0.936008
vt 0.504550 0.939098
vt 0.741436 0.454983
vt 0.739208 0.466665
vt 0.732446 0.464990
vt 0.733539 0.452705
vt 0.978564 0.464050
vt 0.978566 0.461468
vt 0.985278 0.461971
vt 0.985409 0.464563
vt 0.535732 0.785301
vt 0.533523 0.786248
vt 0.531572 0.780506
vt 0.533741 0.779445
vt 0.176900 0.241949
vt 0.177562 0.276404
vt 0.985051 0.498058
vt 0.978569 0.498568
vt 0.978559 0.495553
vt 0.985190 0.495035
vt 0.365636 0.725079
vt 0.360142 0.726855
vt 0.986066 0.616100
vt 0.978366 0.616867
vt 0.978366 0.611517
vt 0.986376 0.610721
vt 0.521208 0.913407
vt 0.524053 0.908030
vt 0.526877 0.910112
vt 0.523986 0.915649
vt 0.826042 0.576187
vt 0.820001 0.577180
vt 0.820001 0.574947
vt 0.826146 0.573926
vt 0.847244 0.581374
vt 0.853899 0.582830
vt 0.551796 0.841108
vt 0.552621 0.847660
vt 0.434421 0.704410
vt 0.434153 0.707620
vt 0.428041 0.706001
vt 0.428166 0.702624
vt 0.860873 0.904278
vt 0.860528 0.899097
vt 0.869794 0.899629
vt 0.870603 0.905753
vt 0.348705 0.935200
vt 0.345626 0.931586
vt 0.346939 0.929484
vt 0.350915 0.933059
vt 0.938015 0.592060
vt 0.936892 0.604121
vt 0.931305 0.603143
vt 0.931307 0.590432
vt 0.545090 0.834403
vt 0.542478 0.834424
vt 0.542972 0.828480
vt 0.545673 0.828336
vt 0.804521 0.654599
vt 0.811735 0.653312
vt 0.812092 0.650782
vt 0.804063 0.651764
vt 0.804063 0.649310
vt 0.335364 0.741712
vt 0.331814 0.746519
vt 0.329361 0.744168
vt 0.333026 0.739250
vt 0.971492 0.457162
vt 0.971484 0.462863
vt 0.964782 0.462509
vt 0.964509 0.456821
vt 0.971433 0.472779
vt 0.971476 0.474713
vt 0.965330 0.474394
vt 0.965196 0.472409
vt 0.819090 0.605984
vt 0.812873 0.606528
vt 0.812791 0.604636
vt 0.819094 0.604095
vt 0.971395 0.476844
vt 0.971302 0.478781
vt 0.965170 0.478471
vt 0.965262 0.476532
vt 0.970202 0.502247
vt 0.964124 0.502619
vt 0.964132 0.500786
vt 0.970293 0.500400
vt 0.971202 0.629320
vt 0.965125 0.628949
vt 0.971492 0.477564
vt 0.971492 0.472662
vt 0.978332 0.473175
vt 0.978563 0.477953
vt 0.535575 0.700727
vt 0.534858 0.702596
vt 0.531374 0.702184
vt 0.532099 0.700325
vt 0.758439 0.614978
vt 0.758434 0.620951
vt 0.751856 0.620456
vt 0.751584 0.614456
vt 0.758423 0.630987
vt 0.758389 0.632828
vt 0.752359 0.632363
vt 0.752311 0.630527
vt 0.840589 0.579918
vt 0.758097 0.636640
vt 0.752075 0.636193
vt 0.752224 0.634372
vt 0.758247 0.634824
vt 0.964124 0.498843
vt 0.964028 0.501242
vt 0.957907 0.500401
vt 0.957893 0.498070
vt 0.395430 0.698857
vt 0.389104 0.700793
vt 0.387955 0.696113
vt 0.394517 0.694176
vt 0.858085 0.913306
vt 0.866640 0.912885
vt 0.350334 0.956378
vt 0.354068 0.952525
vt 0.357472 0.955956
vt 0.354059 0.959834
vt 0.791302 0.906002
vt 0.790214 0.897986
vt 0.800031 0.897510
vt 0.801244 0.906514
vt 0.736693 0.886028
vt 0.736633 0.883727
vt 0.742742 0.884041
vt 0.742760 0.886956
vt 0.767858 0.799215
vt 0.768889 0.806281
vt 0.759675 0.806720
vt 0.758549 0.798732
vt 0.417437 0.679113
vt 0.417218 0.680692
vt 0.411761 0.679751
vt 0.412002 0.678173
vt 0.317777 0.765168
vt 0.320336 0.759742
vt 0.462349 0.949582
vt 0.467434 0.946930
vt 0.468014 0.948318
vt 0.462855 0.950998
vt 0.978291 0.548455
vt 0.978305 0.543578
vt 0.985307 0.544515
vt 0.985560 0.549343
vt 0.810238 0.607447
vt 0.804307 0.608313
vt 0.804063 0.606271
vt 0.810006 0.605389
vt 0.826294 0.570239
vt 0.819983 0.571280
vt 0.819965 0.567068
vt 0.826464 0.566004
vt 0.964050 0.545062
vt 0.963937 0.547275
vt 0.957854 0.546312
vt 0.957878 0.544075
vt 0.462128 0.701291
vt 0.460776 0.705745
vt 0.454809 0.702697
vt 0.455914 0.698269
vt 0.345245 0.675890
vt 0.350637 0.676809
vt 0.534141 0.772468
vt 0.530332 0.767962
vt 0.534700 0.765304
vt 0.538661 0.769992
vt 0.033117 0.980886
vt 0.033996 0.980901
vt 0.478969 0.728724
vt 0.477793 0.730878
vt 0.473126 0.727275
vt 0.474207 0.725041
vt 0.931510 0.524142
vt 0.931744 0.523331
vt 0.819898 0.629110
vt 0.813545 0.628218
vt 0.879731 0.405880
vt 0.877216 0.418580
vt 0.865698 0.415236
vt 0.866950 0.402169
vt 0.963783 0.462646
vt 0.957060 0.463586
vt 0.957037 0.457870
vt 0.964041 0.456876
vt 0.411057 0.686220
vt 0.416662 0.686910
vt 0.416430 0.688487
vt 0.410832 0.687800
vt 0.731353 0.477275
vt 0.725727 0.476202
vt 0.725684 0.463314
vt 0.971297 0.485915
vt 0.971330 0.483096
vt 0.977525 0.484019
vt 0.977623 0.486859
vt 0.503599 0.736795
vt 0.501825 0.738903
vt 0.497968 0.734507
vt 0.499657 0.732300
vt 0.971553 0.481076
vt 0.971788 0.479340
vt 0.977957 0.480251
vt 0.977724 0.481994
vt 0.840300 0.831520
vt 0.841465 0.840527
vt 0.957017 0.594491
vt 0.963470 0.593711
vt 0.826479 0.610394
vt 0.820486 0.609793
vt 0.820691 0.607987
vt 0.826689 0.608558
vt 0.978631 0.570687
vt 0.978604 0.565365
vt 0.984941 0.566145
vt 0.985224 0.571497
vt 0.792903 0.454725
vt 0.784984 0.452423
vt 0.964242 0.531555
vt 0.964200 0.529056
vt 0.970110 0.529694
vt 0.970254 0.532271
vt 0.978807 0.552204
vt 0.978948 0.550500
vt 0.984789 0.551254
vt 0.984608 0.552934
vt 0.978185 0.652683
vt 0.978308 0.647353
vt 0.985886 0.648002
vt 0.986083 0.653376
vt 0.978502 0.639033
vt 0.978563 0.636322
vt 0.985419 0.636730
vt 0.985548 0.639539
vt 0.513145 0.746036
vt 0.507508 0.741476
vt 0.510958 0.737751
vt 0.516821 0.742495
vt 0.907816 0.930900
vt 0.906590 0.920890
vt 0.908450 0.930813
vt 0.931339 0.630113
vt 0.496696 0.724827
vt 0.490441 0.721507
vt 0.492884 0.717544
vt 0.499296 0.721035
vt 0.493799 0.729052
vt 0.487786 0.725860
vt 0.971309 0.582290
vt 0.971436 0.580273
vt 0.977290 0.580771
vt 0.977176 0.582793
vt 0.547178 0.809606
vt 0.546219 0.802998
vt 0.539392 0.811132
vt 0.536974 0.811611
vt 0.536103 0.805542
vt 0.538498 0.804935
vt 0.544460 0.810137
vt 0.542079 0.810602
vt 0.541159 0.804263
vt 0.543521 0.803671
vt 0.332311 0.667621
vt 0.332084 0.669278
vt 0.327067 0.668747
vt 0.327239 0.667080
vt 0.559581 0.861662
vt 0.554887 0.860691
vt 0.556508 0.854446
vt 0.561180 0.855156
vt 0.415694 0.965068
vt 0.422043 0.964562
vt 0.422065 0.969987
vt 0.415450 0.970489
vt 0.827030 0.602393
vt 0.820833 0.601847
vt 0.751582 0.397647
vt 0.751816 0.396836
vt 0.905572 0.561199
vt 0.905571 0.570577
vt 0.978563 0.472388
vt 0.978563 0.466978
vt 0.985559 0.467503
vt 0.985841 0.472933
vt 0.396480 0.704194
vt 0.390401 0.706042
vt 0.545361 0.992323
vt 0.549103 0.992825
vt 0.548608 0.994663
vt 0.544855 0.994184
vt 0.548475 0.886598
vt 0.543486 0.884519
vt 0.546238 0.878792
vt 0.551353 0.880641
vt 0.534921 0.880903
vt 0.533206 0.880258
vt 0.535743 0.875018
vt 0.537495 0.875585
vt 0.540054 0.883034
vt 0.537032 0.881728
vt 0.539653 0.876313
vt 0.542735 0.877472
vt 0.395263 0.675570
vt 0.395013 0.677193
vt 0.389276 0.676288
vt 0.389529 0.674634
vt 0.758441 0.625137
vt 0.758446 0.628781
vt 0.752229 0.628324
vt 0.752056 0.624664
vt 0.946967 0.582278
vt 0.944723 0.593688
vt 0.939138 0.579999
vt 0.977623 0.623168
vt 0.971311 0.623808
vt 0.971263 0.620607
vt 0.977735 0.620035
vt 0.804690 0.612904
vt 0.811036 0.611926
vt 0.811322 0.613921
vt 0.804966 0.614896
vt 0.928190 0.543312
vt 0.925136 0.543128
vt 0.749366 0.961023
vt 0.740340 0.961471
vt 0.739276 0.953457
vt 0.985202 0.415435
vt 0.978654 0.416055
vt 0.978644 0.413065
vt 0.985340 0.412431
vt 0.970233 0.938474
vt 0.973603 0.938389
vt 0.973608 0.990580
vt 0.968510 0.990580
vt 0.765000 0.629063
vt 0.758867 0.629768
vt 0.758864 0.626043
vt 0.765161 0.625280
vt 0.386123 0.713377
vt 0.386728 0.715585
vt 0.380852 0.716248
vt 0.380144 0.714059
vt 0.985433 0.588698
vt 0.978193 0.589626
vt 0.978149 0.584282
vt 0.985681 0.583317
vt 0.542549 0.703738
vt 0.542064 0.705504
vt 0.537813 0.704766
vt 0.538258 0.702977
vt 0.804084 0.594367
vt 0.810571 0.593430
vt 0.473143 0.945495
vt 0.472490 0.944136
vt 0.478063 0.942470
vt 0.478795 0.943814
vt 0.509799 0.936142
vt 0.513803 0.931244
vt 0.517647 0.935367
vt 0.513496 0.940492
vt 0.963375 0.506832
vt 0.957369 0.505915
vt 0.957624 0.504254
vt 0.963643 0.505175
vt 0.751347 0.589379
vt 0.751415 0.587126
vt 0.757562 0.588224
vt 0.757606 0.590461
vt 0.978582 0.575541
vt 0.985479 0.576298
vt 0.509844 0.729370
vt 0.506890 0.732881
vt 0.502789 0.728206
vt 0.505483 0.724609
vt 0.543299 0.979204
vt 0.546667 0.979738
vt 0.964099 0.529443
vt 0.964072 0.535111
vt 0.957435 0.534018
vt 0.957190 0.528320
vt 0.831039 0.628137
vt 0.842546 0.631445
vt 0.811495 0.631415
vt 0.804273 0.632581
vt 0.507916 0.696708
vt 0.512199 0.697230
vt 0.512153 0.699060
vt 0.507826 0.698550
vt 0.402423 0.966576
vt 0.403070 0.961466
vt 0.409442 0.963305
vt 0.408945 0.968618
vt 0.894904 0.830870
vt 0.894767 0.834576
vt 0.887945 0.834144
vt 0.888115 0.829658
vt 0.336093 0.723912
vt 0.339588 0.728338
vt 0.334209 0.731509
vt 0.330468 0.727192
vt 0.887811 0.452418
vt 0.886706 0.464313
vt 0.879901 0.462768
vt 0.879893 0.450117
vt 0.569493 0.709396
vt 0.573922 0.709331
vt 0.574985 0.710817
vt 0.459305 0.686513
vt 0.459128 0.688256
vt 0.454686 0.687312
vt 0.454930 0.685550
vt 0.363550 0.942891
vt 0.366810 0.946024
vt 0.364320 0.948466
vt 0.361129 0.945251
vt 0.356205 0.949808
vt 0.358328 0.947630
vt 0.361549 0.950933
vt 0.359523 0.953242
vt 0.536395 0.706450
vt 0.537529 0.708273
vt 0.532807 0.707400
vt 0.531807 0.705644
vt 0.340653 0.943194
vt 0.337120 0.941006
vt 0.891770 0.853576
vt 0.898800 0.853922
vt 0.898403 0.856833
vt 0.891498 0.857186
vt 0.294822 0.871642
vt 0.291859 0.867622
vt 0.103569 0.155060
vt 0.068385 0.174517
vt 0.805041 0.548039
vt 0.804789 0.542413
vt 0.810133 0.542613
vt 0.810583 0.548375
vt 0.970266 0.571304
vt 0.964198 0.571937
vt 0.805001 0.538777
vt 0.804850 0.535561
vt 0.810019 0.535755
vt 0.810302 0.538925
vt 0.491455 0.698739
vt 0.496228 0.699267
vt 0.494616 0.700685
vt 0.489991 0.700132
vt 0.107219 0.158819
vt 0.303964 0.189599
vt 0.295832 0.188898
vt 0.295300 0.186685
vt 0.303232 0.185904
vt 0.765324 0.580562
vt 0.760523 0.578611
vt 0.737100 0.415291
vt 0.735854 0.428459
vt 0.725611 0.425515
vt 0.725583 0.411987
vt 0.300886 0.846484
vt 0.300869 0.840815
vt 0.811241 0.553079
vt 0.356201 0.965857
vt 0.809170 0.528319
vt 0.804063 0.527875
vt 0.540709 0.705545
vt 0.429131 0.680945
vt 0.423308 0.680031
vt 0.423621 0.678253
vt 0.429456 0.679165
vt 0.823287 0.431351
vt 0.820966 0.443118
vt 0.811890 0.440505
vt 0.813040 0.428407
vt 0.299969 0.885522
vt 0.302340 0.883676
vt 0.305516 0.887889
vt 0.303315 0.889753
vt 0.764272 0.909815
vt 0.978556 0.492971
vt 0.985319 0.492443
vt 0.842255 0.917691
vt 0.835054 0.917306
vt 0.835211 0.914394
vt 0.842371 0.914061
vt 0.805676 0.552724
vt 0.811547 0.553079
vt 0.289280 0.893811
vt 0.292551 0.890613
vt 0.295914 0.894973
vt 0.292830 0.898299
vt 0.296936 0.887281
vt 0.300308 0.891550
vt 0.051742 0.155360
vt 0.072712 0.119100
vt 0.075922 0.123238
vt 0.189195 0.260108
vt 0.185255 0.209565
vt 0.183646 0.208761
vt 0.186610 0.210587
vt 0.055539 0.695615
vt 0.180537 0.208063
vt 0.177570 0.207493
vt 0.790693 0.465845
vt 0.783885 0.464285
vt 0.509820 0.704489
vt 0.303136 0.901386
vt 0.298319 0.900952
vt 0.301513 0.897562
vt 0.579547 0.710792
vt 0.578715 0.709248
vt 0.583476 0.711089
vt 0.821744 0.550201
vt 0.364243 0.941447
vt 0.367791 0.944539
vt 0.964403 0.398591
vt 0.964524 0.396836
vt 0.970580 0.397288
vt 0.970459 0.399069
vt 0.763623 0.550888
vt 0.764863 0.552800
vt 0.760057 0.553123
vt 0.758951 0.551125
vt 0.819962 0.614043
vt 0.820164 0.612116
vt 0.826015 0.612827
vt 0.825829 0.614717
vt 0.828445 0.876383
vt 0.763794 0.544314
vt 0.759109 0.544450
vt 0.759519 0.540508
vt 0.764397 0.540340
vt 0.857275 0.629979
vt 0.854182 0.629536
vt 0.351120 0.962870
vt 0.346921 0.959317
vt 0.964110 0.495202
vt 0.957719 0.494353
vt 0.846306 0.550338
vt 0.844629 0.559239
vt 0.380937 0.948708
vt 0.385809 0.950133
vt 0.756929 0.657598
vt 0.762812 0.657517
vt 0.289354 0.862592
vt 0.765317 0.648396
vt 0.758053 0.648940
vt 0.757982 0.646282
vt 0.765694 0.645641
vt 0.804088 0.604356
vt 0.810112 0.603454
vt 0.763801 0.654201
vt 0.757496 0.654474
vt 0.757988 0.651344
vt 0.764803 0.650911
vt 0.387207 0.962740
vt 0.395082 0.962152
vt 0.395205 0.966319
vt 0.386864 0.966925
vt 0.765584 0.637574
vt 0.765824 0.641251
vt 0.757382 0.641909
vt 0.756589 0.638354
vt 0.964676 0.653167
vt 0.957888 0.651901
vt 0.957253 0.400776
vt 0.957568 0.398696
vt 0.963697 0.399765
vt 0.963382 0.401879
vt 0.957882 0.396836
vt 0.964003 0.397851
vt 0.402875 0.958737
vt 0.409694 0.959788
vt 0.898746 0.581843
vt 0.905535 0.583368
vt 0.905499 0.596160
vt 0.355780 0.705953
vt 0.357996 0.710209
vt 0.351768 0.712252
vt 0.349399 0.708183
vt 0.736980 0.478348
vt 0.957030 0.405553
vt 0.957128 0.403013
vt 0.963359 0.403947
vt 0.963382 0.406359
vt 0.542420 0.797208
vt 0.539139 0.791211
vt 0.541739 0.790261
vt 0.545094 0.796391
vt 0.773125 0.607906
vt 0.766008 0.609122
vt 0.738345 0.402124
vt 0.738514 0.401531
vt 0.751241 0.405415
vt 0.751135 0.405788
vt 0.751177 0.532504
vt 0.738334 0.529005
vt 0.725790 0.524474
vt 0.726025 0.523663
vt 0.428170 0.960045
vt 0.434428 0.960644
vt 0.540342 0.896892
vt 0.541977 0.890764
vt 0.546891 0.893095
vt 0.545178 0.899470
vt 0.868724 0.833156
vt 0.869585 0.839340
vt 0.860472 0.839728
vt 0.859512 0.832629
vt 0.963924 0.555899
vt 0.957015 0.557023
vt 0.956982 0.551972
vt 0.964132 0.550911
vt 0.428961 0.974138
vt 0.435907 0.974817
vt 0.751347 0.607991
vt 0.751364 0.602948
vt 0.758244 0.604244
vt 0.758464 0.609207
vt 0.751475 0.557050
vt 0.751830 0.555034
vt 0.757817 0.556114
vt 0.757472 0.558111
vt 0.354896 0.681297
vt 0.355311 0.679415
vt 0.360259 0.680344
vt 0.359875 0.682233
vt 0.451545 0.954157
vt 0.457566 0.953581
vt 0.381085 0.696803
vt 0.382441 0.701370
vt 0.375857 0.702101
vt 0.374322 0.697704
vt 0.751374 0.561079
vt 0.757558 0.562156
vt 0.451079 0.952241
vt 0.457000 0.951685
vt 0.812923 0.566320
vt 0.812941 0.562652
vt 0.819121 0.563669
vt 0.819270 0.567356
vt 0.765463 0.831176
vt 0.765362 0.826877
vt 0.774572 0.827403
vt 0.775045 0.832634
vt 0.455910 0.971612
vt 0.462776 0.970914
vt 0.751347 0.574916
vt 0.758163 0.576114
vt 0.477927 0.688544
vt 0.477568 0.690420
vt 0.473779 0.689519
vt 0.474132 0.687652
vt 0.983804 0.731961
vt 0.983216 0.783856
vt 0.979847 0.783818
vt 0.978706 0.731903
vt 0.757312 0.477712
vt 0.752037 0.477280
vt 0.477067 0.954033
vt 0.475420 0.950421
vt 0.481327 0.948669
vt 0.483150 0.952224
vt 0.978266 0.529407
vt 0.978245 0.534889
vt 0.971461 0.533796
vt 0.971206 0.528252
vt 0.812901 0.576544
vt 0.812904 0.570532
vt 0.819441 0.571592
vt 0.819714 0.577640
vt 0.473990 0.947291
vt 0.479743 0.945588
vt 0.299834 0.852507
vt 0.301551 0.851899
vt 0.302217 0.856931
vt 0.300383 0.857623
vt 0.978361 0.555421
vt 0.971174 0.556575
vt 0.971159 0.551607
vt 0.978582 0.550500
vt 0.481554 0.963802
vt 0.479441 0.959202
vt 0.485777 0.957310
vt 0.488079 0.961762
vt 0.811508 0.636439
vt 0.804063 0.637560
vt 0.530090 0.912492
vt 0.527155 0.918216
vt 0.854376 0.524336
vt 0.854609 0.523525
vt 0.853830 0.649195
vt 0.853595 0.650006
vt 0.779995 0.978575
vt 0.772768 0.978953
vt 0.978233 0.543820
vt 0.971899 0.542971
vt 0.758851 0.598183
vt 0.758875 0.594064
vt 0.764928 0.594986
vt 0.765088 0.599115
vt 0.812941 0.560419
vt 0.812961 0.558556
vt 0.818954 0.559525
vt 0.819017 0.561408
vt 0.766848 0.562071
vt 0.773032 0.560994
vt 0.773047 0.564662
vt 0.766697 0.565756
vt 0.485206 0.717248
vt 0.482754 0.721766
vt 0.477681 0.717831
vt 0.479929 0.713156
vt 0.313694 0.738488
vt 0.317458 0.741791
vt 0.312618 0.746135
vt 0.308788 0.743066
vt 0.972150 0.645083
vt 0.978377 0.644477
vt 0.971933 0.647995
vt 0.963660 0.476765
vt 0.957508 0.477683
vt 0.957249 0.475804
vt 0.963416 0.474886
vt 0.764365 0.533509
vt 0.764505 0.537089
vt 0.759469 0.537302
vt 0.759210 0.533850
vt 0.782869 0.955698
vt 0.782763 0.959353
vt 0.831455 0.504169
vt 0.834450 0.504308
vt 0.978219 0.592517
vt 0.985302 0.591610
vt 0.851359 0.840115
vt 0.850300 0.832101
vt 0.963650 0.589575
vt 0.956998 0.590326
vt 0.956982 0.584484
vt 0.963915 0.583664
vt 0.333031 0.720037
vt 0.327281 0.723513
vt 0.387685 0.960272
vt 0.388236 0.958088
vt 0.395126 0.959597
vt 0.818645 0.454885
vt 0.816430 0.466086
vt 0.809639 0.464517
vt 0.810741 0.452603
vt 0.972562 0.639513
vt 0.978437 0.641955
vt 0.972345 0.642518
vt 0.417737 0.677329
vt 0.412291 0.676385
vt 0.963885 0.629836
vt 0.963680 0.631812
vt 0.957679 0.631098
vt 0.957880 0.629073
vt 0.978622 0.554193
vt 0.984453 0.554907
vt 0.392179 0.712849
vt 0.397930 0.711084
vt 0.730363 0.486609
vt 0.725660 0.485866
vt 0.349794 0.721089
vt 0.345085 0.725269
vt 0.341841 0.720742
vt 0.346771 0.716416
vt 0.872869 0.880473
vt 0.872071 0.874328
vt 0.881224 0.873879
vt 0.882160 0.880946
vt 0.502443 0.946581
vt 0.508041 0.943588
vt 0.748616 0.418595
vt 0.746097 0.431402
vt 0.813995 0.915486
vt 0.822983 0.914936
vt 0.915397 0.591766
vt 0.917597 0.580679
vt 0.924402 0.582210
vt 0.923306 0.594061
vt 0.311172 0.768125
vt 0.314152 0.769892
vt 0.310663 0.774666
vt 0.307584 0.773024
vt 0.395525 0.673724
vt 0.389784 0.672762
vt 0.372725 0.670369
vt 0.372513 0.672279
vt 0.366997 0.671492
vt 0.367193 0.669576
vt 0.759084 0.584236
vt 0.759351 0.582385
vt 0.765050 0.583231
vt 0.764786 0.585098
vt 0.808396 0.953988
vt 0.817397 0.953502
vt 0.422077 0.974729
vt 0.415235 0.975094
vt 0.547238 0.780422
vt 0.544959 0.773976
vt 0.516402 0.761898
vt 0.514466 0.763382
vt 0.510889 0.757600
vt 0.512756 0.755995
vt 0.965010 0.584951
vt 0.971135 0.584436
vt 0.971109 0.586975
vt 0.964869 0.587501
vt 0.552925 0.888445
vt 0.555839 0.882255
vt 0.985774 0.645095
vt 0.531052 0.787315
vt 0.529152 0.781698
vt 0.964293 0.400569
vt 0.970360 0.401070
vt 0.310363 0.670339
vt 0.310708 0.668763
vt 0.315007 0.669688
vt 0.314731 0.671293
vt 0.740239 0.903397
vt 0.740251 0.900483
vt 0.747174 0.900104
vt 0.391347 0.709662
vt 0.397252 0.707860
vt 0.971235 0.604752
vt 0.971235 0.599798
vt 0.977903 0.600312
vt 0.978149 0.605135
vt 0.971496 0.467180
vt 0.971525 0.464091
vt 0.977930 0.464703
vt 0.978067 0.467691
vt 0.870087 0.454683
vt 0.867883 0.465808
vt 0.861042 0.464327
vt 0.862160 0.452382
vt 0.526711 0.754025
vt 0.522653 0.757120
vt 0.518777 0.750825
vt 0.522678 0.747478
vt 0.353873 0.727428
vt 0.349371 0.731295
vt 0.347378 0.728484
vt 0.351974 0.724468
vt 0.764188 0.979378
vt 0.935791 0.511917
vt 0.933739 0.523331
vt 0.547769 0.834448
vt 0.548245 0.828241
vt 0.443916 0.692038
vt 0.444172 0.690302
vt 0.449653 0.690965
vt 0.449432 0.692752
vt 0.481911 0.693695
vt 0.486382 0.694054
vt 0.486148 0.695789
vt 0.481599 0.695401
vt 0.728578 0.504149
vt 0.725574 0.503829
vt 0.815543 0.801731
vt 0.815467 0.803988
vt 0.760765 0.923789
vt 0.760441 0.918534
vt 0.769083 0.918116
vt 0.769917 0.924287
vt 0.827023 0.588723
vt 0.827017 0.594673
vt 0.820463 0.594032
vt 0.820195 0.588037
vt 0.971294 0.590562
vt 0.971342 0.587364
vt 0.977416 0.588011
vt 0.977522 0.591143
vt 0.518552 0.760250
vt 0.514831 0.754212
vt 0.964132 0.549960
vt 0.964132 0.544956
vt 0.970751 0.545624
vt 0.970986 0.550500
vt 0.759146 0.496120
vt 0.760867 0.487132
vt 0.978132 0.610866
vt 0.971202 0.611366
vt 0.971202 0.606412
vt 0.978366 0.606041
vt 0.859786 0.603746
vt 0.858921 0.612901
vt 0.854160 0.612246
vt 0.854142 0.602891
vt 0.332319 0.665696
vt 0.327225 0.665154
vt 0.964162 0.526895
vt 0.964300 0.525000
vt 0.970119 0.525548
vt 0.969992 0.527452
vt 0.857387 0.503687
vt 0.860428 0.503972
vt 0.330001 0.752894
vt 0.325764 0.756735
vt 0.942641 0.835766
vt 0.941615 0.835872
vt 0.951348 0.731903
vt 0.952374 0.731999
vt 0.795955 0.800692
vt 0.795884 0.805001
vt 0.529663 0.904470
vt 0.533406 0.899779
vt 0.947137 0.455135
vt 0.944842 0.466582
vt 0.938111 0.465221
vt 0.939248 0.452869
vt 0.814214 0.477287
vt 0.978563 0.477241
vt 0.986099 0.477659
vt 0.972089 0.436704
vt 0.978632 0.436098
vt 0.978662 0.439190
vt 0.971948 0.439692
vt 0.819717 0.634036
vt 0.819421 0.636029
vt 0.813288 0.635048
vt 0.813574 0.633058
vt 0.965028 0.580730
vt 0.971049 0.580245
vt 0.971162 0.582223
vt 0.965129 0.582731
vt 0.736573 0.881426
vt 0.758990 0.528694
vt 0.764560 0.528089
vt 0.978641 0.410504
vt 0.985470 0.409858
vt 0.964320 0.402782
vt 0.970481 0.403291
vt 0.905403 0.523687
vt 0.905576 0.535308
vt 0.964140 0.539228
vt 0.964195 0.535156
vt 0.970365 0.535846
vt 0.970492 0.539882
vt 0.869870 0.582409
vt 0.867650 0.593505
vt 0.860910 0.591929
vt 0.862033 0.580112
vt 0.847702 0.882705
vt 0.847786 0.879107
vt 0.854788 0.879455
vt 0.854764 0.883742
vt 0.755608 0.979803
vt 0.754773 0.973613
vt 0.774099 0.822173
vt 0.782936 0.821767
vt 0.783782 0.827929
vt 0.978568 0.634378
vt 0.985452 0.634675
vt 0.372267 0.673958
vt 0.366748 0.673177
vt 0.936078 0.486565
vt 0.935183 0.495556
vt 0.931343 0.495308
vt 0.931372 0.486212
vt 0.978576 0.458453
vt 0.978594 0.455629
vt 0.985019 0.456117
vt 0.985137 0.458948
vt 0.520466 0.758788
vt 0.516673 0.752630
vt 0.977486 0.625916
vt 0.971292 0.626487
vt 0.985672 0.642534
vt 0.970662 0.561117
vt 0.964140 0.561764
vt 0.964132 0.556036
vt 0.970927 0.555376
vt 0.978152 0.657561
vt 0.986256 0.658197
vt 0.530353 0.751248
vt 0.526073 0.744565
vt 0.978684 0.430316
vt 0.984669 0.430957
vt 0.813560 0.554810
vt 0.819532 0.555790
vt 0.819239 0.557561
vt 0.813256 0.556589
vt 0.892041 0.849967
vt 0.899197 0.851011
vt 0.964670 0.638067
vt 0.957124 0.638555
vt 0.957351 0.633589
vt 0.964665 0.633682
vt 0.493730 0.934347
vt 0.492762 0.933087
vt 0.497706 0.930481
vt 0.498755 0.931722
vt 0.540079 0.797925
vt 0.536864 0.792044
vt 0.978594 0.556981
vt 0.984543 0.557711
vt 0.978390 0.401707
vt 0.971371 0.402759
vt 0.971363 0.397841
vt 0.978640 0.396836
vt 0.977610 0.418542
vt 0.971415 0.419465
vt 0.971382 0.416646
vt 0.977708 0.415702
vt 0.776287 0.944075
vt 0.775323 0.936992
vt 0.784419 0.936552
vt 0.785512 0.944552
vt 0.758891 0.590475
vt 0.764783 0.591389
vt 0.546566 0.788501
vt 0.550055 0.794877
vt 0.936974 0.477573
vt 0.931400 0.477117
vt 0.897719 0.551133
vt 0.901646 0.551477
vt 0.901588 0.835009
vt 0.901484 0.837935
vt 0.894629 0.838282
vt 0.819986 0.626166
vt 0.819995 0.621923
vt 0.826195 0.622685
vt 0.826373 0.626986
vt 0.978291 0.524440
vt 0.970986 0.523331
vt 0.362412 0.718632
vt 0.356630 0.720592
vt 0.819998 0.618197
vt 0.826037 0.618901
vt 0.531962 0.892391
vt 0.533501 0.886703
vt 0.535589 0.887633
vt 0.534014 0.893419
vt 0.978270 0.538108
vt 0.978291 0.540949
vt 0.971825 0.540165
vt 0.971656 0.537179
vt 0.737999 0.645837
vt 0.739377 0.645513
vt 0.739377 0.648425
vt 0.737824 0.648735
vt 0.964087 0.491080
vt 0.957509 0.490137
vt 0.819898 0.611510
vt 0.819865 0.616534
vt 0.812886 0.615367
vt 0.812677 0.610387
vt 0.905106 0.851883
vt 0.904806 0.854211
vt 0.735066 0.487353
vt 0.812901 0.581804
vt 0.819962 0.582782
vt 0.459269 0.710708
vt 0.453534 0.707778
vt 0.527206 0.776287
vt 0.523627 0.772062
vt 0.525922 0.770650
vt 0.529576 0.774974
vt 0.059540 0.667518
vt 0.064380 0.667570
vt 0.756453 0.548427
vt 0.757152 0.550851
vt 0.751879 0.551441
vt 0.751347 0.548871
vt 0.971278 0.504719
vt 0.971286 0.499801
vt 0.978305 0.500853
vt 0.978555 0.505725
vt 0.554074 0.874619
vt 0.554559 0.867671
vt 0.559167 0.868841
vt 0.558532 0.875974
vt 0.766225 0.949585
vt 0.450203 0.686377
vt 0.444705 0.685418
vt 0.444961 0.683683
vt 0.450522 0.684605
vt 0.464261 0.692312
vt 0.469335 0.692821
vt 0.469103 0.694516
vt 0.463971 0.694012
vt 0.978629 0.632677
vt 0.985501 0.632931
vt 0.494959 0.935989
vt 0.500080 0.933329
vt 0.905630 0.462798
vt 0.905623 0.450153
vt 0.751347 0.580123
vt 0.758398 0.581244
vt 0.811427 0.616239
vt 0.804974 0.617162
vt 0.957030 0.452796
vt 0.964263 0.451850
vt 0.342019 0.731422
vt 0.336780 0.734469
vt 0.527979 0.769395
vt 0.531704 0.773804
vt 0.931379 0.463860
vt 0.931358 0.450603
vt 0.852683 0.962285
vt 0.852301 0.957049
vt 0.861272 0.957570
vt 0.862078 0.963700
vt 0.383799 0.673714
vt 0.378141 0.672987
vt 0.378371 0.671082
vt 0.384046 0.671818
vt 0.550761 0.706859
vt 0.546983 0.706301
vt 0.970394 0.577126
vt 0.964435 0.577661
vt 0.964291 0.575991
vt 0.970265 0.575450
vt 0.298551 0.802230
vt 0.298190 0.808506
vt 0.294420 0.807671
vt 0.294744 0.801203
vt 0.764149 0.582385
vt 0.759333 0.580507
vt 0.549363 0.815746
vt 0.551386 0.821841
vt 0.427884 0.954611
vt 0.427847 0.953009
vt 0.433754 0.953632
vt 0.433877 0.955190
vt 0.373366 0.960538
vt 0.379882 0.961737
vt 0.378856 0.965787
vt 0.371556 0.964542
vt 0.964132 0.542526
vt 0.957850 0.541510
vt 0.804312 0.531617
vt 0.809425 0.531916
vt 0.383998 0.706583
vt 0.377671 0.707274
vt 0.468900 0.696400
vt 0.463767 0.695916
vt 0.977987 0.938445
vt 0.978706 0.990580
vt 0.422191 0.689287
vt 0.422412 0.687700
vt 0.428094 0.688467
vt 0.427898 0.690077
vt 0.964105 0.539046
vt 0.957657 0.537993
vt 0.350790 0.056216
vt 0.357037 0.061470
vt 0.353906 0.063563
vt 0.348830 0.057377
vt 0.368790 0.115940
vt 0.369489 0.124074
vt 0.365797 0.123339
vt 0.366580 0.115399
vt 0.978291 0.532790
vt 0.984749 0.533654
vt 0.503644 0.928995
vt 0.507324 0.924408
vt 0.508784 0.925887
vt 0.505057 0.930562
vt 0.964132 0.524392
vt 0.956982 0.523331
vt 0.753939 0.967423
vt 0.439654 0.680905
vt 0.439304 0.682767
vt 0.434229 0.681856
vt 0.434567 0.680039
vt 0.963466 0.633589
vt 0.957466 0.632928
vt 0.979050 0.423858
vt 0.984850 0.424487
vt 0.535079 0.799472
vt 0.532012 0.793835
vt 0.534311 0.792985
vt 0.537447 0.798738
vt 0.481432 0.724201
vt 0.480274 0.726332
vt 0.475407 0.722558
vt 0.476469 0.720352
vt 0.826736 0.559955
vt 0.819962 0.561056
vt 0.819962 0.555795
vt 0.826969 0.554810
vt 0.895729 0.454720
vt 0.893511 0.465859
vt 0.321757 0.745561
vt 0.324749 0.748168
vt 0.320270 0.752245
vt 0.317122 0.749741
vt 0.304335 0.870558
vt 0.306851 0.874536
vt 0.305312 0.874993
vt 0.302712 0.871293
vt 0.964159 0.574095
vt 0.970145 0.573546
vt 0.970542 0.450479
vt 0.964411 0.450788
vt 0.964317 0.448852
vt 0.970451 0.448540
vt 0.377242 0.681319
vt 0.382664 0.682221
vt 0.382407 0.683906
vt 0.377000 0.683004
vt 0.898048 0.443009
vt 0.888964 0.440372
vt 0.541722 0.846524
vt 0.541021 0.840517
vt 0.543221 0.840593
vt 0.543834 0.846704
vt 0.344127 0.734113
vt 0.339007 0.737046
vt 0.811508 0.618855
vt 0.804933 0.619741
vt 0.345371 0.735782
vt 0.340343 0.738684
vt 0.346328 0.737098
vt 0.341376 0.739981
vt 0.874702 0.431280
vt 0.872394 0.442982
vt 0.863303 0.440342
vt 0.864447 0.428303
vt 0.758831 0.524612
vt 0.764928 0.523667
vt 0.539942 0.870211
vt 0.540473 0.864023
vt 0.542738 0.864548
vt 0.542154 0.870842
vt 0.777174 0.649823
vt 0.777069 0.638125
vt 0.980287 0.835011
vt 0.982637 0.835038
vt 0.854403 0.397647
vt 0.854637 0.396836
vt 0.765925 0.885272
vt 0.765526 0.880043
vt 0.774576 0.879645
vt 0.775418 0.885808
vt 0.926092 0.431304
vt 0.923772 0.443027
vt 0.914690 0.440395
vt 0.915842 0.428339
vt 0.849380 0.922422
vt 0.849455 0.918075
vt 0.901693 0.832082
vt 0.751427 0.927631
vt 0.751613 0.923292
vt 0.761090 0.929044
vt 0.964221 0.418441
vt 0.964230 0.412738
vt 0.970855 0.413245
vt 0.971118 0.418979
vt 0.758435 0.830129
vt 0.758419 0.826518
vt 0.971553 0.461365
vt 0.971553 0.458395
vt 0.977686 0.459015
vt 0.977813 0.462065
vt 0.913071 0.603507
vt 0.922149 0.606135
vt 0.481403 0.697313
vt 0.485957 0.697714
vt 0.971558 0.455640
vt 0.971686 0.453612
vt 0.977692 0.454130
vt 0.977584 0.456164
vt 0.378322 0.969252
vt 0.370300 0.967960
vt 0.315854 0.770921
vt 0.312419 0.775611
vt 0.317141 0.771709
vt 0.313745 0.776330
vt 0.758446 0.609665
vt 0.751347 0.609207
vt 0.298513 0.760596
vt 0.302816 0.763159
vt 0.298956 0.768414
vt 0.294642 0.766104
vt 0.972209 0.434066
vt 0.978604 0.433369
vt 0.963907 0.503296
vt 0.957875 0.502376
vt 0.559121 0.704202
vt 0.558794 0.706175
vt 0.555031 0.705640
vt 0.555349 0.703645
vt 0.558338 0.707925
vt 0.554668 0.707435
vt 0.297891 0.789100
vt 0.301644 0.790479
vt 0.299051 0.796021
vt 0.295219 0.794806
vt 0.304915 0.791680
vt 0.306794 0.792349
vt 0.304332 0.797664
vt 0.302395 0.797082
vt 0.972445 0.428166
vt 0.978601 0.427648
vt 0.978605 0.430401
vt 0.972339 0.431017
vt 0.745218 0.828163
vt 0.745272 0.825839
vt 0.751476 0.826158
vt 0.751406 0.829082
vt 0.288057 0.785510
vt 0.292640 0.787183
vt 0.289884 0.793142
vt 0.285364 0.791734
vt 0.421977 0.691080
vt 0.427696 0.691875
vt 0.443712 0.693970
vt 0.449229 0.694720
vt 0.534354 0.704366
vt 0.530785 0.703911
vt 0.907650 0.835413
vt 0.907426 0.837712
vt 0.292790 0.813871
vt 0.296562 0.814524
vt 0.295067 0.820540
vt 0.291323 0.820069
vt 0.882533 0.628118
vt 0.885067 0.615235
vt 0.895297 0.618211
vt 0.894042 0.631442
vt 0.860466 0.951439
vt 0.869660 0.950986
vt 0.870600 0.958041
vt 0.971492 0.452098
vt 0.964263 0.451850
vt 0.282745 0.812287
vt 0.287431 0.813022
vt 0.285927 0.819483
vt 0.281341 0.818993
vt 0.812497 0.647918
vt 0.804206 0.646610
vt 0.957902 0.649332
vt 0.965525 0.647560
vt 0.965151 0.650407
vt 0.811824 0.637560
vt 0.812197 0.642517
vt 0.804640 0.642250
vt 0.804515 0.637867
vt 0.282794 0.839899
vt 0.286965 0.840127
vt 0.285096 0.848277
vt 0.281671 0.847741
vt 0.289286 0.848577
vt 0.326531 0.741464
vt 0.330327 0.736421
vt 0.797507 0.558491
vt 0.795160 0.570411
vt 0.787290 0.555520
vt 0.758839 0.604154
vt 0.765336 0.605103
vt 0.551197 0.895129
vt 0.549293 0.901648
vt 0.957030 0.423077
vt 0.957078 0.418147
vt 0.964032 0.419508
vt 0.964221 0.424343
vt 0.289416 0.799813
vt 0.289103 0.806557
vt 0.284377 0.805573
vt 0.284764 0.798605
vt 0.770752 0.930458
vt 0.427951 0.956673
vt 0.434050 0.957219
vt 0.456210 0.720760
vt 0.450942 0.718084
vt 0.556600 0.821352
vt 0.554497 0.815011
vt 0.559105 0.814353
vt 0.561144 0.820926
vt 0.550898 0.786921
vt 0.554371 0.793548
vt 0.978111 0.407137
vt 0.971364 0.408149
vt 0.317531 0.757706
vt 0.314899 0.763276
vt 0.311578 0.761095
vt 0.314294 0.755360
vt 0.538620 0.762918
vt 0.542612 0.767847
vt 0.971545 0.653374
vt 0.971202 0.658197
vt 0.963398 0.470575
vt 0.957030 0.471342
vt 0.957040 0.467704
vt 0.963573 0.466860
vt 0.827027 0.598799
vt 0.820663 0.598209
vt 0.372127 0.710183
vt 0.366618 0.713254
vt 0.364331 0.708306
vt 0.370076 0.705120
vt 0.754097 0.899725
vt 0.964347 0.405321
vt 0.970622 0.405841
vt 0.283659 0.884220
vt 0.287108 0.881778
vt 0.289957 0.885987
vt 0.286531 0.888911
vt 0.421819 0.714053
vt 0.415970 0.714664
vt 0.415930 0.712701
vt 0.421867 0.712013
vt 0.764918 0.466467
vt 0.758321 0.465135
vt 0.468341 0.704552
vt 0.475175 0.706726
vt 0.843949 0.898256
vt 0.836635 0.897948
vt 0.836884 0.895035
vt 0.844133 0.894681
vt 0.421800 0.697749
vt 0.415150 0.698397
vt 0.414913 0.693610
vt 0.421797 0.693022
vt 0.985746 0.484072
vt 0.978555 0.484634
vt 0.978555 0.479780
vt 0.985970 0.479339
vt 0.731752 0.631014
vt 0.728796 0.630817
vt 0.729516 0.623994
vt 0.733073 0.624334
vt 0.774450 0.640889
vt 0.766008 0.640232
vt 0.766249 0.636555
vt 0.775243 0.637335
vt 0.505719 0.753184
vt 0.500549 0.748976
vt 0.502196 0.747205
vt 0.507477 0.751493
vt 0.942478 0.605099
vt 0.911647 0.503968
vt 0.819297 0.598200
vt 0.812712 0.598789
vt 0.806616 0.495462
vt 0.802811 0.494912
vt 0.985468 0.489502
vt 0.978555 0.490043
vt 0.301969 0.815384
vt 0.303622 0.815595
vt 0.302276 0.821280
vt 0.300535 0.821145
vt 0.308221 0.792856
vt 0.305805 0.798103
vt 0.409931 0.712151
vt 0.410059 0.714056
vt 0.404189 0.713585
vt 0.403974 0.711731
vt 0.956838 0.532373
vt 0.954265 0.545365
vt 0.942773 0.542028
vt 0.964038 0.622036
vt 0.964020 0.625684
vt 0.957840 0.624874
vt 0.957687 0.621262
vt 0.764875 0.631340
vt 0.758841 0.632026
vt 0.751412 0.558882
vt 0.757491 0.559947
vt 0.766243 0.576029
vt 0.773059 0.574831
vt 0.773059 0.580039
vt 0.766008 0.581159
vt 0.302315 0.777231
vt 0.300723 0.783424
vt 0.295563 0.781253
vt 0.297192 0.774785
vt 0.435379 0.694460
vt 0.434926 0.699139
vt 0.428419 0.697264
vt 0.428639 0.692660
vt 0.978106 0.560964
vt 0.971200 0.562056
vt 0.957030 0.425609
vt 0.964221 0.424343
vt 0.283073 0.832917
vt 0.282094 0.825927
vt 0.281494 0.856364
vt 0.285001 0.856365
vt 0.285119 0.863769
vt 0.281549 0.864488
vt 0.771026 0.524612
vt 0.739750 0.866800
vt 0.739733 0.864492
vt 0.291461 0.878997
vt 0.294334 0.882885
vt 0.828377 0.551474
vt 0.822937 0.554810
vt 0.336815 0.945833
vt 0.931127 0.405836
vt 0.928609 0.418570
vt 0.917092 0.415243
vt 0.057093 0.667597
vt 0.281480 0.878743
vt 0.758831 0.553123
vt 0.446121 0.712417
vt 0.439927 0.712051
vt 0.297051 0.875737
vt 0.299914 0.873378
vt 0.302606 0.877021
vt 0.299825 0.879423
vt 0.965231 0.642412
vt 0.956982 0.643963
vt 0.766972 0.615234
vt 0.773084 0.614775
vt 0.773107 0.616981
vt 0.766890 0.617438
vt 0.790568 0.593396
vt 0.788324 0.604460
vt 0.782676 0.603700
vt 0.783817 0.591859
vt 0.902467 0.543309
vt 0.899360 0.543053
vt 0.528827 0.788279
vt 0.526972 0.782774
vt 0.971040 0.484453
vt 0.964131 0.484883
vt 0.964124 0.479666
vt 0.971278 0.479340
vt 0.970767 0.490312
vt 0.964140 0.490759
vt 0.741236 0.582559
vt 0.733404 0.580298
vt 0.394793 0.970475
vt 0.386871 0.970390
vt 0.900398 0.278848
vt 0.894197 0.276965
vt 0.894746 0.274204
vt 0.901195 0.274840
vt 0.796025 0.796383
vt 0.786129 0.794969
vt 0.763405 0.548156
vt 0.758831 0.548308
vt 0.971210 0.616979
vt 0.977865 0.616484
vt 0.937407 0.503861
vt 0.934358 0.503634
vt 0.939023 0.495805
vt 0.525258 0.933555
vt 0.521727 0.930093
vt 0.526681 0.925956
vt 0.530308 0.929177
vt 0.971195 0.611585
vt 0.964287 0.611155
vt 0.858056 0.622056
vt 0.854178 0.621600
vt 0.963959 0.627940
vt 0.957878 0.627154
vt 0.964146 0.498595
vt 0.970412 0.498193
vt 0.964291 0.408799
vt 0.970730 0.409310
vt 0.970517 0.444417
vt 0.964280 0.444786
vt 0.964322 0.442506
vt 0.970673 0.442089
vt 0.819136 0.601838
vt 0.812723 0.602381
vt 0.725641 0.450426
vt 0.354508 0.944496
vt 0.350828 0.940716
vt 0.756709 0.544829
vt 0.751596 0.545128
vt 0.752134 0.541185
vt 0.757303 0.540991
vt 0.070020 0.117702
vt 0.049723 0.155152
vt 0.313101 0.888972
vt 0.316025 0.893443
vt 0.793902 0.973347
vt 0.793802 0.975622
vt 0.416203 0.690281
vt 0.410592 0.689596
vt 0.953403 0.783768
vt 0.952376 0.783683
vt 0.517742 0.926208
vt 0.522522 0.922262
vt 0.298714 0.827060
vt 0.301019 0.827145
vt 0.300278 0.834331
vt 0.297970 0.834240
vt 0.302920 0.827195
vt 0.302374 0.834276
vt 0.766910 0.588140
vt 0.773057 0.587041
vt 0.303861 0.803610
vt 0.303521 0.809621
vt 0.301491 0.809238
vt 0.301880 0.803127
vt 0.305387 0.803973
vt 0.305102 0.809906
vt 0.521012 0.938977
vt 0.516662 0.944188
vt 0.312204 0.781939
vt 0.310781 0.787634
vt 0.309397 0.787060
vt 0.310849 0.781292
vt 0.360542 0.715092
vt 0.354573 0.717068
vt 0.804072 0.588396
vt 0.810830 0.587442
vt 0.387196 0.717375
vt 0.381400 0.718018
vt 0.023570 0.980919
vt 0.401737 0.971262
vt 0.408496 0.973294
vt 0.874585 0.558505
vt 0.872228 0.570457
vt 0.863206 0.567824
vt 0.864378 0.555536
vt 0.746575 0.980256
vt 0.745616 0.973154
vt 0.530300 0.891584
vt 0.531807 0.885972
vt 0.825798 0.418568
vt 0.814279 0.415264
vt 0.307733 0.766086
vt 0.304030 0.771129
vt 0.884886 0.848922
vt 0.875359 0.847509
vt 0.849402 0.534951
vt 0.851767 0.523521
vt 0.338958 0.716720
vt 0.344133 0.712343
vt 0.518338 0.911237
vt 0.520996 0.905961
vt 0.522340 0.906855
vt 0.519590 0.912170
vt 0.985091 0.418258
vt 0.978677 0.418866
vt 0.847854 0.542644
vt 0.850916 0.543052
vt 0.445078 0.717421
vt 0.439144 0.716891
vt 0.439517 0.714631
vt 0.445573 0.715067
vt 0.468306 0.723101
vt 0.462317 0.721273
vt 0.463246 0.718694
vt 0.469372 0.720569
vt 0.756431 0.884737
vt 0.756476 0.880441
vt 0.514910 0.923458
vt 0.519512 0.919598
vt 0.540187 0.834457
vt 0.540572 0.828619
vt 0.919878 0.283479
vt 0.918471 0.276404
vt 0.920606 0.276195
vt 0.921931 0.282860
vt 0.766517 0.625305
vt 0.773094 0.624811
vt 0.773100 0.630783
vt 0.766245 0.631305
vt 0.964377 0.600642
vt 0.971235 0.600095
vt 0.971235 0.605093
vt 0.964147 0.605523
vt 0.972782 0.636686
vt 0.487406 0.713193
vt 0.481871 0.709073
vt 0.307572 0.786304
vt 0.309058 0.780442
vt 0.764788 0.633247
vt 0.758831 0.633922
vt 0.971365 0.413638
vt 0.977837 0.412668
vt 0.935987 0.613594
vt 0.931343 0.622230
vt 0.931324 0.612687
vt 0.766902 0.586267
vt 0.772959 0.585144
vt 0.819962 0.637094
vt 0.819973 0.632005
vt 0.826631 0.632827
vt 0.826864 0.637758
vt 0.294458 0.877385
vt 0.297347 0.881187
vt 0.964103 0.485363
vt 0.957251 0.484366
vt 0.964048 0.612029
vt 0.964047 0.617872
vt 0.957499 0.617127
vt 0.957224 0.611215
vt 0.773851 0.645263
vt 0.766138 0.644622
vt 0.290978 0.779325
vt 0.292714 0.772646
vt 0.963236 0.571655
vt 0.957064 0.572642
vt 0.956982 0.570105
vt 0.963264 0.569090
vt 0.971324 0.584683
vt 0.977285 0.585261
vt 0.854170 0.590353
vt 0.751723 0.463803
vt 0.878335 0.833650
vt 0.877990 0.828315
vt 0.787703 0.866984
vt 0.786741 0.859889
vt 0.795784 0.859438
vt 0.796874 0.867446
vt 0.792812 0.582331
vt 0.985620 0.406936
vt 0.978640 0.407598
vt 0.978640 0.402229
vt 0.985901 0.401542
vt 0.971242 0.594186
vt 0.977646 0.594693
vt 0.773102 0.620624
vt 0.766717 0.621098
vt 0.970579 0.494517
vt 0.964145 0.494943
vt 0.362305 0.703911
vt 0.368290 0.700693
vt 0.970793 0.438545
vt 0.964279 0.438935
vt 0.964229 0.434871
vt 0.970931 0.434517
vt 0.783273 0.630303
vt 0.780169 0.630128
vt 0.780934 0.622118
vt 0.784806 0.622457
vt 0.346413 0.945302
vt 0.348648 0.942605
vt 0.352320 0.946556
vt 0.350118 0.949285
vt 0.757417 0.534133
vt 0.757586 0.537821
vt 0.752285 0.537968
vt 0.752073 0.534333
vt 0.730318 0.614401
vt 0.725766 0.613833
vt 0.725574 0.604012
vt 0.361970 0.077042
vt 0.365729 0.084288
vt 0.363478 0.084623
vt 0.361265 0.077330
vt 0.803433 0.839831
vt 0.803561 0.836910
vt 0.510933 0.919681
vt 0.509759 0.918620
vt 0.514116 0.914974
vt 0.515323 0.915967
vt 0.374683 0.958007
vt 0.738211 0.945442
vt 0.295630 0.833704
vt 0.295630 0.826805
vt 0.773058 0.568873
vt 0.766517 0.569996
vt 0.305924 0.778951
vt 0.304385 0.784965
vt 0.977911 0.564343
vt 0.971177 0.565269
vt 0.964124 0.480290
vt 0.957030 0.479340
vt 0.538146 0.869721
vt 0.538610 0.863614
vt 0.978149 0.579404
vt 0.985903 0.578490
vt 0.492043 0.955262
vt 0.497290 0.950989
vt 0.499989 0.955203
vt 0.494503 0.959504
vt 0.802769 0.502937
vt 0.878679 0.838985
vt 0.373620 0.713752
vt 0.368291 0.716790
vt 0.927371 0.551423
vt 0.923529 0.551044
vt 0.403345 0.951994
vt 0.410427 0.952533
vt 0.540876 0.857809
vt 0.538939 0.857480
vt 0.540404 0.851993
vt 0.542428 0.852249
vt 0.765261 0.822578
vt 0.556049 0.834528
vt 0.550821 0.834501
vt 0.551177 0.828134
vt 0.556401 0.827901
vt 0.470315 0.718323
vt 0.464068 0.716410
vt 0.765603 0.615137
vt 0.758842 0.615962
vt 0.758831 0.610872
vt 0.765824 0.610205
vt 0.757540 0.943074
vt 0.757229 0.937928
vt 0.766227 0.937432
vt 0.767063 0.943599
vt 0.511164 0.747944
vt 0.505651 0.743483
vt 0.509430 0.749615
vt 0.504024 0.745239
vt 0.853977 0.543459
vt 0.525071 0.777471
vt 0.521560 0.773334
vt 0.819972 0.615938
vt 0.825914 0.616624
vt 0.545816 0.865382
vt 0.545281 0.871852
vt 0.977964 0.410076
vt 0.971363 0.411065
vt 0.409749 0.709831
vt 0.403683 0.709446
vt 0.776233 0.793554
vt 0.957071 0.408828
vt 0.963577 0.409848
vt 0.359503 0.069256
vt 0.357679 0.070620
vt 0.867864 0.826971
vt 0.511123 0.928377
vt 0.507265 0.933153
vt 0.758831 0.609388
vt 0.765569 0.610205
vt 0.433387 0.715165
vt 0.427644 0.713581
vt 0.749663 0.807190
vt 0.748436 0.798199
vt 0.445324 0.681775
vt 0.450896 0.682662
vt 0.985033 0.502917
vt 0.978711 0.503421
vt 0.978587 0.501392
vt 0.984935 0.500890
vt 0.977869 0.574698
vt 0.978129 0.576459
vt 0.971826 0.577383
vt 0.971547 0.575633
vt 0.366143 0.679531
vt 0.371823 0.680404
vt 0.371595 0.682087
vt 0.365894 0.681216
vt 0.406599 0.677245
vt 0.400955 0.676409
vt 0.401225 0.674589
vt 0.406878 0.675447
vt 0.963547 0.575799
vt 0.957481 0.576785
vt 0.957177 0.574854
vt 0.963260 0.573891
vt 0.963843 0.577475
vt 0.957793 0.578490
vt 0.973609 0.887156
vt 0.977136 0.887085
vt 0.376671 0.684893
vt 0.382096 0.685792
vt 0.371248 0.683976
vt 0.365530 0.683106
vt 0.964450 0.523331
vt 0.970261 0.523873
vt 0.972341 0.426131
vt 0.978478 0.425620
vt 0.765153 0.636825
vt 0.759237 0.637574
vt 0.759030 0.635851
vt 0.764972 0.635137
vt 0.725839 0.630620
vt 0.725958 0.623653
vt 0.546077 0.985256
vt 0.545602 0.986957
vt 0.542223 0.986495
vt 0.542657 0.984754
vt 0.727921 0.941484
vt 0.728036 0.939223
vt 0.340648 0.670016
vt 0.336349 0.669637
vt 0.336535 0.667968
vt 0.340786 0.668330
vt 0.786565 0.613459
vt 0.781805 0.612909
vt 0.972755 0.634668
vt 0.977477 0.630406
vt 0.971393 0.630894
vt 0.971274 0.628877
vt 0.977373 0.628384
vt 0.545549 0.990669
vt 0.549206 0.991194
vt 0.477417 0.692135
vt 0.473582 0.691218
vt 0.963489 0.603547
vt 0.963700 0.605375
vt 0.957615 0.606041
vt 0.957393 0.604267
vt 0.469617 0.690293
vt 0.464420 0.689276
vt 0.957188 0.602293
vt 0.963289 0.601522
vt 0.314108 0.673082
vt 0.309718 0.672105
vt 0.766885 0.611390
vt 0.766736 0.609568
vt 0.772758 0.609122
vt 0.772908 0.610937
vt 0.545896 0.987074
vt 0.545843 0.989003
vt 0.542178 0.988441
vt 0.542223 0.986495
vt 0.454107 0.693136
vt 0.458740 0.693493
vt 0.458536 0.695422
vt 0.453902 0.695090
vt 0.383547 0.675400
vt 0.377886 0.674669
vt 0.978042 0.422310
vt 0.971873 0.423221
vt 0.971638 0.421485
vt 0.977809 0.420567
vt 0.454383 0.691380
vt 0.459057 0.691773
vt 0.752189 0.553208
vt 0.758150 0.554307
vt 0.985212 0.420222
vt 0.978827 0.420838
vt 0.819113 0.637792
vt 0.812988 0.636811
vt 0.971258 0.887119
vt 0.388363 0.683018
vt 0.394116 0.683810
vt 0.393887 0.685435
vt 0.388127 0.684675
vt 0.314697 0.664329
vt 0.314781 0.666219
vt 0.310618 0.665890
vt 0.310508 0.664015
vt 0.971107 0.631389
vt 0.971002 0.633273
vt 0.964931 0.632942
vt 0.965037 0.631042
vt 0.828393 0.821019
vt 0.829898 0.830990
vt 0.829496 0.831040
vt 0.827759 0.821098
vt 0.752267 0.581244
vt 0.758290 0.582379
vt 0.459666 0.684605
vt 0.455299 0.683619
vt 0.826268 0.580034
vt 0.820320 0.581010
vt 0.820021 0.579043
vt 0.825980 0.578070
vt 0.910674 0.872390
vt 0.473052 0.694760
vt 0.473355 0.693076
vt 0.477285 0.693306
vt 0.476934 0.694991
vt 0.988902 0.732018
vt 0.987600 0.783905
vt 0.546789 0.983461
vt 0.912468 0.882323
vt 0.914262 0.892255
vt 0.538968 0.701108
vt 0.543253 0.701870
vt 0.985328 0.603713
vt 0.978746 0.604512
vt 0.978525 0.602825
vt 0.985150 0.601993
vt 0.527247 0.699401
vt 0.526505 0.701206
vt 0.521487 0.700259
vt 0.522216 0.698678
vt 0.525979 0.702910
vt 0.520959 0.701835
vt 0.221488 0.152043
vt 0.218352 0.154137
vt 0.305889 0.894241
vt 0.306936 0.898629
vt 0.552050 0.707200
vt 0.189195 0.207493
vt 0.503760 0.703460
vt 0.498485 0.702798
vt 0.499480 0.701186
vt 0.758831 0.552583
vt 0.753398 0.553208
vt 0.819962 0.526874
vt 0.814522 0.523538
vt 0.810739 0.580462
vt 0.805923 0.582340
vt 0.501006 0.697320
vt 0.504460 0.697932
vt 0.504607 0.699929
vt 0.501163 0.699310
vt 0.964237 0.446721
vt 0.970382 0.446401
vt 0.326269 0.673914
vt 0.331285 0.674861
vt 0.330738 0.676706
vt 0.325699 0.675753
vt 0.970290 0.504340
vt 0.964219 0.504688
vt 0.970395 0.506241
vt 0.964324 0.506571
vt 0.805548 0.945570
vt 0.804175 0.935579
vt 0.986164 0.835078
vt 0.393605 0.687279
vt 0.387830 0.686542
vt 0.725555 0.649582
vt 0.725720 0.637587
vt 0.854064 0.648384
vt 0.823244 0.829767
vt 0.825013 0.839704
vt 0.911338 0.476209
vt 0.910414 0.485729
vt 0.905643 0.485148
vt 0.905637 0.475442
vt 0.751546 0.823235
vt 0.758404 0.822906
vt 0.905575 0.543564
vt 0.905573 0.551821
vt 0.729373 0.495944
vt 0.725593 0.495530
vt 0.968510 0.990572
vt 0.967483 0.990668
vt 0.836386 0.900861
vt 0.843765 0.901832
vt 0.884688 0.485730
vt 0.883774 0.495251
vt 0.879940 0.494848
vt 0.879925 0.485134
vt 0.851143 0.902803
vt 0.851262 0.898565
vt 0.739716 0.862183
vt 0.746145 0.861894
vt 0.921663 0.560318
vt 0.545544 0.990640
vt 0.541976 0.990128
vt 0.428841 0.682541
vt 0.423062 0.681615
vt 0.919798 0.569591
vt 0.882900 0.503706
vt 0.879848 0.512022
vt 0.879894 0.503435
vt 0.859054 0.485773
vt 0.858183 0.495273
vt 0.854313 0.494915
vt 0.854241 0.485264
vt 0.860368 0.630422
vt 0.909491 0.495249
vt 0.913333 0.495644
vt 0.985304 0.421909
vt 0.978983 0.422520
vt 0.727806 0.943745
vt 0.734006 0.944637
vt 0.790123 0.956039
vt 0.789970 0.958973
vt 0.823312 0.957946
vt 0.823379 0.955571
vt 0.829379 0.955856
vt 0.829262 0.958821
vt 0.978351 0.600840
vt 0.985001 0.599987
vt 0.748017 0.942549
vt 0.748231 0.938424
vt 0.931244 0.543496
vt 0.931213 0.551802
vt 0.826553 0.581806
vt 0.820627 0.582788
vt 0.809737 0.842473
vt 0.803306 0.842753
vt 0.931309 0.577721
vt 0.931299 0.565075
vt 0.931207 0.583741
vt 0.794006 0.835481
vt 0.793034 0.828402
vt 0.802286 0.828874
vt 0.803385 0.836871
vt 0.951806 0.431477
vt 0.949472 0.443306
vt 0.940408 0.440704
vt 0.941568 0.428539
vt 0.776260 0.891971
vt 0.784659 0.886281
vt 0.785630 0.893361
vt 0.774390 0.418611
vt 0.761620 0.428395
vt 0.762874 0.415284
vt 0.767898 0.949765
vt 0.777252 0.951159
vt 0.805608 0.858947
vt 0.806837 0.867946
vt 0.892627 0.402160
vt 0.891372 0.415243
vt 0.879855 0.411906
vt 0.879845 0.398458
vt 0.901536 0.881928
vt 0.900314 0.872939
vt 0.876662 0.919528
vt 0.877625 0.926618
vt 0.751113 0.532726
vt 0.748537 0.545700
vt 0.737046 0.542360
vt 0.725296 0.963192
vt 0.726515 0.972193
vt 0.715217 0.961700
vt 0.877148 0.545523
vt 0.865652 0.542190
vt 0.841168 0.402121
vt 0.839923 0.415312
vt 0.828408 0.412012
vt 0.828377 0.398460
vt 0.956982 0.579295
vt 0.964147 0.578490
vt 0.777027 0.602939
vt 0.777066 0.590322
vt 0.905513 0.608673
vt 0.502522 0.927781
vt 0.506173 0.923267
vt 0.858552 0.825529
vt 0.849240 0.824088
vt 0.878855 0.950533
vt 0.879929 0.958513
vt 0.854213 0.437703
vt 0.854192 0.425326
vt 0.888492 0.900638
vt 0.887441 0.892659
vt 0.897466 0.892205
vt 0.898650 0.901192
vt 0.788552 0.542221
vt 0.777050 0.538894
vt 0.777027 0.525239
vt 0.804063 0.583162
vt 0.811050 0.582340
vt 0.758855 0.621802
vt 0.765341 0.620979
vt 0.854184 0.565191
vt 0.854171 0.552567
vt 0.485437 0.943750
vt 0.490238 0.939928
vt 0.492086 0.942829
vt 0.487170 0.946774
vt 0.849531 0.913728
vt 0.891958 0.580317
vt 0.819821 0.631722
vt 0.813584 0.630794
vt 0.788962 0.839121
vt 0.788915 0.843481
vt 0.780319 0.843905
vt 0.779926 0.838631
vt 0.737543 0.980708
vt 0.736459 0.972696
vt 0.887774 0.838629
vt 0.751799 0.918952
vt 0.769517 0.866033
vt 0.769123 0.860762
vt 0.777698 0.860339
vt 0.778531 0.866521
vt 0.788484 0.476965
vt 0.967520 0.731903
vt 0.968510 0.732193
vt 0.782974 0.952043
vt 0.775673 0.950982
vt 0.977667 0.570133
vt 0.971219 0.570979
vt 0.971159 0.568105
vt 0.977742 0.567325
vt 0.803120 0.955007
vt 0.811652 0.956351
vt 0.879845 0.523380
vt 0.848373 0.568889
vt 0.853795 0.569637
vt 0.964048 0.606838
vt 0.956982 0.606041
vt 0.421809 0.703104
vt 0.415423 0.703740
vt 0.900367 0.431299
vt 0.890116 0.428326
vt 0.840640 0.881669
vt 0.449351 0.973557
vt 0.442789 0.975271
vt 0.376300 0.720654
vt 0.371228 0.723432
vt 0.370591 0.721870
vt 0.375704 0.718982
vt 0.831236 0.897634
vt 0.831294 0.895283
vt 0.866647 0.852218
vt 0.867463 0.858340
vt 0.858244 0.858794
vt 0.857298 0.851745
vt 0.805172 0.896254
vt 0.803934 0.887260
vt 0.813967 0.887766
vt 0.815344 0.897756
vt 0.802458 0.915518
vt 0.812526 0.917018
vt 0.883095 0.888013
vt 0.891450 0.881419
vt 0.892523 0.889407
vt 0.897062 0.929492
vt 0.895829 0.920495
vt 0.907182 0.930986
vt 0.813565 0.838374
vt 0.812328 0.829380
vt 0.905607 0.437764
vt 0.743767 0.443192
vt 0.734696 0.440582
vt 0.905527 0.621186
vt 0.905552 0.634767
vt 0.931289 0.552428
vt 0.880074 0.907185
vt 0.879143 0.900133
vt 0.889544 0.908617
vt 0.837521 0.440649
vt 0.828454 0.438045
vt 0.798329 0.925735
vt 0.797095 0.916739
vt 0.899834 0.910179
vt 0.910123 0.911742
vt 0.902888 0.418580
vt 0.839134 0.822513
vt 0.829028 0.820939
vt 0.875698 0.912437
vt 0.884757 0.911989
vt 0.885849 0.919994
vt 0.808066 0.876944
vt 0.818168 0.878435
vt 0.868985 0.893504
vt 0.878213 0.893082
vt 0.802836 0.450321
vt 0.802814 0.437892
vt 0.847948 0.851273
vt 0.849024 0.859248
vt 0.839010 0.859740
vt 0.837792 0.850757
vt 0.751358 0.411956
vt 0.751347 0.398458
vt 0.828309 0.405785
vt 0.780087 0.931845
vt 0.779123 0.924758
vt 0.788329 0.925230
vt 0.789422 0.933232
vt 0.730011 0.512580
vt 0.727984 0.523663
vt 0.335435 0.675749
vt 0.335739 0.674097
vt 0.339991 0.674979
vt 0.339631 0.676633
vt 0.859924 0.476272
vt 0.854168 0.475613
vt 0.787223 0.978197
vt 0.448168 0.701868
vt 0.441447 0.701181
vt 0.442139 0.696492
vt 0.449082 0.697280
vt 0.336562 0.666043
vt 0.340833 0.666404
vt 0.322135 0.668242
vt 0.318294 0.668022
vt 0.744568 0.919269
vt 0.749573 0.887994
vt 0.749587 0.884389
vt 0.756386 0.889032
vt 0.399810 0.684674
vt 0.405471 0.685519
vt 0.777065 0.629952
vt 0.862054 0.495631
vt 0.863867 0.486282
vt 0.931309 0.503408
vt 0.915186 0.486309
vt 0.737337 0.919585
vt 0.810476 0.609318
vt 0.804565 0.610165
vt 0.854229 0.523313
vt 0.854380 0.511890
vt 0.771724 0.844328
vt 0.770890 0.838141
vt 0.834514 0.880764
vt 0.940785 0.486917
vt 0.971821 0.451850
vt 0.977811 0.452360
vt 0.810296 0.801484
vt 0.810314 0.804231
vt 0.781432 0.512495
vt 0.780133 0.503738
vt 0.783123 0.504104
vt 0.777062 0.621780
vt 0.777044 0.612359
vt 0.766828 0.792149
vt 0.359504 0.146354
vt 0.357037 0.154137
vt 0.353907 0.152044
vt 0.357665 0.145014
vt 0.549319 0.866331
vt 0.548843 0.873004
vt 0.310861 0.183590
vt 0.315846 0.182077
vt 0.311214 0.185838
vt 0.316883 0.181763
vt 0.318464 0.182077
vt 0.317646 0.181531
vt 0.318171 0.181372
vt 0.320315 0.180226
vt 0.324910 0.177770
vt 0.326246 0.179612
vt 0.350790 0.159394
vt 0.348851 0.158205
vt 0.331937 0.174014
vt 0.334027 0.177147
vt 0.854197 0.577815
vt 0.757423 0.790743
vt 0.360120 0.140421
vt 0.361192 0.138415
vt 0.361266 0.138278
vt 0.368090 0.107806
vt 0.367328 0.107803
vt 0.385128 0.710194
vt 0.378987 0.710880
vt 0.231392 0.051496
vt 0.367313 0.107652
vt 0.367197 0.106469
vt 0.367091 0.105393
vt 0.538581 0.889099
vt 0.536979 0.895045
vt 0.886941 0.927999
vt 0.224604 0.159394
vt 0.226566 0.158230
vt 0.784627 0.834091
vt 0.345540 0.053369
vt 0.931344 0.438102
vt 0.809935 0.571972
vt 0.805125 0.570382
vt 0.344004 0.051496
vt 0.344543 0.050961
vt 0.205900 0.124074
vt 0.206605 0.115940
vt 0.208813 0.115361
vt 0.209598 0.123338
vt 0.324869 0.037815
vt 0.319353 0.034867
vt 0.326245 0.035998
vt 0.318171 0.034234
vt 0.318463 0.033535
vt 0.317365 0.033990
vt 0.310913 0.032033
vt 0.311214 0.029771
vt 0.205900 0.091533
vt 0.209598 0.092268
vt 0.285301 0.028409
vt 0.259550 0.182077
vt 0.233253 0.049968
vt 0.208084 0.107960
vt 0.208122 0.108349
vt 0.208306 0.110209
vt 0.214527 0.076587
vt 0.232432 0.164964
vt 0.334027 0.038460
vt 0.331937 0.041593
vt 0.339285 0.044711
vt 0.338133 0.046678
vt 0.813160 0.916934
vt 0.811584 0.906974
vt 0.811981 0.906921
vt 0.813794 0.916850
vt 0.717545 0.981732
vt 0.715747 0.971801
vt 0.716159 0.971746
vt 0.828631 0.860281
vt 0.826820 0.850351
vt 0.827229 0.850296
vt 0.944225 0.401567
vt 0.944384 0.401007
vt 0.957030 0.405178
vt 0.956942 0.405486
vt 0.831234 0.840982
vt 0.714583 0.961785
vt 0.713949 0.961871
vt 0.825644 0.840336
vt 0.825010 0.840421
vt 0.815978 0.897670
vt 0.814427 0.887703
vt 0.814888 0.887640
vt 0.816612 0.897583
vt 0.971298 0.573620
vt 0.977632 0.572685
vt 0.899243 0.949488
vt 0.901034 0.959421
vt 0.900612 0.959478
vt 0.841336 0.401531
vt 0.841504 0.400941
vt 0.854168 0.405046
vt 0.854063 0.405414
vt 0.815835 0.858401
vt 0.739304 0.807705
vt 0.737516 0.797772
vt 0.737920 0.797719
vt 0.720436 0.962471
vt 0.718611 0.952544
vt 0.719005 0.952491
vt 0.807555 0.955475
vt 0.808189 0.955388
vt 0.880078 0.397647
vt 0.880312 0.396836
vt 0.736362 0.787756
vt 0.735728 0.787839
vt 0.812877 0.877736
vt 0.813165 0.877697
vt 0.717420 0.942532
vt 0.716786 0.942616
vt 0.733627 0.846270
vt 0.731832 0.836339
vt 0.732250 0.836282
vt 0.907884 0.891699
vt 0.909638 0.901638
vt 0.909223 0.901692
vt 0.902191 0.969440
vt 0.902824 0.969354
vt 0.807143 0.916224
vt 0.810169 0.896992
vt 0.730671 0.826322
vt 0.730037 0.826407
vt 0.910757 0.911659
vt 0.911392 0.911577
vt 0.931507 0.397648
vt 0.931739 0.396836
vt 0.821235 0.819863
vt 0.821475 0.819831
vt 0.820994 0.819896
vt 0.931275 0.398459
vt 0.944065 0.402126
vt 0.905483 0.405603
vt 0.905409 0.405861
vt 0.731305 0.826236
vt 0.314616 0.667835
vt 0.310494 0.667497
vt 0.854168 0.398458
vt 0.802959 0.397648
vt 0.803190 0.396836
vt 0.802728 0.398460
vt 0.880000 0.641000
vt 0.901557 0.969526
vt 0.911015 0.852756
vt 0.919722 0.854076
vt 0.777027 0.398458
vt 0.804399 0.611140
vt 0.810715 0.610165
vt 0.931275 0.524953
vt 0.879788 0.405683
vt 0.718054 0.942448
vt 0.725787 0.397648
vt 0.726018 0.396836
vt 0.738683 0.400939
vt 0.725555 0.398460
vt 0.905344 0.649160
vt 0.905112 0.649971
vt 0.905576 0.648348
vt 0.736997 0.787673
vt 0.751347 0.405043
vt 0.507966 0.700544
vt 0.512288 0.701052
vt 0.806921 0.955561
vt 0.802601 0.532603
vt 0.361336 0.672425
vt 0.356249 0.671863
vt 0.963910 0.478426
vt 0.957784 0.479339
vt 0.905790 0.397647
vt 0.906023 0.396836
vt 0.905558 0.398459
vt 0.326585 0.672268
vt 0.331546 0.673208
vt 0.476735 0.696892
vt 0.472851 0.696650
vt 0.853958 0.405783
vt 0.777259 0.524428
vt 0.777492 0.523616
vt 0.828502 0.640957
vt 0.819281 0.607980
vt 0.813074 0.608551
vt 0.828609 0.397648
vt 0.828840 0.396836
vt 0.812589 0.877775
vt 0.879777 0.532307
vt 0.879710 0.532541
vt 0.866926 0.528844
vt 0.826278 0.840251
vt 0.802587 0.405882
vt 0.963321 0.550911
vt 0.957271 0.549895
vt 0.957567 0.548219
vt 0.963633 0.549205
vt 0.931043 0.648933
vt 0.930811 0.649745
vt 0.931275 0.648122
vt 0.433351 0.689049
vt 0.438589 0.689613
vt 0.438324 0.691292
vt 0.433119 0.690688
vt 0.956854 0.405793
vt 0.819480 0.609788
vt 0.813301 0.610387
vt 0.725555 0.525285
vt 0.351525 0.667724
vt 0.346120 0.667052
vt 0.854142 0.525148
vt 0.776909 0.405887
vt 0.828460 0.504030
vt 0.828418 0.495765
vt 0.755864 0.512592
vt 0.753553 0.523667
vt 0.839516 0.478501
vt 0.891294 0.476997
vt 0.885601 0.476208
vt 0.724522 0.923488
vt 0.730885 0.922135
vt 0.730740 0.924427
vt 0.306636 0.667195
vt 0.304277 0.667182
vt 0.304394 0.665572
vt 0.306656 0.665582
vt 0.500941 0.695496
vt 0.504489 0.696092
vt 0.560788 0.834561
vt 0.561072 0.827690
vt 0.796198 0.839476
vt 0.796286 0.835835
vt 0.879909 0.475420
vt 0.730338 0.824365
vt 0.739107 0.823797
vt 0.905623 0.523383
vt 0.742724 0.881126
vt 0.749600 0.880784
vt 0.486356 0.728206
vt 0.492238 0.731328
vt 0.803099 0.804616
vt 0.803125 0.801088
vt 0.910288 0.281853
vt 0.905831 0.280499
vt 0.906846 0.275398
vt 0.911481 0.275855
vt 0.299869 0.815096
vt 0.298348 0.820955
vt 0.734870 0.614970
vt 0.828887 0.919293
vt 0.828992 0.916979
vt 0.834896 0.920219
vt 0.977591 0.632195
vt 0.971521 0.632677
vt 0.810421 0.496011
vt 0.718971 0.901396
vt 0.727538 0.901079
vt 0.733287 0.862472
vt 0.907874 0.833114
vt 0.757505 0.504356
vt 0.887608 0.495654
vt 0.889451 0.486326
vt 0.803151 0.797560
vt 0.303251 0.670517
vt 0.303924 0.668757
vt 0.306146 0.669412
vt 0.305480 0.671160
vt 0.861933 0.622513
vt 0.926078 0.248993
vt 0.931277 0.243792
vt 0.931745 0.244349
vt 0.926645 0.249451
vt 0.842138 0.921321
vt 0.740904 0.945656
vt 0.745327 0.823516
vt 0.942548 0.478029
vt 0.549648 0.859629
vt 0.546217 0.858883
vt 0.547819 0.853070
vt 0.551217 0.853634
vt 0.865680 0.476932
vt 0.885906 0.503978
vt 0.812318 0.486649
vt 0.808771 0.977218
vt 0.800181 0.977596
vt 0.905648 0.494854
vt 0.716024 0.922382
vt 0.815619 0.799474
vt 0.810278 0.798737
vt 0.964221 0.423439
vt 0.971363 0.423858
vt 0.964916 0.578949
vt 0.970925 0.578490
vt 0.851381 0.894327
vt 0.304277 0.667182
vt 0.306608 0.667865
vt 0.952376 0.990463
vt 0.951386 0.990753
vt 0.733152 0.496358
vt 0.820961 0.800210
vt 0.931275 0.535189
vt 0.854347 0.503403
vt 0.847870 0.875509
vt 0.854812 0.875169
vt 0.836435 0.952540
vt 0.843373 0.952188
vt 0.796549 0.956349
vt 0.796400 0.958642
vt 0.421902 0.709585
vt 0.415857 0.710340
vt 0.415654 0.707253
vt 0.421859 0.706554
vt 0.796698 0.954056
vt 0.790276 0.953105
vt 0.780980 0.495258
vt 0.784815 0.495712
vt 0.971202 0.606367
vt 0.964048 0.606041
vt 0.777145 0.494804
vt 0.793702 0.977897
vt 0.767020 0.613398
vt 0.773050 0.612934
vt 0.721607 0.942853
vt 0.796110 0.843117
vt 0.304258 0.663693
vt 0.306523 0.663716
vt 0.819636 0.876909
vt 0.762588 0.478144
vt 0.740227 0.906311
vt 0.733894 0.900781
vt 0.985128 0.504678
vt 0.978840 0.505170
vt 0.905592 0.425374
vt 0.778159 0.917672
vt 0.787236 0.917228
vt 0.851439 0.418611
vt 0.848919 0.431439
vt 0.838678 0.428502
vt 0.846873 0.843297
vt 0.836575 0.841774
vt 0.526810 0.902557
vt 0.530498 0.898011
vt 0.802793 0.425462
vt 0.802760 0.411961
vt 0.910745 0.615249
vt 0.920992 0.618208
vt 0.854053 0.634754
vt 0.725626 0.437971
vt 0.354933 0.729164
vt 0.350517 0.732989
vt 0.854157 0.538857
vt 0.902758 0.890917
vt 0.735376 0.964683
vt 0.954330 0.418635
vt 0.942816 0.415333
vt 0.745960 0.558675
vt 0.743598 0.570617
vt 0.734581 0.568007
vt 0.735758 0.555715
vt 0.725556 0.539020
vt 0.725556 0.552755
vt 0.931303 0.412030
vt 0.761729 0.837683
vt 0.762690 0.844781
vt 0.753656 0.845234
vt 0.752568 0.837224
vt 0.854180 0.411892
vt 0.788548 0.415250
vt 0.777039 0.425352
vt 0.777033 0.411905
vt 0.881003 0.966492
vt 0.890059 0.959024
vt 0.891280 0.968009
vt 0.890378 0.873431
vt 0.450725 0.950789
vt 0.456570 0.950251
vt 0.879880 0.437735
vt 0.879866 0.425353
vt 0.931282 0.538691
vt 0.751369 0.425455
vt 0.727734 0.981194
vt 0.846588 0.443253
vt 0.801186 0.820877
vt 0.811090 0.820387
vt 0.792390 0.914018
vt 0.888838 0.950039
vt 0.800054 0.545547
vt 0.931227 0.608762
vt 0.931239 0.621168
vt 0.770055 0.831954
vt 0.760768 0.830584
vt 0.766323 0.890501
vt 0.905575 0.411916
vt 0.489165 0.950265
vt 0.494211 0.946176
vt 0.342359 0.949121
vt 0.346157 0.953109
vt 0.342496 0.955854
vt 0.338601 0.951662
vt 0.788665 0.874079
vt 0.797964 0.875454
vt 0.931330 0.425601
vt 0.786605 0.952552
vt 0.795530 0.945061
vt 0.796763 0.954057
vt 0.742618 0.836725
vt 0.743843 0.845725
vt 0.751481 0.829214
vt 0.741393 0.827725
vt 0.931214 0.596356
vt 0.799563 0.934731
vt 0.067407 0.667591
vt 0.326410 0.732294
vt 0.322443 0.737535
vt 0.318803 0.734033
vt 0.322977 0.728674
vt 0.854233 0.450081
vt 0.725564 0.565396
vt 0.800063 0.418595
vt 0.931257 0.634645
vt 0.793900 0.886754
vt 0.792802 0.878757
vt 0.802695 0.878266
vt 0.794297 0.936066
vt 0.744657 0.966053
vt 0.757850 0.948220
vt 0.355736 0.730511
vt 0.351393 0.734314
vt 0.865831 0.846095
vt 0.374930 0.716897
vt 0.369756 0.719902
vt 0.940651 0.614501
vt 0.490984 0.696307
vt 0.496062 0.696851
vt 0.496251 0.698792
vt 0.491226 0.698032
vt 0.541483 0.912325
vt 0.545506 0.907013
vt 0.824944 0.840081
vt 0.964132 0.551032
vt 0.971159 0.550500
vt 0.971391 0.470499
vt 0.965040 0.470081
vt 0.854201 0.462847
vt 0.483575 0.940671
vt 0.488209 0.936936
vt 0.489099 0.938231
vt 0.484388 0.941998
vt 0.860183 0.893916
vt 0.512432 0.921065
vt 0.516875 0.917275
vt 0.904506 0.856539
vt 0.963384 0.472908
vt 0.957128 0.473745
vt 0.467345 0.725380
vt 0.461479 0.723594
vt 0.074576 0.668667
vt 0.409385 0.706657
vt 0.403159 0.706199
vt 0.408970 0.703045
vt 0.402561 0.702502
vt 0.978366 0.606717
vt 0.986646 0.606041
vt 0.339286 0.170899
vt 0.338097 0.168958
vt 0.812677 0.583419
vt 0.777143 0.503373
vt 0.747802 0.946675
vt 0.783689 0.879201
vt 0.760502 0.865544
vt 0.760549 0.861185
vt 0.978640 0.397412
vt 0.986097 0.396836
vt 0.957120 0.412544
vt 0.963801 0.413815
vt 0.971434 0.466928
vt 0.964919 0.466538
vt 0.907948 0.258090
vt 0.904551 0.253005
vt 0.907222 0.250805
vt 0.910996 0.256456
vt 0.830034 0.801663
vt 0.802848 0.462949
vt 0.894596 0.911497
vt 0.458456 0.713383
vt 0.452846 0.710535
vt 0.514159 0.734402
vt 0.520119 0.739317
vt 0.752325 0.528707
vt 0.757867 0.528371
vt 0.957471 0.646814
vt 0.965453 0.645107
vt 0.777076 0.462726
vt 0.777064 0.450121
vt 0.865430 0.604601
vt 0.769910 0.871303
vt 0.779365 0.872704
vt 0.805112 0.523538
vt 0.475568 0.967018
vt 0.469535 0.970005
vt 0.863441 0.874749
vt 0.863829 0.879964
vt 0.779533 0.833358
vt 0.725573 0.591025
vt 0.725572 0.578037
vt 0.864216 0.885180
vt 0.873667 0.886619
vt 0.851919 0.951813
vt 0.543201 0.858228
vt 0.544833 0.852575
vt 0.871541 0.965096
vt 0.856352 0.844697
vt 0.747210 0.789208
vt 0.344544 0.164651
vt 0.344005 0.164111
vt 0.752960 0.524022
vt 0.758831 0.523667
vt 0.963359 0.444739
vt 0.957128 0.445673
vt 0.505342 0.950715
vt 0.511103 0.947525
vt 0.794999 0.894752
vt 0.792061 0.821322
vt 0.777073 0.552550
vt 0.729337 0.952948
vt 0.728133 0.943945
vt 0.831179 0.899984
vt 0.730542 0.961950
vt 0.025974 0.980824
vt 0.777052 0.437737
vt 0.789010 0.834761
vt 0.760455 0.869903
vt 0.809703 0.936230
vt 0.828438 0.425564
vt 0.842952 0.568140
vt 0.829496 0.952891
vt 0.724644 0.862955
vt 0.917039 0.476975
vt 0.972233 0.424361
vt 0.978347 0.423858
vt 0.731581 0.504469
vt 0.829097 0.914665
vt 0.049080 0.667518
vt 0.823447 0.953197
vt 0.779173 0.523616
vt 0.863682 0.613557
vt 0.731031 0.919844
vt 0.318010 0.672134
vt 0.318340 0.670514
vt 0.321775 0.671341
vt 0.321366 0.672974
vt 0.786649 0.486339
vt 0.753347 0.861539
vt 0.971204 0.428829
vt 0.964221 0.429169
vt 0.964221 0.424105
vt 0.971450 0.423858
vt 0.406347 0.678831
vt 0.400712 0.678010
vt 0.317403 0.673946
vt 0.320774 0.674805
vt 0.713175 0.941728
vt 0.971572 0.578490
vt 0.977429 0.578984
vt 0.972703 0.632960
vt 0.820373 0.610394
vt 0.826211 0.611141
vt 0.773107 0.636096
vt 0.766008 0.636555
vt 0.334906 0.677600
vt 0.339119 0.678490
vt 0.176479 0.260556
vt 0.176860 0.260556
vt 0.176708 0.304842
vt 0.175904 0.232236
vt 0.175524 0.232236
vt 0.175774 0.246358
vt 0.175774 0.246725
vt 0.175923 0.262286
vt 0.175524 0.262286
vt 0.175811 0.278705
vt 0.175805 0.285256
vt 0.176044 0.292711
vt 0.176479 0.292711
vt 0.176121 0.247321
vt 0.175102 0.207493
vt 0.175524 0.207493
vt 0.176774 0.218270
vt 0.176900 0.207493
vt 0.176775 0.218719
vt 0.176774 0.219372
vt 0.208945 0.291962
vt 0.205900 0.276651
vt 0.205900 0.261041
vt 0.208945 0.245731
vt 0.214919 0.231309
vt 0.223591 0.218329
vt 0.234629 0.207291
vt 0.247609 0.198619
vt 0.262030 0.192645
vt 0.277341 0.189599
vt 0.292951 0.189599
vt 0.308261 0.192645
vt 0.322683 0.198618
vt 0.335662 0.207291
vt 0.346700 0.218329
vt 0.355373 0.231309
vt 0.361346 0.245731
vt 0.364392 0.261041
vt 0.364392 0.276651
vt 0.361346 0.291962
vt 0.355373 0.306384
vt 0.346700 0.319363
vt 0.335662 0.330401
vt 0.322683 0.339074
vt 0.308261 0.345048
vt 0.292951 0.348093
vt 0.277341 0.348093
vt 0.262030 0.345048
vt 0.247609 0.339074
vt 0.234629 0.330401
vt 0.223591 0.319363
vt 0.214919 0.306384
vt 0.098458 0.979761
vt 0.108802 0.979741
vt 0.028390 0.853056
vt 0.098458 0.667518
vt 0.077773 0.667518
vt 0.044358 0.795344
vt 0.088069 0.667518
vt 0.864345 0.286022
vt 0.869363 0.281906
vt 0.871353 0.283897
vt 0.867233 0.288911
vt 0.900227 0.248680
vt 0.895143 0.245283
vt 0.896769 0.242225
vt 0.902417 0.246000
vt 0.945295 0.291181
vt 0.942609 0.296196
vt 0.938285 0.293306
vt 0.941898 0.288911
vt 0.896565 0.259573
vt 0.893676 0.256683
vt 0.897276 0.252288
vt 0.900953 0.255965
vt 0.924065 0.275855
vt 0.924065 0.269739
vt 0.928716 0.270196
vt 0.928716 0.275397
vt 0.907948 0.287504
vt 0.913596 0.282860
vt 0.910996 0.289138
vt 0.869363 0.263688
vt 0.867799 0.266028
vt 0.862075 0.262970
vt 0.864345 0.259573
vt 0.918471 0.269190
vt 0.920606 0.269399
vt 0.894746 0.271390
vt 0.856614 0.243792
vt 0.857081 0.244350
vt 0.851981 0.249451
vt 0.851414 0.248993
vt 0.992406 0.269120
vt 0.992405 0.276475
vt 0.991699 0.276404
vt 0.991699 0.269190
vt 0.944028 0.263688
vt 0.946018 0.261697
vt 0.856614 0.301802
vt 0.857081 0.301244
vt 0.863078 0.305252
vt 0.862728 0.305888
vt 0.941388 0.268629
vt 0.942465 0.266028
vt 0.845214 0.283480
vt 0.847266 0.282860
vt 0.849866 0.289138
vt 0.847974 0.290145
vt 0.975860 0.270754
vt 0.969411 0.271390
vt 0.968862 0.268629
vt 0.975063 0.266746
vt 0.986144 0.269739
vt 0.989585 0.269399
vt 0.989585 0.276195
vt 0.986144 0.275855
vt 0.860511 0.266746
vt 0.855065 0.265095
vt 0.857055 0.260290
vt 0.889494 0.242942
vt 0.888148 0.247408
vt 0.883048 0.246393
vt 0.883498 0.241749
vt 0.850593 0.263741
vt 0.854051 0.270196
vt 0.849400 0.269739
vt 0.870630 0.291182
vt 0.867944 0.296196
vt 0.863621 0.293307
vt 0.921931 0.262734
vt 0.925258 0.263740
vt 0.971229 0.286022
vt 0.968340 0.288911
vt 0.964231 0.283897
vt 0.966221 0.281906
vt 0.919878 0.262114
vt 0.889567 0.261697
vt 0.891556 0.263688
vt 0.884088 0.310138
vt 0.884028 0.309421
vt 0.891102 0.308013
vt 0.891301 0.308703
vt 0.898835 0.262970
vt 0.903841 0.260290
vt 0.905831 0.265095
vt 0.900398 0.266746
vt 0.889494 0.302652
vt 0.895143 0.300311
vt 0.896768 0.303369
vt 0.890492 0.305970
vt 0.894197 0.268629
vt 0.893120 0.266028
vt 0.903762 0.244350
vt 0.897765 0.240342
vt 0.950957 0.286538
vt 0.953717 0.287087
vt 0.913494 0.255109
vt 0.912869 0.255449
vt 0.908862 0.249451
vt 0.909409 0.248993
vt 0.844514 0.261905
vt 0.845214 0.262114
vt 0.843807 0.269190
vt 0.843079 0.269119
vt 0.915629 0.262114
vt 0.913596 0.262734
vt 0.975063 0.278848
vt 0.968862 0.276965
vt 0.969411 0.274205
vt 0.975860 0.274840
vt 0.900227 0.296914
vt 0.904551 0.292589
vt 0.907221 0.294789
vt 0.902417 0.299594
vt 0.896565 0.286022
vt 0.898835 0.282624
vt 0.903841 0.285304
vt 0.900953 0.289629
vt 0.910288 0.263741
vt 0.946050 0.302652
vt 0.940402 0.300311
vt 0.947413 0.298186
vt 0.881867 0.287087
vt 0.879052 0.287087
vt 0.891556 0.281906
vt 0.893120 0.279566
vt 0.938758 0.303369
vt 0.933109 0.299594
vt 0.935318 0.296913
vt 0.859714 0.270754
vt 0.859714 0.274840
vt 0.854051 0.275398
vt 0.906846 0.270196
vt 0.911481 0.269739
vt 0.927598 0.258090
vt 0.930995 0.253005
vt 0.934609 0.255965
vt 0.931720 0.260290
vt 0.965765 0.308013
vt 0.958691 0.309421
vt 0.958492 0.307296
vt 0.965155 0.305970
vt 0.866173 0.274204
vt 0.866722 0.276965
vt 0.844514 0.283689
vt 0.847328 0.290485
vt 0.877383 0.241749
vt 0.871386 0.242942
vt 0.870371 0.239624
vt 0.877034 0.238298
vt 0.967785 0.266028
vt 0.973499 0.262970
vt 0.933110 0.246000
vt 0.928306 0.250805
vt 0.867799 0.279566
vt 0.931277 0.301802
vt 0.926077 0.296600
vt 0.926645 0.296143
vt 0.931745 0.301244
vt 0.921992 0.290484
vt 0.922638 0.290145
vt 0.940839 0.274204
vt 0.940839 0.271389
vt 0.914921 0.269399
vt 0.917036 0.269190
vt 0.917036 0.276404
vt 0.914921 0.276195
vt 0.860511 0.278848
vt 0.958162 0.241749
vt 0.958492 0.238298
vt 0.965156 0.239624
vt 0.964159 0.242942
vt 0.939010 0.259572
vt 0.938286 0.252287
vt 0.941899 0.256683
vt 0.935318 0.248680
vt 0.975617 0.289629
vt 0.971940 0.293307
vt 0.951479 0.309421
vt 0.944405 0.308013
vt 0.945035 0.305970
vt 0.951698 0.307296
vt 0.883497 0.303845
vt 0.883828 0.307296
vt 0.942609 0.249398
vt 0.945296 0.254412
vt 0.946051 0.242942
vt 0.952048 0.241749
vt 0.952513 0.246393
vt 0.947413 0.247407
vt 0.929730 0.265095
vt 0.957713 0.246393
vt 0.957162 0.252051
vt 0.953077 0.252051
vt 0.952047 0.303845
vt 0.873692 0.260134
vt 0.870630 0.254413
vt 0.874405 0.252849
vt 0.876292 0.259056
vt 0.937742 0.240341
vt 0.944405 0.237581
vt 0.945035 0.239624
vt 0.938759 0.242225
vt 0.887227 0.260134
vt 0.978872 0.243792
vt 0.984072 0.248994
vt 0.983525 0.249451
vt 0.978425 0.244350
vt 0.990971 0.283689
vt 0.990292 0.283480
vt 0.866722 0.268629
vt 0.964944 0.291182
vt 0.961891 0.285461
vt 0.964232 0.261697
vt 0.966221 0.263688
vt 0.891301 0.236891
vt 0.891102 0.237581
vt 0.884028 0.236173
vt 0.884088 0.235456
vt 0.988157 0.255110
vt 0.990971 0.261905
vt 0.990292 0.262115
vt 0.987532 0.255450
vt 0.890279 0.291182
vt 0.887227 0.285461
vt 0.889566 0.283897
vt 0.893676 0.288911
vt 0.865737 0.245283
vt 0.860653 0.248680
vt 0.858445 0.246000
vt 0.864094 0.242225
vt 0.892952 0.249398
vt 0.981510 0.275398
vt 0.981510 0.270197
vt 0.980495 0.280499
vt 0.940402 0.245282
vt 0.982612 0.258090
vt 0.985660 0.256456
vt 0.988259 0.262734
vt 0.984952 0.263741
vt 0.934380 0.270754
vt 0.935177 0.266746
vt 0.969807 0.300312
vt 0.964158 0.302652
vt 0.962812 0.298187
vt 0.967616 0.296196
vt 0.886505 0.252849
vt 0.882497 0.252051
vt 0.862075 0.282624
vt 0.951479 0.236173
vt 0.951699 0.238298
vt 0.916309 0.261905
vt 0.917743 0.269119
vt 0.941388 0.276965
vt 0.845941 0.269399
vt 0.845941 0.276195
vt 0.843807 0.276404
vt 0.950958 0.259056
vt 0.949070 0.252849
vt 0.953718 0.258507
vt 0.942464 0.279566
vt 0.843079 0.276475
vt 0.937392 0.239706
vt 0.944186 0.236891
vt 0.987532 0.290145
vt 0.983525 0.296143
vt 0.981885 0.294789
vt 0.985659 0.289138
vt 0.956532 0.258507
vt 0.856330 0.292589
vt 0.860653 0.296914
vt 0.858445 0.299594
vt 0.853641 0.294789
vt 0.935176 0.278848
vt 0.929730 0.280499
vt 0.934380 0.274840
vt 0.927597 0.287503
vt 0.925258 0.281853
vt 0.931720 0.285304
vt 0.849400 0.275855
vt 0.936740 0.262970
vt 0.988259 0.282860
vt 0.984951 0.281854
vt 0.971230 0.259573
vt 0.958691 0.236173
vt 0.962813 0.247408
vt 0.961169 0.252849
vt 0.982612 0.287504
vt 0.978506 0.285304
vt 0.882497 0.293543
vt 0.886504 0.292745
vt 0.888148 0.298187
vt 0.883048 0.299201
vt 0.850593 0.281853
vt 0.884627 0.259056
vt 0.890279 0.254413
vt 0.965765 0.237581
vt 0.967785 0.279566
vt 0.851981 0.296143
vt 0.851414 0.296601
vt 0.965964 0.236891
vt 0.972758 0.239706
vt 0.972428 0.240342
vt 0.959292 0.259056
vt 0.847266 0.262734
vt 0.869741 0.308013
vt 0.869522 0.308703
vt 0.988157 0.290485
vt 0.984071 0.296601
vt 0.884627 0.286538
vt 0.972428 0.305253
vt 0.971432 0.303369
vt 0.878412 0.252051
vt 0.877848 0.246393
vt 0.969808 0.245283
vt 0.967617 0.249398
vt 0.978506 0.260290
vt 0.980496 0.265095
vt 0.852933 0.287504
vt 0.971432 0.242225
vt 0.867944 0.249398
vt 0.863621 0.252288
vt 0.855065 0.280499
vt 0.857055 0.285304
vt 0.867233 0.256683
vt 0.930994 0.292589
vt 0.928305 0.294788
vt 0.924531 0.289138
vt 0.903762 0.301244
vt 0.908862 0.296143
vt 0.871353 0.261697
vt 0.951398 0.235456
vt 0.978425 0.301245
vt 0.977081 0.299594
vt 0.901195 0.270754
vt 0.917743 0.276474
vt 0.917743 0.269119
vt 0.956532 0.287087
vt 0.853641 0.250805
vt 0.968341 0.256683
vt 0.856330 0.253005
vt 0.872748 0.247408
vt 0.852933 0.258090
vt 0.859944 0.255965
vt 0.865737 0.300311
vt 0.864094 0.303369
vt 0.961169 0.292745
vt 0.959292 0.286538
vt 0.876815 0.236173
vt 0.869741 0.237581
vt 0.876734 0.235456
vt 0.979215 0.292589
vt 0.958752 0.235456
vt 0.958751 0.310138
vt 0.951397 0.310138
vt 0.866173 0.271390
vt 0.849866 0.256456
vt 0.847974 0.255449
vt 0.975617 0.255966
vt 0.919178 0.283689
vt 0.890492 0.239624
vt 0.883828 0.238298
vt 0.953077 0.293543
vt 0.949070 0.292745
vt 0.964944 0.254413
vt 0.897276 0.293306
vt 0.892952 0.296196
vt 0.871386 0.302652
vt 0.870371 0.305970
vt 0.898095 0.239706
vt 0.936740 0.282624
vt 0.957162 0.293543
vt 0.921992 0.255109
vt 0.922638 0.255449
vt 0.862728 0.239706
vt 0.863078 0.240342
vt 0.881867 0.258507
vt 0.957712 0.299201
vt 0.952513 0.299201
vt 0.948358 0.260133
vt 0.913494 0.290485
vt 0.912869 0.290145
vt 0.915629 0.283480
vt 0.916309 0.283689
vt 0.948358 0.285460
vt 0.879052 0.258507
vt 0.946018 0.283897
vt 0.972757 0.305888
vt 0.965963 0.308703
vt 0.961892 0.260134
vt 0.979215 0.253005
vt 0.971940 0.252288
vt 0.974891 0.248681
vt 0.859944 0.289629
vt 0.974891 0.296914
vt 0.876292 0.286538
vt 0.873692 0.285461
vt 0.897765 0.305252
vt 0.898095 0.305888
vt 0.944185 0.308703
vt 0.937391 0.305888
vt 0.937742 0.305252
vt 0.924531 0.256455
vt 0.869522 0.236891
vt 0.973499 0.282624
vt 0.874405 0.292745
vt 0.878412 0.293543
vt 0.877848 0.299201
vt 0.872748 0.298187
vt 0.877383 0.303845
vt 0.877034 0.307296
vt 0.958161 0.303845
vt 0.944028 0.281906
vt 0.847328 0.255109
vt 0.904209 0.243792
vt 0.904209 0.301802
vt 0.909409 0.296600
vt 0.981885 0.250806
vt 0.977081 0.246000
vt 0.919178 0.261905
vt 0.876734 0.310138
vt 0.876815 0.309421
vt 0.978871 0.301802
vt 0.917743 0.276475
vt 0.934609 0.289629
vt 0.939010 0.286021
vt 0.804026 0.523538
vt 0.804063 0.523917
vt 0.803911 0.523917
vt 0.803948 0.523538
vt 0.438121 0.693177
vt 0.432918 0.692526
vt 0.931170 0.523515
vt 0.355573 0.677737
vt 0.360551 0.678656
vt 0.439083 0.684451
vt 0.433978 0.683491
vt 0.964003 0.450835
vt 0.957882 0.451850
vt 0.988902 0.731903
vt 0.989933 0.731903
vt 0.827030 0.583424
vt 0.819962 0.582788
vt 0.490933 0.694646
vt 0.496050 0.695067
vt 0.985167 0.019136
vt 0.985167 0.230865
s 1
usemtl Tent
f 65/1/1 97/2/1 66/3/1
f 66/3/2 97/2/2 67/4/2
f 67/4/3 97/2/3 68/5/3
f 68/5/4 97/2/4 69/6/4
f 69/6/5 97/2/5 70/7/5
f 70/7/6 97/2/6 71/8/6
f 71/8/7 97/2/7 72/9/7
f 72/9/8 97/2/8 73/10/8
f 73/10/9 97/2/9 74/11/9
f 74/11/10 97/2/10 75/12/10
f 75/12/11 97/2/11 76/13/11
f 76/13/12 97/2/12 77/14/12
f 77/14/13 97/2/13 78/15/13
f 78/15/14 97/2/14 79/16/14
f 79/16/15 97/2/15 80/17/15
f 80/17/16 97/2/16 81/18/16
f 81/18/17 97/2/17 82/19/17
f 82/19/18 97/2/18 83/20/18
f 83/20/19 97/2/19 84/21/19
f 84/21/20 97/2/20 85/22/20
f 85/22/21 97/2/21 86/23/21
f 86/23/22 97/2/22 87/24/22
f 87/24/23 97/2/23 88/25/23
f 88/25/24 97/2/24 89/26/24
f 89/26/25 97/2/25 90/27/25
f 90/27/26 97/2/26 91/28/26
f 91/28/27 97/2/27 92/29/27
f 92/29/28 97/2/28 93/30/28
f 93/30/29 97/2/29 94/31/29
f 94/31/30 97/2/30 95/32/30
f 95/32/31 97/2/31 96/33/31
f 96/33/32 97/2/32 65/1/32
f 1336/34/33 1604/35/33 1595/36/33
f 1301/37/34 1605/38/34 1572/39/34
f 1316/40/35 1606/41/35 1582/42/35
f 1334/43/36 1607/44/36 1594/45/36
f 1451/46/37 1833/47/38 2134/48/39 1879/49/40
f 1315/50/41 1609/51/42 1581/52/42
f 1333/53/43 1610/54/43 1593/55/43
f 499/56/44 1057/57/45 850/58/46 152/59/47
f 1313/60/48 1612/61/48 1580/62/48
f 1331/63/49 1613/64/49 1592/65/49
f 1346/66/50 1614/67/50 1602/68/50
f 901/69/51 366/70/51 641/71/51 1154/72/51
f 670/73/52 1047/74/53 872/75/54 254/76/52
f 1344/77/55 1617/78/55 1601/79/55
f 1761/80/56 1383/81/57 1626/82/58 2048/83/59
f 1310/84/60 1613/64/61 2115/85/62 1852/86/63
f 1609/51/42 1346/87/42 1602/88/42 1581/52/42
f 1468/89/64 1862/90/65 2010/91/66 1723/92/67
f 1325/93/68 1622/94/68 1588/95/68
f 339/96/69 851/97/69 1222/98/69 858/99/69
f 1328/100/70 1624/101/70 1508/102/70
f 1709/103/71 1996/104/72 1749/105/73 1390/106/74
f 209/107/75 593/108/75 1102/109/75 745/110/75
f 612/111/76 1220/112/76 608/113/76 224/114/76
f 1924/115/77 1514/116/77 1983/117/77 1478/118/77
f 1635/119/78 1582/120/78 1596/121/78 1337/122/78
f 377/123/79 920/124/79 1188/125/80 676/126/81
f 1338/127/82 1632/128/82 1597/129/82
f 1304/130/83 1633/131/83 1574/132/83
f 1751/133/84 1389/134/85 1644/135/86 2058/136/87
f 271/137/88 732/138/88 1236/139/88 628/140/88
f 1730/141/89 2015/142/90 1825/143/91 1381/144/92
f 2200/145/93 1893/146/93 1480/147/93 2198/148/93
f 1480/147/94 1894/149/94 2188/150/94 2198/148/94
f 435/151/95 389/152/95 948/153/95 1014/154/95
f 1348/155/96 1349/156/97 1763/157/98
f 1349/158/97 1695/159/99 2082/160/100
f 1573/161/101 1594/162/101 1298/163/101
f 1636/164/101 1334/165/101 1594/166/101
f 1596/167/78 1582/168/78 1298/163/78
f 1635/119/78 1316/169/78 1582/120/78
f 1584/170/102 1572/171/102 1298/163/102
f 1634/172/102 1301/173/102 1572/174/102
f 1574/175/83 1595/176/83 1298/163/83
f 1472/177/103 1858/178/104 2014/179/105 1727/180/106
f 1597/181/82 1508/182/82 1298/163/82
f 1641/183/107 1386/184/108 1754/185/109 2055/186/110
f 1583/187/111 1571/188/111 1298/163/111
f 1631/189/111 1300/190/111 1571/191/111
f 1585/192/112 1573/161/112 1298/163/112
f 1630/193/112 1302/194/112 1573/195/112
f 1575/196/113 1596/167/113 1298/163/113
f 1629/197/113 1337/198/113 1596/199/113
f 1598/200/114 1584/170/114 1298/163/114
f 1628/201/114 1319/202/114 1584/203/114
f 1586/204/115 1574/175/115 1298/163/115
f 1627/205/115 1304/206/115 1574/207/115
f 1576/208/116 1597/181/116 1298/163/116
f 1625/209/116 1338/210/116 1597/211/116
f 1508/182/70 1583/187/70 1298/163/70
f 1055/212/117 857/213/118 342/214/118 854/215/119
f 1599/216/120 1585/192/120 1298/163/120
f 1623/217/120 1320/218/120 1585/219/120
f 1588/220/68 1575/196/68 1298/163/68
f 712/221/121 1165/222/121 566/223/121 260/224/121
f 1577/225/122 1598/200/122 1298/163/122
f 1621/226/122 1340/227/122 1598/228/122
f 1600/229/123 1586/204/123 1298/163/123
f 1638/230/123 1322/231/123 1586/232/123
f 1589/233/124 1576/208/124 1298/163/124
f 1619/234/124 1307/235/124 1576/236/124
f 1578/237/125 1599/216/125 1298/163/125
f 1618/238/125 1341/239/125 1599/240/125
f 1601/241/55 1588/220/55 1298/163/55
f 2451/242/126 2447/243/127 2443/244/128 2446/245/129
f 1591/246/130 1577/225/130 1298/163/130
f 1616/247/130 1308/248/130 1577/249/130
f 1579/250/131 1600/229/131 1298/163/131
f 1615/251/131 1343/252/131 1600/253/131
f 1602/254/50 1589/233/50 1298/163/50
f 1727/180/106 2014/179/105 1731/255/132 1408/256/133
f 1592/257/49 1578/237/49 1298/163/49
f 1461/258/134 1869/259/135 2003/260/136 1716/261/137
f 1580/262/48 1601/241/48 1298/163/48
f 308/263/138 801/264/139 1132/265/140 482/266/141
f 1603/267/142 1591/246/142 1298/163/142
f 1611/268/142 1330/269/142 1591/270/142
f 1593/271/43 1579/250/43 1298/163/43
f 1054/272/143 858/273/143 341/274/143 853/275/143
f 1581/276/42 1602/254/42 1298/163/42
f 125/277/144 459/278/144 1110/279/144 591/280/144
f 1571/188/145 1592/257/145 1298/163/145
f 1608/281/145 1331/282/145 1592/283/145
f 1594/162/36 1580/262/36 1298/163/36
f 1408/256/146 1731/255/147 2078/284/148 1663/285/149
f 1582/168/35 1603/267/35 1298/163/35
f 1064/286/150 838/287/151 330/288/151 834/289/152
f 1572/171/34 1593/271/34 1298/163/34
f 1951/290/153 1526/291/153 1954/292/153 1484/293/153
f 1595/176/33 1581/276/33 1298/163/33
f 1738/294/154 2007/295/155 1721/296/156 1402/297/157
f 1260/298/158 2196/299/158 2197/300/158
f 1284/301/159 2193/302/159 2190/303/159
f 1303/304/160 2166/305/160 2154/306/160
f 1309/307/161 2163/308/161 2159/309/161
f 2165/310/162 1321/311/163 2162/312/162
f 1326/313/164 2168/314/165 2150/315/165
f 2248/316/166 2243/317/167 2242/318/168
f 2289/319/169 2297/320/170 2290/321/171
f 2237/322/172 2242/318/168 2243/317/167
f 2269/323/173 2276/324/174 2270/325/175
f 2276/324/174 2286/326/176 2282/327/177
f 2289/319/169 2290/321/171 2286/328/176
f 2254/329/178 2261/330/179 2262/331/180
f 2286/328/176 2290/321/171 2282/332/177
f 2304/333/181 2312/334/182 2313/335/183
f 2232/336/184 2237/322/172 2238/337/185
f 2276/324/174 2282/327/177 2274/338/186
f 2304/333/181 2313/335/183 2314/339/187
f 2249/340/188 2254/329/178 2255/341/189
f 2304/333/181 2314/339/187 2315/342/190
f 2262/331/180 2270/325/175 2263/343/191
f 2270/325/175 2274/338/186 2275/344/192
f 2304/333/181 2315/342/190 2316/345/193
f 2662/346/194 2661/347/195 2666/348/196 2667/349/197
f 2282/332/177 2291/350/198 2283/351/199
f 2304/333/181 2316/345/193 2317/352/200
f 2262/331/180 2263/343/191 2258/353/201
f 2270/325/175 2275/344/192 2271/354/202
f 2298/355/203 2304/333/181 2305/356/204
f 2263/343/191 2271/354/202 2266/357/205
f 2275/358/192 2283/351/199 2271/359/202
f 2291/350/198 2298/355/203 2299/360/206
f 2305/361/204 2318/362/207 2319/363/208
f 2271/359/202 2272/364/209 2266/365/205
f 2271/359/202 2283/351/199 2272/364/209
f 2305/361/204 2319/363/208 2320/366/210
f 2250/367/211 2258/353/201 2251/368/212
f 2258/353/201 2266/357/205 2264/369/213
f 2277/370/214 2283/351/199 2287/371/215
f 2287/371/215 2291/350/198 2292/372/216
f 2305/361/204 2320/366/210 2321/373/217
f 1377/374/218 1697/375/219 2080/376/220 1665/377/221
f 2299/378/206 2305/361/204 2306/379/222
f 2244/380/223 2251/368/212 2245/381/224
f 2258/353/201 2264/369/213 2256/382/225
f 2306/379/222 2322/383/226 2323/384/227
f 2266/365/205 2272/364/209 2264/385/213
f 2292/386/216 2299/378/206 2300/387/228
f 2306/379/222 2323/384/227 2324/388/229
f 2234/389/230 2239/390/231 2235/391/232
f 2251/368/212 2256/382/225 2252/392/233
f 2277/370/214 2287/371/215 2278/393/234
f 2278/393/234 2287/371/215 2284/394/235
f 2306/379/222 2324/388/229 2325/395/236
f 2300/387/228 2306/379/222 2307/396/237
f 2245/381/224 2252/392/233 2246/397/238
f 2264/385/213 2267/398/239 2259/399/240
f 2267/398/239 2272/364/209 2278/393/234
f 2284/400/235 2292/386/216 2293/401/241
f 2239/390/231 2246/397/238 2240/402/242
f 2246/403/238 2252/404/233 2253/405/243
f 2284/400/235 2293/401/241 2294/406/244
f 547/407/245 1184/408/246 545/409/247 193/410/247
f 2240/411/242 2246/403/238 2247/412/248
f 2246/403/238 2253/405/243 2247/412/248
f 2300/387/228 2308/413/249 2301/414/250
f 2280/415/251 2284/400/235 2285/416/252
f 2236/417/253 2240/411/242 2241/418/254
f 2240/411/242 2247/412/248 2241/418/254
f 2260/419/255 2267/398/239 2268/420/256
f 2268/421/256 2279/422/257 2273/423/258
f 2273/424/258 2279/425/257 2280/415/251
f 2294/406/244 2301/414/250 2295/426/259
f 2294/406/244 2295/426/259 2288/427/260
f 2301/414/250 2309/428/261 2302/429/262
f 2309/430/261 2332/431/263 2333/432/264
f 2273/424/258 2280/415/251 2281/433/265
f 2248/316/166 2260/419/255 2257/434/266
f 2285/416/252 2288/427/260 2281/433/265
f 2295/426/259 2302/429/262 2296/435/267
f 2302/436/262 2309/430/261 2303/437/268
f 2281/433/265 2288/427/260 2276/324/174
f 2288/427/260 2296/435/267 2289/438/169
f 2296/439/267 2302/436/262 2297/320/170
f 2302/436/262 2303/437/268 2297/320/170
f 2261/330/179 2273/424/258 2269/323/173
f 2296/439/267 2297/320/170 2289/319/169
f 2248/316/166 2257/434/266 2254/440/178
f 2288/427/260 2289/438/169 2286/326/176
f 2394/441/269 2402/442/270 2395/443/271
f 2342/444/272 2347/445/273 2348/446/274
f 2374/447/275 2381/448/276 2375/449/277
f 2381/448/276 2391/450/278 2387/451/279
f 2394/441/269 2395/443/271 2391/452/278
f 2359/453/280 2366/454/281 2367/455/282
f 2391/452/278 2395/443/271 2387/456/279
f 2409/457/283 2417/458/284 2418/459/285
f 2338/460/286 2342/444/272 2343/461/287
f 2381/448/276 2387/451/279 2379/462/288
f 2409/457/283 2418/459/285 2419/463/289
f 2354/464/290 2359/453/280 2360/465/291
f 2409/457/283 2419/463/289 2420/466/292
f 2367/455/282 2375/449/277 2368/467/293
f 2375/449/277 2379/462/288 2380/468/294
f 2409/457/283 2420/466/292 2421/469/295
f 2449/470/296 2448/471/297 2453/472/298 2454/473/299
f 2387/456/279 2396/474/300 2388/475/301
f 2409/457/283 2421/469/295 2422/476/302
f 2367/455/282 2368/467/293 2363/477/303
f 2375/449/277 2380/468/294 2376/478/304
f 2403/479/305 2409/457/283 2410/480/306
f 2368/467/293 2376/478/304 2371/481/307
f 2380/482/294 2388/475/301 2376/483/304
f 2396/474/300 2403/479/305 2404/484/308
f 2410/485/306 2423/486/309 2424/487/310
f 2376/483/304 2377/488/311 2371/489/307
f 2376/483/304 2388/475/301 2377/488/311
f 2410/485/306 2424/487/310 2425/490/312
f 2355/491/313 2363/477/303 2356/492/314
f 2363/477/303 2371/481/307 2369/493/315
f 2382/494/316 2388/475/301 2392/495/317
f 2392/495/317 2396/474/300 2397/496/318
f 2410/485/306 2425/490/312 2426/497/319
f 2082/160/100 1695/159/99 1350/498/320 1764/499/321
f 2404/500/308 2410/485/306 2411/501/322
f 2349/502/323 2356/492/314 2350/503/324
f 2363/477/303 2369/493/315 2361/504/325
f 2411/501/322 2427/505/326 2428/506/327
f 2371/489/307 2377/488/311 2369/507/315
f 2397/508/318 2404/500/308 2405/509/328
f 2411/501/322 2428/506/327 2429/510/329
f 2356/492/314 2361/504/325 2357/511/330
f 2382/494/316 2392/495/317 2383/512/331
f 2383/512/331 2392/495/317 2389/513/332
f 2411/501/322 2429/510/329 2430/514/333
f 2405/509/328 2411/501/322 2412/515/334
f 2350/503/324 2357/511/330 2351/516/335
f 2369/507/315 2372/517/336 2364/518/337
f 2372/517/336 2377/488/311 2383/512/331
f 2389/519/332 2397/520/318 2398/521/338
f 2344/522/339 2351/516/335 2345/523/340
f 2351/524/335 2357/525/330 2358/526/341
f 2389/527/332 2398/528/338 2399/529/342
f 1208/530/343 555/531/344 185/532/345 664/533/345
f 2345/534/340 2351/524/335 2352/535/346
f 2351/524/335 2358/526/341 2352/535/346
f 2405/509/328 2413/536/347 2406/537/348
f 2385/538/349 2389/527/332 2390/539/350
f 2341/540/351 2345/534/340 2346/541/352
f 2345/534/340 2352/535/346 2346/541/352
f 2365/542/353 2372/517/336 2373/543/354
f 2373/544/354 2384/545/355 2378/546/356
f 2378/547/356 2384/548/355 2385/538/349
f 2399/529/342 2406/537/348 2400/549/357
f 2399/529/342 2400/549/357 2393/550/358
f 2406/537/348 2414/551/359 2407/552/360
f 2414/553/359 2437/554/361 2438/555/362
f 1736/556/363 2009/557/364 1723/558/365 1404/559/366
f 2378/547/356 2385/538/349 2386/560/367
f 2353/561/368 2365/542/353 2362/562/369
f 2390/539/350 2393/550/358 2386/560/367
f 2400/549/357 2407/552/360 2401/563/370
f 2407/564/360 2414/553/359 2408/565/371
f 2386/560/367 2393/550/358 2381/448/276
f 2393/550/358 2401/563/370 2394/566/269
f 2401/567/370 2407/564/360 2402/442/270
f 2407/564/360 2408/565/371 2402/442/270
f 2366/454/281 2378/547/356 2374/447/275
f 2401/567/370 2402/442/270 2394/441/269
f 2353/568/368 2362/569/369 2359/570/280
f 2393/550/358 2394/566/269 2391/450/278
f 2500/571/372 2508/572/373 2501/573/374
f 2447/243/127 2452/574/375 2453/575/298
f 2479/576/376 2487/577/377 2480/578/378
f 2487/577/377 2497/579/379 2493/580/380
f 2500/571/372 2501/573/374 2497/581/379
f 2464/582/381 2471/583/382 2472/584/383
f 2497/581/379 2501/573/374 2493/585/380
f 2515/586/384 2523/587/385 2524/588/386
f 2443/244/128 2447/243/127 2448/589/297
f 2487/577/377 2493/580/380 2484/590/387
f 2515/586/384 2524/588/386 2525/591/388
f 2459/592/389 2464/582/381 2465/593/390
f 2515/586/384 2525/591/388 2526/594/391
f 2472/584/383 2480/578/378 2473/595/392
f 2480/578/378 2484/590/387 2485/596/393
f 2515/586/384 2526/594/391 2527/597/394
f 111/598/395 438/599/395 1010/600/395 584/601/395
f 2493/585/380 2494/602/396 2486/603/397
f 2493/585/380 2502/604/398 2494/602/396
f 2515/586/384 2527/597/394 2528/605/399
f 2472/584/383 2473/595/392 2468/606/400
f 2480/578/378 2485/596/393 2481/607/401
f 2509/608/402 2515/586/384 2516/609/403
f 2473/595/392 2481/607/401 2476/610/404
f 2485/611/393 2486/603/397 2481/612/401
f 2502/604/398 2509/608/402 2510/613/405
f 2516/614/403 2529/615/406 2530/616/407
f 2481/612/401 2482/617/408 2476/618/404
f 2481/612/401 2486/603/397 2482/617/408
f 2516/614/403 2530/616/407 2531/619/409
f 2460/620/410 2468/606/400 2461/621/411
f 2468/606/400 2476/610/404 2474/622/412
f 2488/623/413 2494/602/396 2498/624/414
f 2498/624/414 2502/604/398 2503/625/415
f 2516/614/403 2531/619/409 2532/626/416
f 2551/627/417 2550/628/418 2554/629/419 2555/630/420
f 2510/631/405 2516/614/403 2517/632/421
f 2454/473/299 2461/621/411 2455/633/422
f 2468/606/400 2474/622/412 2466/634/423
f 2517/632/421 2533/635/424 2534/636/425
f 2476/618/404 2482/617/408 2474/637/412
f 2503/638/415 2510/631/405 2511/639/426
f 2517/632/421 2534/636/425 2535/640/427
f 2461/621/411 2466/634/423 2462/641/428
f 2488/623/413 2498/624/414 2489/642/429
f 2489/642/429 2498/624/414 2495/643/430
f 2517/632/421 2535/640/427 2536/644/431
f 2511/639/426 2517/632/421 2518/645/432
f 2555/630/420 2556/646/433 2552/647/434 2551/627/417
f 2455/633/422 2462/641/428 2456/648/435
f 2474/637/412 2477/649/436 2469/650/437
f 2477/649/436 2482/617/408 2489/642/429
f 2495/651/430 2503/638/415 2504/652/438
f 2449/470/296 2456/648/435 2450/653/439
f 2456/654/435 2462/655/428 2463/656/440
f 2495/651/430 2504/652/438 2505/657/441
f 2450/658/439 2456/654/435 2457/659/442
f 2456/654/435 2463/656/440 2457/659/442
f 2511/639/426 2519/660/443 2512/661/444
f 2491/662/445 2495/651/430 2496/663/446
f 2446/245/129 2450/658/439 2451/242/126
f 2450/658/439 2457/659/442 2451/242/126
f 2470/664/447 2477/649/436 2478/665/448
f 2478/666/448 2490/667/449 2483/668/450
f 2483/669/450 2490/670/449 2491/662/445
f 2505/657/441 2512/661/444 2506/671/451
f 2505/657/441 2506/671/451 2499/672/452
f 2512/661/444 2520/673/453 2513/674/454
f 2520/675/453 2543/676/455 2544/677/456
f 2557/678/457 2553/679/458 2549/680/459 2552/681/434
f 2483/669/450 2491/662/445 2492/682/460
f 2458/683/461 2470/664/447 2467/684/462
f 2496/663/446 2499/672/452 2492/682/460
f 2506/671/451 2513/674/454 2507/685/463
f 2513/686/454 2520/675/453 2514/687/464
f 2492/682/460 2499/672/452 2487/577/377
f 2499/672/452 2507/685/463 2500/688/372
f 2507/689/463 2513/686/454 2508/572/373
f 2513/686/454 2514/687/464 2508/572/373
f 2471/583/382 2483/669/450 2479/576/376
f 2507/689/463 2508/572/373 2500/571/372
f 2458/683/461 2467/684/462 2464/690/381
f 2499/672/452 2500/688/372 2497/579/379
f 2606/691/465 2614/692/466 2607/693/467
f 2553/679/458 2558/694/468 2559/695/469
f 2585/696/470 2593/697/471 2586/698/472
f 2593/697/471 2603/699/473 2599/700/474
f 2606/691/465 2607/693/467 2603/701/473
f 2570/702/475 2577/703/476 2578/704/477
f 2603/701/473 2607/693/467 2599/705/474
f 2621/706/478 2629/707/479 2630/708/480
f 2549/680/459 2553/679/458 2554/709/419
f 2593/697/471 2599/700/474 2590/710/481
f 2621/706/478 2630/708/480 2631/711/482
f 2565/712/483 2570/702/475 2571/713/484
f 2621/706/478 2631/711/482 2632/714/485
f 2578/704/477 2586/698/472 2579/715/486
f 2586/698/472 2590/710/481 2591/716/487
f 2621/706/478 2632/714/485 2633/717/488
f 2344/522/339 2343/718/287 2348/719/274 2349/502/323
f 2599/705/474 2600/720/489 2592/721/490
f 2599/705/474 2608/722/491 2600/720/489
f 2621/706/478 2633/717/488 2634/723/492
f 2578/704/477 2579/715/486 2574/724/493
f 2586/698/472 2591/716/487 2587/725/494
f 2615/726/495 2621/706/478 2622/727/496
f 2579/715/486 2587/725/494 2582/728/497
f 2591/729/487 2592/721/490 2587/730/494
f 2608/722/491 2615/726/495 2616/731/498
f 2622/732/496 2635/733/499 2636/734/500
f 2587/730/494 2588/735/501 2582/736/497
f 2587/730/494 2592/721/490 2588/735/501
f 2622/732/496 2636/734/500 2637/737/502
f 2566/738/503 2574/724/493 2567/739/504
f 2574/724/493 2582/728/497 2580/740/505
f 2594/741/506 2600/720/489 2604/742/507
f 2604/742/507 2608/722/491 2609/743/508
f 2622/732/496 2637/737/502 2638/744/509
f 167/745/510 519/746/510 1016/747/510 942/748/510
f 2616/749/498 2622/732/496 2623/750/511
f 2560/751/512 2567/739/504 2561/752/513
f 2574/724/493 2580/740/505 2572/753/514
f 2623/750/511 2639/754/515 2640/755/516
f 2582/736/497 2588/735/501 2580/756/505
f 2609/757/508 2616/749/498 2617/758/517
f 2623/750/511 2640/755/516 2641/759/518
f 2567/739/504 2572/753/514 2568/760/519
f 2594/741/506 2604/742/507 2595/761/520
f 2595/761/520 2604/742/507 2601/762/521
f 2623/750/511 2641/759/518 2642/763/522
f 2617/758/517 2623/750/511 2624/764/523
f 1091/765/524 776/766/525 297/767/525 773/768/526
f 2561/752/513 2568/760/519 2562/769/527
f 2580/756/505 2583/770/528 2575/771/529
f 2583/770/528 2588/735/501 2595/761/520
f 2601/772/521 2609/773/508 2610/774/530
f 2555/630/420 2562/769/527 2556/646/433
f 2562/775/527 2568/776/519 2569/777/531
f 2601/778/521 2610/779/530 2611/780/532
f 2556/781/433 2562/775/527 2563/782/533
f 2562/775/527 2569/777/531 2563/782/533
f 2617/758/517 2625/783/534 2618/784/535
f 2597/785/536 2601/778/521 2602/786/537
f 2552/681/434 2556/781/433 2557/678/457
f 2556/781/433 2563/782/533 2557/678/457
f 2576/787/538 2583/770/528 2584/788/539
f 2584/789/539 2596/790/540 2589/791/541
f 2589/792/541 2596/793/540 2597/785/536
f 2611/780/532 2618/784/535 2612/794/542
f 2611/780/532 2612/794/542 2605/795/543
f 2618/784/535 2626/796/544 2619/797/545
f 2626/798/544 2649/799/546 2650/800/547
f 1615/251/131 1600/253/131 1579/801/131 1311/802/131
f 2589/792/541 2597/785/536 2598/803/548
f 2564/804/549 2576/787/538 2573/805/550
f 2602/786/537 2605/795/543 2598/803/548
f 2612/794/542 2619/797/545 2613/806/551
f 2619/807/545 2626/798/544 2620/808/552
f 2598/803/548 2605/795/543 2593/697/471
f 2605/795/543 2613/806/551 2606/809/465
f 2613/810/551 2619/807/545 2614/692/466
f 2619/807/545 2620/808/552 2614/692/466
f 2577/703/476 2589/792/541 2585/696/470
f 2613/810/551 2614/692/466 2606/691/465
f 2564/811/549 2573/812/550 2570/813/475
f 2605/795/543 2606/809/465 2603/699/473
f 2713/814/553 2721/815/554 2714/816/555
f 2660/817/556 2665/818/557 2666/819/196
f 2692/820/558 2700/821/559 2693/822/560
f 2700/821/559 2710/823/561 2706/824/562
f 2713/814/553 2714/816/555 2710/825/561
f 2677/826/563 2684/827/564 2685/828/565
f 2710/825/561 2714/816/555 2706/829/562
f 2728/830/566 2736/831/567 2737/832/568
f 2656/833/569 2660/817/556 2661/834/195
f 2700/821/559 2706/824/562 2697/835/570
f 2728/830/566 2737/832/568 2738/836/571
f 2672/837/572 2677/826/563 2678/838/573
f 2728/830/566 2738/836/571 2739/839/574
f 2685/828/565 2693/822/560 2686/840/575
f 2693/822/560 2697/835/570 2698/841/576
f 2728/830/566 2739/839/574 2740/842/577
f 2555/630/420 2554/629/419 2559/843/469 2560/751/512
f 2706/829/562 2707/844/578 2699/845/579
f 2706/829/562 2715/846/580 2707/844/578
f 2728/830/566 2740/842/577 2741/847/581
f 2685/828/565 2686/840/575 2681/848/582
f 2693/822/560 2698/841/576 2694/849/583
f 2722/850/584 2728/830/566 2729/851/585
f 2686/840/575 2694/849/583 2689/852/586
f 2698/853/576 2699/845/579 2694/854/583
f 2715/846/580 2722/850/584 2723/855/587
f 2729/856/585 2742/857/588 2743/858/589
f 2694/854/583 2695/859/590 2689/860/586
f 2694/854/583 2699/845/579 2695/859/590
f 2729/856/585 2743/858/589 2744/861/591
f 2673/862/592 2681/848/582 2674/863/593
f 2681/848/582 2689/852/586 2687/864/594
f 2701/865/595 2707/844/578 2711/866/596
f 2711/866/596 2715/846/580 2716/867/597
f 2729/856/585 2744/861/591 2745/868/598
f 2092/869/599 1685/870/600 1359/871/601 1773/872/602
f 2723/873/587 2729/856/585 2730/874/603
f 2667/349/197 2674/863/593 2668/875/604
f 2681/848/582 2687/864/594 2679/876/605
f 2730/874/603 2746/877/606 2747/878/607
f 2689/860/586 2695/859/590 2687/879/594
f 2716/880/597 2723/873/587 2724/881/608
f 2730/874/603 2747/878/607 2748/882/609
f 2674/863/593 2679/876/605 2675/883/610
f 2701/865/595 2711/866/596 2702/884/611
f 2702/884/611 2711/866/596 2708/885/612
f 2730/874/603 2748/882/609 2749/886/613
f 2724/881/608 2730/874/603 2731/887/614
f 1169/888/615 626/889/615 210/890/615 530/891/615
f 2668/875/604 2675/883/610 2669/892/616
f 2687/879/594 2690/893/617 2682/894/618
f 2690/893/617 2695/859/590 2702/884/611
f 2708/895/612 2716/880/597 2717/896/619
f 2662/346/194 2669/892/616 2663/897/620
f 2669/898/616 2675/899/610 2676/900/621
f 2708/895/612 2717/896/619 2718/901/622
f 2663/902/620 2669/898/616 2670/903/623
f 2669/898/616 2676/900/621 2670/903/623
f 2724/881/608 2732/904/624 2725/905/625
f 2704/906/626 2708/895/612 2709/907/627
f 2659/908/628 2663/902/620 2664/909/629
f 2663/902/620 2670/903/623 2664/909/629
f 2683/910/630 2690/893/617 2691/911/631
f 2691/912/631 2703/913/632 2696/914/633
f 2696/915/633 2703/916/632 2704/906/626
f 2718/901/622 2725/905/625 2719/917/634
f 2659/908/628 2664/909/629 2655/918/635
f 2718/901/622 2719/917/634 2712/919/636
f 2725/905/625 2733/920/637 2726/921/638
f 2733/922/637 2756/923/639 2757/924/640
f 2696/915/633 2704/906/626 2705/925/641
f 2671/926/642 2683/910/630 2680/927/643
f 2709/907/627 2712/919/636 2705/925/641
f 2719/917/634 2726/921/638 2720/928/644
f 2726/929/638 2733/922/637 2727/930/645
f 2705/925/641 2712/919/636 2700/821/559
f 2712/919/636 2720/928/644 2713/931/553
f 2720/932/644 2726/929/638 2721/815/554
f 2726/929/638 2727/930/645 2721/815/554
f 2684/827/564 2696/915/633 2692/820/558
f 2720/932/644 2721/815/554 2713/814/553
f 2671/926/642 2680/927/643 2677/933/563
f 2712/919/636 2713/931/553 2710/823/561
f 3235/934/646 2843/935/647 2768/936/648
f 3069/937/649 3243/938/650 2782/939/651
f 2768/936/648 2843/935/647 2783/940/652
f 3069/937/649 2782/939/651 2797/941/653
f 2783/940/652 2843/935/647 2798/942/654
f 3069/937/649 2797/941/653 2812/943/655
f 2798/942/654 2843/935/647 2813/944/656
f 3069/937/649 2812/943/655 2827/945/657
f 2813/944/656 2843/935/647 2828/946/658
f 3069/937/649 2827/945/657 2842/947/659
f 2828/946/658 2843/935/647 2844/948/660
f 3069/937/649 2842/947/659 2858/949/661
f 2844/948/660 2843/935/647 2859/950/662
f 3069/937/649 2858/949/661 2873/951/663
f 2859/950/662 2843/935/647 2874/952/664
f 3069/937/649 2873/951/663 2888/953/665
f 2874/952/664 2843/935/647 2889/954/666
f 3069/937/649 2888/953/665 2903/955/667
f 2889/954/666 2843/935/647 2904/956/668
f 3069/937/649 2903/955/667 2918/957/669
f 2904/956/668 2843/935/647 2919/958/670
f 3069/937/649 2918/957/669 2933/959/671
f 2919/958/670 2843/935/647 2934/960/672
f 3069/937/649 2933/959/671 2948/961/673
f 2934/960/672 2843/935/647 2949/962/674
f 3069/937/649 2948/961/673 2963/963/675
f 2949/962/674 2843/935/647 2964/964/676
f 3069/937/649 2963/963/675 2978/965/677
f 2964/964/676 2843/935/647 2979/966/678
f 3069/937/649 2978/965/677 2993/967/679
f 2979/966/678 2843/935/647 2994/968/680
f 3069/937/649 2993/967/679 3008/969/681
f 2994/968/680 2843/935/647 3009/970/682
f 3069/937/649 3008/969/681 3023/971/683
f 3009/970/682 2843/935/647 3024/972/684
f 3069/937/649 3023/971/683 3038/973/685
f 3024/972/684 2843/935/647 3039/974/686
f 3069/937/649 3038/973/685 3053/975/687
f 3039/974/686 2843/935/647 3054/976/688
f 3069/937/649 3053/975/687 3068/977/689
f 3054/976/688 2843/935/647 3070/978/690
f 3069/937/649 3068/977/689 3084/979/691
f 3070/978/690 2843/935/647 3085/980/692
f 3069/937/649 3084/979/691 3099/981/693
f 3085/980/692 2843/935/647 3100/982/694
f 3069/937/649 3099/981/693 3114/983/695
f 3100/982/694 2843/935/647 3115/984/696
f 3069/937/649 3114/983/695 3129/985/697
f 3115/984/696 2843/935/647 3130/986/698
f 3069/937/649 3129/985/697 3144/987/699
f 3069/937/649 3144/987/699 3159/988/700
f 3130/986/698 2843/935/647 3145/989/701
f 3145/989/701 2843/935/647 3160/990/702
f 3069/937/649 3159/988/700 3174/991/703
f 3160/990/702 2843/935/647 3175/992/704
f 3069/937/649 3174/991/703 3189/993/705
f 3175/992/704 2843/935/647 3190/994/706
f 3069/937/649 3189/993/705 3204/995/707
f 3190/994/706 2843/935/647 3205/996/708
f 3069/937/649 3204/995/707 3219/997/709
f 3205/996/708 2843/935/647 3220/998/710
f 3069/937/649 3219/997/709 3234/999/711
f 3220/998/710 2843/935/647 3235/934/646
f 3069/937/649 3234/999/711 3243/938/650
f 3250/1000/712 3254/1001/712 3247/1002/712
f 3247/1002/712 3253/1003/712 3250/1000/712
f 3263/1004/713 3260/1005/713 3267/1006/714
f 3260/1005/713 3263/1004/713 3266/1007/715
f 109/1008/716 1245/1009/716 932/1010/716
f 585/1011/717 950/1012/717 113/1013/717
f 586/1014/718 959/1015/718 115/1016/718
f 117/1017/719 1241/1018/719 968/1019/719
f 369/1020/720 364/1021/721 959/1022/722
f 283/1023/723 288/1024/724 967/1025/725
f 169/1026/726 521/1027/726 960/1028/726 1007/1029/726
f 172/1030/727 524/1031/727 987/1032/727 995/1033/727
f 941/1034/728 111/1035/728 584/1036/728 1244/1037/728
f 203/1038/729 1162/1039/729 633/1040/729
f 522/1041/730 634/1042/730 202/1043/730
f 200/1044/731 1159/1045/731 636/1046/731
f 1120/1047/732 205/1048/732 589/1049/732 709/1050/732
f 997/1051/733 235/1052/733 651/1053/733 989/1054/733
f 519/746/734 199/1055/734 943/1056/734 1016/747/734
f 1245/1057/735 637/1058/735 937/1059/735 386/1060/735
f 714/1061/736 453/1062/736 259/1063/736
f 588/1064/737 994/1065/737 988/1066/737 204/1067/737
f 1194/1068/738 682/1069/738 972/1070/738 407/1071/738
f 964/1072/739 961/1073/739 401/1074/739
f 551/1075/740 1180/1076/741 541/1077/742 189/1078/742
f 966/1079/743 441/1080/743 399/1081/743
f 407/1082/744 1005/1083/745 971/1084/746
f 405/1085/747 1003/1086/747 969/1087/747
f 975/1088/748 444/1089/748 404/1090/748
f 1191/1091/749 679/1092/749 945/1093/749 392/1094/749
f 991/1095/750 988/1096/750 416/1097/750
f 572/1098/751 947/1099/751 390/1100/751 1159/1101/751
f 3253/1102/752 3266/1103/753 3264/1104/754 3251/1105/755
f 2445/1106/756 2444/1107/757 2448/471/297 2449/470/296
f 520/1108/758 572/1109/758 1159/1045/758 200/1044/758
f 996/1110/759 204/1067/759 988/1066/759
f 649/1111/760 170/1112/760 969/1113/761 1003/1114/761
f 1196/1115/762 415/1116/762 991/1117/762 567/1118/762
f 447/1119/763 587/1120/763 117/1121/763
f 1002/1122/764 202/1123/764 586/1014/764
f 444/1124/765 586/1014/765 115/1016/765
f 974/1125/766 971/1084/766 1003/1086/766
f 1004/1126/767 170/1112/767 522/1041/767
f 970/1127/768 522/1041/768 202/1043/768
f 972/1128/769 967/1025/769 1005/1083/769
f 401/1129/770 1006/1130/771 966/1079/772
f 964/1131/773 1161/1132/773 570/1133/773 400/1134/773
f 1006/1135/774 113/1136/774 441/1137/774
f 650/1138/775 682/1139/775 1194/1140/775 171/1141/775
f 523/1142/776 569/1143/776 1162/1039/776 203/1038/776
f 1009/1144/777 232/1145/777 648/1146/777 962/1147/777
f 1008/1148/778 201/1149/778 961/1150/778
f 946/1151/779 942/1152/779 1016/1153/779
f 583/1154/780 637/1155/780 1245/1156/780 109/1157/780
f 1118/1158/781 121/1159/781 453/1160/781
f 646/1161/782 678/1162/782 1190/1163/782 167/1164/782
f 519/1165/783 167/1164/783 1190/1163/783 573/1166/783
f 519/1165/784 573/1166/784 1158/1167/784 199/1168/784
f 1239/1169/785 986/1170/785 121/1171/785 589/1172/785
f 2177/1173/786 2226/1174/786 1476/1175/786 1890/1176/786
f 440/1177/787 963/1178/787 1146/1179/787
f 1146/1179/788 402/1180/789 681/1181/790
f 413/1182/791 997/1183/792 989/1184/793 990/1185/794
f 2207/1186/795 1490/1187/795 1904/1188/795 2203/1189/795
f 838/1190/796 331/1191/796 616/1192/797 1179/1193/798
f 2452/574/375 2457/659/442 2463/656/440 2458/683/461
f 1920/1194/799 2229/1195/799 2228/1196/799 1506/1197/799
f 636/1198/800 946/1199/800 391/1200/800
f 170/1112/801 1161/1201/801 522/1041/801
f 1657/1202/802 2072/1203/803 1674/1204/804 1369/1205/805
f 633/1206/806 973/1207/806 406/1208/806
f 567/1118/807 991/1117/807 1164/1209/807
f 417/1210/808 995/1211/808 987/1212/808 992/1213/808
f 681/1181/809 965/1214/809 1193/1215/809
f 1193/1215/810 400/1134/810 570/1133/810
f 402/1216/811 1007/1217/811 960/1218/811 965/1219/811
f 947/1220/812 944/1221/812 1015/1222/812 390/1223/812
f 1241/1224/813 406/1225/814 975/1226/815
f 968/1227/816 975/1226/816 404/1228/816
f 202/1123/817 1242/1229/817 586/1014/817
f 994/1230/818 993/1231/818 416/1097/818 988/1096/818
f 959/1232/819 966/1233/819 399/1234/819
f 261/1235/820 1118/1236/820 453/1062/820 714/1061/820
f 932/1237/821 939/1238/821 384/1239/821
f 3255/1240/822 3268/1241/823 3269/1242/824 3256/1243/825
f 2182/1244/826 2218/1245/826 1482/1246/826 1896/1247/826
f 2210/1248/827 2212/1249/828 1484/1250/829
f 2196/1251/830 2224/1252/831 1478/1253/832
f 1274/1254/833 1540/1255/833 1953/1256/833 1952/1257/833
f 629/1258/834 1237/1259/834 591/1260/834 207/1261/834
f 1931/1262/835 1558/1263/835 1974/1264/835 1500/1265/835
f 1629/197/113 1596/199/113 1575/1266/113 1306/1267/113
f 1938/1268/836 1534/1269/836 1967/1270/836 1488/1271/836
f 1940/1272/837 1562/1273/837 1965/1274/837 1502/1275/837
f 1932/1276/838 1518/1277/838 1973/1278/838 1480/1279/838
f 1979/1280/839 1556/1281/839 1931/1282/839 1500/1283/839
f 1947/1284/840 1538/1285/840 1958/1286/840 1490/1287/840
f 1605/38/34 1333/1288/34 1593/1289/34 1572/39/34
f 1925/1290/841 1570/1291/841 1977/1292/841 1506/1293/841
f 1922/1294/842 1554/1295/842 2113/1296/842 1498/1297/842
f 1271/1298/843 1536/1299/843 1963/1300/843 1943/1301/843
f 1484/293/153 1954/292/153 1898/1302/153
f 1504/1303/844 1955/1304/844 1918/1305/844
f 1924/1306/845 1512/1307/845 1254/1308/845
f 1922/1309/846 1552/1310/846 1285/1311/846
f 1490/1287/840 1958/1286/840 1904/1312/840
f 1951/1313/847 1524/1314/847 1264/1315/847
f 1950/1316/848 1564/1317/848 1293/1318/848
f 1476/1319/849 1961/1320/849 1890/1321/849
f 1947/1322/843 1536/1299/843 1272/1323/843
f 1482/1324/850 1964/1325/850 1896/1326/850
f 1502/1275/837 1965/1274/837 1916/1327/837
f 1488/1271/836 1967/1270/836 1902/1328/836
f 1942/1329/851 1507/1330/851 1252/1331/851
f 1941/1332/852 1520/1333/852 1261/1334/852
f 1940/1335/853 1560/1336/853 1291/1337/853
f 1938/1338/854 1532/1339/854 1270/1340/854
f 1480/1279/838 1973/1278/838 1894/1341/838
f 1500/1265/835 1974/1264/835 1914/1342/835
f 1486/1343/855 1976/1344/855 1900/1345/855
f 1506/1293/841 1977/1292/841 1920/1346/841
f 1932/1347/856 1516/1348/856 1257/1349/856
f 1931/1282/839 1556/1281/839 1287/1350/839
f 1927/1351/857 1528/1352/857 1266/1353/857
f 1925/1354/858 1568/1355/858 1296/1356/858
f 1478/118/77 1983/117/77 1892/1357/77
f 2050/1358/859 1587/1359/860 1349/156/97
f 2082/160/100 1413/1360/861 1349/158/97
f 1498/1297/842 2113/1296/842 1912/1361/842
f 2230/1362/862 2227/1363/862 1255/1364/862
f 1255/1364/863 2226/1365/863 2177/1366/863
f 1258/1367/864 2179/1368/864 2178/1369/864
f 1263/1370/865 2201/1371/865 2200/1372/865
f 1267/1373/866 2198/1374/866 2188/1375/866
f 1273/1376/867 2186/1377/867 2199/1378/867
f 1273/1376/868 2218/1379/868 2182/1380/868
f 2180/1381/869 2213/1382/870 1278/1383/871
f 1278/1383/872 2212/1384/872 2210/1385/872
f 1281/1386/873 2184/1387/873 2183/1388/873
f 1288/1389/874 2191/1390/874 2189/1391/874
f 1290/1392/875 2194/1393/875 2175/1394/875
f 2174/1395/876 2192/1396/876 1297/1397/876
f 1297/1397/877 2207/1398/877 2203/1399/877
f 1299/1400/878 2204/1401/878 2202/1402/878
f 1305/1403/879 2155/1404/879 2153/1405/879
f 1312/1406/880 2161/1407/880 2160/1408/880
f 1314/1409/881 2164/1410/881 2147/1411/881
f 2144/1412/882 2146/1413/882 1324/1414/882
f 1324/1414/883 2146/1413/883 2145/1415/883
f 1329/1416/884 2152/1417/884 2151/1418/884
f 1332/1419/885 2169/1420/885 2170/1421/885
f 2171/1422/886 2172/1423/886 1339/1424/886
f 1339/1424/887 2225/1425/887 2156/1426/887
f 1342/1427/888 2158/1428/888 2157/1429/888
f 1345/1430/889 2228/1431/889 2229/1432/889
f 2262/331/180 2261/330/179 2269/323/173
f 2416/1433/890 2409/457/283 2408/565/371 2415/1434/891
f 2249/1435/188 2248/316/166 2254/440/178
f 2509/608/402 2508/572/373 2514/687/464 2515/586/384
f 2250/367/211 2243/1436/167 2249/340/188
f 2238/337/185 2237/322/172 2243/317/167
f 2262/331/180 2269/323/173 2270/325/175
f 2270/325/175 2276/324/174 2274/338/186
f 2290/321/171 2297/320/170 2298/355/203
f 2255/341/189 2254/329/178 2262/331/180
f 2233/1437/892 2232/336/184 2238/337/185
f 2282/332/177 2290/321/171 2291/350/198
f 2291/350/198 2290/321/171 2298/355/203
f 2283/351/199 2274/1438/186 2282/332/177
f 2250/367/211 2249/340/188 2255/341/189
f 2317/352/200 2305/356/204 2304/333/181
f 2255/341/189 2262/331/180 2258/353/201
f 2263/343/191 2270/325/175 2271/354/202
f 2322/383/226 2305/361/204 2321/373/217
f 2250/367/211 2255/341/189 2258/353/201
f 2258/353/201 2263/343/191 2266/357/205
f 2299/360/206 2298/355/203 2305/356/204
f 2244/380/223 2250/367/211 2251/368/212
f 2272/364/209 2283/351/199 2277/370/214
f 2287/371/215 2283/351/199 2291/350/198
f 2292/372/216 2291/350/198 2299/360/206
f 2239/390/231 2244/380/223 2245/381/224
f 2251/368/212 2258/353/201 2256/382/225
f 2300/387/228 2299/378/206 2306/379/222
f 2245/381/224 2251/368/212 2252/392/233
f 2284/394/235 2287/371/215 2292/372/216
f 2293/401/241 2292/386/216 2300/387/228
f 2253/405/243 2256/1439/225 2259/399/240
f 2239/390/231 2245/381/224 2246/397/238
f 2256/1439/225 2264/385/213 2259/399/240
f 2264/385/213 2272/364/209 2267/398/239
f 2278/393/234 2272/364/209 2277/370/214
f 2307/396/237 2326/1440/893 2327/1441/894
f 2294/406/244 2293/401/241 2300/387/228
f 2307/1442/237 2327/1443/894 2328/1443/895
f 2329/1444/896 2307/396/237 2328/1445/895
f 2279/1446/257 2278/393/234 2284/394/235
f 2300/387/228 2307/396/237 2308/413/249
f 2332/1447/263 2308/413/249 2331/1448/897
f 2308/413/249 2329/1444/896 2330/1449/898
f 2260/419/255 2259/399/240 2267/398/239
f 2279/1446/257 2267/398/239 2278/393/234
f 2280/415/251 2279/425/257 2284/400/235
f 2294/406/244 2300/387/228 2301/414/250
f 2308/413/249 2330/1449/898 2331/1448/897
f 2285/416/252 2284/400/235 2294/406/244
f 2253/405/243 2259/399/240 2260/419/255
f 2268/420/256 2267/398/239 2279/1446/257
f 2301/414/250 2308/413/249 2309/428/261
f 2265/1450/899 2260/419/255 2268/420/256
f 2347/445/273 2352/535/346 2358/526/341 2353/561/368
f 2248/316/166 2253/405/243 2260/419/255
f 2285/416/252 2294/406/244 2288/427/260
f 2295/426/259 2301/414/250 2302/429/262
f 2281/433/265 2280/415/251 2285/416/252
f 550/1451/900 1181/1452/901 542/1453/902 190/1454/902
f 2334/1455/903 2309/430/261 2333/432/264
f 2265/1450/899 2268/420/256 2273/1456/258
f 2288/427/260 2295/426/259 2296/435/267
f 2269/323/173 2273/424/258 2281/433/265
f 2727/930/645 2733/922/637 2758/1457/904 2759/1458/905
f 2265/1450/899 2254/440/178 2257/434/266
f 2261/330/179 2265/1459/899 2273/424/258
f 2303/437/268 2335/1460/906 2336/1461/907
f 2303/437/268 2336/1461/907 2337/1462/908
f 2353/561/368 2348/446/274 2347/445/273
f 2269/323/173 2281/433/265 2276/324/174
f 2276/324/174 2288/427/260 2286/326/176
f 2303/437/268 2337/1462/908 2310/1463/909
f 2367/455/282 2366/454/281 2374/447/275
f 2522/1464/910 2515/586/384 2514/687/464 2521/1465/911
f 2354/1466/290 2353/561/368 2359/1467/280
f 2298/355/203 2297/320/170 2303/437/268 2304/333/181
f 2355/491/313 2348/719/274 2354/464/290
f 2343/461/287 2342/444/272 2348/446/274
f 2367/455/282 2374/447/275 2375/449/277
f 2375/449/277 2381/448/276 2379/462/288
f 2395/443/271 2402/442/270 2403/479/305
f 2339/1468/912 2338/460/286 2343/461/287
f 2360/465/291 2359/453/280 2367/455/282
f 2387/456/279 2395/443/271 2396/474/300
f 2396/474/300 2395/443/271 2403/479/305
f 2388/475/301 2379/1469/288 2387/456/279
f 2355/491/313 2354/464/290 2360/465/291
f 2422/476/302 2410/480/306 2409/457/283
f 2360/465/291 2367/455/282 2363/477/303
f 2368/467/293 2375/449/277 2376/478/304
f 2427/505/326 2410/485/306 2426/497/319
f 2355/491/313 2360/465/291 2363/477/303
f 2363/477/303 2368/467/293 2371/481/307
f 2404/484/308 2403/479/305 2410/480/306
f 2349/502/323 2355/491/313 2356/492/314
f 2377/488/311 2388/475/301 2382/494/316
f 2392/495/317 2388/475/301 2396/474/300
f 2397/496/318 2396/474/300 2404/484/308
f 2344/522/339 2349/502/323 2350/503/324
f 2356/492/314 2363/477/303 2361/504/325
f 2405/509/328 2404/500/308 2411/501/322
f 2350/503/324 2356/492/314 2357/511/330
f 2389/513/332 2392/495/317 2397/496/318
f 2398/521/338 2397/520/318 2405/1470/328
f 2358/526/341 2361/1471/325 2364/518/337
f 2344/522/339 2350/503/324 2351/516/335
f 2361/1471/325 2369/507/315 2364/518/337
f 2369/507/315 2377/488/311 2372/517/336
f 2383/512/331 2377/488/311 2382/494/316
f 2412/515/334 2431/1472/913 2432/1473/914
f 2399/529/342 2398/528/338 2405/509/328
f 2412/515/334 2432/1473/914 2433/1474/915
f 2434/1475/916 2412/515/334 2433/1474/915
f 2384/1476/355 2383/512/331 2389/513/332
f 2405/509/328 2412/515/334 2413/536/347
f 2437/1477/361 2413/536/347 2436/1478/917
f 2413/536/347 2434/1475/916 2435/1479/918
f 2365/542/353 2364/518/337 2372/517/336
f 2384/1476/355 2372/517/336 2383/512/331
f 2385/538/349 2384/548/355 2389/527/332
f 2399/529/342 2405/509/328 2406/537/348
f 2413/536/347 2435/1479/918 2436/1478/917
f 2390/539/350 2389/527/332 2399/529/342
f 2358/526/341 2364/518/337 2365/542/353
f 2373/543/354 2372/517/336 2384/1476/355
f 2406/537/348 2413/536/347 2414/551/359
f 2370/1480/919 2365/542/353 2373/543/354
f 587/1481/920 633/1040/920 1241/1018/920 117/1017/920
f 2353/561/368 2358/526/341 2365/542/353
f 2390/539/350 2399/529/342 2393/550/358
f 2400/549/357 2406/537/348 2407/552/360
f 2386/560/367 2385/538/349 2390/539/350
f 2660/817/556 2664/909/629 2670/903/623 2665/818/557
f 2439/1482/921 2414/553/359 2438/555/362
f 2370/1480/919 2373/543/354 2378/1483/356
f 2393/550/358 2400/549/357 2401/563/370
f 2370/1484/919 2359/570/280 2362/569/369
f 2374/447/275 2378/547/356 2386/560/367
f 2303/437/268 2309/430/261 2334/1455/903 2335/1460/906
f 2366/1485/281 2370/1486/919 2378/1487/356
f 2408/565/371 2440/1488/922 2441/1489/923
f 2408/565/371 2441/1489/923 2442/1490/924
f 2458/683/461 2453/575/298 2452/574/375
f 2374/447/275 2386/560/367 2381/448/276
f 2381/448/276 2393/550/358 2391/450/278
f 2408/565/371 2442/1490/924 2415/1434/891
f 2472/584/383 2471/583/382 2479/576/376
f 2722/850/584 2721/815/554 2727/930/645 2728/830/566
f 2459/1491/389 2458/683/461 2464/690/381
f 1847/1492/925 1313/1493/926 1607/44/927 2120/1494/928
f 2460/620/410 2453/472/298 2459/592/389
f 2448/589/297 2447/243/127 2453/575/298
f 2472/584/383 2479/576/376 2480/578/378
f 2480/578/378 2487/577/377 2484/590/387
f 2501/573/374 2508/572/373 2509/608/402
f 2444/1495/757 2443/244/128 2448/589/297
f 2465/593/390 2464/582/381 2472/584/383
f 2493/585/380 2501/573/374 2502/604/398
f 2502/604/398 2501/573/374 2509/608/402
f 2486/603/397 2484/1496/387 2493/585/380
f 2460/620/410 2459/592/389 2465/593/390
f 2528/605/399 2516/609/403 2515/586/384
f 2465/593/390 2472/584/383 2468/606/400
f 2473/595/392 2480/578/378 2481/607/401
f 2533/635/424 2516/614/403 2532/626/416
f 2460/620/410 2465/593/390 2468/606/400
f 2468/606/400 2473/595/392 2476/610/404
f 2510/613/405 2509/608/402 2516/609/403
f 2454/473/299 2460/620/410 2461/621/411
f 2482/617/408 2486/603/397 2488/623/413
f 2486/603/397 2494/602/396 2488/623/413
f 2498/624/414 2494/602/396 2502/604/398
f 2503/625/415 2502/604/398 2510/613/405
f 2449/470/296 2454/473/299 2455/633/422
f 2461/621/411 2468/606/400 2466/634/423
f 2511/639/426 2510/631/405 2517/632/421
f 2455/633/422 2461/621/411 2462/641/428
f 2495/643/430 2498/624/414 2503/625/415
f 2504/652/438 2503/638/415 2511/639/426
f 2463/656/440 2466/1497/423 2469/650/437
f 2449/470/296 2455/633/422 2456/648/435
f 2466/1497/423 2474/637/412 2469/650/437
f 2474/637/412 2482/617/408 2477/649/436
f 2489/642/429 2482/617/408 2488/623/413
f 2518/645/432 2537/1498/929 2538/1499/930
f 2505/657/441 2504/652/438 2511/639/426
f 2518/645/432 2538/1499/930 2539/1500/931
f 2540/1501/932 2518/645/432 2539/1500/931
f 2490/1502/449 2489/642/429 2495/643/430
f 2511/639/426 2518/645/432 2519/660/443
f 2543/1503/455 2519/660/443 2542/1504/933
f 2519/660/443 2540/1501/932 2541/1505/934
f 2470/664/447 2469/650/437 2477/649/436
f 2490/1502/449 2477/649/436 2489/642/429
f 2491/662/445 2490/670/449 2495/651/430
f 2505/657/441 2511/639/426 2512/661/444
f 2519/660/443 2541/1505/934 2542/1504/933
f 2496/663/446 2495/651/430 2505/657/441
f 2463/656/440 2469/650/437 2470/664/447
f 2478/665/448 2477/649/436 2490/1502/449
f 2512/661/444 2519/660/443 2520/673/453
f 2475/1506/935 2470/664/447 2478/665/448
f 2665/818/557 2670/903/623 2676/900/621 2671/926/642
f 2458/683/461 2463/656/440 2470/664/447
f 2496/663/446 2505/657/441 2499/672/452
f 2506/671/451 2512/661/444 2513/674/454
f 2492/682/460 2491/662/445 2496/663/446
f 2342/444/272 2346/541/352 2352/535/346 2347/445/273
f 2545/1507/936 2520/675/453 2544/677/456
f 2475/1506/935 2478/665/448 2483/1508/450
f 2499/672/452 2506/671/451 2507/685/463
f 2475/1506/935 2464/690/381 2467/684/462
f 2479/576/376 2483/669/450 2492/682/460
f 2408/565/371 2414/553/359 2439/1482/921 2440/1488/922
f 2471/583/382 2475/1509/935 2483/669/450
f 2514/687/464 2546/1510/937 2547/1511/938
f 2514/687/464 2547/1511/938 2548/1512/939
f 2564/804/549 2559/695/469 2558/694/468
f 2479/576/376 2492/682/460 2487/577/377
f 2487/577/377 2499/672/452 2497/579/379
f 2514/687/464 2548/1512/939 2521/1465/911
f 2578/704/477 2577/703/476 2585/696/470
f 2735/1513/940 2728/830/566 2727/930/645 2734/1514/941
f 2565/1515/483 2564/804/549 2570/1516/475
f 2403/479/305 2402/442/270 2408/565/371 2409/457/283
f 2566/738/503 2559/843/469 2565/712/483
f 2554/709/419 2553/679/458 2559/695/469
f 2578/704/477 2585/696/470 2586/698/472
f 2586/698/472 2593/697/471 2590/710/481
f 2607/693/467 2614/692/466 2615/726/495
f 2550/1517/418 2549/680/459 2554/709/419
f 2571/713/484 2570/702/475 2578/704/477
f 2599/705/474 2607/693/467 2608/722/491
f 2608/722/491 2607/693/467 2615/726/495
f 2592/721/490 2590/1518/481 2599/705/474
f 2566/738/503 2565/712/483 2571/713/484
f 2634/723/492 2622/727/496 2621/706/478
f 2571/713/484 2578/704/477 2574/724/493
f 2579/715/486 2586/698/472 2587/725/494
f 2639/754/515 2622/732/496 2638/744/509
f 2566/738/503 2571/713/484 2574/724/493
f 2574/724/493 2579/715/486 2582/728/497
f 2616/731/498 2615/726/495 2622/727/496
f 2560/751/512 2566/738/503 2567/739/504
f 2588/735/501 2592/721/490 2594/741/506
f 2592/721/490 2600/720/489 2594/741/506
f 2604/742/507 2600/720/489 2608/722/491
f 2609/743/508 2608/722/491 2616/731/498
f 2555/630/420 2560/751/512 2561/752/513
f 2567/739/504 2574/724/493 2572/753/514
f 2617/758/517 2616/749/498 2623/750/511
f 2561/752/513 2567/739/504 2568/760/519
f 2601/762/521 2604/742/507 2609/743/508
f 2610/774/530 2609/773/508 2617/1519/517
f 2569/777/531 2572/1520/514 2575/771/529
f 2555/630/420 2561/752/513 2562/769/527
f 2572/1520/514 2580/756/505 2575/771/529
f 2580/756/505 2588/735/501 2583/770/528
f 2595/761/520 2588/735/501 2594/741/506
f 2624/764/523 2643/1521/942 2644/1522/943
f 2611/780/532 2610/779/530 2617/758/517
f 2624/764/523 2644/1522/943 2645/1523/944
f 2646/1524/945 2624/764/523 2645/1523/944
f 2596/1525/540 2595/761/520 2601/762/521
f 2617/758/517 2624/764/523 2625/783/534
f 2649/1526/546 2625/783/534 2648/1527/946
f 2625/783/534 2646/1524/945 2647/1528/947
f 2576/787/538 2575/771/529 2583/770/528
f 2596/1525/540 2583/770/528 2595/761/520
f 2597/785/536 2596/793/540 2601/778/521
f 2611/780/532 2617/758/517 2618/784/535
f 2625/783/534 2647/1528/947 2648/1527/946
f 2602/786/537 2601/778/521 2611/780/532
f 2569/777/531 2575/771/529 2576/787/538
f 2584/788/539 2583/770/528 2596/1525/540
f 2618/784/535 2625/783/534 2626/796/544
f 2581/1529/948 2576/787/538 2584/788/539
f 2242/318/168 2247/412/248 2253/405/243 2248/316/166
f 2564/804/549 2569/777/531 2576/787/538
f 2602/786/537 2611/780/532 2605/795/543
f 2612/794/542 2618/784/535 2619/797/545
f 2598/803/548 2597/785/536 2602/786/537
f 2447/243/127 2451/242/126 2457/659/442 2452/574/375
f 2651/1530/949 2626/798/544 2650/800/547
f 2581/1529/948 2584/788/539 2589/1531/541
f 2605/795/543 2612/794/542 2613/806/551
f 2581/1532/948 2570/813/475 2573/812/550
f 2585/696/470 2589/792/541 2598/803/548
f 2577/1533/476 2581/1534/948 2589/1535/541
f 2620/808/552 2652/1536/950 2653/1537/951
f 2620/808/552 2653/1537/951 2654/1538/952
f 2671/926/642 2666/819/196 2665/818/557
f 2585/696/470 2598/803/548 2593/697/471
f 2593/697/471 2605/795/543 2603/699/473
f 2620/808/552 2654/1538/952 2627/1539/953
f 795/1540/954 304/1541/954 788/1542/954 1229/1543/954
f 2685/828/565 2684/827/564 2692/820/558
f 2311/1544/955 2304/333/181 2303/437/268 2310/1463/909
f 2672/1545/572 2671/926/642 2677/933/563
f 2615/726/495 2614/692/466 2620/808/552 2621/706/478
f 2673/862/592 2666/348/196 2672/837/572
f 2661/834/195 2660/817/556 2666/819/196
f 2685/828/565 2692/820/558 2693/822/560
f 2693/822/560 2700/821/559 2697/835/570
f 2714/816/555 2721/815/554 2722/850/584
f 2678/838/573 2677/826/563 2685/828/565
f 2706/829/562 2714/816/555 2715/846/580
f 2715/846/580 2714/816/555 2722/850/584
f 2699/845/579 2697/1546/570 2706/829/562
f 2673/862/592 2672/837/572 2678/838/573
f 2741/847/581 2729/851/585 2728/830/566
f 2657/1547/956 2656/833/569 2661/834/195
f 2678/838/573 2685/828/565 2681/848/582
f 2686/840/575 2693/822/560 2694/849/583
f 2746/877/606 2729/856/585 2745/868/598
f 2673/862/592 2678/838/573 2681/848/582
f 2681/848/582 2686/840/575 2689/852/586
f 2723/855/587 2722/850/584 2729/851/585
f 2667/349/197 2673/862/592 2674/863/593
f 2695/859/590 2699/845/579 2701/865/595
f 2699/845/579 2707/844/578 2701/865/595
f 2711/866/596 2707/844/578 2715/846/580
f 2716/867/597 2715/846/580 2723/855/587
f 2662/346/194 2667/349/197 2668/875/604
f 2674/863/593 2681/848/582 2679/876/605
f 2724/881/608 2723/873/587 2730/874/603
f 2668/875/604 2674/863/593 2675/883/610
f 2708/885/612 2711/866/596 2716/867/597
f 2717/896/619 2716/880/597 2724/881/608
f 2676/900/621 2679/1548/605 2682/894/618
f 2662/346/194 2668/875/604 2669/892/616
f 2679/1548/605 2687/879/594 2682/894/618
f 2687/879/594 2695/859/590 2690/893/617
f 2702/884/611 2695/859/590 2701/865/595
f 2731/887/614 2750/1549/957 2751/1550/958
f 2718/901/622 2717/896/619 2724/881/608
f 2731/887/614 2751/1550/958 2752/1551/959
f 2753/1552/960 2731/887/614 2752/1551/959
f 2703/1553/632 2702/884/611 2708/885/612
f 2724/881/608 2731/887/614 2732/904/624
f 2756/1554/639 2732/904/624 2755/1555/961
f 2732/904/624 2753/1552/960 2754/1556/962
f 2683/910/630 2682/894/618 2690/893/617
f 2703/1553/632 2690/893/617 2702/884/611
f 2704/906/626 2703/916/632 2708/895/612
f 2718/901/622 2724/881/608 2725/905/625
f 2732/904/624 2754/1556/962 2755/1555/961
f 2709/907/627 2708/895/612 2718/901/622
f 2676/900/621 2682/894/618 2683/910/630
f 2691/911/631 2690/893/617 2703/1553/632
f 2725/905/625 2732/904/624 2733/920/637
f 2688/1557/963 2683/910/630 2691/911/631
f 2558/694/468 2563/782/533 2569/777/531 2564/804/549
f 2671/926/642 2676/900/621 2683/910/630
f 2709/907/627 2718/901/622 2712/919/636
f 2719/917/634 2725/905/625 2726/921/638
f 2705/925/641 2704/906/626 2709/907/627
f 2237/322/172 2241/418/254 2247/412/248 2242/318/168
f 2758/1457/904 2733/922/637 2757/924/640
f 2688/1557/963 2691/911/631 2696/1558/633
f 2712/919/636 2719/917/634 2720/928/644
f 2688/1557/963 2677/933/563 2680/927/643
f 2692/820/558 2696/915/633 2705/925/641
f 2620/808/552 2626/798/544 2651/1530/949 2652/1536/950
f 2684/827/564 2688/1559/963 2696/915/633
f 2727/930/645 2759/1458/905 2760/1560/964
f 2727/930/645 2760/1560/964 2761/1561/965
f 2692/820/558 2705/925/641 2700/821/559
f 2700/821/559 2712/919/636 2710/823/561
f 2727/930/645 2761/1561/965 2734/1514/941
f 1901/1562/966 2189/1563/966 2191/1564/966 1487/1565/966
f 1903/1566/967 1490/1187/967 2174/1567/967
f 1898/1568/968 1485/1569/968 2184/1570/968 2185/1571/968
f 1901/1562/969 1488/1572/969 2194/1573/969 2189/1563/969
f 1891/1574/970 2178/1575/970 2179/1576/970 1477/1577/970
f 1891/1574/970 1478/1253/970 2178/1575/970
f 2149/1578/971 1497/1579/971 1911/1580/972 2148/1581/973
f 2203/1189/974 1904/1188/974 1491/1582/974 2204/1583/974
f 2213/1584/975 2180/1585/975 1897/1586/975 1484/1250/975
f 2084/1587/976 1693/1588/977 1352/1589/978 1766/1590/979
f 1913/1591/980 1500/1592/980 2215/1593/980 2145/1594/980
f 1902/1595/967 1489/1596/967 2176/1597/967 2175/1598/967
f 2185/1571/968 1484/1250/968 1898/1568/968
f 1900/1599/966 1487/1565/966 2191/1564/966 2190/1600/966
f 523/1142/981 171/1141/981 1194/1140/981 569/1143/981
f 1798/1601/982 2084/1587/976 1766/1590/979 1416/1602/983
f 2190/1600/966 1486/1603/966 1900/1599/966
f 2183/1604/968 2184/1570/968 1485/1569/968 1899/1605/968
f 2201/1606/158 1263/1607/158 2197/300/158
f 1263/1607/158 1260/298/158 2197/300/158
f 1260/298/158 2224/1608/158 2196/299/158
f 2191/1609/159 1288/1610/159 2190/303/159
f 1288/1610/159 1284/301/159 2190/303/159
f 1284/301/159 2195/1611/159 2193/302/159
f 2155/1404/160 1305/1403/160 2154/306/160
f 1305/1403/160 1303/304/160 2154/306/160
f 1303/304/160 2209/1612/160 2166/305/160
f 2161/1613/161 1312/1614/161 2159/309/161
f 1312/1614/161 1309/307/161 2159/309/161
f 1309/307/161 2167/1615/161 2163/308/161
f 2211/1616/163 1321/311/163 2208/1617/162
f 1321/311/163 1318/1618/162 2148/1619/162
f 2208/1617/162 1321/311/163 2165/310/162
f 1318/1618/162 2149/1620/162 2148/1619/162
f 2148/1619/162 2162/312/162 1321/311/163
f 1329/1416/165 1326/313/164 2150/315/165
f 1326/313/164 2215/1621/984 2214/1622/985
f 2216/1623/165 1326/313/164 2214/1622/985
f 1326/313/164 2216/1623/165 2168/314/165
f 2150/315/165 2152/1417/165 1329/1416/165
f 2248/316/166 2249/1435/188 2243/317/167
f 42/1624/161 41/1625/161 39/1626/161 40/1627/161
f 6/1628/863 5/1629/863 3/1630/863 4/1631/863
f 8/1632/864 7/1633/864 5/1629/864 6/1628/864
f 10/1634/158 9/1635/158 7/1633/158 8/1632/158
f 12/1636/865 11/1637/865 9/1635/865 10/1634/865
f 14/1638/866 13/1639/866 11/1637/866 12/1636/866
f 16/1640/867 15/1641/867 13/1639/867 14/1638/867
f 18/1642/868 17/1643/868 15/1641/868 16/1640/868
f 20/1644/869 19/1645/869 17/1643/869 18/1642/869
f 22/1646/872 21/1647/872 19/1645/872 20/1644/872
f 24/1648/873 23/1649/873 21/1647/873 22/1646/873
f 26/1650/159 25/1651/159 23/1649/159 24/1648/159
f 28/1652/874 27/1653/874 25/1651/874 26/1650/874
f 30/1654/875 29/1655/875 27/1653/875 28/1652/875
f 32/1656/876 31/1657/876 29/1655/876 30/1654/876
f 34/1658/877 33/1659/877 31/1657/877 32/1656/877
f 36/1660/878 35/1661/878 33/1659/878 34/1658/878
f 38/1662/160 37/1663/160 35/1661/160 36/1660/160
f 3245/1664/986 3246/1665/986 3259/1666/986 3258/1667/986
f 46/1668/881 45/1669/881 43/1670/881 44/1671/881
f 48/1672/162 47/1673/162 45/1669/162 46/1668/162
f 50/1674/882 49/1675/882 47/1673/882 48/1672/882
f 52/1676/883 51/1677/883 49/1675/883 50/1674/883
f 54/1678/165 53/1679/165 51/1677/165 52/1676/165
f 56/1680/884 55/1681/884 53/1679/884 54/1678/884
f 58/1682/885 57/1683/885 55/1681/885 56/1680/885
f 60/1684/886 59/1685/886 57/1683/886 58/1682/886
f 62/1686/887 61/1687/887 59/1685/887 60/1684/887
f 32/1688/647 24/1689/647 64/1690/647 56/1691/647
f 24/1689/647 22/1692/647 20/1693/647
f 20/1693/647 18/1694/647 16/1695/647
f 16/1695/647 14/1696/647 12/1697/647
f 12/1697/647 10/1698/647 16/1695/647
f 10/1698/647 8/1699/647 16/1695/647
f 8/1699/647 6/1700/647 4/1701/647
f 4/1701/647 2/1702/647 64/1690/647
f 64/1690/647 62/1703/647 60/1704/647
f 60/1704/647 58/1705/647 64/1690/647
f 58/1705/647 56/1691/647 64/1690/647
f 56/1706/647 54/1707/647 52/1708/647
f 52/1708/647 50/1709/647 48/1710/647
f 48/1710/647 46/1711/647 44/1712/647
f 44/1712/647 42/1713/647 48/1710/647
f 42/1713/647 40/1714/647 48/1710/647
f 40/1715/647 38/1716/647 36/1717/647
f 36/1717/647 34/1718/647 32/1688/647
f 32/1688/647 30/1719/647 28/1720/647
f 28/1720/647 26/1721/647 32/1688/647
f 26/1721/647 24/1689/647 32/1688/647
f 24/1689/647 20/1693/647 8/1699/647
f 20/1693/647 16/1695/647 8/1699/647
f 8/1699/647 4/1701/647 64/1690/647
f 56/1706/647 52/1708/647 40/1714/647
f 52/1708/647 48/1710/647 40/1714/647
f 40/1715/647 36/1717/647 32/1688/647
f 8/1699/647 64/1690/647 24/1689/647
f 64/1722/888 63/1723/888 61/1687/888 62/1686/888
f 40/1715/647 32/1688/647 56/1691/647
f 2/1724/889 1/1725/889 63/1723/889 64/1722/889
f 61/1726/649 13/1727/649 29/1728/649 45/1729/649
f 29/1728/649 31/1730/649 33/1731/649
f 33/1731/649 35/1732/649 29/1728/649
f 35/1732/649 37/1733/649 29/1728/649
f 37/1733/649 39/1734/649 41/1735/649
f 41/1735/649 43/1736/649 45/1729/649
f 45/1729/649 47/1737/649 49/1738/649
f 49/1738/649 51/1739/649 45/1729/649
f 51/1739/649 53/1740/649 45/1729/649
f 53/1740/649 55/1741/649 57/1742/649
f 57/1742/649 59/1743/649 61/1726/649
f 61/1726/649 63/1744/649 5/1745/649
f 63/1744/649 1/1746/649 5/1745/649
f 1/1746/649 3/1747/649 5/1745/649
f 5/1745/649 7/1748/649 9/1749/649
f 9/1749/649 11/1750/649 13/1727/649
f 13/1727/649 15/1751/649 21/1752/649
f 15/1751/649 17/1753/649 21/1752/649
f 17/1753/649 19/1754/649 21/1752/649
f 21/1752/649 23/1755/649 25/1756/649
f 25/1756/649 27/1757/649 29/1728/649
f 37/1733/649 41/1735/649 29/1728/649
f 41/1735/649 45/1729/649 29/1728/649
f 53/1740/649 57/1742/649 45/1729/649
f 57/1742/649 61/1726/649 45/1729/649
f 5/1745/649 9/1749/649 61/1726/649
f 9/1749/649 13/1727/649 61/1726/649
f 21/1752/649 25/1756/649 13/1727/649
f 25/1756/649 29/1728/649 13/1727/649
f 71/1758/649 79/1759/649 87/1760/649 95/1761/649
f 1638/230/123 1586/232/123 1600/1762/123 1343/1763/123
f 87/1760/649 88/1764/649 91/1765/649
f 88/1764/649 89/1766/649 91/1765/649
f 89/1766/649 90/1767/649 91/1765/649
f 91/1765/649 92/1768/649 93/1769/649
f 93/1769/649 94/1770/649 95/1761/649
f 95/1761/649 96/1771/649 67/1772/649
f 96/1771/649 65/1773/649 67/1772/649
f 65/1773/649 66/1774/649 67/1772/649
f 67/1772/649 68/1775/649 69/1776/649
f 69/1776/649 70/1777/649 71/1758/649
f 71/1758/649 72/1778/649 75/1779/649
f 72/1778/649 73/1780/649 75/1779/649
f 73/1780/649 74/1781/649 75/1779/649
f 75/1779/649 76/1782/649 77/1783/649
f 77/1783/649 78/1784/649 79/1759/649
f 79/1759/649 80/1785/649 83/1786/649
f 80/1785/649 81/1787/649 83/1786/649
f 81/1787/649 82/1788/649 83/1786/649
f 83/1786/649 84/1789/649 85/1790/649
f 85/1790/649 86/1791/649 87/1760/649
f 91/1765/649 93/1769/649 95/1761/649
f 67/1772/649 69/1776/649 71/1758/649
f 75/1779/649 77/1783/649 79/1759/649
f 83/1786/649 85/1790/649 87/1760/649
f 87/1760/649 91/1765/649 95/1761/649
f 95/1761/649 67/1772/649 71/1758/649
f 71/1758/649 75/1779/649 79/1759/649
f 79/1759/649 83/1786/649 87/1760/649
f 40/1627/879 39/1626/879 37/1663/879 38/1662/879
f 592/1792/987 127/1793/987 462/1794/987 1106/1795/987
f 840/1796/988 329/1797/988 833/1798/988 1224/1799/988
f 1987/1800/989 1885/1801/990 1444/1802/991 1698/1803/991
f 416/1804/992 631/1805/992 1164/1209/992 991/1117/992
f 588/1064/993 119/1806/993 450/1807/993 994/1065/993
f 447/1119/994 998/1808/994 203/1809/994 587/1120/994
f 586/1014/995 1242/1229/995 959/1015/995
f 585/1810/996 113/1136/996 1006/1135/996 961/1150/996
f 394/1811/997 950/1812/997 1243/1813/997 957/1814/997
f 109/1815/998 435/1816/998 1014/1817/998 583/1818/998
f 1966/1819/999 1944/1820/999 1496/1821/999 1909/1822/999
f 581/1823/1000 105/1824/1000 429/1825/1000 1022/1826/1000
f 580/1827/1001 103/1828/1001 426/1829/1001 1026/1830/1001
f 1948/1831/846 1957/1832/846 1911/1833/846 1497/1834/846
f 2004/1835/1002 1868/1836/1003 1463/1837/1004 1718/1838/1005
f 1874/1839/1006 2129/1840/1007 1839/1841/1008 1457/1842/1009
f 598/1843/1010 1082/1844/1010 790/1845/1010 214/1846/1010
f 1228/1847/1011 797/1848/1011 143/1849/1011 600/1850/1011
f 1989/1851/1012 1883/1852/1013 1449/1853/1014 1704/1854/1015
f 600/1855/1016 1074/1856/1016 808/1857/1016 216/1858/1016
f 582/1859/1017 1018/1860/1017 934/1861/1017 198/1862/1017
f 1160/1863/1018 635/1864/1018 201/1865/1018 521/1866/1018
f 147/1867/1019 492/1868/1019 1066/1869/1019 602/1870/1019
f 1742/1871/1020 2003/260/136 1717/1872/1021 1398/1873/1022
f 1464/1874/1023 1866/1875/1024 2006/1876/1025 1719/1877/1026
f 1712/1878/1027 1999/1879/1028 1746/1880/1029 1393/1881/1030
f 1936/1882/853 1970/1883/853 1915/1884/853 1501/1885/853
f 341/1886/1031 858/99/1031 1222/98/1031 614/1887/1031
f 1885/1801/1032 2140/1888/1033 1826/1889/1034 1444/1802/1035
f 155/1890/1036 851/1891/1037 504/1892/1038
f 851/1891/1037 339/1893/1039 344/1894/1040
f 504/1892/1038 851/1891/1037 344/1894/1040
f 339/1893/1039 501/1895/1041 842/1896/1042
f 501/1895/1041 153/1897/1043 842/1896/1042
f 842/1896/1042 334/1898/1044 339/1893/1039
f 334/1898/1044 498/1899/1045 329/1900/1046
f 498/1899/1045 151/1901/1047 833/1902/1048
f 329/1900/1046 498/1899/1045 833/1902/1048
f 329/1900/1046 495/1903/1049 324/1904/1050
f 495/1903/1049 149/1905/1051 824/1906/1052
f 324/1904/1050 495/1903/1049 824/1906/1052
f 324/1904/1050 492/1907/1053 319/1908/1054
f 492/1907/1053 147/1909/1055 815/1910/1056
f 319/1908/1054 492/1907/1053 815/1910/1056
f 319/1908/1054 489/1911/1057 806/1912/1058
f 489/1911/1057 145/1913/1059 806/1912/1058
f 806/1912/1058 314/1914/1060 319/1908/1054
f 314/1914/1060 486/1915/1061 309/1916/1062
f 486/1915/1061 143/1917/1063 797/1918/1064
f 309/1916/1062 486/1915/1061 797/1918/1064
f 309/1916/1062 483/1919/1065 304/1920/1066
f 483/1919/1065 141/1921/1067 788/1922/1068
f 304/1920/1066 483/1919/1065 788/1922/1068
f 304/1920/1066 480/1923/1069 299/1924/1070
f 480/1923/1069 139/1925/1071 779/1926/1069
f 299/1924/1070 480/1923/1069 779/1926/1069
f 299/1924/1070 477/1927/1072 294/1928/1073
f 477/1927/1072 137/1929/1074 770/1930/1072
f 294/1928/1073 477/1927/1072 770/1930/1072
f 294/1928/1073 474/1931/1075 289/1932/1076
f 474/1931/1075 135/1933/1077 761/1934/1078
f 289/1932/1076 474/1931/1075 761/1934/1078
f 289/1932/1076 471/1935/1079 284/1936/1080
f 471/1935/1079 133/1937/1081 752/1938/1082
f 284/1936/1080 471/1935/1079 752/1938/1082
f 284/1936/1080 468/1939/1083 279/1940/1084
f 468/1939/1083 131/1941/1085 743/1942/1086
f 279/1940/1084 468/1939/1083 743/1942/1086
f 279/1940/1084 465/1943/1087 274/1944/1088
f 465/1943/1087 129/1945/1089 734/1946/1090
f 274/1944/1088 465/1943/1087 734/1946/1090
f 274/1944/1088 462/1947/1091 725/1948/1092
f 462/1947/1091 127/1949/1093 725/1948/1092
f 725/1948/1092 269/1950/1094 274/1944/1088
f 269/1950/1094 459/1951/1095 444/1952/1096
f 459/1951/1095 125/1953/1097 716/1954/1098
f 716/1954/1098 264/1955/1099 444/1952/1096
f 264/1955/1099 456/1956/1100 444/1952/1096
f 456/1956/1100 123/1957/1101 707/1958/1102
f 707/1958/1102 259/1959/1103 444/1952/1096
f 453/1960/1104 121/1961/1105 986/1962/1106
f 456/1956/1100 707/1958/1102 444/1952/1096
f 259/1959/1103 453/1960/1104 444/1952/1096
f 453/1960/1104 986/1962/1106 444/1952/1096
f 414/1963/1107 450/1964/1108 409/1965/1109
f 450/1964/1108 119/1966/1110 977/1967/1111
f 409/1965/1109 450/1964/1108 977/1967/1111
f 986/1962/1106 414/1963/1107 444/1952/1096
f 444/1952/1096 459/1951/1095 716/1954/1098
f 409/1965/1109 447/1968/1112 444/1952/1096
f 447/1968/1112 117/1969/1113 968/1970/1114
f 968/1970/1114 404/1971/1115 444/1952/1096
f 447/1968/1112 968/1970/1114 444/1952/1096
f 414/1963/1107 409/1965/1109 444/1952/1096
f 274/1944/1088 269/1950/1094 444/1952/1096
f 157/1972/1116 860/1973/1117 507/1974/1118
f 860/1973/1117 344/1894/1040 349/1975/1119
f 507/1974/1118 860/1973/1117 349/1975/1119
f 339/1893/1039 334/1898/1044 959/1022/722
f 334/1898/1044 329/1900/1046 959/1022/722
f 272/1976/1120 731/1977/1120 1199/1978/1121 687/1979/1122
f 845/1980/1123 337/1981/1124 846/1982/1125 1061/1983/1126
f 319/1908/1054 314/1914/1060 444/1952/1096
f 314/1914/1060 309/1916/1062 444/1952/1096
f 309/1916/1062 304/1920/1066 444/1952/1096
f 304/1920/1066 299/1924/1070 444/1952/1096
f 299/1924/1070 294/1928/1073 444/1952/1096
f 294/1928/1073 289/1932/1076 444/1952/1096
f 289/1932/1076 284/1936/1080 444/1952/1096
f 284/1936/1080 279/1940/1084 444/1952/1096
f 279/1940/1084 274/1944/1088 444/1952/1096
f 344/1894/1040 339/1893/1039 959/1022/722
f 159/1984/1127 869/1985/1128 510/1986/1129
f 869/1985/1128 349/1975/1119 354/1987/1130
f 510/1986/1129 869/1985/1128 354/1987/1130
f 349/1975/1119 344/1894/1040 959/1022/722
f 161/1988/1131 878/1989/1132 513/1990/1133
f 878/1989/1132 354/1987/1130 359/1991/1134
f 959/1022/722 399/1992/1135 441/1993/1136
f 878/1989/1132 359/1991/1134 513/1990/1133
f 354/1987/1130 349/1975/1119 959/1022/722
f 99/1994/1137 887/1995/1138 419/1996/1139
f 887/1995/1138 359/1991/1134 364/1021/721
f 364/1021/721 419/1996/1139 887/1995/1138
f 101/1997/1140 896/1998/1141 423/1999/1142
f 896/1998/1141 364/1021/721 423/1999/1142
f 369/1020/720 423/1999/1142 364/1021/721
f 103/2000/1143 905/2001/1144 426/2002/1145
f 905/2001/1144 369/1020/720 426/2002/1145
f 374/2003/1146 426/2002/1145 369/1020/720
f 105/2004/1147 914/2005/1148 429/2006/1149
f 914/2005/1148 374/2003/1146 959/1022/722
f 429/2006/1149 914/2005/1148 959/1022/722
f 379/2007/1150 429/2006/1149 959/1022/722
f 107/2008/1151 923/2009/1152 432/2010/1153
f 923/2009/1152 379/2007/1150 959/1022/722
f 432/2010/1153 923/2009/1152 959/1022/722
f 384/2011/1154 432/2010/1153 959/1022/722
f 435/2012/1155 109/2013/1156 932/2014/1157
f 435/2012/1155 932/2014/1157 959/1022/722
f 932/2014/1157 384/2011/1154 959/1022/722
f 111/2015/1158 941/2016/1159 438/2017/1160
f 941/2016/1159 389/2018/1161 394/2019/1162
f 389/2018/1161 435/2012/1155 959/1022/722
f 941/2016/1159 394/2019/1162 438/2017/1160
f 394/2019/1162 389/2018/1161 959/1022/722
f 113/2020/1163 950/2021/1164 441/1993/1136
f 950/2021/1164 394/2019/1162 959/1022/722
f 959/1022/722 441/1993/1136 950/2021/1164
f 354/1987/1130 959/1022/722 359/1991/1134
f 374/2003/1146 369/1020/720 959/1022/722
f 364/1021/721 359/1991/1134 959/1022/722
f 2116/2022/1165 1618/238/1166 1310/2023/1167 1852/2024/1168
f 1933/2025/841 1475/2026/841 1920/1346/841 1977/1292/841
f 967/1025/725 403/2027/1169 413/2028/1170
f 403/2027/1169 443/2029/1171 976/2030/1172
f 408/2031/1173 403/2027/1169 976/2030/1172
f 443/2029/1171 116/2032/1174 976/2030/1172
f 408/2031/1173 446/2033/1175 985/2034/1176
f 446/2033/1175 118/2035/1177 985/2034/1176
f 503/2036/1178 1125/2037/1179 505/2038/1180 156/2039/1181
f 183/2040/1182 798/2041/1183 1079/2042/1184 662/2043/1182
f 403/2027/1169 408/2031/1173 985/2034/1176
f 413/2028/1170 403/2027/1169 985/2034/1176
f 413/2028/1170 449/2044/1185 967/1025/725
f 449/2044/1185 120/2045/1186 967/1025/725
f 120/2045/1186 706/2046/1187 967/1025/725
f 258/2047/1188 452/2048/1189 967/1025/725
f 452/2048/1189 122/2049/1190 715/2050/1191
f 452/2048/1189 715/2050/1191 967/1025/725
f 967/1025/725 706/2046/1187 258/2047/1188
f 958/2051/1192 398/2052/1193 437/2053/1194
f 398/2052/1193 440/1177/1195 388/2054/1196
f 437/2053/1194 398/2052/1193 393/2055/1197
f 112/2056/1198 958/2051/1192 437/2053/1194
f 967/1025/725 715/2050/1191 263/2057/1199
f 393/2055/1197 398/2052/1193 434/2058/1200
f 967/1025/725 263/2057/1199 455/2059/1201
f 434/2058/1200 398/2052/1193 388/2054/1196
f 967/1025/725 455/2059/1201 724/2060/1202
f 455/2059/1201 124/2061/1203 724/2060/1202
f 949/2062/1204 393/2055/1197 434/2058/1200
f 110/2063/1205 949/2062/1204 434/2058/1200
f 967/1025/725 724/2060/1202 268/2064/1206
f 268/2064/1206 458/2065/1207 967/1025/725
f 458/2065/1207 126/2066/1208 733/2067/1209
f 967/1025/725 733/2067/1209 273/2068/1210
f 967/1025/725 458/2065/1207 733/2067/1209
f 108/2069/1211 940/2070/1212 440/1177/1195
f 940/2070/1212 388/2054/1196 440/1177/1195
f 273/2068/1210 461/2071/1213 742/2072/1214
f 461/2071/1213 128/2073/1215 742/2072/1214
f 742/2072/1214 278/2074/1216 273/2068/1210
f 278/2074/1216 464/2075/1217 751/2076/1217
f 464/2075/1217 130/2077/1218 751/2076/1217
f 751/2076/1217 283/1023/723 278/2074/1216
f 283/1023/723 467/2078/1219 760/2079/1220
f 467/2078/1219 132/2080/1221 760/2079/1220
f 760/2079/1220 288/1024/724 283/1023/723
f 288/1024/724 470/2081/1222 769/2082/1223
f 470/2081/1222 134/2083/1224 769/2082/1223
f 769/2082/1223 293/2084/1225 288/1024/724
f 293/2084/1225 473/2085/1226 778/2086/1227
f 473/2085/1226 136/2087/1228 778/2086/1227
f 778/2086/1227 298/2088/1229 293/2084/1225
f 298/2088/1229 476/2089/1230 787/2090/1230
f 476/2089/1230 138/2091/1230 787/2090/1230
f 787/2090/1230 303/2092/1231 298/2088/1229
f 303/2092/1231 479/2093/1232 796/2094/1233
f 479/2093/1232 140/2095/1233 796/2094/1233
f 796/2094/1233 308/2096/1234 303/2092/1231
f 308/2096/1234 482/2097/649 805/2098/649
f 482/2097/649 142/2099/649 805/2098/649
f 805/2098/649 313/2100/1228 308/2096/1234
f 313/2100/1228 485/2101/649 318/2102/1235
f 485/2101/649 144/2103/649 814/2104/649
f 318/2102/1235 485/2101/649 814/2104/649
f 318/2102/1235 488/2105/649 823/2106/649
f 488/2105/649 146/2107/649 823/2106/649
f 823/2106/649 323/2108/1236 318/2102/1235
f 323/2108/1236 491/2109/649 832/2110/649
f 491/2109/649 148/2111/649 832/2110/649
f 832/2110/649 328/2112/1237 323/2108/1236
f 328/2112/1237 494/2113/649 841/2114/649
f 494/2113/649 150/2115/649 841/2114/649
f 841/2114/649 333/2116/1238 328/2112/1237
f 333/2116/1238 497/2117/1239 338/2118/1240
f 497/2117/1239 152/2119/1241 850/2120/1241
f 338/2118/1240 497/2117/1239 850/2120/1241
f 338/2118/1240 500/2121/1242 343/2122/1243
f 500/2121/1242 154/2123/1244 859/2124/1242
f 343/2122/1243 500/2121/1242 859/2124/1242
f 343/2122/1243 503/2125/1245 348/2126/1246
f 503/2125/1245 156/2127/1247 868/2128/1248
f 348/2126/1246 503/2125/1245 868/2128/1248
f 348/2126/1246 506/2129/1249 353/2130/1250
f 506/2129/1249 158/2131/1251 877/2132/1249
f 353/2130/1250 506/2129/1249 877/2132/1249
f 353/2130/1250 509/2133/1252 358/2134/1253
f 509/2133/1252 160/2135/1254 886/2136/1255
f 358/2134/1253 509/2133/1252 886/2136/1255
f 358/2134/1253 512/2137/1256 895/2138/1257
f 512/2137/1256 98/2139/1258 895/2138/1257
f 895/2138/1257 363/2140/1259 358/2134/1253
f 363/2140/1259 418/2141/1260 904/2142/1260
f 418/2141/1260 100/2143/1261 904/2142/1260
f 904/2142/1260 368/2144/1262 363/2140/1259
f 368/2144/1262 422/2145/1263 440/1177/1195
f 422/2145/1263 102/2146/1264 913/2147/1265
f 913/2147/1265 373/2148/1266 440/1177/1195
f 373/2148/1266 425/2149/1267 440/1177/1195
f 425/2149/1267 104/2150/1268 922/2151/1269
f 922/2151/1269 378/2152/1270 440/1177/1195
f 378/2152/1270 428/2153/1271 440/1177/1195
f 428/2153/1271 106/2154/1272 931/2155/1273
f 440/1177/1195 428/2153/1271 931/2155/1273
f 931/2155/1273 383/2156/1274 440/1177/1195
f 431/2157/1275 108/2069/1211 440/1177/1195
f 383/2156/1274 431/2157/1275 440/1177/1195
f 425/2149/1267 922/2151/1269 440/1177/1195
f 422/2145/1263 913/2147/1265 440/1177/1195
f 967/1025/725 273/2068/1210 278/2074/1216
f 358/2134/1253 363/2140/1259 440/1177/1195
f 363/2140/1259 368/2144/1262 440/1177/1195
f 348/2126/1246 353/2130/1250 440/1177/1195
f 353/2130/1250 358/2134/1253 440/1177/1195
f 338/2118/1240 343/2122/1243 440/1177/1195
f 343/2122/1243 348/2126/1246 440/1177/1195
f 333/2116/1238 338/2118/1240 440/1177/1195
f 318/2102/1235 323/2108/1236 114/2158/1276
f 323/2108/1236 328/2112/1237 114/2158/1276
f 313/2100/1228 318/2102/1235 114/2158/1276
f 298/2088/1229 303/2092/1231 967/1025/725
f 303/2092/1231 308/2096/1234 967/1025/725
f 288/1024/724 293/2084/1225 967/1025/725
f 293/2084/1225 298/2088/1229 967/1025/725
f 278/2074/1216 283/1023/723 967/1025/725
f 115/2159/1277 959/1022/722 329/1900/1046 324/1904/1050
f 469/2160/1278 1097/2161/1279 760/2162/1280 132/2163/1281
f 1889/2164/1282 2230/2165/1282 2231/2166/1282 1475/2167/1282
f 228/2168/1283 926/2169/1284 1025/2170/1285 427/2171/1286
f 347/2172/1287 866/2173/1287 1214/2174/1288 702/2175/1289
f 478/2176/1290 1085/2177/1291 787/2178/1292 138/2179/1293
f 1087/2180/1294 785/2181/1295 302/2182/1295 782/2183/1296
f 729/2184/1297 272/1976/1297 687/1979/1298 1140/2185/1299
f 186/2186/1300 825/2187/1301 1067/2188/1302 665/2189/1300
f 696/2190/1303 1208/530/1304 664/533/1305 248/2191/1305
f 871/2192/1306 351/2193/1307 874/2194/1307 1048/2195/1308
f 525/2196/1309 205/1048/1309 1120/1047/1309 708/2197/1309
f 1372/2198/1310 1660/2199/1311 2075/2200/1312 1671/2201/1313
f 1307/235/1314 1619/234/1315 2141/2202/1316 1828/2203/1317
f 1765/2204/1318 1351/2205/1319 1693/1588/977 2084/1587/976
f 1774/2206/1320 1360/2207/1321 1683/2208/1322 2094/2209/1323
f 898/2210/1324 366/2211/1324 901/2212/1324 1036/2213/1324
f 720/2214/1325 267/2215/1326 686/2216/1327 1141/2217/1328
f 687/2218/1122 1199/2219/1121 655/2220/1329 239/2221/1329
f 165/2222/1330 924/2223/1331 1023/2224/1332 644/2225/1330
f 166/2226/1333 933/2227/1333 1019/2228/1333 645/2229/1333
f 646/2230/1334 167/745/1334 942/748/1334 1015/2231/1334
f 647/2232/1335 168/2233/1335 951/2234/1335 1011/2235/1335
f 746/2236/1336 282/2237/1337 747/2238/1338 1105/2239/1339
f 647/2240/1340 231/2241/1340 1148/2242/1340 679/2243/1340
f 619/2244/1341 1227/2245/1341 601/2246/1341 217/2247/1341
f 651/1053/1342 172/1030/1342 995/1033/1342 989/1054/1342
f 907/2248/1343 371/2249/1344 910/2250/1344 1032/2251/1345
f 174/2252/1346 717/2253/1347 1115/2254/1348 653/2255/1346
f 175/2256/1349 726/2257/1350 1111/2258/1351 654/2259/1349
f 176/2260/1352 735/2261/1353 1107/2262/1354 655/2263/1352
f 1287/2264/1355 1557/2265/1356 2022/2266/1357 1558/1263/1358
f 1100/2267/1359 757/2268/1359 285/2269/1359 753/2270/1359
f 1415/2271/1360 1765/2204/1318 2084/1587/976 1798/1601/982
f 1701/2272/1361 1986/2273/1362 1759/2274/1363 1382/2275/1364
f 1178/2276/1365 617/2277/1366 219/2278/1367 539/2279/1367
f 553/2280/1368 1178/2276/1369 539/2279/1370 187/2281/1370
f 935/2282/1371 387/2283/1372 936/2284/1373 1021/2285/1374
f 848/2286/1375 335/2287/1375 551/2288/1376 1212/2289/1377
f 1033/2290/1378 909/2291/1379 368/2292/1380 904/2293/1381
f 218/2294/1382 826/2295/1383 1068/2296/1384 538/2297/1382
f 2054/2298/1385 1641/2299/107 1353/2300/1386 1692/2301/1387
f 375/2302/1388 919/2303/1388 1156/2304/1389 575/2305/1390
f 577/2306/1391 1154/2307/1392 515/2308/1393 163/2309/1393
f 766/2310/1394 291/2311/1394 624/2312/1394 1171/2313/1394
f 485/2314/1395 1131/2315/1396 487/2316/1397 144/2317/1398
f 1418/2318/1399 1768/2319/1400 2088/2320/1401 1802/2321/1402
f 830/2322/1403 325/2323/1403 553/2324/1404 1210/2325/1405
f 182/2326/1406 789/2327/1407 1083/2328/1408 661/2329/1406
f 337/2330/1409 848/2286/1409 1212/2289/1410 700/2331/1411
f 196/2332/1412 916/2333/1413 1028/2334/1414 516/2335/1412
f 332/2336/1415 839/2337/1415 1211/2338/1416 699/2339/1417
f 1440/2340/1418 1790/2341/1419 2110/2342/1420 1824/2343/1421
f 679/1092/1422 1148/2344/1423 388/2345/1424 945/1093/1425
f 520/2346/1426 200/2347/1426 952/2348/1426 1012/2349/1426
f 521/1027/1427 201/1149/1427 1008/1148/1427 960/1028/1427
f 522/1041/1428 1161/1201/1428 634/1042/1428
f 203/2350/1429 979/2351/1429 1000/2352/1429 523/2353/1429
f 436/2354/1430 434/2355/1431 1148/2242/1423 231/2241/1432
f 192/2356/1433 879/2357/1434 1043/2358/1435 671/2359/1433
f 206/2360/1436 718/2361/1436 1116/2362/1436 526/2363/1436
f 207/2364/1437 727/2365/1438 1112/2366/1439 527/2367/1437
f 2048/83/59 1626/82/58 1323/2368/1440 1697/375/219
f 765/2369/1441 292/2370/1442 691/2371/1443 1136/2372/1444
f 1076/2373/1445 811/2374/1446 315/2375/1446 807/2376/1447
f 239/2377/1448 737/2378/1449 1109/2379/1450 460/2380/1451
f 238/2381/1452 728/2382/1453 1113/2383/1454 457/2384/1455
f 1364/2385/1456 1652/2386/1457 2067/2387/1458 1679/2388/1459
f 810/2389/1460 317/2390/1461 696/2391/1462 1131/2392/1396
f 448/2393/1463 235/1052/1464 997/1051/792 985/2394/1465
f 592/1792/1466 1106/1795/1466 736/2395/1466 208/2396/1466
f 442/2397/1467 233/2398/1468 971/2399/1469 1005/2400/1470
f 234/2401/1471 445/2402/1472 1145/2403/1473
f 436/2404/1474 231/2405/1474 953/2406/1475 1013/2407/1476
f 835/2408/1477 331/2409/1478 838/287/1478 1064/286/1479
f 229/2410/1480 935/2411/1371 1021/2412/1374 430/2413/1481
f 686/2414/1482 1198/2415/1483 654/2416/1484 238/2417/1484
f 1679/2388/1459 2067/2387/1458 1653/2418/1485 1365/2419/1486
f 215/2420/1487 799/2421/1488 1080/2422/1489 535/2423/1487
f 162/2424/1490 897/2425/1491 1035/2426/1492 514/2427/1490
f 282/2428/1493 749/2429/1493 1201/2430/1494 689/2431/1495
f 1366/2432/1496 1654/2433/1497 2069/2434/1498 1677/2435/1499
f 1207/2436/1500 556/2437/1501 184/2438/1502 663/2439/1502
f 812/2440/1503 315/2441/1503 555/2442/344 1208/2443/343
f 114/2444/1504 442/2397/1467 1005/2400/1470 967/2445/1505
f 540/2446/1506 1060/2447/1507 843/2448/1508 188/2449/1506
f 1184/408/1509 611/2450/1509 225/2451/1509 545/409/1509
f 249/2452/1510 827/2453/1511 1069/2454/1512 490/2455/1513
f 179/2456/1514 762/2457/1515 1095/2458/1516 658/2459/1514
f 515/2460/1517 1032/2461/1518 906/2462/1519 163/2463/1517
f 1693/1588/977 2053/2464/1520 1640/2465/1521 1352/1589/978
f 661/2329/1522 1083/2328/1523 791/2466/1524 245/2467/1522
f 701/2468/1525 1213/2469/1526 669/2470/1527 253/2471/1527
f 1666/2472/1528 2056/2473/1529 1690/2474/1530 1378/2475/1531
f 569/2476/1532 974/2477/1532 405/2478/1532 1162/2479/1532
f 2057/2480/1533 1752/2481/1534 1388/2482/1535 1643/2483/1536
f 305/2484/1537 793/2485/1537 1174/2486/1538 557/2487/1539
f 637/1058/1540 1158/2488/1540 385/2489/1540 937/1059/1540
f 938/2490/1541 385/2489/1541 573/2491/1541 1190/2492/1541
f 897/2493/1491 365/2494/1542 902/2495/1542 1035/2496/1492
f 927/2497/1543 382/2498/1544 677/2499/1545 1150/2500/1546
f 928/2501/1547 381/2502/1547 638/2503/1547 1157/2504/1547
f 745/2505/1548 281/2506/1548 748/2507/1548 1104/2508/1548
f 930/2509/1549 379/2510/1549 923/2511/1549 1246/2512/1549
f 727/2513/1438 271/2514/1550 730/2515/1550 1112/2516/1439
f 919/2303/1551 376/2517/1551 639/2518/1552 1156/2304/1553
f 479/2519/1554 1133/2520/1555 481/2521/1556 140/2522/1557
f 638/2523/1558 1246/2524/1558 582/2525/1558 198/2526/1558
f 909/2527/1559 372/2528/1560 675/2529/1561 1152/2530/1562
f 910/2531/1563 371/2532/1563 640/2533/1564 1155/2534/1565
f 1351/2205/1319 1639/2535/1566 2053/2464/1520 1693/1588/977
f 369/2536/1567 905/2537/1567 1248/2538/1567 912/2539/1567
f 355/2540/1568 883/2541/1568 1184/2542/246 547/2543/245
f 1049/2544/1569 873/2545/1570 348/2546/1571 868/2547/1572
f 2072/1203/803 1658/2548/1573 1370/2549/1574 1674/1204/804
f 981/2550/1575 412/2551/1576 683/2552/1577 1144/2553/1578
f 1795/2554/1579 1413/2555/861 1513/2556/1580 2045/2557/1581
f 1842/2558/1582 2125/2559/1583 1870/2560/1584 1460/2561/1585
f 2085/2562/1586 1767/2563/1587 1417/2564/1588 1799/2565/1589
f 768/2566/1590 289/2567/1590 761/2568/1590 1232/2569/1590
f 1032/2251/1518 910/2250/1591 370/2570/1591 906/2571/1519
f 208/2572/1592 736/2573/1593 1108/2574/1594 528/2575/1592
f 328/2576/1595 837/2577/1596 1128/2578/1597 494/2579/1598
f 420/2580/1599 1034/2581/1599 898/2582/1599 194/2583/1599
f 642/2584/1600 1031/2585/1601 908/2586/1602 226/2587/1600
f 874/2588/1603 351/2589/1603 612/2590/1604 1183/2591/1605
f 497/2592/1606 1127/2593/1607 499/2594/1608 152/2595/1609
f 501/2596/1610 339/2597/1610 858/273/1610 1054/272/1610
f 248/2598/1611 818/2599/1612 1073/2600/1613 487/2601/1614
f 2340/2602/1615 2344/522/339 2345/523/340 2341/2603/351
f 1179/2604/798 616/2605/797 220/2606/1616 540/2607/1616
f 1928/2608/153 1485/2609/153 1898/1302/153 1954/292/153
f 866/2173/1617 345/2610/1617 549/2611/1618 1214/2174/1619
f 1252/2612/1620 1509/2613/1621 2046/2614/1622 1510/2615/1623
f 764/2616/1624 292/2617/1625 765/2618/1626 1097/2619/1279
f 510/2620/1627 354/2621/1627 885/2622/1627 1042/2623/1627
f 2069/2434/1498 1740/2624/1628 1400/2625/1628 1655/2626/1629
f 847/2627/1630 336/2628/1630 615/2629/1631 1180/2630/1632
f 698/2631/1633 1210/2632/1634 666/2633/1635 250/2634/1635
f 849/2635/1636 334/2636/1636 842/2637/1636 1223/2638/1636
f 1316/169/1637 1635/119/1638 2125/2559/1583 1842/2558/1582
f 2043/2639/1639 1517/2640/1640 1257/1349/1641 1516/1348/1642
f 753/2270/1643 285/2269/1644 758/2641/1644 1099/2642/1645
f 364/2643/1646 896/2644/1646 1249/2645/1646 903/2646/1646
f 828/2647/1647 327/2648/1648 698/2649/1649 1129/2650/1650
f 1790/2341/1419 1376/2651/1651 1667/2652/1652 2110/2342/1420
f 560/2653/1653 1171/2654/1654 532/2655/1655 180/2656/1655
f 831/2657/1656 324/2658/1656 824/2659/1656 1225/2660/1656
f 819/2661/1657 322/2662/1658 697/2663/1659 1130/2664/1660
f 820/2665/1661 321/2666/1661 618/2667/1662 1177/2668/1663
f 827/2669/1511 327/2670/1648 828/2671/1647 1069/2672/1512
f 1921/2673/839 1979/1280/839 1913/2674/839 1499/2675/839
f 2134/48/39 1615/251/1664 1311/802/1665 1834/2676/1666
f 1065/2677/1667 837/2678/1596 328/2679/1595 832/2680/1668
f 836/2681/1669 332/2682/1670 837/2678/1596 1065/2677/1667
f 622/2683/1671 1230/2684/1671 598/2685/1671 214/2686/1671
f 801/264/139 312/2687/1672 695/2688/1673 1132/265/140
f 802/2689/1674 311/2690/1674 620/2691/1675 1175/2692/1676
f 803/2693/1677 310/2694/1677 556/2695/1501 1207/2696/1500
f 804/2697/1678 309/2698/1678 797/2699/1678 1228/2700/1678
f 298/2701/1679 783/2702/1680 1134/2703/1681 476/2704/1682
f 237/2705/1683 719/2706/1684 1117/2707/1685 454/2708/1686
f 365/2709/1687 901/69/1687 1154/72/1392 577/2710/1391
f 1923/2711/77 1479/2712/77 1892/1357/77 1983/117/77
f 1746/1880/1029 1999/1879/1028 1713/2713/1688 1394/2714/1689
f 1132/2715/140 695/2716/1673 247/2717/1690 484/2718/1691
f 872/2719/1692 352/2720/1693 873/2545/1570 1049/2544/1569
f 1066/2721/1694 831/2722/1694 326/2723/1694 826/2724/1694
f 774/2725/1695 297/2726/1696 692/2727/1697 1135/2728/1698
f 775/2729/1699 296/2730/1699 623/2731/1699 1172/2732/1699
f 776/2733/1700 295/2734/1700 559/2735/1701 1204/2736/1702
f 777/2737/1703 294/2738/1703 770/2739/1703 1231/2740/1703
f 911/2741/1704 370/2742/1704 576/2743/1705 1187/2744/1706
f 1354/2745/1707 1642/2746/1708 2057/2480/1533 1689/2747/1709
f 190/2748/1710 861/2749/1711 1051/2750/1712 669/2751/1710
f 1086/2752/1713 786/2753/1713 301/2754/1713 781/2755/1713
f 1302/194/1714 1630/193/1715 2118/2756/1716 1849/2757/1717
f 2080/376/220 1762/2758/1718 1411/2759/1719 1793/2760/1720
f 539/2761/1721 1064/2762/150 834/2763/152 187/2764/1721
f 3265/2765/1722 3262/2766/1723 3259/2767/1723 3257/2768/1722
f 193/2769/1724 888/2770/1725 1039/2771/1726 672/2772/1724
f 548/2773/1727 1183/2774/1728 544/2775/1729 192/2776/1729
f 809/2777/1730 317/2778/1461 810/2779/1460 1077/2780/1731
f 1022/2781/1732 429/2782/1732 379/2783/1732 930/2784/1732
f 514/2427/1733 1035/2426/1734 899/2785/1735 257/2786/1733
f 739/2787/1736 276/2788/1736 627/2789/1736 1168/2790/1736
f 241/2791/1737 755/2792/1738 1101/2793/1739 466/2794/1740
f 354/2795/1741 878/2796/1741 1219/2797/1741 885/2798/1741
f 565/2799/1742 1166/2800/1743 527/2801/1744 175/2802/1744
f 323/2803/1745 828/2647/1647 1129/2650/1650 491/2804/1746
f 491/2805/1746 1129/2806/1650 493/2807/1747 148/2808/1748
f 269/2809/1749 725/2810/1749 1236/139/1749 732/138/1749
f 873/2811/1570 352/2812/1693 703/2813/1750 1124/2814/1751
f 1517/2815/1640 1415/2271/1360 1798/1601/982 2042/2816/1752
f 782/2183/1753 302/2182/1754 783/2817/1680 1089/2818/1755
f 264/2819/1756 716/2820/1756 1237/2821/1756 723/2822/1756
f 711/2823/1757 262/2824/1758 685/2825/1759 1142/2826/1760
f 1698/2827/1761 1988/2828/1762 1757/2829/1763 1379/2830/1764
f 1131/2315/1396 696/2190/1462 248/2191/1765 487/2316/1397
f 1198/2415/1766 565/2799/1767 175/2802/1768 654/2416/1768
f 1122/2831/1769 705/2832/1770 257/2833/1771 673/2834/1772
f 1795/2554/1579 1763/157/98 1349/156/97 1413/2555/861
f 1669/2835/1773 2077/2836/1774 1663/2837/1775 1375/2838/1776
f 993/153/1777 414/2839/1777 986/2840/1777 1239/2841/1777
f 750/2842/1778 279/2843/1778 743/2844/1778 1234/2845/1778
f 411/2846/1779 632/2847/1779 1163/2848/1779 982/2849/1779
f 983/2850/1780 410/2851/1780 568/2852/1780 1195/2853/1780
f 984/2854/1781 409/2855/1781 977/2856/1781 1240/2857/1781
f 682/1069/1782 1145/2858/1783 403/2859/1784 972/1070/1782
f 633/1206/1785 1162/2479/1785 405/2478/1785 973/1207/1785
f 1994/2860/1786 1878/2861/1787 1453/2862/1788 1708/2863/1789
f 966/1079/772 1006/1130/771 441/1080/1790
f 407/1082/744 972/1128/1791 1005/1083/745
f 520/1108/1792 168/2864/1792 1191/2865/1792 572/1109/1792
f 405/1085/1793 974/1125/1793 1003/1086/1793
f 959/1232/1794 1242/2866/1794 401/2867/1794 966/1233/1794
f 954/2868/1795 397/2869/1796 680/2870/1797 1147/2871/1798
f 544/2872/1799 1044/2873/1800 879/2357/1801 192/2356/1799
f 956/2874/1802 395/2875/1802 571/2876/1802 1192/2877/1802
f 438/2878/1803 394/2879/1803 957/2880/1803 1010/2881/1803
f 401/2867/1804 634/2882/1804 1161/1132/1804 964/1131/1804
f 636/1198/1805 1159/1101/1805 390/1100/1805 946/1199/1805
f 372/2528/1806 911/2741/1806 1187/2744/1807 675/2529/1808
f 1505/2883/1809 1919/2884/1809 2157/2885/1809 2158/2886/1809
f 391/1200/1810 948/2887/1810 1244/2888/1810 636/1198/1810
f 636/1046/1811 1244/1037/1811 584/1036/1811 200/1044/1811
f 2026/2889/1812 1814/2890/1813 1431/2891/1814 1551/2892/1815
f 583/2893/1816 199/1168/1816 1158/1167/1816 637/2894/1816
f 413/1182/791 985/2895/1465 997/1183/792
f 985/2394/1465 118/2896/1817 448/2393/1463
f 957/1814/1818 1243/1813/1818 635/2897/1818 396/2898/1818
f 998/1808/1819 979/2899/1819 203/1809/1819
f 595/2900/1820 1094/2901/1820 763/2902/1820 211/2903/1820
f 1432/2904/1821 1782/2905/1822 2102/2906/1823 1816/2907/1824
f 1192/2908/1825 571/2909/1825 169/2910/1825 648/2911/1825
f 1382/2275/1826 1759/2274/1827 2050/1358/859 1620/2912/1828
f 188/2449/1829 843/2448/1830 1059/2913/1831 667/2914/1829
f 2008/2915/1832 1864/2916/1833 1467/2917/1834 1722/2918/1835
f 393/2919/1836 954/2868/1795 1147/2871/1798 437/2920/1837
f 437/2921/1837 1147/2922/1798 439/2923/1838 112/2924/1839
f 680/2925/1797 232/2926/1840 439/2923/1838 1147/2922/1798
f 406/2927/1841 970/2928/1841 1002/2929/1841
f 1002/1122/1842 970/2930/1842 202/1123/1842
f 444/1124/1843 1002/1122/1843 586/1014/1843
f 974/1125/1844 407/1082/1844 971/1084/1844
f 1193/2931/1845 649/1111/1846 233/2398/1846 681/2932/1845
f 570/2933/1847 170/1112/760 649/1111/760 1193/2931/1847
f 2239/390/231 2238/2934/185 2243/1436/167 2244/380/223
f 1004/1126/1848 969/1113/1848 170/1112/1848
f 970/1127/1849 1004/1126/1849 522/1041/1849
f 972/1128/1850 403/2027/1850 967/1025/1850
f 1146/2935/1851 442/2397/1467 114/2444/1504 440/2936/1852
f 1376/2651/1651 1664/2937/1853 2079/2938/1854 1667/2652/1652
f 401/1129/1855 961/2939/1855 1006/1130/1855
f 961/1150/1856 201/1149/1856 585/1810/1856
f 650/1138/1857 234/2401/1857 1145/2403/1857 682/1139/1857
f 398/2940/1858 958/2941/1859 1009/2942/1860
f 589/2943/1861 121/2944/1861 1118/2945/1861 709/1155/1861
f 1009/1144/1862 439/2946/1863 232/1145/1864
f 411/2846/1865 984/2947/1865 1240/2948/1865 632/2847/1865
f 1231/2949/1866 770/2950/1866 137/2951/1866 597/2952/1866
f 1240/2953/1867 977/2954/1867 119/2955/1867 588/2956/1867
f 412/2551/1868 983/2850/1869 1195/2853/1870 683/2552/1870
f 625/2957/1871 1233/2958/1871 595/2959/1871 211/2960/1871
f 2129/1840/1007 1621/226/1872 1308/2961/1873 1839/1841/1008
f 982/2849/1874 1163/2848/1874 568/2852/1874 410/2851/1874
f 1163/2962/1875 524/2963/1875 172/2964/1875 568/2965/1875
f 2132/2966/1876 1605/38/1877 1301/37/1878 1836/2967/1879
f 981/2550/1575 1144/2553/1578 446/2968/1880 408/2969/1881
f 884/2970/1882 355/2540/1882 547/2543/1883 1216/2971/1884
f 1448/2972/1885 1883/1852/1013 1989/1851/1012 1703/2973/1885
f 993/2974/1886 1239/2975/1886 631/1805/1886 416/1804/1886
f 1239/1169/1887 589/1172/1887 205/2976/1887 631/2977/1887
f 524/1031/1888 204/1067/1888 996/1110/1888 987/1032/1888
f 947/1220/1889 392/2978/1889 944/1221/1889
f 1196/2979/1890 652/2980/1890 236/2981/1890 684/2982/1890
f 194/2583/1891 898/2582/1891 1036/2983/1891 578/2984/1891
f 1164/2985/1892 525/2986/1892 173/2987/1892 567/2988/1892
f 631/2977/1893 205/2976/1893 525/2986/1893 1164/2985/1893
f 236/2989/1894 710/2990/1895 1121/2991/1896 451/2992/1894
f 449/2993/1897 1143/2994/1898 451/2995/1899 120/2996/1900
f 684/2982/1901 236/2981/1902 451/2995/1899 1143/2994/1898
f 709/2997/1903 1118/1236/1903 261/1235/1903 712/2998/1903
f 630/2999/1904 1238/3000/1904 590/3001/1904 206/3002/1904
f 1238/3000/1905 707/3003/1905 123/3004/1905 590/3001/1905
f 262/2824/1906 713/3005/1906 1197/3006/1906 685/2825/1906
f 1683/2208/1322 2063/3007/1907 1649/3008/1908 1361/3009/1909
f 509/3010/1910 1123/3011/1911 511/3012/1912 160/3013/1913
f 1654/2433/1497 1399/3014/1914 1740/2624/1915 2069/2434/1498
f 566/3015/1916 1165/3016/1916 526/3017/1916 174/3018/1916
f 1165/3016/1917 630/2999/1917 206/3002/1917 526/3017/1917
f 663/3019/1918 1075/3020/1919 809/3021/1920 247/3022/1918
f 427/2171/1286 1025/2170/1285 922/3023/1921 104/3024/1922
f 245/2467/1923 791/2466/1924 1085/2177/1291 478/2176/1290
f 1550/3025/1925 1962/3026/1925 1944/3027/1925 1282/3028/1925
f 1941/3029/850 1522/3030/850 1964/1325/850 1482/1324/850
f 1946/3031/850 1483/3032/850 1896/1326/850 1964/1325/850
f 267/2215/1926 722/3033/1926 1198/3034/1483 686/2216/1482
f 243/3035/1927 773/3036/1928 1093/3037/1929 472/3038/1930
f 328/2112/1237 333/2116/1238 440/1177/1195 114/2158/1276
f 1694/3039/1931 1351/3040/1319 1765/3041/1318 2083/3042/1932
f 1093/3043/1929 774/3044/1933 293/3045/1934 769/3046/1935
f 1166/2800/1936 629/1258/1936 207/1261/1936 527/2801/1936
f 263/3047/1937 720/2214/1325 1141/2217/1328 455/3048/1938
f 455/3049/1938 1141/3050/1328 457/3051/1939 124/3052/1940
f 1141/3050/1328 686/2414/1327 238/2417/1941 457/3051/1939
f 580/1827/1942 1026/1830/1942 916/2333/1942 196/2332/1942
f 628/3053/1943 1236/3054/1943 592/3055/1943 208/3056/1943
f 614/3057/1944 1222/3058/1944 606/3059/1944 222/3060/1944
f 731/1977/1945 270/3061/1945 564/3062/1946 1199/1978/1947
f 506/3063/1948 1124/3064/1751 508/3065/1949 158/3066/1950
f 1199/2219/1947 564/3067/1946 176/3068/1951 655/2220/1951
f 270/3061/1952 730/3069/1952 1167/3070/1953 564/3062/1954
f 1200/3071/1955 563/3072/1956 177/3073/1957 656/3074/1957
f 1394/3075/1958 1745/3076/1959 2064/3077/1960 1649/3078/1961
f 268/3079/1962 729/2184/1963 1140/2185/1299 458/3080/1964
f 1213/2469/1965 550/1451/1966 190/1454/1967 669/2470/1967
f 1140/3081/1299 687/2218/1298 239/2221/1968 460/3082/1969
f 276/3083/1970 741/3084/1970 1235/3085/1970 627/3086/1970
f 3246/3087/1971 3249/3088/1971 3252/3089/1971 3244/3090/1971
f 1758/3091/1972 1987/1800/989 1698/1803/1973 1379/3092/1973
f 277/3093/1974 740/3094/1974 1200/3095/1975 688/3096/1976
f 855/3097/1977 342/3098/1978 701/3099/1979 1126/3100/1980
f 1139/3101/1981 688/3102/1982 240/3103/1983 463/3104/1984
f 275/3105/1985 739/2787/1985 1168/2790/1986 563/3106/1987
f 943/3107/1988 1014/3108/1988 948/3109/1988 391/3110/1988
f 1085/3111/1291 792/3112/1989 303/3113/1990 787/3114/1292
f 273/3115/1991 738/3116/1992 1139/3117/1981 461/3118/1993
f 1089/2818/1755 783/2817/1680 298/3119/1679 778/3120/1994
f 658/2459/1995 1095/2458/1996 764/3121/1997 242/3122/1995
f 1934/3123/855 1487/3124/855 1900/1345/855 1976/1344/855
f 1937/3125/838 1481/3126/838 1894/1341/838 1973/1278/838
f 1731/255/132 2014/179/105 1728/3127/1998 1409/3128/1999
f 856/3129/2000 341/1886/2000 614/1887/2000 1181/3130/2000
f 738/3116/1992 277/3093/2001 688/3096/1982 1139/3117/1981
f 689/3131/1495 1201/3132/1494 657/3133/2002 241/3134/2002
f 1168/3135/2003 627/3136/2003 209/3137/2003 529/3138/2003
f 164/3139/2004 915/3140/2005 1027/3141/2006 643/3142/2004
f 1128/3143/1597 699/3144/2007 251/3145/2008 496/3146/2009
f 418/3147/2010 1153/3148/2011 421/3149/2012 100/3150/2013
f 1071/3151/2014 821/3152/2015 322/2662/2015 818/3153/2016
f 168/2233/2017 520/2346/2017 1012/2349/2017 951/2234/2017
f 1094/3154/2018 768/3155/2018 291/3156/2018 763/3157/2018
f 683/3158/2019 1195/3159/2019 651/3160/2019 235/3161/2019
f 1761/80/2020 1984/3162/2021 1702/3163/2022 1383/81/2023
f 1337/198/2024 1629/197/2025 2124/3164/2026 1843/3165/2027
f 807/2376/2028 315/2375/2029 812/3166/2029 1075/3167/2030
f 2083/3042/1932 1765/3041/1318 1415/3168/1360 1797/3169/2031
f 755/3170/1738 287/3171/2032 756/3172/2033 1101/3173/1739
f 512/3174/2034 1122/2831/1769 673/2834/1772 98/3175/2035
f 652/3176/2036 173/3177/2036 1119/3178/2036 710/2990/2036
f 1368/3179/2037 1656/3180/2038 2071/3181/2039 1675/3182/2040
f 713/3005/2041 260/224/2041 566/223/2041 1197/3006/2041
f 1072/3183/2042 820/2665/2043 320/3184/2043 816/3185/2044
f 291/3186/2045 768/2566/2045 1232/2569/2045 624/3187/2045
f 361/3188/2046 894/3189/2046 1218/3190/2046 610/3191/2046
f 326/3192/2047 831/2657/2047 1225/2660/2047 617/3193/2047
f 1048/2195/2048 874/2194/2049 350/3194/2049 870/3195/2050
f 1740/2624/1915 2005/3196/2051 1719/3197/2052 1400/2625/2053
f 890/3198/2054 362/3199/2055 891/3200/2056 1041/3201/2057
f 1684/3202/2058 1360/3203/1321 1774/3204/1320 2093/3205/2059
f 747/3206/2060 282/2428/2060 689/2431/2061 1138/3207/2062
f 1549/3208/2063 1430/3209/2064 1814/2890/1813 2026/2889/1812
f 1636/164/101 1594/166/101 1573/3210/101 1302/3211/101
f 1370/3212/1574 1658/3213/1573 2073/3214/2065 1673/3215/2066
f 1187/3216/1706 576/3217/1705 164/3218/2067 643/3219/2067
f 296/3220/2068 777/2737/2068 1231/2740/2068 623/3221/2068
f 301/3222/2069 786/3223/2069 1230/3224/2069 622/3225/2069
f 1234/3226/2070 743/3227/2070 131/3228/2070 594/3229/2070
f 1634/172/102 1572/174/102 1584/3230/102 1319/3231/102
f 454/2708/1686 1117/2707/1685 715/3232/2071 122/3233/2072
f 313/3234/2073 810/2389/1460 1131/2392/1396 485/3235/1395
f 295/2734/2074 775/2729/2074 1172/2732/2075 559/2735/2076
f 1177/3236/1663 618/3237/1662 218/3238/2077 538/3239/2077
f 543/3240/2078 1048/3241/2048 870/3242/2050 191/3243/2078
f 293/3244/2079 774/2725/1695 1135/2728/1698 473/3245/2080
f 322/2662/2081 821/3152/2081 1209/3246/2082 697/2663/2083
f 315/2441/2084 811/3247/2084 1176/3248/2085 555/2442/2086
f 623/3249/2087 1231/2949/2087 597/2952/2087 213/3250/2087
f 1062/3251/2088 495/3252/2088 329/3253/2088 840/3254/2088
f 1886/3255/2089 1445/3256/2090 1699/3257/2091 1986/2273/1362
f 870/3195/2092 350/3194/2093 875/3258/2093 1047/3259/2094
f 476/3260/1682 1134/3261/1681 478/3262/2095 138/3263/2096
f 694/3264/2097 1206/3265/2098 662/3266/2099 246/3267/2099
f 1323/3268/1440 1626/3269/58 2049/3270/2100 1696/3271/2101
f 1130/3272/1660 697/3273/1659 249/3274/2102 490/3275/2103
f 888/3276/1725 360/3277/2104 893/3278/2104 1039/3279/1726
f 1731/255/147 1409/3128/2105 1664/3280/1853 2078/284/148
f 1606/41/35 1347/3281/35 1603/3282/35 1582/42/35
f 794/3283/2106 305/2484/2106 557/2487/2107 1206/3284/2108
f 1218/3285/2109 887/3286/2109 99/3287/2109 420/3288/2109
f 905/3289/2110 103/3290/2110 580/3291/2110 1248/3292/2110
f 2122/3293/2111 1617/78/2112 1344/77/2113 1846/3294/2114
f 2137/3295/2115 1633/131/2116 1304/130/2117 1832/3296/2118
f 2070/3297/2119 1656/3298/2038 1368/3299/2037 1676/3300/2120
f 900/3301/2121 367/3302/2122 674/3303/2123 1153/3304/2011
f 1205/3305/2124 558/3306/2125 182/3307/2126 661/3308/2126
f 554/3309/2127 1177/3236/2128 538/3239/2129 186/3310/2129
f 470/3311/2130 1136/3312/1444 472/3313/2131 134/3314/2132
f 1445/3315/2090 1885/1801/990 1987/1800/989 1699/3316/2091
f 502/3317/2133 1053/3318/2134 859/3319/2135 154/3320/2136
f 1750/3321/2137 1995/3322/2138 1709/3323/2139 1390/3324/2140
f 311/3325/2141 804/2697/2141 1228/2700/2141 620/3326/2141
f 624/3327/2142 1232/3328/2142 596/3329/2142 212/3330/2142
f 1338/210/2143 1625/209/2144 2142/3331/2145 1829/3332/2146
f 312/2687/2147 803/2693/2147 1207/2696/2148 695/2688/2149
f 1154/2307/2150 641/3333/2150 195/3334/2150 515/2308/2150
f 3254/3335/2151 3267/3336/2152 3260/3337/2153 3247/3338/2153
f 1755/3339/2154 1386/3340/108 1641/2299/107 2054/2298/1385
f 292/2370/2155 767/3341/2155 1203/3342/2156 691/2371/2157
f 1362/3343/2158 1650/3344/2159 2065/3345/2160 1681/3346/2161
f 1656/3180/2038 1401/3347/2162 1738/294/154 2071/3181/2039
f 482/3348/141 1132/2715/140 484/2718/1691 142/3349/2163
f 668/3350/2164 1055/3351/117 854/3352/119 252/3353/2164
f 346/3354/2165 867/3355/2165 1221/3356/2165 613/3357/2165
f 607/3358/2166 1046/3359/2166 871/3360/2166 223/3361/2166
f 1635/119/1638 1337/122/2167 1843/3362/2168 2125/2559/1583
f 683/3158/1577 235/3161/2169 448/3363/2170 1144/3364/1578
f 187/2764/2171 834/2763/2172 1063/3365/2173 666/3366/2171
f 1172/3367/2174 623/3249/2174 213/3250/2174 533/3368/2174
f 1616/247/130 1577/249/130 1591/3369/130 1330/3370/130
f 691/3371/2157 1203/3372/2156 659/3373/2175 243/3374/2175
f 1356/3375/2176 1644/3376/86 2059/3377/2177 1687/3378/2178
f 1711/3379/2179 1998/3380/2180 1747/3381/2181 1392/3382/2182
f 2078/284/148 1664/3280/1853 1376/3383/1651 1668/3384/2183
f 2064/3077/1960 1650/3385/2159 1362/3386/2158 1682/3387/2184
f 321/2666/2185 822/3388/2185 1226/3389/2185 618/2667/2185
f 786/3223/2186 299/3390/2186 779/3391/2186 1230/3224/2186
f 2001/3392/2187 1871/3393/2188 1460/3394/2189 1715/3395/2190
f 1175/3396/1676 620/3397/1675 216/3398/2191 536/3399/2191
f 697/3273/2083 1209/3400/2082 665/3401/2192 249/3274/2192
f 542/3402/2193 1052/3403/2194 861/2749/2195 190/2748/2193
f 320/3184/2196 820/2665/2196 1177/2668/2128 554/3404/2127
f 1203/3372/2197 560/2653/2198 180/2656/2199 659/3373/2199
f 255/3405/2200 881/3406/2201 1045/3407/2202 508/3408/2203
f 318/3409/2204 819/2661/1657 1130/2664/1660 488/3410/2205
f 488/3411/2205 1130/3272/1660 490/3275/2103 146/3412/2206
f 555/531/2086 1176/3413/2085 537/3414/2207 185/532/2207
f 734/3415/2208 129/3416/2208 593/3417/2208 1235/3418/2208
f 1707/3419/2209 1452/3420/2210 1878/2861/1787 1994/2860/1786
f 1121/3421/1896 711/3422/2211 258/3423/2212 706/3424/2213
f 327/2648/2214 830/2322/2214 1210/2325/1634 698/2649/1633
f 748/3425/2215 281/3426/2215 626/3427/2215 1169/3428/2215
f 184/3429/2216 807/3430/2028 1075/3020/2030 663/3019/2216
f 325/2323/2217 829/3431/2217 1178/3432/1369 553/2324/1368
f 1081/3433/2218 801/3434/139 308/3435/138 796/3436/2219
f 799/3437/1488 311/3438/2220 802/3439/2220 1080/3440/1489
f 2099/3441/2221 1780/3442/2222 1430/3443/2064 1813/3444/2223
f 1201/3132/2224 562/3445/2225 178/3446/2226 657/3133/2226
f 247/3022/2227 809/3021/1730 1077/3447/1731 484/3448/2228
f 1744/3449/2229 2001/3392/2187 1715/3395/2190 1396/3450/2230
f 1457/3451/2231 1873/3452/2232 1999/1879/1028 1712/1878/1027
f 1988/2828/1762 1884/3453/2233 1448/3454/2234 1703/3455/2235
f 690/3456/2236 1202/3457/2237 658/3458/2238 242/3459/2238
f 338/3460/2239 855/3097/1977 1126/3100/1980 500/3461/2240
f 1216/3462/1884 547/407/1883 193/410/2241 672/3463/2241
f 1202/3457/2242 561/3464/2243 179/3465/2244 658/3458/2244
f 532/3466/2245 1092/3467/2246 771/3468/2247 180/3469/2245
f 857/3470/2248 340/3471/2248 550/3472/1966 1213/3473/1965
f 932/3474/2249 1245/3475/2249 386/3476/2249 939/3477/2249
f 357/3478/2250 884/2970/2250 1216/2971/2251 704/3479/2252
f 343/3480/2253 864/3481/2254 1125/3482/1179 503/3483/1178
f 336/2628/2255 849/2635/2255 1223/2638/2255 615/2629/2255
f 1452/3420/2256 1834/3484/2257 2133/3485/2258 1878/2861/2259
f 1399/3014/1914 1718/3486/1005 2005/3196/2051 1740/2624/1915
f 461/3487/1993 1139/3101/1981 463/3104/1984 128/3488/2260
f 1127/2593/1607 700/3489/2261 252/3490/2262 499/2594/1608
f 3254/3335/2151 3256/1243/825 3269/1242/824 3267/3336/2152
f 537/3491/2263 1072/3492/2042 816/3493/2044 185/3494/2263
f 2662/346/194 2663/897/620 2659/3495/628 2658/3496/2264
f 979/3497/2265 998/3498/2265 984/3499/2265 411/3500/2265
f 333/3501/2266 846/3502/1125 1127/3503/1607 497/3504/1606
f 475/3505/2267 1089/3506/1755 778/3507/1994 136/3508/2268
f 1700/3509/2269 2048/83/59 1697/375/219 1377/374/218
f 131/3510/2270 468/3511/2270 1098/3512/2270 594/3513/2270
f 896/3514/2271 101/3515/2271 579/3516/2271 1249/3517/2271
f 319/3518/2272 815/3519/2272 1226/3389/2272 822/3388/2272
f 280/3520/2273 748/3425/2273 1169/3428/2274 562/3521/2275
f 1671/2201/1313 2075/2200/1312 1661/3522/2276 1373/3523/2277
f 458/3524/1964 1140/3081/1299 460/3082/1969 126/3525/2278
f 781/2755/2279 301/2754/2279 784/3526/2279 1088/3527/2279
f 1097/2619/1279 765/2618/1626 288/3528/2280 760/3529/1280
f 705/2832/2281 1217/3530/2282 514/3531/2283 257/2833/2283
f 185/3494/2284 816/3493/2285 1071/3532/2286 664/3533/2284
f 1681/3346/2161 2065/3345/2160 1651/3534/2287 1363/3535/2288
f 1645/3536/2289 2060/3537/2290 1686/3538/2291 1357/3539/2292
f 597/3540/2293 1086/3541/2293 781/3542/2293 213/3543/2293
f 591/280/2294 1110/279/2294 727/3544/2294 207/3545/2294
f 159/3546/2295 510/3547/2295 1042/3548/2295 608/3549/2295
f 1023/3550/2296 929/3551/2297 382/3552/2297 926/3553/2298
f 389/3554/2299 941/3555/2299 1244/2888/2299 948/2887/2299
f 662/2043/2300 1079/2042/2301 800/3556/2302 246/3557/2300
f 721/3558/2303 266/3559/2303 629/3560/2303 1166/3561/2303
f 417/3562/2304 684/3563/1901 1143/3564/1898 990/3565/794
f 350/3566/2305 874/2588/2305 1183/2591/1728 548/3567/1727
f 846/3502/1125 337/2330/1124 700/2331/2261 1127/3503/1607
f 395/2875/2306 955/3568/2306 1160/3569/2306 571/2876/2306
f 1124/3064/1751 703/3570/1750 255/3571/2307 508/3065/1949
f 1249/3517/2308 579/3516/2308 195/3572/2308 641/3573/2308
f 3259/2767/1723 3262/2766/1723 3268/3574/2309 3258/3575/2309
f 1219/3576/2310 878/3577/2310 161/3578/2310 609/3579/2310
f 352/2812/2311 875/3580/2311 1215/3581/2312 703/2813/2313
f 1908/3582/2314 1495/3583/2315 2161/3584/2315 2159/3585/2316
f 1912/3586/2317 1499/3587/2317 2146/3588/2317 2144/3589/2317
f 330/3590/2318 838/1190/2318 1179/1193/2319 552/3591/2320
f 1210/2632/1405 553/2280/1404 187/2281/2321 666/2633/2321
f 530/3592/2322 1100/3593/2322 753/3594/2322 178/3595/2322
f 348/3596/1571 873/2811/1570 1124/2814/1751 506/3597/1948
f 875/3580/2323 350/3566/2323 548/3567/2324 1215/3581/2325
f 1663/285/149 2078/284/148 1668/3384/2183 1375/3598/2326
f 286/3599/2327 759/3600/2327 1233/3601/2327 625/3602/2327
f 359/3603/2328 887/3604/2328 1218/3190/2328 894/3189/2328
f 1227/2245/2329 806/3605/2329 145/3606/2329 601/2246/2329
f 216/3607/2330 808/3608/2331 1076/3609/2332 536/3610/2330
f 1211/3611/2333 552/3612/2334 188/3613/2335 667/3614/2335
f 421/3615/2336 1033/3616/1378 904/3617/1381 100/3618/2337
f 1374/3619/2338 1662/3620/2339 2077/2836/1774 1669/2835/1773
f 674/3621/2340 1186/3622/2341 642/3623/2342 226/3624/2342
f 2063/3007/1907 1746/1880/2343 1394/2714/2344 1649/3008/1908
f 839/2337/2345 330/3590/2345 552/3591/2334 1211/2338/2333
f 664/3533/2346 1071/3532/2014 818/2599/2016 248/2598/2346
f 1010/3625/2347 957/3626/2347 396/3627/2347 952/3628/2347
f 608/3549/2348 1042/3548/2348 880/3629/2348 224/3630/2348
f 456/3631/2349 264/3632/2349 723/3633/2349 1114/3634/2349
f 860/3635/2350 157/3636/2350 607/3637/2350 1221/3638/2350
f 1788/3639/2351 1374/3619/2338 1669/2835/1773 2108/3640/2352
f 214/3641/2353 790/3642/2353 1084/3643/2353 534/3644/2353
f 1217/3530/2354 546/3645/2355 162/3646/2356 514/3531/2356
f 1088/3527/2357 784/3526/2358 300/3647/2358 780/3648/2359
f 546/3645/2360 1185/3649/2360 578/3650/2360 162/3646/2360
f 1185/3649/2361 610/3651/2361 194/3652/2361 578/3650/2361
f 1411/3653/1719 1762/3654/1718 2081/3655/2362 1794/3656/2363
f 1144/3364/1578 448/3363/2170 118/3657/2364 446/3658/1880
f 533/3659/2365 1088/3660/2357 780/3661/2359 181/3662/2365
f 1628/201/114 1584/203/114 1598/3663/114 1340/3664/114
f 3251/3665/2366 3252/3089/2366 3249/3088/2366 3248/3666/2366
f 1949/3667/849 1477/3668/849 1890/1321/849 1961/1320/849
f 2066/3669/2367 1652/3670/1457 1364/3671/1456 1680/3672/2368
f 1436/3673/2369 1786/3674/2370 2106/3675/2371 1820/3676/2372
f 1402/3677/2373 1737/3678/2374 2072/1203/803 1657/1202/802
f 1444/3679/2375 1884/3453/2233 1988/2828/1762 1698/2827/1761
f 1400/3680/2376 1739/3681/2377 2070/3297/2119 1655/3682/2378
f 1135/3683/1698 692/3684/1697 244/3685/2379 475/3686/2380
f 1713/3687/2381 2000/3688/2382 1745/3076/2383 1394/3075/2384
f 557/3689/1539 1174/3690/1538 535/3691/2385 183/3692/2385
f 1784/3693/2386 1370/3212/1574 1673/3215/2066 2104/3694/2387
f 371/2532/2388 912/2539/2388 1248/2538/2388 640/2533/2388
f 640/3695/2389 1248/3292/2389 580/3291/2389 196/3696/2389
f 621/3697/2390 1229/3698/2390 599/3699/2390 215/3700/2390
f 990/3565/794 1143/3564/1898 449/3701/1897 413/3702/791
f 1206/3265/2108 557/3689/2107 183/3692/2391 662/3266/2391
f 1176/3413/2392 619/2244/2393 217/2247/2394 537/3414/2394
f 370/2742/2395 910/2531/2395 1155/2534/2396 576/2743/2397
f 576/3217/2397 1155/3703/2396 516/3704/2398 164/3218/2398
f 1155/3703/1565 640/3705/1564 196/3706/2399 516/3704/2399
f 368/3707/2400 909/2527/1559 1152/2530/1562 422/3708/2401
f 422/3709/2401 1152/3710/1562 424/3711/2402 102/3712/2403
f 189/3713/2404 852/3714/2405 1055/3351/2406 668/3350/2404
f 356/3715/2407 885/2798/2407 1219/2797/2407 611/3716/2407
f 639/3717/2408 1247/3718/2408 581/3719/2408 197/3720/2408
f 1247/3718/2409 914/3721/2409 105/3722/2409 581/3719/2409
f 191/3243/2410 870/3242/2092 1047/74/2094 670/73/2410
f 676/3723/81 1188/3724/80 644/3725/2411 228/3726/2411
f 681/2932/2412 233/2398/1468 442/2397/1467 1146/2935/1851
f 821/3152/2413 320/3184/2413 554/3404/2414 1209/3246/2415
f 575/3727/1390 1156/3728/1389 517/3729/2416 165/3730/2416
f 221/3731/2417 853/3732/2417 1056/3733/2417 541/3734/2417
f 1840/3735/2418 2127/3736/2419 1872/3737/2420 1458/3738/2421
f 425/3739/2422 1151/3740/2423 427/3741/2424 104/3742/2425
f 654/2259/2426 1111/2258/2427 728/2382/2428 238/2381/2426
f 611/3743/2429 1219/3576/2429 609/3579/2429 225/3744/2429
f 610/3745/2430 1218/3285/2430 420/3288/2430 194/3746/2430
f 1246/2524/2431 923/3747/2431 107/3748/2431 582/2525/2431
f 1884/3453/2432 2139/3749/2433 1830/3750/2434 1448/3454/2435
f 677/3751/2436 1189/3752/2437 645/3753/2438 229/3754/2438
f 571/2909/2439 1160/1863/2439 521/1866/2439 169/2910/2439
f 2067/2387/1458 1742/1871/2440 1398/1873/2441 1653/2418/1485
f 1537/3755/2442 1424/3756/2443 1808/3757/2444 2032/3758/2445
f 1686/3538/2291 1358/3759/2446 1772/3760/2447 2091/3761/2448
f 378/3762/2449 927/2497/1543 1150/2500/1546 428/3763/2450
f 428/3764/2450 1150/3765/1546 430/3766/2451 106/3767/2452
f 1150/3765/1546 677/3751/1545 229/3754/2453 430/3766/2451
f 2050/1358/859 1349/156/97 1348/155/96 1620/2912/1828
f 387/3768/2454 938/2490/2454 1190/2492/2454 678/3769/2454
f 710/2990/2455 236/2989/2455 652/3176/2455
f 260/3770/2456 708/3771/2456 1120/3772/2456
f 383/3773/2457 936/3774/1373 1149/3775/2458 431/3776/2459
f 431/3777/2459 1149/3778/2458 433/3779/2460 108/3780/2461
f 1149/3778/2458 678/1162/2462 230/3781/2463 433/3779/2460
f 534/3644/2464 1084/3643/2465 789/2327/2466 182/2326/2464
f 1035/2496/1734 902/2495/2467 367/3782/2467 899/3783/1735
f 1422/3784/2468 1772/3785/2447 2092/869/599 1806/3786/2469
f 552/3612/2320 1179/2604/2319 540/2607/2470 188/3613/2470
f 740/3094/2471 275/3105/2471 563/3106/1956 1200/3095/1955
f 1138/3787/2062 689/3131/2061 241/3134/2472 466/3788/2473
f 472/3038/1930 1093/3037/1929 769/3789/1935 134/3790/2474
f 780/3648/2475 300/3647/2476 785/2181/2476 1087/2180/2477
f 773/768/1928 297/767/2478 774/3044/1933 1093/3043/1929
f 452/3791/2479 1142/3792/1760 454/3793/2480 122/3794/2481
f 1025/3795/1285 927/3796/1543 378/3797/2449 922/3798/1921
f 226/2587/2482 908/2586/2483 1033/3616/1378 421/3615/2336
f 1655/3682/2378 2070/3297/2119 1676/3300/2120 1367/3799/2484
f 722/3033/2485 265/3800/2485 565/3801/1767 1198/3034/1766
f 1180/1076/1632 615/3802/1631 221/3803/2486 541/1077/2486
f 481/3804/2487 1081/3805/2218 796/3806/2219 140/3807/2488
f 484/3448/2228 1077/3447/1731 805/3808/2489 142/3809/2490
f 800/3810/2491 312/3811/1672 801/3434/139 1081/3433/2218
f 688/3102/1976 1200/3071/1975 656/3074/2492 240/3103/2492
f 749/2429/2493 280/3520/2493 562/3521/2225 1201/2430/2224
f 1031/3812/1601 911/3813/2494 372/3814/2494 908/3815/1602
f 487/2601/1614 1073/2600/1613 814/3816/2495 144/3817/2496
f 1073/3818/1613 819/2661/1657 318/3409/2204 814/3819/2495
f 762/3820/1515 290/3821/2497 767/3822/2497 1095/3823/1516
f 367/3302/2498 902/3824/2498 1186/3825/2341 674/3303/2340
f 881/3826/2201 357/3827/2499 882/3828/2500 1045/3829/2202
f 1759/2274/1827 1380/3830/2501 1587/1359/860 2050/1358/859
f 559/3831/2076 1172/3367/2075 533/3368/2502 181/3832/2502
f 949/3833/2503 1013/3834/2504 954/3835/1795 393/3836/1836
f 862/3837/2505 346/3838/2505 865/3839/2505 1052/3840/2505
f 1349/158/97 1587/3841/860 2051/3842/2506 1695/159/99
f 1061/1983/1126 846/1982/1125 333/3843/2266 841/3844/2507
f 1992/3845/2508 1880/3846/2509 1451/3847/2510 1706/3848/2511
f 1458/3738/2512 1872/3737/2513 2000/3688/2382 1713/3687/2381
f 1053/3849/2134 864/3850/2254 343/3851/2253 859/3852/2135
f 319/1908/1054 444/1952/1096 115/2159/1277 324/1904/1050
f 496/3853/2514 1061/3854/1126 841/3855/2507 150/3856/2515
f 1832/3857/2118 2136/3858/2516 1881/3859/2517 1450/3860/2518
f 433/3861/2519 1017/3862/2520 940/3863/2521 108/3864/2522
f 826/3865/1383 326/3866/2523 829/3867/2523 1068/3868/1384
f 1642/2746/1708 1387/3869/2524 1752/2481/1534 2057/2480/1533
f 1341/239/2525 1618/238/1166 2116/2022/1165 1851/3870/1165
f 1103/3871/2526 749/3872/2527 282/2237/2527 746/2236/2528
f 2007/295/155 1865/3873/2529 1466/3874/2530 1721/296/156
f 251/3875/2531 845/3876/1123 1061/3854/1126 496/3853/2514
f 1157/3877/2532 638/3878/2532 198/3879/2532 518/3880/2532
f 1156/3728/1553 639/3881/1552 197/3882/2533 517/3729/2533
f 665/2189/2534 1067/2188/2535 827/2453/2536 249/2452/2534
f 1182/3883/2537 613/3884/2537 223/3885/2537 543/3886/2537
f 1264/3887/2538 1525/3888/2539 2038/3889/2540 1526/291/2541
f 893/3890/2542 360/3891/2542 546/3892/2355 1217/3893/2354
f 1129/2806/1650 698/2631/1649 250/2634/2543 493/2807/1747
f 545/3894/2544 1040/3895/2544 888/2770/2544 193/2769/2544
f 1167/3896/2545 628/3053/2546 208/3056/2547 528/3897/2547
f 424/3898/2548 1029/3899/2549 913/3900/2550 102/3901/2551
f 536/3610/2552 1076/3609/1445 807/3430/1447 184/3429/2552
f 917/3902/2553 377/3903/2554 918/3904/2555 1029/3905/2549
f 500/3906/2240 1126/3907/1980 502/3908/2556 154/3909/2557
f 791/3910/1924 307/3911/2558 792/3112/1989 1085/3111/1291
f 926/3553/1284 382/3552/1544 927/3796/1543 1025/3795/1285
f 430/2413/1481 1021/2412/1374 931/3912/2559 106/3913/2560
f 1021/2285/1374 936/2284/1373 383/3914/2457 931/3915/2559
f 163/2463/2561 906/2462/2562 1031/2585/2563 642/2584/2561
f 1330/269/2564 1611/268/2565 2127/3736/2419 1840/3735/2418
f 940/3916/2521 1017/3917/2520 945/3918/1425 388/3919/1424
f 1017/3917/2520 944/1221/2566 392/2978/2567 945/3918/1425
f 110/3920/2568 436/2404/2568 1013/2407/2504 949/3658/2503
f 1850/3921/2569 2117/3922/2570 1862/90/2571 1468/89/2572
f 953/3923/1475 397/3924/1796 954/3835/1795 1013/3834/1476
f 439/2946/1863 1009/1144/1862 958/3925/2573 112/3926/2573
f 1145/2858/1783 443/3927/2574 403/2859/1784
f 317/2390/2575 812/2440/2575 1208/2443/1304 696/2391/1303
f 440/1177/2576 398/2052/2576 963/1178/2576
f 1146/1179/788 963/1178/2577 402/1180/789
f 1291/3928/2578 1561/3929/2579 2020/3930/2580 1562/1273/2581
f 2239/390/231 2234/389/230 2233/3931/892 2238/2934/185
f 1151/3740/2423 676/3723/2582 228/3726/2583 427/3741/2424
f 436/2354/1430 110/3932/2584 434/2355/1431
f 1148/2344/1423 434/3933/1431 388/2345/1424
f 852/3934/2405 340/3935/2585 857/213/2585 1055/212/2406
f 951/3936/2586 1012/3937/2586 955/3938/2586 395/3939/2586
f 710/3940/1895 262/3941/2587 711/3422/2211 1121/3421/1896
f 1108/3942/2588 739/3943/2589 275/3944/2589 735/3945/2590
f 1646/3946/2591 1391/3947/2592 1748/3948/2593 2061/3949/2594
f 1308/248/2595 1616/247/2596 2128/3950/2597 1839/3951/2598
f 811/3247/2599 316/3952/2599 619/3953/2393 1176/3248/2392
f 1113/3954/1454 729/3955/1963 268/3956/1962 724/3957/2600
f 728/3958/1453 272/3959/2601 729/3955/1963 1113/3954/1454
f 1353/3960/1386 1641/183/107 2055/186/110 1691/3961/2602
f 451/2992/1899 1121/2991/1896 706/3962/2213 120/3963/1900
f 3222/3964/2603 3221/3965/2603 3236/3966/2604 2762/3967/2604
f 1385/3968/2605 1755/3339/2154 2054/2298/1385 1640/3969/2606
f 632/3970/2607 204/3971/2607 524/2963/2607 1163/2962/2607
f 527/2367/2608 1112/2366/2609 726/2257/2610 175/2256/2608
f 671/2359/2611 1043/2358/2612 881/3406/2613 255/3405/2611
f 669/2751/2614 1051/2750/2615 863/3972/2616 253/3973/2614
f 1841/3974/2617 2126/3975/2618 1871/3393/2619 1459/3976/2620
f 283/3977/2621 756/3978/2033 1137/3979/2622 467/3980/2623
f 918/3981/2555 377/123/2624 676/126/2582 1151/3982/2423
f 1995/3322/2138 1877/3983/2625 1454/3984/2626 1709/3323/2139
f 892/3985/2627 361/3188/2627 610/3191/2627 1185/3986/2627
f 1112/2516/2609 730/2515/2628 270/3987/2628 726/3988/2610
f 1204/3989/1702 559/3831/1701 181/3832/2629 660/3990/2629
f 526/2363/2630 1116/2362/2631 717/2253/2632 174/2252/2630
f 1116/3991/2631 721/3992/2633 265/3993/2633 717/3994/2632
f 744/3995/2634 280/3996/2635 749/3872/2635 1103/3871/2636
f 1158/2488/2637 573/2491/2637 385/2489/2637
f 1677/2435/1499 2069/2434/1498 1655/2626/1629 1367/3997/2638
f 523/2353/2639 1000/2352/2639 978/3998/2639 171/3999/2639
f 1000/4000/2640 982/4001/2640 410/4002/2640 978/4003/2640
f 979/3497/2641 411/3500/2641 982/4001/2641 1000/4000/2641
f 170/1112/2642 570/2933/2642 1161/1201/2642
f 969/1087/2643 1004/4004/2643 973/4005/2643 405/1085/2643
f 1004/4004/2644 970/2928/2644 406/2927/2644 973/4005/2644
f 960/1218/2645 1008/4006/2645 400/4007/2645 965/1219/2645
f 908/3815/2483 372/3814/2646 909/2291/1379 1033/2290/1378
f 1854/4008/2647 2112/4009/2648 1858/178/2649 1472/177/2650
f 1042/2623/2651 885/2622/2651 356/4010/2651 880/4011/2651
f 3252/4012/2652 3251/1105/755 3264/1104/754 3265/4013/2653
f 946/1151/2654 390/1223/2654 1015/1222/2654 942/1152/2654
f 1016/1153/2655 943/3107/2655 391/3110/2655 946/1151/2655
f 756/3978/2656 287/4014/2656 690/4015/2657 1137/3979/2622
f 933/4016/2658 1020/4017/2658 937/4018/2658 385/4019/2658
f 1020/4017/2659 934/4020/2659 386/4021/2659 937/4018/2659
f 517/4022/2660 1024/4023/2661 924/2223/2662 165/2222/2660
f 1024/4024/2661 928/4025/2663 380/4026/2663 924/4027/2662
f 925/4028/2664 381/4029/2664 928/4025/2664 1024/4024/2664
f 516/2335/2665 1028/2334/2666 915/3140/2667 164/3139/2665
f 466/2794/1740 1101/2793/1739 751/4030/2668 130/4031/2669
f 916/4032/1413 376/4033/2670 919/4034/2670 1028/4035/1414
f 704/4036/2252 1216/3462/2251 672/3463/2671 256/4037/2671
f 257/2786/2672 899/2785/2673 1037/4038/2674 673/4039/2675
f 1183/2774/1605 612/4040/1604 224/4041/2676 544/2775/2676
f 2449/470/296 2450/653/439 2446/4042/129 2445/1106/756
f 564/3067/1954 1167/3896/1953 528/3897/2677 176/3068/2677
f 258/4043/2678 711/2823/1757 1142/2826/1760 452/4044/2479
f 2553/679/458 2557/678/457 2563/782/533 2558/694/468
f 1420/4045/2679 1770/4046/2680 2090/4047/2681 1804/4048/2682
f 1668/3384/2183 1376/3383/1651 1790/4049/1419 2109/4050/2683
f 212/4051/2684 772/4052/2685 1092/3467/2686 532/3466/2684
f 1553/4053/2687 1432/2904/1821 1816/2907/1824 2024/4054/2688
f 675/4055/1808 1187/3216/1807 643/3219/2689 227/4056/2689
f 1388/4057/2690 1751/133/84 2058/136/87 1643/4058/2691
f 1604/35/33 1315/4059/33 1581/4060/33 1595/36/33
f 1133/2520/1555 694/3264/2692 246/3267/2693 481/2521/1556
f 1697/375/219 1323/2368/2694 1762/2758/1718 2080/376/220
f 1041/3201/2057 891/3200/2056 358/4061/2695 886/4062/2696
f 1304/206/2117 1627/205/2697 2136/3858/2516 1832/3857/2118
f 211/4063/2698 763/4064/2698 1096/4065/2698 531/4066/2698
f 219/4067/2699 835/4068/1477 1064/2762/1479 539/2761/2699
f 1830/4069/2700 1315/4059/2701 1604/35/2702 2138/4070/2703
f 853/4071/2704 341/4072/2704 856/4073/2704 1056/4074/2704
f 1060/4075/1507 847/4076/2705 335/4077/2705 843/4078/1508
f 1743/4079/2706 1397/4080/2707 1652/3670/1457 2066/3669/2367
f 287/4014/2708 758/4081/2708 1202/4082/2237 690/4015/2236
f 793/2485/2709 306/4083/2709 621/4084/2709 1174/2486/2709
f 3228/4085/2710 2766/4086/2710 3239/4087/2710 3229/4088/2710
f 538/2297/2711 1068/2296/2712 825/2187/2713 186/2186/2711
f 737/4089/1449 277/4090/2714 738/4091/2715 1109/4092/1450
f 505/4093/2716 1049/4094/1569 868/4095/1572 156/4096/2717
f 1095/3823/1996 767/3822/2718 292/2617/2718 764/2616/1997
f 1075/3167/1919 812/3166/2719 317/2778/2719 809/2777/1920
f 817/4097/2720 321/2666/2721 820/2665/2721 1072/3183/2722
f 494/4098/1598 1128/3143/1597 496/3146/2009 150/4099/2723
f 1028/4035/2666 919/4034/2724 375/4100/2724 915/4101/2667
f 225/4102/2725 889/4103/2725 1040/3895/2725 545/3894/2725
f 535/2423/2726 1080/2422/2727 798/2041/2728 183/2040/2726
f 1080/3440/2727 802/3439/2729 310/4104/2729 798/4105/2728
f 1993/4106/2730 1879/49/2731 1452/4107/2732 1707/4108/2733
f 197/4109/2734 925/4110/2734 1024/4023/2734 517/4022/2734
f 467/4111/2623 1137/4112/2622 469/4113/2735 132/4114/2736
f 1011/4115/2737 956/4116/2738 397/3924/2739 953/3923/2737
f 882/4117/2740 357/3478/2740 704/3479/2741 1123/4118/1911
f 891/4119/2742 362/4120/2742 705/4121/1770 1122/4122/1769
f 230/4123/2743 646/2230/2743 1015/2231/2743 944/4124/2743
f 1029/3905/2549 918/3904/2555 373/4125/2744 913/4126/2550
f 1092/4127/2246 775/4128/2745 295/4129/2745 771/4130/2247
f 558/3306/2746 1173/4131/2747 534/4132/2748 182/3307/2748
f 2059/3377/2177 1750/3321/2137 1390/3324/2749 1645/4133/2750
f 2051/3842/2506 1758/3091/2751 1379/3092/2752 1523/4134/2753
f 1379/2830/2754 1757/2829/2755 2052/4135/2756 1523/4136/2757
f 1692/2301/1387 1353/2300/1386 1767/2563/1587 2085/2562/1586
f 2105/4137/2758 1786/4138/2370 1436/4139/2369 1819/4140/2759
f 223/3361/2760 871/3360/1306 1048/3241/1308 543/3240/2760
f 1772/3785/2447 1358/4141/2761 1685/870/600 2092/869/599
f 250/4142/2762 836/4143/1669 1065/4144/1667 493/4145/2763
f 648/1146/2764 169/1026/2764 1007/1029/2764 962/1147/2764
f 655/2263/2765 1107/2262/2766 737/2378/2767 239/2377/2765
f 1134/3261/1681 693/4146/2768 245/4147/2769 478/3262/2095
f 735/3945/1353 275/3944/2770 740/4148/2770 1107/4149/1354
f 1188/3724/2771 575/3727/2772 165/3730/2773 644/3725/2773
f 1111/4150/2427 731/4151/2774 272/3959/2774 728/3958/2428
f 726/3988/1350 270/3987/2775 731/4151/2775 1111/4150/1351
f 1045/3829/2202 882/3828/2500 353/4152/2776 877/4153/2777
f 1115/4154/2778 722/4155/2779 267/4156/2779 719/4157/2780
f 717/3994/1347 265/3993/2781 722/4155/2781 1115/4154/1348
f 646/1161/2782 230/3781/2782 678/1162/2782
f 1837/4158/2783 2130/4159/2784 1875/4160/2785 1455/4161/2786
f 1039/3279/2787 893/3278/2788 362/3199/2788 890/3198/2789
f 234/4162/2790 650/4163/2790 999/4164/2791 980/4165/2792
f 980/4166/2792 999/4167/2791 983/4168/1869 412/4169/1868
f 1754/185/109 1991/4170/2793 1729/4171/2794 1410/4172/2795
f 1496/4173/2796 1910/4174/2796 2147/4175/2796 2164/4176/2796
f 681/1181/2797 402/1180/2797 965/1214/2797
f 1193/1215/2798 965/1214/2798 400/1134/2798
f 647/2232/2799 1011/2235/2799 953/2406/2799 231/2405/2799
f 1770/4046/2680 1356/3375/2176 1687/3378/2178 2090/4047/2681
f 1852/86/63 2115/85/62 1860/4177/2800 1470/4178/2801
f 757/4179/2802 286/4180/2802 625/4181/2802 1170/4182/2802
f 684/3563/2803 417/3562/2803 992/4183/2803
f 645/2229/2804 1019/2228/2804 935/2411/2804 229/2410/2804
f 1665/377/221 2080/376/220 1793/2760/1720 1442/4184/2805
f 933/4016/2806 385/4019/2806 938/4185/2806 1019/4186/2806
f 644/2225/2807 1023/2224/2296 926/2169/2298 228/2168/2807
f 242/3122/2808 764/3121/1624 1097/2161/1279 469/2160/1278
f 924/4027/1331 380/4026/2809 929/3551/2809 1023/3550/1332
f 643/3142/2810 1027/3141/2811 917/4187/2812 227/4188/2810
f 1027/4189/2811 920/4190/2813 377/3903/2813 917/3902/2812
f 915/4101/2005 375/4100/2814 920/4190/2814 1027/4189/2006
f 1083/4191/1523 794/4192/2815 307/3911/2815 791/3910/1524
f 353/4193/2776 882/4117/2500 1123/4118/1911 509/4194/1910
f 906/2571/2562 370/2570/2816 911/3813/2816 1031/3812/2563
f 335/2287/2817 847/2627/2817 1180/2630/741 551/2288/740
f 955/3568/2818 396/2898/2818 635/2897/2818 1160/3569/2818
f 213/4195/2819 781/4196/2819 1088/3660/2819 533/3659/2819
f 1077/2780/1731 810/2779/1460 313/4197/2073 805/4198/2489
f 463/4199/2820 1105/4200/1339 742/4201/2821 128/4202/2822
f 1865/3873/2823 2120/1494/928 1848/4203/2824 1466/3874/2824
f 666/3366/2825 1063/3365/2826 836/4143/2827 250/4142/2825
f 254/76/2828 872/75/1692 1049/4094/1569 505/4093/2716
f 2052/4135/2756 1639/4204/1566 1351/3040/1319 1694/3039/1931
f 1104/2508/2829 748/2507/2829 280/3996/2829 744/3995/2829
f 1047/3259/53 875/3258/2830 352/2720/2830 872/2719/54
f 1751/133/2831 1994/2860/1786 1708/2863/1789 1389/134/85
f 1043/4205/2612 884/4206/2832 357/3827/2832 881/3826/2613
f 1849/2757/1717 2118/2756/1716 1863/4207/2833 1467/4208/2834
f 261/4209/2835 630/4210/2835 1165/222/2835 712/221/2835
f 784/4211/2836 301/4212/2836 622/4213/2836 1173/4214/2836
f 1745/3076/1959 1395/4215/2837 1650/3385/2159 2064/3077/1960
f 693/4146/2838 1205/3305/2839 661/3308/2840 245/4147/2840
f 1107/4149/2766 740/4148/2841 277/4090/2841 737/4089/2767
f 792/4216/1989 307/4217/2558 694/4218/2692 1133/4219/1555
f 1059/4220/2842 848/4221/2843 337/1981/2843 845/1980/2844
f 511/4222/2845 1041/4223/2057 886/4224/2696 160/4225/2846
f 2068/4226/2847 1654/4227/1497 1366/4228/1496 1678/4229/2848
f 695/2716/2149 1207/2436/2148 663/2439/2849 247/2717/2849
f 1209/3400/2415 554/3309/2414 186/3310/2850 665/3401/2850
f 1067/4230/2535 830/4231/2851 327/2670/2851 827/2669/2536
f 825/4232/1301 325/4233/2852 830/4231/2852 1067/4230/1302
f 2138/4070/2703 1604/35/2702 1336/34/2853 1831/4234/2854
f 818/3153/1612 322/2662/1658 819/2661/1657 1073/3818/1613
f 816/3185/2285 320/3184/2855 821/3152/2855 1071/3151/2286
f 563/3072/1987 1168/3135/1986 529/3138/2856 177/3073/2856
f 217/4235/2857 817/4236/2720 1072/3492/2722 537/3491/2857
f 561/3464/2858 1170/4237/2858 531/4238/2858 179/3465/2858
f 181/3662/2859 780/3661/2475 1087/4239/2477 660/4240/2859
f 1079/4241/2301 803/4242/2860 312/3811/2860 800/3810/2302
f 798/4105/1183 310/4104/2861 803/4242/2861 1079/4241/1184
f 992/4183/2862 415/1116/2862 1196/1115/2862 684/3563/2862
f 864/3481/2254 347/2172/2863 702/2175/2864 1125/3482/1179
f 549/4243/2865 1182/3883/2866 543/3886/2867 191/4244/2867
f 1640/3969/2606 2054/2298/1385 1692/2301/1387 1352/4245/2868
f 578/2984/2869 1036/2983/2870 897/2425/2871 162/2424/2869
f 1197/4246/2872 566/3015/2872 174/3018/2872 653/4247/2872
f 2161/3584/2315 1495/3583/2315 1909/4248/2315 2160/4249/2315
f 1523/4136/2757 2052/4135/2756 1694/3039/1931 1350/4250/2873
f 771/4130/2874 295/4129/2875 776/766/2875 1091/765/2876
f 567/2988/2877 173/2987/2877 652/2980/2877 1196/2979/2877
f 178/3595/2878 753/3594/1643 1099/4251/1645 657/4252/2878
f 464/4253/2879 1138/3787/2062 466/3788/2473 130/4254/2880
f 1181/1452/2881 614/4255/2881 222/4256/2881 542/1453/2881
f 1799/2565/1589 1417/2564/1588 1521/4257/2882 2041/4258/2883
f 1879/49/40 2134/48/39 1834/2676/1666 1452/4107/2884
f 594/3513/2885 1098/3512/2885 754/4259/2885 210/4260/2885
f 604/4261/2886 1058/4262/2886 844/4263/2886 220/4264/2886
f 381/2502/2887 930/2509/2887 1246/2512/2887 638/2503/2887
f 1012/3937/2888 952/3628/2888 396/3627/2888 955/3938/2888
f 1082/4265/2889 480/4266/2889 304/4267/2889 795/4268/2889
f 504/4269/2890 344/4270/2890 867/4271/2890 1050/4272/2890
f 596/4273/2891 1090/4274/2891 772/4275/2891 212/4276/2891
f 1090/4277/2892 777/4278/2892 296/4279/2892 772/4280/2892
f 1090/4277/2893 474/4281/2893 294/4282/2893 777/4278/2893
f 3262/2766/2894 3261/4283/2894 3269/4284/2895 3268/3574/2895
f 613/4285/2896 1221/3638/2896 607/3637/2896 223/4286/2896
f 1050/4272/2897 867/4271/2897 346/4287/2897 862/4288/2897
f 1232/3328/2898 761/4289/2898 135/4290/2898 596/3329/2898
f 605/4291/2899 1054/4292/2899 853/3732/2899 221/3731/2899
f 627/3136/2900 1235/3418/2900 593/3417/2900 209/3137/2900
f 161/4293/2901 513/4294/2901 1038/4295/2901 609/4296/2901
f 1881/3859/2517 2136/3858/2516 1856/4297/2902 1474/4298/2903
f 1026/4299/2904 426/4300/2904 374/4301/2904 921/4302/2904
f 2123/4303/2905 1622/94/2906 1325/93/2907 1845/4304/2908
f 141/4305/2909 483/4306/2909 1078/4307/2909 599/4308/2909
f 2655/918/635 2664/909/629 2660/817/556 2656/833/569
f 1710/4309/2910 1997/4310/2911 1748/3948/2593 1391/3947/2592
f 1070/4311/2912 822/3388/2912 321/2666/2912 817/4097/2912
f 1300/190/2913 1631/189/2914 2112/4009/2648 1854/4008/2647
f 602/1870/2915 1066/1869/2915 826/2295/2915 218/2294/2915
f 606/4312/2916 1050/4313/2916 862/4314/2916 222/4315/2916
f 1066/2721/2917 492/4316/2917 324/4317/2917 831/2722/2917
f 274/4318/2918 734/4319/2918 1235/3085/2918 741/3084/2918
f 1098/4320/2919 468/4321/2919 284/4322/2919 759/4323/2919
f 593/108/2920 129/4324/2920 465/4325/2920 1102/109/2920
f 1098/4320/2921 759/4323/2921 286/4326/2921 754/4327/2921
f 1062/3251/2922 840/3254/2922 331/4328/2922 835/4329/2922
f 1106/4330/2923 462/4331/2923 274/4332/2923 741/4333/2923
f 618/4334/2924 1226/4335/2924 602/4336/2924 218/4337/2924
f 1034/4338/2925 903/4339/2925 366/4340/2925 898/4341/2925
f 137/4342/2926 477/4343/2926 1086/3541/2926 597/3540/2926
f 483/4344/2927 309/4345/2927 804/4346/2927 1078/4347/2927
f 419/4348/2928 364/4349/2928 903/4339/2928 1034/4338/2928
f 725/4350/2929 127/4351/2929 592/3055/2929 1236/3054/2929
f 603/4352/2930 1062/4353/2930 835/4068/2930 219/4067/2930
f 344/4354/2931 860/4355/2931 1221/3356/2931 867/3355/2931
f 3264/4356/2932 3261/4283/2894 3262/2766/2894 3265/2765/2932
f 507/4357/2933 349/4358/2933 876/4359/2933 1046/4360/2933
f 316/4361/2934 813/4362/2934 1227/4363/2934 619/4364/2934
f 921/4365/2935 374/4366/2935 914/4367/2935 1247/4368/2935
f 956/2874/2738 1192/2877/2936 680/2870/2937 397/2869/2739
f 376/2517/2938 921/4365/2938 1247/4368/2938 639/2518/2938
f 171/3999/2939 978/3998/2939 999/4164/2939 650/4163/2939
f 1923/4369/856 1978/4370/856 1893/4371/856 1479/4372/856
f 716/4373/2940 125/4374/2940 591/1260/2940 1237/1259/2940
f 281/4375/2941 750/2842/2941 1234/2845/2941 626/4376/2941
f 579/4377/2942 1030/4378/2942 907/4379/2942 195/4380/2942
f 1963/1300/843 1536/1299/843 1947/1322/843 1490/4381/843
f 1030/4382/2943 423/4383/2943 369/4384/2943 912/4385/2943
f 3246/3087/1971 3245/4386/1971 3255/4387/1971 3249/3088/1971
f 1026/4299/2944 921/4302/2944 376/137/2944 916/4388/2944
f 1943/1301/843 1963/1300/843 1903/4389/843 1489/4390/843
f 581/1823/2945 1022/1826/2945 925/4110/2945 197/4109/2945
f 1022/2781/2946 930/2784/2946 381/4391/2946 925/4392/2946
f 486/4393/2947 314/4394/2947 813/4395/2947 1074/4396/2947
f 1078/4347/2948 804/4346/2948 311/3438/2948 799/3437/2948
f 934/4397/2949 1018/4398/2949 939/4399/2949 386/4400/2949
f 1018/4398/2950 432/4401/2950 384/4402/2950 939/4399/2950
f 2200/145/2951 2201/4403/2951 1479/4404/2951 1893/146/2951
f 1123/3011/1911 704/4036/2741 256/4037/2952 511/3012/1912
f 398/2940/1858 1009/2942/1860 962/4405/2953 963/4406/2953
f 584/601/2954 1010/600/2954 952/2348/2954 200/2347/2954
f 699/3144/1417 1211/3611/1416 667/3614/2955 251/3145/2955
f 2514/687/464 2520/675/453 2545/1507/936 2546/1510/937
f 587/1481/2956 203/1038/2956 633/1040/2956
f 1241/1224/2957 633/4407/2957 406/1225/2957
f 968/1227/2958 1241/1224/813 975/1226/815
f 202/1123/2959 634/4408/2959 1242/1229/2959
f 1242/2866/2960 634/2882/2960 401/2867/2960
f 201/4409/2961 635/4410/2961 1243/4411/2961
f 342/3098/2962 857/3470/2962 1213/3473/1526 701/3099/1525
f 998/3498/2963 447/4412/2963 409/4413/2963 984/3499/2963
f 406/2927/2964 1002/2929/2964 444/1089/2964 975/1088/2964
f 443/4414/2965 1145/2403/1473 445/2402/1472 116/4415/2965
f 994/1230/2966 450/4416/2966 414/4417/2966 993/1231/2966
f 590/4418/2967 1114/4419/2967 718/4420/2967 206/4421/2967
f 1114/3634/2968 723/3633/2968 266/4422/2968 718/4423/2968
f 620/3397/2969 1228/1847/2969 600/1850/2969 216/3398/2969
f 1058/4424/2970 849/4425/2970 336/4426/2970 844/4427/2970
f 1110/4428/2971 732/4429/2971 271/2514/2971 727/2513/2971
f 459/4430/2972 269/4431/2972 732/4429/2972 1110/4428/2972
f 1548/4432/999 1282/4433/999 1944/1820/999 1966/1819/999
f 3249/3088/2366 3255/4387/2366 3256/4434/2366 3248/3666/2366
f 1046/4360/2973 876/4359/2973 351/4435/2973 871/4436/2973
f 1627/205/115 1574/207/115 1586/4437/115 1322/4438/115
f 1259/4439/838 1937/3125/838 1973/1278/838 1518/1277/838
f 1952/1257/833 1953/1256/833 1905/4440/833 1491/4441/833
f 1734/4442/2974 2011/4443/2975 1725/4444/2976 1406/4445/2977
f 2000/3688/2382 1872/3737/2513 1459/4446/2978 1714/4447/2979
f 1873/3452/2980 2128/3950/2597 1840/4448/2981 1458/4449/2982
f 1867/4450/2983 2122/3293/2111 1846/3294/2114 1464/4451/2984
f 360/3891/2985 892/3985/2985 1185/3986/2985 546/3892/2985
f 1036/2213/2870 901/2212/2986 365/2494/2986 897/2493/2871
f 3253/1102/752 3247/4452/2987 3260/4453/2987 3266/1103/753
f 1474/4454/2988 1880/3846/2509 1992/3845/2508 1729/4455/2989
f 2013/4456/2990 1859/4457/2991 1472/4458/2992 1727/4459/2993
f 692/3684/2994 1204/3989/2995 660/3990/2996 244/3685/2996
f 1410/4460/2997 1753/4461/2998 2056/2473/1529 1666/2472/1528
f 754/4327/2999 286/4326/2999 757/2268/2999 1100/2267/2999
f 1862/90/2571 2117/3922/2570 1851/4462/3000 1469/4463/3001
f 1467/4208/1834 1863/4207/3002 2009/557/364 1722/4464/1835
f 1226/4335/3003 815/4465/3003 147/4466/3003 602/4336/3003
f 133/4467/3004 471/4468/3004 1094/2901/3004 595/2900/3004
f 1722/4464/1835 2009/557/364 1736/556/363 1403/4469/3005
f 2114/4470/3006 1608/281/3007 1300/4471/3008 1854/4472/3009
f 1985/4473/3010 1887/4474/3011 1446/4475/3012 1701/4476/3013
f 1835/4477/3014 1333/1288/3015 1605/38/1877 2132/2966/1876
f 1999/1879/1028 1873/3452/2232 1458/4449/3016 1713/2713/1688
f 1851/3870/1165 2116/2022/1165 1861/4478/3017 1469/4479/3017
f 149/4480/3018 495/4481/3018 1062/4353/3018 603/4352/3018
f 400/4007/3019 1008/4006/3019 961/1073/3019 964/1072/3019
f 1844/4482/3020 2123/4303/2905 1868/1836/3021 1462/4483/3022
f 1984/3162/2021 1888/4484/3023 1447/4485/3024 1702/3163/2022
f 1836/4486/1879 2131/4487/3025 1876/4488/3026 1454/4489/3027
f 1074/4396/3028 813/4395/3028 316/4490/3028 808/4491/3028
f 1741/4492/3029 1399/4493/1914 1654/4227/1497 2068/4226/2847
f 1863/4207/2833 2118/2756/1716 1850/4494/3030 1468/4495/3031
f 579/4377/3032 101/4496/3032 423/4497/3032 1030/4378/3032
f 1860/4177/2800 2115/85/62 1853/4498/3033 1471/4499/3034
f 2005/3196/2051 1867/4450/3035 1464/4451/3036 1719/3197/2052
f 2088/2320/1401 1689/2747/1709 1355/4500/3037 1769/4501/3038
f 2073/3214/2065 1736/556/3039 1404/559/3040 1659/4502/3041
f 1775/4503/3042 2095/4504/3043 1809/4505/3044 1425/4506/3045
f 1426/4507/3046 1776/4508/3047 2096/4509/3048 1810/4510/3049
f 1363/4511/3050 1680/3672/2368 2097/4512/3051 1777/4513/3052
f 1513/4514/1580 1413/1360/861 1796/4515/3053 2044/4516/3054
f 1365/4517/3055 1678/4229/2848 2099/3441/2221 1779/4518/3056
f 1819/4140/2759 1436/4139/2369 1561/4519/2579 2021/4520/3057
f 1566/4521/3058 2018/4522/3059 1567/4523/3060 1295/4524/3061
f 2033/4525/3062 1537/4526/2442 1272/1323/3063 1536/1299/3064
f 1369/1205/805 1674/1204/804 2103/4527/3065 1783/4528/3066
f 1261/4529/3067 1521/4530/2882 2040/4531/3068 1522/3030/3069
f 1567/4532/3070 2017/4533/3071 1568/1355/3072 1295/4534/3073
f 1529/4535/3074 1420/4045/2679 1804/4048/2682 2036/4536/3075
f 1546/4537/3076 2028/4538/3077 1547/4539/3078 1280/4540/3079
f 1101/3173/1739 756/3172/2033 283/4541/2621 751/4542/2668
f 2157/2885/3080 1919/2884/3080 1506/1197/3080 2228/1196/3080
f 2061/3949/2594 1748/3948/3081 1392/4543/3081 1647/4544/3082
f 2094/2209/1323 1683/2208/1322 1361/3009/1909 1775/4545/3083
f 210/4546/3084 754/4547/3084 1100/3593/3084 530/3592/3084
f 1764/4548/3085 2083/3042/1932 1797/3169/2031 1414/4549/3086
f 2091/3761/2448 1772/3760/2447 1422/4550/2468 1805/4551/3087
f 1794/3656/2363 2081/3655/2362 1763/4552/3088 1412/4553/3089
f 1801/4554/3090 1418/4555/1399 1525/4556/2539 2039/4557/3091
f 1534/1269/3092 2034/4558/3093 1535/4559/3094 1271/4560/3095
f 673/4039/2675 1037/4038/2674 895/4561/3096 98/4562/3097
f 1903/1566/967 2174/1567/967 2176/1597/967 1489/1596/967
f 672/2772/3098 1039/2771/2787 890/4563/2789 256/4564/3098
f 1019/4186/3099 938/4185/3099 387/2283/3099 935/2282/3099
f 1804/4048/2682 2090/4047/2681 1771/4565/3100 1421/4566/3101
f 177/4567/3102 744/4568/2634 1103/4569/2636 656/4570/3102
f 362/4120/3103 893/3890/3103 1217/3893/2282 705/4121/2281
f 1737/3678/2374 1403/4571/3104 1658/2548/1573 2072/1203/803
f 1678/4229/2848 1366/4228/1496 1780/3442/2222 2099/3441/2221
f 1648/4572/3105 1393/1881/3106 1746/1880/2343 2063/3007/1907
f 865/4573/3107 346/3354/3107 613/3357/3107 1182/4574/3107
f 1733/4575/3108 1407/4576/3109 1662/4577/2339 2076/4578/3110
f 2109/4050/2683 1790/4049/1419 1440/4579/1418 1823/4580/3111
f 1839/3951/2598 2128/3950/2597 1873/3452/2980 1457/3451/3112
f 256/4564/3113 890/4563/2054 1041/4223/2057 511/4222/2845
f 1757/2829/2755 1384/4581/3114 1639/4204/1566 2052/4135/2756
f 195/4380/3115 907/4379/1343 1032/2461/1345 515/2460/3115
f 1739/3681/2377 1401/4582/2162 1656/3298/2038 2070/3297/2119
f 2074/4583/3116 1660/4584/1311 1372/4585/1310 1672/4586/3117
f 1664/2937/1853 1409/4587/2105 1730/141/3118 2079/2938/1854
f 3252/4012/2652 3265/4013/2653 3257/4588/3119 3244/4589/3119
f 1825/4590/3120 1984/3162/2021 1761/80/2020 1381/4591/3121
f 1084/4592/2465 793/4593/3122 305/4594/3122 789/4595/2466
f 1454/4489/3123 1876/4488/3124 1996/104/72 1709/103/71
f 1381/4591/3125 1761/80/56 2048/83/59 1700/3509/2269
f 1632/128/82 1328/4596/82 1508/4597/82 1597/129/82
f 265/3800/3126 721/3558/3126 1166/3561/1743 565/3801/1742
f 1608/281/145 1592/283/145 1571/4598/145 1300/4471/145
f 789/4595/1407 305/4594/3127 794/4192/3127 1083/4191/1408
f 1756/4599/3128 1989/1851/3128 1704/1854/3128 1385/4600/3128
f 358/4601/2695 891/4119/2056 1122/4122/1769 512/4602/2034
f 863/4603/3129 347/4604/2863 864/3850/2254 1053/3849/2134
f 1438/4605/3130 1788/3639/2351 2108/3640/2352 1822/4606/3131
f 1456/4607/3132 1874/1839/3133 1998/3380/2180 1711/3379/2179
f 1319/202/3134 1628/201/3135 2130/4159/2784 1837/4158/2783
f 457/2384/1455 1113/2383/1454 724/4608/2600 124/4609/3136
f 880/4610/3137 356/4611/3137 883/4612/3137 1044/4613/3137
f 1880/3846/3138 2135/4614/3139 1833/4615/3140 1451/3847/3141
f 1688/4616/3142 1356/4617/2176 1770/4618/2680 2089/4619/3143
f 1543/4620/3144 2029/4621/3145 1544/4622/3146 1277/4623/3147
f 2021/4520/3057 1561/4519/2579 1291/1337/2578 1560/1336/3148
f 1511/4624/3149 2045/2557/1581 1512/1307/3150 1253/4625/3151
f 1768/2319/1400 1354/2745/1707 1689/2747/1709 2088/2320/1401
f 1773/4626/3152 2093/3205/2059 1807/4627/3153 1423/4628/3154
f 531/4066/3155 1096/4065/3156 762/2457/3157 179/2456/3155
f 1555/4629/3158 2023/4630/3159 1556/1281/3160 1286/4631/3161
f 808/4491/2331 316/4490/3162 811/2374/3162 1076/2373/2332
f 1539/4632/3163 2031/4633/3164 1540/1255/3165 1274/1254/3166
f 224/3630/3167 880/3629/3167 1044/2873/3167 544/2872/3167
f 2106/3675/2371 1671/2201/1313 1373/3523/2277 1787/4634/3168
f 1430/3209/2064 1780/4635/2222 2100/4636/3169 1814/2890/1813
f 2032/3758/2445 1808/3757/2444 1425/4637/3170 1539/4638/3171
f 1776/4508/3047 1362/3343/2158 1681/3346/2161 2096/4509/3048
f 1802/2321/1402 2088/2320/1401 1769/4501/3038 1419/4639/3172
f 1786/3674/2370 1372/2198/1310 1671/2201/1313 2106/3675/2371
f 1791/4640/3173 2087/4641/3174 1801/4554/3090 1441/4642/3175
f 2053/2464/1520 1756/4599/3176 1385/4600/3177 1640/2465/1521
f 2098/4643/3178 1679/2388/1459 1365/2419/1486 1779/4644/3179
f 2025/4645/3180 1553/4646/2687 1285/1311/3181 1552/1310/3182
f 1637/4647/3183 2039/4557/3091 1524/1314/3184 1262/4648/3185
f 1565/4649/3186 1438/4605/3130 1822/4606/3131 2018/4522/3059
f 1515/4650/3187 2043/2639/1639 1516/1348/1642 1256/4651/3188
f 2103/4527/3065 1784/4652/2386 1434/4653/3189 1817/4654/3190
f 1559/4655/3191 2021/4520/3057 1560/1336/3148 1289/4656/3192
f 1690/2474/1530 1354/4657/1707 1768/4658/1400 2087/4641/3174
f 2102/2906/1823 1675/3182/2040 1369/4659/3193 1783/4660/3194
f 1803/4661/3195 1420/4662/2679 1529/4663/3074 2037/4664/3196
f 1514/116/3197 2044/4516/3054 1515/4665/3198 1256/4666/3199
f 1285/4667/3181 1553/4053/2687 2024/4054/2688 1554/1295/3200
f 1781/4668/3201 2101/4669/3202 1815/4670/3203 1431/4671/3204
f 1617/78/55 1325/4672/55 1588/4673/55 1601/79/55
f 1223/4674/3205 842/4675/3205 153/4676/3205 605/4677/3205
f 1760/4678/3206 1985/4473/3010 1701/4476/3013 1382/4679/3207
f 2014/179/105 1858/178/104 1473/4680/3208 1728/3127/1998
f 1057/4681/45 855/4682/1977 338/4683/2239 850/4684/46
f 599/4308/3209 1078/4307/3209 799/4685/3209 215/4686/3209
f 143/4687/3210 486/4688/3210 1074/1856/3210 600/1855/3210
f 1739/3681/2377 2006/1876/1025 1720/4689/3211 1401/4582/2162
f 1715/4690/3212 2002/4691/3213 1743/4079/3214 1396/4692/3215
f 1707/3419/2209 1994/2860/1786 1751/133/2831 1388/4057/3216
f 2346/541/352 2342/444/272 2338/460/286 2341/540/351
f 869/4693/3217 159/4694/3217 608/113/3217 1220/112/3217
f 1628/201/3135 1340/3664/3218 1838/4695/3219 2130/4159/2784
f 1447/4696/3220 1887/4474/3011 1985/4473/3010 1702/4697/2022
f 1871/3393/2619 2126/3975/2618 1842/4698/3221 1460/3394/3222
f 1469/4479/3223 1861/4478/3224 2011/4443/2975 1724/4699/3225
f 2006/1876/1025 1866/1875/1024 1465/4700/3226 1720/4689/3211
f 99/4701/3227 419/4702/3227 1034/2581/3227 420/2580/3227
f 1757/2829/1763 1988/2828/1762 1703/3455/2235 1384/4581/3228
f 2128/3950/2597 1616/247/2596 1330/3370/3229 1840/4448/2981
f 1625/209/116 1597/211/116 1576/4703/116 1307/4704/116
f 2076/4578/3110 1662/4577/2339 1374/4705/2338 1670/4706/3230
f 837/2577/1596 332/2336/1670 699/2339/2007 1128/2578/1597
f 1340/227/3231 1621/226/1872 2129/1840/1007 1838/4707/3232
f 1459/3976/2978 1871/3393/2188 2001/3392/2187 1714/4708/2979
f 1229/3698/3233 788/4709/3233 141/4710/3233 599/3699/3233
f 1882/4711/3234 2137/3295/2115 1832/3296/2118 1450/4712/2518
f 1719/1877/1026 2006/1876/1025 1739/3681/2377 1400/3680/3235
f 632/3970/3236 1240/2953/3236 588/2956/3236 204/3971/3236
f 1317/4713/3237 1624/101/3238 2111/4714/3239 1855/4715/3240
f 1997/4310/2911 1875/4160/3241 1456/4716/3242 1711/4717/3243
f 951/3936/3244 395/3939/3244 956/4116/3244 1011/4115/3244
f 1499/3587/2317 1913/1591/2317 2145/1594/2317 2146/3588/2317
f 1352/4245/2868 1692/2301/1387 2085/2562/1586 1766/4718/3245
f 1350/4250/2873 1694/3039/1931 2083/3042/1932 1764/4548/3085
f 1914/4719/3246 1501/4720/3246 2152/4721/3246 2150/4722/3246
f 660/4240/3247 1087/4239/1294 782/4723/1296 244/4724/3247
f 2156/4725/3248 2225/4726/3248 1918/4727/3248
f 2225/4726/3249 2222/4728/3250 1504/4729/3251
f 1918/4727/3252 2225/4726/3252 1504/4729/3252
f 2222/4728/3250 2220/4730/3253 1504/4729/3251
f 2219/4731/3254 2172/4732/3254 1504/4729/3251
f 2172/4732/3255 2171/4733/3255 1917/4734/3255
f 1504/4729/3256 2172/4732/3256 1917/4734/3256
f 2220/4730/3253 2219/4731/3254 1504/4729/3251
f 2152/4721/3246 1501/4720/3246 1915/4735/3246 2151/4736/3246
f 2173/4737/3257 1503/4738/3257 1917/4734/3257 2171/4733/3257
f 2090/4047/2681 1687/3378/2178 1357/4739/3258 1771/4565/3100
f 1766/4718/3245 2085/2562/1586 1799/2565/1589 1416/4740/3259
f 1918/4727/1809 1505/2883/1809 2158/2886/1809 2156/4725/1809
f 1920/1194/1282 1475/2167/1282 2231/2166/1282 2229/1195/1282
f 2150/4722/3260 2168/4741/3260 1914/4719/3260
f 2168/4741/3254 2216/4742/3261 1500/1592/3262
f 2216/4742/3261 2214/4743/3263 1500/1592/3262
f 1498/4744/980 1912/3586/980 2144/3589/980 2211/4745/980
f 1215/4746/2325 548/2773/2324 192/2776/3264 671/4747/3264
f 2214/4743/3263 2215/1593/3265 1500/1592/3262
f 1689/2747/1709 2057/2480/1533 1643/2483/1536 1355/4500/3037
f 2195/4748/3266 2183/1604/3266 1899/1605/3266 1486/1603/3266
f 2211/4745/3267 2208/4749/3267 1498/4744/3267
f 2208/4749/3268 2165/4750/3269 1498/4744/3270
f 2165/4750/3269 2162/4751/3271 1498/4744/3270
f 2162/4751/3272 2148/1581/973 1911/1580/972
f 180/3469/3273 771/3468/2874 1091/4752/2876 659/4753/3273
f 1433/4754/3274 1817/4654/3190 2023/4630/3159 1555/4629/3158
f 2162/4751/3275 1911/1580/3275 1498/4744/3275
f 703/3570/2313 1215/4746/2312 671/4747/3276 255/3571/3276
f 1892/4755/2951 1479/4404/2951 2201/4403/2951 2197/4756/2951
f 659/4753/3277 1091/4752/524 773/3036/526 243/3035/3277
f 1649/3078/1961 2064/3077/1960 1682/3387/2184 1361/4757/3278
f 2159/3585/2316 2163/4758/3279 1908/3582/2314
f 2096/4509/3048 1681/3346/2161 1363/3535/2288 1777/4759/3280
f 987/1212/3281 996/4760/3281 415/4761/3281 992/1213/3281
f 2163/4758/3271 2167/4762/3271 1494/4763/3271
f 1908/3582/3282 2163/4758/3282 1494/4763/3282
f 1481/4764/3283 1895/4765/3283 2186/4766/3283 2187/4767/3283
f 2154/4768/3284 2166/4769/3285 1906/4770/3286
f 2166/4769/3268 2209/4771/3268 1492/4772/3268
f 2205/4773/3287 2202/4774/3287 1905/4775/3287
f 1896/1247/3288 1483/4776/3288 2181/4777/3288 2182/1244/3288
f 2209/4771/3268 2205/4773/3268 1492/4772/3268
f 2192/4778/3289 2174/1567/3290 1490/1187/3291
f 1488/1572/3292 1902/1595/3292 2175/1598/3292 2194/1573/3292
f 2180/1585/3288 2181/4777/3288 1483/4776/3288 1897/1586/3288
f 1905/4775/3293 1492/4772/3293 2205/4773/3293
f 1492/4772/3294 1906/4770/3294 2166/4769/3294
f 2192/4778/3289 1490/1187/3291 2207/1186/3295
f 1500/1592/3296 1914/4719/3296 2168/4741/3296
f 1910/4174/971 1497/1579/971 2149/1578/971 2147/4175/971
f 1889/2164/3297 1476/1175/3297 2227/4779/3297
f 1476/1175/3249 2226/1174/3249 2227/4779/3249
f 1889/2164/3298 2227/4779/3298 2230/2165/3298
f 2190/1600/3290 2193/4780/3299 1486/1603/3300
f 2193/4780/3299 2195/4748/3301 1486/1603/3300
f 2218/1245/3302 2217/4781/3261 1482/1246/3303
f 2217/4781/3261 2221/4782/3304 1482/1246/3303
f 2221/4782/3304 2199/4783/3305 1482/1246/3303
f 2199/4783/3305 2186/4766/3306 1482/1246/3303
f 2185/1571/3307 2206/4784/3308 1484/1250/829
f 2206/4784/3308 2210/1248/827 1484/1250/829
f 2212/1249/828 2213/1584/3309 1484/1250/829
f 2223/4785/3250 2178/1575/3310 1478/1253/832
f 1478/1253/832 2197/4756/3306 2196/1251/830
f 2224/1252/831 2223/4785/3250 1478/1253/832
f 1482/1246/3283 2186/4766/3283 1895/4765/3283
f 1491/1582/974 1905/4775/974 2202/4774/974 2204/1583/974
f 1906/4770/3286 1493/4786/3311 2155/4787/3311 2154/4768/3284
f 199/1055/3312 583/1818/3312 1014/1817/3312 943/1056/3312
f 2197/4756/2951 1478/1253/2951 1892/4755/2951
f 1493/4786/3311 1907/4788/3311 2153/4789/3311 2155/4787/3311
f 1949/4790/845 1956/4791/845 1891/4792/845 1477/4793/845
f 1506/4794/858 1919/4795/858 1982/4796/858
f 1486/4797/857 1899/4798/857 1981/4799/857
f 1980/4800/3313 1906/4801/3313 1492/4802/3313 1930/4803/3313
f 1500/1283/839 1913/2674/839 1979/1280/839
f 1480/4804/856 1893/4371/856 1978/4370/856
f 1926/4805/858 1982/4796/858 1919/4795/858 1505/4806/858
f 1928/4807/857 1981/4799/857 1899/4798/857 1485/4808/857
f 1929/4809/3314 1975/4810/3314 1907/4811/3314 1493/4812/3314
f 1082/4265/3315 795/4268/3315 306/4813/3315 790/4814/3315
f 626/889/3316 1234/3226/3316 594/3229/3316 210/890/3316
f 1488/4815/854 1901/4816/854 1972/4817/854
f 1971/4818/3317 1908/4819/3317 1494/4820/3317 1935/4821/3317
f 1502/4822/853 1915/1884/853 1970/1883/853
f 1482/4823/852 1895/4824/852 1969/4825/852
f 1476/4826/851 1889/4827/851 1968/4828/851
f 3261/4283/3318 3263/1004/3318 3267/1006/3319 3269/4284/3319
f 1939/4829/999 1966/1819/999 1909/1822/999 1495/4830/999
f 1926/4831/844 1505/4832/844 1918/1305/844 1955/1304/844
f 1937/4833/852 1969/4825/852 1895/4824/852 1481/4834/852
f 1490/4381/843 1903/4389/843 1963/1300/843
f 1975/4810/3314 1935/4835/3314 1494/4836/3314 1907/4811/3314
f 1933/4837/851 1968/4828/851 1889/4827/851 1475/4838/851
f 1504/4839/848 1917/4840/848 1960/4841/848
f 1484/4842/847 1897/4843/847 1959/4844/847
f 1934/4845/854 1972/4817/854 1901/4816/854 1487/4846/854
f 1498/4847/846 1911/1833/846 1957/1832/846
f 1478/4848/845 1891/4792/845 1956/4791/845
f 1945/4849/848 1960/4841/848 1917/4840/848 1503/4850/848
f 1946/4851/847 1959/4844/847 1897/4843/847 1483/4852/847
f 1929/4853/3313 1493/4854/3313 1906/4801/3313 1980/4800/3313
f 1953/1256/833 1930/4855/833 1492/4856/833 1905/4440/833
f 1540/1255/833 1276/4857/833 1930/4855/833 1953/1256/833
f 1277/4858/3313 1929/4853/3313 1980/4800/3313 1542/4859/3313
f 1959/4844/847 1524/1314/847 1951/1313/847 1484/4842/847
f 1951/290/153 1264/3887/153 1526/291/153
f 1262/4648/847 1524/1314/847 1959/4844/847 1946/4851/847
f 1960/4841/848 1564/1317/848 1950/1316/848 1504/4839/848
f 1950/4860/844 1293/4861/844 1566/4521/844
f 1292/4862/848 1564/1317/848 1960/4841/848 1945/4849/848
f 813/4362/3320 314/4863/3320 806/4864/3320 1227/4363/3320
f 1253/4865/849 1949/3667/849 1961/1320/849 1510/2615/849
f 1921/4866/842 1499/4867/842 1912/1361/842 2113/1296/842
f 1286/4868/842 1921/4866/842 2113/1296/842 1554/1295/842
f 1972/4817/854 1532/1339/854 1938/1338/854 1488/4815/854
f 1947/1284/840 1272/4869/840 1538/1285/840
f 1268/4870/854 1532/1339/854 1972/4817/854 1934/4845/854
f 1610/54/43 1311/4871/43 1579/4872/43 1593/55/43
f 1250/4873/841 1933/2025/841 1977/1292/841 1570/1291/841
f 1086/2752/3321 477/4874/3321 299/4875/3321 786/2753/3321
f 1265/4876/153 1928/2608/153 1954/292/153 1526/291/153
f 1968/4828/851 1507/1330/851 1942/1329/851 1476/4826/851
f 1942/4877/849 1252/2612/849 1510/2615/849
f 1250/4878/851 1507/1330/851 1968/4828/851 1933/4837/851
f 1948/4879/1925 1497/4880/1925 1910/4881/1925 1962/3026/1925
f 1283/4882/1925 1948/4879/1925 1962/3026/1925 1550/3025/1925
f 1277/4623/3314 1544/4622/3314 1975/4810/3314 1929/4809/3314
f 1952/4883/840 1491/4884/840 1904/1312/840 1958/1286/840
f 1274/4885/840 1952/4883/840 1958/1286/840 1538/1285/840
f 1969/4825/852 1520/1333/852 1941/1332/852 1482/4823/852
f 1941/3029/850 1261/4529/850 1522/3030/850
f 1259/4886/852 1520/1333/852 1969/4825/852 1937/4833/852
f 1950/4860/844 1566/4521/844 1955/1304/844 1504/1303/844
f 1940/1272/837 1291/3928/3322 1562/1273/837
f 1295/4524/844 1926/4831/844 1955/1304/844 1566/4521/844
f 1962/3026/1925 1910/4881/1925 1496/4887/1925 1944/3027/1925
f 266/4888/3323 723/2822/3323 1237/2821/3323 629/4889/3323
f 1280/4890/999 1548/4432/999 1966/1819/999 1939/4829/999
f 3263/1004/3318 3261/4283/3318 3264/4356/3324 3266/1007/3324
f 1938/1268/836 1270/4891/836 1534/1269/836
f 1942/4877/849 1510/2615/849 1961/1320/849 1476/1319/849
f 139/4892/3325 480/4893/3325 1082/1844/3325 598/1843/3325
f 1957/1832/846 1552/1310/846 1922/1309/846 1498/4847/846
f 1094/3154/3326 471/4894/3326 289/4895/3326 768/3155/3326
f 903/2646/3327 1249/2645/3327 641/71/3327 366/70/3327
f 1945/4896/837 1503/4897/837 1916/1327/837 1965/1274/837
f 1292/4898/837 1945/4896/837 1965/1274/837 1562/1273/837
f 498/4899/3328 334/4900/3328 849/4425/3328 1058/4424/3328
f 1030/4382/3329 912/4385/3329 371/4901/3329 907/4902/3329
f 1546/4537/3317 1971/4818/3317 1935/4821/3317 1279/4903/3317
f 1943/4904/836 1489/4905/836 1902/1328/836 1967/1270/836
f 1271/4560/836 1943/4904/836 1967/1270/836 1534/1269/836
f 1978/4370/856 1516/1348/856 1932/1347/856 1480/4804/856
f 1932/1276/838 1257/4906/838 1518/1277/838
f 1256/4651/856 1516/1348/856 1978/4370/856 1923/4369/856
f 1289/4656/853 1560/1336/853 1970/1883/853 1936/1882/853
f 1931/1262/835 1287/2264/835 1558/1263/835
f 745/2505/3330 1102/4907/3330 750/4908/3330 281/2506/3330
f 1939/4909/3317 1495/4910/3317 1908/4819/3317 1971/4818/3317
f 1544/4622/3314 1279/4911/3314 1935/4835/3314 1975/4810/3314
f 1280/4540/3317 1939/4909/3317 1971/4818/3317 1546/4537/3317
f 1981/4799/857 1528/1352/857 1927/1351/857 1486/4797/857
f 1927/4912/855 1266/4913/855 1530/4914/855
f 1265/4915/857 1528/1352/857 1981/4799/857 1928/4807/857
f 1982/4796/858 1568/1355/858 1925/1354/858 1506/4794/858
f 1925/1290/841 1296/4916/841 1570/1291/841
f 1295/4534/858 1568/1355/858 1982/4796/858 1926/4805/858
f 349/4917/3331 869/4918/3331 1220/4919/3331 876/4920/3331
f 1256/4666/77 1923/2711/77 1983/117/77 1514/116/77
f 1936/4921/835 1501/4922/835 1914/1342/835 1974/1264/835
f 1289/4923/835 1936/4921/835 1974/1264/835 1558/1263/835
f 513/4924/3332 359/4925/3332 894/4926/3332 1038/4927/3332
f 1927/4912/855 1530/4914/855 1976/1344/855 1486/1343/855
f 1542/4859/3313 1980/4800/3313 1930/4803/3313 1276/4928/3313
f 1102/4907/3333 465/4929/3333 279/4930/3333 750/4908/3333
f 1262/4931/850 1946/3031/850 1964/1325/850 1522/3030/850
f 306/4932/3334 795/1540/3334 1229/1543/3334 621/4933/3334
f 1268/4934/855 1934/3123/855 1976/1344/855 1530/4914/855
f 1956/4791/845 1512/1307/845 1924/1306/845 1478/4848/845
f 1924/115/77 1254/4935/77 1514/116/77
f 1253/4625/845 1512/1307/845 1956/4791/845 1949/4790/845
f 1869/259/3335 2124/3164/2026 1844/4936/3336 1462/4937/3337
f 1614/67/50 1327/4938/50 1589/4939/50 1602/68/50
f 1652/2386/1457 1397/4940/2707 1742/1871/2440 2067/2387/1458
f 1662/3620/2339 1407/4941/3109 1732/4942/3338 2077/2836/1774
f 1344/4943/3339 1612/61/3340 2121/4944/3341 1846/4945/3342
f 1737/3678/3343 2008/2915/1832 1722/2918/1835 1403/4571/3005
f 145/4946/3344 489/4947/3344 1070/4948/3344 601/4949/3344
f 1170/4237/3345 625/2957/3345 211/2960/3345 531/4238/3345
f 1360/2207/3346 1648/4572/3105 2063/3007/1907 1683/2208/1322
f 123/4950/3347 456/4951/3347 1114/4419/3347 590/4418/3347
f 303/4952/1990 792/4216/1989 1133/4219/1555 479/4953/1554
f 1470/4178/3348 1860/4177/3349 2012/4954/3350 1725/4955/3351
f 1986/2273/1362 1699/3257/2091 1380/3830/3352 1759/2274/1363
f 1732/4942/3353 2013/4456/2990 1727/4459/2993 1408/4956/3354
f 1611/268/142 1591/270/142 1603/4957/142 1347/4958/142
f 1618/238/125 1599/240/125 1578/4959/125 1310/2023/125
f 1870/2560/3355 1461/4960/134 1716/4961/137 2002/4691/3213
f 834/289/2172 330/288/3356 839/4962/3356 1063/4963/2173
f 1882/4711/3357 1450/4712/3358 1705/4964/3359 1990/4965/3360
f 3224/4966/3361 3223/4967/3361 3237/4968/3361 2763/4969/3361
f 1358/4141/2761 1646/3946/2591 2061/3949/2594 1685/870/600
f 1189/3752/3362 574/4970/3363 166/4971/3364 645/3753/3364
f 1450/3860/3358 1881/3859/3365 1991/4170/2793 1705/4972/3359
f 1848/4973/3366 2119/4974/3367 1864/2916/3368 1466/4975/3369
f 155/4976/3370 504/4977/3370 1050/4313/3370 606/4312/3370
f 1465/4978/3371 1847/1492/925 2120/1494/928 1865/3873/2823
f 1741/4492/3372 2004/1835/1002 1718/1838/1005 1399/4493/1914
f 1257/4906/1641 1517/2815/1640 2042/2816/1752 1518/1277/3373
f 1619/234/124 1576/236/124 1589/4979/124 1327/4980/124
f 1623/217/3374 1341/4981/3375 1851/4462/3000 2117/3922/2570
f 1826/4982/3376 2139/3749/2433 1884/3453/2432 1444/3679/3377
f 1827/4983/3378 2140/1888/1033 1885/1801/1032 1445/3315/3379
f 1471/4984/3380 1859/4457/2991 2013/4456/2990 1726/4985/3381
f 1704/4986/1015 1990/4965/3360 1755/3339/2154 1385/3968/2605
f 617/4987/3382 1225/4988/3382 603/4989/3382 219/4990/3382
f 2241/418/254 2237/322/172 2232/336/184 2236/417/253
f 1835/4477/3014 2132/2966/1876 1877/3983/3383 1453/4991/3384
f 2820/4992/3385 2835/4993/3385 2836/4994/3385 2821/4995/3385
f 1638/230/3386 1343/1763/3387 1833/4615/3140 2135/4614/3139
f 1721/4996/3388 2008/2915/1832 1737/3678/3343 1402/3677/3389
f 1846/4945/3342 2121/4944/3341 1866/1875/3390 1464/1874/3391
f 1462/4483/3392 1868/1836/1003 2004/1835/1002 1717/4997/1021
f 2127/3736/2419 1611/268/2565 1347/4958/3393 1841/4998/3394
f 1830/4069/2700 2138/4070/2703 1883/1852/3395 1448/2972/3396
f 1395/4999/2837 1744/3449/3397 2065/3345/2160 1650/3344/2159
f 302/5000/3398 785/5001/3398 1205/5002/2839 693/5003/2838
f 1702/4697/2022 1985/4473/3010 1760/4678/3206 1383/5004/2023
f 1853/5005/3399 2114/4470/3006 1859/4457/3400 1471/4984/3401
f 1720/5006/3211 2007/295/155 1738/294/154 1401/3347/2162
f 528/2575/3402 1108/2574/2588 735/2261/2590 176/2260/3402
f 1631/189/111 1571/191/111 1583/5007/111 1317/5008/111
f 1861/4478/3017 2116/2022/1165 1852/2024/1168 1470/5009/3403
f 1612/61/48 1344/4943/48 1601/5010/48 1580/62/48
f 1831/5011/2854 2137/3295/2115 1882/4711/3234 1449/5012/3404
f 1829/3332/2146 2142/3331/2145 1887/4474/3405 1447/4696/3406
f 473/5013/2080 1135/3683/1698 475/3686/2380 136/5014/3407
f 667/2914/3408 1059/2913/2842 845/3876/2844 251/3875/3408
f 1705/4972/3359 1991/4170/2793 1754/185/109 1386/184/108
f 1834/3484/2257 1311/4871/3409 1610/54/3410 2133/3485/2258
f 1626/3269/58 1383/5004/57 1760/4678/3411 2049/3270/2100
f 157/5015/3412 507/5016/3412 1046/3359/3412 607/3358/3412
f 1753/4461/2998 1992/3845/2508 1706/3848/2511 1387/5017/2524
f 1225/4988/3413 824/5018/3413 149/5019/3413 603/4989/3413
f 3255/1240/822 3245/5020/3414 3258/5021/3414 3268/1241/823
f 1463/5022/1004 1867/4450/3035 2005/3196/2051 1718/3486/1005
f 1336/5023/2853 1633/131/2116 2137/3295/2115 1831/5011/2854
f 331/1191/3415 840/1796/3415 1224/1799/3415 616/1192/3415
f 1466/4975/3416 1864/2916/1833 2008/2915/1832 1721/4996/3388
f 1630/193/1715 1320/5024/3417 1850/4494/3030 2118/2756/1716
f 220/4264/3418 844/4263/3419 1060/2447/3420 540/2446/3418
f 2142/3331/2145 1625/209/2144 1307/4704/3421 1828/5025/3422
f 1747/3381/2181 1998/3380/2180 1712/5026/1027 1393/5027/1030
f 1749/105/73 1996/104/72 1710/5028/2910 1391/5029/2592
f 1301/173/1878 1634/172/3423 2131/4487/3025 1836/4486/1879
f 1888/4484/3424 2143/5030/3425 1829/5031/3426 1447/4485/3427
f 861/5032/1711 345/5033/3428 866/5034/3428 1051/5035/1712
f 1726/4985/3381 2013/4456/2990 1732/4942/3353 1407/4941/3429
f 1590/5036/3430 2143/5030/3425 1888/4484/3424 1443/5037/3431
f 1855/4715/3240 2111/4714/3239 1857/5038/3432 1473/5039/3433
f 1063/4963/2826 839/4962/3434 332/2682/3434 836/2681/2827
f 373/5040/2744 918/3981/2555 1151/3982/2423 425/5041/2422
f 2015/142/90 1857/5038/3435 1443/5042/3436 1825/143/91
f 2112/4009/2648 1631/189/2914 1317/5008/3437 1855/5043/3438
f 1465/4978/3226 1865/3873/2529 2007/295/155 1720/5006/3211
f 1998/3380/2180 1874/1839/3133 1457/1842/2231 1712/5026/1027
f 736/5044/1593 276/5045/3439 739/3943/3439 1108/3942/1594
f 1051/5035/2615 866/5034/3440 347/4604/3440 863/4603/2616
f 1843/3165/2027 2124/3164/2026 1869/259/3335 1461/258/3441
f 1306/5046/3442 1622/94/2906 2123/4303/2905 1844/4482/3020
f 2012/4954/3350 1860/4177/3349 1471/4499/3380 1726/5047/3381
f 601/4949/3443 1070/4948/3443 817/5048/3443 217/5049/3443
f 1621/226/122 1598/228/122 1577/5050/122 1308/2961/122
f 1587/3841/860 1380/5051/2501 1758/3091/2751 2051/3842/2506
f 1828/2203/1317 2141/2202/1316 1886/3255/3444 1446/5052/3445
f 1886/3255/3444 2141/2202/1316 1827/5053/3446 1445/3256/3447
f 151/5054/3448 498/5055/3448 1058/4262/3448 604/4261/3448
f 1820/3676/2372 2106/3675/2371 1787/4634/3168 1437/5056/3449
f 1266/4913/3450 1529/4535/3074 2036/4536/3075 1530/4914/3451
f 2101/4669/3202 1782/5057/1822 1432/5058/1821 1815/4670/3203
f 1545/5059/3452 1428/5060/3453 1812/5061/3454 2028/4538/3077
f 173/3177/3455 525/2196/3455 708/2197/3455 1119/3178/3455
f 1419/5062/3456 1803/4661/3195 2037/4664/3196 1527/5063/3457
f 1367/3799/2484 1676/3300/2120 2101/4669/3202 1781/4668/3201
f 1676/3300/2120 1368/3299/2037 1782/5057/1822 2101/4669/3202
f 2041/4258/2883 1521/4257/2882 1261/1334/3067 1520/1333/3458
f 290/5064/3459 766/2310/3459 1171/2313/1654 560/5065/1653
f 2024/4054/2688 1816/2907/1824 1433/5066/3460 1555/5067/3461
f 1378/2475/1531 1690/2474/1530 2087/4641/3174 1791/4640/3173
f 1538/1285/3462 2032/3758/2445 1539/4638/3171 1274/4885/3463
f 1557/2265/1356 1434/5068/3189 1818/5069/3464 2022/2266/1357
f 1782/2905/1822 1368/3179/2037 1675/3182/2040 2102/2906/1823
f 1272/4869/3063 1537/3755/2442 2032/3758/2445 1538/1285/3462
f 1518/1277/3373 2042/2816/1752 1519/5070/3465 1259/4439/3466
f 2100/4636/3169 1677/2435/1499 1367/3997/2638 1781/5071/3467
f 1441/4642/3175 1801/4554/3090 2039/4557/3091 1637/4647/3183
f 2087/4641/3174 1768/4658/1400 1418/4555/1399 1801/4554/3090
f 1040/5072/3468 892/5073/3468 360/3277/3468 888/3276/3468
f 1815/4670/3203 1432/5058/1821 1553/4646/2687 2025/4645/3180
f 1530/4914/3451 2036/4536/3075 1531/5074/3469 1268/4934/3470
f 1535/5075/3471 2033/4525/3062 1536/1299/3064 1271/1298/3472
f 1439/5076/3473 1823/4580/3111 2017/4533/3071 1567/4532/3070
f 1276/4928/3474 1541/5077/3475 2030/5078/3476 1542/4859/3477
f 1674/1204/804 1370/2549/1574 1784/4652/2386 2103/4527/3065
f 1417/5079/1588 1767/5080/1587 2086/5081/3478 1800/5082/3479
f 1522/3030/3069 2040/4531/3068 1637/5083/3480 1262/4931/3481
f 2040/4531/3068 1800/5082/3479 1441/5084/3482 1637/5083/3480
f 1542/4859/3477 2030/5078/3476 1543/5085/3483 1277/4858/3484
f 2107/5086/3485 1788/5087/2351 1438/5088/3130 1821/5089/3486
f 1186/3622/3487 577/2306/3488 163/2309/3489 642/3623/3489
f 1525/3888/2539 1418/2318/1399 1802/2321/1402 2038/3889/2540
f 2046/2614/1622 1794/3656/2363 1412/4553/3089 1511/5090/3490
f 2016/5091/3491 1824/2343/1421 1442/5092/3492 1792/5093/3493
f 1421/5094/3494 1805/4551/3087 2035/5095/3495 1531/5096/3496
f 1807/4627/3153 1424/5097/2443 1537/4526/2442 2033/4525/3062
f 1541/5077/3475 1426/4507/3046 1810/4510/3049 2030/5078/3476
f 730/3069/3497 271/5098/3497 628/5099/2546 1167/3070/2545
f 1822/4606/3131 2108/3640/2352 1789/5100/3498 1439/5101/3499
f 2038/3889/2540 1802/2321/1402 1419/4639/3172 1527/5102/3500
f 2044/4516/3054 1796/4515/3053 1414/5103/3501 1515/4665/3198
f 2017/4533/3071 1569/5104/3502 1296/1356/3503 1568/1355/3072
f 1778/5105/3504 1364/2385/1456 1679/2388/1459 2098/4643/3178
f 1809/4505/3044 1426/5106/3046 1541/5107/3475 2031/4633/3164
f 1425/4506/3045 1809/4505/3044 2031/4633/3164 1539/4632/3163
f 1510/2615/1623 2046/2614/1622 1511/5090/3490 1253/4865/3505
f 1412/5108/3506 1795/2554/1579 2045/2557/1581 1511/4624/3149
f 2035/5095/3495 1533/5109/3507 1270/1340/3508 1532/1339/3509
f 1533/5110/3507 1422/3784/2468 1806/3786/2469 2034/4558/3093
f 1767/5080/1587 1353/3960/1386 1691/3961/2602 2086/5081/3478
f 1818/5069/3464 2104/3694/2387 1785/5111/3510 1435/5112/3511
f 1373/5113/3512 1670/4706/3230 2107/5086/3485 1787/5114/3513
f 1783/4528/3066 2103/4527/3065 1817/4654/3190 1433/4754/3274
f 1396/4692/3514 1743/4079/2706 2066/3669/2367 1651/5115/3515
f 1390/106/3516 1749/105/3517 2060/3537/2290 1645/3536/2289
f 1434/5068/3189 1784/3693/2386 2104/3694/2387 1818/5069/3464
f 1562/1273/2581 2020/3930/2580 1563/5116/3518 1292/4898/3519
f 1550/3025/3520 2026/2889/1812 1551/2892/1815 1283/4882/3521
f 2018/4522/3059 1822/4606/3131 1439/5101/3499 1567/4523/3060
f 240/5117/3522 746/5118/1336 1105/4200/1339 463/4199/2820
f 829/3431/3523 326/3192/3523 617/3193/1366 1178/3432/1365
f 445/5119/3524 1001/5120/3525 976/5121/3526 116/5122/3527
f 1785/5123/3528 2105/4137/2758 1819/4140/2759 1435/5124/3529
f 2030/5078/3476 1810/4510/3049 1427/5125/3530 1543/5085/3483
f 1429/5126/3531 1813/3444/2223 2027/5127/3532 1547/5128/3533
f 2077/2836/1774 1732/4942/3338 1408/4956/3534 1663/2837/1775
f 2031/4633/3164 1541/5107/3475 1276/4857/3474 1540/1255/3165
f 2019/5129/3535 1565/5130/3186 1293/1318/3536 1564/1317/3537
f 1437/5131/3538 1821/5089/3486 2019/5129/3535 1563/5132/3539
f 1816/2907/1824 2102/2906/1823 1783/4660/3194 1433/5066/3460
f 2104/3694/2387 1673/3215/2066 1371/5133/3540 1785/5111/3510
f 790/4814/3541 306/4813/3541 793/4593/3541 1084/4592/3541
f 1254/4935/3542 1513/4514/1580 2044/4516/3054 1514/116/3197
f 656/4570/3543 1103/4569/2526 746/5118/2528 240/5117/3543
f 1431/4671/3204 1815/4670/3203 2025/4645/3180 1551/5134/3544
f 2658/3496/2264 2657/5135/956 2661/347/195 2662/346/194
f 233/2398/1846 649/1111/1846 1003/1114/3545 971/2399/3545
f 1561/3929/2579 1436/3673/2369 1820/3676/2372 2020/3930/2580
f 1037/5136/2674 900/5137/3546 363/5138/3547 895/5139/3096
f 1780/4635/2222 1366/2432/1496 1677/2435/1499 2100/4636/3169
f 1435/5124/3529 1819/4140/2759 2021/4520/3057 1559/4655/3191
f 2081/3655/2362 1696/3271/2101 1348/5140/3548 1763/4552/3088
f 1800/5082/3479 2086/5081/3478 1791/5141/3549 1441/5084/3482
f 1296/4916/3503 1569/5142/3502 2016/5091/3491 1570/1291/3550
f 2045/2557/1581 1513/2556/1580 1254/1308/3542 1512/1307/3150
f 1805/4551/3087 1422/4550/2468 1533/5109/3507 2035/5095/3495
f 1787/5114/3513 2107/5086/3485 1821/5089/3486 1437/5131/3538
f 2022/2266/1357 1818/5069/3464 1435/5112/3511 1559/5143/3551
f 1547/5128/3533 2027/5127/3532 1548/4432/3552 1280/4890/3553
f 1811/5144/3554 1428/5145/3453 1545/5146/3452 2029/4621/3145
f 2027/5127/3532 1549/5147/2063 1282/4433/3555 1548/4432/3552
f 2089/4619/3143 1770/4618/2680 1420/4662/2679 1803/4661/3195
f 1375/3598/2326 1668/3384/2183 2109/4050/2683 1789/5148/3556
f 1796/4515/3053 2082/160/100 1764/499/321 1414/5103/3501
f 2058/136/87 1644/135/86 1356/4617/2176 1688/4616/3142
f 1653/5149/3557 2068/4226/2847 1678/4229/2848 1365/4517/3055
f 889/5150/3558 361/5151/3558 892/5073/3558 1040/5072/3558
f 1643/4058/2691 2058/136/87 1688/4616/3142 1355/5152/3559
f 879/5153/1434 355/5154/3560 884/4206/3560 1043/4205/1435
f 1706/5155/2511 1451/46/2510 1879/49/2731 1993/4106/2730
f 714/5156/3561 1238/5157/3561 630/5158/3561 261/5159/3561
f 562/3445/2275 1169/888/2274 530/891/3562 178/3446/3562
f 1687/3378/2178 2059/3377/2177 1645/4133/2750 1357/4739/3258
f 288/5160/3563 765/2369/1441 1136/2372/1444 470/5161/2130
f 1613/64/49 1310/84/49 1578/5162/49 1592/65/49
f 508/3408/2203 1045/3407/2202 877/5163/2777 158/5164/3564
f 227/4188/3565 917/4187/2553 1029/3899/2549 424/3898/2548
f 380/5165/3566 928/2501/3566 1157/2504/3567 574/5166/3568
f 1696/3271/2101 2049/3270/2100 1620/5167/3569 1348/5140/3548
f 209/5168/3570 745/5169/3570 1104/5170/3570 529/5171/3570
f 1753/4461/2998 1387/5017/2524 1642/5172/1708 2056/2473/1529
f 758/4081/3571 285/5173/3571 561/5174/2243 1202/4082/2242
f 2179/1576/970 2177/1173/970 1890/1176/970 1477/1577/970
f 1878/2861/2259 2133/3485/2258 1835/5175/3572 1453/2862/3573
f 1673/3215/2066 2073/3214/2065 1659/4502/3041 1371/5133/3540
f 1096/5176/3156 766/5177/3574 290/3821/3574 762/3820/3157
f 844/5178/3419 336/5179/3575 847/4076/3575 1060/4075/3420
f 2628/5180/3576 2621/706/478 2620/808/552 2627/1539/953
f 1214/5181/1619 549/4243/1618 191/4244/3577 670/5182/3577
f 541/3734/3578 1056/3733/3579 852/3714/3580 189/3713/3578
f 702/5183/1289 1214/5181/1288 670/5182/3581 254/5184/3581
f 222/4315/3582 862/4314/3582 1052/3403/3582 542/3402/3582
f 1331/282/3583 1608/281/3007 2114/4470/3006 1853/5005/3399
f 1052/3840/2194 865/3839/3584 345/5033/3584 861/5032/2195
f 246/3557/3585 800/3556/2491 1081/3805/2218 481/3804/2487
f 490/2455/1513 1069/2454/1512 823/5185/3586 146/5186/3587
f 1916/5187/3257 1503/4738/3257 2173/4737/3257 2170/5188/3257
f 1105/2239/1339 747/2238/1338 278/5189/3588 742/3488/2821
f 1857/5038/3432 2111/4714/3239 1590/5190/3589 1443/5042/3590
f 1398/5191/3591 1741/4492/3029 2068/4226/2847 1653/5149/3557
f 1685/870/600 2061/3949/2594 1647/4544/3082 1359/871/601
f 2097/4512/3051 1778/5192/3504 1428/5145/3453 1811/5144/3554
f 1126/3907/1980 701/2468/1979 253/2471/3592 502/3908/2556
f 1056/4074/3579 856/4073/3593 340/3935/3593 852/3934/3580
f 1735/5193/3594 1405/5194/3595 1660/4584/1311 2074/4583/3116
f 493/4145/2763 1065/4144/1667 832/5195/1668 148/5196/3596
f 1142/3792/1760 685/5197/1759 237/5198/3597 454/3793/2480
f 899/3783/2673 367/3782/3598 900/5137/3546 1037/5136/2674
f 1125/2037/1179 702/5183/2864 254/5184/3599 505/2038/1180
f 936/3774/3600 387/3768/3600 678/3769/2462 1149/3775/2458
f 382/2498/3601 929/5199/3601 1189/5200/2437 677/2499/2436
f 1152/3710/1562 675/4055/1561 227/4056/3602 424/3711/2402
f 1909/4248/3603 1496/4173/3603 2164/4176/3603 2160/4249/3603
f 657/4252/3604 1099/4251/3605 755/2792/3606 241/2791/3604
f 308/2096/1234 313/2100/1228 114/2158/1276 967/1025/725
f 2802/5201/3607 2817/5202/3607 2818/5203/3607 2803/5204/3607
f 1633/131/83 1336/5023/83 1595/5205/83 1574/132/83
f 902/3824/3608 365/2709/3608 577/2710/3488 1186/3825/3487
f 1675/3182/2040 2071/3181/2039 1657/5206/3609 1369/4659/3193
f 2023/4630/3159 1557/5207/1356 1287/1350/1355 1556/1281/3160
f 1212/5208/1377 551/1075/1376 189/1078/3610 668/5209/3610
f 1069/2672/1512 828/2671/1647 323/5210/1745 823/5211/3586
f 2009/557/364 1863/4207/3002 1468/4495/3611 1723/558/365
f 572/1098/3612 1191/1091/3612 392/1094/3612 947/1099/3612
f 647/2240/3613 679/2243/3613 1191/2865/3613 168/2864/3613
f 980/4166/3614 412/4169/1576 981/5212/1575 1001/5213/3525
f 1894/149/3283 1481/4764/3283 2187/4767/3283 2188/150/3283
f 708/3771/3615 260/3770/3615 713/5214/3615 1119/5215/3615
f 2143/5030/3425 1632/128/3616 1338/127/3617 1829/5031/3426
f 2065/3345/2160 1744/3449/3397 1396/3450/3618 1651/3534/2287
f 700/3489/1411 1212/5208/1410 668/5209/3619 252/3490/3619
f 1446/5052/3620 1886/3255/2089 1986/2273/1362 1701/2272/1361
f 1667/2652/1652 2079/2938/1854 1700/5216/3621 1377/5217/3622
f 529/5171/3623 1104/5170/3623 744/4568/3623 177/4567/3623
f 1644/3376/86 1389/5218/85 1750/3321/2137 2059/3377/2177
f 883/2541/3624 356/3715/3624 611/3716/3624 1184/2542/3624
f 1659/5219/3625 2074/4583/3116 1672/4586/3117 1371/5220/3626
f 1607/44/36 1313/1493/36 1580/5221/36 1594/45/36
f 685/5197/3627 1197/4246/3627 653/4247/3627 237/5198/3627
f 460/2380/1451 1109/2379/1450 733/5222/3628 126/5223/3629
f 1747/3381/3630 1393/5027/3106 1648/5224/3105 2062/5225/3631
f 569/2476/3632 1194/1068/3632 407/1071/3632 974/2477/3632
f 1661/5226/3633 2076/4578/3110 1670/4706/3230 1373/5113/3512
f 1282/3028/3555 1549/3208/2063 2026/2889/1812 1550/3025/3520
f 1691/3961/2602 2055/186/110 1666/5227/3634 1378/5228/3635
f 767/3341/3636 290/5064/3636 560/5065/2198 1203/3342/2197
f 1347/3281/3637 1606/41/3638 2126/3975/2618 1841/3974/2617
f 1449/5012/1014 1882/4711/3357 1990/4965/3360 1704/4986/1015
f 1647/5229/3639 2062/5225/3631 1684/3202/2058 1359/5230/3640
f 1428/5060/3453 1778/5105/3504 2098/4643/3178 1812/5061/3454
f 1651/5115/3515 2066/3669/2367 1680/3672/2368 1363/4511/3050
f 2060/3537/2290 1646/5231/2591 1358/3759/2446 1686/3538/2291
f 1826/4982/3376 1346/87/3641 1609/51/3642 2139/3749/2433
f 718/4423/3643 266/4422/3643 721/3992/3643 1116/3991/3643
f 2120/1494/928 1607/44/927 1334/43/3644 1848/4203/3366
f 1044/4613/1800 883/4612/3645 355/5154/3645 879/5153/1801
f 1695/159/99 2051/3842/2506 1523/4134/2753 1350/498/320
f 300/5232/3646 784/4211/3646 1173/4214/2747 558/5233/2746
f 854/215/3647 342/214/1978 855/4682/1977 1057/4681/45
f 340/3471/3648 856/3129/3648 1181/3130/901 550/3472/900
f 1357/3539/2292 1686/3538/2291 2091/3761/2448 1771/5234/3649
f 1359/5230/3640 1684/3202/2058 2093/3205/2059 1773/4626/3152
f 1414/4549/3086 1797/3169/2031 2043/2639/1639 1515/4650/3187
f 1762/3654/1718 1323/3268/2694 1696/3271/2101 2081/3655/2362
f 1797/3169/2031 1415/3168/1360 1517/2640/1640 2043/2639/1639
f 1795/2554/1579 1412/5108/3506 1763/157/98
f 1769/5235/3650 2089/4619/3143 1803/4661/3195 1419/5062/3456
f 2082/160/100 1796/4515/3053 1413/1360/861
f 2079/2938/1854 1730/141/3118 1381/144/3651 1700/5216/3621
f 1416/4740/3259 1799/2565/1589 2041/4258/2883 1519/5236/3652
f 1915/4735/3653 1502/5237/3653 2169/5238/3653 2151/4736/3653
f 1001/5213/3525 981/5212/1575 408/5239/1881 976/5240/3526
f 772/4280/2685 296/4279/3654 775/4128/3654 1092/4127/2686
f 518/5241/3655 1020/5242/3655 933/2227/3655 166/2226/3655
f 2071/3181/2039 1738/294/3656 1402/297/3656 1657/5206/3609
f 415/4761/3657 996/4760/3657 988/1096/3657 991/1095/3657
f 2623/750/511 2642/763/522 2643/1521/942 2624/764/523
f 1570/1291/3550 2016/5091/3491 1792/5093/3493 1250/4873/3658
f 278/5243/3588 747/3206/1338 1138/3207/2062 464/5244/2879
f 1270/4891/3508 1533/5110/3507 2034/4558/3093 1534/1269/3092
f 2139/3749/2433 1609/51/3642 1315/50/3659 1830/3750/2434
f 1371/5220/3626 1672/4586/3117 2105/4137/2758 1785/5123/3528
f 1558/1263/1358 2022/2266/1357 1559/5143/3551 1289/4923/3660
f 1777/4513/3052 2097/4512/3051 1811/5144/3554 1427/5245/3661
f 2095/4504/3043 1776/5246/3047 1426/5106/3046 1809/4505/3044
f 285/5173/3662 757/4179/3662 1170/4182/3662 561/5174/3662
f 1670/4706/3230 1374/4705/2338 1788/5087/2351 2107/5086/3485
f 1810/4510/3049 2096/4509/3048 1777/4759/3280 1427/5125/3530
f 1771/5234/3649 2091/3761/2448 1805/4551/3087 1421/5094/3494
f 1806/3786/2469 2092/869/599 1773/872/602 1423/5247/3663
f 345/2610/3664 865/4573/3664 1182/4574/2866 549/2611/2865
f 1392/3382/3665 1747/3381/3630 2062/5225/3631 1647/5229/3639
f 2075/2200/1312 1734/4442/3666 1406/4445/3667 1661/3522/2276
f 1442/4184/2805 1793/2760/1720 2047/5248/3668 1792/5249/3669
f 2042/2816/1752 1798/1601/982 1416/1602/983 1519/5070/3465
f 1808/3757/2444 2094/2209/1323 1775/4545/3083 1425/4637/3170
f 1322/231/3670 1638/230/3386 2135/4614/3139 1856/5250/3671
f 1153/3148/2011 674/3621/2123 226/3624/3672 421/3149/2012
f 1793/2760/1720 1411/2759/1719 1509/5251/1621 2047/5248/3668
f 1355/5152/3559 1688/4616/3142 2089/4619/3143 1769/5235/3650
f 2344/522/339 2340/2602/1615 2339/5252/912 2343/718/287
f 1502/5237/3673 1916/5187/3673 2170/5188/3673 2169/5238/3673
f 2055/186/110 1754/185/109 1410/4172/2795 1666/5227/3634
f 1320/218/3674 1623/217/3374 2117/3922/2570 1850/3921/2569
f 1682/3387/2184 1362/3386/2158 1776/5246/3047 2095/4504/3043
f 1361/4757/3278 1682/3387/2184 2095/4504/3043 1775/4503/3042
f 2110/2342/1420 1667/2652/1652 1377/5217/3622 1665/5253/3675
f 1792/5249/3669 2047/5248/3668 1507/1330/3676 1250/4878/3677
f 1406/5254/3678 1733/4575/3108 2076/4578/3110 1661/5226/3633
f 1672/4586/3117 1372/4585/1310 1786/4138/2370 2105/4137/2758
f 1171/2654/3679 624/3327/3679 212/3330/3679 532/2655/3679
f 2108/3640/2352 1669/2835/1773 1375/2838/1776 1789/5100/3498
f 1824/2343/1421 2110/2342/1420 1665/5253/3675 1442/5092/3492
f 1423/4628/3154 1807/4627/3153 2033/4525/3062 1535/5075/3471
f 1404/5255/3680 1735/5193/3594 2074/4583/3116 1659/5219/3625
f 1821/5089/3486 1438/5088/3130 1565/5130/3186 2019/5129/3535
f 198/1862/3681 934/1861/3681 1020/5242/3681 518/5241/3681
f 2036/4536/3075 1804/4048/2682 1421/4566/3101 1531/5074/3469
f 1427/5245/3661 1811/5144/3554 2029/4621/3145 1543/4620/3144
f 1554/1295/3200 2024/4054/2688 1555/5067/3461 1286/4868/3682
f 1823/4580/3111 1440/4579/1418 1569/5104/3502 2017/4533/3071
f 2037/4664/3196 1529/4663/3074 1266/1353/3450 1528/1352/3683
f 1813/3444/2223 1430/3443/2064 1549/5147/2063 2027/5127/3532
f 1551/5134/3544 2025/4645/3180 1552/1310/3182 1283/5256/3684
f 1519/5236/3652 2041/4258/2883 1520/1333/3458 1259/4886/3685
f 1527/5063/3457 2037/4664/3196 1528/1352/3683 1265/4915/3686
f 2039/4557/3091 1525/4556/2539 1264/1315/2538 1524/1314/3184
f 1293/4861/3536 1565/4649/3186 2018/4522/3059 1566/4521/3058
f 1752/2481/1534 1993/4106/2730 1707/4108/2733 1388/2482/1535
f 2020/3930/2580 1820/3676/2372 1437/5056/3449 1563/5116/3518
f 1531/5096/3496 2035/5095/3495 1532/1339/3509 1268/4870/3687
f 2086/5081/3478 1691/3961/2602 1378/5228/3635 1791/5141/3549
f 1817/4654/3190 1434/4653/3189 1557/5207/1356 2023/4630/3159
f 1569/5142/3502 1440/2340/1418 1824/2343/1421 2016/5091/3491
f 1192/2908/2936 648/2911/3688 232/2926/3688 680/2925/2937
f 1563/5132/3539 2019/5129/3535 1564/1317/3537 1292/4862/3689
f 2028/4538/3077 1812/5061/3454 1429/5257/3690 1547/4539/3078
f 1526/291/2541 2038/3889/2540 1527/5102/3500 1265/4876/3691
f 1521/4530/2882 1417/5079/1588 1800/5082/3479 2040/4531/3068
f 2029/4621/3145 1545/5146/3452 1279/4911/3692 1544/4622/3146
f 1279/4903/3692 1545/5059/3452 2028/4538/3077 1546/4537/3076
f 1814/2890/1813 2100/4636/3169 1781/5071/3467 1431/2891/1814
f 1907/4788/3693 1494/4763/3693 2167/4762/3693 2153/4789/3693
f 1779/4518/3056 2099/3441/2221 1813/3444/2223 1429/5126/3531
f 1509/2613/1621 1411/3653/1719 1794/3656/2363 2046/2614/1622
f 1680/3672/2368 1364/3671/1456 1778/5192/3504 2097/4512/3051
f 2047/5248/3668 1509/5251/1621 1252/1331/1620 1507/1330/3676
f 1812/5061/3454 2098/4643/3178 1779/4644/3179 1429/5257/3690
f 1789/5148/3556 2109/4050/2683 1823/4580/3111 1439/5076/3473
f 2034/4558/3093 1806/3786/2469 1423/5247/3663 1535/4559/3094
f 1099/2642/3605 758/2641/3694 287/3171/3694 755/3170/3606
f 574/4970/3568 1157/3877/3567 518/3880/3695 166/4971/3695
f 310/2694/3696 802/2689/3696 1175/2692/3697 556/2695/3698
f 1703/2973/2235 1989/1851/3699 1756/4599/3699 1384/5258/3228
f 1996/104/72 1876/4488/3124 1455/5259/3700 1710/5028/2910
f 1859/4457/3400 2114/4470/3006 1854/4472/3009 1472/4458/3701
f 2140/1888/1033 1614/67/3702 1346/66/3703 1826/1889/1034
f 1343/252/3704 1615/251/1664 2134/48/39 1833/47/38
f 1286/4631/839 1556/1281/839 1979/1280/839 1921/2673/839
f 1922/1294/842 1285/4667/842 1554/1295/842
f 1623/217/120 1585/219/120 1599/5260/120 1341/4981/120
f 1724/4699/3225 2011/4443/2975 1734/4442/2974 1405/5261/3705
f 153/5262/3706 501/5263/3706 1054/4292/3706 605/4291/3706
f 307/4217/3707 794/3283/3707 1206/3284/2098 694/4218/2097
f 2000/3688/2382 1714/4447/2979 1395/4215/3708 1745/3076/2383
f 1755/3339/2154 1990/4965/3360 1705/4964/3359 1386/3340/108
f 2126/3975/2618 1606/41/3638 1316/40/3709 1842/4698/3221
f 1845/5264/2908 2122/3293/2111 1867/4450/2983 1463/5022/3710
f 1838/4707/3232 2129/1840/1007 1874/1839/1006 1456/4607/3711
f 783/2702/1680 302/5000/1754 693/5003/2768 1134/2703/1681
f 1864/2916/3368 2119/4974/3367 1849/5265/3712 1467/2917/3713
f 653/2255/3714 1115/2254/2778 719/2706/2780 237/2705/3714
f 2235/391/232 2239/390/231 2240/402/242 2236/5266/253
f 1876/4488/3026 2131/4487/3025 1837/5267/3715 1455/5259/3716
f 1624/101/70 1317/4713/70 1583/5268/70 1508/102/70
f 1136/3312/1444 691/3371/1443 243/3374/3717 472/3313/2131
f 1389/5218/85 1708/5269/1789 1995/3322/2138 1750/3321/2137
f 1868/1836/3021 2123/4303/2905 1845/4304/2908 1463/1837/3710
f 1699/3316/2091 1987/1800/989 1758/3091/1972 1380/5051/3352
f 1173/4131/3718 622/2683/3718 214/2686/3718 534/4132/3718
f 1455/4161/3700 1875/4160/3241 1997/4310/2911 1710/4309/2910
f 2062/5225/3631 1648/5224/3105 1360/3203/3346 1684/3202/2058
f 1443/5037/3719 1888/4484/3023 1984/3162/2021 1825/4590/3120
f 1453/4991/1788 1877/3983/2625 1995/3322/2138 1708/5269/1789
f 1743/4079/3214 2002/4691/3213 1716/4961/137 1397/4080/3720
f 1866/1875/3390 2121/4944/3341 1847/5270/3721 1465/4700/3722
f 568/2965/3723 172/2964/3723 651/3160/3723 1195/3159/3723
f 2131/4487/3025 1634/172/3423 1319/3231/3724 1837/5267/3715
f 1224/5271/3725 833/5272/3725 151/5273/3725 604/5274/3725
f 1728/5275/1998 2015/142/90 1730/141/89 1409/4587/1999
f 2003/260/136 1869/259/135 1462/4937/3392 1717/1872/1021
f 2125/2559/1583 1843/3362/2168 1461/4960/3726 1870/2560/1584
f 1723/92/67 2010/91/66 1735/5193/3727 1404/5255/3728
f 2133/3485/2258 1610/54/3410 1333/53/3729 1835/5175/3572
f 2010/91/66 1862/90/65 1469/4463/3223 1724/5276/3225
f 2049/3270/2100 1760/4678/3411 1382/4679/3730 1620/5167/3569
f 1137/4112/2622 690/3456/2657 242/3459/3731 469/4113/2735
f 1387/3869/2524 1706/5155/2511 1993/4106/2730 1752/2481/1534
f 1725/4955/3351 2012/4954/3350 1733/4575/3732 1406/5254/3733
f 1658/3213/1573 1403/4469/3104 1736/556/3039 2073/3214/2065
f 1325/4672/3734 1617/78/2112 2122/3293/2111 1845/5264/3734
f 2111/4714/3239 1624/101/3238 1328/100/3735 1590/5190/3589
f 1748/3948/2593 1997/4310/2911 1711/4717/3243 1392/4543/3736
f 1328/4596/3737 1632/128/3616 2143/5030/3425 1590/5036/3430
f 1117/5277/1685 720/5278/1325 263/5279/1937 715/5280/2071
f 929/5199/3738 380/5165/3738 574/5166/3363 1189/5200/3362
f 596/4273/3739 135/5281/3739 474/5282/3739 1090/4274/3739
f 616/5283/3740 1224/5271/3740 604/5274/3740 220/5284/3740
f 1119/5215/3741 713/5214/3741 262/3941/3741 710/3940/3741
f 1872/3737/2420 2127/3736/2419 1841/4998/3394 1459/4446/3742
f 719/4157/1684 267/4156/1326 720/5278/1325 1117/5277/1685
f 1174/3690/3743 621/3697/3743 215/3700/3743 535/3691/3743
f 1887/4474/3405 2142/3331/2145 1828/5025/3422 1446/4475/3744
f 297/2726/3745 776/2733/3745 1204/2736/2995 692/2727/2994
f 1991/4170/2793 1881/3859/3365 1474/4298/3746 1729/4171/2794
f 433/3861/2519 230/4123/3747 944/4124/2566 1017/3862/2520
f 2141/2202/1316 1619/234/1315 1327/4980/3748 1827/5053/3446
f 1716/261/137 2003/260/136 1742/1871/1020 1397/4940/3720
f 2093/3205/2059 1774/3204/1320 1424/5097/2443 1807/4627/3153
f 1717/4997/1021 2004/1835/1002 1741/4492/3372 1398/5191/1022
f 1729/4455/2989 1992/3845/2508 1753/4461/2998 1410/4460/2997
f 260/3770/3749 1120/3772/3749 709/2997/3749 712/2998/3749
f 2011/4443/2975 1861/4478/3224 1470/5009/3750 1725/4444/2976
f 2121/4944/3341 1612/61/3340 1313/60/3751 1847/5270/3721
f 1334/165/3644 1636/164/3752 2119/4974/3367 1848/4973/3366
f 1883/1852/3395 2138/4070/2703 1831/4234/2854 1449/1853/3404
f 1424/3756/2443 1774/2206/1320 2094/2209/1323 1808/3757/2444
f 1627/205/2697 1322/4438/3753 1856/4297/2902 2136/3858/2516
f 1714/4708/2979 2001/3392/2187 1744/3449/2229 1395/4999/3708
f 2056/2473/1529 1642/5172/1708 1354/4657/1707 1690/2474/1530
f 1327/4938/3754 1614/67/3702 2140/1888/1033 1827/4983/3378
f 1622/94/68 1306/5046/68 1575/5285/68 1588/95/68
f 1629/197/2025 1306/1267/3755 1844/4936/3336 2124/3164/2026
f 843/4078/1830 335/4077/3756 848/4221/3756 1059/4220/1831
f 785/5001/3757 300/5232/3757 558/5233/2125 1205/5002/2124
f 978/4003/3758 410/4002/3758 983/4168/3758 999/4167/3758
f 1660/2199/1311 1405/5261/3595 1734/4442/3666 2075/2200/1312
f 1639/2535/1566 1384/5258/3114 1756/4599/3176 2053/2464/1520
f 1749/105/3517 1391/5029/2592 1646/5231/2591 2060/3537/2290
f 1230/2684/3759 779/5286/3759 139/5287/3759 598/2685/3759
f 489/5288/3760 319/3518/3760 822/3388/3760 1070/4311/3760
f 1233/2958/3761 752/5289/3761 133/5290/3761 595/2959/3761
f 1473/5039/3208 1857/5038/3435 2015/142/90 1728/5275/1998
f 1109/4092/1450 738/4091/2715 273/5291/3762 733/5292/3628
f 920/124/3763 375/2302/3763 575/2305/2772 1188/125/2771
f 1875/4160/2785 2130/4159/2784 1838/4695/3219 1456/4716/3764
f 1735/5193/3727 2010/91/66 1724/5276/3225 1405/5194/3705
f 1858/178/2649 2112/4009/2648 1855/5043/3438 1473/4680/3765
f 2115/85/62 1613/64/61 1331/63/3766 1853/4498/3033
f 1733/4575/3732 2012/4954/3350 1726/5047/3381 1407/4576/3429
f 615/5293/3767 1223/4674/3767 605/4677/3767 221/5294/3767
f 2227/1363/862 2226/1365/862 1255/1364/862
f 1255/1364/862 1251/5295/862 2230/1362/862
f 1251/5295/862 2231/5296/862 2230/1362/862
f 2179/1368/863 1258/1367/863 2177/1366/863
f 1258/1367/863 1255/1364/863 2177/1366/863
f 2178/1369/864 2223/5297/864 1260/298/864
f 2223/5297/864 2224/1608/864 1260/298/864
f 1260/298/864 1258/1367/864 2178/1369/864
f 2198/1374/865 1267/1373/865 2200/1372/865
f 1267/1373/865 1263/1370/865 2200/1372/865
f 2187/5298/866 1269/5299/866 2188/1375/866
f 1269/5299/866 1267/1373/866 2188/1375/866
f 2199/1378/867 2221/5300/867 1273/1376/867
f 2221/5300/867 2217/5301/867 1273/1376/867
f 2217/5301/867 2218/1379/867 1273/1376/867
f 1273/1376/867 1269/5299/867 2186/1377/867
f 1269/5299/867 2187/5298/867 2186/1377/867
f 2181/5302/868 1275/5303/868 2182/1380/868
f 1275/5303/868 1273/1376/868 2182/1380/868
f 2212/1384/3768 1278/1383/871 2213/1382/870
f 1278/1383/871 1275/5303/869 2180/1381/869
f 1275/5303/869 2181/5302/869 2180/1381/869
f 2210/1385/872 2206/5304/872 1278/1383/872
f 2206/5304/872 2185/5305/872 1278/1383/872
f 2185/5305/872 2184/1387/872 1281/1386/872
f 1281/1386/872 1278/1383/872 2185/5305/872
f 2195/1611/873 1284/301/873 2183/1388/873
f 1284/301/873 1281/1386/873 2183/1388/873
f 2194/1393/874 1290/1392/874 2189/1391/874
f 1290/1392/874 1288/1389/874 2189/1391/874
f 2176/5306/875 1294/5307/875 2175/1394/875
f 1294/5307/875 1290/1392/875 2175/1394/875
f 2192/1396/876 2207/1398/876 1297/1397/876
f 1297/1397/876 1294/5307/876 2174/1395/876
f 1294/5307/876 2176/5306/876 2174/1395/876
f 2204/1401/877 1299/1400/877 2203/1399/877
f 1299/1400/877 1297/1397/877 2203/1399/877
f 2202/1402/878 2205/5308/878 1303/304/878
f 2205/5308/878 2209/1612/878 1303/304/878
f 1303/304/878 1299/1400/878 2202/1402/878
f 2167/1615/879 1309/307/879 2153/1405/879
f 1309/307/879 1305/1403/879 2153/1405/879
f 2164/1410/880 1314/1409/880 2160/1408/880
f 1314/1409/880 1312/1406/880 2160/1408/880
f 2149/1620/881 1318/1618/881 2147/1411/881
f 1318/1618/881 1314/1409/881 2147/1411/881
f 1324/1414/882 1321/311/882 2144/1412/882
f 1321/311/882 2211/1616/882 2144/1412/882
f 2215/1621/883 1326/313/883 2145/1415/883
f 1326/313/883 1324/1414/883 2145/1415/883
f 2169/1420/884 1332/1419/884 2151/1418/884
f 1332/1419/884 1329/1416/884 2151/1418/884
f 2173/5309/885 1335/5310/885 2170/1421/885
f 1335/5310/885 1332/1419/885 2170/1421/885
f 2172/1423/886 2219/5311/886 1339/1424/886
f 1339/1424/886 1335/1614/886 2171/1422/886
f 1335/1614/886 2173/5312/886 2171/1422/886
f 2158/1428/887 1342/1427/887 2156/1426/887
f 1342/1427/887 1339/1424/887 2156/1426/887
f 1339/1424/887 2219/5311/887 2220/5313/887
f 2220/5313/887 2222/5314/887 1339/1424/887
f 2222/5314/887 2225/1425/887 1339/1424/887
f 1314/5315/649 1318/5316/649 1321/5317/649
f 1321/5317/649 1324/5318/649 1326/5319/649
f 1326/5319/649 1329/5320/649 1332/5321/649
f 1332/5321/649 1335/5322/649 1326/5319/649
f 1335/5322/649 1339/5323/649 1326/5319/649
f 1339/5323/649 1342/5324/649 1345/5325/649
f 1345/5325/649 1251/5326/649 1255/5327/649
f 1255/5327/649 1258/5328/649 1260/5329/649
f 1260/5329/649 1263/5330/649 1255/5327/649
f 1263/5330/649 1267/5331/649 1255/5327/649
f 1267/5331/649 1269/5332/649 1273/5333/649
f 1273/5333/649 1275/5334/649 1278/5335/649
f 1278/5335/649 1281/5336/649 1284/5337/649
f 1284/5337/649 1288/5338/649 1278/5335/649
f 1288/5338/649 1290/5339/649 1278/5335/649
f 1290/5339/649 1294/5340/649 1297/5341/649
f 1297/5341/649 1299/5342/649 1303/5343/649
f 1303/5343/649 1305/5344/649 1309/5345/649
f 1309/5345/649 1312/5346/649 1303/5343/649
f 1312/5346/649 1314/5315/649 1303/5343/649
f 1314/5315/649 1321/5317/649 1326/5319/649
f 1339/5323/649 1345/5325/649 1255/5327/649
f 1267/5331/649 1273/5333/649 1278/5335/649
f 1290/5339/649 1297/5341/649 1303/5343/649
f 1314/5315/649 1326/5319/649 1339/5323/649
f 1339/5323/649 1255/5327/649 1314/5315/649
f 44/1671/880 43/1670/880 41/1625/880 42/1624/880
f 1267/5331/649 1278/5335/649 1290/5339/649
f 1290/5339/649 1303/5343/649 1267/5331/649
f 2228/1431/888 1345/1430/888 2157/1429/888
f 1345/1430/888 1342/1427/888 2157/1429/888
f 2231/5296/889 1251/5295/889 2229/1432/889
f 1251/5295/889 1345/1430/889 2229/1432/889
f 2311/1544/955 2312/334/182 2304/333/181
f 2250/367/211 2244/380/223 2243/1436/167
f 2283/351/199 2275/358/192 2274/1438/186
f 2317/352/200 2318/5347/207 2305/356/204
f 2322/383/226 2306/379/222 2305/361/204
f 1303/5343/649 1314/5315/649 1255/5327/649 1267/5331/649
f 2517/632/421 2536/644/431 2537/1498/929 2518/645/432
f 2253/405/243 2252/404/233 2256/1439/225
f 2329/1444/896 2308/413/249 2307/396/237
f 2332/1447/263 2309/428/261 2308/413/249
f 2265/1450/899 2257/434/266 2260/419/255
f 2119/4974/3367 1636/164/3752 1302/3211/3769 1849/5265/3712
f 2265/1459/899 2261/330/179 2254/329/178
f 2353/561/368 2354/1466/290 2348/446/274
f 2416/1433/890 2417/458/284 2409/457/283
f 2355/491/313 2349/502/323 2348/719/274
f 2388/475/301 2380/482/294 2379/1469/288
f 2422/476/302 2423/5348/309 2410/480/306
f 2427/505/326 2411/501/322 2410/485/306
f 2306/379/222 2325/395/236 2326/1440/893 2307/396/237
f 2358/526/341 2357/525/330 2361/1471/325
f 2434/1475/916 2413/536/347 2412/515/334
f 2437/1477/361 2414/551/359 2413/536/347
f 2370/1480/919 2362/562/369 2365/542/353
f 2370/5349/919 2366/454/281 2359/453/280
f 2458/683/461 2459/1491/389 2453/575/298
f 2522/1464/910 2523/587/385 2515/586/384
f 2460/620/410 2454/473/299 2453/472/298
f 2486/603/397 2485/611/393 2484/1496/387
f 2528/605/399 2529/5350/406 2516/609/403
f 2533/635/424 2517/632/421 2516/614/403
f 2730/874/603 2749/886/613 2750/1549/957 2731/887/614
f 2463/656/440 2462/655/428 2466/1497/423
f 2540/1501/932 2519/660/443 2518/645/432
f 2543/1503/455 2520/673/453 2519/660/443
f 2475/1506/935 2467/684/462 2470/664/447
f 2475/1509/935 2471/583/382 2464/582/381
f 2564/804/549 2565/1515/483 2559/695/469
f 2628/5180/3576 2629/707/479 2621/706/478
f 2566/738/503 2560/751/512 2559/843/469
f 2592/721/490 2591/729/487 2590/1518/481
f 2634/723/492 2635/5351/499 2622/727/496
f 2639/754/515 2623/750/511 2622/732/496
f 2411/501/322 2430/514/333 2431/1472/913 2412/515/334
f 2569/777/531 2568/776/519 2572/1520/514
f 2646/1524/945 2625/783/534 2624/764/523
f 2649/1526/546 2626/796/544 2625/783/534
f 2581/1529/948 2573/805/550 2576/787/538
f 2581/5352/948 2577/703/476 2570/702/475
f 2671/926/642 2672/1545/572 2666/819/196
f 2735/1513/940 2736/831/567 2728/830/566
f 2673/862/592 2667/349/197 2666/348/196
f 2699/845/579 2698/853/576 2697/1546/570
f 2741/847/581 2742/5353/588 2729/851/585
f 2746/877/606 2730/874/603 2729/856/585
f 989/1184/3770 995/1211/3770 417/1210/3770 990/1185/3770
f 2676/900/621 2675/899/610 2679/1548/605
f 2753/1552/960 2732/904/624 2731/887/614
f 2756/1554/639 2733/920/637 2732/904/624
f 2688/1557/963 2680/927/643 2683/910/630
f 2688/1559/963 2684/827/564 2677/826/563
f 253/3973/3771 863/3972/3129 1053/3318/2134 502/3317/2133
f 3056/5354/3772 3055/5355/3772 3071/5356/3773 3072/5357/3773
f 2832/5358/3774 2848/5359/3774 2849/5360/3774 2833/5361/3774
f 3172/5362/3775 3171/5363/3775 3186/5364/3776 3187/5365/3776
f 2815/5366/3777 2830/5367/3778 2831/5368/3778 2816/5369/3777
f 2767/5370/3779 2778/5371/3779 2779/5372/3779 3240/5373/3779
f 3223/4967/3780 3222/3964/3780 2762/3967/3781 3237/4968/3781
f 3209/5374/3782 3224/4966/3782 3225/5375/3782 3210/5376/3782
f 2950/5377/3783 2965/5378/3784 2966/5379/3784 2951/5380/3783
f 2766/4086/3785 2776/5381/3785 2777/5382/3785 3239/4087/3785
f 3236/3966/3786 3235/934/646 2768/936/648 2769/5383/3787
f 2941/5384/3788 2940/5385/3788 2955/5386/3788 2956/5387/3788
f 3001/5388/3789 3016/5389/3789 3017/5390/3789 3002/5391/3789
f 2826/5392/3790 2841/5393/3791 2842/947/659 2827/945/657
f 3077/5394/3792 3076/5395/3792 3091/5396/3792 3092/5397/3792
f 2796/5398/3793 2811/5399/3794 2812/943/655 2797/941/653
f 3030/5400/3795 3029/5401/3795 3044/5402/3795 3045/5403/3795
f 3006/5404/3796 3007/5405/3796 2992/5406/3797 2991/5407/3797
f 3004/5408/3798 3003/5409/3798 3018/5410/3798 3019/5411/3798
f 2981/5412/3799 2982/5413/3799 2967/5414/3800 2966/5379/3800
f 2863/5415/3801 2862/5416/3801 2877/5417/3801 2878/5418/3801
f 2983/5419/3802 2982/5413/3802 2997/5420/3802 2998/5421/3802
f 3072/5357/3803 3087/5422/3804 3088/5423/3804 3073/5424/3803
f 2777/5382/3805 2792/5425/3805 2793/5426/3805 2778/5371/3805
f 3066/5427/3806 3082/5428/3807 3083/5429/3807 3067/5430/3806
f 2776/5381/3808 2791/5431/3808 2792/5425/3808 2777/5382/3808
f 2828/946/658 2829/5432/3809 2814/5433/3810 2813/944/656
f 3137/5434/3811 3136/5435/3811 3151/5436/3811 3152/5437/3811
f 2800/5438/3812 2801/5439/3812 2786/5440/3813 2785/5441/3813
f 3149/5442/3814 3164/5443/3814 3165/5444/3814 3150/5445/3814
f 2784/5446/3815 2799/5447/3816 2800/5438/3816 2785/5441/3815
f 2834/5448/3817 2833/5361/3817 2849/5360/3817 2850/5449/3817
f 3158/5450/3818 3159/988/700 3144/987/699 3143/5451/3819
f 2805/5452/3820 2804/5453/3820 2819/5454/3820 2820/5455/3820
f 2986/5456/3821 2985/5457/3821 3000/5458/3821 3001/5459/3821
f 2768/936/648 2783/940/652 2784/5446/3822 2769/5383/3787
f 2789/5460/3823 2788/5461/3823 2803/5204/3823 2804/5453/3823
f 3036/5462/3824 3037/5463/3824 3022/5464/3825 3021/5465/3825
f 3179/5466/3826 3194/5467/3826 3195/5468/3826 3180/5469/3826
f 3192/5470/3827 3207/5471/3828 3208/5472/3828 3193/5473/3827
f 2786/5440/3829 2801/5439/3829 2802/5201/3829 2787/5474/3829
f 3155/5475/3830 3170/5476/3830 3171/5363/3830 3156/5477/3830
f 3130/986/698 3131/5478/3831 3116/5479/3832 3115/984/696
f 3002/5391/3833 3017/5390/3833 3018/5410/3833 3003/5409/3833
f 3192/5470/3834 3191/5480/3834 3206/5481/3835 3207/5471/3835
f 3170/5476/3836 3169/5482/3836 3184/5483/3836 3185/5484/3836
f 2996/5485/3837 3011/5486/3838 3012/5487/3838 2997/5420/3837
f 2771/5488/3839 2772/5489/3839 2763/4969/3839 3237/4968/3839
f 2808/5490/3840 2823/5491/3840 2824/5492/3840 2809/5493/3840
f 2800/5438/3812 2815/5366/3777 2816/5369/3777 2801/5439/3812
f 3164/5443/3841 3179/5466/3841 3180/5469/3841 3165/5444/3841
f 2799/5447/3816 2814/5433/3842 2815/5366/3842 2800/5438/3816
f 3108/5494/3843 3123/5495/3843 3124/5496/3843 3109/5497/3843
f 3010/5498/3844 3009/970/682 3024/972/684 3025/5499/3845
f 1877/3983/3383 2132/2966/1876 1836/2967/3846 1454/3984/3846
f 3031/5500/3847 3030/5400/3847 3045/5403/3847 3046/5501/3847
f 2893/5502/3848 2908/5503/3848 2909/5504/3848 2894/5505/3848
f 2977/5506/3849 2976/5507/3849 2991/5407/3797 2992/5406/3797
f 2821/4995/3850 2836/4994/3850 2837/5508/3850 2822/5509/3850
f 3039/974/686 3054/976/688 3055/5355/3851 3040/5510/3852
f 3182/5511/3853 3197/5512/3853 3198/5513/3853 3183/5514/3853
f 3197/5512/3854 3212/5515/3854 3213/5516/3854 3198/5513/3854
f 3242/5517/3855 2781/5518/3856 2782/939/651 3243/938/650
f 2773/5519/3857 2774/5520/3857 2764/5521/3857 3238/5522/3857
f 3010/5498/3858 3025/5499/3859 3026/5523/3859 3011/5486/3858
f 2899/5524/3860 2898/5525/3860 2913/5526/3860 2914/5527/3860
f 2825/5528/3861 2824/5492/3861 2839/5529/3862 2840/5530/3862
f 3170/5476/3863 3185/5484/3863 3186/5364/3863 3171/5363/3863
f 2823/5491/3864 2838/5531/3864 2839/5529/3864 2824/5492/3864
f 3066/5427/3865 3065/5532/3865 3081/5533/3866 3082/5428/3866
f 3138/5534/3867 3153/5535/3867 3154/5536/3867 3139/5537/3867
f 2840/5530/3868 2841/5393/3868 2826/5392/3869 2825/5528/3869
f 3134/5538/3870 3149/5442/3870 3150/5445/3870 3135/5539/3870
f 2840/5530/3862 2839/5529/3862 2855/5540/3871 2856/5541/3871
f 2869/5542/3872 2884/5543/3872 2885/5544/3872 2870/5545/3872
f 2779/5372/3873 2778/5371/3873 2793/5426/3873 2794/5546/3873
f 2900/5547/3874 2901/5548/3874 2886/5549/3875 2885/5544/3875
f 3140/5550/3876 3139/5537/3876 3154/5536/3876 3155/5475/3876
f 2920/5551/3877 2921/5552/3877 2906/5553/3878 2905/5554/3878
f 2852/5555/3879 2867/5556/3879 2868/5557/3879 2853/5558/3879
f 2844/948/660 2845/5559/3880 2829/5432/3809 2828/946/658
f 2941/5560/3881 2956/5561/3881 2957/5562/3881 2942/5563/3881
f 3016/5389/3882 3031/5564/3882 3032/5565/3882 3017/5390/3882
f 2964/964/676 2979/966/678 2980/5566/3883 2965/5378/3884
f 3082/5428/3807 3097/5567/3885 3098/5568/3885 3083/5429/3807
f 3136/5435/3886 3135/5539/3886 3150/5445/3886 3151/5436/3886
f 2947/5569/3887 2962/5570/3888 2963/963/675 2948/961/673
f 2866/5571/3889 2865/5572/3889 2880/5573/3889 2881/5574/3889
f 2971/5575/3890 2986/5576/3890 2987/5577/3890 2972/5578/3890
f 2962/5570/3888 2977/5506/3891 2978/965/677 2963/963/675
f 2836/4994/3892 2852/5555/3892 2853/5558/3892 2837/5508/3892
f 3162/5579/3893 3161/5580/3893 3176/5581/3894 3177/5582/3894
f 2923/5583/3895 2938/5584/3895 2939/5585/3895 2924/5586/3895
f 3207/5471/3828 3222/3964/3780 3223/4967/3780 3208/5472/3828
f 2848/5359/3896 2847/5587/3896 2862/5416/3896 2863/5415/3896
f 3004/5408/3897 3019/5411/3897 3020/5588/3897 3005/5589/3897
f 3021/5465/3898 3020/5588/3898 3035/5590/3899 3036/5462/3899
f 2854/5591/3900 2853/5558/3900 2868/5557/3900 2869/5542/3900
f 2974/5592/3901 2973/5593/3901 2988/5594/3901 2989/5595/3901
f 2780/5596/3902 2779/5372/3902 2794/5546/3903 2795/5597/3903
f 3095/5598/3904 3110/5599/3904 3111/5600/3904 3096/5601/3904
f 2838/5531/3905 2854/5591/3905 2855/5540/3905 2839/5529/3905
f 2861/5602/3906 2876/5603/3907 2877/5417/3907 2862/5416/3906
f 2908/5503/3908 2923/5583/3908 2924/5586/3908 2909/5504/3908
f 3040/5510/3909 3055/5355/3772 3056/5354/3772 3041/5604/3909
f 2867/5556/3910 2882/5605/3910 2883/5606/3910 2868/5557/3910
f 3220/998/710 3235/934/646 3236/3966/3786 3221/3965/3911
f 2986/5576/3912 3001/5388/3912 3002/5391/3912 2987/5577/3912
f 2789/5460/3913 2790/5607/3913 2775/5608/3913 2774/5520/3913
f 3233/5609/3914 3242/5517/3855 3243/938/650 3234/999/711
f 3000/5458/3915 2999/5610/3915 3014/5611/3915 3015/5612/3915
f 2872/5613/3916 2871/5614/3916 2886/5549/3917 2887/5615/3917
f 3219/997/709 3218/5616/3918 3233/5609/3914 3234/999/711
f 3001/5459/3919 3000/5458/3919 3015/5612/3919 3016/5617/3919
f 2851/5618/3920 2866/5619/3920 2867/5556/3920 2852/5555/3920
f 2887/5615/3921 2888/953/665 2873/951/663 2872/5613/3922
f 3047/5620/3923 3062/5621/3923 3063/5622/3923 3048/5623/3923
f 2901/5548/3924 2902/5624/3924 2887/5615/3917 2886/5549/3917
f 3058/5625/3925 3074/5626/3925 3075/5627/3925 3059/5628/3925
f 3232/5629/3926 3231/5630/3926 3240/5373/3927 3241/5631/3927
f 3215/5632/3928 3230/5633/3928 3231/5630/3928 3216/5634/3928
f 2998/5421/3929 2997/5420/3929 3012/5487/3929 3013/5635/3929
f 2810/5636/3930 2809/5493/3930 2824/5492/3861 2825/5528/3861
f 3019/5411/3931 3018/5410/3931 3033/5637/3931 3034/5638/3931
f 2976/5507/3849 2977/5506/3849 2962/5570/3932 2961/5639/3932
f 2882/5605/3933 2897/5640/3933 2898/5525/3933 2883/5606/3933
f 2901/5548/3874 2900/5547/3874 2915/5641/3934 2916/5642/3934
f 2794/5546/3935 2793/5426/3935 2808/5490/3935 2809/5493/3935
f 3034/5638/3936 3049/5643/3936 3050/5644/3936 3035/5590/3936
f 3132/5645/3937 3147/5646/3938 3148/5647/3938 3133/5648/3937
f 3013/5635/3939 3028/5649/3939 3029/5401/3939 3014/5611/3939
f 2845/5559/3940 2860/5650/3941 2861/5602/3941 2846/5651/3940
f 2897/5640/3942 2912/5652/3942 2913/5526/3942 2898/5525/3942
f 3067/5430/3943 3068/977/689 3053/975/687 3052/5653/3944
f 3046/5501/3945 3045/5403/3945 3060/5654/3945 3061/5655/3945
f 2911/5656/3946 2926/5657/3946 2927/5658/3946 2912/5652/3946
f 3022/5464/3947 3037/5463/3948 3038/973/685 3023/971/683
f 2819/5454/3949 2818/5203/3949 2833/5361/3949 2834/5448/3949
f 2901/5548/3924 2916/5642/3950 2917/5659/3950 2902/5624/3924
f 2983/5419/3951 2998/5421/3951 2999/5610/3951 2984/5660/3951
f 3092/5397/3952 3091/5396/3952 3106/5661/3952 3107/5662/3952
f 3046/5663/3953 3061/5664/3953 3062/5621/3953 3047/5620/3953
f 3160/990/702 3161/5580/3954 3146/5665/3955 3145/989/701
f 3093/5666/3956 3108/5494/3956 3109/5497/3956 3094/5667/3956
f 3006/5404/3796 3021/5465/3825 3022/5464/3825 3007/5405/3796
f 2869/5542/3957 2868/5557/3957 2883/5606/3957 2884/5543/3957
f 2876/5603/3907 2891/5668/3958 2892/5669/3958 2877/5417/3907
f 2817/5202/3959 2816/5369/3959 2831/5368/3959 2832/5358/3959
f 2914/5527/3960 2929/5670/3960 2930/5671/3960 2915/5641/3960
f 2976/5507/3961 2975/5672/3961 2990/5673/3962 2991/5407/3962
f 3043/5674/3963 3058/5625/3963 3059/5628/3963 3044/5402/3963
f 2829/5432/3964 2830/5367/3964 2815/5366/3842 2814/5433/3842
f 2912/5652/3965 2927/5658/3965 2928/5675/3965 2913/5526/3965
f 3024/972/684 3039/974/686 3040/5510/3852 3025/5499/3845
f 2922/5676/3966 2937/5677/3966 2938/5584/3966 2923/5583/3966
f 3028/5649/3967 3027/5678/3967 3042/5679/3967 3043/5674/3967
f 2921/5552/3968 2936/5680/3969 2937/5677/3969 2922/5676/3968
f 3200/5681/3970 3199/5682/3970 3214/5683/3970 3215/5632/3970
f 2795/5597/3971 2796/5398/3971 2781/5518/3972 2780/5596/3972
f 3181/5684/3973 3180/5469/3973 3195/5468/3973 3196/5685/3973
f 2919/958/670 2934/960/672 2935/5686/3974 2920/5551/3975
f 3031/5564/3976 3046/5663/3976 3047/5620/3976 3032/5565/3976
f 2866/5619/3977 2881/5687/3977 2882/5605/3977 2867/5556/3977
f 2784/5446/3822 2783/940/652 2798/942/654 2799/5447/3978
f 3078/5688/3979 3093/5666/3979 3094/5667/3979 3079/5689/3979
f 2784/5446/3815 2785/5441/3815 2770/5690/3980 2769/5383/3980
f 3229/4088/3981 3239/4087/3981 2767/5370/3981 3230/5633/3981
f 3237/4968/3781 2762/3967/3781 2770/5690/3982 2771/5488/3982
f 2766/4086/3983 2765/5691/3983 2775/5692/3983 2776/5381/3983
f 3143/5451/3819 3144/987/699 3129/985/697 3128/5693/3984
f 2940/5385/3985 2939/5585/3985 2954/5694/3985 2955/5386/3985
f 2946/5695/3986 2961/5639/3932 2962/5570/3932 2947/5569/3986
f 2938/5584/3987 2953/5696/3987 2954/5694/3987 2939/5585/3987
f 2891/5668/3958 2906/5553/3988 2907/5697/3988 2892/5669/3958
f 2967/5414/3989 2968/5698/3989 2953/5696/3989 2952/5699/3989
f 3013/5635/3990 3012/5487/3990 3027/5678/3990 3028/5649/3990
f 2936/5680/3969 2951/5380/3991 2952/5699/3991 2937/5677/3969
f 3074/5626/3992 3089/5700/3992 3090/5701/3992 3075/5627/3992
f 3112/5702/3993 3113/5703/3993 3098/5568/3885 3097/5567/3885
f 2895/5704/3994 2894/5505/3994 2909/5504/3994 2910/5705/3994
f 2949/962/674 2964/964/676 2965/5378/3884 2950/5377/3995
f 2881/5574/3996 2880/5573/3996 2895/5704/3996 2896/5706/3996
f 3049/5643/3997 3064/5707/3997 3065/5532/3997 3050/5644/3997
f 3006/5404/3998 3005/5589/3998 3020/5588/3898 3021/5465/3898
f 2989/5595/3999 2988/5594/3999 3003/5409/3999 3004/5408/3999
f 3207/5471/3835 3206/5481/3835 3221/3965/2603 3222/3964/2603
f 2985/5457/4000 2984/5660/4000 2999/5610/4000 3000/5458/4000
f 2949/962/674 2950/5377/3995 2935/5686/3974 2934/960/672
f 2896/5708/4001 2911/5656/4001 2912/5652/4001 2897/5640/4001
f 3122/5709/4002 3137/5710/4002 3138/5534/4002 3123/5495/4002
f 2994/968/680 2995/5711/4003 2980/5566/3883 2979/966/678
f 2955/5386/4004 2954/5694/4004 2969/5712/4004 2970/5713/4004
f 2950/5377/3783 2951/5380/3783 2936/5680/4005 2935/5686/4005
f 2953/5696/4006 2968/5698/4006 2969/5712/4006 2954/5694/4006
f 2961/5639/4007 2960/5714/4007 2975/5672/3961 2976/5507/3961
f 2854/5591/4008 2869/5542/4008 2870/5545/4008 2855/5540/4008
f 3212/5515/4009 3227/5715/4009 3228/4085/4009 3213/5516/4009
f 2978/965/677 2977/5506/3891 2992/5406/4010 2993/967/679
f 2865/5572/4011 2864/5716/4011 2879/5717/4011 2880/5573/4011
f 3143/5451/4012 3142/5718/4012 3157/5719/4013 3158/5450/4013
f 3028/5649/4014 3043/5674/4014 3044/5402/4014 3029/5401/4014
f 2916/5642/3934 2915/5641/3934 2930/5671/4015 2931/5720/4015
f 3179/5466/4016 3178/5721/4016 3193/5473/4016 3194/5467/4016
f 3148/5647/4017 3163/5722/4017 3164/5443/4017 3149/5442/4017
f 2906/5553/3988 2921/5552/3968 2922/5676/3968 2907/5697/3988
f 3089/5700/4018 3104/5723/4018 3105/5724/4018 3090/5701/4018
f 3232/5629/4019 3241/5631/4020 3242/5517/4020 3233/5609/4019
f 3032/5565/4021 3047/5620/4021 3048/5623/4021 3033/5637/4021
f 2904/956/668 2919/958/670 2920/5551/3975 2905/5554/4022
f 2851/5725/4023 2850/5449/4023 2865/5572/4023 2866/5571/4023
f 3217/5726/4024 3216/5634/4024 3231/5630/3926 3232/5629/3926
f 3215/5632/4025 3214/5683/4025 3229/4088/4025 3230/5633/4025
f 3127/5727/4026 3142/5718/4012 3143/5451/4012 3128/5693/4026
f 2987/5577/4027 3002/5391/4027 3003/5409/4027 2988/5594/4027
f 2859/950/662 2860/5650/4028 2845/5559/3880 2844/948/660
f 2805/5728/4029 2820/4992/4029 2821/4995/4029 2806/5729/4029
f 2926/5730/4030 2925/5731/4030 2940/5385/4030 2941/5384/4030
f 2812/943/655 2811/5399/3794 2826/5392/3790 2827/945/657
f 3123/5495/4031 3138/5534/4031 3139/5537/4031 3124/5496/4031
f 2860/5650/3941 2875/5732/4032 2876/5603/4032 2861/5602/3941
f 2838/5531/4033 2837/5508/4033 2853/5558/4033 2854/5591/4033
f 3127/5727/4034 3126/5733/4034 3141/5734/4035 3142/5718/4035
f 2786/5440/4036 2787/5474/4036 2772/5489/4036 2771/5488/4036
f 2884/5543/4037 2899/5524/4037 2900/5547/4037 2885/5544/4037
f 2972/5578/4038 2987/5577/4038 2988/5594/4038 2973/5593/4038
f 2840/5530/3868 2856/5541/4039 2857/5735/4039 2841/5393/3868
f 3238/5522/4040 2763/4969/4040 2772/5489/4040 2773/5519/4040
f 2871/5614/4041 2870/5545/4041 2885/5544/3875 2886/5549/3875
f 2908/5503/4042 2907/5697/4042 2922/5676/4042 2923/5583/4042
f 3074/5626/4043 3073/5424/4043 3088/5423/4043 3089/5700/4043
f 3011/5486/3838 3026/5523/4044 3027/5678/4044 3012/5487/3838
f 2817/5202/4045 2832/5358/4045 2833/5361/4045 2818/5203/4045
f 2980/5566/4046 2995/5711/4047 2996/5485/4047 2981/5412/4046
f 3017/5390/4048 3032/5565/4048 3033/5637/4048 3018/5410/4048
f 2781/5518/3856 2796/5398/3793 2797/941/653 2782/939/651
f 3212/5736/4049 3211/5737/4049 3226/5738/4049 3227/5739/4049
f 2881/5687/4050 2896/5708/4050 2897/5640/4050 2882/5605/4050
f 3173/5740/4051 3174/991/703 3159/988/700 3158/5450/3818
f 2876/5603/4032 2875/5732/4032 2890/5741/4052 2891/5668/4052
f 3196/5685/4053 3195/5468/4053 3210/5376/4053 3211/5737/4053
f 3173/5740/4051 3188/5742/4054 3189/993/705 3174/991/703
f 3092/5743/4055 3107/5744/4055 3108/5494/4055 3093/5666/4055
f 3107/5744/4056 3122/5709/4056 3123/5495/4056 3108/5494/4056
f 2947/5569/3887 2948/961/673 2933/959/671 2932/5745/4057
f 2970/5713/4058 2969/5712/4058 2984/5660/4058 2985/5457/4058
f 2931/5720/4059 2946/5695/3986 2947/5569/3986 2932/5745/4059
f 2914/5527/4060 2913/5526/4060 2928/5675/4060 2929/5670/4060
f 2846/5651/4061 2861/5602/3906 2862/5416/3906 2847/5587/4061
f 2959/5746/4062 2960/5714/4062 2945/5747/4062 2944/5748/4062
f 3042/5679/4063 3057/5749/4063 3058/5625/4063 3043/5674/4063
f 2981/5412/3799 2996/5485/3837 2997/5420/3837 2982/5413/3799
f 3239/4087/4064 2777/5382/4064 2778/5371/4064 2767/5370/4064
f 2857/5735/4039 2856/5541/4039 2871/5614/3916 2872/5613/3916
f 2878/5418/4065 2893/5502/4065 2894/5505/4065 2879/5717/4065
f 3240/5373/3927 2779/5372/3902 2780/5596/3902 3241/5631/3927
f 2974/5592/4066 2989/5595/4066 2990/5673/4066 2975/5672/4066
f 2893/5502/4067 2892/5669/4067 2907/5697/4067 2908/5503/4067
f 3026/5523/4044 3041/5604/4068 3042/5679/4068 3027/5678/4044
f 3064/5707/4069 3063/5622/4069 3079/5689/4069 3080/5750/4069
f 3040/5510/3909 3041/5604/3909 3026/5523/3859 3025/5499/3859
f 3183/5514/4070 3198/5513/4070 3199/5682/4070 3184/5483/4070
f 3085/980/692 3100/982/694 3101/5751/4071 3086/5752/4072
f 3152/5437/4073 3151/5436/4073 3166/5753/4073 3167/5754/4073
f 3152/5755/4074 3167/5756/4074 3168/5757/4074 3153/5535/4074
f 3038/973/685 3037/5463/3948 3052/5653/3944 3053/975/687
f 3062/5621/4075 3078/5688/4075 3079/5689/4075 3063/5622/4075
f 2791/5431/4076 2806/5729/4076 2807/5758/4076 2792/5425/4076
f 2890/5741/4077 2889/954/666 2904/956/668 2905/5554/4022
f 2911/5759/4078 2910/5705/4078 2925/5731/4078 2926/5730/4078
f 3137/5710/4079 3152/5755/4079 3153/5535/4079 3138/5534/4079
f 2917/5659/4080 2918/957/669 2903/955/667 2902/5624/4081
f 2850/5449/4082 2849/5360/4082 2864/5716/4082 2865/5572/4082
f 3066/5427/3806 3067/5430/3806 3052/5653/4083 3051/5760/4083
f 2863/5415/4084 2878/5418/4084 2879/5717/4084 2864/5716/4084
f 2946/5695/4085 2945/5747/4085 2960/5714/4007 2961/5639/4007
f 2974/5592/4086 2975/5672/4086 2960/5714/4086 2959/5746/4086
f 3019/5411/4087 3034/5638/4087 3035/5590/4087 3020/5588/4087
f 3102/5761/4088 3117/5762/4089 3118/5763/4089 3103/5764/4088
f 3034/5638/4090 3033/5637/4090 3048/5623/4090 3049/5643/4090
f 3101/5751/4091 3102/5761/4091 3087/5422/4092 3086/5752/4092
f 3119/5765/4093 3134/5538/4093 3135/5539/4093 3120/5766/4093
f 2931/5720/4015 2930/5671/4015 2945/5747/4085 2946/5695/4085
f 3110/5599/4094 3125/5767/4094 3126/5733/4094 3111/5600/4094
f 3104/5723/4095 3103/5764/4095 3118/5763/4095 3119/5765/4095
f 3056/5354/4096 3072/5357/3803 3073/5424/3803 3057/5749/4096
f 3049/5643/4097 3048/5623/4097 3063/5622/4097 3064/5707/4097
f 2921/5552/3877 2920/5551/3877 2935/5686/4005 2936/5680/4005
f 3015/5612/4098 3014/5611/4098 3029/5401/4098 3030/5400/4098
f 3203/5768/4099 3204/995/707 3189/993/705 3188/5742/4054
f 2956/5387/4100 2955/5386/4100 2970/5713/4100 2971/5769/4100
f 2820/5455/4101 2819/5454/4101 2834/5448/4101 2835/5770/4101
f 3083/5429/4102 3084/979/691 3068/977/689 3067/5430/3943
f 3060/5654/4103 3059/5628/4103 3075/5627/4103 3076/5395/4103
f 3172/5362/4104 3173/5740/4104 3158/5450/4013 3157/5719/4013
f 3190/994/706 3205/996/708 3206/5481/4105 3191/5480/4106
f 3167/5756/4107 3182/5511/4107 3183/5514/4107 3168/5757/4107
f 3182/5771/4108 3181/5684/4108 3196/5685/4108 3197/5772/4108
f 3084/979/691 3083/5429/4102 3098/5568/4109 3099/981/693
f 3166/5753/4110 3165/5444/4110 3180/5469/4110 3181/5684/4110
f 2811/5399/4111 2810/5636/4111 2825/5528/3869 2826/5392/3869
f 2787/5474/4112 2788/5461/4112 2773/5519/4112 2772/5489/4112
f 3082/5428/3866 3081/5533/3866 3096/5601/4113 3097/5567/4113
f 3064/5707/4114 3080/5750/4114 3081/5533/4114 3065/5532/4114
f 3080/5750/4115 3095/5598/4115 3096/5601/4115 3081/5533/4115
f 2809/5493/3930 2810/5636/3930 2795/5597/3903 2794/5546/3903
f 3080/5750/4116 3079/5689/4116 3094/5667/4116 3095/5598/4116
f 2795/5597/3971 2810/5636/4111 2811/5399/4111 2796/5398/3971
f 2942/5563/4117 2957/5562/4117 2958/5773/4117 2943/5774/4117
f 3051/5760/4118 3050/5644/4118 3065/5532/3865 3066/5427/3865
f 2989/5595/4119 3004/5408/4119 3005/5589/4119 2990/5673/4119
f 3140/5550/4120 3155/5475/4120 3156/5477/4120 3141/5734/4120
f 3087/5422/3804 3102/5761/4088 3103/5764/4088 3088/5423/3804
f 3125/5767/4121 3124/5496/4121 3139/5537/4121 3140/5550/4121
f 2996/5485/4047 2995/5711/4047 3010/5498/3858 3011/5486/3858
f 3211/5737/4122 3210/5376/4122 3225/5375/4122 3226/5738/4122
f 3130/986/698 3145/989/701 3146/5665/3955 3131/5478/3831
f 2926/5657/4123 2941/5560/4123 2942/5563/4123 2927/5658/4123
f 2776/5381/4124 2775/5692/4124 2790/5775/4124 2791/5431/4124
f 3113/5703/4125 3114/983/695 3099/981/693 3098/5568/4109
f 3091/5396/4126 3090/5701/4126 3105/5724/4126 3106/5661/4126
f 3071/5356/3773 3086/5752/4092 3087/5422/4092 3072/5357/3773
f 2793/5426/4127 2792/5425/4127 2807/5758/4127 2808/5490/4127
f 3122/5776/4128 3121/5777/4128 3136/5435/4128 3137/5434/4128
f 3077/5778/4129 3092/5743/4129 3093/5666/4129 3078/5688/4129
f 3114/983/695 3113/5703/4125 3128/5693/3984 3129/985/697
f 3106/5661/4130 3105/5724/4130 3120/5766/4130 3121/5777/4130
f 3112/5702/3993 3127/5727/4026 3128/5693/4026 3113/5703/3993
f 2884/5543/4131 2883/5606/4131 2898/5525/4131 2899/5524/4131
f 3112/5702/4132 3111/5600/4132 3126/5733/4034 3127/5727/4034
f 3058/5625/4133 3057/5749/4133 3073/5424/4133 3074/5626/4133
f 3089/5700/4134 3088/5423/4134 3103/5764/4134 3104/5723/4134
f 3041/5604/4068 3056/5354/4096 3057/5749/4096 3042/5679/4068
f 2959/5746/4135 2958/5773/4135 2973/5593/4135 2974/5592/4135
f 3177/5582/3894 3176/5581/3894 3191/5480/3834 3192/5470/3834
f 2806/5729/4136 2821/4995/4136 2822/5509/4136 2807/5758/4136
f 2798/942/654 2813/944/656 2814/5433/3810 2799/5447/3978
f 3133/5648/4137 3134/5538/4137 3119/5765/4137 3118/5763/4137
f 2899/5524/4138 2914/5527/4138 2915/5641/4138 2900/5547/4138
f 2991/5407/3962 2990/5673/3962 3005/5589/3998 3006/5404/3998
f 2968/5698/4139 2983/5419/4139 2984/5660/4139 2969/5712/4139
f 3037/5463/3824 3036/5462/3824 3051/5760/4083 3052/5653/4083
f 2804/5453/4140 2803/5204/4140 2818/5203/4140 2819/5454/4140
f 2872/5613/3922 2873/951/663 2858/949/661 2857/5735/4141
f 3016/5617/4142 3015/5612/4142 3030/5400/4142 3031/5500/4142
f 2835/4993/4143 2851/5618/4143 2852/5555/4143 2836/4994/4143
f 3175/992/704 3176/5581/4144 3161/5580/3954 3160/990/702
f 3121/5777/4145 3120/5766/4145 3135/5539/4145 3136/5435/4145
f 3147/5646/4146 3146/5665/4146 3161/5580/3893 3162/5579/3893
f 2848/5359/4147 2863/5415/4147 2864/5716/4147 2849/5360/4147
f 2830/5367/3778 2846/5651/4061 2847/5587/4061 2831/5368/3778
f 3107/5662/4148 3106/5661/4148 3121/5777/4148 3122/5776/4148
f 3220/998/710 3221/3965/3911 3206/5481/4105 3205/996/708
f 2957/5562/4149 2972/5578/4149 2973/5593/4149 2958/5773/4149
f 2965/5378/3784 2980/5566/4046 2981/5412/4046 2966/5379/3784
f 3194/5467/4150 3209/5374/4150 3210/5376/4150 3195/5468/4150
f 3142/5718/4035 3141/5734/4035 3156/5477/4151 3157/5719/4151
f 3134/5538/4152 3133/5648/4152 3148/5647/4152 3149/5442/4152
f 2952/5699/4153 2953/5696/4153 2938/5584/4153 2937/5677/4153
f 2951/5380/3991 2966/5379/3800 2967/5414/3800 2952/5699/3991
f 3110/5599/4154 3109/5497/4154 3124/5496/4154 3125/5767/4154
f 2916/5642/3950 2931/5720/4059 2932/5745/4059 2917/5659/3950
f 3045/5403/4155 3044/5402/4155 3059/5628/4155 3060/5654/4155
f 2902/5624/4081 2903/955/667 2888/953/665 2887/5615/3921
f 3167/5754/4156 3166/5753/4156 3181/5684/4156 3182/5771/4156
f 3147/5646/3938 3162/5579/4157 3163/5722/4157 3148/5647/3938
f 3095/5598/4158 3094/5667/4158 3109/5497/4158 3110/5599/4158
f 3117/5762/4159 3116/5479/4159 3131/5478/4160 3132/5645/4160
f 2910/5705/4161 2909/5504/4161 2924/5586/4161 2925/5731/4161
f 3022/5464/3947 3023/971/683 3008/969/681 3007/5405/4162
f 3227/5739/4163 3226/5738/4163 2764/5521/4163 2765/5779/4163
f 3227/5715/4164 2765/5691/4164 2766/4086/4164 3228/4085/4164
f 2932/5745/4057 2933/959/671 2918/957/669 2917/5659/4080
f 3151/5436/4165 3150/5445/4165 3165/5444/4165 3166/5753/4165
f 3070/978/690 3085/980/692 3086/5752/4072 3071/5356/4166
f 3185/5484/4167 3184/5483/4167 3199/5682/4167 3200/5681/4167
f 3187/5365/3776 3186/5364/3776 3201/5780/4168 3202/5781/4168
f 3185/5484/4169 3200/5681/4169 3201/5780/4169 3186/5364/4169
f 3140/5550/4170 3141/5734/4170 3126/5733/4170 3125/5767/4170
f 2857/5735/4141 2858/949/661 2842/947/659 2841/5393/3791
f 2925/5731/4171 2924/5586/4171 2939/5585/4171 2940/5385/4171
f 3172/5362/4104 3187/5365/4172 3188/5742/4172 3173/5740/4104
f 2944/5748/4173 2943/5774/4173 2958/5773/4173 2959/5746/4173
f 3097/5567/4113 3096/5601/4113 3111/5600/4132 3112/5702/4132
f 3164/5443/4174 3163/5722/4174 3178/5721/4174 3179/5466/4174
f 3200/5681/4175 3215/5632/4175 3216/5634/4175 3201/5780/4175
f 3162/5579/4157 3177/5582/4176 3178/5721/4176 3163/5722/4157
f 2808/5490/4177 2807/5758/4177 2822/5509/4177 2823/5491/4177
f 3102/5761/4091 3101/5751/4091 3116/5479/4159 3117/5762/4159
f 3076/5395/4178 3075/5627/4178 3090/5701/4178 3091/5396/4178
f 2993/967/679 2992/5406/4010 3007/5405/4162 3008/969/681
f 2764/5521/4179 2774/5520/4179 2775/5608/4179 2765/5779/4179
f 2835/5770/4180 2834/5448/4180 2850/5449/4180 2851/5725/4180
f 3155/5475/4181 3154/5536/4181 3169/5482/4181 3170/5476/4181
f 2762/3967/2604 3236/3966/2604 2769/5383/3980 2770/5690/3980
f 2927/5658/4182 2942/5563/4182 2943/5774/4182 2928/5675/4182
f 3190/5782/706 3191/5783/4106 3176/5784/4144 3175/5785/704
f 3061/5655/4183 3060/5654/4183 3076/5395/4183 3077/5394/4183
f 3197/5772/4184 3196/5685/4184 3211/5737/4184 3212/5736/4184
f 556/2437/3698 1175/3396/3697 536/3399/4185 184/2438/4185
f 3168/5757/4186 3183/5514/4186 3184/5483/4186 3169/5482/4186
f 3187/5365/4172 3202/5781/4187 3203/5768/4187 3188/5742/4172
f 2929/5670/4188 2928/5675/4188 2943/5774/4188 2944/5748/4188
f 3157/5719/4151 3156/5477/4151 3171/5363/3775 3172/5362/3775
f 2832/5358/4189 2831/5368/4189 2847/5587/4189 2848/5359/4189
f 2968/5698/4190 2967/5414/4190 2982/5413/4190 2983/5419/4190
f 2770/5690/3982 2785/5441/3813 2786/5440/3813 2771/5488/3982
f 2774/5520/4191 2773/5519/4191 2788/5461/4191 2789/5460/4191
f 3202/5781/4187 3217/5726/4192 3218/5616/4192 3203/5768/4187
f 2787/5474/4193 2802/5201/4193 2803/5204/4193 2788/5461/4193
f 3202/5781/4168 3201/5780/4168 3216/5634/4024 3217/5726/4024
f 3194/5467/4194 3193/5473/4194 3208/5472/4194 3209/5374/4194
f 2801/5439/4195 2816/5369/4195 2817/5202/4195 2802/5201/4195
f 3036/5462/3899 3035/5590/3899 3050/5644/4118 3051/5760/4118
f 2823/5491/4196 2822/5509/4196 2837/5508/4196 2838/5531/4196
f 2845/5559/3940 2846/5651/3940 2830/5367/3964 2829/5432/3964
f 3198/5513/4197 3213/5516/4197 3214/5683/4197 3199/5682/4197
f 3009/970/682 3010/5498/3844 2995/5711/4003 2994/968/680
f 2956/5561/4198 2971/5575/4198 2972/5578/4198 2957/5562/4198
f 3061/5664/4199 3077/5778/4199 3078/5688/4199 3062/5621/4199
f 3218/5616/3918 3219/997/709 3204/995/707 3203/5768/4099
f 2891/5668/4052 2890/5741/4052 2905/5554/3878 2906/5553/3878
f 3213/5516/4200 3228/4085/4200 3229/4088/4200 3214/5683/4200
f 2889/954/666 2890/5741/4077 2875/5732/4201 2874/952/664
f 2971/5769/4202 2970/5713/4202 2985/5457/4202 2986/5456/4202
f 2896/5706/4203 2895/5704/4203 2910/5705/4203 2911/5759/4203
f 2859/950/662 2874/952/664 2875/5732/4201 2860/5650/4028
f 2880/5573/4204 2879/5717/4204 2894/5505/4204 2895/5704/4204
f 3217/5726/4192 3232/5629/4019 3233/5609/4019 3218/5616/4192
f 3104/5723/4205 3119/5765/4205 3120/5766/4205 3105/5724/4205
f 2856/5541/3871 2855/5540/3871 2870/5545/4041 2871/5614/4041
f 3209/5374/4206 3208/5472/4206 3223/4967/4206 3224/4966/4206
f 2878/5418/4207 2877/5417/4207 2892/5669/4207 2893/5502/4207
f 3177/5582/4176 3192/5470/3827 3193/5473/3827 3178/5721/4176
f 2998/5421/4208 3013/5635/4208 3014/5611/4208 2999/5610/4208
f 3241/5631/4020 2780/5596/3972 2781/5518/3972 3242/5517/4020
f 3225/5375/4209 3224/4966/4209 2763/4969/4209 3238/5522/4209
f 1068/3868/2712 829/3867/4210 325/4233/4210 825/4232/2713
f 2944/5748/4211 2945/5747/4211 2930/5671/4211 2929/5670/4211
f 3230/5633/4212 2767/5370/4212 3240/5373/4212 3231/5630/4212
f 3117/5762/4089 3132/5645/3937 3133/5648/3937 3118/5763/4089
f 252/3353/4213 854/3352/3647 1057/57/45 499/56/44
f 3132/5645/4160 3131/5478/4160 3146/5665/4146 3147/5646/4146
f 3153/5535/4214 3168/5757/4214 3169/5482/4214 3154/5536/4214
f 3054/976/688 3070/978/690 3071/5356/4166 3055/5355/3851
f 2789/5460/4215 2804/5453/4215 2805/5452/4215 2790/5607/4215
f 2805/5728/4216 2806/5729/4216 2791/5431/4216 2790/5775/4216
f 3100/982/694 3115/984/696 3116/5479/3832 3101/5751/4071
f 3226/5738/4217 3225/5375/4217 3238/5522/4217 2764/5521/4217
f 351/2589/4218 876/4920/4218 1220/4919/4218 612/2590/4218
f 1106/4330/4219 741/4333/4219 276/5045/4219 736/5044/4219
f 1283/5256/846 1552/1310/846 1957/1832/846 1948/1831/846
f 1038/4927/4220 894/4926/4220 361/5786/4220 889/5787/4220
f 1630/193/112 1573/195/112 1585/5788/112 1320/5024/112
f 445/5119/3524 234/4162/4221 980/4165/3614 1001/5120/3525
f 609/4296/4222 1038/4295/4222 889/4103/4222 225/4102/4222
f 3248/3666/4223 3256/4434/4223 3254/1001/4223 3250/1000/4223
f 1222/3058/4224 851/5789/4224 155/5790/4224 606/3059/4224
f 759/3600/4225 284/5791/4225 752/5792/4225 1233/3601/4225
f 1970/1883/853 1560/1336/853 1940/1335/853 1502/4822/853
f 107/5793/4226 432/5794/4226 1018/1860/4226 582/1859/4226
f 3246/1665/986 3244/5795/986 3257/5796/986 3259/1666/986
f 3253/1003/4223 3251/3665/4223 3248/3666/4223 3250/1000/4223
f 1856/5250/3671 2135/4614/3139 1880/3846/3138 1474/4454/4227
f 244/4724/4228 782/4723/1753 1089/3506/1755 475/3505/2267
f 763/3157/4229 291/3156/4229 766/5177/4229 1096/5176/4229
f 201/4409/4230 1243/4411/4230 950/1012/4230 585/1011/4230
f 1460/2561/4231 1870/2560/3355 2002/4691/3213 1715/4690/3212
f 962/4405/4232 1007/1217/4232 402/1216/4232 963/4406/4232
f 363/5797/4233 900/3301/2121 1153/3304/2011 418/5798/2010
f 259/5799/4234 707/5800/4234 1238/5157/4234 714/5156/4234
f 4/1631/862 3/1630/862 1/5801/862 2/5802/862
