# Blender 4.0.0
# www.blender.org
mtllib carroazul.mtl
o CarroAzul
v -3.753663 -2.151136 7.278147
v -3.753663 -2.111779 7.131262
v -3.753663 -2.160740 7.411911
v -3.753663 -1.994649 7.320076
v -3.753663 -2.268266 7.225668
v -3.753663 -2.239455 7.118143
v -3.753663 -2.239455 7.333193
v -3.702553 -2.446124 7.225668
v -3.702553 -2.393485 7.029215
v -3.702553 -2.393484 7.422125
v -3.658271 -2.642053 7.225668
v -3.516871 -2.854823 7.225668
v -3.658271 -2.563164 6.931252
v -3.658271 -2.563164 7.520090
v -3.516871 -2.747427 7.626472
v -3.658271 -2.347634 7.735619
v -3.516871 -2.454018 7.919884
v -3.702553 -2.249669 7.565941
v -3.658271 -2.053214 7.814507
v -3.658271 -1.758794 7.735619
v -3.516871 -2.053214 8.027277
v -3.702553 -2.053214 7.618582
v -3.753663 -2.053214 7.440722
v -3.702553 -1.856759 7.565941
v -3.753663 -1.945688 7.411911
v -3.702553 -1.712944 7.422125
v -3.753663 -1.866974 7.333193
v -3.658271 -1.543265 7.520090
v -3.702553 -1.660304 7.225668
v -3.702553 -1.712944 7.029215
v -3.753663 -1.838162 7.225668
v -3.658271 -1.464375 7.225668
v -3.516871 -1.251605 7.225668
v -3.658271 -1.543264 6.931250
v -3.516871 -1.359001 6.824863
v -3.658271 -1.758794 6.715721
v -3.702553 -1.856759 6.885401
v -3.516871 -1.652409 6.531456
v -3.658271 -2.053214 6.636829
v -3.702553 -2.053214 6.832762
v -3.516871 -2.053214 6.424063
v -3.658271 -2.347635 6.715721
v -3.516871 -2.454019 6.531456
v -3.702553 -2.249670 6.885401
v -3.753663 -2.160740 7.039429
v -3.753663 -2.053214 7.010618
v -3.753663 -1.945688 7.039429
v -3.753663 -1.866974 7.118143
v -3.753663 -1.955292 7.173193
v -3.516871 -2.747428 6.824863
v -3.516871 -2.494298 6.461691
v -3.737293 -2.494298 6.461691
v -3.516871 -2.053214 6.343506
v -3.516871 -2.817193 6.784588
v -3.737293 -2.817193 6.784588
v -3.516871 -2.935380 7.225668
v -3.737293 -2.935380 7.225668
v -3.516871 -2.817192 7.666754
v -3.737293 -2.817192 7.666754
v -3.516871 -2.494297 7.989649
v -3.737293 -2.494297 7.989649
v -3.516871 -2.053214 8.107834
v -3.737293 -2.053214 8.107834
v -3.516871 -1.612131 7.989649
v -3.516871 -1.652409 7.919884
v -3.737293 -1.612131 7.989649
v -3.516871 -1.289237 7.666754
v -3.516871 -1.359001 7.626472
v -3.737293 -1.289237 7.666754
v -3.516871 -1.171048 7.225668
v -3.737293 -1.171048 7.225668
v -3.516871 -1.289236 6.784588
v -3.737293 -1.289236 6.784588
v -3.516871 -1.612131 6.461691
v -3.737293 -1.612131 6.461691
v -3.737293 -1.570832 6.390160
v -3.737293 -2.053214 6.343506
v -3.737293 -2.053214 6.260904
v -3.867548 -2.053214 6.111811
v -3.737293 -2.535598 6.390160
v -3.867548 -2.610145 6.261036
v -3.737293 -2.888725 6.743290
v -3.867548 -3.017846 6.668739
v -3.737293 -3.017979 7.225668
v -3.867548 -3.167074 7.225668
v -3.737293 -2.888724 7.708054
v -3.867548 -3.017845 7.782600
v -3.737293 -2.535596 8.061180
v -3.867548 -2.610144 8.190300
v -3.737293 -2.053214 8.190434
v -3.867548 -2.053214 8.339529
v -3.737293 -1.570832 8.061180
v -3.867548 -1.496284 8.190300
v -3.737293 -1.217704 7.708054
v -3.867548 -1.088583 7.782600
v -3.737293 -1.088450 7.225668
v -3.867548 -0.939354 7.225668
v -3.737293 -1.217704 6.743290
v -3.867548 -1.088583 6.668739
v -3.887158 -0.817726 6.512360
v -3.867548 -1.496284 6.261036
v -3.887157 -1.339905 5.990183
v -3.887157 -2.053214 5.799049
v -3.720856 -1.248051 5.831089
v -3.305621 -1.248051 5.831089
v -3.720856 -0.658631 6.420507
v -3.720855 -2.053214 5.615345
v -3.305620 -2.053214 5.615345
v -3.720855 -2.858378 5.831089
v -3.305620 -2.858378 5.831089
v -3.887157 -2.766525 5.990183
v -3.720855 -3.447797 6.420507
v -3.305620 -3.447797 6.420507
v -3.720855 -3.663540 7.225672
v -3.887157 -3.288702 6.512363
v -3.887157 -3.479833 7.225672
v -3.887157 -3.288702 7.938980
v -3.720855 -3.447796 8.030832
v -3.887157 -2.766523 8.461157
v -3.887157 -2.053214 8.652287
v -3.720855 -2.858377 8.620253
v -3.305620 -2.858377 8.620253
v -3.720855 -2.053214 8.835995
v -3.305620 -2.053214 8.835995
v -3.720855 -1.248051 8.620253
v -3.305620 -1.248051 8.620253
v -3.887157 -1.339905 8.461157
v -3.720855 -0.658632 8.030832
v -3.305620 -0.658632 8.030832
v -3.887157 -0.817727 7.938980
v -3.720856 -0.442889 7.225668
v -3.305621 -0.442889 7.225668
v -3.887157 -0.626596 7.225668
v -2.890384 -0.442889 7.225668
v -3.305621 -0.658631 6.420507
v -2.890384 -0.658631 6.420507
v -2.718987 -0.817957 6.512493
v -2.890384 -1.248051 5.831089
v -2.890383 -2.053214 5.615345
v -2.718987 -1.340038 5.990412
v -2.729899 -1.496284 6.261036
v -2.718987 -2.053214 5.799316
v -2.729899 -2.053214 6.111811
v -2.718987 -2.766391 5.990412
v -2.729899 -2.610145 6.261036
v -2.890383 -2.858378 5.831089
v -2.718987 -3.288472 6.512493
v -2.729899 -3.017846 6.668739
v -2.718987 -3.479567 7.225672
v -2.890383 -3.447797 6.420507
v -2.890383 -3.663540 7.225672
v -3.305620 -3.663540 7.225672
v -2.890383 -3.447796 8.030832
v -3.305620 -3.447796 8.030832
v -2.890383 -2.858377 8.620253
v -2.718987 -3.288471 7.938847
v -2.729899 -3.017845 7.782600
v -2.718987 -2.766390 8.460926
v -2.729899 -2.610144 8.190300
v -2.718987 -2.053214 8.652023
v -2.729899 -2.053214 8.339529
v -2.718987 -1.340038 8.460926
v -2.890383 -2.053214 8.835995
v -2.890383 -1.248051 8.620253
v -2.890383 -0.658632 8.030832
v -2.718987 -0.817957 7.938847
v -2.729899 -1.088583 7.782600
v -2.718987 -0.626862 7.225668
v -2.729899 -0.939354 7.225668
v -2.892446 -0.939354 7.225668
v -2.729899 -1.088583 6.668739
v -2.892446 -1.088583 6.668739
v -2.892446 -1.496284 6.261036
v -2.892446 -2.053214 6.111811
v -2.892446 -2.610145 6.261036
v -2.892446 -3.017846 6.668739
v -2.892446 -3.167074 7.225668
v -2.729899 -3.167074 7.225668
v -2.892446 -3.017845 7.782600
v -2.892446 -2.610144 8.190300
v -2.892446 -2.053214 8.339529
v -2.892446 -1.496284 8.190300
v -2.892446 -1.088583 7.782600
v -2.729899 -1.496284 8.190300
v -3.089375 -1.804333 7.101437
v -2.069061 -1.804333 7.101437
v -3.089375 -1.804333 7.350245
v -3.089375 -1.932107 6.973663
v -3.089375 -2.180918 6.973663
v -2.069061 -1.932107 6.973663
v -2.069061 -2.180918 6.973663
v -2.069061 -2.308692 7.101437
v -2.069061 -2.308691 7.350245
v -3.089375 -2.308692 7.101437
v -3.089375 -2.308691 7.350245
v -3.089375 -2.180918 7.478022
v -2.069061 -2.180918 7.478022
v -3.089375 -1.932107 7.478022
v -2.069061 -1.932107 7.478022
v -2.069061 -1.804333 7.350245
v -2.069061 -2.308692 -5.618034
v -2.069061 -2.180918 -5.490261
v -3.089375 -2.308692 -5.618034
v -2.069061 -2.308692 -5.866844
v -3.089375 -2.308692 -5.866844
v -2.069061 -2.180918 -5.994617
v -3.089375 -2.180918 -5.994617
v -2.069061 -1.932107 -5.994617
v -2.069061 -1.804334 -5.866844
v -3.089375 -1.932107 -5.994617
v -3.089375 -1.804334 -5.866844
v -3.089375 -1.804334 -5.618034
v -3.089375 -1.932107 -5.490261
v -2.069061 -1.804334 -5.618034
v -2.069061 -1.932107 -5.490261
v -3.089375 -2.180918 -5.490261
v -3.305619 -2.053214 -4.132282
v -3.305619 -1.248052 -4.348026
v -3.305619 -2.858377 -4.348026
v -3.720855 -2.053214 -4.132282
v -2.890384 -2.053214 -4.132282
v -2.718987 -2.053214 -4.316257
v -2.890384 -1.248052 -4.348026
v -2.890384 -2.858377 -4.348026
v -2.718987 -2.766391 -4.507355
v -2.890384 -3.447797 -4.937447
v -2.718987 -3.288472 -5.029434
v -2.890384 -3.663540 -5.742611
v -3.305619 -3.447797 -4.937447
v -3.305619 -3.663540 -5.742611
v -3.720855 -3.447797 -4.937447
v -3.887156 -3.288702 -5.029301
v -3.720855 -2.858377 -4.348026
v -3.720855 -3.663540 -5.742611
v -3.887156 -3.479834 -5.742611
v -3.720855 -3.447798 -6.547768
v -3.887156 -3.288703 -6.455917
v -3.720855 -2.858378 -7.137192
v -3.305619 -3.447798 -6.547768
v -3.305619 -2.858378 -7.137192
v -2.890384 -3.447798 -6.547768
v -2.718987 -3.288473 -6.455788
v -2.890384 -2.858378 -7.137192
v -2.718987 -2.766392 -6.977867
v -2.890384 -2.053215 -7.352936
v -2.890384 -1.248052 -7.137192
v -2.718987 -2.053215 -7.168961
v -3.305619 -2.053215 -7.352936
v -3.305619 -1.248052 -7.137192
v -3.720855 -2.053215 -7.352936
v -3.887156 -2.053215 -7.169228
v -3.720855 -1.248052 -7.137192
v -3.887156 -1.339905 -6.978100
v -3.720855 -0.658632 -6.547771
v -3.887156 -0.817727 -6.455917
v -3.720855 -0.442889 -5.742611
v -3.305619 -0.658632 -6.547771
v -3.305619 -0.442889 -5.742611
v -2.890384 -0.658632 -6.547771
v -2.718987 -0.817958 -6.455788
v -2.890384 -0.442889 -5.742611
v -2.718987 -0.626863 -5.742611
v -2.890384 -0.658632 -4.937447
v -2.718987 -0.817958 -5.029434
v -3.305619 -0.658632 -4.937447
v -3.720855 -0.658632 -4.937447
v -3.887156 -0.817727 -5.029301
v -3.720855 -1.248052 -4.348026
v -3.887156 -1.339905 -4.507122
v -3.887156 -2.053214 -4.315990
v -3.867548 -1.496284 -4.777981
v -3.867548 -1.088584 -5.185680
v -3.867548 -2.053214 -4.628750
v -3.737294 -1.570832 -4.907101
v -3.737294 -1.217705 -5.260227
v -3.737294 -2.053214 -4.777843
v -3.737294 -1.612131 -4.978630
v -3.737294 -1.289237 -5.301525
v -3.737294 -2.053214 -4.860443
v -3.516872 -1.612131 -4.978630
v -3.516872 -1.289237 -5.301525
v -3.516872 -2.053214 -4.860443
v -3.516872 -1.652410 -5.048393
v -3.516872 -1.359001 -5.341805
v -3.516872 -2.053214 -4.941002
v -3.658271 -1.758795 -5.232658
v -3.658271 -1.543265 -5.448193
v -3.658271 -2.053214 -5.153770
v -3.702552 -1.856759 -5.402340
v -3.702552 -1.712945 -5.546154
v -3.702552 -2.053214 -5.349701
v -3.753662 -1.945689 -5.556366
v -3.753662 -1.866974 -5.635082
v -3.753662 -2.053214 -5.527557
v -3.753662 -2.160741 -5.556366
v -3.753662 -1.994650 -5.648205
v -3.753662 -1.955292 -5.795086
v -3.753662 -2.151137 -5.690136
v -3.753662 -2.111780 -5.837017
v -3.753662 -2.268266 -5.742611
v -3.753662 -2.239455 -5.635082
v -3.753662 -2.239455 -5.850136
v -3.702552 -2.446125 -5.742611
v -3.702552 -2.393485 -5.546154
v -3.702552 -2.393485 -5.939064
v -3.658271 -2.642054 -5.742611
v -3.658271 -2.563164 -5.448193
v -3.658271 -2.563165 -6.037029
v -3.516872 -2.854824 -5.742611
v -3.516872 -2.747428 -5.341805
v -3.516872 -2.747428 -6.143414
v -3.516872 -2.935380 -5.742611
v -3.516872 -2.817193 -5.301525
v -3.516872 -2.817193 -6.183689
v -3.737294 -2.935380 -5.742611
v -3.737294 -2.817193 -5.301525
v -3.737294 -2.817193 -6.183689
v -3.737294 -3.017979 -5.742611
v -3.737294 -2.888725 -5.260227
v -3.737294 -2.888726 -6.224991
v -3.867548 -3.167075 -5.742611
v -3.867548 -3.017846 -5.185680
v -3.867548 -3.017846 -6.299538
v -3.867548 -2.610146 -6.707241
v -3.867548 -2.053215 -6.856468
v -3.887156 -2.766525 -6.978100
v -3.737294 -2.535598 -6.578121
v -3.737294 -2.053215 -6.707375
v -3.737294 -2.494298 -6.506588
v -3.737294 -2.053215 -6.624775
v -3.516872 -2.494298 -6.506588
v -3.516872 -2.053215 -6.624775
v -3.516872 -2.454020 -6.436825
v -3.516872 -2.053215 -6.544216
v -3.658271 -2.347635 -6.252560
v -3.658271 -2.053215 -6.331448
v -3.702552 -2.249670 -6.082882
v -3.702552 -2.053215 -6.135521
v -3.753662 -2.160741 -5.928852
v -3.753662 -2.053215 -5.957661
v -3.753662 -1.945689 -5.928852
v -3.753662 -1.866974 -5.850136
v -3.702552 -1.856759 -6.082882
v -3.702552 -1.712944 -5.939064
v -3.658271 -1.758795 -6.252560
v -3.658271 -1.543265 -6.037029
v -3.516872 -1.652410 -6.436825
v -3.516872 -1.359001 -6.143414
v -3.516872 -1.612131 -6.506588
v -3.516872 -1.289237 -6.183689
v -3.737294 -1.612131 -6.506588
v -3.737294 -1.289237 -6.183689
v -3.737294 -1.570832 -6.578121
v -3.737294 -1.217705 -6.224991
v -3.867548 -1.496285 -6.707241
v -3.867548 -1.088584 -6.299538
v -3.867548 -0.939354 -5.742611
v -3.887156 -0.626597 -5.742611
v -3.737294 -1.088450 -5.742611
v -3.737294 -1.171049 -5.742611
v -3.516872 -1.171049 -5.742611
v -3.516872 -1.251606 -5.742611
v -3.658271 -1.464375 -5.742611
v -3.702552 -1.660304 -5.742611
v -3.753662 -1.838163 -5.742611
v -3.867548 -2.610145 -4.777981
v -3.887156 -2.766524 -4.507122
v -3.737294 -2.535597 -4.907101
v -3.737294 -2.494298 -4.978630
v -3.516872 -2.494298 -4.978630
v -3.516872 -2.454019 -5.048393
v -3.658271 -2.347634 -5.232658
v -3.702552 -2.249670 -5.402340
v -2.718987 -1.340039 -4.507355
v -2.729898 -1.088584 -5.185680
v -2.729898 -0.939354 -5.742611
v -2.729898 -1.496284 -4.777981
v -2.892446 -1.088584 -5.185680
v -2.892446 -0.939354 -5.742611
v -2.892446 -1.496284 -4.777981
v -2.892446 -2.053214 -4.628750
v -2.892446 -2.610145 -4.777981
v -2.729898 -2.053214 -4.628750
v -2.729898 -2.610145 -4.777981
v -2.729898 -3.017846 -5.185680
v -2.729898 -3.167075 -5.742611
v -2.892446 -3.017846 -5.185680
v -2.892446 -3.167075 -5.742611
v -2.892446 -3.017846 -6.299538
v -2.892446 -2.610146 -6.707241
v -2.729898 -3.017846 -6.299538
v -2.729898 -2.610146 -6.707241
v -2.729898 -2.053215 -6.856468
v -2.729898 -1.496285 -6.707241
v -2.892446 -2.053215 -6.856468
v -2.892446 -1.496285 -6.707241
v -2.892446 -1.088584 -6.299538
v -2.729898 -1.088584 -6.299538
v -2.718987 -1.340039 -6.977867
v -2.718987 -3.479567 -5.742611
v -4.356380 0.621538 -3.959541
v -4.313815 0.894992 -3.839264
v -4.398945 0.348089 -3.839264
v -4.356380 0.621539 -3.850502
v -4.277075 0.613409 -3.956284
v -4.234850 0.884695 -3.836960
v -4.319303 0.342129 -3.836960
v -4.323442 0.315543 -3.548885
v -4.319303 0.342129 -3.260807
v -4.403115 0.321290 -3.548882
v -4.398945 0.348089 -3.258503
v -4.390707 0.401013 -3.548885
v -4.387642 0.420696 -3.335609
v -4.387642 0.420696 -3.762161
v -4.339590 0.451060 -3.548885
v -4.337313 0.465689 -3.390377
v -4.337313 0.465689 -3.707390
v -4.314080 0.614954 -3.548885
v -4.288568 0.778851 -3.548885
v -4.314080 0.614954 -3.773048
v -4.314080 0.614954 -3.324722
v -4.290845 0.764222 -3.390377
v -4.356380 0.621539 -3.247269
v -4.325117 0.822384 -3.335609
v -4.356380 0.621538 -3.138226
v -4.313815 0.894992 -3.258503
v -4.277075 0.613409 -3.141487
v -4.234850 0.884695 -3.260807
v -4.230710 0.911282 -3.548885
v -4.309643 0.921791 -3.548885
v -4.322053 0.842067 -3.548885
v -4.325117 0.822384 -3.762161
v -4.290845 0.764222 -3.707390
v -4.356380 0.621542 -3.307438
v -4.349591 0.665155 -3.288250
v -4.363168 0.577929 -3.288250
v -4.405808 0.629236 -3.338661
v -4.410070 0.629900 -3.559174
v -4.428564 0.588109 -3.328327
v -4.414988 0.675334 -3.328327
v -4.422235 0.676463 -3.559174
v -4.450724 0.699399 -3.303368
v -4.465184 0.701650 -3.559174
v -4.346778 0.683219 -3.241940
v -4.492083 0.687334 -3.278408
v -4.513760 0.690709 -3.559174
v -4.349591 0.665155 -3.195625
v -4.514839 0.646207 -3.268070
v -4.539502 0.650046 -3.559174
v -4.356380 0.621542 -3.176445
v -4.505661 0.600110 -3.278408
v -4.527336 0.603484 -3.559174
v -4.363168 0.577929 -3.195625
v -4.469924 0.576045 -3.303368
v -4.484386 0.578296 -3.559174
v -4.365979 0.559865 -3.241940
v -4.435813 0.589237 -3.559174
v -4.469304 0.575948 -3.807888
v -4.365979 0.559865 -3.867996
v -4.504883 0.599989 -3.833096
v -4.428102 0.588037 -3.782684
v -4.363168 0.577929 -3.821682
v -4.405411 0.629174 -3.772243
v -4.356380 0.621542 -3.802498
v -4.414524 0.675262 -3.782684
v -4.349591 0.665155 -3.821682
v -4.450103 0.699303 -3.807888
v -4.346778 0.683219 -3.867996
v -4.491306 0.687213 -3.833096
v -4.349591 0.665155 -3.914307
v -4.513996 0.646077 -3.843533
v -4.356380 0.621542 -3.933491
v -4.363168 0.577929 -3.914307
v -4.338660 0.699538 -0.001034
v -4.296095 0.972992 0.119244
v -4.381225 0.426088 0.119244
v -4.338660 0.699538 0.108006
v -4.259356 0.691410 0.002224
v -4.217129 0.962695 0.121548
v -4.301583 0.420130 0.121548
v -4.305721 0.393542 0.409626
v -4.301583 0.420130 0.697701
v -4.385396 0.399289 0.409626
v -4.381225 0.426088 0.700005
v -4.372986 0.479013 0.409626
v -4.369923 0.498696 0.622902
v -4.369923 0.498696 0.196346
v -4.321871 0.529061 0.409622
v -4.319593 0.543688 0.568134
v -4.319593 0.543688 0.251118
v -4.296359 0.692954 0.409622
v -4.270847 0.856851 0.409622
v -4.296359 0.692954 0.185463
v -4.296359 0.692954 0.633785
v -4.273125 0.842222 0.568134
v -4.338660 0.699538 0.711239
v -4.307398 0.900383 0.622902
v -4.338660 0.699538 0.820282
v -4.296095 0.972992 0.700005
v -4.259356 0.691410 0.817024
v -4.217129 0.962695 0.697701
v -4.212991 0.989281 0.409626
v -4.291924 0.999792 0.409626
v -4.304333 0.920067 0.409626
v -4.307398 0.900383 0.196346
v -4.273125 0.842222 0.251118
v 3.089375 -1.804333 7.101437
v 2.069061 -1.804333 7.101437
v 3.089375 -1.804333 7.350245
v 3.089375 -1.932107 6.973663
v 3.089375 -2.180918 6.973663
v 2.069061 -1.932107 6.973663
v 2.069061 -2.180918 6.973663
v 2.069061 -2.308692 7.101437
v 2.069061 -2.308691 7.350245
v 3.089375 -2.308692 7.101437
v 3.089375 -2.308691 7.350245
v 3.089375 -2.180918 7.478022
v 2.069061 -2.180918 7.478022
v 3.089375 -1.932107 7.478022
v 2.069061 -1.932107 7.478022
v 2.069061 -1.804333 7.350245
v 2.069061 -2.308692 -5.618034
v 2.069061 -2.180918 -5.490261
v 3.089375 -2.308692 -5.618034
v 2.069061 -2.308692 -5.866844
v 3.089375 -2.308692 -5.866844
v 2.069061 -2.180918 -5.994617
v 3.089375 -2.180918 -5.994617
v 2.069061 -1.932107 -5.994617
v 2.069061 -1.804334 -5.866844
v 3.089375 -1.932107 -5.994617
v 3.089375 -1.804334 -5.866844
v 3.089375 -1.804334 -5.618034
v 3.089375 -1.932107 -5.490261
v 2.069061 -1.804334 -5.618034
v 2.069061 -1.932107 -5.490261
v 3.089375 -2.180918 -5.490261
v 3.305619 -2.053214 -4.132282
v 3.305619 -1.248052 -4.348026
v 3.305619 -2.858377 -4.348026
v 3.720855 -2.053214 -4.132282
v 2.890384 -2.053214 -4.132282
v 2.718987 -2.053214 -4.316257
v 2.890384 -1.248052 -4.348026
v 2.890384 -2.858377 -4.348026
v 2.718987 -2.766391 -4.507355
v 2.890384 -3.447797 -4.937447
v 2.718987 -3.288472 -5.029434
v 2.890384 -3.663540 -5.742611
v 3.305620 -3.447797 -4.937447
v 3.305620 -3.663540 -5.742611
v 3.720856 -3.447797 -4.937447
v 3.887158 -3.288702 -5.029301
v 3.720855 -2.858377 -4.348026
v 3.720856 -3.663540 -5.742611
v 3.887158 -3.479834 -5.742611
v 3.720856 -3.447798 -6.547768
v 3.887158 -3.288703 -6.455917
v 3.720856 -2.858378 -7.137192
v 3.305620 -3.447798 -6.547768
v 3.305620 -2.858378 -7.137192
v 2.890384 -3.447798 -6.547768
v 2.718987 -3.288473 -6.455788
v 2.890384 -2.858378 -7.137192
v 2.718987 -2.766392 -6.977867
v 2.890384 -2.053215 -7.352936
v 2.890384 -1.248052 -7.137192
v 2.718987 -2.053215 -7.168961
v 3.305620 -2.053215 -7.352936
v 3.305620 -1.248052 -7.137192
v 3.720856 -2.053215 -7.352936
v 3.887158 -2.053215 -7.169228
v 3.720856 -1.248052 -7.137192
v 3.887158 -1.339905 -6.978100
v 3.720856 -0.658632 -6.547771
v 3.887158 -0.817727 -6.455917
v 3.720856 -0.442889 -5.742611
v 3.305620 -0.658632 -6.547771
v 3.305620 -0.442889 -5.742611
v 2.890384 -0.658632 -6.547771
v 2.718987 -0.817958 -6.455788
v 2.890384 -0.442889 -5.742611
v 2.718987 -0.626863 -5.742611
v 2.890384 -0.658632 -4.937447
v 2.718987 -0.817958 -5.029434
v 3.305620 -0.658632 -4.937447
v 3.720856 -0.658632 -4.937447
v 3.887158 -0.817727 -5.029301
v 3.720855 -1.248052 -4.348026
v 3.887158 -1.339905 -4.507122
v 3.887157 -2.053214 -4.315990
v 3.867548 -1.496284 -4.777981
v 3.867548 -1.088584 -5.185680
v 3.867548 -2.053214 -4.628750
v 3.737295 -1.570832 -4.907101
v 3.737295 -1.217705 -5.260227
v 3.737295 -2.053214 -4.777843
v 3.737295 -1.612131 -4.978630
v 3.737295 -1.289237 -5.301525
v 3.737295 -2.053214 -4.860443
v 3.516873 -1.612131 -4.978630
v 3.516873 -1.289237 -5.301525
v 3.516873 -2.053214 -4.860443
v 3.516873 -1.652410 -5.048393
v 3.516873 -1.359001 -5.341805
v 3.516873 -2.053214 -4.941002
v 3.658270 -1.758795 -5.232658
v 3.658270 -1.543265 -5.448193
v 3.658270 -2.053214 -5.153770
v 3.702553 -1.856759 -5.402340
v 3.702553 -1.712945 -5.546154
v 3.702553 -2.053214 -5.349701
v 3.753664 -1.945689 -5.556366
v 3.753664 -1.866974 -5.635082
v 3.753664 -2.053214 -5.527557
v 3.753664 -2.160741 -5.556366
v 3.753664 -1.994650 -5.648205
v 3.753664 -1.955292 -5.795086
v 3.753664 -2.151137 -5.690136
v 3.753664 -2.111780 -5.837017
v 3.753664 -2.268266 -5.742611
v 3.753664 -2.239455 -5.635082
v 3.753664 -2.239455 -5.850136
v 3.702553 -2.446125 -5.742611
v 3.702553 -2.393485 -5.546154
v 3.702553 -2.393485 -5.939064
v 3.658270 -2.642054 -5.742611
v 3.658270 -2.563164 -5.448193
v 3.658270 -2.563165 -6.037029
v 3.516873 -2.854824 -5.742611
v 3.516873 -2.747428 -5.341805
v 3.516873 -2.747428 -6.143414
v 3.516873 -2.935380 -5.742611
v 3.516873 -2.817193 -5.301525
v 3.516873 -2.817193 -6.183689
v 3.737295 -2.935380 -5.742611
v 3.737295 -2.817193 -5.301525
v 3.737295 -2.817193 -6.183689
v 3.737295 -3.017979 -5.742611
v 3.737295 -2.888725 -5.260227
v 3.737295 -2.888726 -6.224991
v 3.867548 -3.167075 -5.742611
v 3.867548 -3.017846 -5.185680
v 3.867548 -3.017846 -6.299538
v 3.867548 -2.610146 -6.707241
v 3.867548 -2.053215 -6.856468
v 3.887158 -2.766525 -6.978100
v 3.737295 -2.535598 -6.578121
v 3.737295 -2.053215 -6.707375
v 3.737295 -2.494298 -6.506588
v 3.737295 -2.053215 -6.624775
v 3.516873 -2.494298 -6.506588
v 3.516873 -2.053215 -6.624775
v 3.516873 -2.454020 -6.436825
v 3.516873 -2.053215 -6.544216
v 3.658270 -2.347635 -6.252560
v 3.658270 -2.053215 -6.331448
v 3.702553 -2.249670 -6.082882
v 3.702553 -2.053215 -6.135521
v 3.753664 -2.160741 -5.928852
v 3.753664 -2.053215 -5.957661
v 3.753664 -1.945689 -5.928852
v 3.753664 -1.866974 -5.850136
v 3.702553 -1.856759 -6.082882
v 3.702553 -1.712944 -5.939064
v 3.658270 -1.758795 -6.252560
v 3.658270 -1.543265 -6.037029
v 3.516873 -1.652410 -6.436825
v 3.516873 -1.359001 -6.143414
v 3.516873 -1.612131 -6.506588
v 3.516873 -1.289237 -6.183689
v 3.737295 -1.612131 -6.506588
v 3.737295 -1.289237 -6.183689
v 3.737295 -1.570832 -6.578121
v 3.737295 -1.217705 -6.224991
v 3.867548 -1.496285 -6.707241
v 3.867548 -1.088584 -6.299538
v 3.867548 -0.939354 -5.742611
v 3.887158 -0.626597 -5.742611
v 3.737295 -1.088450 -5.742611
v 3.737295 -1.171049 -5.742611
v 3.516873 -1.171049 -5.742611
v 3.516873 -1.251606 -5.742611
v 3.658270 -1.464375 -5.742611
v 3.702553 -1.660304 -5.742611
v 3.753664 -1.838163 -5.742611
v 3.867548 -2.610145 -4.777981
v 3.887158 -2.766524 -4.507122
v 3.737295 -2.535597 -4.907101
v 3.737295 -2.494298 -4.978630
v 3.516873 -2.494298 -4.978630
v 3.516873 -2.454019 -5.048393
v 3.658270 -2.347634 -5.232658
v 3.702553 -2.249670 -5.402340
v 2.718987 -1.340039 -4.507355
v 2.729899 -1.088584 -5.185680
v 2.729899 -0.939354 -5.742611
v 2.729899 -1.496284 -4.777981
v 2.892445 -1.088584 -5.185680
v 2.892445 -0.939354 -5.742611
v 2.892445 -1.496284 -4.777981
v 2.892445 -2.053214 -4.628750
v 2.892445 -2.610145 -4.777981
v 2.729899 -2.053214 -4.628750
v 2.729899 -2.610145 -4.777981
v 2.729899 -3.017846 -5.185680
v 2.729899 -3.167075 -5.742611
v 2.892445 -3.017846 -5.185680
v 2.892445 -3.167075 -5.742611
v 2.892445 -3.017846 -6.299538
v 2.892445 -2.610146 -6.707241
v 2.729899 -3.017846 -6.299538
v 2.729899 -2.610146 -6.707241
v 2.729899 -2.053215 -6.856468
v 2.729899 -1.496285 -6.707241
v 2.892445 -2.053215 -6.856468
v 2.892445 -1.496285 -6.707241
v 2.892445 -1.088584 -6.299538
v 2.729899 -1.088584 -6.299538
v 2.718987 -1.340039 -6.977867
v 2.718987 -3.479567 -5.742611
v 4.356380 0.621538 -3.959541
v 4.313815 0.894992 -3.839264
v 4.398944 0.348089 -3.839264
v 4.356380 0.621539 -3.850502
v 4.277076 0.613409 -3.956284
v 4.234848 0.884695 -3.836960
v 4.319303 0.342129 -3.836960
v 4.323442 0.315543 -3.548882
v 4.319303 0.342129 -3.260807
v 4.403115 0.321290 -3.548882
v 4.398944 0.348089 -3.258503
v 4.390706 0.401013 -3.548882
v 4.387641 0.420696 -3.335609
v 4.387641 0.420696 -3.762157
v 4.361228 0.454428 -3.548882
v 4.358951 0.469056 -3.390377
v 4.358951 0.469056 -3.707390
v 4.335717 0.618322 -3.548885
v 4.310205 0.782218 -3.548882
v 4.335717 0.618322 -3.773045
v 4.335717 0.618322 -3.324722
v 4.312482 0.767589 -3.390377
v 4.356380 0.621539 -3.247269
v 4.325118 0.822384 -3.335609
v 4.356380 0.621538 -3.138226
v 4.313815 0.894992 -3.258503
v 4.277076 0.613409 -3.141487
v 4.234848 0.884695 -3.260807
v 4.230710 0.911282 -3.548885
v 4.309643 0.921791 -3.548882
v 4.322052 0.842067 -3.548882
v 4.325118 0.822384 -3.762161
v 4.312482 0.767589 -3.707390
v 4.356380 0.621542 -3.307434
v 4.349590 0.665155 -3.288250
v 4.363168 0.577929 -3.288250
v 4.405808 0.629236 -3.338661
v 4.410070 0.629900 -3.559174
v 4.428565 0.588109 -3.328327
v 4.414988 0.675334 -3.328327
v 4.422235 0.676463 -3.559174
v 4.450724 0.699399 -3.303368
v 4.465185 0.701650 -3.559174
v 4.346778 0.683219 -3.241940
v 4.492082 0.687334 -3.278408
v 4.513759 0.690709 -3.559174
v 4.349590 0.665155 -3.195625
v 4.514839 0.646207 -3.268070
v 4.539502 0.650046 -3.559174
v 4.356380 0.621542 -3.176445
v 4.505660 0.600110 -3.278408
v 4.527336 0.603484 -3.559174
v 4.363168 0.577929 -3.195625
v 4.469924 0.576045 -3.303368
v 4.484386 0.578296 -3.559174
v 4.365980 0.559865 -3.241940
v 4.435813 0.589237 -3.559174
v 4.469304 0.575948 -3.807888
v 4.365980 0.559865 -3.867992
v 4.504882 0.599989 -3.833096
v 4.428101 0.588037 -3.782684
v 4.363168 0.577929 -3.821678
v 4.405410 0.629174 -3.772243
v 4.356380 0.621542 -3.802498
v 4.414524 0.675262 -3.782684
v 4.349590 0.665155 -3.821678
v 4.450102 0.699303 -3.807888
v 4.346778 0.683219 -3.867996
v 4.491306 0.687213 -3.833096
v 4.349590 0.665155 -3.914307
v 4.513996 0.646077 -3.843533
v 4.356380 0.621542 -3.933491
v 4.363168 0.577929 -3.914307
v 4.338660 0.699538 -0.001034
v 4.296095 0.972992 0.119244
v 4.381224 0.426088 0.119244
v 4.338660 0.699538 0.108006
v 4.259356 0.691410 0.002224
v 4.217129 0.962695 0.121548
v 4.301583 0.420130 0.121548
v 4.305722 0.393542 0.409626
v 4.301583 0.420130 0.697701
v 4.385396 0.399289 0.409626
v 4.381224 0.426088 0.700005
v 4.372986 0.479013 0.409626
v 4.369922 0.498696 0.622902
v 4.369922 0.498696 0.196350
v 4.343508 0.532428 0.409626
v 4.341231 0.547056 0.568134
v 4.341231 0.547056 0.251118
v 4.317997 0.696322 0.409622
v 4.292486 0.860219 0.409626
v 4.317997 0.696322 0.185463
v 4.317997 0.696322 0.633785
v 4.294763 0.845590 0.568134
v 4.338660 0.699538 0.711239
v 4.307397 0.900383 0.622902
v 4.338660 0.699538 0.820282
v 4.296095 0.972992 0.700005
v 4.259356 0.691410 0.817024
v 4.217129 0.962695 0.697701
v 4.212991 0.989281 0.409626
v 4.291923 0.999792 0.409626
v 4.304333 0.920067 0.409626
v 4.307397 0.900383 0.196350
v 4.294763 0.845590 0.251118
v 4.338660 0.699542 0.651073
v 4.331871 0.743155 0.670258
v 4.345448 0.655930 0.670258
v 4.388089 0.707236 0.619846
v 4.392351 0.707900 0.399334
v 4.410845 0.666109 0.630184
v 4.397268 0.753334 0.630184
v 4.404516 0.754463 0.399334
v 4.433004 0.777400 0.655140
v 4.447465 0.779651 0.399334
v 4.329059 0.761220 0.716568
v 4.474363 0.765335 0.680103
v 4.496040 0.768709 0.399334
v 4.331871 0.743155 0.762882
v 4.497118 0.724207 0.690437
v 4.521782 0.728046 0.399334
v 4.338660 0.699542 0.782063
v 4.487940 0.678110 0.680103
v 4.509615 0.681484 0.399334
v 4.345448 0.655930 0.762882
v 4.452204 0.654046 0.655140
v 4.466667 0.656297 0.399334
v 4.348260 0.637865 0.716568
v 4.418093 0.667238 0.399334
v 4.451584 0.653947 0.150620
v 4.348260 0.637865 0.090515
v 4.487163 0.677989 0.125416
v 4.410381 0.666037 0.175827
v 4.345448 0.655930 0.136829
v 4.387691 0.707174 0.186264
v 4.338660 0.699542 0.156010
v 4.396804 0.753262 0.175827
v 4.331871 0.743155 0.136829
v 4.432383 0.777303 0.150620
v 4.329059 0.761220 0.090515
v 4.473586 0.765214 0.125416
v 4.331871 0.743155 0.044205
v 4.496277 0.724077 0.114975
v 4.338660 0.699542 0.025017
v 4.345448 0.655930 0.044205
v 2.192369 -2.200263 9.461018
v 2.192370 -2.084170 10.490015
v 1.951271 -2.344254 9.461018
v 2.192369 -1.591135 9.461018
v 2.192369 -1.475042 10.137976
v 1.951270 -1.578657 9.461018
v 1.710171 -1.591135 9.461018
v 1.951271 -1.434672 10.128990
v 1.710171 -1.475042 10.137976
v 1.951271 -1.259239 10.266909
v 1.710171 -1.259239 10.254683
v 2.192369 -1.259239 10.254683
v 2.192369 -1.259239 10.630138
v 1.951271 -1.259239 10.707693
v 1.710171 -1.259239 10.630138
v 1.951271 -2.200269 10.542107
v 1.710171 -2.084170 10.490015
v 1.710171 -2.200263 9.461018
v 4.038660 0.699062 6.343042
v 4.005759 0.802598 6.388041
v 4.071560 0.595528 6.388041
v 4.273268 0.842989 6.410147
v 4.273774 0.915920 6.449408
v 4.310835 0.770058 6.421572
v 4.447899 1.090597 6.238197
v 4.472408 1.147083 6.238197
v 4.472486 1.034114 6.238197
v 4.346772 1.090597 6.201242
v 4.434678 1.232513 6.201242
v 4.434959 0.948683 6.201242
v 4.346772 1.090597 6.056097
v 4.434678 1.232513 6.056097
v 4.434959 0.948683 6.056097
v 4.392015 1.090597 6.056097
v 4.466691 1.211155 6.056097
v 4.466930 0.970042 6.056097
v 4.420807 1.090597 6.144527
v 4.487062 1.197562 6.144527
v 4.487276 0.983633 6.144527
v 4.647537 0.939326 6.144527
v 4.647386 1.090597 6.144527
v 4.807498 1.197562 6.144527
v 4.807711 0.983633 6.144527
v 4.873967 1.090597 6.144527
v 4.828083 0.970042 6.056097
v 4.902759 1.090597 6.056097
v 4.647558 0.920105 6.056097
v 4.860096 0.948683 6.056097
v 4.948001 1.090597 6.056097
v 4.647587 0.889899 6.056097
v 4.860096 0.948683 6.201242
v 4.948001 1.090597 6.201242
v 4.647587 0.889899 6.201242
v 4.591023 1.034114 6.238197
v 4.615533 1.090597 6.238197
v 4.531772 1.010716 6.238197
v 4.402750 0.770058 6.543947
v 4.403257 0.842989 6.583208
v 4.364467 0.739850 6.476994
v 4.071560 0.595528 6.605312
v 4.038660 0.699062 6.650311
v 4.085187 0.552642 6.496677
v 4.005759 0.802598 6.605312
v 3.992131 0.845483 6.496677
v 4.365690 0.915920 6.571781
v 4.312057 0.946129 6.516359
v 4.590944 1.147083 6.238197
v 4.531660 1.170480 6.238197
v 4.859814 1.232513 6.201242
v 4.647185 1.291295 6.201242
v 4.859814 1.232513 6.056097
v 4.647185 1.291295 6.056097
v 4.827843 1.211155 6.056097
v 4.647216 1.261090 6.056097
v 4.647235 1.241868 6.144527
v 0.109905 0.111801 -10.795624
v 0.109905 -0.052233 -10.805504
v 0.109905 0.108554 -10.741699
v 0.109905 -0.055480 -10.751575
v -0.109904 0.111801 -10.795624
v 0.000001 0.111801 -10.795624
v -0.109904 -0.052233 -10.805504
v -0.109904 0.108554 -10.741699
v 0.000001 0.108554 -10.741699
v -0.109904 -0.055480 -10.751575
v 0.000001 -0.055480 -10.751575
v 0.000001 -0.052233 -10.805504
v 4.103345 -0.649516 -9.474041
v 4.125780 -0.597601 -9.426437
v 3.976234 -0.649516 -9.438023
v 3.957180 -0.649516 -9.989838
v 3.951307 -0.597601 -10.042133
v 3.830070 -0.649516 -9.953815
v 3.824197 -0.597601 -10.006111
v 3.889581 -0.187653 -10.024639
v 3.912017 -0.135736 -9.977039
v 4.016692 -0.187653 -10.060661
v 4.039125 -0.135736 -10.013058
v 4.185289 -0.135736 -9.497261
v 4.058180 -0.135736 -9.461243
v 4.191164 -0.187653 -9.444965
v 4.064054 -0.187653 -9.408947
v 3.998670 -0.597601 -9.390419
v 3.833880 -0.753697 10.266739
v 3.586829 -0.753697 10.313061
v 3.833880 -0.919937 10.266739
v 4.003465 -0.753697 9.633608
v 3.587590 -0.732728 9.624363
v 4.003465 -0.919937 9.633608
v 3.587590 -0.940905 9.624363
v 3.586829 -0.919937 10.313061
v 3.402158 -0.752312 10.355175
v 2.633733 -0.752312 10.466772
v 3.402158 -0.921322 10.355175
v 3.418419 -0.732728 10.185167
v 2.569783 -0.732728 10.308413
v 3.418419 -0.940905 10.185167
v 2.569783 -0.940905 10.308413
v 2.633733 -0.921322 10.466772
v -4.338660 0.699542 0.651073
v -4.331870 0.743155 0.670258
v -4.345448 0.655930 0.670258
v -4.388090 0.707236 0.619846
v -4.392351 0.707900 0.399334
v -4.410846 0.666109 0.630184
v -4.397268 0.753334 0.630184
v -4.404516 0.754463 0.399334
v -4.433004 0.777400 0.655140
v -4.447465 0.779651 0.399334
v -4.329059 0.761220 0.716568
v -4.474363 0.765335 0.680099
v -4.496040 0.768709 0.399334
v -4.331870 0.743155 0.762882
v -4.497119 0.724207 0.690437
v -4.521783 0.728046 0.399334
v -4.338660 0.699542 0.782063
v -4.487940 0.678110 0.680099
v -4.509616 0.681484 0.399334
v -4.345448 0.655930 0.762882
v -4.452205 0.654046 0.655140
v -4.466667 0.656297 0.399334
v -4.348260 0.637865 0.716568
v -4.418094 0.667238 0.399334
v -4.451583 0.653947 0.150620
v -4.348260 0.637865 0.090515
v -4.487164 0.677989 0.125416
v -4.410380 0.666037 0.175823
v -4.345448 0.655930 0.136829
v -4.387691 0.707174 0.186264
v -4.338660 0.699542 0.156010
v -4.396804 0.753262 0.175823
v -4.331870 0.743155 0.136829
v -4.432384 0.777303 0.150620
v -4.329059 0.761220 0.090515
v -4.473586 0.765214 0.125416
v -4.331870 0.743155 0.044205
v -4.496277 0.724077 0.114975
v -4.338660 0.699542 0.025017
v -4.345448 0.655930 0.044205
v -2.192369 -2.200263 9.461018
v -2.192369 -2.084170 10.490015
v -1.951270 -2.344254 9.461018
v -2.192369 -1.591135 9.461018
v -2.192369 -1.475042 10.137976
v -1.951271 -1.578657 9.461018
v -1.710171 -1.591135 9.461018
v -1.951270 -1.434672 10.128990
v -1.710170 -1.475042 10.137976
v -1.951270 -1.259239 10.266909
v -1.710170 -1.259239 10.254683
v -2.192369 -1.259239 10.254683
v -2.192369 -1.259239 10.630138
v -1.951270 -1.259239 10.707693
v -1.710170 -1.259239 10.630138
v -1.951270 -2.200269 10.542107
v -1.710170 -2.084170 10.490015
v -1.710170 -2.200263 9.461018
v -4.038660 0.699062 6.343042
v -4.005759 0.802598 6.388041
v -4.071560 0.595528 6.388041
v -4.273268 0.842989 6.410147
v -4.273775 0.915920 6.449408
v -4.310835 0.770058 6.421572
v -4.447899 1.090597 6.238197
v -4.472410 1.147083 6.238197
v -4.472487 1.034114 6.238197
v -4.346773 1.090597 6.201242
v -4.434679 1.232513 6.201242
v -4.434960 0.948683 6.201242
v -4.346773 1.090597 6.056097
v -4.434679 1.232513 6.056097
v -4.434960 0.948683 6.056097
v -4.392016 1.090597 6.056097
v -4.466691 1.211155 6.056097
v -4.466930 0.970042 6.056097
v -4.420808 1.090597 6.144527
v -4.487064 1.197562 6.144527
v -4.487276 0.983633 6.144527
v -4.647539 0.939326 6.144527
v -4.647388 1.090597 6.144527
v -4.807500 1.197562 6.144527
v -4.807712 0.983633 6.144527
v -4.873967 1.090597 6.144527
v -4.828084 0.970042 6.056097
v -4.902759 1.090597 6.056097
v -4.647558 0.920105 6.056097
v -4.860097 0.948683 6.056097
v -4.948001 1.090597 6.056097
v -4.647589 0.889899 6.056097
v -4.860097 0.948683 6.201242
v -4.948001 1.090597 6.201242
v -4.647589 0.889899 6.201242
v -4.591023 1.034114 6.238197
v -4.615533 1.090597 6.238197
v -4.531773 1.010716 6.238197
v -4.402752 0.770058 6.543947
v -4.403259 0.842989 6.583208
v -4.364469 0.739850 6.476994
v -4.071559 0.595528 6.605312
v -4.038660 0.699062 6.650311
v -4.085187 0.552642 6.496677
v -4.005759 0.802598 6.605312
v -3.992133 0.845483 6.496677
v -4.365691 0.915920 6.571781
v -4.312057 0.946129 6.516359
v -4.590945 1.147083 6.238197
v -4.531660 1.170480 6.238197
v -4.859815 1.232513 6.201242
v -4.647186 1.291295 6.201242
v -4.859815 1.232513 6.056097
v -4.647186 1.291295 6.056097
v -4.827844 1.211155 6.056097
v -4.647217 1.261090 6.056097
v -4.647236 1.241868 6.144527
v -3.833880 -0.753697 10.266739
v -3.586829 -0.753697 10.313061
v -3.833880 -0.919937 10.266739
v -4.003464 -0.753697 9.633608
v -3.587590 -0.732728 9.624363
v -4.003464 -0.919937 9.633608
v -3.587590 -0.940905 9.624363
v -3.586829 -0.919937 10.313061
v -3.402158 -0.752312 10.355175
v -2.633733 -0.752312 10.466772
v -3.402158 -0.921322 10.355175
v -3.418420 -0.732728 10.185167
v -2.569782 -0.732728 10.308413
v -3.418420 -0.940905 10.185167
v -2.569782 -0.940905 10.308413
v -2.633733 -0.921322 10.466772
v -2.988502 0.263004 10.380144
v -2.674078 0.132766 10.380144
v -3.302922 0.132766 10.380144
v -2.988502 0.263004 10.650623
v -2.674078 0.132766 10.650623
v -3.302922 0.132766 10.650623
v -2.988502 0.167823 10.650623
v -2.741383 0.065463 10.650623
v -3.235620 0.065463 10.650623
v -2.988502 0.091014 10.724215
v -2.795694 0.011151 10.724215
v -3.181308 0.011151 10.724215
v -2.988502 -0.060535 10.774521
v -2.902854 -0.096011 10.774521
v -3.074147 -0.096011 10.774521
v -3.109622 -0.181656 10.774521
v -3.074147 -0.267302 10.774521
v -3.261171 -0.181656 10.724215
v -3.181308 -0.374463 10.724215
v -3.337981 -0.181656 10.650623
v -3.235620 -0.428774 10.650623
v -3.433159 -0.181656 10.650623
v -3.302922 -0.496078 10.650623
v -3.433159 -0.181656 10.380144
v -3.302922 -0.496078 10.380144
v -2.988502 -0.626315 10.380144
v -2.674078 -0.496078 10.380144
v -2.988502 -0.626315 10.650623
v -2.674078 -0.496078 10.650623
v -2.988502 -0.531135 10.650623
v -2.741383 -0.428774 10.650623
v -2.988502 -0.454327 10.724215
v -2.795694 -0.374463 10.724215
v -2.988502 -0.302778 10.774521
v -2.902854 -0.267302 10.774521
v -2.867378 -0.181656 10.774521
v -2.715831 -0.181656 10.724215
v -2.639023 -0.181656 10.650623
v -2.543840 -0.181656 10.650623
v -2.543840 -0.181656 10.380144
v -4.001101 1.370742 -4.272995
v -3.955051 1.359908 -4.841743
v -3.650096 2.210323 -3.655495
v -4.017119 1.445302 -4.316128
v -3.977183 1.435905 -4.809391
v -3.712703 2.173450 -3.780590
v -3.685233 2.154659 -4.259758
v -3.727588 2.004331 -4.452362
v -3.618423 2.188656 -4.207996
v -3.667260 2.015324 -4.430077
v -3.900080 1.468241 -4.847157
v -3.622196 2.009907 -4.912159
v -3.866972 1.462824 -5.296741
v -3.688505 1.999634 -4.870464
v -3.900794 1.525162 -5.203999
v -3.929505 1.529860 -4.814091
v -4.213213 0.050775 -3.993248
v -4.224943 0.135607 -0.332935
v -4.128345 0.959243 -3.993294
v -3.813517 -1.746784 -3.614189
v -4.344171 0.050775 -3.993248
v -4.355901 0.135607 -0.332935
v -4.259303 0.959243 -3.993294
v -3.944474 -1.746784 -3.614189
v -3.961216 -1.755023 -0.332935
v -3.830258 -1.755023 -0.332935
v -4.254745 1.018557 -0.332928
v -3.597141 3.022777 -2.434681
v -4.214734 1.109311 -3.693821
v -4.208145 1.160490 -0.484669
v -3.643026 2.880774 -2.355072
v -4.092661 1.109311 -3.693821
v -4.086074 1.160490 -0.484669
v -3.520953 2.880774 -2.355072
v -3.540777 2.951464 -0.484711
v -3.662849 2.951464 -0.484711
v -3.616816 3.101386 -0.332943
v -3.485858 3.101386 -0.332943
v -3.466184 3.022777 -2.434681
v -4.123787 1.018557 -0.332928
v -4.237019 1.034276 -3.843555
v -3.639832 3.026424 -0.408829
v -3.620084 2.951775 -2.394875
v -4.231444 1.089524 -0.408798
v -4.227136 0.174856 3.884792
v -4.224160 0.135488 -0.064625
v -3.990246 0.963172 3.884819
v -3.824086 -1.779946 3.884789
v -4.358093 0.174856 3.884792
v -4.355118 0.135488 -0.064625
v -4.121203 0.963172 3.884819
v -3.955046 -1.779946 3.884789
v -3.954737 -1.779882 -0.064625
v -3.823779 -1.779882 -0.064625
v -4.252488 1.018034 -0.064663
v -3.606441 2.986416 2.232887
v -4.086603 1.112482 3.570042
v -4.205758 1.161857 0.087090
v -3.650149 2.845331 2.156319
v -3.964531 1.112482 3.570042
v -4.083687 1.161857 0.087090
v -3.528078 2.845331 2.156319
v -3.522715 2.965315 0.086895
v -3.644787 2.965315 0.086895
v -3.603638 3.120564 -0.064754
v -3.472678 3.120564 -0.064754
v -3.475481 2.986416 2.232887
v -4.121531 1.018034 -0.064663
v -4.103903 1.037827 3.727432
v -3.624212 3.042939 0.011070
v -3.628296 2.915874 2.194605
v -4.229123 1.089945 0.011211
v -3.332110 -0.738371 -10.285969
v -3.121890 -0.687504 -10.295547
v -3.059293 -0.189946 -10.329914
v -3.121890 0.225523 -10.358616
v -3.332110 0.272391 -10.368191
v -3.542332 0.225523 -10.358616
v -3.604930 -0.189946 -10.329914
v -3.542332 -0.687504 -10.295547
v -3.332110 -0.669226 -10.580879
v -3.166888 -0.635752 -10.588406
v -3.117688 -0.209834 -10.617828
v -3.166888 0.133995 -10.641579
v -3.332110 0.169469 -10.649101
v -3.497334 0.133995 -10.641579
v -3.546534 -0.209834 -10.617828
v -3.497334 -0.635752 -10.588406
v -3.121890 -0.707392 -10.583454
v -3.332110 -0.755259 -10.573879
v -3.059293 -0.209834 -10.617828
v -3.121890 0.205636 -10.646526
v -3.332110 0.255502 -10.656105
v -3.542332 0.205636 -10.646526
v -3.604930 -0.209834 -10.617828
v -3.542332 -0.707392 -10.583454
v -3.332110 -0.424756 -10.676109
v -3.229789 -0.420477 -10.681980
v -3.169381 -0.215245 -10.696156
v -3.229789 -0.010013 -10.710335
v -3.332110 -0.006769 -10.716206
v -3.434433 -0.010013 -10.710335
v -3.494842 -0.215245 -10.696156
v -3.434433 -0.420477 -10.681980
v -3.332110 -0.311261 -10.740799
v -3.286659 -0.310108 -10.743412
v -3.259826 -0.218944 -10.749706
v -3.286659 -0.127779 -10.756004
v -3.332110 -0.125590 -10.758614
v -3.377563 -0.127779 -10.756004
v -3.404397 -0.218944 -10.749706
v -3.377563 -0.310108 -10.743412
v 2.123249 -1.690854 -10.953102
v 2.016071 -1.735249 -10.953102
v 2.230428 -1.735249 -10.953102
v 2.123249 -1.690854 -10.213196
v 2.123249 -1.737339 -10.953102
v 2.048942 -1.768119 -10.953102
v 2.197557 -1.768119 -10.953102
v 2.123249 -1.737339 -10.400475
v 2.048942 -1.768119 -10.400475
v 2.197557 -1.768119 -10.400475
v 2.228336 -1.842427 -10.400475
v 2.197557 -1.916735 -10.400475
v 2.228336 -1.842427 -10.953102
v 2.197557 -1.916735 -10.953102
v 2.274822 -1.842427 -10.953102
v 2.230428 -1.949605 -10.953102
v 2.274822 -1.842427 -10.213196
v 2.230428 -1.949605 -10.213196
v 2.230428 -1.735249 -10.213196
v 2.472044 -1.842427 -10.213196
v 2.369884 -1.990207 -10.213196
v 2.369884 -1.694647 -10.213196
v 2.472044 -1.842427 -8.724518
v 2.369884 -1.990207 -8.724518
v 2.369884 -1.694647 -8.724518
v 2.123249 -1.633434 -8.724518
v 1.876615 -1.694647 -8.724518
v 2.123249 -1.633434 -10.213196
v 1.876615 -1.694647 -10.213196
v 1.774454 -1.842427 -10.213196
v 2.016071 -1.735249 -10.213196
v 1.971677 -1.842427 -10.213196
v 2.016071 -1.949605 -10.213196
v 1.971677 -1.842427 -10.953102
v 2.016071 -1.949605 -10.953102
v 2.018162 -1.842427 -10.953102
v 2.048942 -1.916735 -10.953102
v 2.018162 -1.842427 -10.400475
v 2.048942 -1.916735 -10.400475
v 2.123249 -1.947514 -10.400475
v 2.123249 -1.947515 -10.953102
v 2.123249 -1.994000 -10.953102
v 2.123249 -1.993999 -10.213196
v 2.123249 -2.051420 -10.213196
v 1.876615 -1.990207 -10.213196
v 2.123249 -2.051420 -8.724518
v 1.876615 -1.990207 -8.724518
v 1.774454 -1.842427 -8.724518
v 3.753663 -2.151136 7.278147
v 3.753664 -2.111779 7.131262
v 3.753663 -2.160740 7.411911
v 3.753663 -1.994649 7.320076
v 3.753663 -2.268266 7.225668
v 3.753663 -2.239455 7.118143
v 3.753663 -2.239455 7.333193
v 3.702551 -2.446124 7.225668
v 3.702551 -2.393485 7.029215
v 3.702551 -2.393484 7.422125
v 3.658270 -2.642053 7.225668
v 3.516873 -2.854823 7.225668
v 3.658270 -2.563164 6.931252
v 3.658270 -2.563164 7.520090
v 3.516873 -2.747427 7.626472
v 3.658270 -2.347634 7.735619
v 3.516873 -2.454018 7.919884
v 3.702551 -2.249669 7.565941
v 3.658270 -2.053214 7.814507
v 3.658270 -1.758794 7.735619
v 3.516873 -2.053214 8.027277
v 3.702551 -2.053214 7.618582
v 3.753663 -2.053214 7.440722
v 3.702551 -1.856759 7.565941
v 3.753663 -1.945688 7.411911
v 3.702551 -1.712944 7.422125
v 3.753663 -1.866974 7.333193
v 3.658270 -1.543265 7.520090
v 3.702551 -1.660304 7.225668
v 3.702551 -1.712944 7.029215
v 3.753663 -1.838162 7.225668
v 3.658270 -1.464375 7.225668
v 3.516873 -1.251605 7.225668
v 3.658270 -1.543264 6.931250
v 3.516873 -1.359001 6.824863
v 3.658270 -1.758794 6.715721
v 3.702551 -1.856759 6.885401
v 3.516873 -1.652409 6.531456
v 3.658270 -2.053214 6.636829
v 3.702551 -2.053214 6.832762
v 3.516873 -2.053214 6.424063
v 3.658270 -2.347635 6.715721
v 3.516873 -2.454019 6.531456
v 3.702551 -2.249670 6.885401
v 3.753663 -2.160740 7.039429
v 3.753663 -2.053214 7.010618
v 3.753663 -1.945688 7.039429
v 3.753663 -1.866974 7.118143
v 3.753664 -1.955292 7.173193
v 3.516873 -2.747428 6.824863
v 3.516873 -2.494298 6.461691
v 3.737294 -2.494298 6.461691
v 3.516873 -2.053214 6.343506
v 3.516873 -2.817193 6.784588
v 3.737294 -2.817193 6.784588
v 3.516873 -2.935380 7.225668
v 3.737294 -2.935380 7.225668
v 3.516873 -2.817192 7.666754
v 3.737294 -2.817192 7.666754
v 3.516873 -2.494297 7.989649
v 3.737294 -2.494297 7.989649
v 3.516873 -2.053214 8.107834
v 3.737294 -2.053214 8.107834
v 3.516873 -1.612131 7.989649
v 3.516873 -1.652409 7.919884
v 3.737294 -1.612131 7.989649
v 3.516873 -1.289237 7.666754
v 3.516873 -1.359001 7.626472
v 3.737294 -1.289237 7.666754
v 3.516873 -1.171048 7.225668
v 3.737294 -1.171048 7.225668
v 3.516873 -1.289236 6.784588
v 3.737294 -1.289236 6.784588
v 3.516873 -1.612131 6.461691
v 3.737294 -1.612131 6.461691
v 3.737294 -1.570832 6.390160
v 3.737294 -2.053214 6.343506
v 3.737294 -2.053214 6.260904
v 3.867548 -2.053214 6.111811
v 3.737294 -2.535598 6.390160
v 3.867548 -2.610145 6.261036
v 3.737294 -2.888725 6.743290
v 3.867548 -3.017846 6.668739
v 3.737294 -3.017979 7.225668
v 3.867548 -3.167074 7.225668
v 3.737294 -2.888724 7.708054
v 3.867548 -3.017845 7.782600
v 3.737294 -2.535596 8.061180
v 3.867548 -2.610144 8.190300
v 3.737294 -2.053214 8.190434
v 3.867548 -2.053214 8.339529
v 3.737294 -1.570832 8.061180
v 3.867548 -1.496284 8.190300
v 3.737294 -1.217704 7.708054
v 3.867548 -1.088583 7.782600
v 3.737294 -1.088450 7.225668
v 3.867548 -0.939354 7.225668
v 3.737294 -1.217704 6.743290
v 3.867548 -1.088583 6.668739
v 3.887156 -0.817726 6.512360
v 3.867548 -1.496284 6.261036
v 3.887156 -1.339905 5.990183
v 3.887156 -2.053214 5.799049
v 3.720855 -1.248051 5.831089
v 3.305619 -1.248051 5.831089
v 3.720855 -0.658631 6.420507
v 3.720855 -2.053214 5.615345
v 3.305619 -2.053214 5.615345
v 3.720855 -2.858378 5.831089
v 3.305619 -2.858378 5.831089
v 3.887156 -2.766525 5.990183
v 3.720855 -3.447797 6.420507
v 3.305619 -3.447797 6.420507
v 3.720855 -3.663540 7.225672
v 3.887156 -3.288702 6.512363
v 3.887156 -3.479833 7.225672
v 3.887156 -3.288702 7.938980
v 3.720856 -3.447796 8.030832
v 3.887156 -2.766523 8.461157
v 3.887156 -2.053214 8.652287
v 3.720855 -2.858377 8.620253
v 3.305619 -2.858377 8.620253
v 3.720855 -2.053214 8.835995
v 3.305619 -2.053214 8.835995
v 3.720855 -1.248051 8.620253
v 3.305619 -1.248051 8.620253
v 3.887156 -1.339905 8.461157
v 3.720855 -0.658632 8.030832
v 3.305619 -0.658632 8.030832
v 3.887156 -0.817727 7.938980
v 3.720855 -0.442889 7.225668
v 3.305619 -0.442889 7.225668
v 3.887156 -0.626596 7.225668
v 2.890383 -0.442889 7.225668
v 3.305619 -0.658631 6.420507
v 2.890383 -0.658631 6.420507
v 2.718987 -0.817957 6.512493
v 2.890384 -1.248051 5.831089
v 2.890384 -2.053214 5.615345
v 2.718987 -1.340038 5.990412
v 2.729898 -1.496284 6.261036
v 2.718987 -2.053214 5.799316
v 2.729899 -2.053214 6.111811
v 2.718987 -2.766391 5.990412
v 2.729898 -2.610145 6.261036
v 2.890384 -2.858378 5.831089
v 2.718987 -3.288472 6.512493
v 2.729898 -3.017846 6.668739
v 2.718987 -3.479567 7.225672
v 2.890383 -3.447797 6.420507
v 2.890383 -3.663540 7.225672
v 3.305619 -3.663540 7.225672
v 2.890384 -3.447796 8.030832
v 3.305620 -3.447796 8.030832
v 2.890383 -2.858377 8.620253
v 2.718987 -3.288471 7.938847
v 2.729898 -3.017845 7.782600
v 2.718987 -2.766390 8.460926
v 2.729898 -2.610144 8.190300
v 2.718987 -2.053214 8.652023
v 2.729898 -2.053214 8.339529
v 2.718987 -1.340038 8.460926
v 2.890383 -2.053214 8.835995
v 2.890383 -1.248051 8.620253
v 2.890383 -0.658632 8.030832
v 2.718987 -0.817957 7.938847
v 2.729898 -1.088583 7.782600
v 2.718987 -0.626862 7.225668
v 2.729898 -0.939354 7.225668
v 2.892446 -0.939354 7.225668
v 2.729898 -1.088583 6.668739
v 2.892446 -1.088583 6.668739
v 2.892446 -1.496284 6.261036
v 2.892446 -2.053214 6.111811
v 2.892446 -2.610145 6.261036
v 2.892446 -3.017846 6.668739
v 2.892446 -3.167074 7.225668
v 2.729898 -3.167074 7.225668
v 2.892446 -3.017845 7.782600
v 2.892446 -2.610144 8.190300
v 2.892446 -2.053214 8.339529
v 2.892446 -1.496284 8.190300
v 2.892446 -1.088583 7.782600
v 2.729898 -1.496284 8.190300
v 3.843562 -1.946349 5.089912
v 3.843562 -1.946349 4.054775
v 3.621984 -2.378023 4.847301
v 4.279858 0.174453 5.089912
v 4.179444 -0.559849 6.031242
v 2.238611 -2.368031 5.273184
v 2.238611 -2.378023 4.847301
v 2.238611 -0.241829 5.740377
v 2.238611 -2.368031 7.429161
v 2.201256 -2.378023 4.054775
v 2.201255 -2.378023 -0.202259
v 3.621984 -2.378023 4.054775
v 3.621983 -2.378023 -0.202259
v 3.843562 -1.946349 -0.202259
v 3.621983 -2.378023 -3.579395
v 3.826294 -1.937486 -3.773487
v 2.201255 -2.378023 -3.579395
v 2.192841 -2.387937 -3.798401
v 2.165998 -0.374799 -4.345337
v 2.165998 -2.387937 -5.792999
v 2.165998 -0.070279 -5.789101
v 1.922062 -2.387937 -7.799507
v 1.902706 -1.984666 -9.324417
v 1.902706 -1.960142 -9.906681
v 3.843207 -1.984666 -9.324417
v 4.202223 0.019182 -9.440868
v 3.875584 -2.103071 -7.868752
v 3.753755 -1.960142 -9.906681
v 4.004765 0.019182 -10.081360
v 3.538426 -1.780576 -10.364944
v 3.789110 -0.073010 -10.539623
v 1.923454 -1.541582 -10.472775
v 2.171708 -0.304299 -10.647449
v 2.171708 0.190792 -10.647449
v 1.935781 0.514272 -10.081360
v 1.935781 0.628658 -9.440868
v 3.901119 0.514272 -10.081360
v 3.998163 0.628658 -9.440868
v 3.685466 0.422080 -10.539623
v 4.036982 0.736935 -7.946388
v 4.241042 0.019182 -7.946388
v 4.075799 0.841056 -6.991936
v 1.935781 0.736935 -7.946388
v 1.935781 0.841056 -6.991936
v 1.935781 0.921858 -6.548950
v 1.900364 1.136911 -6.350426
v 1.887762 1.213426 -6.279789
v 3.548919 1.106305 -5.816952
v 3.354552 1.171930 -5.805111
v 4.095208 0.921858 -5.850231
v 2.969618 2.580838 -4.724941
v 3.294917 2.731185 -4.462399
v 2.853877 2.527346 -4.818356
v 1.682804 2.797161 -4.743477
v 1.689056 2.931802 -4.615417
v 1.680580 2.749256 -4.789043
v 1.670027 2.686246 -4.722706
v 1.876941 1.150472 -6.213444
v 2.836549 2.465896 -4.751980
v 3.337224 1.110480 -5.738735
v 1.650238 3.330356 -3.690197
v 1.650238 3.457798 -2.537235
v 3.256099 3.078042 -3.690197
v 3.465889 3.205483 -2.537235
v 4.160035 0.989178 -4.611652
v 4.162055 1.018902 -4.188583
v 4.260450 0.019182 -4.609699
v 4.262470 0.031306 -4.188583
v 4.299267 0.019182 -5.811413
v 4.160035 -0.792755 -4.530479
v 4.198853 -0.521031 -5.792007
v 4.179444 -1.045069 -7.014763
v 4.279859 0.019182 -7.001408
v 2.165998 -0.657569 -7.280201
v 4.267399 0.050775 -3.993248
v 4.279128 0.135607 -0.332932
v 4.182528 0.959243 -3.993294
v 3.867701 -1.746784 -3.614189
v 3.884442 -1.755023 -0.332935
v 4.177971 1.018557 -0.332928
v 3.520369 3.022777 -2.434681
v 3.540042 3.101386 -0.332943
v 3.445753 3.294590 -0.202259
v 3.272091 3.144381 2.318701
v 4.179444 1.018902 -0.202259
v 1.669647 3.546905 -0.202259
v 3.526864 3.120564 -0.064754
v 3.482885 2.986416 2.232887
v 4.175714 1.018034 -0.064663
v 4.044430 0.963172 3.884819
v 4.278345 0.135488 -0.064625
v 4.281319 0.174856 3.884792
v 3.877963 -1.779882 -0.064625
v 4.279858 0.135634 -0.202259
v 3.878272 -1.779946 3.884789
v 4.279858 0.174453 4.054775
v 4.024168 1.018902 4.054775
v 4.024168 0.905684 5.089912
v 2.514170 1.313394 4.429459
v 3.823210 1.129238 4.033279
v 3.622251 1.239575 4.011784
v 2.511309 1.435903 4.366144
v 3.173365 3.082811 2.461096
v 3.074637 3.021241 2.603489
v 1.670557 3.241012 2.580950
v 1.671468 3.136255 2.691191
v 1.669647 3.345769 2.470707
v 1.660955 3.085205 2.642910
v 2.496132 1.446189 4.254374
v 3.058661 2.972038 2.554789
v 3.606274 1.190372 3.963087
v 2.508447 1.496671 4.302828
v 2.497082 1.106697 5.076525
v 2.514170 1.101676 6.013285
v 2.504485 1.023350 7.381729
v 4.024168 0.853663 6.013285
v 4.024168 0.824782 7.386625
v 4.279859 0.198074 6.021614
v 4.279859 0.232680 7.386625
v 4.279859 0.212625 8.431145
v 4.179444 -0.132854 7.389860
v 4.179444 -0.462804 8.437937
v 2.238611 0.236705 7.417366
v 2.238611 -0.133072 8.711042
v 2.238611 -2.368031 9.223082
v 2.226466 -1.947529 10.248980
v 3.790386 -1.884576 9.392450
v 4.143996 0.193861 9.408379
v 3.502752 -1.959063 9.990644
v 3.927130 0.159896 10.378820
v 3.771852 0.684100 10.200905
v 2.514169 -0.071393 10.547886
v 2.514170 0.719702 10.384361
v 2.514170 0.853493 9.408379
v 2.514170 0.956453 8.425472
v 3.888306 0.776292 9.408379
v 4.024168 0.822042 8.425472
v -3.843561 -1.946349 5.089912
v -3.843562 -1.946349 4.054775
v -3.621984 -2.378023 4.847301
v -4.279860 0.174453 5.089912
v -4.179443 -0.559849 6.031242
v -2.238612 -2.368031 5.273184
v -2.238612 -2.378023 4.847301
v -2.238613 -0.241829 5.740377
v -2.238612 -2.368031 7.429161
v 0.000000 -2.378023 5.089912
v 0.000001 -2.378023 7.438372
v 0.000000 -2.373344 4.837599
v 0.000000 -2.378023 4.054775
v 0.000000 -2.378023 -0.202259
v -2.201257 -2.378023 4.054775
v -2.201255 -2.378023 -0.202259
v -3.621984 -2.378023 4.054775
v -3.621983 -2.378023 -0.202259
v -3.843562 -1.946349 -0.202259
v -3.621983 -2.378023 -3.579395
v -3.826295 -1.937486 -3.773487
v -2.201255 -2.378023 -3.579395
v 0.000000 -2.378023 -3.579395
v -2.192841 -2.387937 -3.798401
v 0.000000 -2.378023 -3.773487
v -2.165998 -0.374799 -4.345337
v -2.165998 -2.387937 -5.792999
v -2.165998 -0.070279 -5.789101
v -1.922060 -2.387937 -7.799507
v -0.000000 -2.378023 -5.792007
v -0.000000 -2.378023 -7.868752
v 0.000001 -1.984666 -9.324417
v 0.000001 -1.960142 -9.906681
v -1.902705 -1.984666 -9.324417
v -1.902705 -1.960142 -9.906681
v -3.843205 -1.984666 -9.324417
v -4.202222 0.019182 -9.440868
v -3.875584 -2.103071 -7.868752
v -3.753755 -1.960142 -9.906681
v -4.004765 0.019182 -10.081360
v -3.538425 -1.780576 -10.364944
v -3.789109 -0.073010 -10.539623
v -1.923452 -1.541582 -10.472775
v -2.171706 -0.304299 -10.647449
v 0.000001 -1.507365 -10.526688
v 0.000001 -0.284890 -10.701363
v 0.000001 0.210200 -10.701363
v -2.171706 0.190792 -10.647449
v 0.000001 0.514272 -10.081360
v 0.000001 0.628658 -9.440868
v -1.935781 0.514272 -10.081360
v -1.935781 0.628658 -9.440868
v -3.901119 0.514272 -10.081360
v -3.998164 0.628658 -9.440868
v -3.685467 0.422080 -10.539623
v -4.036982 0.736935 -7.946388
v -4.241042 0.019182 -7.946388
v -4.075799 0.841056 -6.991936
v -1.935781 0.736935 -7.946388
v -1.935781 0.841056 -6.991936
v -0.000000 0.736935 -7.946388
v -0.000000 0.841056 -6.991936
v -0.000000 0.921858 -6.684814
v -1.935781 0.921858 -6.548950
v -0.000000 1.135171 -6.482067
v -0.000000 1.211068 -6.409931
v -1.900364 1.136911 -6.350426
v -1.887762 1.213426 -6.279789
v -3.548918 1.106305 -5.816952
v -3.354551 1.171930 -5.805111
v -4.095208 0.921858 -5.850231
v -2.969619 2.580838 -4.724941
v -3.294916 2.731185 -4.462399
v -2.853878 2.527346 -4.818356
v -1.682804 2.797161 -4.743477
v -1.689057 2.931802 -4.615417
v -1.680580 2.749256 -4.789043
v -0.000000 2.877234 -4.790611
v -0.000000 3.012251 -4.662502
v -0.000000 2.829195 -4.836193
v -0.000000 2.765122 -4.770195
v -0.000000 1.146995 -6.343933
v -1.670026 2.686246 -4.722706
v -1.876941 1.150472 -6.213444
v -2.836550 2.465896 -4.751980
v -3.337223 1.110480 -5.738735
v -0.000000 3.426711 -3.690197
v -0.000000 3.554153 -2.537235
v -1.650237 3.330356 -3.690197
v -1.650237 3.457798 -2.537235
v -3.256099 3.078042 -3.690197
v -3.465889 3.205483 -2.537235
v -4.160036 0.989178 -4.611652
v -4.162056 1.018902 -4.188583
v -4.260449 0.019182 -4.609699
v -4.262470 0.031306 -4.188583
v -4.299267 0.019182 -5.811413
v -4.160035 -0.792755 -4.530479
v -4.198853 -0.521031 -5.792007
v -4.179444 -1.045069 -7.014763
v -4.279860 0.019182 -7.001408
v -2.165998 -0.657569 -7.280201
v -4.267399 0.050775 -3.993248
v -4.279127 0.135607 -0.332935
v -4.182528 0.959243 -3.993294
v -3.867702 -1.746784 -3.614189
v -3.884442 -1.755023 -0.332935
v -4.177971 1.018557 -0.332928
v -3.520369 3.022777 -2.434681
v -3.540043 3.101386 -0.332943
v -3.445752 3.294590 -0.202259
v -3.272090 3.144381 2.318701
v -4.179444 1.018902 -0.202259
v -1.669647 3.546905 -0.202259
v -3.526864 3.120564 -0.064754
v -3.493891 2.986416 2.232887
v -4.175714 1.018034 -0.064663
v -4.044430 0.963172 3.884819
v -4.278344 0.135488 -0.064625
v -4.281320 0.174856 3.884792
v -3.877963 -1.779882 -0.064625
v -4.279859 0.135634 -0.202259
v -3.878272 -1.779946 3.884789
v -4.279859 0.174453 4.054775
v -4.024167 1.018902 4.054775
v -4.024167 0.905684 5.089912
v -2.514170 1.375135 4.429459
v -3.823210 1.129238 4.033279
v -3.622252 1.239575 4.011784
v -2.511309 1.435903 4.366144
v -3.173366 3.082811 2.461096
v -3.074637 3.021241 2.603487
v -1.670558 3.241012 2.580950
v -1.671469 3.136255 2.691191
v -1.669647 3.345769 2.470707
v -0.000000 3.300348 2.699833
v -0.000000 3.197642 2.811987
v -0.000000 3.403055 2.587677
v -0.000000 3.663540 -0.202259
v -0.000000 3.145573 2.764147
v 0.000000 1.558249 4.549627
v -1.660955 3.085205 2.642910
v -2.496132 1.446189 4.254374
v -3.058661 2.972038 2.554789
v -3.606276 1.190372 3.963087
v -2.508448 1.496671 4.302828
v 0.000000 1.610320 4.597467
v 0.000000 1.551793 4.663082
v 0.000000 1.493267 4.728693
v 0.000000 1.485254 5.089912
v 0.000000 1.446712 6.013285
v -2.514170 1.214348 5.089912
v -2.514170 1.101676 6.013285
v -2.514170 1.099342 7.386625
v -4.024167 0.853663 6.013285
v -4.024167 0.824782 7.386625
v -4.279860 0.198074 6.021614
v -4.279860 0.232680 7.386625
v -4.279860 0.212625 8.431145
v -4.179443 -0.132854 7.389860
v -4.179443 -0.462804 8.437937
v -2.238613 0.236705 7.417366
v -2.238612 -0.133072 8.711042
v -2.238612 -2.368031 9.223082
v -0.000000 -2.378023 9.392450
v -2.226466 -1.947529 10.248980
v -3.790388 -1.884576 9.392450
v -4.143998 0.193861 9.408379
v -3.502752 -1.959063 9.990644
v -3.927129 0.159896 10.378820
v -3.771852 0.684100 10.200905
v -2.514169 -0.071393 10.547886
v -2.514169 0.719702 10.384361
v -0.000001 -0.051983 10.870062
v -0.000001 0.756279 10.543886
v -0.000000 -1.896562 10.481886
v -0.000001 1.072816 9.408379
v -0.000001 1.194121 8.425472
v -2.514170 0.853493 9.408379
v -2.514170 0.956453 8.425472
v -3.888306 0.776292 9.408379
v -4.024167 0.822042 8.425472
v 0.000000 1.315427 7.386625
v 3.332112 -0.738371 -10.285969
v 3.121889 -0.687504 -10.295547
v 3.059292 -0.189946 -10.329914
v 3.121889 0.225523 -10.358616
v 3.332112 0.272391 -10.368191
v 3.542332 0.225523 -10.358616
v 3.604931 -0.189946 -10.329914
v 3.542332 -0.687504 -10.295547
v 3.332112 -0.669226 -10.580879
v 3.166887 -0.635752 -10.588406
v 3.117690 -0.209834 -10.617828
v 3.166887 0.133995 -10.641579
v 3.332112 0.169469 -10.649101
v 3.497334 0.133995 -10.641579
v 3.546533 -0.209834 -10.617828
v 3.497334 -0.635752 -10.588406
v 3.121889 -0.707392 -10.583454
v 3.332112 -0.755259 -10.573879
v 3.059292 -0.209834 -10.617828
v 3.121889 0.205636 -10.646526
v 3.332112 0.255502 -10.656105
v 3.542332 0.205636 -10.646526
v 3.604931 -0.209834 -10.617828
v 3.542332 -0.707392 -10.583454
v 3.332112 -0.424756 -10.676109
v 3.229789 -0.420477 -10.681980
v 3.169382 -0.215245 -10.696156
v 3.229789 -0.010013 -10.710335
v 3.332112 -0.006769 -10.716206
v 3.434433 -0.010013 -10.710335
v 3.494842 -0.215245 -10.696156
v 3.434433 -0.420477 -10.681980
v 3.332112 -0.311261 -10.740799
v 3.286659 -0.310108 -10.743412
v 3.259826 -0.218944 -10.749706
v 3.286659 -0.127779 -10.756004
v 3.332112 -0.125590 -10.758614
v 3.377563 -0.127779 -10.756004
v 3.404397 -0.218944 -10.749706
v 3.377563 -0.310108 -10.743412
v 3.287301 0.728583 -7.663799
v 3.248482 0.620307 -9.400890
v 2.975680 0.832704 -6.770065
v 3.263391 0.809564 -7.711716
v 3.224572 0.701288 -9.448807
v 2.951771 0.913686 -6.817986
v 1.187304 0.809564 -7.954327
v 1.187304 0.701288 -9.448807
v 1.187304 0.913686 -6.905529
v 1.186100 0.832704 -6.857613
v 3.151438 0.452364 -10.041382
v 2.935784 0.291170 -10.499645
v 2.935784 0.255407 -10.573151
v 1.422027 -0.280065 -10.637741
v 2.935784 -0.048776 -10.597343
v 1.423230 -0.199083 -10.732258
v 2.911875 0.032206 -10.636772
v 1.423230 0.171600 -10.707508
v 2.911875 0.336389 -10.635639
v 1.423230 0.263422 -10.655388
v 2.911875 0.428210 -10.547565
v 1.187304 0.586902 -10.089298
v 3.127528 0.586902 -10.089298
v -3.287301 0.728583 -7.663799
v -3.248483 0.620307 -9.400890
v -2.975681 0.832704 -6.770065
v -3.263391 0.809564 -7.711716
v -3.224573 0.701288 -9.448807
v -2.951771 0.913686 -6.817986
v -1.187303 0.809564 -7.954327
v -1.187303 0.701288 -9.448807
v -1.187303 0.913686 -6.905529
v -0.000000 0.809564 -7.954327
v 0.000001 0.701288 -9.448807
v -0.000000 0.913686 -6.932484
v -0.000000 0.832704 -6.884567
v -1.186099 0.832704 -6.857613
v -3.151438 0.452364 -10.041382
v -2.935785 0.291170 -10.499645
v -2.935785 0.255407 -10.573151
v -1.422025 -0.280065 -10.637741
v -2.935785 -0.048776 -10.597343
v 0.000001 -0.260656 -10.677887
v -1.423229 -0.199083 -10.732258
v -2.911875 0.032206 -10.636772
v 0.000001 -0.179674 -10.786175
v -1.423229 0.171600 -10.707508
v -2.911875 0.336389 -10.635639
v 0.000001 0.191010 -10.761421
v -1.423229 0.263422 -10.655388
v -2.911875 0.428210 -10.547565
v 0.000001 0.282830 -10.709305
v -1.187303 0.586902 -10.089298
v -3.127528 0.586902 -10.089298
v 0.000001 0.586902 -10.089298
v 1.307650 -0.795209 -9.788998
v 1.417372 -0.695371 -9.800556
v 1.307650 -0.895467 -10.655331
v 1.417372 -0.795629 -10.666885
v 1.417372 -0.372688 -10.715828
v 1.310471 -0.275417 -10.727085
v 1.417372 -0.272431 -9.849499
v 1.310471 -0.175159 -9.860756
v 0.000001 -0.795209 -9.788998
v 0.000001 -0.895467 -10.655331
v 0.000001 -0.175159 -9.860756
v -1.307649 -0.795209 -9.788998
v -1.417372 -0.695371 -9.800556
v -1.307649 -0.895467 -10.655331
v -1.417372 -0.795629 -10.666885
v -1.417372 -0.372688 -10.715828
v -1.310470 -0.275417 -10.727085
v -1.417372 -0.272431 -9.849499
v -1.310470 -0.175159 -9.860756
v 0.000001 -0.275417 -10.727085
v 1.307649 -2.169179 10.558714
v 1.417373 -2.061010 10.577112
v 1.307649 -2.022924 9.698952
v 1.417373 -1.914756 9.717352
v 1.417373 -1.456525 9.795303
v 1.310470 -1.351137 9.813231
v 1.417373 -1.602779 10.655064
v 1.310471 -1.497392 10.672989
v -0.000000 -2.169179 10.558714
v -0.000000 -2.022924 9.698952
v -0.000000 -1.497392 10.672989
v -1.307649 -2.169179 10.558714
v -1.417371 -2.061010 10.577112
v -1.307649 -2.022924 9.698952
v -1.417371 -1.914756 9.717352
v -1.417371 -1.456525 9.795303
v -1.310471 -1.351137 9.813231
v -1.417371 -1.602779 10.655064
v -1.310470 -1.497392 10.672989
v -0.000000 -1.351137 9.813231
v 4.139177 -1.403325 -9.889626
v 4.179213 -1.403325 -9.487209
v 4.065780 -1.403325 -10.203236
v 4.296508 -1.162225 -9.832569
v 3.530050 -1.403325 -9.637943
v 3.570085 -1.403325 -9.302776
v 3.456652 -1.403325 -9.899143
v 3.530912 -1.162225 -9.590420
v 3.530050 -0.921125 -9.637943
v 3.444174 -1.162225 -9.899097
v 3.578224 -1.162225 -9.194340
v 3.570085 -0.921125 -9.302776
v 3.564161 -1.162225 -8.950397
v 3.476669 -1.403325 -9.124935
v 3.476669 -0.921125 -9.124935
v 4.173288 -1.162225 -9.064129
v 4.085796 -1.403325 -9.273689
v 4.085796 -0.921125 -9.273689
v 4.343821 -1.162225 -9.357018
v 4.179213 -0.921125 -9.487209
v 4.139177 -0.921125 -9.889626
v 4.065780 -0.921125 -10.203236
v 4.209771 -1.162225 -10.203175
v 3.912312 -0.921125 -10.490154
v 3.456651 -0.921125 -9.899143
v 3.303184 -0.921125 -10.138119
v 3.262814 -1.162225 -10.129128
v 2.776052 -0.921125 -10.254826
v 2.796345 -1.162225 -10.267044
v 1.341457 -0.921125 -10.371529
v 3.385180 -0.921125 -10.630276
v 3.405473 -1.162225 -10.707836
v 1.950585 -0.921125 -10.770401
v 1.950352 -1.162225 -10.873425
v 1.341224 -1.162225 -10.404964
v 1.341457 -1.403325 -10.371529
v 2.776053 -1.403325 -10.254826
v 1.950585 -1.403325 -10.770401
v 3.385180 -1.403325 -10.630276
v 3.912312 -1.403325 -10.490154
v 4.028409 -1.162225 -10.542240
v 3.303184 -1.403325 -10.138119
v -4.139177 -1.403325 -9.889626
v -4.179213 -1.403325 -9.487209
v -4.065778 -1.403325 -10.203236
v -4.296508 -1.162225 -9.832569
v -3.530049 -1.403325 -9.637943
v -3.570084 -1.403325 -9.302776
v -3.456652 -1.403325 -9.899143
v -3.530912 -1.162225 -9.590420
v -3.530049 -0.921125 -9.637943
v -3.444174 -1.162225 -9.899097
v -3.578223 -1.162225 -9.194340
v -3.570084 -0.921125 -9.302776
v -3.564160 -1.162225 -8.950397
v -3.476669 -1.403325 -9.124935
v -3.476669 -0.921125 -9.124935
v -4.173288 -1.162225 -9.064129
v -4.085797 -1.403325 -9.273689
v -4.085797 -0.921125 -9.273689
v -4.343821 -1.162225 -9.357018
v -4.179213 -0.921125 -9.487209
v -4.139177 -0.921125 -9.889626
v -4.065778 -0.921125 -10.203236
v -4.209771 -1.162225 -10.203175
v -3.912312 -0.921125 -10.490154
v -3.456652 -0.921125 -9.899143
v -3.303184 -0.921125 -10.138119
v -3.262813 -1.162225 -10.129128
v -2.776052 -0.921125 -10.254826
v -2.796345 -1.162225 -10.267044
v -1.341456 -0.921125 -10.371529
v -3.385180 -0.921125 -10.630276
v -3.405473 -1.162225 -10.707836
v -1.950584 -0.921125 -10.770401
v -1.950351 -1.162225 -10.873425
v 0.000001 -0.921125 -10.883835
v 0.000001 -1.162225 -11.007473
v 0.000001 -0.921125 -10.466007
v 0.000001 -1.162225 -10.516613
v 0.000001 -1.403325 -10.466007
v -1.341222 -1.162225 -10.404964
v -1.341456 -1.403325 -10.371529
v -2.776052 -1.403325 -10.254826
v -1.950584 -1.403325 -10.770401
v -3.385180 -1.403325 -10.630276
v 0.000001 -1.403325 -10.883835
v -3.912311 -1.403325 -10.490154
v -4.028410 -1.162225 -10.542240
v -3.303183 -1.403325 -10.138119
v 4.139177 -0.978976 9.858732
v 4.179213 -0.978976 9.456318
v 4.065780 -0.978976 10.172340
v 4.296508 -1.220075 9.801676
v 3.530050 -0.978976 9.607050
v 3.570085 -0.978976 9.271883
v 3.456652 -0.978976 9.868252
v 3.530912 -1.220075 9.559528
v 3.530050 -1.461175 9.607050
v 3.444174 -1.220075 9.868202
v 3.578224 -1.220075 9.163445
v 3.570085 -1.461175 9.271883
v 3.564161 -1.220075 8.919504
v 3.476668 -0.978976 9.094042
v 3.476668 -1.461175 9.094042
v 4.173288 -1.220075 9.033237
v 4.085797 -0.978976 9.242798
v 4.085797 -1.461175 9.242798
v 4.343821 -1.220075 9.326122
v 4.179213 -1.461175 9.456318
v 4.139177 -1.461175 9.858732
v 4.065780 -1.461175 10.172340
v 4.209771 -1.220075 10.172283
v 3.912312 -1.461175 10.459259
v 3.456652 -1.461175 9.868252
v 3.303184 -1.461175 10.107222
v 3.262814 -1.220075 10.098236
v 2.776052 -1.461175 10.223928
v 2.796345 -1.220075 10.236155
v 1.341457 -1.461175 10.340635
v 3.385180 -1.461175 10.599382
v 3.405473 -1.220075 10.676939
v 1.950585 -1.461175 10.739508
v 1.950352 -1.220075 10.842531
v 1.341224 -1.220075 10.374073
v 1.341457 -0.978976 10.340635
v 2.776052 -0.978976 10.223928
v 1.950585 -0.978976 10.739508
v 3.385180 -0.978976 10.599382
v 3.912312 -0.978976 10.459259
v 4.028409 -1.220075 10.511347
v 3.303184 -0.978976 10.107222
v -4.139179 -0.978976 9.858732
v -4.179213 -0.978976 9.456318
v -4.065780 -0.978976 10.172340
v -4.296510 -1.220075 9.801676
v -3.530051 -0.978976 9.607050
v -3.570085 -0.978976 9.271883
v -3.456651 -0.978976 9.868252
v -3.530911 -1.220075 9.559528
v -3.530051 -1.461175 9.607050
v -3.444174 -1.220075 9.868202
v -3.578223 -1.220075 9.163445
v -3.570085 -1.461175 9.271883
v -3.564160 -1.220075 8.919504
v -3.476669 -0.978976 9.094042
v -3.476669 -1.461175 9.094042
v -4.173287 -1.220075 9.033237
v -4.085796 -0.978976 9.242798
v -4.085796 -1.461175 9.242798
v -4.343821 -1.220075 9.326122
v -4.179213 -1.461175 9.456318
v -4.139179 -1.461175 9.858732
v -4.065780 -1.461175 10.172340
v -4.209771 -1.220075 10.172283
v -3.912313 -1.461175 10.459259
v -3.456651 -1.461175 9.868252
v -3.303185 -1.461175 10.107222
v -3.262813 -1.220075 10.098236
v -2.776052 -1.461175 10.223928
v -2.796345 -1.220075 10.236155
v -1.341456 -1.461175 10.340635
v -3.385180 -1.461175 10.599382
v -3.405473 -1.220075 10.676939
v -1.950585 -1.461175 10.739508
v -1.950351 -1.220075 10.842531
v -0.000000 -1.461175 10.852942
v -0.000000 -1.220075 10.976580
v -0.000000 -1.461175 10.435114
v -0.000000 -1.220075 10.485720
v -0.000000 -0.978976 10.435114
v -1.341223 -1.220075 10.374073
v -1.341457 -0.978976 10.340635
v -2.776052 -0.978976 10.223928
v -1.950585 -0.978976 10.739508
v -3.385180 -0.978976 10.599382
v -0.000000 -0.978976 10.852942
v -3.912313 -0.978976 10.459259
v -4.028409 -1.220075 10.511347
v -3.303185 -0.978976 10.107222
v 2.988502 0.263004 10.380144
v 2.674079 0.132766 10.380144
v 3.302922 0.132766 10.380144
v 2.988502 0.263004 10.650623
v 2.674078 0.132766 10.650623
v 3.302922 0.132766 10.650623
v 2.988502 0.167823 10.650623
v 2.741382 0.065463 10.650623
v 3.235620 0.065463 10.650623
v 2.988502 0.091014 10.724215
v 2.795693 0.011151 10.724215
v 3.181309 0.011151 10.724215
v 2.988502 -0.060535 10.774521
v 2.902854 -0.096011 10.774521
v 3.074146 -0.096011 10.774521
v 3.109622 -0.181656 10.774521
v 3.074147 -0.267302 10.774521
v 3.261170 -0.181656 10.724215
v 3.181309 -0.374463 10.724215
v 3.337980 -0.181656 10.650623
v 3.235620 -0.428774 10.650623
v 3.433160 -0.181656 10.650623
v 3.302922 -0.496078 10.650623
v 3.433160 -0.181656 10.380144
v 3.302922 -0.496078 10.380144
v 2.988502 -0.626315 10.380144
v 2.674079 -0.496078 10.380144
v 2.988502 -0.626315 10.650623
v 2.674078 -0.496078 10.650623
v 2.988502 -0.531135 10.650623
v 2.741382 -0.428774 10.650623
v 2.988502 -0.454327 10.724215
v 2.795693 -0.374463 10.724215
v 2.988502 -0.302778 10.774521
v 2.902854 -0.267302 10.774521
v 2.867379 -0.181656 10.774521
v 2.715829 -0.181656 10.724215
v 2.639021 -0.181656 10.650623
v 2.543840 -0.181656 10.650623
v 2.543840 -0.181656 10.380144
v 2.437335 -0.056391 10.767424
v 2.553006 -0.645910 10.616493
v 2.553045 0.277752 10.624706
v 2.382668 -0.056117 10.771477
v 2.429359 -0.064334 10.614635
v 3.604343 -0.067008 10.539301
v 2.545032 -0.653853 10.463707
v 2.545069 0.269808 10.471916
v 3.446980 0.269558 10.389273
v 3.454956 0.277501 10.542061
v 3.612319 -0.059065 10.692087
v 3.490495 0.327643 10.516623
v 3.668334 -0.056117 10.681181
v 2.498338 0.327643 10.606916
v 3.490495 0.327643 10.191067
v 3.668334 -0.056117 10.346107
v 2.498338 0.327643 10.391842
v 2.342191 0.327643 10.407413
v 2.186045 0.327643 10.422989
v 2.342191 0.327643 10.622488
v 2.342191 -0.698760 10.407413
v 2.498338 -0.698760 10.391842
v 2.186045 -0.698760 10.422989
v 2.342191 -0.698760 10.622488
v 2.498338 -0.698760 10.606916
v 2.186045 -0.698760 10.638062
v 2.233751 -0.056117 10.787048
v 2.309381 -0.671645 10.632330
v 2.209950 -0.671615 10.642118
v 2.205150 -0.054824 10.787752
v 2.301311 -0.676959 10.561869
v 2.201881 -0.676929 10.571657
v 2.197083 -0.060138 10.717291
v 2.105283 -0.062653 10.731331
v 2.297827 0.296452 10.566107
v 2.199985 0.296405 10.575747
v 2.305897 0.301766 10.636568
v 2.208054 0.301719 10.646208
v 2.113353 -0.057340 10.801792
v 2.186045 0.327643 10.638062
v 2.029899 0.327643 10.653633
v 2.084833 -0.056117 10.802622
v 1.935917 -0.056117 10.818193
v 2.029899 -0.698760 10.653633
v 1.907480 -0.054970 10.819130
v 1.994856 0.301799 10.667671
v 1.997808 -0.671659 10.663462
v 1.899410 -0.060283 10.748669
v 1.807295 -0.062506 10.762245
v 1.986786 0.296485 10.597210
v 1.989738 -0.676973 10.593000
v 1.890103 -0.676943 10.602808
v 1.898171 -0.671629 10.673271
v 1.815364 -0.057193 10.832706
v 1.873753 -0.698760 10.669207
v 1.717607 -0.698760 10.684778
v 1.873753 -0.698760 10.454134
v 1.787000 -0.056117 10.833767
v 1.638083 -0.056117 10.849339
v 1.873753 0.327643 10.669207
v 1.717607 0.327643 10.684778
v 1.873753 0.327643 10.454134
v 1.896493 0.301752 10.677364
v 1.888425 0.296439 10.606903
v 2.029899 0.327643 10.438559
v 1.717607 0.327643 10.469706
v 1.717607 -0.698760 10.469706
v 1.561460 -0.698760 10.485277
v 1.405313 -0.698760 10.500851
v 1.561460 -0.698760 10.700352
v 1.405313 -0.698760 10.715925
v 1.489167 -0.056117 10.864912
v 1.586404 -0.671643 10.704422
v 1.686219 -0.671673 10.694593
v 1.517393 -0.057044 10.863617
v 1.578336 -0.676957 10.633959
v 1.678151 -0.676987 10.624132
v 1.509323 -0.062358 10.793154
v 1.601723 -0.060431 10.780048
v 1.576895 0.296472 10.638056
v 1.584965 0.301785 10.708519
v 1.675710 0.296519 10.628317
v 1.683779 0.301833 10.698778
v 1.609792 -0.055118 10.850510
v 1.561460 0.327643 10.700352
v 1.405313 0.327643 10.715925
v 1.561460 0.327643 10.485277
v 1.405313 0.327643 10.500851
v 1.249169 0.327643 10.516424
v 1.249169 -0.698760 10.516424
v 1.093022 -0.698760 10.531998
v 1.249169 -0.698760 10.731497
v 1.093022 -0.698760 10.747070
v 1.191334 -0.056117 10.896057
v 1.274650 -0.671657 10.735571
v 1.266580 -0.676970 10.665110
v 1.374619 -0.671687 10.725727
v 1.219440 -0.056894 10.894524
v 1.273463 0.301819 10.739668
v 1.211370 -0.062208 10.824060
v 1.304018 -0.060581 10.811432
v 1.265394 0.296506 10.669207
v 1.364599 0.296553 10.659428
v 1.372669 0.301866 10.729889
v 1.312088 -0.055266 10.881893
v 1.340250 -0.056117 10.880486
v 1.366549 -0.677001 10.655266
v 1.249169 0.327643 10.731497
v 1.093022 0.327643 10.747070
v 0.936876 0.327643 10.762644
v 1.093022 0.327643 10.531998
v 1.042418 -0.056117 10.911631
v 1.061522 0.301901 10.761003
v 0.961993 0.301854 10.770815
v 1.014367 -0.055417 10.913282
v 1.053453 0.296587 10.690540
v 0.953924 0.296540 10.700354
v 1.006297 -0.060730 10.842821
v 0.913432 -0.062057 10.854963
v 1.054935 -0.677015 10.686399
v 1.063004 -0.671701 10.756863
v 0.954838 -0.676985 10.696259
v 0.962907 -0.671671 10.766720
v 0.921501 -0.056743 10.925426
v 0.936877 -0.698760 10.762644
v 0.780731 -0.698760 10.778217
v 0.936877 -0.698760 10.547569
v 0.893500 -0.056117 10.927204
v 0.744583 -0.056117 10.942776
v 0.780730 0.327643 10.778217
v 0.716628 -0.055567 10.944672
v 0.750341 0.301935 10.792122
v 0.751377 -0.671715 10.787998
v 0.708559 -0.060881 10.874210
v 0.615511 -0.061905 10.885862
v 0.742272 0.296621 10.721657
v 0.743308 -0.677029 10.717539
v 0.643108 -0.676999 10.727407
v 0.651177 -0.671685 10.797867
v 0.623580 -0.056592 10.956326
v 0.624584 -0.698760 10.793789
v 0.468439 -0.698760 10.809362
v 0.624584 -0.698760 10.578714
v 0.595667 -0.056117 10.958351
v 0.446750 -0.056117 10.973923
v 0.624583 0.327643 10.793789
v 0.468438 0.327643 10.809362
v 0.624583 0.327643 10.578714
v 0.650555 0.301888 10.801960
v 0.642485 0.296574 10.731497
v 0.780730 0.327643 10.563143
v 0.468438 0.327643 10.594290
v 0.468439 -0.698760 10.594290
v 0.312293 -0.698760 10.609863
v 0.156147 -0.698760 10.625435
v 0.312293 -0.698760 10.824936
v 0.156147 -0.698760 10.840508
v 0.297833 -0.056117 10.989496
v 0.339459 -0.671699 10.829016
v 0.439735 -0.671730 10.819138
v 0.325676 -0.056441 10.987221
v 0.331390 -0.677013 10.758551
v 0.431664 -0.677044 10.748676
v 0.317607 -0.061754 10.916759
v 0.410805 -0.061032 10.905609
v 0.331076 0.296608 10.762638
v 0.431055 0.296656 10.752779
v 0.339145 0.301922 10.833099
v 0.439124 0.301969 10.823242
v 0.312292 0.327643 10.824936
v 0.156146 0.327643 10.840508
v 0.312292 0.327643 10.609863
v 0.156146 0.327643 10.625435
v 0.128079 -0.671745 10.850277
v 0.121102 -0.055869 11.007469
v 0.120009 -0.677058 10.779814
v 0.113033 -0.061183 10.937006
v 0.119803 0.296690 10.783903
v 0.127872 0.302003 10.854364
v 0.148916 -0.056117 11.005068
v 0.418874 -0.055718 10.976068
v 0.780731 -0.698760 10.563143
v 0.936876 0.327643 10.547569
v 2.029899 -0.698760 10.438559
v 3.490495 -0.698760 10.516623
v 3.490495 -0.698760 10.191067
v 3.448853 -0.645731 10.534292
v 3.440878 -0.653674 10.381504
v -2.437335 -0.056391 10.767424
v -2.553005 -0.645910 10.616493
v -2.553045 0.277752 10.624706
v -2.382668 -0.056117 10.771477
v -2.429361 -0.064334 10.614635
v -3.604343 -0.067008 10.539301
v -2.545032 -0.653853 10.463707
v -2.545069 0.269808 10.471916
v -3.446980 0.269558 10.389273
v -3.454956 0.277501 10.542061
v -3.612319 -0.059065 10.692087
v -3.490495 0.327643 10.516623
v -3.668334 -0.056117 10.681181
v -2.498338 0.327643 10.606916
v -3.490495 0.327643 10.191067
v -3.668334 -0.056117 10.346107
v -2.498338 0.327643 10.391842
v -2.342192 0.327643 10.407413
v -2.186045 0.327643 10.422989
v -2.342192 0.327643 10.622488
v -2.342192 -0.698760 10.407413
v -2.498338 -0.698760 10.391842
v -2.186045 -0.698760 10.422989
v -2.342192 -0.698760 10.622488
v -2.498338 -0.698760 10.606916
v -2.186045 -0.698760 10.638062
v -2.233752 -0.056117 10.787048
v -2.309381 -0.671645 10.632330
v -2.209952 -0.671615 10.642118
v -2.205152 -0.054824 10.787752
v -2.301311 -0.676959 10.561869
v -2.201881 -0.676929 10.571657
v -2.197083 -0.060138 10.717291
v -2.105283 -0.062653 10.731331
v -2.297828 0.296452 10.566107
v -2.199985 0.296405 10.575747
v -2.305898 0.301766 10.636568
v -2.208055 0.301719 10.646208
v -2.113352 -0.057340 10.801792
v -2.186045 0.327643 10.638062
v -2.029900 0.327643 10.653633
v -2.084835 -0.056117 10.802622
v -1.935917 -0.056117 10.818193
v -2.029900 -0.698760 10.653633
v -1.907480 -0.054970 10.819130
v -1.994856 0.301799 10.667671
v -1.997808 -0.671659 10.663462
v -1.899410 -0.060283 10.748669
v -1.807296 -0.062506 10.762245
v -1.986786 0.296485 10.597210
v -1.989738 -0.676973 10.593000
v -1.890103 -0.676943 10.602808
v -1.898172 -0.671629 10.673271
v -1.815364 -0.057193 10.832706
v -1.873754 -0.698760 10.669207
v -1.717607 -0.698760 10.684778
v -1.873754 -0.698760 10.454134
v -1.787001 -0.056117 10.833767
v -1.638084 -0.056117 10.849339
v -1.873754 0.327643 10.669207
v -1.717607 0.327643 10.684778
v -1.873754 0.327643 10.454134
v -1.896495 0.301752 10.677364
v -1.888427 0.296439 10.606903
v -2.029900 0.327643 10.438559
v -1.717607 0.327643 10.469706
v -1.717607 -0.698760 10.469706
v -1.561462 -0.698760 10.485277
v -1.405315 -0.698760 10.500851
v -1.561462 -0.698760 10.700352
v -1.405315 -0.698760 10.715925
v -1.489168 -0.056117 10.864912
v -1.586405 -0.671643 10.704422
v -1.686221 -0.671673 10.694593
v -1.517393 -0.057044 10.863617
v -1.578336 -0.676957 10.633959
v -1.678151 -0.676987 10.624132
v -1.509323 -0.062358 10.793154
v -1.601725 -0.060431 10.780048
v -1.576895 0.296472 10.638056
v -1.584965 0.301785 10.708519
v -1.675709 0.296519 10.628317
v -1.683779 0.301833 10.698778
v -1.609792 -0.055118 10.850510
v -1.561462 0.327643 10.700352
v -1.405315 0.327643 10.715925
v -1.561462 0.327643 10.485277
v -1.405315 0.327643 10.500851
v -1.249169 0.327643 10.516424
v -1.249169 -0.698760 10.516424
v -1.093022 -0.698760 10.531998
v -1.249169 -0.698760 10.731497
v -1.093022 -0.698760 10.747070
v -1.191334 -0.056117 10.896057
v -1.274650 -0.671657 10.735571
v -1.266581 -0.676970 10.665110
v -1.374619 -0.671687 10.725727
v -1.219440 -0.056894 10.894524
v -1.273463 0.301819 10.739668
v -1.211370 -0.062208 10.824060
v -1.304018 -0.060581 10.811432
v -1.265395 0.296506 10.669207
v -1.364599 0.296553 10.659428
v -1.372668 0.301866 10.729889
v -1.312088 -0.055266 10.881893
v -1.340252 -0.056117 10.880486
v -1.366549 -0.677001 10.655266
v -1.249169 0.327643 10.731497
v -1.093022 0.327643 10.747070
v -0.936877 0.327643 10.762644
v -1.093022 0.327643 10.531998
v -1.042418 -0.056117 10.911631
v -1.061522 0.301901 10.761003
v -0.961995 0.301854 10.770815
v -1.014367 -0.055417 10.913282
v -1.053454 0.296587 10.690540
v -0.953926 0.296540 10.700354
v -1.006297 -0.060730 10.842821
v -0.913433 -0.062057 10.854963
v -1.054935 -0.677015 10.686399
v -1.063004 -0.671701 10.756863
v -0.954838 -0.676985 10.696259
v -0.962907 -0.671671 10.766720
v -0.921502 -0.056743 10.925426
v -0.936876 -0.698760 10.762644
v -0.780730 -0.698760 10.778217
v -0.936876 -0.698760 10.547569
v -0.893501 -0.056117 10.927204
v -0.744584 -0.056117 10.942776
v -0.780731 0.327643 10.778217
v -0.716629 -0.055567 10.944672
v -0.750342 0.301935 10.792122
v -0.751375 -0.671715 10.787998
v -0.708560 -0.060881 10.874210
v -0.615512 -0.061905 10.885862
v -0.742273 0.296621 10.721657
v -0.743306 -0.677029 10.717539
v -0.643107 -0.676999 10.727407
v -0.651176 -0.671685 10.797867
v -0.623581 -0.056592 10.956326
v -0.624584 -0.698760 10.793789
v -0.468437 -0.698760 10.809362
v -0.624584 -0.698760 10.578714
v -0.595667 -0.056117 10.958351
v -0.446751 -0.056117 10.973923
v -0.624584 0.327643 10.793789
v -0.468438 0.327643 10.809362
v -0.624585 0.327643 10.578714
v -0.650555 0.301888 10.801960
v -0.642486 0.296574 10.731497
v -0.780731 0.327643 10.563143
v -0.468438 0.327643 10.594290
v -0.468437 -0.698760 10.594290
v -0.312292 -0.698760 10.609863
v -0.156146 -0.698760 10.625435
v -0.312292 -0.698760 10.824936
v -0.156146 -0.698760 10.840508
v -0.297834 -0.056117 10.989496
v -0.339458 -0.671699 10.829016
v -0.439734 -0.671730 10.819138
v -0.325677 -0.056441 10.987221
v -0.331389 -0.677013 10.758551
v -0.431665 -0.677044 10.748676
v -0.317608 -0.061754 10.916759
v -0.410806 -0.061032 10.905609
v -0.331078 0.296608 10.762638
v -0.431056 0.296656 10.752779
v -0.339147 0.301922 10.833099
v -0.439125 0.301969 10.823242
v -0.312293 0.327643 10.824936
v -0.156147 0.327643 10.840508
v -0.312293 0.327643 10.609863
v -0.156147 0.327643 10.625435
v -0.000001 0.327643 10.641008
v -0.000000 -0.698760 10.641008
v -0.000000 -0.698760 10.856083
v -0.000000 -0.671732 10.863003
v -0.000000 -0.677046 10.792542
v -0.128078 -0.671745 10.850277
v -0.121103 -0.055869 11.007469
v -0.120009 -0.677058 10.779814
v -0.113034 -0.061183 10.937006
v -0.000001 -0.061431 10.950180
v -0.119804 0.296690 10.783903
v -0.000001 0.296675 10.796621
v -0.127873 0.302003 10.854364
v -0.000001 0.301989 10.867083
v -0.000001 0.327643 10.856083
v -0.148917 -0.056117 11.005068
v -0.418875 -0.055718 10.976068
v -0.780730 -0.698760 10.563143
v -0.936877 0.327643 10.547569
v -2.029900 -0.698760 10.438559
v -3.490495 -0.698760 10.516623
v -3.490495 -0.698760 10.191067
v -3.448853 -0.645731 10.534292
v -3.440880 -0.653674 10.381504
v 3.220976 1.042199 7.386625
v 3.220976 1.078917 6.013285
v 3.220976 0.990698 7.386625
v 3.220976 0.953930 8.425472
v 3.220976 0.866155 9.408379
v 3.220976 0.847808 8.425472
v 3.220977 0.543250 9.408379
v 3.220977 0.527835 10.448935
v 3.220977 0.741250 10.361729
v 3.220976 0.993032 6.013285
v 3.220976 1.053607 5.089912
v 3.220976 1.072905 5.089912
v -3.220976 1.042199 7.386625
v -3.220976 1.078917 6.013285
v -3.220976 0.990698 7.386625
v 0.000000 1.326306 7.386625
v -3.220976 0.953930 8.425472
v -0.000001 1.205000 8.425472
v -3.220976 0.866155 9.408379
v -3.220976 0.847808 8.425472
v -3.220976 0.543250 9.408379
v -0.000001 0.710476 9.408379
v -3.220976 0.527835 10.448935
v -3.220976 0.741250 10.361729
v -0.000001 0.608538 10.640594
v -0.000001 0.828128 10.574038
v -0.000001 1.083695 9.408379
v -3.220976 0.993032 6.013285
v 0.000000 1.324512 5.089912
v 0.000000 1.496134 5.089912
v -3.220976 1.053607 5.089912
v -3.220976 1.072905 5.089912
v 0.000000 1.457591 6.013285
v 4.001101 1.370742 -4.272995
v 3.955052 1.359908 -4.841743
v 3.650095 2.210323 -3.655495
v 4.017118 1.445302 -4.316128
v 3.977183 1.435905 -4.809391
v 3.712701 2.173450 -3.780590
v 3.685233 2.154659 -4.259758
v 3.727588 2.004331 -4.452362
v 3.618423 2.188656 -4.207996
v 3.667260 2.015324 -4.430077
v 3.900079 1.468241 -4.847157
v 3.622196 2.009907 -4.912159
v 3.866972 1.462824 -5.296741
v 3.688505 1.999634 -4.870464
v 3.900794 1.525162 -5.203999
v 3.929507 1.529860 -4.814091
v 4.213213 0.050775 -3.993248
v 4.224943 0.135607 -0.332932
v 4.128344 0.959243 -3.993294
v 3.813517 -1.746784 -3.614189
v 4.344171 0.050775 -3.993248
v 4.355901 0.135607 -0.332932
v 4.259302 0.959243 -3.993294
v 3.944475 -1.746784 -3.614189
v 3.961216 -1.755023 -0.332935
v 3.830258 -1.755023 -0.332935
v 4.254744 1.018557 -0.332928
v 3.597142 3.022777 -2.434681
v 4.214733 1.109311 -3.693821
v 4.208145 1.160490 -0.484669
v 3.643026 2.880774 -2.355072
v 4.092660 1.109311 -3.693821
v 4.086073 1.160490 -0.484669
v 3.520954 2.880774 -2.355072
v 3.540778 2.951464 -0.484711
v 3.662849 2.951464 -0.484711
v 3.616816 3.101386 -0.332943
v 3.485858 3.101386 -0.332943
v 3.466184 3.022777 -2.434681
v 4.123786 1.018557 -0.332928
v 4.237017 1.034276 -3.843555
v 3.639832 3.026424 -0.408829
v 3.620084 2.951775 -2.394875
v 4.231444 1.089524 -0.408798
v 4.227135 0.174856 3.884792
v 4.224160 0.135488 -0.064625
v 3.990245 0.963172 3.884819
v 3.824087 -1.779946 3.884789
v 4.358093 0.174856 3.884792
v 4.355118 0.135488 -0.064625
v 4.121203 0.963172 3.884819
v 3.955045 -1.779946 3.884789
v 3.954736 -1.779882 -0.064625
v 3.823779 -1.779882 -0.064625
v 4.252488 1.018034 -0.064663
v 3.606440 2.986416 2.232887
v 4.086603 1.112482 3.570042
v 4.205758 1.161857 0.087090
v 3.650150 2.845331 2.156319
v 3.964531 1.112482 3.570042
v 4.083686 1.161857 0.087090
v 3.528078 2.845331 2.156319
v 3.522715 2.965315 0.086895
v 3.644787 2.965315 0.086895
v 3.603638 3.120564 -0.064754
v 3.472679 3.120564 -0.064754
v 3.475482 2.986416 2.232887
v 4.121530 1.018034 -0.064663
v 4.103903 1.037827 3.727432
v 3.624212 3.042939 0.011070
v 3.628295 2.915874 2.194605
v 4.229123 1.089945 0.011211
v 1.933850 1.291849 5.530977
v 1.933850 1.348711 4.617804
v 1.740466 1.306866 5.533047
v 3.291047 0.967824 5.268900
v 1.933850 1.376278 5.530977
v 1.933850 1.473293 4.617804
v 1.740466 1.391295 5.533047
v 3.291047 1.082100 5.268900
v 1.895162 1.381185 5.492666
v 1.895174 1.473413 4.659325
v 1.779155 1.391030 5.493958
v 1.895162 1.327908 5.492666
v 1.895174 1.404799 4.659325
v 1.779155 1.337753 5.493958
v 1.779143 1.410042 4.667391
v 1.779143 1.478655 4.667391
v 1.740466 1.483426 4.631336
v 1.547081 1.493558 4.644865
v 1.740466 1.358843 4.631336
v 1.547081 1.368975 4.644865
v 1.353696 1.379108 4.658394
v 1.547081 1.321883 5.535118
v 1.353695 1.336901 5.537186
v 1.547081 1.406313 5.535118
v 1.353695 1.421330 5.537186
v 1.508390 1.410843 5.496786
v 1.392385 1.420711 5.498072
v 1.508404 1.494055 4.686403
v 1.508390 1.357564 5.496786
v 1.392385 1.367432 5.498072
v 1.508404 1.425442 4.686403
v 1.392374 1.430662 4.694475
v 1.392374 1.499276 4.694475
v 1.353696 1.503691 4.658394
v 1.160311 1.513824 4.671926
v 0.966926 1.523956 4.685455
v 1.160311 1.389240 4.671926
v 1.160310 1.436347 5.539255
v 1.121633 1.514719 4.713480
v 1.005605 1.519916 4.721558
v 1.121619 1.440478 5.500912
v 1.121633 1.446105 4.713480
v 1.005605 1.451303 4.721558
v 1.121619 1.387201 5.500912
v 1.005616 1.397092 5.502188
v 1.005616 1.450370 5.502188
v 0.966926 1.451365 5.541323
v 0.773540 1.466383 5.543394
v 0.966926 1.366935 5.541323
v 0.773540 1.381952 5.543394
v 1.160310 1.351918 5.539255
v 0.966926 1.399372 4.685455
v 0.773540 1.409505 4.698986
v 0.580155 1.419638 4.712517
v 0.773540 1.534088 4.698986
v 0.580155 1.544220 4.712517
v 0.734862 1.535406 4.740551
v 0.618834 1.540577 4.748636
v 0.734848 1.470094 5.505037
v 0.734862 1.466791 4.740551
v 0.618834 1.471963 4.748636
v 0.734848 1.416816 5.505037
v 0.618848 1.426732 5.506308
v 0.618848 1.480009 5.506308
v 0.580154 1.481400 5.545464
v 0.386770 1.496418 5.547531
v 0.580154 1.396970 5.545464
v 0.386770 1.411987 5.547531
v 0.193385 1.427005 5.549599
v 0.386770 1.429770 4.726046
v 0.193385 1.439902 4.739576
v 0.386770 1.554353 4.726046
v 0.193385 1.564485 4.739576
v 0.348090 1.556116 4.767618
v 0.232065 1.561261 4.775717
v 0.348076 1.499684 5.509171
v 0.348090 1.487502 4.767618
v 0.232065 1.492647 4.775717
v 0.348076 1.446407 5.509171
v 0.232080 1.456349 5.510429
v 0.232080 1.509626 5.510429
v 0.193385 1.511435 5.549599
v 3.291047 1.222488 4.355724
v 3.291047 1.106755 4.355724
v -1.933850 1.291849 5.530977
v -1.933850 1.348711 4.617804
v -1.740466 1.306866 5.533047
v -3.291047 0.967824 5.268900
v -1.933850 1.376278 5.530977
v -1.933850 1.473293 4.617804
v -1.740466 1.391295 5.533047
v -3.291047 1.082100 5.268900
v -1.895163 1.381185 5.492666
v -1.895174 1.473413 4.659325
v -1.779155 1.391030 5.493958
v -1.895163 1.327908 5.492666
v -1.895174 1.404799 4.659325
v -1.779155 1.337753 5.493958
v -1.779144 1.410042 4.667391
v -1.779144 1.478655 4.667391
v -1.740466 1.483426 4.631336
v -1.547081 1.493558 4.644865
v -1.740466 1.358843 4.631336
v -1.547081 1.368975 4.644865
v -1.353697 1.379108 4.658394
v -1.547081 1.321883 5.535118
v -1.353697 1.336901 5.537186
v -1.547081 1.406313 5.535118
v -1.353697 1.421330 5.537186
v -1.508391 1.410843 5.496786
v -1.392386 1.420711 5.498072
v -1.508405 1.494055 4.686403
v -1.508391 1.357564 5.496786
v -1.392386 1.367432 5.498072
v -1.508405 1.425442 4.686403
v -1.392374 1.430662 4.694475
v -1.392374 1.499276 4.694475
v -1.353697 1.503691 4.658394
v -1.160311 1.513824 4.671926
v -0.966927 1.523956 4.685455
v -1.160311 1.389240 4.671926
v -1.160311 1.436347 5.539255
v -1.121634 1.514719 4.713480
v -1.005605 1.519916 4.721558
v -1.121620 1.440478 5.500912
v -1.121634 1.446105 4.713480
v -1.005605 1.451303 4.721558
v -1.121620 1.387201 5.500912
v -1.005617 1.397092 5.502188
v -1.005617 1.450370 5.502188
v -0.966927 1.451365 5.541323
v -0.773540 1.466383 5.543394
v -0.966927 1.366935 5.541323
v -0.773540 1.381952 5.543394
v -1.160311 1.351918 5.539255
v -0.966927 1.399372 4.685455
v -0.773541 1.409505 4.698986
v -0.580155 1.419638 4.712517
v -0.773541 1.534088 4.698986
v -0.580155 1.544220 4.712517
v -0.734862 1.535406 4.740551
v -0.618834 1.540577 4.748636
v -0.734848 1.470094 5.505037
v -0.734862 1.466791 4.740551
v -0.618834 1.471963 4.748636
v -0.734848 1.416816 5.505037
v -0.618848 1.426732 5.506308
v -0.618848 1.480009 5.506308
v -0.580155 1.481400 5.545464
v -0.386770 1.496418 5.547531
v -0.580155 1.396970 5.545464
v -0.386770 1.411987 5.547531
v -0.193386 1.427005 5.549599
v -0.386770 1.429770 4.726046
v -0.193386 1.439902 4.739576
v -0.386770 1.554353 4.726046
v -0.193386 1.564485 4.739576
v -0.348091 1.556116 4.767618
v -0.232066 1.561261 4.775717
v -0.348077 1.499684 5.509171
v -0.348091 1.487502 4.767618
v -0.232066 1.492647 4.775717
v -0.348077 1.446407 5.509171
v -0.232080 1.456349 5.510429
v -0.232080 1.509626 5.510429
v -0.193386 1.511435 5.549599
v 0.000000 1.526453 5.551668
v 0.000000 1.574618 4.753107
v 0.000000 1.442023 5.551668
v 0.000000 1.450035 4.753107
v -3.291047 1.222488 4.355724
v -3.291047 1.106755 4.355724
v 1.477117 1.168225 5.561655
v 1.423203 1.144283 6.013285
v 1.507666 1.390779 5.561655
v 1.453753 1.360837 6.013285
v 1.292012 1.243369 7.386625
v 1.089836 1.133274 8.425472
v 1.261462 1.001393 7.386625
v 1.059287 0.917153 8.425472
v 0.844139 0.784987 9.407049
v 0.874689 1.026629 9.407049
v -1.477118 1.168225 5.561655
v -1.423203 1.144283 6.013285
v 0.000000 1.312111 5.588610
v -1.507667 1.390779 5.561655
v -1.453753 1.360837 6.013285
v 0.000000 1.558260 5.588610
v 0.000000 1.519718 6.013285
v 0.000000 1.417199 7.386625
v -0.000001 1.308369 8.425472
v -1.292013 1.243369 7.386625
v -1.089837 1.133274 8.425472
v -1.261463 1.001393 7.386625
v -1.059288 0.917153 8.425472
v -0.000001 0.829571 10.095776
v -0.844140 0.784987 9.407049
v -0.000001 0.941148 10.095776
v -0.874690 1.026629 9.407049
vn -1.0000 -0.0000 -0.0000
vn -0.9585 -0.2754 -0.0738
vn -0.9585 -0.2754 0.0738
vn -0.9737 -0.2201 -0.0590
vn -0.9737 -0.2201 0.0590
vn -0.8238 -0.5475 0.1467
vn -0.8238 -0.5475 -0.1467
vn -0.8238 -0.4008 0.4008
vn -0.9737 -0.1611 0.1611
vn -0.8238 -0.1467 0.5475
vn -0.9737 -0.0590 0.2201
vn -0.9737 0.0590 0.2201
vn -0.8238 0.1467 0.5475
vn -0.9585 0.0738 0.2754
vn -0.9585 -0.0738 0.2754
vn -0.9585 0.2016 0.2016
vn -0.9737 0.1611 0.1611
vn -0.9585 0.2754 0.0738
vn -0.9737 0.2201 0.0590
vn -0.9585 0.2754 -0.0738
vn -0.9737 0.2201 -0.0590
vn -0.8238 0.5475 -0.1467
vn -0.8238 0.5475 0.1467
vn -0.8238 0.4008 -0.4008
vn -0.9737 0.1611 -0.1611
vn -0.9737 0.0590 -0.2201
vn -0.8238 0.1467 -0.5475
vn -0.9737 -0.0590 -0.2201
vn -0.8238 -0.1467 -0.5475
vn -0.8238 -0.4008 -0.4008
vn -0.9737 -0.1611 -0.1611
vn -0.9585 -0.0738 -0.2754
vn -0.9585 -0.2016 -0.2016
vn -0.9585 0.0738 -0.2754
vn -0.9585 0.2016 -0.2016
vn -0.0000 0.7071 0.7071
vn -0.0000 0.2588 0.9659
vn -0.0000 0.9659 0.2588
vn -0.0000 0.9659 -0.2588
vn -0.0000 0.7071 -0.7071
vn -0.0000 0.2588 -0.9659
vn -0.0000 -0.2588 -0.9659
vn -0.0000 -0.7071 -0.7071
vn -0.0000 -0.9659 -0.2588
vn -0.0000 -0.9659 0.2588
vn -0.0000 -0.7071 0.7071
vn -0.0000 -0.2588 0.9659
vn -0.7417 -0.1736 0.6479
vn -0.7417 0.1736 0.6479
vn -0.7417 0.4743 0.4743
vn -0.7417 0.6479 0.1736
vn -0.7417 0.6479 -0.1736
vn -0.7417 0.4743 -0.4743
vn -0.7417 0.1736 -0.6479
vn -0.7417 -0.1736 -0.6479
vn -0.7417 -0.4743 -0.4743
vn -0.7417 -0.6479 -0.1736
vn -0.7417 -0.6479 0.1736
vn -0.7417 -0.4743 0.4743
vn -0.9979 -0.0626 0.0168
vn -0.9979 -0.0458 0.0458
vn -0.9979 -0.0168 0.0626
vn -0.7296 0.4835 -0.4835
vn -0.7296 0.1770 -0.6605
vn -0.7296 -0.1770 -0.6605
vn -0.7297 -0.4835 -0.4835
vn -0.7297 -0.6605 -0.1770
vn -0.9979 0.0626 0.0168
vn -0.9979 0.0458 0.0458
vn -0.9979 0.0626 -0.0168
vn -0.7296 -0.6605 0.1770
vn -0.9979 0.0458 -0.0458
vn -0.7296 -0.4835 0.4835
vn -0.9979 0.0168 -0.0626
vn -0.7297 -0.1770 0.6605
vn -0.7297 0.1770 0.6605
vn -0.7297 0.4835 0.4835
vn -0.7296 0.6605 0.1770
vn -0.7296 0.6605 -0.1770
vn -0.9979 -0.0626 -0.0168
vn 0.7198 0.6706 -0.1797
vn 0.7198 0.4909 -0.4909
vn 0.7198 0.1797 -0.6706
vn 0.9993 -0.0255 0.0255
vn 0.9993 -0.0094 0.0349
vn 0.9993 0.0094 0.0349
vn 0.7198 -0.1797 -0.6706
vn 0.9993 0.0255 0.0255
vn 0.7198 -0.4909 -0.4909
vn 0.9993 0.0349 0.0094
vn 0.7198 -0.6706 -0.1797
vn 0.7198 -0.6706 0.1797
vn 0.7198 -0.4909 0.4909
vn 0.9993 0.0349 -0.0094
vn 0.9993 0.0255 -0.0255
vn 0.9993 0.0094 -0.0349
vn 0.7198 -0.1797 0.6706
vn 0.9993 -0.0094 -0.0349
vn 0.7198 0.1797 0.6706
vn 0.7198 0.4909 0.4909
vn 0.7198 0.6706 0.1797
vn 0.9993 -0.0349 -0.0094
vn 0.9993 -0.0255 -0.0255
vn 0.9993 -0.0349 0.0094
vn 1.0000 -0.0000 -0.0000
vn -0.9979 -0.0458 -0.0458
vn -0.9979 -0.0168 -0.0626
vn -0.9979 0.0168 0.0626
vn -0.8238 0.4008 0.4008
vn -0.9585 -0.2016 0.2016
vn -0.0000 1.0000 -0.0000
vn -0.0000 -0.0000 -1.0000
vn -0.0000 -1.0000 -0.0000
vn -0.0000 -0.0000 1.0000
vn -0.7297 -0.6605 0.1770
vn -0.7297 -0.4835 0.4835
vn -0.7296 -0.4835 -0.4835
vn -0.7297 0.4835 -0.4835
vn -0.7297 0.6605 -0.1770
vn -0.7297 0.6605 0.1770
vn -0.7416 -0.1736 -0.6479
vn -0.7416 0.1736 0.6479
vn -0.7416 -0.1736 0.6479
vn 0.9993 -0.0349 -0.0093
vn 0.9993 -0.0093 -0.0349
vn 0.9993 0.0093 -0.0349
vn 0.9993 0.0349 -0.0093
vn 0.9993 0.0349 0.0093
vn 0.9993 0.0093 0.0349
vn 0.9993 -0.0093 0.0349
vn 0.9993 -0.0349 0.0093
vn 0.0778 0.3912 -0.9170
vn -0.9881 0.1538 -0.0000
vn -0.0036 -0.4022 -0.9156
vn -0.0716 -0.9931 -0.0927
vn -0.0716 -0.9931 0.0927
vn -0.6985 0.7134 -0.0558
vn -0.6985 0.7134 0.0558
vn -0.8779 -0.0716 -0.4734
vn -0.8147 0.3350 -0.4734
vn 0.0778 0.3912 0.9170
vn -0.0036 -0.4021 0.9156
vn 0.1314 0.9870 0.0930
vn 0.1314 0.9870 -0.0930
vn -0.8823 -0.4674 0.0558
vn -0.8823 -0.4674 -0.0558
vn -0.8779 -0.0716 0.4734
vn -0.8147 0.3350 0.4734
vn 0.5376 0.2765 -0.7966
vn 0.4282 -0.4268 -0.7966
vn 0.9736 0.2269 -0.0239
vn 0.8586 -0.5121 -0.0239
vn 0.5265 0.8500 -0.0176
vn 0.3470 0.8688 -0.3533
vn -0.2409 0.9702 0.0264
vn -0.0628 0.9326 0.3553
vn -0.8535 0.5156 0.0757
vn -0.4040 0.4233 0.8109
vn -0.9698 -0.2318 0.0757
vn -0.5136 -0.2805 0.8109
vn -0.5244 -0.8511 0.0264
vn -0.3433 -0.8694 0.3553
vn 0.2432 -0.9698 -0.0176
vn 0.0665 -0.9332 -0.3533
vn 0.2434 -0.9697 0.0190
vn -0.5244 -0.8510 -0.0282
vn -0.3408 -0.8701 -0.3561
vn 0.0635 -0.9330 0.3543
vn 0.4204 -0.4262 0.8010
vn 0.8587 -0.5118 0.0266
vn 0.9736 0.2266 0.0266
vn 0.5301 0.2783 0.8010
vn 0.3440 0.8695 0.3543
vn 0.5267 0.8499 0.0190
vn -0.0602 0.9325 -0.3561
vn -0.2410 0.9701 -0.0282
vn -0.3992 0.4232 -0.8134
vn -0.8532 0.5154 -0.0802
vn -0.5090 -0.2818 -0.8134
vn -0.9695 -0.2317 -0.0802
vn -0.8146 0.3350 -0.4734
vn -0.0036 -0.4022 0.9156
vn -0.8780 -0.0716 0.4734
vn -0.7198 -0.1797 0.6706
vn -0.7198 0.1797 0.6706
vn -0.7198 -0.4909 0.4909
vn -0.7198 -0.6706 0.1797
vn 0.7296 -0.6605 0.1770
vn 0.7297 -0.4835 0.4835
vn 0.7296 -0.6605 -0.1770
vn 0.7296 -0.4835 -0.4835
vn -0.7198 -0.4909 -0.4909
vn -0.7198 -0.6706 -0.1797
vn -0.7198 -0.1797 -0.6706
vn -0.7198 0.1797 -0.6706
vn 0.7296 -0.1770 -0.6605
vn 0.7296 0.1770 -0.6605
vn 0.7296 0.4835 -0.4835
vn 0.7297 0.6605 -0.1770
vn -0.7198 0.6706 -0.1797
vn -0.7198 0.4909 -0.4909
vn -0.7198 0.6706 0.1797
vn -0.7198 0.4909 0.4909
vn 0.7297 0.4835 0.4835
vn 0.7297 0.6605 0.1770
vn 0.7297 0.1770 0.6605
vn 0.9979 -0.0458 -0.0458
vn 0.9979 -0.0168 -0.0626
vn 0.7417 -0.4743 -0.4743
vn 0.7417 -0.1736 -0.6479
vn 0.8239 0.4008 0.4008
vn 0.8239 0.1467 0.5475
vn 0.9737 0.1611 0.1611
vn 0.9737 0.0590 0.2201
vn 0.9585 0.2016 0.2016
vn 0.9585 0.0738 0.2754
vn 0.9585 -0.0738 0.2754
vn 0.9585 -0.2754 0.0738
vn 0.9585 -0.2754 -0.0738
vn 0.9737 -0.2201 0.0590
vn 0.9737 -0.2201 -0.0590
vn 0.8239 -0.5475 0.1467
vn 0.8239 -0.5475 -0.1467
vn 0.7417 0.6479 -0.1736
vn 0.7417 0.6479 0.1736
vn 0.9979 0.0626 -0.0168
vn 0.9979 0.0626 0.0168
vn 0.7417 0.4743 0.4743
vn 0.9979 0.0458 0.0458
vn 0.7417 0.1736 0.6479
vn 0.9979 0.0168 0.0626
vn 0.8239 -0.4008 -0.4008
vn 0.8238 -0.1467 -0.5475
vn 0.9737 -0.1611 -0.1611
vn 0.9737 -0.0590 -0.2201
vn 0.9585 -0.2016 -0.2016
vn 0.9585 -0.0738 -0.2754
vn 0.9585 0.0738 -0.2754
vn 0.9585 0.2016 -0.2016
vn 0.9737 0.0590 -0.2201
vn 0.9737 0.1611 -0.1611
vn 0.8238 0.1467 -0.5475
vn 0.8239 0.4008 -0.4008
vn 0.7417 -0.1736 0.6479
vn 0.7417 -0.4743 0.4743
vn 0.9979 -0.0168 0.0626
vn 0.9979 -0.0458 0.0458
vn 0.7417 -0.6479 0.1736
vn 0.9979 -0.0626 0.0168
vn 0.7417 -0.6479 -0.1736
vn 0.9979 -0.0626 -0.0168
vn 0.8238 0.5475 -0.1467
vn 0.8239 0.5475 0.1467
vn 0.9737 0.2201 -0.0590
vn 0.9737 0.2201 0.0590
vn 0.9585 0.2754 -0.0738
vn 0.9585 0.2754 0.0738
vn 0.7417 0.4743 -0.4743
vn 0.9979 0.0458 -0.0458
vn 0.7417 0.1736 -0.6479
vn 0.9979 0.0168 -0.0626
vn 0.8239 -0.1467 0.5475
vn 0.8239 -0.4008 0.4008
vn 0.9737 -0.0590 0.2201
vn 0.9737 -0.1611 0.1611
vn 0.9585 -0.2016 0.2016
vn 0.7297 -0.1770 0.6605
vn -0.9993 -0.0349 -0.0094
vn -0.9993 -0.0255 -0.0255
vn -0.9993 -0.0094 -0.0349
vn -0.9993 0.0094 -0.0349
vn -0.9993 0.0255 -0.0255
vn -0.9993 0.0349 -0.0094
vn -0.9993 0.0349 0.0094
vn -0.9993 0.0255 0.0255
vn -0.9993 0.0094 0.0349
vn -0.9993 -0.0094 0.0349
vn -0.9993 -0.0255 0.0255
vn -0.9993 -0.0349 0.0094
vn -0.0778 0.3912 -0.9170
vn 0.9881 0.1538 -0.0000
vn 0.0036 -0.4022 -0.9156
vn 0.0716 -0.9931 -0.0927
vn 0.0716 -0.9931 0.0927
vn 0.8751 0.4829 -0.0320
vn 0.8751 0.4829 0.0320
vn 0.9652 0.0363 -0.2590
vn 0.9306 0.2588 -0.2590
vn -0.0778 0.3912 0.9170
vn 0.0036 -0.4021 0.9156
vn -0.1314 0.9870 0.0930
vn -0.1314 0.9870 -0.0930
vn 0.9805 -0.1941 0.0320
vn 0.9805 -0.1941 -0.0320
vn 0.9652 0.0363 0.2590
vn 0.9306 0.2588 0.2590
vn -0.5377 0.2764 -0.7966
vn -0.4282 -0.4268 -0.7966
vn -0.9736 0.2269 -0.0239
vn -0.8586 -0.5121 -0.0239
vn -0.5265 0.8500 -0.0176
vn -0.3470 0.8688 -0.3533
vn 0.2409 0.9702 0.0264
vn 0.0628 0.9326 0.3553
vn 0.8535 0.5156 0.0757
vn 0.4040 0.4233 0.8109
vn 0.9698 -0.2318 0.0757
vn 0.5136 -0.2805 0.8109
vn 0.5244 -0.8511 0.0264
vn 0.3433 -0.8694 0.3553
vn -0.2432 -0.9698 -0.0176
vn -0.0665 -0.9332 -0.3533
vn -0.2434 -0.9697 0.0190
vn 0.5244 -0.8510 -0.0282
vn 0.3408 -0.8701 -0.3561
vn -0.0634 -0.9330 0.3543
vn -0.4204 -0.4262 0.8010
vn -0.8587 -0.5118 0.0266
vn -0.9736 0.2266 0.0266
vn -0.5300 0.2782 0.8010
vn -0.3440 0.8695 0.3543
vn -0.5267 0.8499 0.0190
vn 0.0602 0.9325 -0.3561
vn 0.2410 0.9701 -0.0282
vn 0.3992 0.4232 -0.8134
vn 0.8532 0.5154 -0.0802
vn 0.5090 -0.2818 -0.8134
vn 0.9695 -0.2317 -0.0802
vn 0.0036 -0.4022 0.9156
vn -0.5376 0.2765 -0.7966
vn 0.5244 -0.8510 -0.0281
vn -0.0635 -0.9330 0.3543
vn -0.5301 0.2782 0.8010
vn 0.3992 0.4232 -0.8133
vn 0.5090 -0.2818 -0.8133
vn 0.4809 -0.8702 0.1073
vn 0.1105 0.9758 -0.1887
vn -0.1105 0.9758 -0.1887
vn -0.0400 0.5450 -0.8375
vn 0.0400 0.5450 -0.8375
vn 0.2926 -0.1631 0.9422
vn -0.2926 -0.1631 0.9422
vn -0.4809 -0.8702 0.1073
vn 0.0092 0.4322 -0.9017
vn 0.3144 -0.1729 -0.9334
vn -0.8428 0.2987 -0.4477
vn -0.4500 -0.2907 -0.8444
vn -0.3594 0.2037 0.9107
vn -0.3595 -0.2043 0.9105
vn -0.8501 0.5266 -0.0000
vn -0.8494 -0.5278 -0.0000
vn 0.8193 -0.5075 -0.2668
vn 0.8186 0.5087 -0.2665
vn 0.2608 0.9434 -0.2050
vn -0.8193 0.5075 -0.2668
vn -0.2609 0.9433 -0.2051
vn 0.8501 -0.5266 -0.0000
vn 0.2666 -0.9638 -0.0000
vn 0.1128 -0.0639 0.9916
vn 0.0674 -0.2228 0.9725
vn 0.9001 -0.2762 0.3369
vn 0.6132 -0.7256 -0.3123
vn 0.3255 -0.3581 0.8751
vn 0.5173 -0.8134 0.2660
vn 0.4996 -0.6965 -0.5151
vn 0.0211 0.3121 0.9498
vn -0.2547 0.8402 0.4788
vn 0.0627 0.7781 0.6250
vn 0.6417 0.3676 0.6731
vn 0.0674 0.2229 0.9725
vn 0.1128 0.0641 0.9916
vn 0.2665 0.9638 -0.0000
vn 0.8494 0.5278 -0.0000
vn -0.2608 -0.9434 -0.2050
vn -0.8186 -0.5087 -0.2665
vn 0.2609 -0.9433 -0.2051
vn -0.2666 0.9638 -0.0000
vn -0.1127 0.3726 0.9211
vn -0.5839 0.7795 0.2265
vn -0.2811 0.8993 -0.3349
vn 0.0685 -0.6437 -0.7622
vn -0.1127 -0.3728 0.9210
vn -0.2665 -0.9638 -0.0000
vn -0.0000 0.9982 0.0601
vn -0.0000 0.0601 -0.9982
vn -0.0000 -0.0601 0.9982
vn -0.0000 -0.9982 -0.0601
vn 0.1928 -0.7071 0.6803
vn 0.9492 -0.1635 -0.2690
vn -0.1928 -0.7071 -0.6803
vn -0.9492 0.1635 0.2690
vn -0.2727 -0.0000 -0.9621
vn -0.1928 0.7071 -0.6803
vn 0.1928 0.7071 0.6803
vn 0.2726 -0.0000 0.9621
vn 0.0327 0.9993 0.0201
vn 0.1843 -0.0000 0.9829
vn 0.9659 -0.0000 0.2587
vn 0.0222 -0.0000 -0.9998
vn 0.0327 -0.9993 0.0201
vn 0.0168 0.9931 0.1160
vn 0.1437 -0.0000 0.9896
vn 0.9955 -0.0000 0.0952
vn 0.0168 -0.9931 0.1160
vn -0.9273 -0.0000 0.3744
vn -0.0628 0.9326 0.3554
vn -0.9698 -0.2319 0.0757
vn -0.5244 -0.8510 -0.0281
vn 0.5300 0.2783 0.8010
vn -0.3992 0.4232 -0.8133
vn -0.5090 -0.2818 -0.8133
vn -0.0092 0.4322 -0.9017
vn -0.3144 -0.1729 -0.9334
vn 0.8428 0.2987 -0.4477
vn 0.4500 -0.2907 -0.8444
vn 0.3594 0.2037 0.9107
vn 0.3595 -0.2043 0.9105
vn 0.8501 0.5266 -0.0000
vn 0.8494 -0.5278 -0.0000
vn -0.8193 -0.5075 -0.2668
vn -0.8186 0.5087 -0.2665
vn -0.2608 0.9434 -0.2050
vn 0.8193 0.5075 -0.2668
vn 0.2609 0.9433 -0.2051
vn -0.8501 -0.5266 -0.0000
vn -0.2666 -0.9638 -0.0000
vn -0.1128 -0.0639 0.9916
vn -0.0674 -0.2228 0.9725
vn -0.9001 -0.2762 0.3369
vn -0.6132 -0.7256 -0.3123
vn -0.3255 -0.3581 0.8751
vn -0.5173 -0.8134 0.2660
vn -0.4996 -0.6965 -0.5151
vn -0.0211 0.3121 0.9498
vn 0.2547 0.8402 0.4788
vn -0.0627 0.7781 0.6250
vn -0.6417 0.3676 0.6731
vn -0.0674 0.2229 0.9725
vn -0.1128 0.0641 0.9916
vn -0.2665 0.9638 -0.0000
vn -0.8494 0.5278 -0.0000
vn 0.2608 -0.9434 -0.2050
vn 0.8186 -0.5087 -0.2665
vn -0.2609 -0.9433 -0.2051
vn 0.2666 0.9638 -0.0000
vn 0.1127 0.3726 0.9211
vn 0.5840 0.7795 0.2265
vn 0.2811 0.8993 -0.3349
vn -0.0685 -0.6437 -0.7622
vn 0.1127 -0.3728 0.9210
vn 0.2665 -0.9638 -0.0000
vn -0.0327 0.9993 0.0201
vn -0.1843 -0.0000 0.9829
vn -0.9660 -0.0000 0.2587
vn -0.0222 -0.0000 -0.9998
vn -0.0327 -0.9993 0.0201
vn -0.0168 0.9931 0.1160
vn -0.1437 -0.0000 0.9896
vn -0.9955 -0.0000 0.0952
vn -0.0168 -0.9931 0.1160
vn 0.9272 -0.0000 0.3744
vn 0.3827 0.9239 -0.0000
vn -0.3827 0.9239 -0.0000
vn 0.2755 0.6651 0.6941
vn -0.2755 0.6651 0.6941
vn 0.1294 0.3124 0.9411
vn -0.1294 0.3124 0.9411
vn -0.3124 0.1294 0.9411
vn -0.3124 -0.1294 0.9411
vn -0.6651 -0.2755 0.6941
vn -0.6650 0.2755 0.6941
vn -0.9239 -0.3827 -0.0000
vn -0.9239 0.3827 -0.0000
vn -0.3827 -0.9239 -0.0000
vn 0.3827 -0.9239 -0.0000
vn 0.2755 -0.6651 0.6941
vn -0.2755 -0.6651 0.6941
vn 0.1294 -0.3124 0.9411
vn -0.1294 -0.3124 0.9411
vn 0.3124 -0.1294 0.9411
vn 0.3124 0.1294 0.9411
vn 0.6651 0.2755 0.6941
vn 0.6651 -0.2755 0.6941
vn 0.9239 0.3827 -0.0000
vn 0.9239 -0.3827 -0.0000
vn -0.9655 -0.2499 -0.0734
vn -0.8995 0.0574 0.4332
vn -0.9009 0.4275 -0.0748
vn -0.4158 0.9075 -0.0594
vn -0.8628 0.4795 -0.1603
vn 0.0896 0.7755 -0.6250
vn -0.1696 0.9852 -0.0269
vn -0.4783 0.6381 -0.6034
vn -0.8908 0.4474 -0.0799
vn -0.9132 -0.4026 -0.0624
vn -0.5001 0.2118 -0.8397
vn -0.0000 -0.0001 -1.0000
vn -0.0000 -0.2063 -0.9785
vn -0.9946 0.1033 -0.0030
vn -0.9775 -0.2107 -0.0017
vn -0.0000 -1.0000 -0.0025
vn -0.9540 0.2996 -0.0035
vn -0.9498 0.3127 -0.0100
vn -0.0000 0.6027 -0.7980
vn -0.0000 0.9999 -0.0159
vn -0.0000 -0.6029 0.7978
vn -0.9531 0.3025 -0.0097
vn -0.0000 -0.9993 0.0378
vn -0.9522 0.3049 -0.0206
vn -0.9562 0.2925 -0.0095
vn -0.0000 0.9993 -0.0374
vn -0.9565 0.2917 -0.0095
vn -0.9521 0.3050 -0.0213
vn -0.9495 0.3135 -0.0100
vn -0.9541 0.2994 -0.0030
vn -0.9791 -0.2033 0.0006
vn -0.9798 0.1991 0.0163
vn -0.9576 0.2857 0.0360
vn -0.9632 0.2674 0.0280
vn -0.0000 0.6324 0.7746
vn -0.0000 0.9999 0.0142
vn -0.0000 -0.6321 -0.7748
vn -0.9591 0.2818 0.0283
vn -0.0000 -0.9983 -0.0579
vn -0.0000 0.0001 1.0000
vn -0.9603 0.2787 0.0148
vn -0.9550 0.2952 0.0287
vn -0.0000 0.9983 0.0583
vn -0.9547 0.2963 0.0287
vn -0.9603 0.2786 0.0140
vn -0.9635 0.2662 0.0280
vn -0.9575 0.2860 0.0365
vn -0.1000 0.3719 -0.9229
vn 0.2309 -0.9710 0.0620
vn -0.2309 -0.9710 0.0620
vn -0.9889 0.1483 -0.0102
vn 0.2265 0.9720 -0.0621
vn 0.9922 -0.1242 0.0086
vn -0.9922 -0.1242 0.0086
vn -0.2265 0.9720 -0.0621
vn 0.9889 0.1483 -0.0102
vn -0.0273 -0.0833 -0.9961
vn -0.0000 -0.0689 -0.9976
vn 0.0265 -0.0831 -0.9962
vn -0.0265 -0.0831 -0.9962
vn 0.0273 -0.0833 -0.9962
vn -0.5048 -0.2065 -0.8382
vn 0.7332 0.0999 -0.6727
vn 0.0071 -0.3790 -0.9254
vn -0.0071 -0.3790 -0.9254
vn -0.7332 0.0999 -0.6727
vn 0.1000 0.3719 -0.9229
vn 0.7110 -0.1706 -0.6822
vn -0.7110 -0.1706 -0.6822
vn -0.0000 -0.0793 -0.9969
vn -0.0662 0.3341 -0.9402
vn 0.5047 0.0892 -0.8586
vn -0.0315 -0.4967 -0.8674
vn 0.0315 -0.4967 -0.8674
vn -0.5047 0.0892 -0.8586
vn 0.0662 0.3341 -0.9402
vn 0.5047 -0.2065 -0.8382
vn 0.8226 -0.5686 -0.0000
vn 0.8226 0.5686 -0.0000
vn 0.2409 0.9706 -0.0000
vn -0.2409 0.9706 -0.0000
vn -0.8226 0.5687 -0.0000
vn -0.2409 -0.9706 -0.0000
vn 0.2409 -0.9706 -0.0000
vn -0.8226 -0.5687 -0.0000
vn 0.8238 -0.5475 0.1467
vn 0.8238 -0.4008 0.4008
vn 0.8239 0.5475 -0.1467
vn 0.8238 0.5475 0.1467
vn 0.7416 -0.1736 -0.6479
vn 0.7297 0.4835 -0.4835
vn 0.7297 -0.4835 -0.4835
vn 0.7297 -0.6605 -0.1770
vn 0.7297 -0.6605 0.1770
vn -0.9993 0.0349 0.0093
vn -0.9993 0.0349 -0.0093
vn -0.9993 0.0093 -0.0349
vn -0.9993 -0.0093 -0.0349
vn -0.9993 -0.0349 -0.0093
vn -0.9993 -0.0349 0.0093
vn 0.8896 -0.4567 -0.0000
vn 0.9795 -0.2015 -0.0000
vn 0.1508 -0.8471 0.5097
vn 0.9823 -0.1833 -0.0382
vn -0.0173 -0.3707 0.9286
vn 0.0008 -1.0000 0.0078
vn 0.0045 -1.0000 -0.0000
vn -0.0011 -1.0000 0.0030
vn 0.8983 -0.4393 -0.0028
vn 0.1109 -0.7138 -0.6915
vn -0.0021 -0.9997 0.0240
vn -0.0375 -0.3783 -0.9249
vn -0.0045 -1.0000 -0.0000
vn 1.0000 0.0053 -0.0073
vn 0.9968 -0.0522 -0.0608
vn -0.0049 -1.0000 0.0003
vn 0.0022 -0.9661 -0.2582
vn -0.0000 -0.9991 -0.0421
vn 0.0688 -0.9825 -0.1732
vn 0.9597 -0.1637 -0.2285
vn 0.9842 -0.1743 -0.0307
vn 0.8870 -0.1617 -0.4325
vn -0.0443 -0.8664 -0.4975
vn 0.0657 -0.1285 -0.9895
vn 0.0242 -0.1430 -0.9894
vn 0.0011 -0.8059 -0.5920
vn 0.0248 -0.0000 -0.9997
vn 0.0103 0.8847 -0.4660
vn -0.0000 0.9844 -0.1758
vn -0.0498 0.9251 -0.3764
vn 0.8748 0.1831 -0.4485
vn 0.9356 0.2606 -0.2384
vn 0.0677 0.0071 -0.9977
vn 0.9552 0.2937 -0.0355
vn -0.0000 0.9974 -0.0723
vn 0.9652 0.2562 -0.0535
vn -0.0000 0.9941 -0.1084
vn 0.0074 0.9775 -0.2106
vn 0.0504 0.6850 -0.7268
vn 0.0495 0.6850 -0.7269
vn 0.2297 0.7166 -0.6586
vn 0.2218 0.7105 -0.6678
vn 0.2204 0.6307 -0.7441
vn 0.2179 0.6448 -0.7326
vn 0.1453 0.7365 -0.6607
vn 0.1299 0.7453 -0.6540
vn 0.0530 0.6871 -0.7246
vn -0.0146 -0.7206 -0.6932
vn 0.0507 0.6977 -0.7146
vn 0.1884 0.6652 -0.7225
vn -0.1506 -0.7051 -0.6929
vn -0.9361 -0.1003 -0.3372
vn -0.1902 0.7361 0.6496
vn -0.0489 0.7226 0.6896
vn 0.0541 0.9182 -0.3923
vn 0.0579 0.9923 -0.1097
vn 0.1448 0.9819 -0.1217
vn 0.1468 0.9081 -0.3921
vn 0.8881 0.4300 -0.1622
vn 0.8872 0.4495 -0.1041
vn 0.9947 0.1020 -0.0098
vn 0.9870 0.1601 -0.0149
vn 0.9791 -0.1688 0.1134
vn 0.9892 -0.1458 0.0151
vn -0.2155 -0.9544 -0.2064
vn -0.2114 -0.9040 0.3717
vn 0.9922 -0.1242 0.0110
vn -0.0557 -0.4323 0.9000
vn 0.9841 -0.1459 -0.1016
vn 0.9729 0.2298 -0.0242
vn 0.9938 0.0971 -0.0546
vn 0.9763 -0.2165 0.0008
vn 0.9946 0.1033 -0.0030
vn 0.9775 -0.2107 -0.0017
vn 0.9776 -0.2102 -0.0054
vn 0.9788 -0.2047 0.0005
vn 0.9531 0.3025 -0.0097
vn 0.9536 0.3010 0.0050
vn 0.9294 0.3688 -0.0138
vn 0.9475 0.2982 0.1157
vn 0.7433 0.6649 0.0728
vn 0.1359 0.9881 0.0714
vn 0.1390 0.9896 -0.0377
vn 0.9508 0.3002 -0.0766
vn 0.9550 0.2945 0.0357
vn 0.9798 0.1991 0.0163
vn 0.9933 0.1142 0.0193
vn 0.9791 -0.2033 0.0006
vn 0.9788 -0.2049 0.0068
vn 0.9935 0.1134 -0.0085
vn 0.9791 -0.2033 -0.0000
vn 0.9794 -0.2017 0.0052
vn 0.9573 0.2888 0.0142
vn 0.9510 0.3087 0.0169
vn 0.1797 0.9661 0.1855
vn 0.3712 0.6585 0.6546
vn 0.8066 0.5055 0.3063
vn 0.3116 0.5540 0.7720
vn 0.3731 0.6488 0.6632
vn 0.3260 0.7021 0.6330
vn 0.1172 0.8080 0.5774
vn 0.1436 0.8001 0.5824
vn 0.0751 0.7293 0.6800
vn 0.0735 0.7294 0.6801
vn 0.0548 0.9950 0.0841
vn 0.0640 0.9970 -0.0426
vn 0.0280 -0.6831 0.7298
vn 0.0978 0.7335 0.6726
vn -0.0113 -0.6937 0.7202
vn 0.2065 0.6931 0.6906
vn -0.9421 -0.0252 0.3345
vn -0.0248 0.7013 -0.7124
vn -0.0544 0.6870 -0.7247
vn 0.1128 0.7306 0.6735
vn 0.1296 0.5766 0.8067
vn 0.1212 0.9704 0.2087
vn 0.1429 0.9895 0.0219
vn 0.1461 0.9888 0.0290
vn 0.1256 0.9892 0.0761
vn 0.1457 0.9886 0.0392
vn 0.9253 0.3792 -0.0008
vn 0.9382 0.3460 0.0053
vn 0.9840 -0.1756 0.0298
vn 0.9201 0.3916 0.0043
vn 0.9813 -0.1896 -0.0317
vn -0.1858 -0.9416 0.2809
vn -0.1912 -0.9405 -0.2810
vn -0.0112 -0.3712 -0.9285
vn 0.0269 -0.9195 0.3922
vn 0.1672 -0.9575 0.2349
vn 0.9762 -0.1614 0.1449
vn 0.9365 -0.2012 0.2873
vn 0.1695 -0.1963 0.9658
vn 0.1074 0.2617 0.9592
vn 0.9080 0.3691 0.1981
vn 0.0944 0.2915 0.9519
vn 0.1114 -0.1888 0.9757
vn 0.0563 0.9765 0.2083
vn 0.0899 0.9895 0.1129
vn 0.0729 0.9941 0.0802
vn 0.0515 0.9902 0.1299
vn 0.9098 0.3910 0.1390
vn 0.1091 0.9935 0.0327
vn 0.1046 0.9905 0.0890
vn 0.0165 0.9947 -0.1016
vn -0.8896 -0.4567 -0.0000
vn -0.9795 -0.2015 -0.0000
vn -0.1508 -0.8471 0.5097
vn -0.9823 -0.1833 -0.0382
vn 0.0173 -0.3707 0.9286
vn -0.0008 -1.0000 0.0078
vn 0.0011 -1.0000 0.0030
vn -0.8983 -0.4393 -0.0028
vn -0.1109 -0.7138 -0.6915
vn 0.0021 -0.9997 0.0240
vn 0.0375 -0.3783 -0.9249
vn -1.0000 0.0053 -0.0073
vn -0.9968 -0.0522 -0.0608
vn 0.0049 -1.0000 0.0003
vn -0.0022 -0.9661 -0.2582
vn -0.0688 -0.9825 -0.1732
vn -0.9597 -0.1637 -0.2285
vn -0.9842 -0.1743 -0.0307
vn -0.8870 -0.1617 -0.4325
vn 0.0443 -0.8664 -0.4975
vn -0.0657 -0.1285 -0.9895
vn -0.0242 -0.1430 -0.9894
vn -0.0011 -0.8059 -0.5920
vn -0.0248 -0.0000 -0.9997
vn -0.0103 0.8847 -0.4660
vn 0.0498 0.9251 -0.3764
vn -0.8748 0.1831 -0.4485
vn -0.9356 0.2606 -0.2384
vn -0.0677 0.0071 -0.9977
vn -0.9552 0.2937 -0.0355
vn -0.9652 0.2562 -0.0535
vn -0.0074 0.9775 -0.2106
vn -0.0504 0.6850 -0.7268
vn -0.0495 0.6850 -0.7269
vn -0.2297 0.7166 -0.6586
vn -0.2218 0.7105 -0.6678
vn -0.2204 0.6307 -0.7441
vn -0.2179 0.6448 -0.7326
vn -0.1453 0.7365 -0.6607
vn -0.1299 0.7453 -0.6540
vn -0.0530 0.6871 -0.7246
vn 0.0146 -0.7206 -0.6932
vn -0.0507 0.6977 -0.7146
vn -0.1884 0.6652 -0.7225
vn 0.1506 -0.7051 -0.6929
vn 0.9361 -0.1003 -0.3372
vn 0.1902 0.7361 0.6496
vn 0.0489 0.7226 0.6896
vn -0.0541 0.9182 -0.3923
vn -0.0579 0.9923 -0.1097
vn -0.1448 0.9819 -0.1217
vn -0.1468 0.9081 -0.3921
vn -0.8881 0.4300 -0.1622
vn -0.8872 0.4495 -0.1041
vn -0.9947 0.1020 -0.0098
vn -0.9870 0.1601 -0.0149
vn -0.9791 -0.1688 0.1134
vn -0.9892 -0.1458 0.0151
vn 0.2155 -0.9544 -0.2064
vn 0.2114 -0.9040 0.3717
vn -0.9922 -0.1242 0.0110
vn 0.0557 -0.4323 0.9000
vn -0.9841 -0.1459 -0.1016
vn -0.9729 0.2298 -0.0242
vn -0.9938 0.0971 -0.0546
vn -0.9763 -0.2165 0.0007
vn -0.9776 -0.2102 -0.0054
vn -0.9788 -0.2047 0.0005
vn -0.9536 0.3010 0.0050
vn -0.9294 0.3689 -0.0138
vn -0.9475 0.2982 0.1157
vn -0.7313 0.6783 0.0714
vn -0.1359 0.9881 0.0714
vn -0.1390 0.9896 -0.0377
vn -0.9508 0.3002 -0.0766
vn -0.9560 0.2915 0.0340
vn -0.9933 0.1142 0.0194
vn -0.9788 -0.2049 0.0068
vn -0.9935 0.1134 -0.0085
vn -0.9791 -0.2033 -0.0000
vn -0.9794 -0.2017 0.0052
vn -0.9573 0.2888 0.0142
vn -0.9510 0.3087 0.0169
vn -0.2307 0.9606 0.1552
vn -0.3712 0.6585 0.6546
vn -0.7949 0.5135 0.3232
vn -0.3240 0.7009 0.6354
vn -0.3731 0.6488 0.6632
vn -0.3260 0.7021 0.6330
vn -0.1172 0.8080 0.5774
vn -0.1436 0.8001 0.5824
vn -0.0751 0.7293 0.6800
vn -0.0735 0.7294 0.6801
vn -0.0548 0.9950 0.0841
vn -0.0640 0.9970 -0.0426
vn -0.0280 -0.6831 0.7298
vn -0.0978 0.7335 0.6726
vn 0.0113 -0.6937 0.7202
vn -0.2065 0.6931 0.6906
vn 0.9421 -0.0252 0.3345
vn 0.0248 0.7013 -0.7124
vn 0.0544 0.6870 -0.7246
vn -0.1128 0.7306 0.6735
vn -0.1139 0.7305 0.6734
vn -0.0857 0.9830 0.1624
vn -0.1212 0.9893 0.0810
vn -0.1806 0.9797 0.0874
vn -0.1108 0.9927 0.0483
vn -0.1705 0.9853 0.0112
vn -0.9253 0.3792 -0.0008
vn -0.9382 0.3460 0.0053
vn -0.9840 -0.1756 0.0298
vn -0.9201 0.3916 0.0043
vn -0.9813 -0.1896 -0.0317
vn 0.1858 -0.9416 0.2809
vn 0.1912 -0.9405 -0.2810
vn 0.0112 -0.3712 -0.9285
vn -0.0269 -0.9195 0.3922
vn -0.1672 -0.9575 0.2349
vn -0.9762 -0.1614 0.1449
vn -0.9365 -0.2012 0.2873
vn -0.1695 -0.1963 0.9658
vn -0.1074 0.2617 0.9592
vn -0.9080 0.3691 0.1981
vn -0.0944 0.2915 0.9519
vn -0.1114 -0.1888 0.9757
vn -0.0563 0.9765 0.2083
vn -0.0899 0.9895 0.1129
vn -0.0729 0.9941 0.0802
vn -0.0515 0.9902 0.1299
vn -0.9098 0.3910 0.1390
vn -0.1339 0.9886 0.0693
vn -0.0892 0.9881 0.1256
vn -0.0165 0.9947 -0.1016
vn -0.2308 -0.9710 0.0620
vn 0.0273 -0.0833 -0.9961
vn 0.9642 0.2623 -0.0379
vn 0.8748 0.4105 0.2572
vn 0.0039 0.9978 -0.0669
vn 0.0090 0.9944 -0.1052
vn 0.0011 0.9950 -0.1001
vn -0.0195 0.5092 0.8604
vn -0.0425 0.5044 0.8624
vn 0.1306 -0.6209 -0.7729
vn 0.0100 -0.7814 -0.6240
vn 0.0510 0.0383 -0.9980
vn 0.0387 0.0666 -0.9970
vn -0.0192 0.6067 -0.7947
vn 0.0396 0.4932 -0.8690
vn -0.0301 0.9041 -0.4262
vn 0.0162 0.8851 -0.4651
vn 0.9745 0.1371 -0.1779
vn 0.9037 0.0081 -0.4281
vn 0.9807 0.1536 -0.1213
vn 0.9152 0.0168 -0.4027
vn -0.9642 0.2623 -0.0379
vn -0.8748 0.4105 0.2572
vn -0.0039 0.9978 -0.0669
vn -0.0090 0.9944 -0.1052
vn -0.0011 0.9950 -0.1001
vn 0.0195 0.5092 0.8604
vn 0.0425 0.5044 0.8624
vn -0.1306 -0.6209 -0.7729
vn -0.0100 -0.7814 -0.6240
vn -0.0510 0.0383 -0.9980
vn -0.0387 0.0666 -0.9970
vn 0.0192 0.6067 -0.7947
vn -0.0396 0.4932 -0.8690
vn 0.0301 0.9041 -0.4262
vn -0.0162 0.8851 -0.4651
vn -0.9745 0.1371 -0.1779
vn -0.9037 0.0081 -0.4281
vn -0.9807 0.1536 -0.1213
vn -0.9152 0.0168 -0.4027
vn -0.0000 -0.9934 0.1150
vn 0.6755 -0.7325 0.0848
vn -0.0000 -0.1150 -0.9934
vn 0.6755 0.7325 -0.0848
vn -0.0000 0.9934 -0.1150
vn -0.6755 -0.7325 0.0848
vn -0.6755 0.7325 -0.0848
vn -0.0000 -0.9858 -0.1677
vn -0.0000 -0.1677 0.9858
vn 0.7071 -0.6971 -0.1186
vn 0.7071 0.6971 0.1186
vn -0.0000 0.9858 0.1677
vn -0.7071 -0.6971 -0.1186
vn -0.7071 0.6971 0.1186
vn 0.8435 -0.5306 -0.0839
vn 0.8417 -0.5027 -0.1970
vn -0.9927 -0.0198 0.1186
vn -0.9615 -0.0498 0.2702
vn -0.9615 0.0498 0.2702
vn -0.9927 0.0198 0.1186
vn -0.9183 0.3194 -0.2340
vn -0.9183 -0.3194 -0.2340
vn 0.1601 -0.6499 0.7430
vn 0.1601 0.6499 0.7430
vn 0.6961 -0.6195 0.3628
vn 0.6961 0.6195 0.3628
vn 0.8435 0.5306 -0.0839
vn 0.8417 0.5027 -0.1970
vn 0.7802 0.4659 -0.4173
vn -0.8098 0.0996 0.5781
vn -0.2482 0.0039 0.9687
vn -0.0874 -0.0975 0.9914
vn 0.2438 0.3155 -0.9171
vn 0.0984 0.3526 -0.9306
vn 0.0573 0.4247 -0.9035
vn -0.0755 -0.1712 0.9823
vn -0.0755 0.1712 0.9823
vn -0.0874 0.0975 0.9914
vn 0.0984 -0.3526 -0.9306
vn 0.0573 -0.4247 -0.9035
vn 0.2438 -0.3155 -0.9171
vn 0.7802 -0.4659 -0.4173
vn -0.8098 -0.0996 0.5781
vn -0.2482 -0.0039 0.9687
vn -0.8435 -0.5306 -0.0839
vn -0.8417 -0.5027 -0.1970
vn 0.9927 -0.0198 0.1186
vn 0.9615 -0.0498 0.2702
vn 0.9615 0.0498 0.2702
vn 0.9927 0.0198 0.1186
vn 0.9183 0.3194 -0.2340
vn 0.9183 -0.3194 -0.2340
vn -0.1601 -0.6499 0.7430
vn -0.1601 0.6499 0.7430
vn -0.6961 -0.6195 0.3628
vn -0.6961 0.6195 0.3628
vn -0.8435 0.5306 -0.0839
vn -0.8417 0.5027 -0.1970
vn -0.7802 0.4659 -0.4173
vn 0.8098 0.0996 0.5781
vn 0.2482 0.0039 0.9687
vn 0.0874 -0.0975 0.9914
vn -0.2438 0.3155 -0.9171
vn -0.0984 0.3526 -0.9306
vn -0.0573 0.4247 -0.9035
vn 0.0755 -0.1712 0.9823
vn 0.0755 0.1712 0.9823
vn 0.0874 0.0975 0.9914
vn -0.0984 -0.3526 -0.9306
vn -0.0573 -0.4247 -0.9035
vn -0.2438 -0.3155 -0.9171
vn -0.7802 -0.4659 -0.4173
vn 0.8098 -0.0996 0.5781
vn 0.2482 -0.0039 0.9687
vn 0.8435 0.5306 0.0839
vn 0.8417 0.5027 0.1970
vn -0.9927 0.0198 -0.1186
vn -0.9615 0.0498 -0.2702
vn -0.9615 -0.0498 -0.2702
vn -0.9927 -0.0198 -0.1186
vn -0.9183 -0.3194 0.2340
vn -0.9183 0.3194 0.2340
vn 0.1601 0.6499 -0.7430
vn 0.1601 -0.6499 -0.7430
vn 0.6961 0.6196 -0.3628
vn 0.6961 -0.6196 -0.3628
vn 0.8435 -0.5306 0.0839
vn 0.8417 -0.5027 0.1970
vn 0.7802 -0.4659 0.4173
vn -0.8098 -0.0996 -0.5781
vn -0.2482 -0.0038 -0.9687
vn -0.0874 0.0975 -0.9914
vn 0.2438 -0.3155 0.9171
vn 0.0985 -0.3526 0.9306
vn 0.0573 -0.4247 0.9035
vn -0.0755 0.1712 -0.9823
vn -0.0755 -0.1712 -0.9823
vn -0.0874 -0.0975 -0.9914
vn 0.0985 0.3526 0.9306
vn 0.0573 0.4247 0.9035
vn 0.2438 0.3155 0.9171
vn 0.7802 0.4659 0.4173
vn -0.8098 0.0996 -0.5781
vn -0.2482 0.0038 -0.9687
vn -0.8435 0.5306 0.0839
vn -0.8417 0.5027 0.1970
vn 0.9927 0.0198 -0.1186
vn 0.9615 0.0498 -0.2702
vn 0.9615 -0.0498 -0.2702
vn 0.9927 -0.0198 -0.1186
vn 0.9183 -0.3194 0.2340
vn 0.9183 0.3194 0.2340
vn -0.1601 0.6499 -0.7430
vn -0.1601 -0.6499 -0.7430
vn -0.6961 0.6196 -0.3628
vn -0.6961 -0.6196 -0.3628
vn -0.8435 -0.5306 0.0839
vn -0.8417 -0.5027 0.1970
vn -0.7802 -0.4659 0.4173
vn 0.8098 -0.0996 -0.5781
vn 0.2482 -0.0038 -0.9687
vn 0.0874 0.0975 -0.9914
vn -0.2438 -0.3155 0.9171
vn -0.0985 -0.3526 0.9306
vn -0.0573 -0.4247 0.9035
vn 0.0755 0.1712 -0.9823
vn 0.0755 -0.1712 -0.9823
vn 0.0874 -0.0975 -0.9914
vn -0.0985 0.3526 0.9306
vn -0.0573 0.4247 0.9035
vn -0.2438 0.3155 0.9171
vn -0.7802 0.4659 0.4173
vn 0.8098 0.0996 -0.5781
vn 0.2482 0.0038 -0.9687
vn -0.2755 0.6650 0.6941
vn -0.6651 0.2755 0.6941
vn 0.9763 0.2074 -0.0617
vn 0.0646 -0.2361 0.9696
vn 0.9402 -0.3390 -0.0315
vn 0.0570 0.3773 0.9243
vn 0.0730 -0.2560 0.9639
vn 0.0700 0.4027 0.9127
vn 0.0045 -0.9987 0.0517
vn -0.9151 -0.3974 0.0684
vn 0.1011 0.4373 0.8936
vn 0.0830 0.4087 0.9089
vn 0.9073 0.4205 -0.0000
vn 0.0988 -0.2306 0.9680
vn 0.0960 -0.2322 0.9679
vn 0.0570 -0.2368 0.9699
vn -0.0070 0.9972 -0.0744
vn -0.9724 -0.1961 0.1261
vn 0.1233 -0.2271 0.9660
vn 0.1104 0.3659 0.9241
vn -0.9487 0.3044 0.0857
vn 0.0078 -0.9972 0.0743
vn 0.0917 0.3712 0.9240
vn 0.0686 0.3749 0.9245
vn 0.0701 0.3792 0.9227
vn 0.9533 -0.2893 -0.0874
vn 0.0943 0.3720 0.9234
vn 0.0988 -0.2327 0.9675
vn 0.0593 -0.2406 0.9688
vn 0.0713 0.3767 0.9236
vn 0.0616 -0.2375 0.9694
vn -0.9580 0.2725 0.0892
vn -0.9767 -0.1746 0.1250
vn 0.1204 -0.2302 0.9657
vn 0.1083 0.3700 0.9227
vn 0.9786 0.1642 -0.1244
vn 0.0960 -0.2343 0.9674
vn 0.0638 -0.2410 0.9684
vn 0.0987 -0.2348 0.9670
vn 0.0941 0.3751 0.9222
vn 0.0728 0.3806 0.9219
vn 0.0915 0.3742 0.9228
vn 0.9622 -0.2568 -0.0908
vn 0.0959 -0.2363 0.9669
vn 0.0987 -0.2369 0.9665
vn 0.0685 -0.2416 0.9680
vn 0.9821 0.1422 -0.1232
vn 0.1175 -0.2332 0.9653
vn 0.9702 -0.2234 -0.0942
vn 0.1062 0.3739 0.9213
vn -0.9664 0.2397 0.0926
vn 0.0914 0.3771 0.9216
vn 0.0741 0.3786 0.9226
vn -0.9805 -0.1528 0.1238
vn 0.0662 -0.2384 0.9689
vn 0.0756 0.3822 0.9210
vn 0.0940 0.3781 0.9210
vn 0.0959 -0.2383 0.9664
vn 0.0986 -0.2390 0.9660
vn 0.0732 -0.2423 0.9674
vn 0.9853 0.1200 -0.1219
vn 0.9771 -0.1893 -0.0976
vn 0.0784 0.3840 0.9200
vn 0.1145 -0.2360 0.9650
vn 0.1042 0.3777 0.9200
vn -0.9738 0.2060 0.0960
vn 0.0913 0.3801 0.9204
vn 0.0769 0.3807 0.9215
vn -0.9838 -0.1308 0.1225
vn 0.0708 -0.2395 0.9683
vn 0.0939 0.3811 0.9197
vn 0.0912 0.3830 0.9192
vn 0.0798 0.3829 0.9203
vn -0.9801 0.1717 0.0993
vn 0.1021 0.3813 0.9188
vn -0.9867 -0.1086 0.1212
vn 0.1116 -0.2387 0.9647
vn 0.9879 0.0976 -0.1205
vn 0.0958 -0.2403 0.9660
vn 0.0780 -0.2433 0.9668
vn 0.0986 -0.2411 0.9655
vn 0.0938 0.3841 0.9185
vn 0.0813 0.3859 0.9189
vn 0.0827 0.3854 0.9190
vn 0.0804 -0.2422 0.9669
vn -0.9853 0.1367 0.1025
vn -0.9890 -0.0862 0.1198
vn 0.1086 -0.2413 0.9643
vn 0.1001 0.3848 0.9175
vn 0.9900 0.0751 -0.1190
vn 0.0958 -0.2423 0.9655
vn 0.0829 -0.2444 0.9661
vn 0.0985 -0.2432 0.9650
vn 0.0936 0.3872 0.9172
vn 0.0842 0.3880 0.9178
vn 0.0911 0.3860 0.9180
vn 0.9874 -0.1191 -0.1041
vn 0.0957 -0.2444 0.9649
vn 0.0985 -0.2453 0.9644
vn 0.0878 -0.2457 0.9654
vn 0.9917 0.0524 -0.1175
vn 0.1056 -0.2438 0.9641
vn 0.0981 0.3882 0.9163
vn 0.9907 -0.0833 -0.1072
vn 0.0910 0.3888 0.9168
vn 0.0872 0.3903 0.9165
vn 0.0935 0.3901 0.9160
vn 0.0960 -0.2479 0.9640
vn -0.0076 0.9972 -0.0748
vn -0.9923 -0.0410 0.1167
vn 0.0903 -0.2457 0.9651
vn 0.1073 -0.2457 0.9634
vn 0.1013 0.3909 0.9148
vn -0.9919 0.0653 0.1087
vn 0.0078 -0.9972 0.0748
vn 0.0911 0.3932 0.9149
vn 0.0887 0.3908 0.9162
vn -0.9892 0.1011 0.1057
vn 0.0857 0.3880 0.9177
vn -0.9909 -0.0637 0.1183
vn 0.0853 -0.2439 0.9661
vn 0.9828 -0.1545 -0.1009
vn 0.0756 -0.2408 0.9676
vn 0.9745 0.1859 -0.1256
vn 0.0944 0.3689 0.9246
vn 0.0879 -0.2584 0.9620
vn 0.1314 -0.2854 0.9493
vn 0.9638 -0.2667 -0.0000
vn -0.9652 0.2590 0.0369
vn -0.0049 0.9987 -0.0517
vn -0.9763 0.2074 -0.0617
vn -0.0646 -0.2361 0.9696
vn -0.9402 -0.3390 -0.0314
vn -0.0570 0.3773 0.9243
vn -0.0730 -0.2560 0.9639
vn -0.0700 0.4027 0.9127
vn -0.0045 -0.9987 0.0517
vn 0.9151 -0.3974 0.0684
vn -0.1011 0.4373 0.8936
vn -0.0830 0.4087 0.9089
vn -0.9073 0.4205 -0.0000
vn -0.0988 -0.2306 0.9680
vn -0.0960 -0.2322 0.9679
vn -0.0570 -0.2368 0.9699
vn 0.0070 0.9972 -0.0744
vn 0.9724 -0.1961 0.1261
vn -0.1233 -0.2271 0.9660
vn -0.1104 0.3659 0.9241
vn 0.9487 0.3044 0.0857
vn -0.0078 -0.9972 0.0743
vn -0.0917 0.3712 0.9240
vn -0.0686 0.3749 0.9245
vn -0.0701 0.3792 0.9227
vn -0.9533 -0.2893 -0.0874
vn -0.0943 0.3720 0.9234
vn -0.0988 -0.2327 0.9675
vn -0.0593 -0.2406 0.9688
vn -0.0713 0.3767 0.9236
vn -0.0616 -0.2375 0.9694
vn 0.9580 0.2725 0.0892
vn 0.9767 -0.1746 0.1250
vn -0.1204 -0.2302 0.9657
vn -0.1083 0.3700 0.9227
vn -0.9786 0.1642 -0.1244
vn -0.0960 -0.2343 0.9674
vn -0.0638 -0.2410 0.9684
vn -0.0987 -0.2348 0.9670
vn -0.0941 0.3751 0.9222
vn -0.0728 0.3806 0.9219
vn -0.0915 0.3742 0.9228
vn -0.9622 -0.2568 -0.0908
vn -0.0959 -0.2363 0.9669
vn -0.0987 -0.2369 0.9665
vn -0.0685 -0.2416 0.9680
vn -0.9821 0.1422 -0.1232
vn -0.1175 -0.2332 0.9653
vn -0.9702 -0.2234 -0.0943
vn -0.1062 0.3739 0.9213
vn 0.9664 0.2397 0.0926
vn -0.0914 0.3771 0.9216
vn -0.0741 0.3786 0.9226
vn 0.9805 -0.1528 0.1238
vn -0.0662 -0.2384 0.9689
vn -0.0756 0.3822 0.9210
vn -0.0940 0.3781 0.9210
vn -0.0959 -0.2383 0.9664
vn -0.0986 -0.2390 0.9660
vn -0.0732 -0.2423 0.9674
vn -0.9853 0.1200 -0.1219
vn -0.9771 -0.1893 -0.0976
vn -0.0784 0.3840 0.9200
vn -0.1145 -0.2360 0.9650
vn -0.1042 0.3777 0.9200
vn 0.9738 0.2060 0.0960
vn -0.0913 0.3800 0.9204
vn -0.0769 0.3807 0.9215
vn 0.9838 -0.1308 0.1225
vn -0.0708 -0.2395 0.9683
vn -0.0939 0.3811 0.9197
vn -0.0912 0.3830 0.9192
vn -0.0798 0.3829 0.9203
vn 0.9801 0.1717 0.0993
vn -0.1021 0.3813 0.9188
vn 0.9867 -0.1086 0.1212
vn -0.1116 -0.2387 0.9647
vn -0.9879 0.0976 -0.1205
vn -0.0958 -0.2403 0.9659
vn -0.0780 -0.2433 0.9668
vn -0.0986 -0.2411 0.9655
vn -0.0938 0.3841 0.9185
vn -0.0813 0.3859 0.9189
vn -0.0827 0.3854 0.9190
vn -0.0804 -0.2422 0.9669
vn 0.9853 0.1367 0.1025
vn 0.9891 -0.0862 0.1198
vn -0.1086 -0.2413 0.9643
vn -0.1001 0.3848 0.9175
vn -0.9900 0.0751 -0.1190
vn -0.0958 -0.2423 0.9655
vn -0.0829 -0.2444 0.9661
vn -0.0985 -0.2432 0.9650
vn -0.0936 0.3872 0.9172
vn -0.0842 0.3880 0.9178
vn -0.0911 0.3860 0.9180
vn -0.9874 -0.1191 -0.1041
vn -0.0957 -0.2445 0.9649
vn -0.0985 -0.2453 0.9644
vn -0.0878 -0.2457 0.9654
vn -0.9917 0.0524 -0.1175
vn -0.1056 -0.2438 0.9641
vn -0.0981 0.3882 0.9163
vn -0.9907 -0.0833 -0.1072
vn -0.0910 0.3889 0.9168
vn -0.0872 0.3903 0.9165
vn -0.0935 0.3901 0.9160
vn -0.0960 -0.2479 0.9640
vn 0.0076 0.9972 -0.0748
vn 0.9923 -0.0410 0.1167
vn -0.0903 -0.2457 0.9651
vn -0.1073 -0.2457 0.9634
vn -0.1013 0.3909 0.9148
vn 0.9919 0.0653 0.1087
vn -0.0078 -0.9972 0.0748
vn -0.0911 0.3932 0.9149
vn -0.0887 0.3908 0.9162
vn 0.9892 0.1011 0.1057
vn -0.0857 0.3880 0.9177
vn 0.9909 -0.0637 0.1183
vn -0.0853 -0.2439 0.9660
vn -0.9828 -0.1545 -0.1009
vn -0.0756 -0.2408 0.9676
vn -0.9745 0.1859 -0.1256
vn -0.0944 0.3689 0.9246
vn -0.0879 -0.2584 0.9620
vn -0.1314 -0.2854 0.9493
vn -0.9638 -0.2667 -0.0000
vn 0.9652 0.2590 0.0369
vn 0.0049 0.9987 -0.0517
vn 0.1022 0.9929 0.0607
vn 0.0824 0.9916 0.1000
vn 0.0721 0.9918 0.1055
vn -0.0399 -0.9979 -0.0515
vn 0.0676 0.3339 0.9402
vn 0.0523 0.9829 0.1765
vn 0.1235 0.9922 0.0175
vn -0.1022 0.9929 0.0607
vn -0.0824 0.9916 0.1000
vn -0.0721 0.9918 0.1055
vn 0.0399 -0.9979 -0.0515
vn -0.0676 0.3339 0.9402
vn -0.0523 0.9829 0.1765
vn -0.1235 0.9922 0.0175
vn 0.9655 -0.2499 -0.0734
vn 0.8995 0.0574 0.4332
vn 0.9009 0.4275 -0.0748
vn 0.4158 0.9075 -0.0594
vn 0.8628 0.4795 -0.1603
vn -0.0896 0.7755 -0.6250
vn 0.1696 0.9852 -0.0269
vn 0.4783 0.6381 -0.6034
vn 0.8908 0.4474 -0.0799
vn 0.9132 -0.4027 -0.0624
vn 0.5001 0.2118 -0.8397
vn 0.9540 0.2996 -0.0035
vn 0.9498 0.3127 -0.0099
vn 0.9522 0.3049 -0.0206
vn 0.9562 0.2925 -0.0095
vn 0.9565 0.2917 -0.0095
vn 0.9521 0.3050 -0.0213
vn 0.9495 0.3135 -0.0100
vn 0.9541 0.2994 -0.0030
vn 0.9576 0.2857 0.0360
vn 0.9632 0.2674 0.0280
vn 0.9591 0.2818 0.0283
vn 0.9603 0.2787 0.0148
vn 0.9550 0.2952 0.0287
vn 0.9547 0.2963 0.0287
vn 0.9603 0.2786 0.0140
vn 0.9635 0.2662 0.0280
vn 0.9575 0.2860 0.0365
vn 0.0107 -0.0000 0.9999
vn 0.1896 -0.0000 0.9819
vn 0.0689 0.9918 0.1075
vn 0.2186 0.9677 0.1258
vn 0.0806 0.9950 0.0597
vn -0.0111 -0.0000 -0.9999
vn 0.0682 0.9937 0.0893
vn 0.0693 -0.0000 0.9976
vn 0.0537 0.9968 0.0598
vn 0.0686 0.9923 0.1032
vn -0.0698 -0.0000 -0.9976
vn 0.0686 0.9927 0.0994
vn 0.0806 0.9955 0.0503
vn 0.0686 0.9927 0.0995
vn 0.0679 0.9944 0.0808
vn 0.0694 -0.0000 0.9976
vn 0.0530 0.9973 0.0503
vn 0.0683 0.9931 0.0950
vn 0.0683 0.9935 0.0909
vn 0.0523 0.9978 0.0404
vn 0.0683 0.9935 0.0911
vn 0.0695 -0.0000 0.9976
vn 0.0676 0.9951 0.0718
vn -0.0110 -0.0000 -0.9999
vn 0.0806 0.9959 0.0403
vn 0.0681 0.9939 0.0863
vn 0.0680 0.9943 0.0820
vn 0.0515 0.9982 0.0299
vn 0.0680 0.9943 0.0822
vn 0.0673 0.9958 0.0623
vn 0.0806 0.9963 0.0298
vn 0.0677 0.9947 0.0772
vn 0.0676 0.9951 0.0726
vn 0.0506 0.9985 0.0188
vn 0.0677 0.9950 0.0728
vn 0.0696 -0.0000 0.9976
vn 0.0669 0.9964 0.0522
vn -0.0108 -0.0000 -0.9999
vn 0.0806 0.9966 0.0187
vn 0.0674 0.9954 0.0675
vn 0.0673 0.9958 0.0627
vn -0.1896 -0.0000 -0.9819
vn -0.0107 -0.0000 0.9999
vn -0.1896 -0.0000 0.9819
vn -0.0689 0.9918 0.1075
vn -0.2186 0.9677 0.1258
vn -0.0806 0.9950 0.0597
vn 0.0111 -0.0000 -0.9999
vn -0.0682 0.9937 0.0893
vn -0.0693 -0.0000 0.9976
vn -0.0537 0.9968 0.0598
vn -0.0686 0.9923 0.1032
vn 0.0698 -0.0000 -0.9976
vn -0.0686 0.9927 0.0994
vn -0.0806 0.9955 0.0503
vn -0.0686 0.9927 0.0995
vn -0.0679 0.9944 0.0808
vn -0.0694 -0.0000 0.9976
vn -0.0530 0.9973 0.0503
vn -0.0683 0.9931 0.0950
vn -0.0683 0.9935 0.0909
vn -0.0523 0.9978 0.0404
vn -0.0683 0.9935 0.0911
vn -0.0695 -0.0000 0.9976
vn -0.0676 0.9951 0.0718
vn 0.0110 -0.0000 -0.9999
vn -0.0806 0.9959 0.0403
vn -0.0681 0.9939 0.0863
vn -0.0680 0.9943 0.0820
vn -0.0515 0.9982 0.0299
vn -0.0680 0.9943 0.0822
vn -0.0673 0.9958 0.0623
vn -0.0806 0.9963 0.0298
vn -0.0677 0.9947 0.0772
vn -0.0676 0.9951 0.0726
vn -0.0506 0.9985 0.0188
vn -0.0677 0.9950 0.0728
vn -0.0696 -0.0000 0.9976
vn -0.0669 0.9964 0.0522
vn 0.0108 -0.0000 -0.9999
vn -0.0806 0.9966 0.0187
vn -0.0674 0.9954 0.0675
vn -0.0673 0.9958 0.0627
vn 0.1896 -0.0000 -0.9819
vn 0.9845 -0.1370 0.1094
vn -0.0179 0.0012 -0.9998
vn 0.1099 0.9904 0.0842
vn 0.1198 0.9890 0.0863
vn 0.1439 0.9826 0.1175
vn 0.9859 -0.1314 0.1037
vn 0.9755 -0.1301 0.1777
vn 0.6252 -0.0541 0.7786
vn 0.1089 0.9770 0.1834
vn 0.9717 -0.1297 0.1972
vn -0.9845 -0.1370 0.1094
vn 0.0179 0.0012 -0.9998
vn -0.1099 0.9904 0.0842
vn -0.1198 0.9890 0.0863
vn -0.1439 0.9826 0.1175
vn -0.9859 -0.1314 0.1037
vn -0.9755 -0.1301 0.1777
vn -0.6252 -0.0541 0.7786
vn -0.1089 0.9770 0.1834
vn -0.9717 -0.1297 0.1972
vt 0.608584 0.022661
vt 0.113071 0.974845
vt 0.032284 0.991969
vt 0.475113 0.022879
vt 0.107255 0.279129
vt 0.534016 0.331213
vt 0.403684 0.877878
vt 0.184679 0.220279
s 0
usemtl CubeFBXASC046009SG
f 4/1/1 49/1/1 2/1/1 1/1/1
f 1/1/1 2/1/1 6/1/1 5/1/1
f 3/1/1 1/1/1 5/1/1 7/1/1
f 23/1/1 4/1/1 1/1/1 3/1/1
f 8/1/2 5/1/2 6/1/2 9/1/2
f 10/1/3 7/1/3 5/1/3 8/1/3
f 11/1/4 8/1/4 9/1/4 13/1/4
f 14/1/5 10/1/5 8/1/5 11/1/5
f 15/1/6 14/1/6 11/1/6 12/1/6
f 12/1/7 11/1/7 13/1/7 50/1/7
f 17/1/8 16/1/8 14/1/8 15/1/8
f 16/1/9 18/1/9 10/1/9 14/1/9
f 21/1/10 19/1/10 16/1/10 17/1/10
f 19/1/11 22/1/11 18/1/11 16/1/11
f 20/1/12 24/1/12 22/1/12 19/1/12
f 65/1/13 20/1/13 19/1/13 21/1/13
f 24/1/14 25/1/14 23/1/14 22/1/14
f 22/1/15 23/1/15 3/1/15 18/1/15
f 26/1/16 27/1/16 25/1/16 24/1/16
f 28/1/17 26/1/17 24/1/17 20/1/17
f 29/1/18 31/1/18 27/1/18 26/1/18
f 32/1/19 29/1/19 26/1/19 28/1/19
f 30/1/20 48/1/20 31/1/20 29/1/20
f 34/1/21 30/1/21 29/1/21 32/1/21
f 35/1/22 34/1/22 32/1/22 33/1/22
f 33/1/23 32/1/23 28/1/23 68/1/23
f 38/1/24 36/1/24 34/1/24 35/1/24
f 36/1/25 37/1/25 30/1/25 34/1/25
f 39/1/26 40/1/26 37/1/26 36/1/26
f 41/1/27 39/1/27 36/1/27 38/1/27
f 42/1/28 44/1/28 40/1/28 39/1/28
f 43/1/29 42/1/29 39/1/29 41/1/29
f 50/1/30 13/1/30 42/1/30 43/1/30
f 13/1/31 9/1/31 44/1/31 42/1/31
f 44/1/32 45/1/32 46/1/32 40/1/32
f 9/1/33 6/1/33 45/1/33 44/1/33
f 2/1/1 46/1/1 45/1/1 6/1/1
f 40/1/34 46/1/34 47/1/34 37/1/34
f 49/1/1 47/1/1 46/1/1 2/1/1
f 37/1/35 47/1/35 48/1/35 30/1/35
f 31/1/1 48/1/1 47/1/1 49/1/1
f 27/1/1 31/1/1 49/1/1 4/1/1
f 54/1/1 50/1/1 43/1/1 51/1/1
f 51/1/1 43/1/1 41/1/1 53/1/1
f 55/2/36 54/2/36 51/2/36 52/2/36
f 52/2/37 51/2/37 53/2/37 77/2/37
f 56/1/1 12/1/1 50/1/1 54/1/1
f 57/2/38 56/2/38 54/2/38 55/2/38
f 58/1/1 15/1/1 12/1/1 56/1/1
f 59/2/39 58/2/39 56/2/39 57/2/39
f 60/1/1 17/1/1 15/1/1 58/1/1
f 61/2/40 60/2/40 58/2/40 59/2/40
f 62/1/1 21/1/1 17/1/1 60/1/1
f 63/2/41 62/2/41 60/2/41 61/2/41
f 64/1/1 65/1/1 21/1/1 62/1/1
f 66/2/42 64/2/42 62/2/42 63/2/42
f 67/1/1 68/1/1 65/1/1 64/1/1
f 69/2/43 67/2/43 64/2/43 66/2/43
f 70/1/1 33/1/1 68/1/1 67/1/1
f 71/2/44 70/2/44 67/2/44 69/2/44
f 72/1/1 35/1/1 33/1/1 70/1/1
f 73/2/45 72/2/45 70/2/45 71/2/45
f 74/1/1 38/1/1 35/1/1 72/1/1
f 75/2/46 74/2/46 72/2/46 73/2/46
f 53/1/1 41/1/1 38/1/1 74/1/1
f 77/2/47 53/2/47 74/2/47 75/2/47
f 78/2/1 77/2/1 75/2/1 76/2/1
f 76/2/1 75/2/1 73/2/1 98/2/1
f 80/2/1 52/2/1 77/2/1 78/2/1
f 79/3/48 78/3/48 76/3/48 101/3/48
f 81/3/49 80/3/49 78/3/49 79/3/49
f 82/2/1 55/2/1 52/2/1 80/2/1
f 83/3/50 82/3/50 80/3/50 81/3/50
f 84/2/1 57/2/1 55/2/1 82/2/1
f 85/3/51 84/3/51 82/3/51 83/3/51
f 86/2/1 59/2/1 57/2/1 84/2/1
f 87/3/52 86/3/52 84/3/52 85/3/52
f 88/2/1 61/2/1 59/2/1 86/2/1
f 89/3/53 88/3/53 86/3/53 87/3/53
f 90/2/1 63/2/1 61/2/1 88/2/1
f 91/3/54 90/3/54 88/3/54 89/3/54
f 92/2/1 66/2/1 63/2/1 90/2/1
f 93/3/55 92/3/55 90/3/55 91/3/55
f 94/2/1 69/2/1 66/2/1 92/2/1
f 95/3/56 94/3/56 92/3/56 93/3/56
f 96/2/1 71/2/1 69/2/1 94/2/1
f 97/3/57 96/3/57 94/3/57 95/3/57
f 98/2/1 73/2/1 71/2/1 96/2/1
f 99/3/58 98/3/58 96/3/58 97/3/58
f 101/3/59 76/3/59 98/3/59 99/3/59
f 100/3/60 99/3/60 97/3/60 133/3/60
f 102/3/61 101/3/61 99/3/61 100/3/61
f 103/3/62 79/3/62 101/3/62 102/3/62
f 100/3/63 106/3/63 104/3/63 102/3/63
f 102/3/64 104/3/64 107/3/64 103/3/64
f 104/3/41 105/3/41 108/3/41 107/3/41
f 106/3/40 135/3/40 105/3/40 104/3/40
f 107/3/42 108/3/42 110/3/42 109/3/42
f 103/3/65 107/3/65 109/3/65 111/3/65
f 109/3/43 110/3/43 113/3/43 112/3/43
f 111/3/66 109/3/66 112/3/66 115/3/66
f 112/3/44 113/3/44 152/3/44 114/3/44
f 115/3/67 112/3/67 114/3/67 116/3/67
f 116/3/68 85/3/68 83/3/68 115/3/68
f 115/3/69 83/3/69 81/3/69 111/3/69
f 117/3/70 87/3/70 85/3/70 116/3/70
f 116/3/71 114/3/71 118/3/71 117/3/71
f 119/3/72 89/3/72 87/3/72 117/3/72
f 117/3/73 118/3/73 121/3/73 119/3/73
f 120/3/74 91/3/74 89/3/74 119/3/74
f 119/3/75 121/3/75 123/3/75 120/3/75
f 121/3/47 122/3/47 124/3/47 123/3/47
f 118/3/46 154/3/46 122/3/46 121/3/46
f 123/3/37 124/3/37 126/3/37 125/3/37
f 120/3/76 123/3/76 125/3/76 127/3/76
f 125/3/36 126/3/36 129/3/36 128/3/36
f 127/3/77 125/3/77 128/3/77 130/3/77
f 128/3/38 129/3/38 132/3/38 131/3/38
f 130/3/78 128/3/78 131/3/78 133/3/78
f 131/3/39 132/3/39 135/3/39 106/3/39
f 133/3/79 131/3/79 106/3/79 100/3/79
f 133/3/80 97/3/80 95/3/80 130/3/80
f 129/3/38 165/3/38 134/3/38 132/3/38
f 132/3/39 134/3/39 136/3/39 135/3/39
f 135/3/40 136/3/40 138/3/40 105/3/40
f 134/3/81 168/3/81 137/3/81 136/3/81
f 136/3/82 137/3/82 140/3/82 138/3/82
f 105/3/41 138/3/41 139/3/41 108/3/41
f 138/3/83 140/3/83 142/3/83 139/3/83
f 137/3/84 171/3/84 141/3/84 140/3/84
f 140/3/85 141/3/85 143/3/85 142/3/85
f 142/3/86 143/3/86 145/3/86 144/3/86
f 139/3/87 142/3/87 144/3/87 146/3/87
f 144/3/88 145/3/88 148/3/88 147/3/88
f 146/3/89 144/3/89 147/3/89 150/3/89
f 147/3/90 148/3/90 178/3/90 149/3/90
f 150/3/91 147/3/91 149/3/91 151/3/91
f 110/3/43 146/3/43 150/3/43 113/3/43
f 113/3/44 150/3/44 151/3/44 152/3/44
f 152/3/45 151/3/45 153/3/45 154/3/45
f 151/3/92 149/3/92 156/3/92 153/3/92
f 154/3/46 153/3/46 155/3/46 122/3/46
f 153/3/93 156/3/93 158/3/93 155/3/93
f 149/3/94 178/3/94 157/3/94 156/3/94
f 156/3/95 157/3/95 159/3/95 158/3/95
f 158/3/96 159/3/96 161/3/96 160/3/96
f 155/3/97 158/3/97 160/3/97 163/3/97
f 160/3/98 161/3/98 184/3/98 162/3/98
f 163/3/99 160/3/99 162/3/99 164/3/99
f 122/3/47 155/3/47 163/3/47 124/3/47
f 124/3/37 163/3/37 164/3/37 126/3/37
f 126/3/36 164/3/36 165/3/36 129/3/36
f 164/3/100 162/3/100 166/3/100 165/3/100
f 165/3/101 166/3/101 168/3/101 134/3/101
f 166/3/102 167/3/102 169/3/102 168/3/102
f 162/3/103 184/3/103 167/3/103 166/3/103
f 168/3/104 169/3/104 171/3/104 137/3/104
f 169/3/45 170/3/45 172/3/45 171/3/45
f 167/3/44 183/3/44 170/3/44 169/3/44
f 171/3/46 172/3/46 173/3/46 141/3/46
f 173/3/105 172/3/105 170/3/105 183/3/105 182/3/105 181/3/105 180/3/105 179/3/105 177/3/105 176/3/105 175/3/105 174/3/105
f 141/3/47 173/3/47 174/3/47 143/3/47
f 143/3/37 174/3/37 175/3/37 145/3/37
f 145/3/36 175/3/36 176/3/36 148/3/36
f 148/3/38 176/3/38 177/3/38 178/3/38
f 178/3/39 177/3/39 179/3/39 157/3/39
f 157/3/40 179/3/40 180/3/40 159/3/40
f 159/3/41 180/3/41 181/3/41 161/3/41
f 161/3/42 181/3/42 182/3/42 184/3/42
f 184/3/43 182/3/43 183/3/43 167/3/43
f 114/3/45 152/3/45 154/3/45 118/3/45
f 108/3/42 139/3/42 146/3/42 110/3/42
f 130/3/106 95/3/106 93/3/106 127/3/106
f 127/3/107 93/3/107 91/3/107 120/3/107
f 111/3/108 81/3/108 79/3/108 103/3/108
f 68/1/109 28/1/109 20/1/109 65/1/109
f 25/1/1 27/1/1 4/1/1 23/1/1
f 18/1/110 3/1/110 7/1/110 10/1/110
f 186/3/40 190/3/40 188/3/40 185/3/40
f 185/3/111 187/3/111 200/3/111 186/3/111
f 194/3/1 195/3/1 196/3/1 198/3/1 187/3/1 185/3/1 188/3/1 189/3/1
f 191/3/112 189/3/112 188/3/112 190/3/112
f 194/3/43 189/3/43 191/3/43 192/3/43
f 192/3/113 193/3/113 195/3/113 194/3/113
f 193/3/46 197/3/46 196/3/46 195/3/46
f 196/3/114 197/3/114 199/3/114 198/3/114
f 187/3/36 198/3/36 199/3/36 200/3/36
f 201/3/46 202/3/46 216/3/46 203/3/46
f 204/3/113 201/3/113 203/3/113 205/3/113
f 205/3/43 207/3/43 206/3/43 204/3/43
f 206/3/112 207/3/112 210/3/112 208/3/112
f 209/3/40 208/3/40 210/3/40 211/3/40
f 205/3/1 203/3/1 216/3/1 213/3/1 212/3/1 211/3/1 210/3/1 207/3/1
f 211/3/111 212/3/111 214/3/111 209/3/111
f 212/3/36 213/3/36 215/3/36 214/3/36
f 216/3/114 202/3/114 215/3/114 213/3/114
f 220/3/37 217/3/37 218/3/37 268/3/37
f 217/3/37 221/3/37 223/3/37 218/3/37
f 233/3/47 219/3/47 217/3/47 220/3/47
f 219/3/47 224/3/47 221/3/47 217/3/47
f 224/3/97 225/3/97 222/3/97 221/3/97
f 221/3/99 222/3/99 374/3/99 223/3/99
f 226/3/93 227/3/93 225/3/93 224/3/93
f 229/3/46 226/3/46 224/3/46 219/3/46
f 228/3/92 400/3/92 227/3/92 226/3/92
f 230/3/45 228/3/45 226/3/45 229/3/45
f 234/3/45 230/3/45 229/3/45 231/3/45
f 231/3/46 229/3/46 219/3/46 233/3/46
f 235/3/115 234/3/115 231/3/115 232/3/115
f 232/3/116 231/3/116 233/3/116 367/3/116
f 237/3/67 236/3/67 234/3/67 235/3/67
f 236/3/44 239/3/44 230/3/44 234/3/44
f 326/3/117 238/3/117 236/3/117 237/3/117
f 238/3/43 240/3/43 239/3/43 236/3/43
f 239/3/44 241/3/44 228/3/44 230/3/44
f 240/3/43 243/3/43 241/3/43 239/3/43
f 243/3/89 244/3/89 242/3/89 241/3/89
f 241/3/91 242/3/91 400/3/91 228/3/91
f 245/3/87 247/3/87 244/3/87 243/3/87
f 248/3/42 245/3/42 243/3/42 240/3/42
f 246/3/83 399/3/83 247/3/83 245/3/83
f 249/3/41 246/3/41 245/3/41 248/3/41
f 250/3/42 248/3/42 240/3/42 238/3/42
f 252/3/41 249/3/41 248/3/41 250/3/41
f 251/3/65 250/3/65 238/3/65 326/3/65
f 253/3/64 252/3/64 250/3/64 251/3/64
f 255/3/118 254/3/118 252/3/118 253/3/118
f 254/3/40 257/3/40 249/3/40 252/3/40
f 358/3/119 256/3/119 254/3/119 255/3/119
f 256/3/39 258/3/39 257/3/39 254/3/39
f 258/3/39 261/3/39 259/3/39 257/3/39
f 257/3/40 259/3/40 246/3/40 249/3/40
f 261/3/81 262/3/81 260/3/81 259/3/81
f 259/3/82 260/3/82 399/3/82 246/3/82
f 263/3/101 264/3/101 262/3/101 261/3/101
f 265/3/38 263/3/38 261/3/38 258/3/38
f 223/3/100 374/3/100 264/3/100 263/3/100
f 218/3/36 223/3/36 263/3/36 265/3/36
f 268/3/36 218/3/36 265/3/36 266/3/36
f 266/3/38 265/3/38 258/3/38 256/3/38
f 269/3/77 268/3/77 266/3/77 267/3/77
f 267/3/120 266/3/120 256/3/120 358/3/120
f 270/3/76 220/3/76 268/3/76 269/3/76
f 267/3/106 272/3/106 271/3/106 269/3/106
f 269/3/107 271/3/107 273/3/107 270/3/107
f 272/3/56 275/3/56 274/3/56 271/3/56
f 271/3/121 274/3/121 276/3/121 273/3/121
f 275/2/1 278/2/1 277/2/1 274/2/1
f 274/2/1 277/2/1 279/2/1 276/2/1
f 278/2/43 281/2/43 280/2/43 277/2/43
f 277/2/42 280/2/42 282/2/42 279/2/42
f 281/1/1 284/1/1 283/1/1 280/1/1
f 280/1/1 283/1/1 285/1/1 282/1/1
f 284/1/109 287/1/109 286/1/109 283/1/109
f 283/1/13 286/1/13 288/1/13 285/1/13
f 287/1/17 290/1/17 289/1/17 286/1/17
f 286/1/12 289/1/12 291/1/12 288/1/12
f 290/1/16 293/1/16 292/1/16 289/1/16
f 289/1/14 292/1/14 294/1/14 291/1/14
f 292/1/1 293/1/1 296/1/1 294/1/1
f 294/1/1 296/1/1 298/1/1 295/1/1
f 291/1/15 294/1/15 295/1/15 373/1/15
f 293/1/1 365/1/1 297/1/1 296/1/1
f 296/1/1 297/1/1 299/1/1 298/1/1
f 298/1/1 299/1/1 302/1/1 300/1/1
f 295/1/1 298/1/1 300/1/1 301/1/1
f 304/1/3 301/1/3 300/1/3 303/1/3
f 303/1/2 300/1/2 302/1/2 305/1/2
f 307/1/5 304/1/5 303/1/5 306/1/5
f 306/1/4 303/1/4 305/1/4 308/1/4
f 310/1/6 307/1/6 306/1/6 309/1/6
f 309/1/7 306/1/7 308/1/7 311/1/7
f 313/1/1 310/1/1 309/1/1 312/1/1
f 312/1/1 309/1/1 311/1/1 314/1/1
f 316/2/39 313/2/39 312/2/39 315/2/39
f 315/2/38 312/2/38 314/2/38 317/2/38
f 319/2/1 316/2/1 315/2/1 318/2/1
f 318/2/1 315/2/1 317/2/1 320/2/1
f 322/3/52 319/3/52 318/3/52 321/3/52
f 321/3/51 318/3/51 320/3/51 323/3/51
f 232/3/70 322/3/70 321/3/70 235/3/70
f 235/3/68 321/3/68 323/3/68 237/3/68
f 323/3/50 320/3/50 327/3/50 324/3/50
f 237/3/69 323/3/69 324/3/69 326/3/69
f 324/3/122 327/3/122 328/3/122 325/3/122
f 326/3/108 324/3/108 325/3/108 251/3/108
f 320/2/1 317/2/1 329/2/1 327/2/1
f 327/2/1 329/2/1 330/2/1 328/2/1
f 317/2/36 314/2/36 331/2/36 329/2/36
f 329/2/37 331/2/37 332/2/37 330/2/37
f 314/1/1 311/1/1 333/1/1 331/1/1
f 331/1/1 333/1/1 334/1/1 332/1/1
f 311/1/30 308/1/30 335/1/30 333/1/30
f 333/1/29 335/1/29 336/1/29 334/1/29
f 308/1/31 305/1/31 337/1/31 335/1/31
f 335/1/28 337/1/28 338/1/28 336/1/28
f 305/1/33 302/1/33 339/1/33 337/1/33
f 337/1/32 339/1/32 340/1/32 338/1/32
f 299/1/1 340/1/1 339/1/1 302/1/1
f 297/1/1 341/1/1 340/1/1 299/1/1
f 338/1/34 340/1/34 341/1/34 343/1/34
f 365/1/1 342/1/1 341/1/1 297/1/1
f 343/1/35 341/1/35 342/1/35 344/1/35
f 336/1/26 338/1/26 343/1/26 345/1/26
f 345/1/25 343/1/25 344/1/25 346/1/25
f 334/1/27 336/1/27 345/1/27 347/1/27
f 347/1/24 345/1/24 346/1/24 348/1/24
f 332/1/1 334/1/1 347/1/1 349/1/1
f 349/1/1 347/1/1 348/1/1 350/1/1
f 330/2/47 332/2/47 349/2/47 351/2/47
f 351/2/46 349/2/46 350/2/46 352/2/46
f 328/2/1 330/2/1 351/2/1 353/2/1
f 353/2/1 351/2/1 352/2/1 354/2/1
f 325/3/123 328/3/123 353/3/123 355/3/123
f 355/3/59 353/3/59 354/3/59 356/3/59
f 251/3/62 325/3/62 355/3/62 253/3/62
f 253/3/61 355/3/61 356/3/61 255/3/61
f 356/3/58 354/3/58 359/3/58 357/3/58
f 255/3/60 356/3/60 357/3/60 358/3/60
f 357/3/57 359/3/57 275/3/57 272/3/57
f 358/3/80 357/3/80 272/3/80 267/3/80
f 354/2/1 352/2/1 360/2/1 359/2/1
f 359/2/1 360/2/1 278/2/1 275/2/1
f 352/2/45 350/2/45 361/2/45 360/2/45
f 360/2/44 361/2/44 281/2/44 278/2/44
f 350/1/1 348/1/1 362/1/1 361/1/1
f 361/1/1 362/1/1 284/1/1 281/1/1
f 348/1/22 346/1/22 363/1/22 362/1/22
f 362/1/23 363/1/23 287/1/23 284/1/23
f 346/1/21 344/1/21 364/1/21 363/1/21
f 363/1/19 364/1/19 290/1/19 287/1/19
f 344/1/20 342/1/20 365/1/20 364/1/20
f 364/1/18 365/1/18 293/1/18 290/1/18
f 366/3/53 368/3/53 319/3/53 322/3/53
f 367/3/72 366/3/72 322/3/72 232/3/72
f 273/3/54 276/3/54 368/3/54 366/3/54
f 270/3/74 273/3/74 366/3/74 367/3/74
f 276/2/1 279/2/1 369/2/1 368/2/1
f 368/2/1 369/2/1 316/2/1 319/2/1
f 279/2/41 282/2/41 370/2/41 369/2/41
f 369/2/40 370/2/40 313/2/40 316/2/40
f 282/1/1 285/1/1 371/1/1 370/1/1
f 370/1/1 371/1/1 310/1/1 313/1/1
f 285/1/10 288/1/10 372/1/10 371/1/10
f 371/1/8 372/1/8 307/1/8 310/1/8
f 288/1/11 291/1/11 373/1/11 372/1/11
f 372/1/9 373/1/9 304/1/9 307/1/9
f 373/1/110 295/1/110 301/1/110 304/1/110
f 367/3/75 233/3/75 220/3/75 270/3/75
f 264/3/124 375/3/124 376/3/124 262/3/124
f 374/3/103 377/3/103 375/3/103 264/3/103
f 375/3/44 378/3/44 379/3/44 376/3/44
f 377/3/43 380/3/43 378/3/43 375/3/43
f 396/3/105 397/3/105 379/3/105 378/3/105 380/3/105 381/3/105 382/3/105 387/3/105 388/3/105 389/3/105 390/3/105 395/3/105
f 383/3/42 381/3/42 380/3/42 377/3/42
f 384/3/41 382/3/41 381/3/41 383/3/41
f 222/3/125 383/3/125 377/3/125 374/3/125
f 225/3/126 384/3/126 383/3/126 222/3/126
f 385/3/40 387/3/40 382/3/40 384/3/40
f 227/3/95 385/3/95 384/3/95 225/3/95
f 386/3/39 388/3/39 387/3/39 385/3/39
f 400/3/127 386/3/127 385/3/127 227/3/127
f 391/3/38 389/3/38 388/3/38 386/3/38
f 392/3/36 390/3/36 389/3/36 391/3/36
f 242/3/128 391/3/128 386/3/128 400/3/128
f 244/3/88 392/3/88 391/3/88 242/3/88
f 393/3/37 395/3/37 390/3/37 392/3/37
f 247/3/129 393/3/129 392/3/129 244/3/129
f 394/3/47 396/3/47 395/3/47 393/3/47
f 399/3/130 394/3/130 393/3/130 247/3/130
f 398/3/46 397/3/46 396/3/46 394/3/46
f 376/3/45 379/3/45 397/3/45 398/3/45
f 260/3/84 398/3/84 394/3/84 399/3/84
f 262/3/131 376/3/131 398/3/131 260/3/131
f 402/1/132 406/1/132 405/1/132 401/1/132
f 401/1/133 404/1/133 432/1/133 402/1/133
f 401/1/134 405/1/134 407/1/134 403/1/134
f 403/1/133 414/1/133 404/1/133 401/1/133
f 403/1/135 407/1/135 408/1/135 410/1/135
f 410/1/136 408/1/136 409/1/136 411/1/136
f 411/1/133 413/1/133 412/1/133 410/1/133
f 410/1/133 412/1/133 414/1/133 403/1/133
f 413/1/137 416/1/137 415/1/137 412/1/137
f 412/1/138 415/1/138 417/1/138 414/1/138
f 421/1/133 418/1/133 415/1/133 416/1/133
f 418/1/133 420/1/133 417/1/133 415/1/133
f 422/1/133 419/1/133 418/1/133 421/1/133
f 419/1/133 433/1/133 420/1/133 418/1/133
f 424/1/139 422/1/139 421/1/139 423/1/139
f 423/1/140 421/1/140 416/1/140 413/1/140
f 426/1/133 424/1/133 423/1/133 425/1/133
f 425/1/133 423/1/133 413/1/133 411/1/133
f 425/1/141 427/1/141 428/1/141 426/1/141
f 411/1/142 409/1/142 427/1/142 425/1/142
f 426/1/143 428/1/143 429/1/143 430/1/143
f 430/1/144 429/1/144 406/1/144 402/1/144
f 402/1/133 432/1/133 431/1/133 430/1/133
f 430/1/133 431/1/133 424/1/133 426/1/133
f 432/1/145 433/1/145 419/1/145 431/1/145
f 431/1/146 419/1/146 422/1/146 424/1/146
f 404/1/147 420/1/147 433/1/147 432/1/147
f 414/1/148 417/1/148 420/1/148 404/1/148
f 440/4/149 435/4/149 434/4/149 437/4/149
f 437/4/150 434/4/150 436/4/150 439/4/150
f 441/4/151 440/4/151 437/4/151 438/4/151
f 438/4/152 437/4/152 439/4/152 457/4/152
f 443/4/153 442/4/153 440/4/153 441/4/153
f 442/4/154 444/4/154 435/4/154 440/4/154
f 446/4/155 445/4/155 442/4/155 443/4/155
f 445/4/156 447/4/156 444/4/156 442/4/156
f 449/4/157 448/4/157 445/4/157 446/4/157
f 448/4/158 450/4/158 447/4/158 445/4/158
f 452/4/159 451/4/159 448/4/159 449/4/159
f 451/4/160 453/4/160 450/4/160 448/4/160
f 455/4/161 454/4/161 451/4/161 452/4/161
f 454/4/162 456/4/162 453/4/162 451/4/162
f 457/4/163 439/4/163 454/4/163 455/4/163
f 439/4/164 436/4/164 456/4/164 454/4/164
f 461/4/165 457/4/165 455/4/165 458/4/165
f 458/4/166 455/4/166 452/4/166 460/4/166
f 459/4/167 458/4/167 460/4/167 473/4/167
f 462/4/168 461/4/168 458/4/168 459/4/168
f 464/4/169 463/4/169 461/4/169 462/4/169
f 463/4/170 438/4/170 457/4/170 461/4/170
f 465/4/171 441/4/171 438/4/171 463/4/171
f 466/4/172 465/4/172 463/4/172 464/4/172
f 468/4/173 467/4/173 465/4/173 466/4/173
f 467/4/174 443/4/174 441/4/174 465/4/174
f 470/4/175 469/4/175 467/4/175 468/4/175
f 469/4/176 446/4/176 443/4/176 467/4/176
f 472/4/177 471/4/177 469/4/177 470/4/177
f 471/4/178 449/4/178 446/4/178 469/4/178
f 473/4/179 460/4/179 471/4/179 472/4/179
f 460/4/180 452/4/180 449/4/180 471/4/180
f 475/1/132 479/1/132 478/1/132 474/1/132
f 474/1/133 477/1/133 505/1/133 475/1/133
f 474/1/134 478/1/134 480/1/134 476/1/134
f 476/1/133 487/1/133 477/1/133 474/1/133
f 476/1/135 480/1/135 481/1/135 483/1/135
f 483/1/136 481/1/136 482/1/136 484/1/136
f 484/1/133 486/1/133 485/1/133 483/1/133
f 483/1/133 485/1/133 487/1/133 476/1/133
f 486/1/137 489/1/137 488/1/137 485/1/137
f 485/1/138 488/1/138 490/1/138 487/1/138
f 494/1/133 491/1/133 488/1/133 489/1/133
f 491/1/133 493/1/133 490/1/133 488/1/133
f 495/1/133 492/1/133 491/1/133 494/1/133
f 492/1/133 506/1/133 493/1/133 491/1/133
f 497/1/139 495/1/139 494/1/139 496/1/139
f 496/1/181 494/1/181 489/1/181 486/1/181
f 499/1/133 497/1/133 496/1/133 498/1/133
f 498/1/133 496/1/133 486/1/133 484/1/133
f 498/1/141 500/1/141 501/1/141 499/1/141
f 484/1/182 482/1/182 500/1/182 498/1/182
f 499/1/143 501/1/143 502/1/143 503/1/143
f 503/1/144 502/1/144 479/1/144 475/1/144
f 475/1/133 505/1/133 504/1/133 503/1/133
f 503/1/133 504/1/133 497/1/133 499/1/133
f 505/1/145 506/1/145 492/1/145 504/1/145
f 504/1/146 492/1/146 495/1/146 497/1/146
f 477/1/183 493/1/183 506/1/183 505/1/183
f 487/1/148 490/1/148 493/1/148 477/1/148
f 508/3/40 507/3/40 510/3/40 512/3/40
f 507/3/111 508/3/111 522/3/111 509/3/111
f 516/3/105 511/3/105 510/3/105 507/3/105 509/3/105 520/3/105 518/3/105 517/3/105
f 513/3/112 512/3/112 510/3/112 511/3/112
f 516/3/43 514/3/43 513/3/43 511/3/43
f 514/3/113 516/3/113 517/3/113 515/3/113
f 515/3/46 517/3/46 518/3/46 519/3/46
f 518/3/114 520/3/114 521/3/114 519/3/114
f 509/3/36 522/3/36 521/3/36 520/3/36
f 523/3/46 525/3/46 538/3/46 524/3/46
f 526/3/113 527/3/113 525/3/113 523/3/113
f 527/3/43 526/3/43 528/3/43 529/3/43
f 528/3/112 530/3/112 532/3/112 529/3/112
f 531/3/40 533/3/40 532/3/40 530/3/40
f 527/3/105 529/3/105 532/3/105 533/3/105 534/3/105 535/3/105 538/3/105 525/3/105
f 533/3/111 531/3/111 536/3/111 534/3/111
f 534/3/36 536/3/36 537/3/36 535/3/36
f 538/3/114 535/3/114 537/3/114 524/3/114
f 542/3/37 590/3/37 540/3/37 539/3/37
f 539/3/37 540/3/37 545/3/37 543/3/37
f 555/3/47 542/3/47 539/3/47 541/3/47
f 541/3/47 539/3/47 543/3/47 546/3/47
f 546/3/184 543/3/184 544/3/184 547/3/184
f 543/3/185 545/3/185 696/3/185 544/3/185
f 548/3/186 546/3/186 547/3/186 549/3/186
f 551/3/46 541/3/46 546/3/46 548/3/46
f 550/3/187 548/3/187 549/3/187 722/3/187
f 552/3/45 551/3/45 548/3/45 550/3/45
f 556/3/45 553/3/45 551/3/45 552/3/45
f 553/3/46 555/3/46 541/3/46 551/3/46
f 557/3/188 554/3/188 553/3/188 556/3/188
f 554/3/189 689/3/189 555/3/189 553/3/189
f 559/3/190 557/3/190 556/3/190 558/3/190
f 558/3/44 556/3/44 552/3/44 561/3/44
f 648/3/191 559/3/191 558/3/191 560/3/191
f 560/3/43 558/3/43 561/3/43 562/3/43
f 561/3/44 552/3/44 550/3/44 563/3/44
f 562/3/43 561/3/43 563/3/43 565/3/43
f 565/3/192 563/3/192 564/3/192 566/3/192
f 563/3/193 550/3/193 722/3/193 564/3/193
f 567/3/194 565/3/194 566/3/194 569/3/194
f 570/3/42 562/3/42 565/3/42 567/3/42
f 568/3/195 567/3/195 569/3/195 721/3/195
f 571/3/41 570/3/41 567/3/41 568/3/41
f 572/3/42 560/3/42 562/3/42 570/3/42
f 574/3/41 572/3/41 570/3/41 571/3/41
f 573/3/196 648/3/196 560/3/196 572/3/196
f 575/3/197 573/3/197 572/3/197 574/3/197
f 577/3/198 575/3/198 574/3/198 576/3/198
f 576/3/40 574/3/40 571/3/40 579/3/40
f 680/3/199 577/3/199 576/3/199 578/3/199
f 578/3/39 576/3/39 579/3/39 580/3/39
f 580/3/39 579/3/39 581/3/39 583/3/39
f 579/3/40 571/3/40 568/3/40 581/3/40
f 583/3/200 581/3/200 582/3/200 584/3/200
f 581/3/201 568/3/201 721/3/201 582/3/201
f 585/3/202 583/3/202 584/3/202 586/3/202
f 587/3/38 580/3/38 583/3/38 585/3/38
f 545/3/203 585/3/203 586/3/203 696/3/203
f 540/3/36 587/3/36 585/3/36 545/3/36
f 590/3/36 588/3/36 587/3/36 540/3/36
f 588/3/38 578/3/38 580/3/38 587/3/38
f 591/3/204 589/3/204 588/3/204 590/3/204
f 589/3/205 680/3/205 578/3/205 588/3/205
f 592/3/206 591/3/206 590/3/206 542/3/206
f 589/3/207 591/3/207 593/3/207 594/3/207
f 591/3/208 592/3/208 595/3/208 593/3/208
f 594/3/209 593/3/209 596/3/209 597/3/209
f 593/3/210 595/3/210 598/3/210 596/3/210
f 597/2/105 596/2/105 599/2/105 600/2/105
f 596/2/105 598/2/105 601/2/105 599/2/105
f 600/2/43 599/2/43 602/2/43 603/2/43
f 599/2/42 601/2/42 604/2/42 602/2/42
f 603/1/105 602/1/105 605/1/105 606/1/105
f 602/1/105 604/1/105 607/1/105 605/1/105
f 606/1/211 605/1/211 608/1/211 609/1/211
f 605/1/212 607/1/212 610/1/212 608/1/212
f 609/1/213 608/1/213 611/1/213 612/1/213
f 608/1/214 610/1/214 613/1/214 611/1/214
f 612/1/215 611/1/215 614/1/215 615/1/215
f 611/1/216 613/1/216 616/1/216 614/1/216
f 614/1/105 616/1/105 618/1/105 615/1/105
f 616/1/105 617/1/105 620/1/105 618/1/105
f 613/1/217 695/1/217 617/1/217 616/1/217
f 615/1/105 618/1/105 619/1/105 687/1/105
f 618/1/105 620/1/105 621/1/105 619/1/105
f 620/1/105 622/1/105 624/1/105 621/1/105
f 617/1/105 623/1/105 622/1/105 620/1/105
f 626/1/218 625/1/218 622/1/218 623/1/218
f 625/1/219 627/1/219 624/1/219 622/1/219
f 629/1/220 628/1/220 625/1/220 626/1/220
f 628/1/221 630/1/221 627/1/221 625/1/221
f 632/1/222 631/1/222 628/1/222 629/1/222
f 631/1/223 633/1/223 630/1/223 628/1/223
f 635/1/105 634/1/105 631/1/105 632/1/105
f 634/1/105 636/1/105 633/1/105 631/1/105
f 638/2/39 637/2/39 634/2/39 635/2/39
f 637/2/38 639/2/38 636/2/38 634/2/38
f 641/2/105 640/2/105 637/2/105 638/2/105
f 640/2/105 642/2/105 639/2/105 637/2/105
f 644/3/224 643/3/224 640/3/224 641/3/224
f 643/3/225 645/3/225 642/3/225 640/3/225
f 554/3/226 557/3/226 643/3/226 644/3/226
f 557/3/227 559/3/227 645/3/227 643/3/227
f 645/3/228 646/3/228 649/3/228 642/3/228
f 559/3/229 648/3/229 646/3/229 645/3/229
f 646/3/230 647/3/230 650/3/230 649/3/230
f 648/3/231 573/3/231 647/3/231 646/3/231
f 642/2/105 649/2/105 651/2/105 639/2/105
f 649/2/105 650/2/105 652/2/105 651/2/105
f 639/2/36 651/2/36 653/2/36 636/2/36
f 651/2/37 652/2/37 654/2/37 653/2/37
f 636/1/105 653/1/105 655/1/105 633/1/105
f 653/1/105 654/1/105 656/1/105 655/1/105
f 633/1/232 655/1/232 657/1/232 630/1/232
f 655/1/233 656/1/233 658/1/233 657/1/233
f 630/1/234 657/1/234 659/1/234 627/1/234
f 657/1/235 658/1/235 660/1/235 659/1/235
f 627/1/236 659/1/236 661/1/236 624/1/236
f 659/1/237 660/1/237 662/1/237 661/1/237
f 621/1/105 624/1/105 661/1/105 662/1/105
f 619/1/105 621/1/105 662/1/105 663/1/105
f 660/1/238 665/1/238 663/1/238 662/1/238
f 687/1/105 619/1/105 663/1/105 664/1/105
f 665/1/239 666/1/239 664/1/239 663/1/239
f 658/1/240 667/1/240 665/1/240 660/1/240
f 667/1/241 668/1/241 666/1/241 665/1/241
f 656/1/242 669/1/242 667/1/242 658/1/242
f 669/1/243 670/1/243 668/1/243 667/1/243
f 654/1/105 671/1/105 669/1/105 656/1/105
f 671/1/105 672/1/105 670/1/105 669/1/105
f 652/2/47 673/2/47 671/2/47 654/2/47
f 673/2/46 674/2/46 672/2/46 671/2/46
f 650/2/105 675/2/105 673/2/105 652/2/105
f 675/2/105 676/2/105 674/2/105 673/2/105
f 647/3/244 677/3/244 675/3/244 650/3/244
f 677/3/245 678/3/245 676/3/245 675/3/245
f 573/3/246 575/3/246 677/3/246 647/3/246
f 575/3/247 577/3/247 678/3/247 677/3/247
f 678/3/248 679/3/248 681/3/248 676/3/248
f 577/3/249 680/3/249 679/3/249 678/3/249
f 679/3/250 594/3/250 597/3/250 681/3/250
f 680/3/251 589/3/251 594/3/251 679/3/251
f 676/2/105 681/2/105 682/2/105 674/2/105
f 681/2/105 597/2/105 600/2/105 682/2/105
f 674/2/45 682/2/45 683/2/45 672/2/45
f 682/2/44 600/2/44 603/2/44 683/2/44
f 672/1/105 683/1/105 684/1/105 670/1/105
f 683/1/105 603/1/105 606/1/105 684/1/105
f 670/1/252 684/1/252 685/1/252 668/1/252
f 684/1/253 606/1/253 609/1/253 685/1/253
f 668/1/254 685/1/254 686/1/254 666/1/254
f 685/1/255 609/1/255 612/1/255 686/1/255
f 666/1/256 686/1/256 687/1/256 664/1/256
f 686/1/257 612/1/257 615/1/257 687/1/257
f 688/3/258 644/3/258 641/3/258 690/3/258
f 689/3/259 554/3/259 644/3/259 688/3/259
f 595/3/260 688/3/260 690/3/260 598/3/260
f 592/3/261 689/3/261 688/3/261 595/3/261
f 598/2/105 690/2/105 691/2/105 601/2/105
f 690/2/105 641/2/105 638/2/105 691/2/105
f 601/2/41 691/2/41 692/2/41 604/2/41
f 691/2/40 638/2/40 635/2/40 692/2/40
f 604/1/105 692/1/105 693/1/105 607/1/105
f 692/1/105 635/1/105 632/1/105 693/1/105
f 607/1/262 693/1/262 694/1/262 610/1/262
f 693/1/263 632/1/263 629/1/263 694/1/263
f 610/1/264 694/1/264 695/1/264 613/1/264
f 694/1/265 629/1/265 626/1/265 695/1/265
f 695/1/266 626/1/266 623/1/266 617/1/266
f 689/3/267 592/3/267 542/3/267 555/3/267
f 586/3/268 584/3/268 698/3/268 697/3/268
f 696/3/269 586/3/269 697/3/269 699/3/269
f 697/3/44 698/3/44 701/3/44 700/3/44
f 699/3/43 697/3/43 700/3/43 702/3/43
f 718/3/1 717/3/1 712/3/1 711/3/1 710/3/1 709/3/1 704/3/1 703/3/1 702/3/1 700/3/1 701/3/1 719/3/1
f 705/3/42 699/3/42 702/3/42 703/3/42
f 706/3/41 705/3/41 703/3/41 704/3/41
f 544/3/270 696/3/270 699/3/270 705/3/270
f 547/3/271 544/3/271 705/3/271 706/3/271
f 707/3/40 706/3/40 704/3/40 709/3/40
f 549/3/272 547/3/272 706/3/272 707/3/272
f 708/3/39 707/3/39 709/3/39 710/3/39
f 722/3/273 549/3/273 707/3/273 708/3/273
f 713/3/38 708/3/38 710/3/38 711/3/38
f 714/3/36 713/3/36 711/3/36 712/3/36
f 564/3/274 722/3/274 708/3/274 713/3/274
f 566/3/275 564/3/275 713/3/275 714/3/275
f 715/3/37 714/3/37 712/3/37 717/3/37
f 569/3/276 566/3/276 714/3/276 715/3/276
f 716/3/47 715/3/47 717/3/47 718/3/47
f 721/3/277 569/3/277 715/3/277 716/3/277
f 720/3/46 716/3/46 718/3/46 719/3/46
f 698/3/45 720/3/45 719/3/45 701/3/45
f 582/3/278 721/3/278 716/3/278 720/3/278
f 584/3/279 582/3/279 720/3/279 698/3/279
f 724/1/280 723/1/280 727/1/280 728/1/280
f 723/1/281 724/1/281 754/1/281 726/1/281
f 723/1/282 725/1/282 729/1/282 727/1/282
f 725/1/281 723/1/281 726/1/281 736/1/281
f 725/1/283 732/1/283 730/1/283 729/1/283
f 732/1/284 733/1/284 731/1/284 730/1/284
f 733/1/281 732/1/281 734/1/281 735/1/281
f 732/1/281 725/1/281 736/1/281 734/1/281
f 735/1/285 734/1/285 737/1/285 738/1/285
f 734/1/286 736/1/286 739/1/286 737/1/286
f 743/1/281 738/1/281 737/1/281 740/1/281
f 740/1/281 737/1/281 739/1/281 742/1/281
f 744/1/281 743/1/281 740/1/281 741/1/281
f 741/1/281 740/1/281 742/1/281 755/1/281
f 746/1/287 745/1/287 743/1/287 744/1/287
f 745/1/288 735/1/288 738/1/288 743/1/288
f 748/1/281 747/1/281 745/1/281 746/1/281
f 747/1/281 733/1/281 735/1/281 745/1/281
f 747/1/289 748/1/289 750/1/289 749/1/289
f 733/1/290 747/1/290 749/1/290 731/1/290
f 748/1/291 752/1/291 751/1/291 750/1/291
f 752/1/292 724/1/292 728/1/292 751/1/292
f 724/1/281 752/1/281 753/1/281 754/1/281
f 752/1/281 748/1/281 746/1/281 753/1/281
f 754/1/293 753/1/293 741/1/293 755/1/293
f 753/1/294 746/1/294 744/1/294 741/1/294
f 726/1/295 754/1/295 755/1/295 742/1/295
f 736/1/296 726/1/296 742/1/296 739/1/296
f 762/4/297 759/4/297 756/4/297 757/4/297
f 759/4/298 761/4/298 758/4/298 756/4/298
f 763/4/299 760/4/299 759/4/299 762/4/299
f 760/4/300 779/4/300 761/4/300 759/4/300
f 765/4/301 763/4/301 762/4/301 764/4/301
f 764/4/302 762/4/302 757/4/302 766/4/302
f 768/4/303 765/4/303 764/4/303 767/4/303
f 767/4/304 764/4/304 766/4/304 769/4/304
f 771/4/305 768/4/305 767/4/305 770/4/305
f 770/4/306 767/4/306 769/4/306 772/4/306
f 774/4/307 771/4/307 770/4/307 773/4/307
f 773/4/308 770/4/308 772/4/308 775/4/308
f 777/4/309 774/4/309 773/4/309 776/4/309
f 776/4/310 773/4/310 775/4/310 778/4/310
f 779/4/311 777/4/311 776/4/311 761/4/311
f 761/4/312 776/4/312 778/4/312 758/4/312
f 783/4/313 780/4/313 777/4/313 779/4/313
f 780/4/314 782/4/314 774/4/314 777/4/314
f 781/4/315 795/4/315 782/4/315 780/4/315
f 784/4/316 781/4/316 780/4/316 783/4/316
f 786/4/317 784/4/317 783/4/317 785/4/317
f 785/4/318 783/4/318 779/4/318 760/4/318
f 787/4/319 785/4/319 760/4/319 763/4/319
f 788/4/320 786/4/320 785/4/320 787/4/320
f 790/4/321 788/4/321 787/4/321 789/4/321
f 789/4/322 787/4/322 763/4/322 765/4/322
f 792/4/323 790/4/323 789/4/323 791/4/323
f 791/4/324 789/4/324 765/4/324 768/4/324
f 794/4/325 792/4/325 791/4/325 793/4/325
f 793/4/326 791/4/326 768/4/326 771/4/326
f 795/4/327 794/4/327 793/4/327 782/4/327
f 782/4/328 793/4/328 771/4/328 774/4/328
f 797/1/280 796/1/280 800/1/280 801/1/280
f 796/1/281 797/1/281 827/1/281 799/1/281
f 796/1/282 798/1/282 802/1/282 800/1/282
f 798/1/281 796/1/281 799/1/281 809/1/281
f 798/1/283 805/1/283 803/1/283 802/1/283
f 805/1/284 806/1/284 804/1/284 803/1/284
f 806/1/281 805/1/281 807/1/281 808/1/281
f 805/1/281 798/1/281 809/1/281 807/1/281
f 808/1/285 807/1/285 810/1/285 811/1/285
f 807/1/286 809/1/286 812/1/286 810/1/286
f 816/1/281 811/1/281 810/1/281 813/1/281
f 813/1/281 810/1/281 812/1/281 815/1/281
f 817/1/281 816/1/281 813/1/281 814/1/281
f 814/1/281 813/1/281 815/1/281 828/1/281
f 819/1/287 818/1/287 816/1/287 817/1/287
f 818/1/288 808/1/288 811/1/288 816/1/288
f 821/1/281 820/1/281 818/1/281 819/1/281
f 820/1/281 806/1/281 808/1/281 818/1/281
f 820/1/289 821/1/289 823/1/289 822/1/289
f 806/1/329 820/1/329 822/1/329 804/1/329
f 821/1/291 825/1/291 824/1/291 823/1/291
f 825/1/292 797/1/292 801/1/292 824/1/292
f 797/1/281 825/1/281 826/1/281 827/1/281
f 825/1/281 821/1/281 819/1/281 826/1/281
f 827/1/293 826/1/293 814/1/293 828/1/293
f 826/1/294 819/1/294 817/1/294 814/1/294
f 799/1/295 827/1/295 828/1/295 815/1/295
f 809/1/296 799/1/296 815/1/296 812/1/296
f 835/4/330 832/4/330 829/4/330 830/4/330
f 832/4/298 834/4/298 831/4/298 829/4/298
f 836/4/299 833/4/299 832/4/299 835/4/299
f 833/4/300 852/4/300 834/4/300 832/4/300
f 838/4/301 836/4/301 835/4/301 837/4/301
f 837/4/302 835/4/302 830/4/302 839/4/302
f 841/4/303 838/4/303 837/4/303 840/4/303
f 840/4/304 837/4/304 839/4/304 842/4/304
f 844/4/305 841/4/305 840/4/305 843/4/305
f 843/4/306 840/4/306 842/4/306 845/4/306
f 847/4/307 844/4/307 843/4/307 846/4/307
f 846/4/308 843/4/308 845/4/308 848/4/308
f 850/4/309 847/4/309 846/4/309 849/4/309
f 849/4/310 846/4/310 848/4/310 851/4/310
f 852/4/311 850/4/311 849/4/311 834/4/311
f 834/4/312 849/4/312 851/4/312 831/4/312
f 856/4/313 853/4/313 850/4/313 852/4/313
f 853/4/331 855/4/331 847/4/331 850/4/331
f 854/4/315 868/4/315 855/4/315 853/4/315
f 857/4/332 854/4/332 853/4/332 856/4/332
f 859/4/317 857/4/317 856/4/317 858/4/317
f 858/4/318 856/4/318 852/4/318 833/4/318
f 860/4/319 858/4/319 833/4/319 836/4/319
f 861/4/333 859/4/333 858/4/333 860/4/333
f 863/4/321 861/4/321 860/4/321 862/4/321
f 862/4/322 860/4/322 836/4/322 838/4/322
f 865/4/323 863/4/323 862/4/323 864/4/323
f 864/4/324 862/4/324 838/4/324 841/4/324
f 867/4/334 865/4/334 864/4/334 866/4/334
f 866/4/326 864/4/326 841/4/326 844/4/326
f 868/4/335 867/4/335 866/4/335 855/4/335
f 855/4/328 866/4/328 844/4/328 847/4/328
f 869/1/105 872/1/105 873/1/105 870/1/105
f 871/1/336 869/1/336 870/1/336 884/1/336
f 874/1/337 876/1/337 873/1/337 872/1/337
f 875/1/338 877/1/338 876/1/338 874/1/338
f 877/1/339 879/1/339 878/1/339 876/1/339
f 876/1/340 878/1/340 880/1/340 873/1/340
f 870/1/105 873/1/105 880/1/105 881/1/105
f 884/1/341 870/1/341 881/1/341 882/1/341
f 885/1/342 884/1/342 882/1/342 883/1/342
f 886/1/343 871/1/343 884/1/343 885/1/343
f 885/1/1 877/1/1 875/1/1 886/1/1
f 883/1/1 879/1/1 877/1/1 885/1/1
f 887/1/344 888/1/344 891/1/344 890/1/344
f 889/1/345 887/1/345 890/1/345 892/1/345
f 890/1/346 891/1/346 894/1/346 893/1/346
f 892/1/347 890/1/347 893/1/347 895/1/347
f 893/1/348 894/1/348 897/1/348 896/1/348
f 895/1/349 893/1/349 896/1/349 898/1/349
f 896/1/350 897/1/350 900/1/350 899/1/350
f 898/1/351 896/1/351 899/1/351 901/1/351
f 899/1/112 900/1/112 903/1/112 902/1/112
f 901/1/112 899/1/112 902/1/112 904/1/112
f 902/1/352 903/1/352 906/1/352 905/1/352
f 904/1/353 902/1/353 905/1/353 907/1/353
f 909/1/112 907/1/112 905/1/112 906/1/112
f 911/1/112 908/1/112 907/1/112 909/1/112
f 915/1/354 904/1/354 907/1/354 908/1/354
f 912/1/112 911/1/112 909/1/112 910/1/112
f 910/1/112 909/1/112 906/1/112 943/1/112
f 914/1/355 913/1/355 911/1/355 912/1/355
f 913/1/356 915/1/356 908/1/356 911/1/356
f 917/1/112 916/1/112 913/1/112 914/1/112
f 916/1/112 918/1/112 915/1/112 913/1/112
f 920/1/357 919/1/357 916/1/357 917/1/357
f 919/1/358 921/1/358 918/1/358 916/1/358
f 923/1/359 922/1/359 919/1/359 920/1/359
f 922/1/360 924/1/360 921/1/360 919/1/360
f 926/1/361 925/1/361 922/1/361 923/1/361
f 925/1/362 927/1/362 924/1/362 922/1/362
f 929/1/363 928/1/363 925/1/363 926/1/363
f 928/1/364 930/1/364 927/1/364 925/1/364
f 930/1/365 889/1/365 892/1/365 927/1/365
f 931/1/366 929/1/366 926/1/366 933/1/366
f 932/1/367 931/1/367 933/1/367 934/1/367
f 934/1/368 933/1/368 935/1/368 936/1/368
f 933/1/369 926/1/369 923/1/369 935/1/369
f 936/1/370 935/1/370 937/1/370 938/1/370
f 935/1/371 923/1/371 920/1/371 937/1/371
f 938/1/372 937/1/372 939/1/372 940/1/372
f 937/1/373 920/1/373 917/1/373 939/1/373
f 940/1/112 939/1/112 941/1/112 942/1/112
f 939/1/112 917/1/112 914/1/112 941/1/112
f 942/1/374 941/1/374 910/1/374 943/1/374
f 941/1/375 914/1/375 912/1/375 910/1/375
f 903/1/376 942/1/376 943/1/376 906/1/376
f 900/1/112 940/1/112 942/1/112 903/1/112
f 897/1/377 938/1/377 940/1/377 900/1/377
f 894/1/378 936/1/378 938/1/378 897/1/378
f 891/1/379 934/1/379 936/1/379 894/1/379
f 888/1/380 932/1/380 934/1/380 891/1/380
f 927/1/381 892/1/381 895/1/381 924/1/381
f 924/1/382 895/1/382 898/1/382 921/1/382
f 921/1/383 898/1/383 901/1/383 918/1/383
f 918/1/112 901/1/112 904/1/112 915/1/112
f 944/1/384 949/1/384 952/1/384 946/1/384
f 955/1/385 949/1/385 944/1/385 945/1/385
f 945/1/105 944/1/105 946/1/105 947/1/105
f 954/1/386 947/1/386 946/1/386 952/1/386
f 955/1/387 945/1/387 947/1/387 954/1/387
f 948/1/384 951/1/384 952/1/384 949/1/384
f 955/1/385 950/1/385 948/1/385 949/1/385
f 950/1/1 953/1/1 951/1/1 948/1/1
f 954/1/386 952/1/386 951/1/386 953/1/386
f 955/1/387 954/1/387 953/1/387 950/1/387
f 971/5/388 958/5/388 956/5/388 957/5/388
f 969/5/389 957/5/389 956/5/389 959/5/389 960/5/389 965/5/389 966/5/389 967/5/389
f 956/5/113 958/5/113 961/5/113 959/5/113
f 960/5/390 959/5/390 961/5/390 962/5/390
f 968/5/391 964/5/391 963/5/391 962/5/391 961/5/391 958/5/391 971/5/391 970/5/391
f 960/5/392 962/5/392 963/5/392 965/5/392
f 963/5/393 964/5/393 966/5/393 965/5/393
f 966/5/111 964/5/111 968/5/111 967/5/111
f 968/5/394 970/5/394 969/5/394 967/5/394
f 969/5/395 970/5/395 971/5/395 957/5/395
f 973/6/396 972/6/396 975/6/396 976/6/396
f 974/6/397 972/6/397 973/6/397 979/6/397
f 972/6/398 974/6/398 977/6/398 975/6/398
f 977/6/399 978/6/399 976/6/399 975/6/399
f 974/6/400 979/6/400 978/6/400 977/6/400
f 981/2/401 980/2/401 983/2/401 984/2/401
f 982/2/402 980/2/402 981/2/402 987/2/402
f 980/2/403 982/2/403 985/2/403 983/2/403
f 982/2/404 987/2/404 986/2/404 985/2/404
f 987/2/405 981/2/405 984/2/405 986/2/405
f 994/4/149 989/4/149 988/4/149 991/4/149
f 991/4/150 988/4/150 990/4/150 993/4/150
f 995/4/151 994/4/151 991/4/151 992/4/151
f 992/4/152 991/4/152 993/4/152 1011/4/152
f 997/4/153 996/4/153 994/4/153 995/4/153
f 996/4/154 998/4/154 989/4/154 994/4/154
f 1000/4/155 999/4/155 996/4/155 997/4/155
f 999/4/406 1001/4/406 998/4/406 996/4/406
f 1003/4/157 1002/4/157 999/4/157 1000/4/157
f 1002/4/158 1004/4/158 1001/4/158 999/4/158
f 1006/4/407 1005/4/407 1002/4/407 1003/4/407
f 1005/4/160 1007/4/160 1004/4/160 1002/4/160
f 1009/4/161 1008/4/161 1005/4/161 1006/4/161
f 1008/4/162 1010/4/162 1007/4/162 1005/4/162
f 1011/4/163 993/4/163 1008/4/163 1009/4/163
f 993/4/164 990/4/164 1010/4/164 1008/4/164
f 1015/4/165 1011/4/165 1009/4/165 1012/4/165
f 1012/4/408 1009/4/408 1006/4/408 1014/4/408
f 1013/4/167 1012/4/167 1014/4/167 1027/4/167
f 1016/4/168 1015/4/168 1012/4/168 1013/4/168
f 1018/4/169 1017/4/169 1015/4/169 1016/4/169
f 1017/4/170 992/4/170 1011/4/170 1015/4/170
f 1019/4/171 995/4/171 992/4/171 1017/4/171
f 1020/4/409 1019/4/409 1017/4/409 1018/4/409
f 1022/4/173 1021/4/173 1019/4/173 1020/4/173
f 1021/4/174 997/4/174 995/4/174 1019/4/174
f 1024/4/175 1023/4/175 1021/4/175 1022/4/175
f 1023/4/176 1000/4/176 997/4/176 1021/4/176
f 1026/4/410 1025/4/410 1023/4/410 1024/4/410
f 1025/4/178 1003/4/178 1000/4/178 1023/4/178
f 1027/4/411 1014/4/411 1025/4/411 1026/4/411
f 1014/4/180 1006/4/180 1003/4/180 1025/4/180
f 1028/1/1 1029/1/1 1032/1/1 1031/1/1
f 1030/1/343 1043/1/343 1029/1/343 1028/1/343
f 1033/1/338 1031/1/338 1032/1/338 1035/1/338
f 1034/1/337 1033/1/337 1035/1/337 1036/1/337
f 1036/1/340 1035/1/340 1037/1/340 1038/1/340
f 1035/1/339 1032/1/339 1039/1/339 1037/1/339
f 1029/1/1 1040/1/1 1039/1/1 1032/1/1
f 1043/1/342 1041/1/342 1040/1/342 1029/1/342
f 1044/1/341 1042/1/341 1041/1/341 1043/1/341
f 1045/1/336 1044/1/336 1043/1/336 1030/1/336
f 1044/1/105 1045/1/105 1034/1/105 1036/1/105
f 1042/1/105 1044/1/105 1036/1/105 1038/1/105
f 1046/1/412 1049/1/412 1050/1/412 1047/1/412
f 1048/1/413 1051/1/413 1049/1/413 1046/1/413
f 1049/1/414 1052/1/414 1053/1/414 1050/1/414
f 1051/1/415 1054/1/415 1052/1/415 1049/1/415
f 1052/1/416 1055/1/416 1056/1/416 1053/1/416
f 1054/1/417 1057/1/417 1055/1/417 1052/1/417
f 1055/1/418 1058/1/418 1059/1/418 1056/1/418
f 1057/1/419 1060/1/419 1058/1/419 1055/1/419
f 1058/1/112 1061/1/112 1062/1/112 1059/1/112
f 1060/1/112 1063/1/112 1061/1/112 1058/1/112
f 1061/1/420 1064/1/420 1065/1/420 1062/1/420
f 1063/1/421 1066/1/421 1064/1/421 1061/1/421
f 1068/1/112 1065/1/112 1064/1/112 1066/1/112
f 1070/1/112 1068/1/112 1066/1/112 1067/1/112
f 1074/1/422 1067/1/422 1066/1/422 1063/1/422
f 1071/1/112 1069/1/112 1068/1/112 1070/1/112
f 1069/1/112 1102/1/112 1065/1/112 1068/1/112
f 1073/1/423 1071/1/423 1070/1/423 1072/1/423
f 1072/1/424 1070/1/424 1067/1/424 1074/1/424
f 1076/1/112 1073/1/112 1072/1/112 1075/1/112
f 1075/1/112 1072/1/112 1074/1/112 1077/1/112
f 1079/1/425 1076/1/425 1075/1/425 1078/1/425
f 1078/1/426 1075/1/426 1077/1/426 1080/1/426
f 1082/1/427 1079/1/427 1078/1/427 1081/1/427
f 1081/1/428 1078/1/428 1080/1/428 1083/1/428
f 1085/1/429 1082/1/429 1081/1/429 1084/1/429
f 1084/1/430 1081/1/430 1083/1/430 1086/1/430
f 1088/1/431 1085/1/431 1084/1/431 1087/1/431
f 1087/1/432 1084/1/432 1086/1/432 1089/1/432
f 1089/1/433 1086/1/433 1051/1/433 1048/1/433
f 1090/1/434 1092/1/434 1085/1/434 1088/1/434
f 1091/1/435 1093/1/435 1092/1/435 1090/1/435
f 1093/1/436 1095/1/436 1094/1/436 1092/1/436
f 1092/1/437 1094/1/437 1082/1/437 1085/1/437
f 1095/1/438 1097/1/438 1096/1/438 1094/1/438
f 1094/1/439 1096/1/439 1079/1/439 1082/1/439
f 1097/1/440 1099/1/440 1098/1/440 1096/1/440
f 1096/1/441 1098/1/441 1076/1/441 1079/1/441
f 1099/1/112 1101/1/112 1100/1/112 1098/1/112
f 1098/1/112 1100/1/112 1073/1/112 1076/1/112
f 1101/1/442 1102/1/442 1069/1/442 1100/1/442
f 1100/1/443 1069/1/443 1071/1/443 1073/1/443
f 1062/1/444 1065/1/444 1102/1/444 1101/1/444
f 1059/1/112 1062/1/112 1101/1/112 1099/1/112
f 1056/1/445 1059/1/445 1099/1/445 1097/1/445
f 1053/1/446 1056/1/446 1097/1/446 1095/1/446
f 1050/1/447 1053/1/447 1095/1/447 1093/1/447
f 1047/1/448 1050/1/448 1093/1/448 1091/1/448
f 1086/1/449 1083/1/449 1054/1/449 1051/1/449
f 1083/1/450 1080/1/450 1057/1/450 1054/1/450
f 1080/1/451 1077/1/451 1060/1/451 1057/1/451
f 1077/1/112 1074/1/112 1063/1/112 1060/1/112
f 1104/6/452 1107/6/452 1106/6/452 1103/6/452
f 1105/6/453 1110/6/453 1104/6/453 1103/6/453
f 1103/6/454 1106/6/454 1108/6/454 1105/6/454
f 1108/6/455 1106/6/455 1107/6/455 1109/6/455
f 1105/6/456 1108/6/456 1109/6/456 1110/6/456
f 1112/2/457 1115/2/457 1114/2/457 1111/2/457
f 1113/2/458 1118/2/458 1112/2/458 1111/2/458
f 1111/2/459 1114/2/459 1116/2/459 1113/2/459
f 1113/2/460 1116/2/460 1117/2/460 1118/2/460
f 1118/2/461 1117/2/461 1115/2/461 1112/2/461
f 1119/1/462 1122/1/462 1123/1/462 1120/1/462
f 1121/1/463 1124/1/463 1122/1/463 1119/1/463
f 1126/1/114 1123/1/114 1122/1/114 1125/1/114
f 1125/1/114 1122/1/114 1124/1/114 1127/1/114
f 1125/2/464 1128/2/464 1129/2/464 1126/2/464
f 1127/2/465 1130/2/465 1128/2/465 1125/2/465
f 1128/2/466 1131/2/466 1132/2/466 1129/2/466
f 1130/2/467 1133/2/467 1131/2/467 1128/2/467
f 1132/2/114 1131/2/114 1133/2/114 1134/2/114 1135/2/114 1152/2/114 1153/2/114 1154/2/114
f 1136/2/468 1134/2/468 1133/2/468 1130/2/468
f 1137/2/469 1135/2/469 1134/2/469 1136/2/469
f 1139/2/470 1137/2/470 1136/2/470 1138/2/470
f 1138/2/471 1136/2/471 1130/2/471 1127/2/471
f 1138/1/114 1140/1/114 1141/1/114 1139/1/114
f 1127/1/114 1124/1/114 1140/1/114 1138/1/114
f 1143/1/472 1141/1/472 1140/1/472 1142/1/472
f 1142/1/473 1140/1/473 1124/1/473 1121/1/473
f 1144/1/474 1146/1/474 1141/1/474 1143/1/474
f 1145/1/475 1147/1/475 1146/1/475 1144/1/475
f 1148/1/114 1146/1/114 1147/1/114 1149/1/114
f 1139/1/114 1141/1/114 1146/1/114 1148/1/114
f 1149/2/476 1151/2/476 1150/2/476 1148/2/476
f 1148/2/477 1150/2/477 1137/2/477 1139/2/477
f 1151/2/478 1153/2/478 1152/2/478 1150/2/478
f 1150/2/479 1152/2/479 1135/2/479 1137/2/479
f 1155/2/480 1154/2/480 1153/2/480 1151/2/480
f 1129/2/481 1132/2/481 1154/2/481 1155/2/481
f 1126/2/482 1129/2/482 1155/2/482 1156/2/482
f 1156/2/483 1155/2/483 1151/2/483 1149/2/483
f 1156/1/114 1157/1/114 1123/1/114 1126/1/114
f 1149/1/114 1147/1/114 1157/1/114 1156/1/114
f 1120/1/484 1123/1/484 1157/1/484 1158/1/484
f 1158/1/485 1157/1/485 1147/1/485 1145/1/485
f 1159/1/486 1162/1/486 1163/1/486 1160/1/486
f 1161/1/487 1164/1/487 1162/1/487 1159/1/487
f 1162/1/488 1164/1/488 1165/1/488 1163/1/488
f 1167/1/489 1165/1/489 1164/1/489 1161/1/489
f 1165/1/490 1166/1/490 1174/1/490 1163/1/490
f 1168/1/491 1166/1/491 1165/1/491 1167/1/491
f 1170/1/492 1172/1/492 1166/1/492 1168/1/492
f 1171/1/493 1173/1/493 1172/1/493 1170/1/493
f 1166/1/494 1172/1/494 1173/1/494 1174/1/494
f 1169/1/495 1174/1/495 1173/1/495 1171/1/495
f 1160/1/496 1163/1/496 1174/1/496 1169/1/496
f 1175/5/497 1179/5/497 1181/5/497 1177/5/497
f 1178/5/498 1182/5/498 1179/5/498 1175/5/498
f 1185/5/499 1181/5/499 1179/5/499 1180/5/499
f 1180/5/500 1179/5/500 1182/5/500 1183/5/500
f 1184/5/501 1183/5/501 1182/5/501 1178/5/501
f 1176/5/114 1180/5/114 1183/5/114 1184/5/114
f 1199/5/502 1181/5/502 1185/5/502 1202/5/502
f 1201/5/503 1186/5/503 1181/5/503 1199/5/503
f 1177/5/504 1181/5/504 1186/5/504 1197/5/504
f 1188/1/505 1191/1/505 1190/1/505 1187/1/505
f 1187/1/506 1190/1/506 1192/1/506 1189/1/506
f 1191/5/507 1193/5/507 1192/5/507 1190/5/507
f 1189/1/508 1192/1/508 1193/1/508 1194/1/508
f 1194/1/112 1193/1/112 1191/1/112 1188/1/112
f 1200/5/509 1195/5/509 1186/5/509 1201/5/509
f 1202/5/510 1185/5/510 1195/5/510 1200/5/510
f 1197/5/511 1186/5/511 1195/5/511 1196/5/511
f 1196/5/114 1195/5/114 1185/5/114 1198/5/114
f 1198/5/114 1185/5/114 1180/5/114 1176/5/114
f 1188/1/512 1202/1/512 1200/1/512 1194/1/512
f 1194/1/513 1200/1/513 1201/1/513 1189/1/513
f 1189/1/514 1201/1/514 1199/1/514 1187/1/514
f 1187/1/515 1199/1/515 1202/1/515 1188/1/515
f 1205/5/114 1209/5/114 1207/5/114 1203/5/114
f 1203/5/114 1207/5/114 1210/5/114 1206/5/114
f 1208/5/516 1211/5/516 1210/5/516 1207/5/516
f 1208/5/517 1207/5/517 1209/5/517 1213/5/517
f 1206/5/113 1210/5/113 1211/5/113 1212/5/113
f 1212/5/112 1211/5/112 1208/5/112 1204/5/112
f 1230/5/518 1213/5/518 1209/5/518 1227/5/518
f 1227/5/519 1209/5/519 1214/5/519 1229/5/519
f 1225/5/520 1214/5/520 1209/5/520 1205/5/520
f 1215/1/521 1218/1/521 1219/1/521 1216/1/521
f 1217/1/522 1220/1/522 1218/1/522 1215/1/522
f 1218/5/523 1220/5/523 1221/5/523 1219/5/523
f 1222/1/524 1221/1/524 1220/1/524 1217/1/524
f 1216/1/525 1219/1/525 1221/1/525 1222/1/525
f 1229/5/526 1214/5/526 1223/5/526 1228/5/526
f 1228/5/527 1223/5/527 1213/5/527 1230/5/527
f 1224/5/528 1223/5/528 1214/5/528 1225/5/528
f 1226/5/112 1213/5/112 1223/5/112 1224/5/112
f 1204/5/112 1208/5/112 1213/5/112 1226/5/112
f 1222/1/529 1228/1/529 1230/1/529 1216/1/529
f 1217/1/530 1229/1/530 1228/1/530 1222/1/530
f 1215/1/531 1227/1/531 1229/1/531 1217/1/531
f 1216/1/532 1230/1/532 1227/1/532 1215/1/532
f 1243/2/533 1259/2/533 1260/2/533 1244/2/533
f 1231/1/534 1248/1/534 1247/1/534 1232/1/534
f 1238/1/535 1254/1/535 1248/1/535 1231/1/535
f 1236/1/536 1252/1/536 1253/1/536 1237/1/536
f 1234/1/537 1250/1/537 1251/1/537 1235/1/537
f 1232/1/538 1247/1/538 1249/1/538 1233/1/538
f 1237/1/539 1253/1/539 1254/1/539 1238/1/539
f 1235/1/540 1251/1/540 1252/1/540 1236/1/540
f 1233/1/541 1249/1/541 1250/1/541 1234/1/541
f 1240/1/542 1247/1/542 1248/1/542 1239/1/542
f 1241/1/543 1249/1/543 1247/1/543 1240/1/543
f 1242/1/543 1250/1/543 1249/1/543 1241/1/543
f 1243/1/544 1251/1/544 1250/1/544 1242/1/544
f 1244/1/545 1252/1/545 1251/1/545 1243/1/545
f 1245/1/543 1253/1/543 1252/1/543 1244/1/543
f 1246/1/543 1254/1/543 1253/1/543 1245/1/543
f 1239/1/546 1248/1/546 1254/1/546 1246/1/546
f 1261/6/547 1269/6/547 1270/6/547 1262/6/547
f 1241/2/548 1257/2/548 1258/2/548 1242/2/548
f 1239/6/549 1255/6/549 1256/6/549 1240/6/549
f 1246/6/550 1262/6/550 1255/6/550 1239/6/550
f 1244/2/551 1260/2/551 1261/2/551 1245/2/551
f 1242/2/552 1258/2/552 1259/2/552 1243/2/552
f 1240/6/553 1256/6/553 1257/6/553 1241/6/553
f 1245/6/554 1261/6/554 1262/6/554 1246/6/554
f 1264/2/555 1263/2/555 1270/2/555 1269/2/555 1268/2/555 1267/2/555 1266/2/555 1265/2/555
f 1259/2/556 1267/2/556 1268/2/556 1260/2/556
f 1257/2/557 1265/2/557 1266/2/557 1258/2/557
f 1255/6/558 1263/6/558 1264/6/558 1256/6/558
f 1262/6/559 1270/6/559 1263/6/559 1255/6/559
f 1260/2/560 1268/2/560 1269/2/560 1261/2/560
f 1258/2/561 1266/2/561 1267/2/561 1259/2/561
f 1256/6/562 1264/6/562 1265/6/562 1257/6/562
f 1271/7/112 1275/7/112 1276/7/112 1272/7/112
f 1272/7/463 1301/7/463 1274/7/463 1271/7/463
f 1273/7/112 1277/7/112 1275/7/112 1271/7/112
f 1271/7/462 1274/7/462 1289/7/462 1273/7/462
f 1275/7/475 1278/7/475 1279/7/475 1276/7/475
f 1277/7/474 1280/7/474 1278/7/474 1275/7/474
f 1283/7/472 1281/7/472 1280/7/472 1277/7/472
f 1284/7/473 1282/7/473 1281/7/473 1283/7/473
f 1286/7/112 1284/7/112 1283/7/112 1285/7/112
f 1285/7/112 1283/7/112 1277/7/112 1273/7/112
f 1285/7/485 1287/7/485 1288/7/485 1286/7/485
f 1273/7/484 1289/7/484 1287/7/484 1285/7/484
f 1287/7/112 1290/7/112 1291/7/112 1288/7/112
f 1289/7/112 1292/7/112 1290/7/112 1287/7/112
f 1290/7/563 1293/7/563 1294/7/563 1291/7/563
f 1292/7/564 1295/7/564 1293/7/564 1290/7/564
f 1298/7/565 1296/7/565 1295/7/565 1292/7/565
f 1299/7/566 1297/7/566 1296/7/566 1298/7/566
f 1301/7/112 1299/7/112 1298/7/112 1274/7/112
f 1274/7/112 1298/7/112 1292/7/112 1289/7/112
f 1300/7/567 1318/7/567 1297/7/567 1299/7/567
f 1302/7/112 1300/7/112 1299/7/112 1301/7/112
f 1304/7/473 1302/7/473 1301/7/473 1272/7/473
f 1303/7/112 1315/7/112 1300/7/112 1302/7/112
f 1305/7/472 1303/7/472 1302/7/472 1304/7/472
f 1272/7/112 1276/7/112 1306/7/112 1304/7/112
f 1304/7/112 1306/7/112 1307/7/112 1305/7/112
f 1306/7/484 1308/7/484 1309/7/484 1307/7/484
f 1276/7/485 1279/7/485 1308/7/485 1306/7/485
f 1307/7/462 1309/7/462 1310/7/462 1311/7/462
f 1311/7/463 1310/7/463 1282/7/463 1284/7/463
f 1305/7/112 1307/7/112 1311/7/112 1312/7/112
f 1312/7/112 1311/7/112 1284/7/112 1286/7/112
f 1312/7/474 1313/7/474 1303/7/474 1305/7/474
f 1286/7/475 1288/7/475 1313/7/475 1312/7/475
f 1313/7/112 1314/7/112 1315/7/112 1303/7/112
f 1288/7/112 1291/7/112 1314/7/112 1313/7/112
f 1314/7/568 1316/7/568 1317/7/568 1315/7/568
f 1291/7/569 1294/7/569 1316/7/569 1314/7/569
f 1315/7/570 1317/7/570 1318/7/570 1300/7/570
f 1322/1/105 1319/1/105 1320/1/105 1367/1/105
f 1319/1/105 1323/1/105 1324/1/105 1320/1/105
f 1321/1/105 1325/1/105 1323/1/105 1319/1/105
f 1341/1/105 1321/1/105 1319/1/105 1322/1/105
f 1326/1/219 1327/1/219 1324/1/219 1323/1/219
f 1328/1/218 1326/1/218 1323/1/218 1325/1/218
f 1329/1/221 1331/1/221 1327/1/221 1326/1/221
f 1332/1/220 1329/1/220 1326/1/220 1328/1/220
f 1333/1/571 1330/1/571 1329/1/571 1332/1/571
f 1330/1/223 1368/1/223 1331/1/223 1329/1/223
f 1335/1/572 1333/1/572 1332/1/572 1334/1/572
f 1334/1/265 1332/1/265 1328/1/265 1336/1/265
f 1339/1/262 1335/1/262 1334/1/262 1337/1/262
f 1337/1/264 1334/1/264 1336/1/264 1340/1/264
f 1338/1/214 1337/1/214 1340/1/214 1342/1/214
f 1383/1/212 1339/1/212 1337/1/212 1338/1/212
f 1342/1/216 1340/1/216 1341/1/216 1343/1/216
f 1340/1/217 1336/1/217 1321/1/217 1341/1/217
f 1344/1/215 1342/1/215 1343/1/215 1345/1/215
f 1346/1/213 1338/1/213 1342/1/213 1344/1/213
f 1347/1/257 1344/1/257 1345/1/257 1349/1/257
f 1350/1/255 1346/1/255 1344/1/255 1347/1/255
f 1348/1/256 1347/1/256 1349/1/256 1366/1/256
f 1352/1/254 1350/1/254 1347/1/254 1348/1/254
f 1353/1/573 1351/1/573 1350/1/573 1352/1/573
f 1351/1/574 1386/1/574 1346/1/574 1350/1/574
f 1356/1/243 1353/1/243 1352/1/243 1354/1/243
f 1354/1/241 1352/1/241 1348/1/241 1355/1/241
f 1357/1/240 1354/1/240 1355/1/240 1358/1/240
f 1359/1/242 1356/1/242 1354/1/242 1357/1/242
f 1360/1/235 1357/1/235 1358/1/235 1362/1/235
f 1361/1/233 1359/1/233 1357/1/233 1360/1/233
f 1368/1/232 1361/1/232 1360/1/232 1331/1/232
f 1331/1/234 1360/1/234 1362/1/234 1327/1/234
f 1362/1/237 1358/1/237 1364/1/237 1363/1/237
f 1327/1/236 1362/1/236 1363/1/236 1324/1/236
f 1320/1/105 1324/1/105 1363/1/105 1364/1/105
f 1358/1/238 1355/1/238 1365/1/238 1364/1/238
f 1367/1/105 1320/1/105 1364/1/105 1365/1/105
f 1355/1/239 1348/1/239 1366/1/239 1365/1/239
f 1349/1/105 1367/1/105 1365/1/105 1366/1/105
f 1345/1/105 1322/1/105 1367/1/105 1349/1/105
f 1372/1/105 1369/1/105 1361/1/105 1368/1/105
f 1369/1/105 1371/1/105 1359/1/105 1361/1/105
f 1373/2/36 1370/2/36 1369/2/36 1372/2/36
f 1370/2/37 1395/2/37 1371/2/37 1369/2/37
f 1374/1/105 1372/1/105 1368/1/105 1330/1/105
f 1375/2/38 1373/2/38 1372/2/38 1374/2/38
f 1376/1/105 1374/1/105 1330/1/105 1333/1/105
f 1377/2/39 1375/2/39 1374/2/39 1376/2/39
f 1378/1/105 1376/1/105 1333/1/105 1335/1/105
f 1379/2/40 1377/2/40 1376/2/40 1378/2/40
f 1380/1/105 1378/1/105 1335/1/105 1339/1/105
f 1381/2/41 1379/2/41 1378/2/41 1380/2/41
f 1382/1/105 1380/1/105 1339/1/105 1383/1/105
f 1384/2/42 1381/2/42 1380/2/42 1382/2/42
f 1385/1/105 1382/1/105 1383/1/105 1386/1/105
f 1387/2/43 1384/2/43 1382/2/43 1385/2/43
f 1388/1/105 1385/1/105 1386/1/105 1351/1/105
f 1389/2/44 1387/2/44 1385/2/44 1388/2/44
f 1390/1/105 1388/1/105 1351/1/105 1353/1/105
f 1391/2/45 1389/2/45 1388/2/45 1390/2/45
f 1392/1/105 1390/1/105 1353/1/105 1356/1/105
f 1393/2/46 1391/2/46 1390/2/46 1392/2/46
f 1371/1/105 1392/1/105 1356/1/105 1359/1/105
f 1395/2/47 1393/2/47 1392/2/47 1371/2/47
f 1396/2/105 1394/2/105 1393/2/105 1395/2/105
f 1394/2/105 1416/2/105 1391/2/105 1393/2/105
f 1398/2/105 1396/2/105 1395/2/105 1370/2/105
f 1397/3/244 1419/3/244 1394/3/244 1396/3/244
f 1399/3/230 1397/3/230 1396/3/230 1398/3/230
f 1400/2/105 1398/2/105 1370/2/105 1373/2/105
f 1401/3/228 1399/3/228 1398/3/228 1400/3/228
f 1402/2/105 1400/2/105 1373/2/105 1375/2/105
f 1403/3/225 1401/3/225 1400/3/225 1402/3/225
f 1404/2/105 1402/2/105 1375/2/105 1377/2/105
f 1405/3/224 1403/3/224 1402/3/224 1404/3/224
f 1406/2/105 1404/2/105 1377/2/105 1379/2/105
f 1407/3/258 1405/3/258 1404/3/258 1406/3/258
f 1408/2/105 1406/2/105 1379/2/105 1381/2/105
f 1409/3/260 1407/3/260 1406/3/260 1408/3/260
f 1410/2/105 1408/2/105 1381/2/105 1384/2/105
f 1411/3/575 1409/3/575 1408/3/575 1410/3/575
f 1412/2/105 1410/2/105 1384/2/105 1387/2/105
f 1413/3/209 1411/3/209 1410/3/209 1412/3/209
f 1414/2/105 1412/2/105 1387/2/105 1389/2/105
f 1415/3/250 1413/3/250 1412/3/250 1414/3/250
f 1416/2/105 1414/2/105 1389/2/105 1391/2/105
f 1417/3/248 1415/3/248 1414/3/248 1416/3/248
f 1419/3/245 1417/3/245 1416/3/245 1394/3/245
f 1418/3/249 1451/3/249 1415/3/249 1417/3/249
f 1420/3/247 1418/3/247 1417/3/247 1419/3/247
f 1421/3/246 1420/3/246 1419/3/246 1397/3/246
f 1418/3/576 1420/3/576 1422/3/576 1424/3/576
f 1420/3/197 1421/3/197 1425/3/197 1422/3/197
f 1422/3/41 1425/3/41 1426/3/41 1423/3/41
f 1424/3/40 1422/3/40 1423/3/40 1453/3/40
f 1425/3/42 1427/3/42 1428/3/42 1426/3/42
f 1421/3/196 1429/3/196 1427/3/196 1425/3/196
f 1427/3/43 1430/3/43 1431/3/43 1428/3/43
f 1429/3/577 1433/3/577 1430/3/577 1427/3/577
f 1430/3/44 1432/3/44 1470/3/44 1431/3/44
f 1433/3/578 1434/3/578 1432/3/578 1430/3/578
f 1434/3/227 1433/3/227 1401/3/227 1403/3/227
f 1433/3/229 1429/3/229 1399/3/229 1401/3/229
f 1435/3/226 1434/3/226 1403/3/226 1405/3/226
f 1434/3/579 1435/3/579 1436/3/579 1432/3/579
f 1437/3/259 1435/3/259 1405/3/259 1407/3/259
f 1435/3/189 1437/3/189 1439/3/189 1436/3/189
f 1438/3/261 1437/3/261 1407/3/261 1409/3/261
f 1437/3/267 1438/3/267 1441/3/267 1439/3/267
f 1439/3/47 1441/3/47 1442/3/47 1440/3/47
f 1436/3/46 1439/3/46 1440/3/46 1472/3/46
f 1441/3/37 1443/3/37 1444/3/37 1442/3/37
f 1438/3/206 1445/3/206 1443/3/206 1441/3/206
f 1443/3/36 1446/3/36 1447/3/36 1444/3/36
f 1445/3/204 1448/3/204 1446/3/204 1443/3/204
f 1446/3/38 1449/3/38 1450/3/38 1447/3/38
f 1448/3/205 1451/3/205 1449/3/205 1446/3/205
f 1449/3/39 1424/3/39 1453/3/39 1450/3/39
f 1451/3/199 1418/3/199 1424/3/199 1449/3/199
f 1451/3/251 1448/3/251 1413/3/251 1415/3/251
f 1447/3/38 1450/3/38 1452/3/38 1483/3/38
f 1450/3/39 1453/3/39 1454/3/39 1452/3/39
f 1453/3/40 1423/3/40 1456/3/40 1454/3/40
f 1452/3/200 1454/3/200 1455/3/200 1486/3/200
f 1454/3/201 1456/3/201 1458/3/201 1455/3/201
f 1423/3/41 1426/3/41 1457/3/41 1456/3/41
f 1456/3/195 1457/3/195 1460/3/195 1458/3/195
f 1455/3/278 1458/3/278 1459/3/278 1489/3/278
f 1458/3/277 1460/3/277 1461/3/277 1459/3/277
f 1460/3/276 1462/3/276 1463/3/276 1461/3/276
f 1457/3/194 1464/3/194 1462/3/194 1460/3/194
f 1462/3/275 1465/3/275 1466/3/275 1463/3/275
f 1464/3/192 1468/3/192 1465/3/192 1462/3/192
f 1465/3/580 1467/3/580 1496/3/580 1466/3/580
f 1468/3/193 1469/3/193 1467/3/193 1465/3/193
f 1428/3/43 1431/3/43 1468/3/43 1464/3/43
f 1431/3/44 1470/3/44 1469/3/44 1468/3/44
f 1470/3/45 1472/3/45 1471/3/45 1469/3/45
f 1469/3/187 1471/3/187 1474/3/187 1467/3/187
f 1472/3/46 1440/3/46 1473/3/46 1471/3/46
f 1471/3/186 1473/3/186 1476/3/186 1474/3/186
f 1467/3/581 1474/3/581 1475/3/581 1496/3/581
f 1474/3/272 1476/3/272 1477/3/272 1475/3/272
f 1476/3/582 1478/3/582 1479/3/582 1477/3/582
f 1473/3/184 1481/3/184 1478/3/184 1476/3/184
f 1478/3/583 1480/3/583 1502/3/583 1479/3/583
f 1481/3/185 1482/3/185 1480/3/185 1478/3/185
f 1440/3/47 1442/3/47 1481/3/47 1473/3/47
f 1442/3/37 1444/3/37 1482/3/37 1481/3/37
f 1444/3/36 1447/3/36 1483/3/36 1482/3/36
f 1482/3/203 1483/3/203 1484/3/203 1480/3/203
f 1483/3/202 1452/3/202 1486/3/202 1484/3/202
f 1484/3/584 1486/3/584 1487/3/584 1485/3/584
f 1480/3/269 1484/3/269 1485/3/269 1502/3/269
f 1486/3/585 1455/3/585 1489/3/585 1487/3/585
f 1487/3/45 1489/3/45 1490/3/45 1488/3/45
f 1485/3/44 1487/3/44 1488/3/44 1501/3/44
f 1489/3/46 1459/3/46 1491/3/46 1490/3/46
f 1491/3/1 1492/3/1 1493/3/1 1494/3/1 1495/3/1 1497/3/1 1498/3/1 1499/3/1 1500/3/1 1501/3/1 1488/3/1 1490/3/1
f 1459/3/47 1461/3/47 1492/3/47 1491/3/47
f 1461/3/37 1463/3/37 1493/3/37 1492/3/37
f 1463/3/36 1466/3/36 1494/3/36 1493/3/36
f 1466/3/38 1496/3/38 1495/3/38 1494/3/38
f 1496/3/39 1475/3/39 1497/3/39 1495/3/39
f 1475/3/40 1477/3/40 1498/3/40 1497/3/40
f 1477/3/41 1479/3/41 1499/3/41 1498/3/41
f 1479/3/42 1502/3/42 1500/3/42 1499/3/42
f 1502/3/43 1485/3/43 1501/3/43 1500/3/43
f 1432/3/45 1436/3/45 1472/3/45 1470/3/45
f 1426/3/42 1428/3/42 1464/3/42 1457/3/42
f 1448/3/207 1445/3/207 1411/3/207 1413/3/207
f 1445/3/208 1438/3/208 1409/3/208 1411/3/208
f 1429/3/231 1421/3/231 1397/3/231 1399/3/231
f 1386/1/211 1383/1/211 1338/1/211 1346/1/211
f 1343/1/105 1341/1/105 1322/1/105 1345/1/105
f 1336/1/266 1328/1/266 1325/1/266 1321/1/266
f 1514/5/586 1504/5/586 1503/5/586 1505/5/586
f 1504/5/587 1598/5/587 1506/5/587 1503/5/587
f 1505/5/588 1503/5/588 1508/5/588 1509/5/588
f 1503/5/589 1506/5/589 1620/5/589 1507/5/589
f 1503/5/590 1507/5/590 1510/5/590 1508/5/590
f 1509/5/591 1508/5/591 1649/5/591 1651/5/591
f 1508/5/105 1510/5/105 1625/5/105 1511/5/105
f 1508/5/592 1511/5/592 1650/5/592 1649/5/592
f 1651/5/593 1652/5/593 1512/5/593 1509/5/593
f 1513/5/113 1512/5/113 1652/5/113 1653/5/113
f 1515/5/113 1514/5/113 1512/5/113 1513/5/113
f 1514/5/113 1505/5/113 1509/5/113 1512/5/113
f 1516/5/586 1504/5/586 1514/5/586 1515/5/586
f 1516/5/594 1515/5/594 1517/5/594 1518/5/594
f 1517/5/113 1515/5/113 1513/5/113 1519/5/113
f 1518/5/595 1517/5/595 1519/5/595 1520/5/595
f 1519/5/113 1513/5/113 1653/5/113 1662/5/113
f 1664/5/596 1520/5/596 1519/5/596 1662/5/596
f 1572/5/597 1518/5/597 1520/5/597 1521/5/597
f 1664/5/598 1669/5/598 1522/5/598 1520/5/598
f 1523/5/599 1521/5/599 1520/5/599 1522/5/599
f 1523/5/600 1522/5/600 1524/5/600 1576/5/600
f 1670/5/601 1524/5/601 1522/5/601 1669/5/601
f 1525/5/602 1524/5/602 1670/5/602 1671/5/602
f 1526/5/603 1525/5/603 1671/5/603 1672/5/603
f 1527/5/604 1529/5/604 1524/5/604 1525/5/604
f 1530/5/603 1527/5/603 1525/5/603 1526/5/603
f 1528/5/605 1527/5/605 1530/5/605 1531/5/605
f 1543/5/606 1529/5/606 1527/5/606 1528/5/606
f 1531/5/607 1530/5/607 1532/5/607 1533/5/607
f 1530/5/608 1526/5/608 1534/5/608 1532/5/608
f 1533/5/609 1532/5/609 1534/5/609 1535/5/609
f 1535/5/610 1534/5/610 1684/5/610 1685/5/610
f 1534/5/611 1526/5/611 1672/5/611 1684/5/611
f 1536/5/612 1535/5/612 1685/5/612 1686/5/612
f 1686/5/613 1688/5/613 1537/5/613 1536/5/613
f 1538/5/614 1537/5/614 1688/5/614 1689/5/614
f 1540/5/614 1539/5/614 1537/5/614 1538/5/614
f 1539/5/615 1541/5/615 1536/5/615 1537/5/615
f 1539/5/616 1531/5/616 1533/5/616 1541/5/616
f 1540/5/617 1528/5/617 1531/5/617 1539/5/617
f 1541/5/618 1533/5/618 1535/5/618 1536/5/618
f 1542/5/619 1543/5/619 1528/5/619 1540/5/619
f 1542/5/620 1540/5/620 1538/5/620 1545/5/620
f 1544/5/621 1575/5/621 1543/5/621 1542/5/621
f 1544/5/622 1542/5/622 1545/5/622 1546/5/622
f 1545/5/620 1538/5/620 1689/5/620 1700/5/620
f 1546/5/622 1545/5/622 1700/5/622 1701/5/622
f 1547/5/623 1546/5/623 1701/5/623 1702/5/623
f 1704/5/624 1548/5/624 1547/5/624 1702/5/624
f 1705/1/625 1549/1/625 1548/1/625 1704/1/625
f 1549/1/626 1551/1/626 1550/1/626 1548/1/626
f 1548/5/627 1550/5/627 1552/5/627 1547/5/627
f 1551/1/628 1555/1/628 1553/1/628 1550/1/628
f 1550/5/629 1553/5/629 1554/5/629 1552/5/629
f 1553/5/630 1556/5/630 1557/5/630 1554/5/630
f 1555/1/631 1558/1/631 1556/1/631 1553/1/631
f 1556/5/632 1717/5/632 1718/5/632 1557/5/632
f 1558/1/632 1719/1/632 1717/1/632 1556/1/632
f 1719/1/633 1558/1/633 1559/1/633 1720/1/633
f 1559/8/634 1560/8/634 1721/8/634 1720/8/634
f 1562/8/635 1560/8/635 1559/8/635 1561/8/635
f 1558/1/636 1555/1/636 1561/1/636 1559/1/636
f 1555/1/637 1551/1/637 1562/1/637 1561/1/637
f 1551/1/638 1549/1/638 1560/1/638 1562/1/638
f 1549/1/639 1705/1/639 1721/1/639 1560/1/639
f 1563/5/640 1557/5/640 1718/5/640 1726/5/640
f 1564/5/641 1563/5/641 1726/5/641 1727/5/641
f 1566/5/642 1565/5/642 1563/5/642 1564/5/642
f 1565/5/643 1554/5/643 1557/5/643 1563/5/643
f 1568/5/644 1567/5/644 1565/5/644 1566/5/644
f 1567/5/645 1552/5/645 1554/5/645 1565/5/645
f 1568/5/646 1570/5/646 1569/5/646 1567/5/646
f 1567/5/647 1569/5/647 1571/5/647 1552/5/647
f 1518/5/648 1572/5/648 1569/5/648 1570/5/648
f 1569/5/649 1572/5/649 1573/5/649 1571/5/649
f 1573/5/650 1572/5/650 1521/5/650 1523/5/650
f 1574/5/651 1573/5/651 1523/5/651 1576/5/651
f 1574/5/652 1575/5/652 1571/5/652 1573/5/652
f 1574/5/653 1576/5/653 1524/5/653 1529/5/653
f 1543/5/654 1575/5/654 1574/5/654 1529/5/654
f 1552/5/655 1571/5/655 1575/5/655 1544/5/655
f 1579/5/656 1577/5/656 1570/5/656 1568/5/656
f 1577/5/657 1580/5/657 1518/5/657 1570/5/657
f 1582/5/658 1578/5/658 1577/5/658 1579/5/658
f 1578/5/659 1581/5/659 1580/5/659 1577/5/659
f 1580/5/660 1581/5/660 1516/5/660 1518/5/660
f 1581/5/661 1578/5/661 1596/5/661 1516/5/661
f 1582/8/662 1579/8/662 1583/8/662 1584/8/662
f 1583/5/663 1579/5/663 1568/5/663 1566/5/663
f 1584/5/664 1583/5/664 1566/5/664 1585/5/664
f 1582/5/665 1584/5/665 1585/5/665 1587/5/665
f 1590/5/666 1589/5/666 1585/5/666 1586/5/666
f 1586/5/667 1585/5/667 1588/5/667 1609/5/667
f 1585/5/668 1566/5/668 1564/5/668 1588/5/668
f 1589/5/669 1591/5/669 1587/5/669 1585/5/669
f 1592/8/670 1591/8/670 1589/8/670 1590/8/670
f 1593/5/671 1591/5/671 1592/5/671 1594/5/671
f 1591/5/672 1593/5/672 1596/5/672 1587/5/672
f 1593/5/673 1594/5/673 1597/5/673 1595/5/673
f 1593/5/674 1595/5/674 1516/5/674 1596/5/674
f 1578/5/675 1582/5/675 1587/5/675 1596/5/675
f 1595/5/676 1597/5/676 1504/5/676 1516/5/676
f 1597/5/677 1594/5/677 1598/5/677 1504/5/677
f 1594/5/678 1592/5/678 1599/5/678 1598/5/678
f 1598/5/679 1599/5/679 1600/5/679 1506/5/679
f 1600/5/680 1599/5/680 1601/5/680 1615/5/680
f 1605/5/681 1602/5/681 1599/5/681 1586/5/681
f 1592/5/682 1590/5/682 1586/5/682 1599/5/682
f 1602/5/683 1604/5/683 1601/5/683 1599/5/683
f 1606/1/684 1603/1/684 1602/1/684 1605/1/684
f 1603/1/685 1614/1/685 1604/1/685 1602/1/685
f 1608/1/686 1606/1/686 1605/1/686 1607/1/686
f 1607/5/687 1605/5/687 1586/5/687 1609/5/687
f 1776/1/688 1608/1/688 1607/1/688 1775/1/688
f 1775/5/689 1607/5/689 1609/5/689 1777/5/689
f 1609/5/690 1588/5/690 1778/5/690 1777/5/690
f 1588/5/691 1564/5/691 1727/5/691 1778/5/691
f 1608/1/692 1776/1/692 1779/1/692 1610/1/692
f 1779/8/693 1780/8/693 1611/8/693 1610/8/693
f 1606/1/694 1608/1/694 1610/1/694 1612/1/694
f 1613/8/695 1612/8/695 1610/8/695 1611/8/695
f 1603/1/696 1606/1/696 1612/1/696 1613/1/696
f 1614/1/697 1603/1/697 1613/1/697 1611/1/697
f 1786/1/698 1614/1/698 1611/1/698 1780/1/698
f 1614/1/699 1786/1/699 1787/1/699 1604/1/699
f 1604/5/700 1787/5/700 1788/5/700 1601/5/700
f 1615/5/701 1601/5/701 1788/5/701 1789/5/701
f 1616/5/702 1615/5/702 1789/5/702 1790/5/702
f 1618/5/703 1600/5/703 1615/5/703 1616/5/703
f 1617/5/704 1616/5/704 1790/5/704 1822/5/704
f 1619/5/705 1618/5/705 1616/5/705 1617/5/705
f 1620/5/706 1618/5/706 1619/5/706 1621/5/706
f 1506/5/707 1600/5/707 1618/5/707 1620/5/707
f 1507/5/708 1620/5/708 1621/5/708 1623/5/708
f 1621/5/709 1619/5/709 1639/5/709 1622/5/709
f 1621/5/710 1622/5/710 1624/5/710 1623/5/710
f 1507/5/711 1623/5/711 1625/5/711 1510/5/711
f 1623/5/712 1624/5/712 1626/5/712 1625/5/712
f 1625/5/105 1626/5/105 1627/5/105 1511/5/105
f 1624/5/713 1629/5/713 1627/5/713 1626/5/713
f 1804/5/592 1650/5/592 1511/5/592 1627/5/592
f 1628/5/714 1815/5/714 1804/5/714 1627/5/714
f 1631/5/715 1628/5/715 1627/5/715 1629/5/715
f 1624/5/716 1622/5/716 1630/5/716 1629/5/716
f 1629/5/717 1630/5/717 1632/5/717 1631/5/717
f 1631/5/718 1632/5/718 1634/5/718 1628/5/718
f 1632/5/719 1633/5/719 1635/5/719 1634/5/719
f 1630/5/720 1638/5/720 1633/5/720 1632/5/720
f 1634/5/721 1635/5/721 1814/5/721 1813/5/721
f 1628/5/722 1634/5/722 1813/5/722 1815/5/722
f 1814/5/723 1635/5/723 1636/5/723 1816/5/723
f 1636/5/724 1637/5/724 1817/5/724 1816/5/724
f 1638/5/725 1639/5/725 1637/5/725 1636/5/725
f 1638/5/726 1636/5/726 1635/5/726 1633/5/726
f 1622/5/727 1639/5/727 1638/5/727 1630/5/727
f 1639/5/728 1619/5/728 1617/5/728 1637/5/728
f 1637/5/729 1617/5/729 1822/5/729 1817/5/729
f 1552/5/730 1544/5/730 1546/5/730 1547/5/730
f 1656/5/731 1642/5/731 1640/5/731 1641/5/731
f 1641/5/732 1640/5/732 1643/5/732 1763/5/732
f 1642/5/733 1646/5/733 1645/5/733 1640/5/733
f 1640/5/734 1644/5/734 1796/5/734 1643/5/734
f 1640/5/735 1645/5/735 1647/5/735 1644/5/735
f 1646/5/736 1651/5/736 1649/5/736 1645/5/736
f 1645/5/1 1648/5/1 1801/5/1 1647/5/1
f 1645/5/598 1649/5/598 1650/5/598 1648/5/598
f 1651/5/737 1646/5/737 1654/5/737 1652/5/737
f 1655/5/113 1653/5/113 1652/5/113 1654/5/113
f 1657/5/113 1655/5/113 1654/5/113 1656/5/113
f 1656/5/113 1654/5/113 1646/5/113 1642/5/113
f 1658/5/731 1657/5/731 1656/5/731 1641/5/731
f 1658/5/738 1660/5/738 1659/5/738 1657/5/738
f 1659/5/113 1661/5/113 1655/5/113 1657/5/113
f 1660/5/739 1663/5/739 1661/5/739 1659/5/739
f 1661/5/113 1662/5/113 1653/5/113 1655/5/113
f 1664/5/740 1662/5/740 1661/5/740 1663/5/740
f 1737/5/741 1665/5/741 1663/5/741 1660/5/741
f 1664/5/592 1663/5/592 1666/5/592 1669/5/592
f 1667/5/742 1666/5/742 1663/5/742 1665/5/742
f 1667/5/743 1741/5/743 1668/5/743 1666/5/743
f 1670/5/744 1669/5/744 1666/5/744 1668/5/744
f 1673/5/745 1671/5/745 1670/5/745 1668/5/745
f 1674/5/603 1672/5/603 1671/5/603 1673/5/603
f 1675/5/746 1673/5/746 1668/5/746 1677/5/746
f 1678/5/603 1674/5/603 1673/5/603 1675/5/603
f 1676/5/747 1679/5/747 1678/5/747 1675/5/747
f 1696/5/748 1676/5/748 1675/5/748 1677/5/748
f 1679/5/749 1681/5/749 1680/5/749 1678/5/749
f 1678/5/750 1680/5/750 1682/5/750 1674/5/750
f 1681/5/751 1683/5/751 1682/5/751 1680/5/751
f 1683/5/752 1685/5/752 1684/5/752 1682/5/752
f 1682/5/753 1684/5/753 1672/5/753 1674/5/753
f 1687/5/754 1686/5/754 1685/5/754 1683/5/754
f 1686/5/755 1687/5/755 1690/5/755 1688/5/755
f 1691/5/614 1689/5/614 1688/5/614 1690/5/614
f 1693/5/614 1691/5/614 1690/5/614 1692/5/614
f 1692/5/756 1690/5/756 1687/5/756 1694/5/756
f 1692/5/757 1694/5/757 1681/5/757 1679/5/757
f 1693/5/758 1692/5/758 1679/5/758 1676/5/758
f 1694/5/759 1687/5/759 1683/5/759 1681/5/759
f 1695/5/760 1693/5/760 1676/5/760 1696/5/760
f 1695/5/620 1698/5/620 1691/5/620 1693/5/620
f 1697/5/761 1695/5/761 1696/5/761 1740/5/761
f 1697/5/622 1699/5/622 1698/5/622 1695/5/622
f 1698/5/620 1700/5/620 1689/5/620 1691/5/620
f 1699/5/622 1701/5/622 1700/5/622 1698/5/622
f 1703/5/762 1702/5/762 1701/5/762 1699/5/762
f 1704/5/763 1702/5/763 1703/5/763 1706/5/763
f 1705/1/764 1704/1/764 1706/1/764 1707/1/764
f 1707/1/765 1706/1/765 1708/1/765 1709/1/765
f 1706/5/766 1703/5/766 1710/5/766 1708/5/766
f 1709/1/767 1708/1/767 1711/1/767 1713/1/767
f 1708/5/768 1710/5/768 1712/5/768 1711/5/768
f 1711/5/769 1712/5/769 1715/5/769 1714/5/769
f 1713/1/770 1711/1/770 1714/1/770 1716/1/770
f 1714/5/771 1715/5/771 1718/5/771 1717/5/771
f 1716/1/771 1714/1/771 1717/1/771 1719/1/771
f 1719/1/772 1720/1/772 1722/1/772 1716/1/772
f 1722/8/773 1720/8/773 1721/8/773 1723/8/773
f 1725/8/774 1724/8/774 1722/8/774 1723/8/774
f 1716/1/775 1722/1/775 1724/1/775 1713/1/775
f 1713/1/776 1724/1/776 1725/1/776 1709/1/776
f 1709/1/777 1725/1/777 1723/1/777 1707/1/777
f 1707/1/778 1723/1/778 1721/1/778 1705/1/778
f 1728/5/779 1726/5/779 1718/5/779 1715/5/779
f 1729/5/780 1727/5/780 1726/5/780 1728/5/780
f 1731/5/781 1729/5/781 1728/5/781 1730/5/781
f 1730/5/782 1728/5/782 1715/5/782 1712/5/782
f 1733/5/783 1731/5/783 1730/5/783 1732/5/783
f 1732/5/784 1730/5/784 1712/5/784 1710/5/784
f 1733/5/785 1732/5/785 1734/5/785 1735/5/785
f 1732/5/786 1710/5/786 1736/5/786 1734/5/786
f 1660/5/787 1735/5/787 1734/5/787 1737/5/787
f 1734/5/788 1736/5/788 1738/5/788 1737/5/788
f 1738/5/789 1667/5/789 1665/5/789 1737/5/789
f 1739/5/790 1741/5/790 1667/5/790 1738/5/790
f 1739/5/791 1738/5/791 1736/5/791 1740/5/791
f 1739/5/792 1677/5/792 1668/5/792 1741/5/792
f 1696/5/793 1677/5/793 1739/5/793 1740/5/793
f 1710/5/794 1697/5/794 1740/5/794 1736/5/794
f 1744/5/795 1733/5/795 1735/5/795 1742/5/795
f 1742/5/796 1735/5/796 1660/5/796 1745/5/796
f 1747/5/499 1744/5/499 1742/5/499 1743/5/499
f 1743/5/500 1742/5/500 1745/5/500 1746/5/500
f 1745/5/797 1660/5/797 1658/5/797 1746/5/797
f 1746/5/798 1658/5/798 1761/5/798 1743/5/798
f 1747/8/507 1749/8/507 1748/8/507 1744/8/507
f 1748/5/799 1731/5/799 1733/5/799 1744/5/799
f 1749/5/800 1750/5/800 1731/5/800 1748/5/800
f 1747/5/801 1752/5/801 1750/5/801 1749/5/801
f 1755/5/802 1751/5/802 1750/5/802 1754/5/802
f 1751/5/803 1774/5/803 1753/5/803 1750/5/803
f 1750/5/804 1753/5/804 1729/5/804 1731/5/804
f 1754/5/805 1750/5/805 1752/5/805 1756/5/805
f 1757/8/806 1755/8/806 1754/8/806 1756/8/806
f 1758/5/517 1759/5/517 1757/5/517 1756/5/517
f 1756/5/807 1752/5/807 1761/5/807 1758/5/807
f 1758/5/516 1760/5/516 1762/5/516 1759/5/516
f 1758/5/808 1761/5/808 1658/5/808 1760/5/808
f 1743/5/809 1761/5/809 1752/5/809 1747/5/809
f 1760/5/810 1658/5/810 1641/5/810 1762/5/810
f 1762/5/811 1641/5/811 1763/5/811 1759/5/811
f 1759/5/812 1763/5/812 1764/5/812 1757/5/812
f 1763/5/813 1643/5/813 1765/5/813 1764/5/813
f 1765/5/814 1791/5/814 1766/5/814 1764/5/814
f 1770/5/815 1751/5/815 1764/5/815 1767/5/815
f 1757/5/816 1764/5/816 1751/5/816 1755/5/816
f 1767/5/817 1764/5/817 1766/5/817 1769/5/817
f 1771/1/818 1770/1/818 1767/1/818 1768/1/818
f 1768/1/819 1767/1/819 1769/1/819 1785/1/819
f 1773/1/820 1772/1/820 1770/1/820 1771/1/820
f 1772/5/821 1774/5/821 1751/5/821 1770/5/821
f 1776/1/822 1775/1/822 1772/1/822 1773/1/822
f 1775/5/823 1777/5/823 1774/5/823 1772/5/823
f 1774/5/824 1777/5/824 1778/5/824 1753/5/824
f 1753/5/825 1778/5/825 1727/5/825 1729/5/825
f 1773/1/826 1781/1/826 1779/1/826 1776/1/826
f 1779/8/827 1781/8/827 1782/8/827 1780/8/827
f 1771/1/828 1783/1/828 1781/1/828 1773/1/828
f 1784/8/829 1782/8/829 1781/8/829 1783/8/829
f 1768/1/830 1784/1/830 1783/1/830 1771/1/830
f 1785/1/831 1782/1/831 1784/1/831 1768/1/831
f 1786/1/832 1780/1/832 1782/1/832 1785/1/832
f 1785/1/833 1769/1/833 1787/1/833 1786/1/833
f 1769/5/834 1766/5/834 1788/5/834 1787/5/834
f 1791/5/835 1789/5/835 1788/5/835 1766/5/835
f 1792/5/836 1790/5/836 1789/5/836 1791/5/836
f 1794/5/837 1792/5/837 1791/5/837 1765/5/837
f 1793/5/838 1822/5/838 1790/5/838 1792/5/838
f 1795/5/839 1793/5/839 1792/5/839 1794/5/839
f 1796/5/840 1797/5/840 1795/5/840 1794/5/840
f 1643/5/841 1796/5/841 1794/5/841 1765/5/841
f 1644/5/842 1799/5/842 1797/5/842 1796/5/842
f 1797/5/843 1798/5/843 1821/5/843 1795/5/843
f 1797/5/844 1799/5/844 1800/5/844 1798/5/844
f 1644/5/845 1647/5/845 1801/5/845 1799/5/845
f 1799/5/846 1801/5/846 1802/5/846 1800/5/846
f 1801/5/1 1648/5/1 1803/5/1 1802/5/1
f 1800/5/847 1802/5/847 1803/5/847 1806/5/847
f 1804/5/598 1803/5/598 1648/5/598 1650/5/598
f 1805/5/848 1803/5/848 1804/5/848 1815/5/848
f 1808/5/849 1806/5/849 1803/5/849 1805/5/849
f 1800/5/850 1806/5/850 1807/5/850 1798/5/850
f 1806/5/851 1808/5/851 1809/5/851 1807/5/851
f 1808/5/852 1805/5/852 1811/5/852 1809/5/852
f 1809/5/853 1811/5/853 1812/5/853 1810/5/853
f 1807/5/854 1809/5/854 1810/5/854 1820/5/854
f 1811/5/855 1813/5/855 1814/5/855 1812/5/855
f 1805/5/856 1815/5/856 1813/5/856 1811/5/856
f 1814/5/857 1816/5/857 1818/5/857 1812/5/857
f 1818/5/858 1816/5/858 1817/5/858 1819/5/858
f 1820/5/859 1818/5/859 1819/5/859 1821/5/859
f 1820/5/860 1810/5/860 1812/5/860 1818/5/860
f 1798/5/861 1807/5/861 1820/5/861 1821/5/861
f 1821/5/862 1819/5/862 1793/5/862 1795/5/862
f 1819/5/863 1817/5/863 1822/5/863 1793/5/863
f 1710/5/864 1703/5/864 1699/5/864 1697/5/864
f 1835/2/552 1836/2/552 1852/2/552 1851/2/552
f 1823/1/865 1824/1/865 1839/1/865 1840/1/865
f 1830/1/534 1823/1/534 1840/1/534 1846/1/534
f 1828/1/541 1829/1/541 1845/1/541 1844/1/541
f 1826/1/540 1827/1/540 1843/1/540 1842/1/540
f 1824/1/539 1825/1/539 1841/1/539 1839/1/539
f 1829/1/538 1830/1/538 1846/1/538 1845/1/538
f 1827/1/537 1828/1/537 1844/1/537 1843/1/537
f 1825/1/536 1826/1/536 1842/1/536 1841/1/536
f 1832/1/866 1831/1/866 1840/1/866 1839/1/866
f 1833/1/543 1832/1/543 1839/1/543 1841/1/543
f 1834/1/543 1833/1/543 1841/1/543 1842/1/543
f 1835/1/545 1834/1/545 1842/1/545 1843/1/545
f 1836/1/544 1835/1/544 1843/1/544 1844/1/544
f 1837/1/543 1836/1/543 1844/1/543 1845/1/543
f 1838/1/543 1837/1/543 1845/1/543 1846/1/543
f 1831/1/542 1838/1/542 1846/1/542 1840/1/542
f 1853/6/562 1854/6/562 1862/6/562 1861/6/562
f 1833/2/551 1834/2/551 1850/2/551 1849/2/551
f 1831/6/550 1832/6/550 1848/6/550 1847/6/550
f 1838/6/549 1831/6/549 1847/6/549 1854/6/549
f 1836/2/548 1837/2/548 1853/2/548 1852/2/548
f 1834/2/533 1835/2/533 1851/2/533 1850/2/533
f 1832/6/554 1833/6/554 1849/6/554 1848/6/554
f 1837/6/553 1838/6/553 1854/6/553 1853/6/553
f 1856/2/555 1857/2/555 1858/2/555 1859/2/555 1860/2/555 1861/2/555 1862/2/555 1855/2/555
f 1851/2/561 1852/2/561 1860/2/561 1859/2/561
f 1849/2/560 1850/2/560 1858/2/560 1857/2/560
f 1847/6/559 1848/6/559 1856/6/559 1855/6/559
f 1854/6/558 1847/6/558 1855/6/558 1862/6/558
f 1852/2/557 1853/2/557 1861/2/557 1860/2/557
f 1850/2/556 1851/2/556 1859/2/556 1858/2/556
f 1848/6/547 1849/6/547 1857/6/547 1856/6/547
f 1863/5/867 1864/5/867 1867/5/867 1866/5/867
f 1865/5/868 1863/5/868 1866/5/868 1868/5/868
f 1866/5/869 1867/5/869 1870/5/869 1869/5/869
f 1868/5/870 1866/5/870 1869/5/870 1871/5/870
f 1869/5/620 1870/5/620 1896/5/620 1895/5/620
f 1871/5/871 1869/5/871 1895/5/871 1897/5/871
f 1898/5/872 1872/5/872 1871/5/872 1897/5/872
f 1872/5/873 1865/5/873 1868/5/873 1871/5/873
f 1877/5/874 1876/5/874 1878/5/874 1879/5/874
f 1876/5/875 1905/5/875 1908/5/875 1878/5/875
f 1880/5/876 1881/5/876 1879/5/876 1878/5/876
f 1911/5/877 1880/5/877 1878/5/877 1908/5/877
f 1882/5/878 1883/5/878 1881/5/878 1880/5/878
f 1914/5/879 1882/5/879 1880/5/879 1911/5/879
f 1885/5/880 1883/5/880 1882/5/880 1884/5/880
f 1914/5/881 1917/5/881 1884/5/881 1882/5/881
f 1870/5/614 1884/5/614 1917/5/614 1896/5/614
f 1867/5/614 1885/5/614 1884/5/614 1870/5/614
f 1864/5/882 1873/5/882 1885/5/882 1867/5/882
f 1873/5/883 1874/5/883 1883/5/883 1885/5/883
f 1874/5/884 1875/5/884 1881/5/884 1883/5/884
f 1875/5/885 1877/5/885 1879/5/885 1881/5/885
f 1886/5/886 1889/5/886 1890/5/886 1887/5/886
f 1888/5/887 1891/5/887 1889/5/887 1886/5/887
f 1889/5/888 1892/5/888 1893/5/888 1890/5/888
f 1891/5/889 1894/5/889 1892/5/889 1889/5/889
f 1892/5/620 1895/5/620 1896/5/620 1893/5/620
f 1894/5/890 1897/5/890 1895/5/890 1892/5/890
f 1898/5/891 1897/5/891 1894/5/891 1899/5/891
f 1899/5/892 1894/5/892 1891/5/892 1888/5/892
f 1904/5/893 1907/5/893 1906/5/893 1903/5/893
f 1903/5/894 1906/5/894 1908/5/894 1905/5/894
f 1909/5/895 1906/5/895 1907/5/895 1910/5/895
f 1911/5/896 1908/5/896 1906/5/896 1909/5/896
f 1912/5/897 1909/5/897 1910/5/897 1913/5/897
f 1914/5/898 1911/5/898 1909/5/898 1912/5/898
f 1916/5/899 1915/5/899 1912/5/899 1913/5/899
f 1914/5/900 1912/5/900 1915/5/900 1917/5/900
f 1893/5/614 1896/5/614 1917/5/614 1915/5/614
f 1890/5/614 1893/5/614 1915/5/614 1916/5/614
f 1887/5/901 1890/5/901 1916/5/901 1900/5/901
f 1900/5/902 1916/5/902 1913/5/902 1901/5/902
f 1901/5/903 1913/5/903 1910/5/903 1902/5/903
f 1902/5/904 1910/5/904 1907/5/904 1904/5/904
f 1927/2/905 1920/2/905 1918/2/905 1926/2/905
f 1918/2/906 1920/2/906 1921/2/906 1919/2/906
f 1927/2/907 1937/2/907 1923/2/907 1922/2/907 1921/2/907 1920/2/907
f 1921/2/105 1922/2/105 1924/2/105 1919/2/105
f 1923/2/908 1925/2/908 1924/2/908 1922/2/908
f 1923/2/909 1937/2/909 1928/2/909 1925/2/909
f 1927/2/905 1926/2/905 1929/2/905 1931/2/905
f 1929/2/910 1930/2/910 1932/2/910 1931/2/910
f 1927/2/907 1931/2/907 1932/2/907 1933/2/907 1934/2/907 1937/2/907
f 1932/2/1 1930/2/1 1935/2/1 1933/2/1
f 1934/2/911 1933/2/911 1935/2/911 1936/2/911
f 1934/2/909 1936/2/909 1928/2/909 1937/2/909
f 1947/2/912 1940/2/912 1938/2/912 1946/2/912
f 1938/2/913 1939/2/913 1944/2/913 1945/2/913 1948/2/913 1946/2/913
f 1938/2/914 1940/2/914 1941/2/914 1939/2/914
f 1941/2/105 1942/2/105 1944/2/105 1939/2/105
f 1943/2/915 1945/2/915 1944/2/915 1942/2/915
f 1943/2/916 1957/2/916 1948/2/916 1945/2/916
f 1947/2/912 1946/2/912 1949/2/912 1951/2/912
f 1949/2/913 1946/2/913 1948/2/913 1956/2/913 1955/2/913 1950/2/913
f 1949/2/917 1950/2/917 1952/2/917 1951/2/917
f 1952/2/1 1950/2/1 1955/2/1 1953/2/1
f 1954/2/918 1953/2/918 1955/2/918 1956/2/918
f 1954/2/916 1956/2/916 1948/2/916 1957/2/916
f 1959/1/113 1963/1/113 1962/1/113 1958/1/113
f 1958/1/919 1961/1/919 1976/1/919 1959/1/919
f 1958/1/113 1962/1/113 1964/1/113 1960/1/113
f 1961/1/920 1958/1/920 1960/1/920 1980/1/920
f 1962/1/921 1963/1/921 1968/1/921 1965/1/921
f 1965/1/922 1967/1/922 1964/1/922 1962/1/922
f 1966/1/923 1982/1/923 1967/1/923 1965/1/923
f 1965/1/924 1968/1/924 1969/1/924 1966/1/924
f 1963/1/925 1971/1/925 1970/1/925 1968/1/925
f 1968/1/926 1970/1/926 1972/1/926 1969/1/926
f 1973/1/927 1970/1/927 1971/1/927 1974/1/927
f 1975/1/928 1972/1/928 1970/1/928 1973/1/928
f 1959/1/929 1976/1/929 1973/1/929 1974/1/929
f 1976/1/930 1977/1/930 1975/1/930 1973/1/930
f 1961/1/931 1978/1/931 1977/1/931 1976/1/931
f 1978/1/111 1966/1/111 1969/1/111 1977/1/111
f 1977/1/111 1969/1/111 1972/1/111 1975/1/111
f 1978/1/932 1961/1/932 1980/1/932 1979/1/932
f 1979/1/111 1982/1/111 1966/1/111 1978/1/111
f 1979/1/933 1980/1/933 1998/1/933 1981/1/933
f 1981/1/111 1983/1/111 1982/1/111 1979/1/111
f 1982/1/934 1983/1/934 1984/1/934 1967/1/934
f 1983/1/935 1985/1/935 1986/1/935 1984/1/935
f 1988/1/111 1985/1/111 1983/1/111 1981/1/111
f 1985/1/936 1987/1/936 1992/1/936 1986/1/936
f 1990/1/111 1987/1/111 1985/1/111 1988/1/111
f 1981/1/937 1998/1/937 1989/1/937 1988/1/937
f 1988/1/938 1989/1/938 1991/1/938 1990/1/938
f 1990/1/939 1991/1/939 2035/1/939 2034/1/939
f 2034/1/111 2036/1/111 1987/1/111 1990/1/111
f 1987/1/940 2036/1/940 2037/1/940 1992/1/940
f 1992/1/941 2037/1/941 2038/1/941 1993/1/941
f 1986/1/942 1992/1/942 1993/1/942 1994/1/942
f 1996/1/113 1994/1/113 1993/1/113 1995/1/113
f 1995/1/113 1993/1/113 2038/1/113 2044/1/113
f 1989/1/943 1996/1/943 1995/1/943 1991/1/943
f 1991/1/944 1995/1/944 2044/1/944 2035/1/944
f 1997/1/113 1999/1/113 1994/1/113 1996/1/113
f 1998/1/945 1997/1/945 1996/1/945 1989/1/945
f 1960/1/113 1964/1/113 1999/1/113 1997/1/113
f 1980/1/946 1960/1/946 1997/1/946 1998/1/946
f 1967/1/947 1984/1/947 1999/1/947 1964/1/947
f 1984/1/948 1986/1/948 1994/1/948 1999/1/948
f 1974/1/113 1971/1/113 1963/1/113 1959/1/113
f 2001/1/113 2000/1/113 2004/1/113 2005/1/113
f 2000/1/949 2001/1/949 2018/1/949 2003/1/949
f 2000/1/113 2002/1/113 2006/1/113 2004/1/113
f 2003/1/950 2022/1/950 2002/1/950 2000/1/950
f 2004/1/951 2007/1/951 2010/1/951 2005/1/951
f 2007/1/952 2004/1/952 2006/1/952 2009/1/952
f 2008/1/953 2007/1/953 2009/1/953 2024/1/953
f 2007/1/954 2008/1/954 2011/1/954 2010/1/954
f 2005/1/955 2010/1/955 2012/1/955 2013/1/955
f 2010/1/956 2011/1/956 2014/1/956 2012/1/956
f 2015/1/957 2016/1/957 2013/1/957 2012/1/957
f 2017/1/958 2015/1/958 2012/1/958 2014/1/958
f 2001/1/959 2016/1/959 2015/1/959 2018/1/959
f 2018/1/960 2015/1/960 2017/1/960 2019/1/960
f 2003/1/961 2018/1/961 2019/1/961 2020/1/961
f 2020/1/111 2019/1/111 2011/1/111 2008/1/111
f 2019/1/111 2017/1/111 2014/1/111 2011/1/111
f 2020/1/962 2021/1/962 2022/1/962 2003/1/962
f 2021/1/111 2020/1/111 2008/1/111 2024/1/111
f 2021/1/963 2023/1/963 2046/1/963 2022/1/963
f 2023/1/111 2021/1/111 2024/1/111 2025/1/111
f 2024/1/964 2009/1/964 2026/1/964 2025/1/964
f 2025/1/965 2026/1/965 2028/1/965 2027/1/965
f 2030/1/111 2023/1/111 2025/1/111 2027/1/111
f 2027/1/966 2028/1/966 2039/1/966 2029/1/966
f 2032/1/111 2030/1/111 2027/1/111 2029/1/111
f 2023/1/967 2030/1/967 2031/1/967 2046/1/967
f 2030/1/968 2032/1/968 2033/1/968 2031/1/968
f 2032/1/969 2034/1/969 2035/1/969 2033/1/969
f 2034/1/111 2032/1/111 2029/1/111 2036/1/111
f 2029/1/970 2039/1/970 2037/1/970 2036/1/970
f 2039/1/971 2040/1/971 2038/1/971 2037/1/971
f 2028/1/972 2041/1/972 2040/1/972 2039/1/972
f 2043/1/113 2042/1/113 2040/1/113 2041/1/113
f 2042/1/113 2044/1/113 2038/1/113 2040/1/113
f 2031/1/973 2033/1/973 2042/1/973 2043/1/973
f 2033/1/974 2035/1/974 2044/1/974 2042/1/974
f 2045/1/113 2043/1/113 2041/1/113 2047/1/113
f 2046/1/975 2031/1/975 2043/1/975 2045/1/975
f 2002/1/113 2045/1/113 2047/1/113 2006/1/113
f 2022/1/976 2046/1/976 2045/1/976 2002/1/976
f 2009/1/977 2006/1/977 2047/1/977 2026/1/977
f 2026/1/978 2047/1/978 2041/1/978 2028/1/978
f 2016/1/113 2001/1/113 2005/1/113 2013/1/113
f 2049/1/111 2053/1/111 2052/1/111 2048/1/111
f 2048/1/979 2051/1/979 2066/1/979 2049/1/979
f 2048/1/111 2052/1/111 2054/1/111 2050/1/111
f 2051/1/980 2048/1/980 2050/1/980 2070/1/980
f 2052/1/981 2053/1/981 2058/1/981 2055/1/981
f 2055/1/982 2057/1/982 2054/1/982 2052/1/982
f 2056/1/983 2072/1/983 2057/1/983 2055/1/983
f 2055/1/984 2058/1/984 2059/1/984 2056/1/984
f 2053/1/985 2061/1/985 2060/1/985 2058/1/985
f 2058/1/986 2060/1/986 2062/1/986 2059/1/986
f 2063/1/987 2060/1/987 2061/1/987 2064/1/987
f 2065/1/988 2062/1/988 2060/1/988 2063/1/988
f 2049/1/989 2066/1/989 2063/1/989 2064/1/989
f 2066/1/990 2067/1/990 2065/1/990 2063/1/990
f 2051/1/991 2068/1/991 2067/1/991 2066/1/991
f 2068/1/113 2056/1/113 2059/1/113 2067/1/113
f 2067/1/113 2059/1/113 2062/1/113 2065/1/113
f 2068/1/992 2051/1/992 2070/1/992 2069/1/992
f 2069/1/113 2072/1/113 2056/1/113 2068/1/113
f 2069/1/993 2070/1/993 2088/1/993 2071/1/993
f 2071/1/113 2073/1/113 2072/1/113 2069/1/113
f 2072/1/994 2073/1/994 2074/1/994 2057/1/994
f 2073/1/995 2075/1/995 2076/1/995 2074/1/995
f 2078/1/113 2075/1/113 2073/1/113 2071/1/113
f 2075/1/996 2077/1/996 2082/1/996 2076/1/996
f 2080/1/113 2077/1/113 2075/1/113 2078/1/113
f 2071/1/997 2088/1/997 2079/1/997 2078/1/997
f 2078/1/998 2079/1/998 2081/1/998 2080/1/998
f 2080/1/999 2081/1/999 2125/1/999 2124/1/999
f 2124/1/113 2126/1/113 2077/1/113 2080/1/113
f 2077/1/1000 2126/1/1000 2127/1/1000 2082/1/1000
f 2082/1/1001 2127/1/1001 2128/1/1001 2083/1/1001
f 2076/1/1002 2082/1/1002 2083/1/1002 2084/1/1002
f 2086/1/111 2084/1/111 2083/1/111 2085/1/111
f 2085/1/111 2083/1/111 2128/1/111 2134/1/111
f 2079/1/1003 2086/1/1003 2085/1/1003 2081/1/1003
f 2081/1/1004 2085/1/1004 2134/1/1004 2125/1/1004
f 2087/1/111 2089/1/111 2084/1/111 2086/1/111
f 2088/1/1005 2087/1/1005 2086/1/1005 2079/1/1005
f 2050/1/111 2054/1/111 2089/1/111 2087/1/111
f 2070/1/1006 2050/1/1006 2087/1/1006 2088/1/1006
f 2057/1/1007 2074/1/1007 2089/1/1007 2054/1/1007
f 2074/1/1008 2076/1/1008 2084/1/1008 2089/1/1008
f 2064/1/111 2061/1/111 2053/1/111 2049/1/111
f 2091/1/111 2090/1/111 2094/1/111 2095/1/111
f 2090/1/1009 2091/1/1009 2108/1/1009 2093/1/1009
f 2090/1/111 2092/1/111 2096/1/111 2094/1/111
f 2093/1/1010 2112/1/1010 2092/1/1010 2090/1/1010
f 2094/1/1011 2097/1/1011 2100/1/1011 2095/1/1011
f 2097/1/1012 2094/1/1012 2096/1/1012 2099/1/1012
f 2098/1/1013 2097/1/1013 2099/1/1013 2114/1/1013
f 2097/1/1014 2098/1/1014 2101/1/1014 2100/1/1014
f 2095/1/1015 2100/1/1015 2102/1/1015 2103/1/1015
f 2100/1/1016 2101/1/1016 2104/1/1016 2102/1/1016
f 2105/1/1017 2106/1/1017 2103/1/1017 2102/1/1017
f 2107/1/1018 2105/1/1018 2102/1/1018 2104/1/1018
f 2091/1/1019 2106/1/1019 2105/1/1019 2108/1/1019
f 2108/1/1020 2105/1/1020 2107/1/1020 2109/1/1020
f 2093/1/1021 2108/1/1021 2109/1/1021 2110/1/1021
f 2110/1/113 2109/1/113 2101/1/113 2098/1/113
f 2109/1/113 2107/1/113 2104/1/113 2101/1/113
f 2110/1/1022 2111/1/1022 2112/1/1022 2093/1/1022
f 2111/1/113 2110/1/113 2098/1/113 2114/1/113
f 2111/1/1023 2113/1/1023 2136/1/1023 2112/1/1023
f 2113/1/113 2111/1/113 2114/1/113 2115/1/113
f 2114/1/1024 2099/1/1024 2116/1/1024 2115/1/1024
f 2115/1/1025 2116/1/1025 2118/1/1025 2117/1/1025
f 2120/1/113 2113/1/113 2115/1/113 2117/1/113
f 2117/1/1026 2118/1/1026 2129/1/1026 2119/1/1026
f 2122/1/113 2120/1/113 2117/1/113 2119/1/113
f 2113/1/1027 2120/1/1027 2121/1/1027 2136/1/1027
f 2120/1/1028 2122/1/1028 2123/1/1028 2121/1/1028
f 2122/1/1029 2124/1/1029 2125/1/1029 2123/1/1029
f 2124/1/113 2122/1/113 2119/1/113 2126/1/113
f 2119/1/1030 2129/1/1030 2127/1/1030 2126/1/1030
f 2129/1/1031 2130/1/1031 2128/1/1031 2127/1/1031
f 2118/1/1032 2131/1/1032 2130/1/1032 2129/1/1032
f 2133/1/111 2132/1/111 2130/1/111 2131/1/111
f 2132/1/111 2134/1/111 2128/1/111 2130/1/111
f 2121/1/1033 2123/1/1033 2132/1/1033 2133/1/1033
f 2123/1/1034 2125/1/1034 2134/1/1034 2132/1/1034
f 2135/1/111 2133/1/111 2131/1/111 2137/1/111
f 2136/1/1035 2121/1/1035 2133/1/1035 2135/1/1035
f 2092/1/111 2135/1/111 2137/1/111 2096/1/111
f 2112/1/1036 2136/1/1036 2135/1/1036 2092/1/1036
f 2099/1/1037 2096/1/1037 2137/1/1037 2116/1/1037
f 2116/1/1038 2137/1/1038 2131/1/1038 2118/1/1038
f 2106/1/111 2091/1/111 2095/1/111 2103/1/111
f 2138/1/463 2139/1/463 2142/1/463 2141/1/463
f 2140/1/462 2138/1/462 2141/1/462 2143/1/462
f 2145/1/114 2144/1/114 2141/1/114 2142/1/114
f 2144/1/114 2146/1/114 2143/1/114 2141/1/114
f 2144/2/1039 2145/2/1039 2148/2/1039 2147/2/1039
f 2146/2/464 2144/2/464 2147/2/464 2149/2/464
f 2147/2/467 2148/2/467 2151/2/467 2150/2/467
f 2149/2/466 2147/2/466 2150/2/466 2152/2/466
f 2151/2/114 2173/2/114 2172/2/114 2171/2/114 2154/2/114 2153/2/114 2152/2/114 2150/2/114
f 2155/2/481 2149/2/481 2152/2/481 2153/2/481
f 2156/2/480 2155/2/480 2153/2/480 2154/2/480
f 2158/2/483 2157/2/483 2155/2/483 2156/2/483
f 2157/2/482 2146/2/482 2149/2/482 2155/2/482
f 2157/1/114 2158/1/114 2160/1/114 2159/1/114
f 2146/1/114 2157/1/114 2159/1/114 2143/1/114
f 2162/1/485 2161/1/485 2159/1/485 2160/1/485
f 2161/1/484 2140/1/484 2143/1/484 2159/1/484
f 2163/1/475 2162/1/475 2160/1/475 2165/1/475
f 2164/1/474 2163/1/474 2165/1/474 2166/1/474
f 2167/1/114 2168/1/114 2166/1/114 2165/1/114
f 2158/1/114 2167/1/114 2165/1/114 2160/1/114
f 2168/2/477 2167/2/477 2169/2/477 2170/2/477
f 2167/2/476 2158/2/476 2156/2/476 2169/2/476
f 2170/2/479 2169/2/479 2171/2/479 2172/2/479
f 2169/2/478 2156/2/478 2154/2/478 2171/2/478
f 2174/2/469 2170/2/469 2172/2/469 2173/2/469
f 2148/2/468 2174/2/468 2173/2/468 2151/2/468
f 2145/2/1040 2175/2/1040 2174/2/1040 2148/2/1040
f 2175/2/470 2168/2/470 2170/2/470 2174/2/470
f 2175/1/114 2145/1/114 2142/1/114 2176/1/114
f 2168/1/114 2175/1/114 2176/1/114 2166/1/114
f 2139/1/473 2177/1/473 2176/1/473 2142/1/473
f 2177/1/472 2164/1/472 2166/1/472 2176/1/472
f 2179/1/1041 2184/1/1041 2182/1/1041 2178/1/1041
f 2178/1/1042 2181/1/1042 2202/1/1042 2179/1/1042
f 2178/1/1043 2182/1/1043 2185/1/1043 2180/1/1043
f 2180/1/1044 2191/1/1044 2181/1/1044 2178/1/1044
f 2182/1/1045 2184/1/1045 2365/1/1045 2183/1/1045
f 2185/1/1046 2182/1/1046 2183/1/1046 2186/1/1046
f 2180/1/1047 2185/1/1047 2186/1/1047 2187/1/1047
f 2187/1/1048 2186/1/1048 2183/1/1048 2188/1/1048
f 2188/1/1049 2190/1/1049 2189/1/1049 2187/1/1049
f 2187/1/1050 2189/1/1050 2191/1/1050 2180/1/1050
f 2190/1/1051 2193/1/1051 2192/1/1051 2189/1/1051
f 2189/1/111 2192/1/111 2194/1/111 2191/1/111
f 2191/1/111 2194/1/111 2195/1/111 2197/1/111
f 2197/1/111 2195/1/111 2196/1/111 2217/1/111
f 2201/1/113 2198/1/113 2199/1/113 2202/1/113
f 2203/1/113 2200/1/113 2198/1/113 2201/1/113
f 2202/1/1052 2181/1/1052 2204/1/1052 2201/1/1052
f 2206/1/1053 2203/1/1053 2201/1/1053 2205/1/1053
f 2205/1/1054 2201/1/1054 2204/1/1054 2207/1/1054
f 2205/1/1055 2208/1/1055 2209/1/1055 2206/1/1055
f 2207/1/1056 2210/1/1056 2208/1/1056 2205/1/1056
f 2208/1/1057 2210/1/1057 2211/1/1057 2209/1/1057
f 2211/1/1058 2210/1/1058 2212/1/1058 2213/1/1058
f 2214/1/1059 2212/1/1059 2210/1/1059 2207/1/1059
f 2215/1/1060 2213/1/1060 2212/1/1060 2214/1/1060
f 2214/1/1061 2197/1/1061 2217/1/1061 2215/1/1061
f 2207/1/1062 2204/1/1062 2197/1/1062 2214/1/1062
f 2215/1/1063 2217/1/1063 2219/1/1063 2216/1/1063
f 2216/1/1064 2211/1/1064 2213/1/1064 2215/1/1064
f 2220/1/1065 2219/1/1065 2217/1/1065 2218/1/1065
f 2217/1/111 2196/1/111 2242/1/111 2218/1/111
f 2203/1/1066 2219/1/1066 2220/1/1066 2221/1/1066
f 2216/1/1067 2219/1/1067 2203/1/1067 2206/1/1067
f 2222/1/1068 2220/1/1068 2218/1/1068 2223/1/1068
f 2224/1/1069 2221/1/1069 2220/1/1069 2222/1/1069
f 2223/1/1070 2227/1/1070 2225/1/1070 2222/1/1070
f 2222/1/1071 2225/1/1071 2228/1/1071 2224/1/1071
f 2228/1/1072 2225/1/1072 2226/1/1072 2229/1/1072
f 2226/1/1073 2225/1/1073 2227/1/1073 2241/1/1073
f 2224/1/1055 2228/1/1055 2229/1/1055 2230/1/1055
f 2230/1/1074 2229/1/1074 2226/1/1074 2231/1/1074
f 2230/1/1075 2232/1/1075 2221/1/1075 2224/1/1075
f 2231/1/1076 2235/1/1076 2232/1/1076 2230/1/1076
f 2232/1/113 2234/1/113 2361/1/113 2221/1/113
f 2232/1/1077 2235/1/1077 2236/1/1077 2233/1/1077
f 2233/1/113 2244/1/113 2234/1/113 2232/1/113
f 2236/1/1078 2235/1/1078 2237/1/1078 2238/1/1078
f 2240/1/1079 2237/1/1079 2235/1/1079 2231/1/1079
f 2223/1/1080 2218/1/1080 2237/1/1080 2240/1/1080
f 2218/1/111 2242/1/111 2239/1/111 2237/1/111
f 2237/1/111 2239/1/111 2243/1/111 2238/1/111
f 2240/1/1060 2241/1/1060 2227/1/1060 2223/1/1060
f 2231/1/1081 2226/1/1081 2241/1/1081 2240/1/1081
f 2247/1/113 2245/1/113 2244/1/113 2233/1/113
f 2248/1/113 2246/1/113 2245/1/113 2247/1/113
f 2250/1/1082 2247/1/1082 2233/1/1082 2251/1/1082
f 2247/1/1083 2249/1/1083 2283/1/1083 2248/1/1083
f 2252/1/1084 2249/1/1084 2247/1/1084 2250/1/1084
f 2251/1/1055 2254/1/1055 2253/1/1055 2250/1/1055
f 2250/1/1085 2253/1/1085 2255/1/1085 2252/1/1085
f 2254/1/1086 2256/1/1086 2255/1/1086 2253/1/1086
f 2252/1/1087 2255/1/1087 2257/1/1087 2258/1/1087
f 2255/1/1088 2256/1/1088 2259/1/1088 2257/1/1088
f 2258/1/1060 2257/1/1060 2259/1/1060 2260/1/1060
f 2260/1/1089 2259/1/1089 2256/1/1089 2261/1/1089
f 2260/1/1090 2238/1/1090 2262/1/1090 2258/1/1090
f 2261/1/1091 2236/1/1091 2238/1/1091 2260/1/1091
f 2261/1/1092 2256/1/1092 2254/1/1092 2251/1/1092
f 2251/1/1093 2233/1/1093 2236/1/1093 2261/1/1093
f 2258/1/1094 2262/1/1094 2249/1/1094 2252/1/1094
f 2238/1/111 2243/1/111 2264/1/111 2262/1/111
f 2283/1/1095 2249/1/1095 2262/1/1095 2263/1/1095
f 2262/1/111 2264/1/111 2265/1/111 2263/1/111
f 2263/1/111 2265/1/111 2266/1/111 2285/1/111
f 2269/1/113 2267/1/113 2246/1/113 2248/1/113
f 2270/1/113 2268/1/113 2267/1/113 2269/1/113
f 2272/1/1096 2269/1/1096 2248/1/1096 2274/1/1096
f 2269/1/1097 2271/1/1097 2289/1/1097 2270/1/1097
f 2275/1/1098 2271/1/1098 2269/1/1098 2272/1/1098
f 2272/1/1099 2273/1/1099 2277/1/1099 2275/1/1099
f 2274/1/1055 2284/1/1055 2273/1/1055 2272/1/1055
f 2275/1/1100 2277/1/1100 2279/1/1100 2276/1/1100
f 2276/1/1101 2285/1/1101 2271/1/1101 2275/1/1101
f 2284/1/1102 2278/1/1102 2277/1/1102 2273/1/1102
f 2277/1/1103 2278/1/1103 2280/1/1103 2279/1/1103
f 2276/1/1060 2279/1/1060 2280/1/1060 2281/1/1060
f 2281/1/1104 2280/1/1104 2278/1/1104 2282/1/1104
f 2281/1/1105 2263/1/1105 2285/1/1105 2276/1/1105
f 2282/1/1106 2283/1/1106 2263/1/1106 2281/1/1106
f 2282/1/1107 2278/1/1107 2284/1/1107 2274/1/1107
f 2274/1/1108 2248/1/1108 2283/1/1108 2282/1/1108
f 2289/1/1109 2271/1/1109 2285/1/1109 2286/1/1109
f 2285/1/111 2266/1/111 2288/1/111 2286/1/111
f 2290/1/1110 2286/1/1110 2287/1/1110 2291/1/1110
f 2286/1/111 2288/1/111 2360/1/111 2287/1/111
f 2292/1/1111 2289/1/1111 2286/1/1111 2290/1/1111
f 2291/1/1060 2294/1/1060 2293/1/1060 2290/1/1060
f 2290/1/1112 2293/1/1112 2295/1/1112 2292/1/1112
f 2296/1/1113 2295/1/1113 2293/1/1113 2294/1/1113
f 2292/1/1114 2295/1/1114 2297/1/1114 2298/1/1114
f 2297/1/1115 2295/1/1115 2296/1/1115 2299/1/1115
f 2298/1/1055 2297/1/1055 2299/1/1055 2300/1/1055
f 2300/1/1116 2299/1/1116 2296/1/1116 2301/1/1116
f 2300/1/1117 2302/1/1117 2270/1/1117 2298/1/1117
f 2301/1/1118 2305/1/1118 2302/1/1118 2300/1/1118
f 2302/1/113 2304/1/113 2268/1/113 2270/1/113
f 2302/1/1119 2305/1/1119 2306/1/1119 2303/1/1119
f 2303/1/113 2359/1/113 2304/1/113 2302/1/113
f 2306/1/1120 2305/1/1120 2287/1/1120 2307/1/1120
f 2291/1/1121 2287/1/1121 2305/1/1121 2301/1/1121
f 2308/1/1122 2306/1/1122 2307/1/1122 2309/1/1122
f 2310/1/1123 2303/1/1123 2306/1/1123 2308/1/1123
f 2309/1/1124 2313/1/1124 2311/1/1124 2308/1/1124
f 2308/1/1125 2311/1/1125 2314/1/1125 2310/1/1125
f 2314/1/1126 2311/1/1126 2312/1/1126 2315/1/1126
f 2312/1/1127 2311/1/1127 2313/1/1127 2327/1/1127
f 2310/1/1055 2314/1/1055 2315/1/1055 2316/1/1055
f 2316/1/1128 2315/1/1128 2312/1/1128 2317/1/1128
f 2316/1/1129 2318/1/1129 2303/1/1129 2310/1/1129
f 2317/1/1130 2321/1/1130 2318/1/1130 2316/1/1130
f 2318/1/113 2320/1/113 2359/1/113 2303/1/113
f 2318/1/1131 2321/1/1131 2322/1/1131 2319/1/1131
f 2319/1/113 2330/1/113 2320/1/113 2318/1/113
f 2322/1/1132 2321/1/1132 2323/1/1132 2324/1/1132
f 2326/1/1133 2323/1/1133 2321/1/1133 2317/1/1133
f 2309/1/1134 2307/1/1134 2323/1/1134 2326/1/1134
f 2307/1/111 2328/1/111 2325/1/111 2323/1/111
f 2323/1/111 2325/1/111 2329/1/111 2324/1/111
f 2326/1/1060 2327/1/1060 2313/1/1060 2309/1/1060
f 2317/1/1135 2312/1/1135 2327/1/1135 2326/1/1135
f 2333/1/113 2331/1/113 2330/1/113 2319/1/113
f 2334/1/113 2332/1/113 2331/1/113 2333/1/113
f 2336/1/1136 2333/1/1136 2319/1/1136 2337/1/1136
f 2333/1/1137 2335/1/1137 2357/1/1137 2334/1/1137
f 2338/1/1138 2335/1/1138 2333/1/1138 2336/1/1138
f 2337/1/1055 2340/1/1055 2339/1/1055 2336/1/1055
f 2336/1/1139 2339/1/1139 2341/1/1139 2338/1/1139
f 2340/1/1140 2342/1/1140 2341/1/1140 2339/1/1140
f 2341/1/1141 2342/1/1141 2344/1/1141 2343/1/1141
f 2338/1/1142 2341/1/1142 2343/1/1142 2345/1/1142
f 2345/1/1060 2343/1/1060 2344/1/1060 2346/1/1060
f 2346/1/1143 2324/1/1143 2347/1/1143 2345/1/1143
f 2345/1/1144 2347/1/1144 2335/1/1144 2338/1/1144
f 2324/1/111 2329/1/111 2349/1/111 2347/1/111
f 2357/1/1145 2335/1/1145 2347/1/1145 2348/1/1145
f 2347/1/111 2349/1/111 2350/1/111 2348/1/111
f 2348/1/111 2350/1/111 2539/1/111 2553/1/111
f 2541/1/113 2540/1/113 2332/1/113 2334/1/113
f 2542/1/1146 2541/1/1146 2334/1/1146 2351/1/1146
f 2351/1/1147 2353/1/1147 2543/1/1147 2542/1/1147
f 2352/1/1148 2354/1/1148 2353/1/1148 2351/1/1148
f 2351/1/1149 2334/1/1149 2357/1/1149 2352/1/1149
f 2353/1/1150 2354/1/1150 2548/1/1150 2543/1/1150
f 2548/1/1151 2354/1/1151 2355/1/1151 2550/1/1151
f 2356/1/1152 2355/1/1152 2354/1/1152 2352/1/1152
f 2552/1/1153 2550/1/1153 2355/1/1153 2356/1/1153
f 2356/1/1154 2348/1/1154 2553/1/1154 2552/1/1154
f 2352/1/1155 2357/1/1155 2348/1/1155 2356/1/1155
f 2346/1/1156 2344/1/1156 2342/1/1156 2358/1/1156
f 2358/1/1157 2322/1/1157 2324/1/1157 2346/1/1157
f 2358/1/1158 2342/1/1158 2340/1/1158 2337/1/1158
f 2337/1/1159 2319/1/1159 2322/1/1159 2358/1/1159
f 2287/1/111 2360/1/111 2328/1/111 2307/1/111
f 2301/1/1160 2296/1/1160 2294/1/1160 2291/1/1160
f 2298/1/1161 2270/1/1161 2289/1/1161 2292/1/1161
f 2221/1/113 2361/1/113 2200/1/113 2203/1/113
f 2206/1/1162 2209/1/1162 2211/1/1162 2216/1/1162
f 2204/1/1163 2181/1/1163 2191/1/1163 2197/1/1163
f 2179/1/1164 2202/1/1164 2362/1/1164 2364/1/1164
f 2202/1/113 2199/1/113 2363/1/113 2362/1/113
f 2364/1/1165 2362/1/1165 2190/1/1165 2188/1/1165
f 2362/1/1166 2363/1/1166 2193/1/1166 2190/1/1166
f 2188/1/1167 2183/1/1167 2365/1/1167 2364/1/1167
f 2364/1/1168 2365/1/1168 2184/1/1168 2179/1/1168
f 2367/1/1169 2366/1/1169 2370/1/1169 2372/1/1169
f 2366/1/1170 2367/1/1170 2390/1/1170 2369/1/1170
f 2366/1/1171 2368/1/1171 2373/1/1171 2370/1/1171
f 2368/1/1172 2366/1/1172 2369/1/1172 2379/1/1172
f 2370/1/1173 2371/1/1173 2562/1/1173 2372/1/1173
f 2373/1/1174 2374/1/1174 2371/1/1174 2370/1/1174
f 2368/1/1175 2375/1/1175 2374/1/1175 2373/1/1175
f 2375/1/1176 2376/1/1176 2371/1/1176 2374/1/1176
f 2376/1/1177 2375/1/1177 2377/1/1177 2378/1/1177
f 2375/1/1178 2368/1/1178 2379/1/1178 2377/1/1178
f 2378/1/1179 2377/1/1179 2380/1/1179 2381/1/1179
f 2377/1/111 2379/1/111 2382/1/111 2380/1/111
f 2379/1/111 2385/1/111 2383/1/111 2382/1/111
f 2385/1/111 2405/1/111 2384/1/111 2383/1/111
f 2389/1/113 2390/1/113 2387/1/113 2386/1/113
f 2391/1/113 2389/1/113 2386/1/113 2388/1/113
f 2390/1/1180 2389/1/1180 2392/1/1180 2369/1/1180
f 2394/1/1181 2393/1/1181 2389/1/1181 2391/1/1181
f 2393/1/1182 2395/1/1182 2392/1/1182 2389/1/1182
f 2393/1/1183 2394/1/1183 2397/1/1183 2396/1/1183
f 2395/1/1184 2393/1/1184 2396/1/1184 2398/1/1184
f 2396/1/1185 2397/1/1185 2399/1/1185 2398/1/1185
f 2399/1/1186 2401/1/1186 2400/1/1186 2398/1/1186
f 2402/1/1187 2395/1/1187 2398/1/1187 2400/1/1187
f 2403/1/1188 2402/1/1188 2400/1/1188 2401/1/1188
f 2402/1/1189 2403/1/1189 2405/1/1189 2385/1/1189
f 2395/1/1190 2402/1/1190 2385/1/1190 2392/1/1190
f 2403/1/1191 2404/1/1191 2407/1/1191 2405/1/1191
f 2404/1/1192 2403/1/1192 2401/1/1192 2399/1/1192
f 2408/1/1193 2406/1/1193 2405/1/1193 2407/1/1193
f 2405/1/111 2406/1/111 2430/1/111 2384/1/111
f 2391/1/1194 2409/1/1194 2408/1/1194 2407/1/1194
f 2404/1/1195 2394/1/1195 2391/1/1195 2407/1/1195
f 2410/1/1196 2411/1/1196 2406/1/1196 2408/1/1196
f 2412/1/1197 2410/1/1197 2408/1/1197 2409/1/1197
f 2411/1/1198 2410/1/1198 2413/1/1198 2415/1/1198
f 2410/1/1199 2412/1/1199 2416/1/1199 2413/1/1199
f 2416/1/1200 2417/1/1200 2414/1/1200 2413/1/1200
f 2414/1/1201 2429/1/1201 2415/1/1201 2413/1/1201
f 2412/1/1183 2418/1/1183 2417/1/1183 2416/1/1183
f 2418/1/1202 2419/1/1202 2414/1/1202 2417/1/1202
f 2418/1/1203 2412/1/1203 2409/1/1203 2420/1/1203
f 2419/1/1204 2418/1/1204 2420/1/1204 2423/1/1204
f 2420/1/113 2409/1/113 2558/1/113 2422/1/113
f 2420/1/1205 2421/1/1205 2424/1/1205 2423/1/1205
f 2421/1/113 2420/1/113 2422/1/113 2432/1/113
f 2424/1/1206 2426/1/1206 2425/1/1206 2423/1/1206
f 2428/1/1207 2419/1/1207 2423/1/1207 2425/1/1207
f 2411/1/1208 2428/1/1208 2425/1/1208 2406/1/1208
f 2406/1/111 2425/1/111 2427/1/111 2430/1/111
f 2425/1/111 2426/1/111 2431/1/111 2427/1/111
f 2428/1/1188 2411/1/1188 2415/1/1188 2429/1/1188
f 2419/1/1209 2428/1/1209 2429/1/1209 2414/1/1209
f 2435/1/113 2421/1/113 2432/1/113 2433/1/113
f 2436/1/113 2435/1/113 2433/1/113 2434/1/113
f 2438/1/1210 2439/1/1210 2421/1/1210 2435/1/1210
f 2435/1/1211 2436/1/1211 2471/1/1211 2437/1/1211
f 2440/1/1212 2438/1/1212 2435/1/1212 2437/1/1212
f 2439/1/1183 2438/1/1183 2441/1/1183 2442/1/1183
f 2438/1/1213 2440/1/1213 2443/1/1213 2441/1/1213
f 2442/1/1214 2441/1/1214 2443/1/1214 2444/1/1214
f 2440/1/1215 2446/1/1215 2445/1/1215 2443/1/1215
f 2443/1/1216 2445/1/1216 2447/1/1216 2444/1/1216
f 2446/1/1188 2448/1/1188 2447/1/1188 2445/1/1188
f 2448/1/1217 2449/1/1217 2444/1/1217 2447/1/1217
f 2448/1/1218 2446/1/1218 2450/1/1218 2426/1/1218
f 2449/1/1219 2448/1/1219 2426/1/1219 2424/1/1219
f 2449/1/1220 2439/1/1220 2442/1/1220 2444/1/1220
f 2439/1/1221 2449/1/1221 2424/1/1221 2421/1/1221
f 2446/1/1222 2440/1/1222 2437/1/1222 2450/1/1222
f 2426/1/111 2450/1/111 2452/1/111 2431/1/111
f 2471/1/1223 2451/1/1223 2450/1/1223 2437/1/1223
f 2450/1/111 2451/1/111 2453/1/111 2452/1/111
f 2451/1/111 2473/1/111 2454/1/111 2453/1/111
f 2457/1/113 2436/1/113 2434/1/113 2455/1/113
f 2458/1/113 2457/1/113 2455/1/113 2456/1/113
f 2460/1/1224 2462/1/1224 2436/1/1224 2457/1/1224
f 2457/1/1225 2458/1/1225 2477/1/1225 2459/1/1225
f 2463/1/1226 2460/1/1226 2457/1/1226 2459/1/1226
f 2460/1/1227 2463/1/1227 2465/1/1227 2461/1/1227
f 2462/1/1183 2460/1/1183 2461/1/1183 2472/1/1183
f 2463/1/1228 2464/1/1228 2467/1/1228 2465/1/1228
f 2464/1/1229 2463/1/1229 2459/1/1229 2473/1/1229
f 2472/1/1230 2461/1/1230 2465/1/1230 2466/1/1230
f 2465/1/1231 2467/1/1231 2468/1/1231 2466/1/1231
f 2464/1/1188 2469/1/1188 2468/1/1188 2467/1/1188
f 2469/1/1232 2470/1/1232 2466/1/1232 2468/1/1232
f 2469/1/1233 2464/1/1233 2473/1/1233 2451/1/1233
f 2470/1/1234 2469/1/1234 2451/1/1234 2471/1/1234
f 2470/1/1235 2462/1/1235 2472/1/1235 2466/1/1235
f 2462/1/1236 2470/1/1236 2471/1/1236 2436/1/1236
f 2477/1/1237 2474/1/1237 2473/1/1237 2459/1/1237
f 2473/1/111 2474/1/111 2476/1/111 2454/1/111
f 2478/1/1238 2479/1/1238 2475/1/1238 2474/1/1238
f 2474/1/111 2475/1/111 2557/1/111 2476/1/111
f 2480/1/1239 2478/1/1239 2474/1/1239 2477/1/1239
f 2479/1/1188 2478/1/1188 2481/1/1188 2482/1/1188
f 2478/1/1240 2480/1/1240 2483/1/1240 2481/1/1240
f 2484/1/1241 2482/1/1241 2481/1/1241 2483/1/1241
f 2480/1/1242 2486/1/1242 2485/1/1242 2483/1/1242
f 2485/1/1243 2487/1/1243 2484/1/1243 2483/1/1243
f 2486/1/1183 2488/1/1183 2487/1/1183 2485/1/1183
f 2488/1/1244 2489/1/1244 2484/1/1244 2487/1/1244
f 2488/1/1245 2486/1/1245 2458/1/1245 2490/1/1245
f 2489/1/1246 2488/1/1246 2490/1/1246 2493/1/1246
f 2490/1/113 2458/1/113 2456/1/113 2492/1/113
f 2490/1/1247 2491/1/1247 2494/1/1247 2493/1/1247
f 2491/1/113 2490/1/113 2492/1/113 2556/1/113
f 2494/1/1248 2495/1/1248 2475/1/1248 2493/1/1248
f 2479/1/1249 2489/1/1249 2493/1/1249 2475/1/1249
f 2496/1/1250 2497/1/1250 2495/1/1250 2494/1/1250
f 2498/1/1251 2496/1/1251 2494/1/1251 2491/1/1251
f 2497/1/1252 2496/1/1252 2499/1/1252 2501/1/1252
f 2496/1/1253 2498/1/1253 2502/1/1253 2499/1/1253
f 2502/1/1254 2503/1/1254 2500/1/1254 2499/1/1254
f 2500/1/1255 2515/1/1255 2501/1/1255 2499/1/1255
f 2498/1/1183 2504/1/1183 2503/1/1183 2502/1/1183
f 2504/1/1256 2505/1/1256 2500/1/1256 2503/1/1256
f 2504/1/1257 2498/1/1257 2491/1/1257 2506/1/1257
f 2505/1/1258 2504/1/1258 2506/1/1258 2509/1/1258
f 2506/1/113 2491/1/113 2556/1/113 2508/1/113
f 2506/1/1259 2507/1/1259 2510/1/1259 2509/1/1259
f 2507/1/113 2506/1/113 2508/1/113 2518/1/113
f 2510/1/1260 2512/1/1260 2511/1/1260 2509/1/1260
f 2514/1/1261 2505/1/1261 2509/1/1261 2511/1/1261
f 2497/1/1262 2514/1/1262 2511/1/1262 2495/1/1262
f 2495/1/111 2511/1/111 2513/1/111 2516/1/111
f 2511/1/111 2512/1/111 2517/1/111 2513/1/111
f 2514/1/1188 2497/1/1188 2501/1/1188 2515/1/1188
f 2505/1/1263 2514/1/1263 2515/1/1263 2500/1/1263
f 2521/1/113 2507/1/113 2518/1/113 2519/1/113
f 2522/1/113 2521/1/113 2519/1/113 2520/1/113
f 2524/1/1264 2525/1/1264 2507/1/1264 2521/1/1264
f 2521/1/1265 2522/1/1265 2554/1/1265 2523/1/1265
f 2526/1/1266 2524/1/1266 2521/1/1266 2523/1/1266
f 2525/1/1183 2524/1/1183 2527/1/1183 2528/1/1183
f 2524/1/1267 2526/1/1267 2529/1/1267 2527/1/1267
f 2528/1/1268 2527/1/1268 2529/1/1268 2530/1/1268
f 2529/1/1269 2531/1/1269 2532/1/1269 2530/1/1269
f 2526/1/1270 2533/1/1270 2531/1/1270 2529/1/1270
f 2533/1/1188 2534/1/1188 2532/1/1188 2531/1/1188
f 2534/1/1271 2533/1/1271 2535/1/1271 2512/1/1271
f 2533/1/1272 2526/1/1272 2523/1/1272 2535/1/1272
f 2512/1/111 2535/1/111 2537/1/111 2517/1/111
f 2554/1/1273 2536/1/1273 2535/1/1273 2523/1/1273
f 2535/1/111 2536/1/111 2538/1/111 2537/1/111
f 2536/1/111 2553/1/111 2539/1/111 2538/1/111
f 2541/1/113 2522/1/113 2520/1/113 2540/1/113
f 2542/1/1274 2544/1/1274 2522/1/1274 2541/1/1274
f 2544/1/1275 2542/1/1275 2543/1/1275 2546/1/1275
f 2545/1/1276 2544/1/1276 2546/1/1276 2547/1/1276
f 2544/1/1277 2545/1/1277 2554/1/1277 2522/1/1277
f 2546/1/1278 2543/1/1278 2548/1/1278 2547/1/1278
f 2548/1/1279 2550/1/1279 2549/1/1279 2547/1/1279
f 2551/1/1280 2545/1/1280 2547/1/1280 2549/1/1280
f 2552/1/1281 2551/1/1281 2549/1/1281 2550/1/1281
f 2551/1/1282 2552/1/1282 2553/1/1282 2536/1/1282
f 2545/1/1283 2551/1/1283 2536/1/1283 2554/1/1283
f 2534/1/1284 2555/1/1284 2530/1/1284 2532/1/1284
f 2555/1/1285 2534/1/1285 2512/1/1285 2510/1/1285
f 2555/1/1286 2525/1/1286 2528/1/1286 2530/1/1286
f 2525/1/1287 2555/1/1287 2510/1/1287 2507/1/1287
f 2475/1/111 2495/1/111 2516/1/111 2557/1/111
f 2489/1/1288 2479/1/1288 2482/1/1288 2484/1/1288
f 2486/1/1289 2480/1/1289 2477/1/1289 2458/1/1289
f 2409/1/113 2391/1/113 2388/1/113 2558/1/113
f 2394/1/1290 2404/1/1290 2399/1/1290 2397/1/1290
f 2392/1/1291 2385/1/1291 2379/1/1291 2369/1/1291
f 2367/1/1292 2561/1/1292 2559/1/1292 2390/1/1292
f 2390/1/113 2559/1/113 2560/1/113 2387/1/113
f 2561/1/1293 2376/1/1293 2378/1/1293 2559/1/1293
f 2559/1/1294 2378/1/1294 2381/1/1294 2560/1/1294
f 2376/1/1295 2561/1/1295 2562/1/1295 2371/1/1295
f 2561/1/1296 2367/1/1296 2372/1/1296 2562/1/1296
f 2565/5/105 2572/5/105 2564/5/105 2563/5/105
f 2563/5/1297 2564/5/1297 2595/5/1297 2578/5/1297
f 2568/5/105 2565/5/105 2563/5/105 2566/5/105
f 2566/5/1298 2563/5/1298 2578/5/1298 2580/5/1298
f 2567/5/1299 2566/5/1299 2580/5/1299 2589/5/1299
f 2569/5/105 2568/5/105 2566/5/105 2567/5/105
f 2570/5/105 2569/5/105 2567/5/105 2571/5/105
f 2587/5/1300 2584/5/1300 2569/5/1300 2570/5/1300
f 2587/5/1301 2570/5/1301 2571/5/1301 2588/5/1301
f 2588/5/1302 2571/5/1302 2567/5/1302 2589/5/1302
f 2573/5/112 2591/5/112 2592/5/112 2574/5/112
f 2572/5/105 2573/5/105 2574/5/105 2564/5/105
f 2564/5/1303 2574/5/1303 2592/5/1303 2595/5/1303
f 2577/5/1 2575/5/1 2576/5/1 2590/5/1
f 2575/5/1304 2578/5/1304 2595/5/1304 2576/5/1304
f 2582/5/1 2579/5/1 2575/5/1 2577/5/1
f 2579/5/1305 2580/5/1305 2578/5/1305 2575/5/1305
f 2581/5/1306 2589/5/1306 2580/5/1306 2579/5/1306
f 2583/5/1 2581/5/1 2579/5/1 2582/5/1
f 2585/5/1 2586/5/1 2581/5/1 2583/5/1
f 2587/5/1307 2585/5/1307 2583/5/1307 2584/5/1307
f 2587/5/1308 2588/5/1308 2586/5/1308 2585/5/1308
f 2588/5/1309 2589/5/1309 2581/5/1309 2586/5/1309
f 2593/5/112 2594/5/112 2592/5/112 2591/5/112
f 2590/5/1 2576/5/1 2594/5/1 2593/5/1
f 2576/5/1310 2595/5/1310 2592/5/1310 2594/5/1310
f 2596/1/1311 2597/1/1311 2600/1/1311 2599/1/1311
f 2598/1/1312 2596/1/1312 2599/1/1312 2601/1/1312
f 2599/1/1313 2600/1/1313 2602/1/1313 2601/1/1313
f 2604/1/1314 2598/1/1314 2601/1/1314 2602/1/1314
f 2602/1/1315 2600/1/1315 2611/1/1315 2603/1/1315
f 2605/1/1316 2604/1/1316 2602/1/1316 2603/1/1316
f 2607/1/1317 2605/1/1317 2603/1/1317 2609/1/1317
f 2608/1/1318 2607/1/1318 2609/1/1318 2610/1/1318
f 2603/1/1319 2611/1/1319 2610/1/1319 2609/1/1319
f 2606/1/1320 2608/1/1320 2610/1/1320 2611/1/1320
f 2597/1/1321 2606/1/1321 2611/1/1321 2600/1/1321
f 2612/5/497 2614/5/497 2618/5/497 2616/5/497
f 2615/5/498 2612/5/498 2616/5/498 2619/5/498
f 2622/5/658 2617/5/658 2616/5/658 2618/5/658
f 2617/5/659 2620/5/659 2619/5/659 2616/5/659
f 2621/5/501 2615/5/501 2619/5/501 2620/5/501
f 2613/5/114 2621/5/114 2620/5/114 2617/5/114
f 2636/5/1322 2639/5/1322 2622/5/1322 2618/5/1322
f 2638/5/1323 2636/5/1323 2618/5/1323 2623/5/1323
f 2614/5/504 2634/5/504 2623/5/504 2618/5/504
f 2625/1/505 2624/1/505 2627/1/505 2628/1/505
f 2624/1/506 2626/1/506 2629/1/506 2627/1/506
f 2628/5/662 2627/5/662 2629/5/662 2630/5/662
f 2626/1/508 2631/1/508 2630/1/508 2629/1/508
f 2631/1/112 2625/1/112 2628/1/112 2630/1/112
f 2637/5/1324 2638/5/1324 2623/5/1324 2632/5/1324
f 2639/5/1325 2637/5/1325 2632/5/1325 2622/5/1325
f 2634/5/511 2633/5/511 2632/5/511 2623/5/511
f 2633/5/114 2635/5/114 2622/5/114 2632/5/114
f 2635/5/114 2613/5/114 2617/5/114 2622/5/114
f 2625/1/1326 2631/1/1326 2637/1/1326 2639/1/1326
f 2631/1/1327 2626/1/1327 2638/1/1327 2637/1/1327
f 2626/1/1328 2624/1/1328 2636/1/1328 2638/1/1328
f 2624/1/1329 2625/1/1329 2639/1/1329 2636/1/1329
f 2642/5/114 2640/5/114 2644/5/114 2646/5/114
f 2640/5/114 2643/5/114 2647/5/114 2644/5/114
f 2645/5/673 2644/5/673 2647/5/673 2648/5/673
f 2645/5/671 2650/5/671 2646/5/671 2644/5/671
f 2643/5/113 2649/5/113 2648/5/113 2647/5/113
f 2649/5/112 2641/5/112 2645/5/112 2648/5/112
f 2667/5/1330 2664/5/1330 2646/5/1330 2650/5/1330
f 2664/5/1331 2666/5/1331 2651/5/1331 2646/5/1331
f 2662/5/520 2642/5/520 2646/5/520 2651/5/520
f 2652/1/521 2653/1/521 2656/1/521 2655/1/521
f 2654/1/522 2652/1/522 2655/1/522 2657/1/522
f 2655/5/1332 2656/5/1332 2658/5/1332 2657/5/1332
f 2659/1/524 2654/1/524 2657/1/524 2658/1/524
f 2653/1/525 2659/1/525 2658/1/525 2656/1/525
f 2666/5/1333 2665/5/1333 2660/5/1333 2651/5/1333
f 2665/5/1334 2667/5/1334 2650/5/1334 2660/5/1334
f 2661/5/528 2662/5/528 2651/5/528 2660/5/528
f 2663/5/112 2661/5/112 2660/5/112 2650/5/112
f 2641/5/112 2663/5/112 2650/5/112 2645/5/112
f 2659/1/1335 2653/1/1335 2667/1/1335 2665/1/1335
f 2654/1/1336 2659/1/1336 2665/1/1336 2666/1/1336
f 2652/1/1337 2654/1/1337 2666/1/1337 2664/1/1337
f 2653/1/1338 2652/1/1338 2664/1/1338 2667/1/1338
f 2670/1/1339 2668/1/1339 2672/1/1339 2674/1/1339
f 2668/1/1340 2671/1/1340 2675/1/1340 2672/1/1340
f 2677/1/1341 2676/1/1341 2672/1/1341 2673/1/1341
f 2673/1/1342 2672/1/1342 2675/1/1342 2750/1/1342
f 2676/1/1343 2678/1/1343 2674/1/1343 2672/1/1343
f 2676/1/1 2677/1/1 2680/1/1 2679/1/1
f 2678/1/1344 2676/1/1344 2679/1/1344 2681/1/1344
f 2679/1/1345 2680/1/1345 2682/1/1345 2681/1/1345
f 2683/1/105 2678/1/105 2681/1/105 2682/1/105
f 2677/1/1346 2683/1/1346 2682/1/1346 2680/1/1346
f 2683/1/1347 2677/1/1347 2673/1/1347 2684/1/1347
f 2678/1/1348 2683/1/1348 2684/1/1348 2674/1/1348
f 2669/1/1349 2686/1/1349 2684/1/1349 2673/1/1349
f 2674/1/1350 2684/1/1350 2685/1/1350 2691/1/1350
f 2686/1/1349 2687/1/1349 2685/1/1349 2684/1/1349
f 2687/1/1349 2688/1/1349 2701/1/1349 2685/1/1349
f 2690/1/1339 2689/1/1339 2691/1/1339 2692/1/1339
f 2689/1/1339 2670/1/1339 2674/1/1339 2691/1/1339
f 2693/1/1351 2694/1/1351 2692/1/1351 2691/1/1351
f 2695/1/1352 2693/1/1352 2691/1/1352 2685/1/1352
f 2694/1/1344 2693/1/1344 2696/1/1344 2697/1/1344
f 2693/1/1 2695/1/1 2698/1/1 2696/1/1
f 2696/1/1353 2698/1/1353 2699/1/1353 2697/1/1353
f 2695/1/1354 2700/1/1354 2699/1/1354 2698/1/1354
f 2700/1/105 2694/1/105 2697/1/105 2699/1/105
f 2700/1/1355 2695/1/1355 2685/1/1355 2701/1/1355
f 2694/1/1356 2700/1/1356 2701/1/1356 2692/1/1356
f 2692/1/1357 2701/1/1357 2702/1/1357 2705/1/1357
f 2688/1/1349 2704/1/1349 2702/1/1349 2701/1/1349
f 2707/1/1358 2706/1/1358 2702/1/1358 2703/1/1358
f 2704/1/1349 2719/1/1349 2703/1/1349 2702/1/1349
f 2706/1/1359 2708/1/1359 2705/1/1359 2702/1/1359
f 2706/1/1360 2707/1/1360 2710/1/1360 2709/1/1360
f 2708/1/1 2706/1/1 2709/1/1 2711/1/1
f 2711/1/1361 2709/1/1361 2710/1/1361 2712/1/1361
f 2713/1/1362 2708/1/1362 2711/1/1362 2712/1/1362
f 2707/1/105 2713/1/105 2712/1/105 2710/1/105
f 2708/1/1363 2713/1/1363 2714/1/1363 2705/1/1363
f 2713/1/1364 2707/1/1364 2703/1/1364 2714/1/1364
f 2714/1/1365 2703/1/1365 2722/1/1365 2715/1/1365
f 2717/1/1339 2716/1/1339 2714/1/1339 2715/1/1339
f 2716/1/1339 2718/1/1339 2705/1/1339 2714/1/1339
f 2719/1/1349 2720/1/1349 2722/1/1349 2703/1/1349
f 2720/1/1349 2721/1/1349 2723/1/1349 2722/1/1349
f 2725/1/1366 2724/1/1366 2722/1/1366 2723/1/1366
f 2724/1/1367 2726/1/1367 2715/1/1367 2722/1/1367
f 2724/1/1360 2725/1/1360 2728/1/1360 2727/1/1360
f 2726/1/1 2724/1/1 2727/1/1 2729/1/1
f 2729/1/1368 2727/1/1368 2728/1/1368 2730/1/1368
f 2731/1/1362 2726/1/1362 2729/1/1362 2730/1/1362
f 2725/1/105 2731/1/105 2730/1/105 2728/1/105
f 2726/1/1369 2731/1/1369 2732/1/1369 2715/1/1369
f 2731/1/1370 2725/1/1370 2723/1/1370 2732/1/1370
f 2732/1/1371 2723/1/1371 2739/1/1371 2733/1/1371
f 2735/1/1339 2734/1/1339 2732/1/1339 2733/1/1339
f 2734/1/1339 2717/1/1339 2715/1/1339 2732/1/1339
f 2736/1/1339 2735/1/1339 2733/1/1339 2749/1/1339
f 2721/1/1349 2737/1/1349 2739/1/1349 2723/1/1349
f 2737/1/1349 2738/1/1349 2740/1/1349 2739/1/1349
f 2742/1/1372 2741/1/1372 2739/1/1372 2740/1/1372
f 2741/1/1373 2743/1/1373 2733/1/1373 2739/1/1373
f 2741/1/1374 2742/1/1374 2745/1/1374 2744/1/1374
f 2743/1/1 2741/1/1 2744/1/1 2746/1/1
f 2746/1/1375 2744/1/1375 2745/1/1375 2747/1/1375
f 2748/1/1376 2743/1/1376 2746/1/1376 2747/1/1376
f 2742/1/105 2748/1/105 2747/1/105 2745/1/105
f 2743/1/1377 2748/1/1377 2749/1/1377 2733/1/1377
f 2748/1/1378 2742/1/1378 2740/1/1378 2749/1/1378
f 2836/1/1339 2736/1/1339 2749/1/1339 2834/1/1339
f 2749/1/1379 2740/1/1379 2835/1/1379 2834/1/1379
f 2738/1/1349 2837/1/1349 2835/1/1349 2740/1/1349
f 2718/1/1339 2690/1/1339 2692/1/1339 2705/1/1339
f 2671/1/105 2751/1/105 2750/1/105 2675/1/105
f 2751/1/1380 2669/1/1380 2673/1/1380 2750/1/1380
f 2754/1/1381 2758/1/1381 2756/1/1381 2752/1/1381
f 2752/1/1382 2756/1/1382 2759/1/1382 2755/1/1382
f 2761/1/1383 2757/1/1383 2756/1/1383 2760/1/1383
f 2757/1/1384 2838/1/1384 2759/1/1384 2756/1/1384
f 2760/1/1385 2756/1/1385 2758/1/1385 2762/1/1385
f 2760/1/105 2763/1/105 2764/1/105 2761/1/105
f 2762/1/1386 2765/1/1386 2763/1/1386 2760/1/1386
f 2763/1/1387 2765/1/1387 2766/1/1387 2764/1/1387
f 2767/1/1 2766/1/1 2765/1/1 2762/1/1
f 2761/1/1388 2764/1/1388 2766/1/1388 2767/1/1388
f 2767/1/1389 2768/1/1389 2757/1/1389 2761/1/1389
f 2762/1/1390 2758/1/1390 2768/1/1390 2767/1/1390
f 2753/1/1391 2757/1/1391 2768/1/1391 2770/1/1391
f 2758/1/1392 2775/1/1392 2769/1/1392 2768/1/1392
f 2770/1/1391 2768/1/1391 2769/1/1391 2771/1/1391
f 2771/1/1391 2769/1/1391 2785/1/1391 2772/1/1391
f 2774/1/1381 2776/1/1381 2775/1/1381 2773/1/1381
f 2773/1/1381 2775/1/1381 2758/1/1381 2754/1/1381
f 2777/1/1393 2775/1/1393 2776/1/1393 2778/1/1393
f 2779/1/1394 2769/1/1394 2775/1/1394 2777/1/1394
f 2778/1/1386 2781/1/1386 2780/1/1386 2777/1/1386
f 2777/1/105 2780/1/105 2782/1/105 2779/1/105
f 2780/1/1395 2781/1/1395 2783/1/1395 2782/1/1395
f 2779/1/1396 2782/1/1396 2783/1/1396 2784/1/1396
f 2784/1/1 2783/1/1 2781/1/1 2778/1/1
f 2784/1/1397 2785/1/1397 2769/1/1397 2779/1/1397
f 2778/1/1398 2776/1/1398 2785/1/1398 2784/1/1398
f 2776/1/1399 2789/1/1399 2786/1/1399 2785/1/1399
f 2772/1/1391 2785/1/1391 2786/1/1391 2788/1/1391
f 2791/1/1400 2787/1/1400 2786/1/1400 2790/1/1400
f 2788/1/1391 2786/1/1391 2787/1/1391 2803/1/1391
f 2790/1/1401 2786/1/1401 2789/1/1401 2792/1/1401
f 2790/1/1402 2793/1/1402 2794/1/1402 2791/1/1402
f 2792/1/105 2795/1/105 2793/1/105 2790/1/105
f 2795/1/1403 2796/1/1403 2794/1/1403 2793/1/1403
f 2797/1/1404 2796/1/1404 2795/1/1404 2792/1/1404
f 2791/1/1 2794/1/1 2796/1/1 2797/1/1
f 2792/1/1405 2789/1/1405 2798/1/1405 2797/1/1405
f 2797/1/1406 2798/1/1406 2787/1/1406 2791/1/1406
f 2798/1/1407 2799/1/1407 2806/1/1407 2787/1/1407
f 2801/1/1381 2799/1/1381 2798/1/1381 2800/1/1381
f 2800/1/1381 2798/1/1381 2789/1/1381 2802/1/1381
f 2803/1/1391 2787/1/1391 2806/1/1391 2804/1/1391
f 2804/1/1391 2806/1/1391 2807/1/1391 2805/1/1391
f 2809/1/1408 2807/1/1408 2806/1/1408 2808/1/1408
f 2808/1/1409 2806/1/1409 2799/1/1409 2810/1/1409
f 2808/1/1402 2811/1/1402 2812/1/1402 2809/1/1402
f 2810/1/105 2813/1/105 2811/1/105 2808/1/105
f 2813/1/1410 2814/1/1410 2812/1/1410 2811/1/1410
f 2815/1/1404 2814/1/1404 2813/1/1404 2810/1/1404
f 2809/1/1 2812/1/1 2814/1/1 2815/1/1
f 2810/1/1411 2799/1/1411 2816/1/1411 2815/1/1411
f 2815/1/1412 2816/1/1412 2807/1/1412 2809/1/1412
f 2816/1/1413 2817/1/1413 2823/1/1413 2807/1/1413
f 2819/1/1381 2817/1/1381 2816/1/1381 2818/1/1381
f 2818/1/1381 2816/1/1381 2799/1/1381 2801/1/1381
f 2820/1/1381 2833/1/1381 2817/1/1381 2819/1/1381
f 2805/1/1391 2807/1/1391 2823/1/1391 2821/1/1391
f 2821/1/1391 2823/1/1391 2824/1/1391 2822/1/1391
f 2826/1/1414 2824/1/1414 2823/1/1414 2825/1/1414
f 2825/1/1415 2823/1/1415 2817/1/1415 2827/1/1415
f 2825/1/1416 2828/1/1416 2829/1/1416 2826/1/1416
f 2827/1/105 2830/1/105 2828/1/105 2825/1/105
f 2830/1/1417 2831/1/1417 2829/1/1417 2828/1/1417
f 2832/1/1418 2831/1/1418 2830/1/1418 2827/1/1418
f 2826/1/1 2829/1/1 2831/1/1 2832/1/1
f 2827/1/1419 2817/1/1419 2833/1/1419 2832/1/1419
f 2832/1/1420 2833/1/1420 2824/1/1420 2826/1/1420
f 2836/1/1381 2834/1/1381 2833/1/1381 2820/1/1381
f 2833/1/1421 2834/1/1421 2835/1/1421 2824/1/1421
f 2822/1/1391 2824/1/1391 2835/1/1391 2837/1/1391
f 2802/1/1381 2789/1/1381 2776/1/1381 2774/1/1381
f 2755/1/1 2759/1/1 2838/1/1 2839/1/1
f 2839/1/1422 2838/1/1422 2757/1/1422 2753/1/1422
f 2841/5/1423 2840/5/1423 2842/5/1423 2843/5/1423
f 2840/5/1424 2852/5/1424 2855/5/1424 2842/5/1424
f 2843/5/1425 2842/5/1425 2855/5/1425 2856/5/1425
f 2844/5/1426 2843/5/1426 2856/5/1426 2857/5/1426
f 2845/5/1427 2844/5/1427 2857/5/1427 2858/5/1427
f 2846/5/1428 2841/5/1428 2843/5/1428 2844/5/1428
f 2847/5/1429 2846/5/1429 2844/5/1429 2845/5/1429
f 2863/5/1430 2848/5/1430 2849/5/1430 2865/5/1430
f 2849/5/1431 2845/5/1431 2858/5/1431 2865/5/1431
f 2848/5/1432 2847/5/1432 2845/5/1432 2849/5/1432
f 2851/5/1433 2854/5/1433 2853/5/1433 2850/5/1433
f 2850/5/1434 2853/5/1434 2855/5/1434 2852/5/1434
f 2854/5/1435 2856/5/1435 2855/5/1435 2853/5/1435
f 2859/5/1436 2857/5/1436 2856/5/1436 2854/5/1436
f 2860/5/1437 2858/5/1437 2857/5/1437 2859/5/1437
f 2861/5/1438 2859/5/1438 2854/5/1438 2851/5/1438
f 2862/5/1439 2860/5/1439 2859/5/1439 2861/5/1439
f 2863/5/1440 2865/5/1440 2866/5/1440 2864/5/1440
f 2866/5/1441 2865/5/1441 2858/5/1441 2860/5/1441
f 2864/5/1442 2866/5/1442 2860/5/1442 2862/5/1442
