# Blender 4.2.2 LTS
# www.blender.org
mtllib escenario2.mtl
o rrgba.w.001
v 0.128047 0.617721 -14.466076
v 0.196084 0.546748 -14.393164
v 0.128210 0.617495 -14.466233
v 0.177601 0.548736 -14.513900
v 0.196084 0.546748 -14.393164
v 0.128047 0.481536 -14.466077
v 0.161446 0.526828 -14.498309
v 0.177601 0.548736 -14.513900
v 0.196084 0.546748 -14.393164
v 0.079617 0.548691 -14.419338
v 0.128047 0.481536 -14.466077
v 0.128047 0.617721 -14.466076
v 0.128034 0.617703 -14.466063
v 0.196084 0.546748 -14.393164
v 0.079617 0.548691 -14.419338
v 0.094905 0.570482 -14.434092
v 0.128047 0.617721 -14.466076
v 0.128210 0.617495 -14.466233
v 0.128034 0.617703 -14.466063
v -0.025635 1.056352 -15.687618
v -0.054147 0.870586 -15.526220
v -0.583723 1.056352 -15.609365
v -0.511921 0.870586 -15.462033
v -0.844540 0.870586 -15.141032
v -0.583723 1.056352 -15.609365
v -0.511921 0.870586 -15.462033
v -0.989229 1.056352 -15.218023
v -1.087264 1.056352 -14.663068
v -0.844540 0.870586 -15.141032
v -0.924953 0.870586 -14.685827
v -0.989229 1.056352 -15.218023
v -0.840383 1.056352 -14.156478
v -0.924953 0.870586 -14.685827
v -0.722447 0.870586 -14.270295
v -1.087264 1.056352 -14.663068
v -0.342884 1.056352 -13.891750
v -0.722447 0.870586 -14.270295
v -0.314372 0.870586 -14.053149
v -0.840383 1.056352 -14.156478
v 0.215202 1.056352 -13.970004
v -0.314372 0.870586 -14.053149
v 0.143401 0.870586 -14.117337
v -0.342884 1.056352 -13.891750
v 0.620708 1.056352 -14.361348
v 0.143401 0.870586 -14.117337
v 0.476019 0.870586 -14.438338
v 0.215202 1.056352 -13.970004
v 0.718744 1.056352 -14.916301
v 0.476019 0.870586 -14.438338
v 0.556433 0.870586 -14.893542
v 0.620708 1.056352 -14.361348
v 0.471862 1.056352 -15.422893
v 0.556433 0.870586 -14.893542
v 0.353928 0.870586 -15.309075
v 0.718744 1.056352 -14.916301
v -0.025635 1.056352 -15.687618
v 0.353928 0.870586 -15.309075
v -0.054147 0.870586 -15.526220
v 0.471862 1.056352 -15.422893
v -0.054147 0.870586 -15.526220
v -0.423207 0.759393 -15.279996
v -0.511921 0.870586 -15.462033
v -0.089375 0.759393 -15.326803
v -0.511921 0.870586 -15.462033
v -0.665770 0.759393 -15.045904
v -0.844540 0.870586 -15.141032
v -0.423207 0.759393 -15.279996
v -0.844540 0.870586 -15.141032
v -0.724411 0.759393 -14.713946
v -0.924953 0.870586 -14.685827
v -0.665770 0.759393 -15.045904
v -0.924953 0.870586 -14.685827
v -0.576734 0.759393 -14.410918
v -0.722447 0.870586 -14.270295
v -0.724411 0.759393 -14.713946
v -0.722447 0.870586 -14.270295
v -0.279145 0.759393 -14.252565
v -0.314372 0.870586 -14.053149
v -0.576734 0.759393 -14.410918
v -0.314372 0.870586 -14.053149
v 0.054687 0.759393 -14.299377
v 0.143401 0.870586 -14.117337
v -0.279145 0.759393 -14.252565
v 0.143401 0.870586 -14.117337
v 0.297250 0.759393 -14.533465
v 0.476019 0.870586 -14.438338
v 0.054687 0.759393 -14.299377
v 0.476019 0.870586 -14.438338
v 0.355891 0.759393 -14.865422
v 0.556433 0.870586 -14.893542
v 0.297250 0.759393 -14.533465
v 0.556433 0.870586 -14.893542
v 0.208213 0.759393 -15.168451
v 0.353928 0.870586 -15.309075
v 0.355891 0.759393 -14.865422
v 0.353928 0.870586 -15.309075
v -0.089375 0.759393 -15.326803
v -0.054147 0.870586 -15.526220
v 0.208213 0.759393 -15.168451
v -0.089375 0.759393 -15.326803
v -0.306502 0.714718 -15.040520
v -0.423207 0.759393 -15.279996
v -0.135718 0.714718 -15.064466
v -0.423207 0.759393 -15.279996
v -0.430593 0.714718 -14.920764
v -0.665770 0.759393 -15.045904
v -0.306502 0.714718 -15.040520
v -0.665770 0.759393 -15.045904
v -0.460594 0.714718 -14.750937
v -0.724411 0.759393 -14.713946
v -0.430593 0.714718 -14.920764
v -0.724411 0.759393 -14.713946
v -0.385044 0.714718 -14.595914
v -0.576734 0.759393 -14.410918
v -0.460594 0.714718 -14.750937
v -0.576734 0.759393 -14.410918
v -0.232801 0.714718 -14.514903
v -0.279145 0.759393 -14.252565
v -0.385044 0.714718 -14.595914
v -0.279145 0.759393 -14.252565
v -0.062019 0.714718 -14.538849
v 0.054687 0.759393 -14.299377
v -0.232801 0.714718 -14.514903
v 0.054687 0.759393 -14.299377
v 0.062074 0.714718 -14.658607
v 0.297250 0.759393 -14.533465
v -0.062019 0.714718 -14.538849
v 0.297250 0.759393 -14.533465
v 0.092073 0.714718 -14.828431
v 0.355891 0.759393 -14.865422
v 0.062074 0.714718 -14.658607
v 0.355891 0.759393 -14.865422
v 0.016523 0.714718 -14.983457
v 0.208213 0.759393 -15.168451
v 0.092073 0.714718 -14.828431
v 0.208213 0.759393 -15.168451
v -0.135718 0.714718 -15.064466
v -0.089375 0.759393 -15.326803
v 0.016523 0.714718 -14.983457
v -0.101998 0.479758 -15.255349
v -0.601714 0.479758 -15.011820
v -0.391420 0.479758 -15.214769
v 0.156003 0.479758 -15.118064
v -0.524521 0.479758 -14.461306
v 0.284035 0.479758 -14.855347
v -0.266522 0.479758 -14.324019
v 0.233194 0.479758 -14.567552
v 0.022900 0.479758 -14.364602
v -0.652554 0.479758 -14.724022
v -0.101998 0.479758 -15.255349
v 0.156003 0.617721 -15.118064
v 0.156003 0.479758 -15.118064
v -0.101998 0.617721 -15.255349
v 0.284035 0.479758 -14.855347
v 0.284035 0.617721 -14.855347
v 0.233194 0.479758 -14.567552
v 0.233194 0.617721 -14.567552
v 0.022900 0.479758 -14.364602
v 0.022900 0.617721 -14.364602
v -0.266522 0.479758 -14.324019
v -0.266522 0.617721 -14.324019
v -0.524521 0.479758 -14.461306
v -0.652554 0.617721 -14.724022
v -0.652554 0.479758 -14.724022
v -0.524521 0.617721 -14.461306
v -0.601714 0.479758 -15.011820
v -0.601714 0.617721 -15.011820
v -0.391420 0.479758 -15.214769
v -0.391420 0.617721 -15.214769
v -0.135718 0.714718 -15.064466
v -0.306502 0.650227 -15.040520
v -0.306502 0.714718 -15.040520
v -0.135718 0.650227 -15.064466
v -0.306502 0.714718 -15.040520
v -0.430593 0.650227 -14.920764
v -0.430593 0.714718 -14.920764
v -0.306502 0.650227 -15.040520
v -0.430593 0.714718 -14.920764
v -0.430593 0.650227 -14.920764
v -0.460594 0.714718 -14.750937
v -0.460594 0.650227 -14.750937
v -0.460594 0.714718 -14.750937
v -0.460594 0.650227 -14.750937
v -0.385044 0.714718 -14.595914
v -0.385044 0.650227 -14.595914
v -0.385044 0.714718 -14.595914
v -0.232801 0.650227 -14.514903
v -0.232801 0.714718 -14.514903
v -0.385044 0.650227 -14.595914
v -0.232801 0.714718 -14.514903
v -0.232801 0.650227 -14.514903
v -0.062019 0.714718 -14.538849
v -0.062019 0.650227 -14.538849
v -0.062019 0.714718 -14.538849
v 0.062074 0.650227 -14.658607
v 0.062074 0.714718 -14.658607
v -0.062019 0.650227 -14.538849
v 0.062074 0.714718 -14.658607
v 0.092073 0.650227 -14.828431
v 0.092073 0.714718 -14.828431
v 0.062074 0.650227 -14.658607
v 0.092073 0.714718 -14.828431
v 0.016523 0.650227 -14.983457
v 0.016523 0.714718 -14.983457
v 0.092073 0.650227 -14.828431
v 0.016523 0.714718 -14.983457
v -0.135718 0.650227 -15.064466
v -0.135718 0.714718 -15.064466
v 0.016523 0.650227 -14.983457
v 0.016523 0.650227 -14.983457
v 0.156003 0.617721 -15.118064
v -0.135718 0.650227 -15.064466
v -0.101998 0.617721 -15.255349
v -0.135718 0.650227 -15.064466
v -0.101998 0.617721 -15.255349
v -0.306502 0.650227 -15.040520
v -0.391420 0.617721 -15.214769
v -0.306502 0.650227 -15.040520
v -0.601714 0.617721 -15.011820
v -0.430593 0.650227 -14.920764
v -0.391420 0.617721 -15.214769
v -0.430593 0.650227 -14.920764
v -0.601714 0.617721 -15.011820
v -0.460594 0.650227 -14.750937
v -0.652554 0.617721 -14.724022
v -0.460594 0.650227 -14.750937
v -0.652554 0.617721 -14.724022
v -0.385044 0.650227 -14.595914
v -0.524521 0.617721 -14.461306
v -0.385044 0.650227 -14.595914
v -0.266522 0.617721 -14.324019
v -0.232801 0.650227 -14.514903
v -0.524521 0.617721 -14.461306
v -0.232801 0.650227 -14.514903
v -0.266522 0.617721 -14.324019
v -0.062019 0.650227 -14.538849
v 0.022900 0.617721 -14.364602
v -0.062019 0.650227 -14.538849
v 0.022900 0.617721 -14.364602
v 0.062074 0.650227 -14.658607
v 0.233194 0.617721 -14.567552
v 0.062074 0.650227 -14.658607
v 0.284035 0.617721 -14.855347
v 0.092073 0.650227 -14.828431
v 0.233194 0.617721 -14.567552
v 0.092073 0.650227 -14.828431
v 0.284035 0.617721 -14.855347
v 0.016523 0.650227 -14.983457
v 0.156003 0.617721 -15.118064
v -1.095506 1.370927 -15.274574
v -0.636463 1.675419 -15.717587
v -0.636463 1.370927 -15.717587
v -1.095506 1.675419 -15.274574
v -1.206485 1.370927 -14.646352
v -1.095506 1.675419 -15.274574
v -1.095506 1.370927 -15.274574
v -1.206485 1.675419 -14.646352
v -0.927009 1.370927 -14.072877
v -1.206485 1.675419 -14.646352
v -1.206485 1.370927 -14.646352
v -0.927009 1.675419 -14.072877
v -0.363828 1.370927 -13.773198
v -0.927009 1.675419 -14.072877
v -0.927009 1.370927 -14.072877
v -0.363828 1.675419 -13.773198
v 0.267943 1.370927 -13.861785
v -0.363828 1.675419 -13.773198
v -0.363828 1.370927 -13.773198
v 0.267943 1.675419 -13.861785
v 0.726987 1.370927 -14.304794
v 0.267943 1.675419 -13.861785
v 0.267943 1.370927 -13.861785
v 0.726987 1.675419 -14.304794
v 0.837966 1.370927 -14.933017
v 0.726987 1.675419 -14.304794
v 0.726987 1.370927 -14.304794
v 0.837966 1.675419 -14.933017
v 0.558489 1.370927 -15.506494
v 0.837966 1.675419 -14.933017
v 0.837966 1.370927 -14.933017
v 0.558489 1.675419 -15.506494
v -0.004693 1.370927 -15.806171
v 0.558489 1.675419 -15.506494
v 0.558489 1.370927 -15.506494
v -0.004693 1.675419 -15.806171
v -0.636463 1.370927 -15.717587
v -0.004693 1.675419 -15.806171
v -0.004693 1.370927 -15.806171
v -0.636463 1.675419 -15.717587
v -0.583723 1.056352 -15.609365
v -0.004693 1.370927 -15.806171
v -0.025635 1.056352 -15.687618
v -0.636463 1.370927 -15.717587
v -0.989229 1.056352 -15.218023
v -0.636463 1.370927 -15.717587
v -0.583723 1.056352 -15.609365
v -1.095506 1.370927 -15.274574
v -1.095506 1.370927 -15.274574
v -1.087264 1.056352 -14.663068
v -1.206485 1.370927 -14.646352
v -0.989229 1.056352 -15.218023
v -1.206485 1.370927 -14.646352
v -0.840383 1.056352 -14.156478
v -0.927009 1.370927 -14.072877
v -1.087264 1.056352 -14.663068
v -0.927009 1.370927 -14.072877
v -0.342884 1.056352 -13.891750
v -0.363828 1.370927 -13.773198
v -0.840383 1.056352 -14.156478
v -0.363828 1.370927 -13.773198
v 0.215202 1.056352 -13.970004
v 0.267943 1.370927 -13.861785
v -0.342884 1.056352 -13.891750
v 0.267943 1.370927 -13.861785
v 0.620708 1.056352 -14.361348
v 0.726987 1.370927 -14.304794
v 0.215202 1.056352 -13.970004
v 0.726987 1.370927 -14.304794
v 0.718744 1.056352 -14.916301
v 0.837966 1.370927 -14.933017
v 0.620708 1.056352 -14.361348
v 0.837966 1.370927 -14.933017
v 0.471862 1.056352 -15.422893
v 0.558489 1.370927 -15.506494
v 0.718744 1.056352 -14.916301
v 0.558489 1.370927 -15.506494
v -0.025635 1.056352 -15.687618
v -0.004693 1.370927 -15.806171
v 0.471862 1.056352 -15.422893
v -1.120014 2.096841 -15.287615
v -1.233976 2.096841 -14.642497
v -1.024009 2.096841 -14.957337
v -0.946983 2.096841 -14.053600
v -1.031851 2.096841 -14.667726
v -0.368656 2.096841 -13.745862
v -0.351912 2.096841 -13.949937
v 0.280104 2.096841 -13.836828
v -0.062301 2.096841 -13.942094
v 0.751493 2.096841 -14.291754
v 0.365878 2.096841 -14.629875
v 0.865456 2.096841 -14.936872
v 0.655490 2.096841 -14.622031
v 0.578463 2.096841 -15.525769
v 0.663331 2.096841 -14.911643
v 0.000136 2.096841 -15.833508
v -0.016608 2.096841 -15.629434
v -0.648623 2.096841 -15.742539
v -0.306219 2.096841 -15.637277
v -0.734398 2.096841 -14.949494
v -0.314063 2.096841 -15.347666
v -0.054459 2.096841 -14.231703
v -0.024451 2.096841 -15.339822
v 0.373720 2.096841 -14.919486
v -0.344069 2.096841 -14.239547
v -0.742241 2.096841 -14.659883
v -1.095506 1.675419 -15.274574
v -0.723987 1.901862 -15.897181
v -0.636463 1.675419 -15.717587
v -1.271878 1.901862 -15.368423
v -1.206485 1.675419 -14.646352
v -1.271878 1.901862 -15.368423
v -1.095506 1.675419 -15.274574
v -1.404336 1.901862 -14.618608
v -0.927009 1.675419 -14.072877
v -1.404336 1.901862 -14.618608
v -1.206485 1.675419 -14.646352
v -1.070766 1.901862 -13.934140
v -0.363828 1.675419 -13.773198
v -1.070766 1.901862 -13.934140
v -0.927009 1.675419 -14.072877
v -0.398582 1.901862 -13.576458
v 0.267943 1.675419 -13.861785
v -0.398582 1.901862 -13.576458
v -0.363828 1.675419 -13.773198
v 0.355467 1.901862 -13.682188
v 0.726987 1.675419 -14.304794
v 0.355467 1.901862 -13.682188
v 0.267943 1.675419 -13.861785
v 0.903358 1.901862 -14.210945
v 0.837966 1.675419 -14.933017
v 0.903358 1.901862 -14.210945
v 0.726987 1.675419 -14.304794
v 1.035816 1.901862 -14.960760
v 0.558489 1.675419 -15.506494
v 1.035816 1.901862 -14.960760
v 0.837966 1.675419 -14.933017
v 0.702247 1.901862 -15.645229
v -0.004693 1.675419 -15.806171
v 0.702247 1.901862 -15.645229
v 0.558489 1.675419 -15.506494
v 0.030061 1.901862 -16.002911
v -0.636463 1.675419 -15.717587
v 0.030061 1.901862 -16.002911
v -0.004693 1.675419 -15.806171
v -0.723987 1.901862 -15.897181
v -1.271878 1.901862 -15.368423
v -1.120014 2.096841 -15.287615
v -1.227454 1.901862 -15.411297
v -0.648623 2.096841 -15.742539
v -0.723987 1.901862 -15.897181
v -1.120014 2.096841 -15.287615
v -1.404336 1.901862 -14.618608
v -1.233976 2.096841 -14.642497
v -1.271878 1.901862 -15.368423
v -1.233976 2.096841 -14.642497
v -1.070766 1.901862 -13.934140
v -0.946983 2.096841 -14.053600
v -1.404336 1.901862 -14.618608
v -0.946983 2.096841 -14.053600
v -0.398582 1.901862 -13.576458
v -0.368656 2.096841 -13.745862
v -1.070766 1.901862 -13.934140
v -0.368656 2.096841 -13.745862
v 0.355467 1.901862 -13.682188
v 0.280104 2.096841 -13.836828
v -0.398582 1.901862 -13.576458
v 0.280104 2.096841 -13.836828
v 0.355467 1.901862 -13.682188
v 0.751493 2.096841 -14.291754
v 0.903358 1.901862 -14.210945
v 0.858934 1.901862 -14.168072
v 0.751493 2.096841 -14.291754
v 0.903358 1.901862 -14.210945
v 0.865456 2.096841 -14.936872
v 1.035816 1.901862 -14.960760
v 1.025076 1.901862 -14.899963
v 0.865456 2.096841 -14.936872
v 1.035816 1.901862 -14.960760
v 0.578463 2.096841 -15.525769
v 0.702247 1.901862 -15.645229
v 0.729294 1.901862 -15.589733
v 0.578463 2.096841 -15.525769
v 0.030061 1.901862 -16.002911
v 0.000136 2.096841 -15.833508
v 0.702247 1.901862 -15.645229
v 0.000136 2.096841 -15.833508
v -0.723987 1.901862 -15.897181
v -0.648623 2.096841 -15.742539
v 0.030061 1.901862 -16.002911
v -0.734398 2.096841 -14.949494
v -0.734398 2.755309 -14.949494
v -0.314063 2.096841 -15.347666
v -0.314063 2.755309 -15.347666
v 0.365878 2.096841 -14.629875
v 0.365878 2.755309 -14.629875
v -0.054459 2.755309 -14.231703
v -0.054459 2.096841 -14.231703
v 0.373720 2.755309 -14.919486
v 0.373720 2.096841 -14.919486
v -0.024451 2.755309 -15.339822
v -0.024451 2.096841 -15.339822
v -0.344069 2.096841 -14.239547
v -0.344069 2.755309 -14.239547
v -0.742241 2.755309 -14.659883
v -0.742241 2.096841 -14.659883
v 0.365878 2.755309 -14.629875
v 0.373720 2.755309 -14.919486
v 0.126617 2.755309 -14.781266
v -0.024451 2.755309 -15.339822
v -0.090812 2.755309 -15.098258
v -0.344069 2.755309 -14.239547
v -0.054459 2.755309 -14.231703
v -0.192678 2.755309 -14.478808
v -0.734398 2.755309 -14.949494
v -0.742241 2.755309 -14.659883
v -0.495137 2.755309 -14.798103
v -0.277708 2.755309 -14.481109
v -0.314063 2.755309 -15.347666
v -0.175841 2.755309 -15.100561
v -0.410107 2.755309 -14.795802
v -0.178144 2.755309 -15.015532
v 0.043890 2.755309 -14.868599
v 0.128920 2.755309 -14.866296
v -0.275406 2.755309 -14.566140
v -0.412409 2.755309 -14.710771
v -0.190376 2.755309 -14.563836
v -0.497440 2.755309 -14.713073
v -0.093114 2.755309 -15.013230
v 0.663331 2.877686 -14.911643
v 0.655490 2.877686 -14.622031
v 0.655490 2.096841 -14.622031
v 0.663331 2.096841 -14.911643
v 0.663331 2.877686 -14.911643
v 0.663331 2.096841 -14.911643
v 0.373720 2.877686 -14.919486
v 0.373720 2.096841 -14.919486
v 0.655490 2.096841 -14.622031
v 0.655490 2.877686 -14.622031
v 0.365878 2.877686 -14.629875
v 0.365878 2.096841 -14.629875
v 0.655490 2.877686 -14.622031
v 0.663331 2.877686 -14.911643
v 0.365878 2.877686 -14.629875
v 0.373720 2.877686 -14.919486
v 0.365878 2.877686 -14.629875
v 0.373720 2.877686 -14.919486
v 0.373720 2.755309 -14.919486
v 0.365878 2.755309 -14.629875
v -0.062301 2.877686 -13.942094
v -0.062301 2.096841 -13.942094
v -0.054459 2.877686 -14.231703
v -0.054459 2.096841 -14.231703
v -0.351912 2.096841 -13.949937
v -0.351912 2.877686 -13.949937
v -0.344069 2.877686 -14.239547
v -0.344069 2.096841 -14.239547
v -0.062301 2.877686 -13.942094
v -0.351912 2.877686 -13.949937
v -0.351912 2.096841 -13.949937
v -0.062301 2.096841 -13.942094
v -0.062301 2.877686 -13.942094
v -0.054459 2.877686 -14.231703
v -0.351912 2.877686 -13.949937
v -0.344069 2.877686 -14.239547
v -0.344069 2.877686 -14.239547
v -0.054459 2.877686 -14.231703
v -0.054459 2.755309 -14.231703
v -0.344069 2.755309 -14.239547
v -1.024009 2.096841 -14.957337
v -1.024009 2.877686 -14.957337
v -0.734398 2.877686 -14.949494
v -0.734398 2.096841 -14.949494
v -1.031851 2.877686 -14.667726
v -1.024009 2.877686 -14.957337
v -1.024009 2.096841 -14.957337
v -1.031851 2.096841 -14.667726
v -1.031851 2.877686 -14.667726
v -1.031851 2.096841 -14.667726
v -0.742241 2.877686 -14.659883
v -0.742241 2.096841 -14.659883
v -0.742241 2.877686 -14.659883
v -0.734398 2.877686 -14.949494
v -1.031851 2.877686 -14.667726
v -1.024009 2.877686 -14.957337
v -0.734398 2.877686 -14.949494
v -0.742241 2.877686 -14.659883
v -0.742241 2.755309 -14.659883
v -0.734398 2.755309 -14.949494
v -0.016608 2.096841 -15.629434
v -0.016608 2.877685 -15.629434
v -0.024451 2.877686 -15.339822
v -0.024451 2.096841 -15.339822
v -0.306219 2.877685 -15.637277
v -0.016608 2.877685 -15.629434
v -0.016608 2.096841 -15.629434
v -0.306219 2.096841 -15.637277
v -0.306219 2.877685 -15.637277
v -0.306219 2.096841 -15.637277
v -0.314063 2.877686 -15.347666
v -0.314063 2.096841 -15.347666
v -0.024451 2.877686 -15.339822
v -0.016608 2.877685 -15.629434
v -0.314063 2.877686 -15.347666
v -0.306219 2.877685 -15.637277
v -0.024451 2.877686 -15.339822
v -0.314063 2.877686 -15.347666
v -0.314063 2.755309 -15.347666
v -0.024451 2.755309 -15.339822
v -0.178144 2.893099 -15.015532
v 0.041588 2.893099 -14.783568
v -0.178144 2.755309 -15.015532
v 0.041588 2.755309 -14.783568
v -0.410107 2.893099 -14.795802
v -0.178144 2.893099 -15.015532
v -0.178144 2.755309 -15.015532
v -0.410107 2.755309 -14.795802
v -0.190376 2.893099 -14.563836
v -0.410107 2.893099 -14.795802
v -0.190376 2.755309 -14.563836
v -0.410107 2.755309 -14.795802
v 0.041588 2.893099 -14.783568
v -0.190376 2.893099 -14.563836
v -0.190376 2.755309 -14.563836
v 0.041588 2.755309 -14.783568
v 0.041588 2.941192 -14.783569
v 0.041588 2.755309 -14.783568
v 0.126617 2.941192 -14.781267
v 0.126617 2.755309 -14.781266
v 0.043890 2.941192 -14.868600
v 0.041588 2.755309 -14.783568
v 0.041588 2.941192 -14.783569
v 0.043890 2.755309 -14.868599
v 0.128920 2.941192 -14.866297
v 0.043890 2.755309 -14.868599
v 0.043890 2.941192 -14.868600
v 0.128920 2.755309 -14.866296
v 0.126617 2.941192 -14.781267
v 0.126617 2.755309 -14.781266
v 0.128920 2.941192 -14.866297
v 0.128920 2.755309 -14.866296
v 0.094927 3.030714 -14.814720
v 0.095466 3.030714 -14.834607
v 0.075041 3.030714 -14.815260
v 0.075579 3.030714 -14.835146
v 0.095466 3.030714 -14.834607
v 0.094927 3.030714 -14.814720
v 0.128920 2.941192 -14.866297
v 0.126617 2.941192 -14.781267
v 0.094927 3.030714 -14.814720
v 0.075041 3.030714 -14.815260
v 0.041588 2.941192 -14.783569
v 0.126617 2.941192 -14.781267
v 0.075041 3.030714 -14.815260
v 0.075579 3.030714 -14.835146
v 0.043890 2.941192 -14.868600
v 0.041588 2.941192 -14.783569
v 0.075579 3.030714 -14.835146
v 0.095466 3.030714 -14.834607
v 0.128920 2.941192 -14.866297
v 0.043890 2.941192 -14.868600
v -0.277708 2.941192 -14.481110
v -0.277708 2.755309 -14.481109
v -0.192678 2.941192 -14.478809
v -0.192678 2.755309 -14.478808
v -0.275406 2.941192 -14.566141
v -0.275406 2.755309 -14.566140
v -0.277708 2.941192 -14.481110
v -0.277708 2.755309 -14.481109
v -0.190376 2.941192 -14.563837
v -0.190376 2.755309 -14.563836
v -0.275406 2.941192 -14.566141
v -0.275406 2.755309 -14.566140
v -0.192678 2.941192 -14.478809
v -0.190376 2.755309 -14.563836
v -0.190376 2.941192 -14.563837
v -0.192678 2.755309 -14.478808
v -0.224367 3.030714 -14.512263
v -0.223830 3.030714 -14.532149
v -0.244255 3.030714 -14.512802
v -0.243716 3.030714 -14.532688
v -0.223830 3.030714 -14.532149
v -0.224367 3.030714 -14.512263
v -0.190376 2.941192 -14.563837
v -0.192678 2.941192 -14.478809
v -0.224367 3.030714 -14.512263
v -0.244255 3.030714 -14.512802
v -0.277708 2.941192 -14.481110
v -0.192678 2.941192 -14.478809
v -0.244255 3.030714 -14.512802
v -0.243716 3.030714 -14.532688
v -0.275406 2.941192 -14.566141
v -0.277708 2.941192 -14.481110
v -0.243716 3.030714 -14.532688
v -0.223830 3.030714 -14.532149
v -0.275406 2.941192 -14.566141
v -0.190376 2.941192 -14.563837
v -0.497440 2.941192 -14.713074
v -0.497440 2.755309 -14.713073
v -0.412409 2.941192 -14.710772
v -0.412409 2.755309 -14.710771
v -0.495137 2.941192 -14.798104
v -0.495137 2.755309 -14.798103
v -0.497440 2.941192 -14.713074
v -0.497440 2.755309 -14.713073
v -0.410107 2.941192 -14.795803
v -0.410107 2.755309 -14.795802
v -0.495137 2.941192 -14.798104
v -0.495137 2.755309 -14.798103
v -0.412409 2.941192 -14.710772
v -0.410107 2.755309 -14.795802
v -0.410107 2.941192 -14.795803
v -0.412409 2.755309 -14.710771
v -0.444099 3.030714 -14.744226
v -0.443561 3.030714 -14.764112
v -0.463986 3.030714 -14.744763
v -0.463447 3.030714 -14.764650
v -0.443561 3.030714 -14.764112
v -0.444099 3.030714 -14.744226
v -0.412409 2.941192 -14.710772
v -0.410107 2.941192 -14.795803
v -0.444099 3.030714 -14.744226
v -0.463986 3.030714 -14.744763
v -0.497440 2.941192 -14.713074
v -0.412409 2.941192 -14.710772
v -0.463986 3.030714 -14.744763
v -0.463447 3.030714 -14.764650
v -0.497440 2.941192 -14.713074
v -0.495137 2.941192 -14.798104
v -0.463447 3.030714 -14.764650
v -0.443561 3.030714 -14.764112
v -0.495137 2.941192 -14.798104
v -0.410107 2.941192 -14.795803
v -0.178144 2.941192 -15.015532
v -0.178144 2.755309 -15.015532
v -0.093114 2.941192 -15.013231
v -0.093114 2.755309 -15.013230
v -0.175841 2.941192 -15.100562
v -0.178144 2.755309 -15.015532
v -0.178144 2.941192 -15.015532
v -0.175841 2.755309 -15.100561
v -0.090812 2.941192 -15.098259
v -0.175841 2.755309 -15.100561
v -0.175841 2.941192 -15.100562
v -0.090812 2.755309 -15.098258
v -0.093114 2.941192 -15.013231
v -0.093114 2.755309 -15.013230
v -0.090812 2.941192 -15.098259
v -0.090812 2.755309 -15.098258
v -0.124805 3.030714 -15.046685
v -0.124265 3.030714 -15.066571
v -0.144690 3.030714 -15.047222
v -0.144152 3.030714 -15.067108
v -0.124265 3.030714 -15.066571
v -0.124805 3.030714 -15.046685
v -0.090812 2.941192 -15.098259
v -0.093114 2.941192 -15.013231
v -0.124805 3.030714 -15.046685
v -0.144690 3.030714 -15.047222
v -0.178144 2.941192 -15.015532
v -0.093114 2.941192 -15.013231
v -0.144690 3.030714 -15.047222
v -0.144152 3.030714 -15.067108
v -0.178144 2.941192 -15.015532
v -0.175841 2.941192 -15.100562
v -0.144152 3.030714 -15.067108
v -0.124265 3.030714 -15.066571
v -0.175841 2.941192 -15.100562
v -0.090812 2.941192 -15.098259
v -0.008232 2.989922 -14.784920
v -0.179493 2.989922 -14.965714
v -0.119625 2.989922 -14.850912
v -0.360287 2.989922 -14.794452
v -0.245487 2.989922 -14.854321
v -0.189026 2.989922 -14.613658
v -0.248895 2.989922 -14.728458
v -0.123033 2.989922 -14.725050
v 0.041588 2.893099 -14.783568
v -0.189026 2.989922 -14.613658
v -0.190376 2.893099 -14.563836
v -0.008232 2.989922 -14.784920
v -0.178144 2.893099 -15.015532
v -0.179493 2.989922 -14.965714
v 0.041588 2.893099 -14.783568
v -0.008232 2.989922 -14.784920
v -0.410107 2.893099 -14.795802
v -0.360287 2.989922 -14.794452
v -0.178144 2.893099 -15.015532
v -0.179493 2.989922 -14.965714
v -0.190376 2.893099 -14.563836
v -0.189026 2.989922 -14.613658
v -0.410107 2.893099 -14.795802
v -0.360287 2.989922 -14.794452
v -0.123033 2.989922 -14.725050
v -0.248895 3.105287 -14.728458
v -0.248895 2.989922 -14.728458
v -0.123033 3.105287 -14.725050
v -0.248895 2.989922 -14.728458
v -0.245487 3.105287 -14.854321
v -0.245487 2.989922 -14.854321
v -0.248895 3.105287 -14.728458
v -0.245487 2.989922 -14.854321
v -0.119625 3.105287 -14.850912
v -0.119625 2.989922 -14.850912
v -0.245487 3.105287 -14.854321
v -0.119625 2.989922 -14.850912
v -0.119625 3.105287 -14.850912
v -0.123033 2.989922 -14.725050
v -0.123033 3.105287 -14.725050
v -0.173081 3.246669 -14.777884
v -0.195440 3.246669 -14.801488
v -0.196063 3.246669 -14.778505
v -0.172458 3.246669 -14.800864
v -0.172458 3.246669 -14.800864
v -0.173081 3.246669 -14.777884
v -0.119625 3.105287 -14.850912
v -0.123033 3.105287 -14.725050
v -0.173081 3.246669 -14.777884
v -0.196063 3.246669 -14.778505
v -0.248895 3.105287 -14.728458
v -0.123033 3.105287 -14.725050
v -0.196063 3.246669 -14.778505
v -0.195440 3.246669 -14.801488
v -0.245487 3.105287 -14.854321
v -0.248895 3.105287 -14.728458
v -0.195440 3.246669 -14.801488
v -0.172458 3.246669 -14.800864
v -0.245487 3.105287 -14.854321
v -0.119625 3.105287 -14.850912
v 0.041588 2.755309 -14.783568
v -1.271878 1.901862 -15.368423
v -1.227454 1.901862 -15.411297
v -0.723987 1.901862 -15.897181
v -0.742241 2.096841 -14.659883
v -0.742241 2.755309 -14.659883
v -0.742241 2.877686 -14.659883
v -0.734398 2.096841 -14.949494
v -0.734398 2.755309 -14.949494
v -0.734398 2.877686 -14.949494
v -0.344069 2.096841 -14.239547
v -0.344069 2.755309 -14.239547
v -0.344069 2.877686 -14.239547
v -0.054459 2.096841 -14.231703
v -0.054459 2.755309 -14.231703
v -0.054459 2.877686 -14.231703
v -0.314063 2.096841 -15.347666
v -0.314063 2.755309 -15.347666
v -0.314063 2.877686 -15.347666
v 0.355467 1.901862 -13.682188
v 0.858934 1.901862 -14.168072
v 0.903358 1.901862 -14.210945
v -0.024451 2.877686 -15.339822
v 0.365878 2.096841 -14.629875
v 0.365878 2.755309 -14.629875
v 0.365878 2.877686 -14.629875
v 0.373720 2.877686 -14.919486
v 0.903358 1.901862 -14.210945
v 1.025076 1.901862 -14.899963
v 1.035816 1.901862 -14.960760
v 0.702247 1.901862 -15.645229
v 1.035816 1.901862 -14.960760
v 0.729294 1.901862 -15.589733
v 0.233194 0.479758 -14.567552
v 0.161446 0.526828 -14.498309
v 0.128047 0.481536 -14.466077
v 0.094905 0.570482 -14.434092
v 0.022900 0.617721 -14.364602
v 0.079617 0.548691 -14.419338
v 0.022900 0.479758 -14.364602
v 0.128034 0.617703 -14.466063
v 0.177601 0.548736 -14.513900
v 0.233194 0.617721 -14.567552
v 0.128210 0.617495 -14.466233
v -0.266522 0.479758 -14.324019
v -0.354546 0.526828 -14.370858
v -0.395522 0.481536 -14.392663
v -0.436182 0.570483 -14.414298
v -0.524521 0.617721 -14.461306
v -0.454939 0.548691 -14.424279
v -0.524521 0.479758 -14.461306
v -0.395522 0.617721 -14.392663
v -0.334727 0.548736 -14.360312
v -0.266522 0.617721 -14.324019
v -0.395522 0.617721 -14.392663
v -0.443841 0.546748 -14.305425
v -0.334727 0.548736 -14.360312
v -0.443841 0.546748 -14.305425
v -0.395522 0.481536 -14.392663
v -0.354546 0.526828 -14.370858
v -0.334727 0.548736 -14.360312
v -0.443841 0.546748 -14.305425
v -0.454939 0.548691 -14.424279
v -0.395522 0.481536 -14.392663
v -0.454939 0.548691 -14.424279
v -0.443841 0.546748 -14.305425
v -0.436182 0.570483 -14.414298
v -0.395522 0.617721 -14.392663
v -0.652554 0.479758 -14.724022
v -0.652554 0.617721 -14.724022
v -0.639114 0.548736 -14.800105
v -0.635277 0.570835 -14.821829
v -0.619180 0.527156 -14.912945
v -0.601714 0.479758 -15.011820
v -0.627134 0.481536 -14.867919
v -0.601714 0.617721 -15.011820
v -0.615426 0.548691 -14.934200
v -0.627134 0.617721 -14.867919
v -0.627134 0.617721 -14.867919
v -0.725033 0.546748 -14.886916
v -0.635277 0.570835 -14.821829
v -0.639114 0.548736 -14.800105
v -0.725033 0.546748 -14.886916
v -0.627134 0.481536 -14.867919
v -0.639114 0.548736 -14.800105
v -0.725033 0.546748 -14.886916
v -0.615426 0.548691 -14.934200
v -0.619180 0.527156 -14.912945
v -0.627134 0.481536 -14.867919
v -0.615426 0.548691 -14.934200
v -0.725033 0.546748 -14.886916
v -0.627134 0.617721 -14.867919
v -0.391420 0.479758 -15.214769
v -0.292675 0.526828 -15.228615
v -0.246709 0.481536 -15.235059
v -0.201097 0.570482 -15.241454
v -0.101998 0.617721 -15.255349
v -0.180056 0.548690 -15.244404
v -0.101998 0.479758 -15.255349
v -0.246709 0.617721 -15.235059
v -0.314907 0.548736 -15.225497
v -0.391420 0.617721 -15.214769
v -0.246709 0.617721 -15.235059
v -0.258895 0.546748 -15.334037
v -0.314907 0.548736 -15.225497
v -0.258895 0.546748 -15.334037
v -0.246709 0.481536 -15.235059
v -0.292675 0.526828 -15.228615
v -0.314907 0.548736 -15.225497
v -0.258895 0.546748 -15.334037
v -0.180056 0.548690 -15.244404
v -0.246709 0.481536 -15.235059
v -0.180056 0.548690 -15.244404
v -0.258895 0.546748 -15.334037
v -0.201097 0.570482 -15.241454
v -0.246709 0.617721 -15.235059
v 0.156003 0.479758 -15.118064
v 0.199685 0.526828 -15.028429
v 0.220019 0.481536 -14.986705
v 0.240196 0.570482 -14.945302
v 0.284035 0.617721 -14.855347
v 0.249504 0.548691 -14.926204
v 0.284035 0.479758 -14.855347
v 0.220019 0.617721 -14.986705
v 0.189850 0.548736 -15.048611
v 0.156003 0.617721 -15.118064
v 0.220019 0.617721 -14.986705
v 0.310386 0.546748 -15.028882
v 0.189850 0.548736 -15.048611
v 0.310386 0.546748 -15.028882
v 0.220019 0.481536 -14.986705
v 0.199685 0.526828 -15.028429
v 0.189850 0.548736 -15.048611
v 0.310386 0.546748 -15.028882
v 0.249504 0.548691 -14.926204
v 0.220019 0.481536 -14.986705
v 0.249504 0.548691 -14.926204
v 0.310386 0.546748 -15.028882
v 0.240196 0.570482 -14.945302
v 0.220019 0.617721 -14.986705
v 0.902057 2.311283 -13.656551
v 1.011794 2.241756 -13.829605
v 0.938037 2.297756 -13.862683
v 0.989321 2.202791 -13.622519
v 1.003516 2.213434 -13.584435
v 0.985114 2.139158 -13.608208
v 0.979747 2.151211 -13.574473
v 0.999945 2.141053 -13.553152
v 0.945772 2.139179 -13.570941
v 0.829684 2.104026 -13.489744
v 0.887488 2.124516 -13.545743
v 0.717827 2.149827 -13.541427
v 0.515888 2.007097 -13.783874
v 0.545998 2.087157 -13.558333
v 0.555061 2.089657 -13.681643
v 0.549679 1.940611 -13.572756
v 0.628830 1.838835 -13.690159
v 0.682652 1.776723 -13.563697
v 0.827433 1.690236 -13.735267
v 0.704388 1.727464 -13.533999
v 0.860059 1.658031 -13.512980
v 0.749315 1.814998 -13.511629
v 0.832462 1.790850 -13.484866
v 0.985516 2.149537 -13.907660
v 1.027011 2.149780 -13.834189
v 0.895840 2.089609 -14.004333
v 0.811280 2.279256 -13.977358
v 0.795820 2.007054 -14.049045
v 0.613807 2.177637 -13.960849
v 0.517904 2.096841 -14.062090
v 0.673129 1.911526 -13.545570
v 0.641987 2.013434 -13.478689
v 0.712314 1.975738 -13.547891
v 0.792325 2.051688 -13.429153
v 0.809657 2.335095 -13.754096
v 0.694222 2.297778 -13.631843
v 0.723278 2.241803 -13.556307
v 0.646769 2.149580 -13.586776
v 1.103246 1.976228 -13.444040
v 0.924949 1.901595 -13.425652
v 1.016582 1.945854 -13.535589
v 0.903276 2.073920 -13.332215
v 1.033369 2.074477 -13.382142
v 0.969453 2.146322 -13.437937
v 1.025548 2.179243 -13.452452
v 0.999945 2.141053 -13.553152
v 0.829684 2.104026 -13.489744
v 0.999945 2.141053 -13.553152
v 0.924949 1.901595 -13.425652
v 0.883223 1.838788 -13.931138
v 1.006588 1.776676 -13.870550
v 1.004821 1.940564 -14.003782
v 1.054942 1.814976 -13.801139
v 1.025254 1.911484 -13.879012
v 0.980092 1.685305 -13.574049
v 1.010353 1.778775 -13.542103
v 1.047561 1.658005 -13.690593
v 1.077223 1.790803 -13.716603
v 1.027011 2.149780 -13.834189
v 1.019421 2.087088 -14.006676
v 0.985516 2.149537 -13.907660
v 1.134992 2.051646 -13.753752
v 1.072476 2.104005 -13.719731
v 1.225753 2.073877 -13.637688
v 0.795820 2.007054 -14.049045
v 0.895840 2.089609 -14.004333
v 1.168896 2.074456 -13.510522
v 1.116641 2.146300 -13.577365
v 0.999945 2.141053 -13.553152
v 1.035028 1.727417 -13.847205
v 1.116597 2.141994 -13.430005
v 1.135417 2.050283 -13.410078
v 1.099112 2.179243 -13.522135
v 0.999945 2.141053 -13.553152
v 0.717827 2.149827 -13.541427
v 0.646769 2.149580 -13.586776
v 0.931287 2.202791 -13.567544
v 0.968515 2.213434 -13.551279
v 0.959679 1.845040 -13.595659
v 1.093729 2.013391 -13.906494
v 0.555061 2.089657 -13.681643
v 0.586670 2.279277 -13.764594
v 1.025548 2.179243 -13.452452
v 1.131280 1.901573 -13.621103
v 0.515888 2.007097 -13.783874
v 0.613807 2.177637 -13.960849
v 1.020819 1.975696 -13.840010
v 1.013422 2.124516 -13.665037
v 1.072476 2.104005 -13.719731
v 1.131280 1.901573 -13.621103
v 0.517904 2.096841 -14.062090
v 0.515888 2.007097 -13.783874
v 1.006992 2.223276 -13.789766
v 0.763359 2.223323 -13.558980
v 0.586670 2.279277 -13.764594
v 0.811280 2.279256 -13.977358
v 0.613807 2.177637 -13.960849
v 0.809657 2.335095 -13.754096
v 1.054942 1.814976 -13.801139
v 0.959679 1.845040 -13.595659
v 1.077223 1.790803 -13.716603
v 0.749315 1.814998 -13.511629
v 1.025254 1.911484 -13.879012
v 0.673129 1.911526 -13.545570
v 0.712314 1.975738 -13.547891
v 1.016582 1.945854 -13.535589
v 1.020819 1.975696 -13.840010
v 1.131280 1.901573 -13.621103
v 0.924949 1.901595 -13.425652
v 0.832462 1.790850 -13.484866
v -0.411252 1.124909 -13.706548
v -0.412925 1.124909 -13.644782
v -0.381205 1.257656 -13.674829
v -0.381205 1.257656 -13.674829
v -0.412925 1.124909 -13.644782
v -0.351158 1.124909 -13.643108
v -0.381205 1.257656 -13.674829
v -0.351158 1.124909 -13.643108
v -0.349486 1.124909 -13.704875
v -0.411252 1.124909 -13.706548
v -0.381205 1.257656 -13.674829
v -0.349486 1.124909 -13.704875
v -0.351158 1.124909 -13.643108
v -0.412925 1.124909 -13.644782
v -0.381205 0.992163 -13.674829
v -0.412925 1.124909 -13.644782
v -0.411252 1.124909 -13.706548
v -0.381205 0.992163 -13.674829
v -0.411252 1.124909 -13.706548
v -0.349486 1.124909 -13.704875
v -0.381205 0.992163 -13.674829
v -0.349486 1.124909 -13.704875
v -0.351158 1.124909 -13.643108
v -0.381205 0.992163 -13.674829
v -0.411252 1.390402 -13.706548
v -0.412925 1.390402 -13.644782
v -0.381205 1.523148 -13.674829
v -0.381205 1.523148 -13.674829
v -0.412925 1.390402 -13.644782
v -0.351158 1.390402 -13.643108
v -0.381205 1.523148 -13.674829
v -0.351158 1.390402 -13.643108
v -0.349486 1.390402 -13.704875
v -0.411252 1.390402 -13.706548
v -0.381205 1.523148 -13.674829
v -0.349486 1.390402 -13.704875
v -0.351158 1.390402 -13.643108
v -0.412925 1.390402 -13.644782
v -0.381205 1.257656 -13.674829
v -0.412925 1.390402 -13.644782
v -0.411252 1.390402 -13.706548
v -0.381205 1.257656 -13.674829
v -0.411252 1.390402 -13.706548
v -0.349486 1.390402 -13.704875
v -0.381205 1.257656 -13.674829
v -0.349486 1.390402 -13.704875
v -0.351158 1.390402 -13.643108
v -0.381205 1.257656 -13.674829
v -0.411252 0.859417 -13.706548
v -0.412925 0.859417 -13.644782
v -0.381205 0.992163 -13.674829
v -0.381205 0.992163 -13.674829
v -0.412925 0.859417 -13.644782
v -0.351158 0.859417 -13.643108
v -0.381205 0.992163 -13.674829
v -0.351158 0.859417 -13.643108
v -0.349486 0.859417 -13.704875
v -0.411252 0.859417 -13.706548
v -0.381205 0.992163 -13.674829
v -0.349486 0.859417 -13.704875
v -0.351158 0.859417 -13.643108
v -0.412925 0.859417 -13.644782
v -0.381205 0.726671 -13.674829
v -0.412925 0.859417 -13.644782
v -0.411252 0.859417 -13.706548
v -0.381205 0.726671 -13.674829
v -0.411252 0.859417 -13.706548
v -0.349486 0.859417 -13.704875
v -0.381205 0.726671 -13.674829
v -0.349486 0.859417 -13.704875
v -0.351158 0.859417 -13.643108
v -0.381205 0.726671 -13.674829
v 0.906844 0.859417 -14.978609
v 0.905172 0.859417 -14.916842
v 0.936892 0.992163 -14.946888
v 0.936892 0.992163 -14.946888
v 0.905172 0.859417 -14.916842
v 0.966938 0.859417 -14.915170
v 0.936892 0.992163 -14.946888
v 0.966938 0.859417 -14.915170
v 0.968611 0.859417 -14.976935
v 0.906844 0.859417 -14.978609
v 0.936892 0.992163 -14.946888
v 0.968611 0.859417 -14.976935
v 0.966938 0.859417 -14.915170
v 0.905172 0.859417 -14.916842
v 0.936892 0.726671 -14.946888
v 0.905172 0.859417 -14.916842
v 0.906844 0.859417 -14.978609
v 0.936892 0.726671 -14.946888
v 0.906844 0.859417 -14.978609
v 0.968611 0.859417 -14.976935
v 0.936892 0.726671 -14.946888
v 0.968611 0.859417 -14.976935
v 0.966938 0.859417 -14.915170
v 0.936892 0.726671 -14.946888
v 0.906844 1.390402 -14.978609
v 0.905172 1.390402 -14.916842
v 0.936892 1.523148 -14.946888
v 0.936892 1.523148 -14.946888
v 0.905172 1.390402 -14.916842
v 0.966938 1.390402 -14.915170
v 0.936892 1.523148 -14.946888
v 0.966938 1.390402 -14.915170
v 0.968611 1.390402 -14.976935
v 0.906844 1.390402 -14.978609
v 0.936892 1.523148 -14.946888
v 0.968611 1.390402 -14.976935
v 0.966938 1.390402 -14.915170
v 0.905172 1.390402 -14.916842
v 0.936892 1.257656 -14.946888
v 0.905172 1.390402 -14.916842
v 0.906844 1.390402 -14.978609
v 0.936892 1.257656 -14.946888
v 0.906844 1.390402 -14.978609
v 0.968611 1.390402 -14.976935
v 0.936892 1.257656 -14.946888
v 0.968611 1.390402 -14.976935
v 0.966938 1.390402 -14.915170
v 0.936892 1.257656 -14.946888
v 0.906844 1.124909 -14.978609
v 0.905172 1.124909 -14.916842
v 0.936892 1.257656 -14.946888
v 0.936892 1.257656 -14.946888
v 0.905172 1.124909 -14.916842
v 0.966938 1.124909 -14.915170
v 0.936892 1.257656 -14.946888
v 0.966938 1.124909 -14.915170
v 0.968611 1.124909 -14.976935
v 0.906844 1.124909 -14.978609
v 0.936892 1.257656 -14.946888
v 0.968611 1.124909 -14.976935
v 0.966938 1.124909 -14.915170
v 0.905172 1.124909 -14.916842
v 0.936892 0.992163 -14.946888
v 0.905172 1.124909 -14.916842
v 0.906844 1.124909 -14.978609
v 0.936892 0.992163 -14.946888
v 0.906844 1.124909 -14.978609
v 0.968611 1.124909 -14.976935
v 0.936892 0.992163 -14.946888
v 0.968611 1.124909 -14.976935
v 0.966938 1.124909 -14.915170
v 0.936892 0.992163 -14.946888
v 0.906844 1.655894 -14.978609
v 0.905172 1.655894 -14.916842
v 0.936892 1.788640 -14.946888
v 0.936892 1.788640 -14.946888
v 0.905172 1.655894 -14.916842
v 0.966938 1.655894 -14.915170
v 0.936892 1.788640 -14.946888
v 0.966938 1.655894 -14.915170
v 0.968611 1.655894 -14.976935
v 0.906844 1.655894 -14.978609
v 0.936892 1.788640 -14.946888
v 0.968611 1.655894 -14.976935
v 0.966938 1.655894 -14.915170
v 0.905172 1.655894 -14.916842
v 0.936892 1.523148 -14.946888
v 0.905172 1.655894 -14.916842
v 0.906844 1.655894 -14.978609
v 0.936892 1.523148 -14.946888
v 0.906844 1.655894 -14.978609
v 0.968611 1.655894 -14.976935
v 0.936892 1.523148 -14.946888
v 0.968611 1.655894 -14.976935
v 0.966938 1.655894 -14.915170
v 0.936892 1.523148 -14.946888
v -0.411252 1.655894 -13.706548
v -0.412925 1.655894 -13.644782
v -0.381205 1.788641 -13.674829
v -0.381205 1.788641 -13.674829
v -0.412925 1.655894 -13.644782
v -0.351158 1.655894 -13.643108
v -0.381205 1.788641 -13.674829
v -0.351158 1.655894 -13.643108
v -0.349486 1.655894 -13.704875
v -0.411252 1.655894 -13.706548
v -0.381205 1.788641 -13.674829
v -0.349486 1.655894 -13.704875
v -0.351158 1.655894 -13.643108
v -0.412925 1.655894 -13.644782
v -0.381205 1.523148 -13.674829
v -0.412925 1.655894 -13.644782
v -0.411252 1.655894 -13.706548
v -0.381205 1.523148 -13.674829
v -0.411252 1.655894 -13.706548
v -0.349486 1.655894 -13.704875
v -0.381205 1.523148 -13.674829
v -0.349486 1.655894 -13.704875
v -0.351158 1.655894 -13.643108
v -0.381205 1.523148 -13.674829
v -1.178165 1.160472 -14.379370
v -1.184578 1.203037 -14.369429
v -1.199095 1.201010 -14.468268
v -1.199096 1.201010 -14.468270
v -1.184579 1.203037 -14.369430
v -1.144552 1.212793 -14.385382
v -1.199094 1.201010 -14.468267
v -1.144551 1.212793 -14.385381
v -1.138138 1.170228 -14.395322
v -1.178164 1.160472 -14.379370
v -1.199094 1.201010 -14.468267
v -1.138138 1.170228 -14.395322
v -1.144552 1.212793 -14.385381
v -1.184578 1.203037 -14.369429
v -1.123621 1.172255 -14.296482
v -1.184579 1.203037 -14.369430
v -1.178167 1.160472 -14.379374
v -1.123622 1.172255 -14.296483
v -1.178166 1.160472 -14.379372
v -1.138140 1.170228 -14.395325
v -1.123621 1.172255 -14.296483
v -1.138138 1.170228 -14.395322
v -1.144551 1.212793 -14.385379
v -1.123620 1.172255 -14.296481
v -0.996302 1.219366 -14.040839
v -1.014041 1.258263 -14.051979
v -1.034825 1.201011 -14.131191
v -1.034824 1.201011 -14.131190
v -1.014040 1.258263 -14.051978
v -0.979918 1.266108 -14.078920
v -1.034823 1.201011 -14.131187
v -0.979917 1.266108 -14.078919
v -0.962179 1.227210 -14.067780
v -0.996302 1.219366 -14.040838
v -1.034824 1.201011 -14.131190
v -0.962180 1.227210 -14.067780
v -0.979918 1.266108 -14.078920
v -1.014040 1.258263 -14.051978
v -0.941395 1.284463 -13.988568
v -1.014039 1.258263 -14.051977
v -0.996301 1.219366 -14.040836
v -0.941395 1.284463 -13.988567
v -0.996300 1.219366 -14.040835
v -0.962178 1.227210 -14.067779
v -0.941394 1.284463 -13.988566
v -0.962183 1.227210 -14.067781
v -0.979921 1.266108 -14.078923
v -0.941399 1.284463 -13.988571
v -1.289941 1.666833 -14.906594
v -1.289393 1.677864 -14.863818
v -1.253315 1.759786 -14.908220
v -1.253315 1.759786 -14.908220
v -1.289393 1.677864 -14.863818
v -1.245738 1.671181 -14.862656
v -1.253315 1.759786 -14.908220
v -1.245738 1.671181 -14.862656
v -1.246287 1.660151 -14.905431
v -1.289940 1.666833 -14.906593
v -1.253314 1.759786 -14.908220
v -1.246286 1.660151 -14.905431
v -1.245737 1.671181 -14.862656
v -1.289391 1.677864 -14.863817
v -1.282364 1.578229 -14.861030
v -1.289391 1.677864 -14.863816
v -1.289939 1.666833 -14.906592
v -1.282363 1.578229 -14.861028
v -1.289942 1.666833 -14.906596
v -1.246287 1.660151 -14.905432
v -1.282366 1.578229 -14.861031
v -1.246287 1.660151 -14.905431
v -1.245738 1.671181 -14.862656
v -1.282365 1.578229 -14.861030
v -1.290325 1.331389 -14.710059
v -1.289752 1.363310 -14.679523
v -1.282551 1.414444 -14.765068
v -1.282554 1.414444 -14.765070
v -1.289755 1.363310 -14.679525
v -1.246088 1.367518 -14.684742
v -1.282552 1.414444 -14.765068
v -1.246086 1.367518 -14.684740
v -1.246659 1.335597 -14.715277
v -1.290327 1.331389 -14.710063
v -1.282553 1.414444 -14.765069
v -1.246659 1.335597 -14.715278
v -1.246085 1.367518 -14.684740
v -1.289753 1.363310 -14.679523
v -1.253859 1.284463 -14.629731
v -1.289753 1.363310 -14.679523
v -1.290325 1.331389 -14.710059
v -1.253859 1.284463 -14.629731
v -1.290325 1.331389 -14.710059
v -1.246657 1.335597 -14.715277
v -1.253859 1.284463 -14.629731
v -1.246657 1.335597 -14.715277
v -1.246085 1.367517 -14.684740
v -1.253859 1.284463 -14.629731
v -1.305284 1.485576 -14.831457
v -1.303781 1.507895 -14.793362
v -1.282362 1.578229 -14.861028
v -1.282366 1.578229 -14.861032
v -1.303784 1.507895 -14.793365
v -1.259631 1.507097 -14.794640
v -1.282365 1.578229 -14.861031
v -1.259630 1.507097 -14.794639
v -1.261134 1.484778 -14.832735
v -1.305287 1.485576 -14.831460
v -1.282365 1.578229 -14.861031
v -1.261134 1.484778 -14.832735
v -1.259631 1.507097 -14.794640
v -1.303784 1.507895 -14.793364
v -1.282554 1.414444 -14.765070
v -1.303782 1.507895 -14.793362
v -1.305285 1.485576 -14.831457
v -1.282551 1.414444 -14.765068
v -1.305286 1.485576 -14.831457
v -1.261133 1.484778 -14.832733
v -1.282552 1.414444 -14.765067
v -1.261132 1.484778 -14.832734
v -1.259628 1.507097 -14.794638
v -1.282551 1.414444 -14.765068
v -1.091947 1.160472 -14.202451
v -1.103729 1.203037 -14.203526
v -1.123623 1.172255 -14.296483
v -1.123621 1.172255 -14.296482
v -1.103727 1.203037 -14.203526
v -1.066499 1.212793 -14.225221
v -1.123622 1.172255 -14.296483
v -1.066500 1.212793 -14.225222
v -1.054718 1.170228 -14.224147
v -1.091946 1.160472 -14.202453
v -1.123622 1.172255 -14.296483
v -1.054719 1.170228 -14.224148
v -1.066502 1.212793 -14.225224
v -1.103729 1.203037 -14.203527
v -1.034826 1.201011 -14.131192
v -1.103727 1.203037 -14.203526
v -1.091945 1.160472 -14.202450
v -1.034823 1.201011 -14.131187
v -1.091947 1.160472 -14.202451
v -1.054719 1.170228 -14.224147
v -1.034825 1.201011 -14.131190
v -1.054719 1.170228 -14.224147
v -1.066501 1.212793 -14.225224
v -1.034825 1.201011 -14.131191
v -1.246523 1.219366 -14.554283
v -1.248679 1.258263 -14.533446
v -1.253861 1.284463 -14.629735
v -1.253860 1.284463 -14.629733
v -1.248678 1.258263 -14.533446
v -1.206433 1.266108 -14.543720
v -1.253860 1.284463 -14.629735
v -1.206434 1.266108 -14.543721
v -1.204279 1.227210 -14.564557
v -1.246522 1.219366 -14.554280
v -1.253860 1.284463 -14.629733
v -1.204278 1.227210 -14.564556
v -1.206434 1.266108 -14.543720
v -1.248678 1.258263 -14.533445
v -1.199097 1.201010 -14.468268
v -1.248676 1.258263 -14.533444
v -1.246520 1.219366 -14.554279
v -1.199094 1.201010 -14.468267
v -1.246521 1.219366 -14.554280
v -1.204277 1.227210 -14.564554
v -1.199095 1.201010 -14.468268
v -1.204277 1.227210 -14.564554
v -1.206432 1.266108 -14.543720
v -1.199095 1.201010 -14.468268
v -0.745566 1.666833 -13.789559
v -0.778919 1.677864 -13.816346
v -0.776785 1.578229 -13.823601
v -0.776784 1.578229 -13.823601
v -0.778917 1.677864 -13.816346
v -0.752935 1.671182 -13.851447
v -0.776784 1.578229 -13.823600
v -0.752936 1.671182 -13.851446
v -0.719583 1.660151 -13.824658
v -0.745567 1.666833 -13.789560
v -0.776786 1.578229 -13.823604
v -0.719585 1.660151 -13.824660
v -0.752936 1.671182 -13.851447
v -0.778918 1.677864 -13.816348
v -0.721717 1.759786 -13.817405
v -0.778917 1.677864 -13.816346
v -0.745565 1.666833 -13.789558
v -0.721716 1.759786 -13.817404
v -0.745565 1.666833 -13.789558
v -0.719583 1.660151 -13.824657
v -0.721717 1.759786 -13.817404
v -0.719585 1.660151 -13.824660
v -0.752937 1.671182 -13.851448
v -0.721718 1.759786 -13.817407
v -0.814199 1.485576 -13.823768
v -0.843278 1.507895 -13.848426
v -0.852481 1.414444 -13.882581
v -0.852482 1.414444 -13.882582
v -0.843279 1.507895 -13.848426
v -0.815068 1.507097 -13.882416
v -0.852484 1.414444 -13.882583
v -0.815070 1.507097 -13.882418
v -0.785991 1.484778 -13.857759
v -0.814198 1.485576 -13.823766
v -0.852480 1.414444 -13.882581
v -0.785987 1.484778 -13.857757
v -0.815067 1.507097 -13.882414
v -0.843278 1.507895 -13.848426
v -0.776785 1.578229 -13.823601
v -0.843278 1.507895 -13.848426
v -0.814199 1.485576 -13.823768
v -0.776785 1.578229 -13.823601
v -0.814200 1.485576 -13.823768
v -0.785989 1.484778 -13.857758
v -0.776786 1.578229 -13.823604
v -0.785988 1.484778 -13.857757
v -0.815067 1.507097 -13.882414
v -0.776785 1.578229 -13.823601
v -0.900598 1.331389 -13.910353
v -0.924296 1.363310 -13.929619
v -0.941397 1.284463 -13.988568
v -0.941397 1.284463 -13.988570
v -0.924297 1.363310 -13.929621
v -0.893282 1.367518 -13.960799
v -0.941397 1.284463 -13.988568
v -0.893281 1.367518 -13.960798
v -0.869583 1.335597 -13.941531
v -0.900595 1.331389 -13.910350
v -0.941394 1.284463 -13.988566
v -0.869581 1.335597 -13.941529
v -0.893280 1.367518 -13.960797
v -0.924295 1.363310 -13.929619
v -0.852482 1.414444 -13.882582
v -0.924294 1.363310 -13.929618
v -0.900596 1.331389 -13.910351
v -0.852481 1.414444 -13.882581
v -0.900596 1.331389 -13.910351
v -0.869582 1.335597 -13.941530
v -0.852481 1.414444 -13.882581
v -0.869582 1.335597 -13.941531
v -0.893280 1.367518 -13.960797
v -0.852482 1.414444 -13.882582
v -0.180248 1.485576 -13.666287
v -0.218267 1.507895 -13.669145
v -0.245788 1.414444 -13.691366
v -0.245789 1.414444 -13.691366
v -0.218267 1.507895 -13.669145
v -0.215423 1.507097 -13.713223
v -0.245791 1.414444 -13.691371
v -0.215425 1.507097 -13.713228
v -0.177407 1.484778 -13.710371
v -0.180249 1.485576 -13.666290
v -0.245789 1.414444 -13.691368
v -0.177405 1.484778 -13.710369
v -0.215423 1.507097 -13.713223
v -0.218267 1.507895 -13.669145
v -0.149882 1.578229 -13.688146
v -0.218268 1.507895 -13.669146
v -0.180249 1.485576 -13.666290
v -0.149883 1.578229 -13.688147
v -0.180247 1.485576 -13.666287
v -0.177404 1.484778 -13.710369
v -0.149882 1.578229 -13.688146
v -0.177403 1.484778 -13.710366
v -0.215422 1.507097 -13.713223
v -0.149881 1.578229 -13.688144
v -0.627532 1.160472 -13.809393
v -0.637695 1.203037 -13.803337
v -0.708430 1.172255 -13.866847
v -0.708431 1.172255 -13.866849
v -0.637697 1.203037 -13.803339
v -0.620332 1.212793 -13.842772
v -0.708431 1.172255 -13.866849
v -0.620333 1.212793 -13.842772
v -0.610168 1.170228 -13.848825
v -0.627532 1.160472 -13.809393
v -0.708430 1.172255 -13.866847
v -0.610167 1.170228 -13.848825
v -0.620334 1.212793 -13.842774
v -0.637698 1.203037 -13.803340
v -0.539436 1.201011 -13.785318
v -0.637697 1.203037 -13.803339
v -0.627534 1.160472 -13.809395
v -0.539435 1.201011 -13.785317
v -0.627536 1.160472 -13.809396
v -0.610170 1.170228 -13.848830
v -0.539437 1.201011 -13.785319
v -0.610167 1.170228 -13.848825
v -0.620331 1.212793 -13.842772
v -0.539434 1.201011 -13.785316
v -0.104617 1.666833 -13.678957
v -0.147346 1.677864 -13.681025
v -0.149884 1.578229 -13.688147
v -0.149884 1.578229 -13.688148
v -0.147346 1.677864 -13.681025
v -0.146958 1.671182 -13.724692
v -0.149882 1.578229 -13.688146
v -0.146956 1.671182 -13.724690
v -0.104226 1.660151 -13.722622
v -0.104615 1.666833 -13.678953
v -0.149883 1.578229 -13.688146
v -0.104227 1.660151 -13.722622
v -0.146958 1.671182 -13.724692
v -0.147346 1.677864 -13.681025
v -0.101690 1.759786 -13.715501
v -0.147344 1.677864 -13.681022
v -0.104615 1.666833 -13.678953
v -0.101688 1.759786 -13.715500
v -0.104614 1.666833 -13.678953
v -0.104225 1.660151 -13.722622
v -0.101687 1.759786 -13.715499
v -0.104227 1.660151 -13.722622
v -0.146956 1.671182 -13.724690
v -0.101689 1.759786 -13.715499
v -0.455162 1.219366 -13.734864
v -0.476061 1.258263 -13.733451
v -0.539435 1.201011 -13.785318
v -0.539438 1.201011 -13.785319
v -0.476064 1.258263 -13.733454
v -0.464295 1.266108 -13.775308
v -0.539434 1.201011 -13.785317
v -0.464292 1.266108 -13.775303
v -0.443393 1.227210 -13.776716
v -0.455165 1.219366 -13.734868
v -0.539438 1.201011 -13.785322
v -0.443396 1.227210 -13.776721
v -0.464291 1.266108 -13.775301
v -0.476059 1.258263 -13.733449
v -0.380018 1.284463 -13.724848
v -0.476061 1.258263 -13.733450
v -0.455162 1.219366 -13.734862
v -0.380019 1.284463 -13.724850
v -0.455162 1.219366 -13.734864
v -0.443394 1.227210 -13.776718
v -0.380019 1.284463 -13.724851
v -0.443393 1.227210 -13.776716
v -0.464292 1.266108 -13.775303
v -0.380019 1.284463 -13.724850
v -0.959390 1.219366 -14.003173
v -0.948887 1.258263 -13.985050
v -1.009675 1.284463 -14.059901
v -1.009677 1.284463 -14.059903
v -0.948889 1.258263 -13.985051
v -0.920751 1.266108 -14.018195
v -1.009675 1.284463 -14.059901
v -0.920749 1.266108 -14.018192
v -0.931252 1.227210 -14.036316
v -0.959393 1.219366 -14.003175
v -1.009678 1.284463 -14.059904
v -0.931255 1.227210 -14.036318
v -0.920751 1.266108 -14.018195
v -0.948889 1.258263 -13.985051
v -0.870466 1.201011 -13.961466
v -0.948888 1.258263 -13.985050
v -0.959391 1.219366 -14.003174
v -0.870465 1.201011 -13.961466
v -0.959391 1.219366 -14.003173
v -0.931252 1.227210 -14.036315
v -0.870465 1.201011 -13.961463
v -0.931253 1.227210 -14.036317
v -0.920750 1.266108 -14.018193
v -0.870465 1.201011 -13.961465
v -0.801277 1.160472 -13.901845
v -0.800621 1.203037 -13.890033
v -0.870463 1.201011 -13.961463
v -0.870467 1.201011 -13.961466
v -0.800624 1.203037 -13.890035
v -0.777619 1.212793 -13.926467
v -0.870464 1.201011 -13.961465
v -0.777617 1.212793 -13.926466
v -0.778273 1.170228 -13.938278
v -0.801279 1.160472 -13.901846
v -0.870466 1.201011 -13.961465
v -0.778274 1.170228 -13.938279
v -0.777617 1.212793 -13.926466
v -0.800622 1.203037 -13.890033
v -0.708431 1.172255 -13.866849
v -0.800623 1.203037 -13.890035
v -0.801279 1.160472 -13.901846
v -0.708432 1.172255 -13.866850
v -0.801279 1.160472 -13.901849
v -0.778274 1.170228 -13.938279
v -0.708432 1.172255 -13.866851
v -0.778273 1.170228 -13.938278
v -0.777616 1.212793 -13.926466
v -0.708431 1.172255 -13.866849
v -1.201601 1.666833 -14.262679
v -1.176014 1.677864 -14.228395
v -1.172926 1.759786 -14.285523
v -1.172925 1.759786 -14.285523
v -1.176014 1.677864 -14.228395
v -1.140013 1.671182 -14.253114
v -1.172926 1.759786 -14.285524
v -1.140014 1.671182 -14.253115
v -1.165600 1.660151 -14.287398
v -1.201600 1.666833 -14.262678
v -1.172925 1.759786 -14.285522
v -1.165598 1.660151 -14.287395
v -1.140012 1.671182 -14.253112
v -1.176013 1.677864 -14.228395
v -1.168687 1.578229 -14.230269
v -1.176012 1.677864 -14.228394
v -1.201599 1.666833 -14.262678
v -1.168687 1.578229 -14.230268
v -1.201600 1.666833 -14.262679
v -1.165598 1.660151 -14.287397
v -1.168688 1.578229 -14.230270
v -1.165599 1.660151 -14.287397
v -1.140013 1.671182 -14.253114
v -1.168688 1.578229 -14.230270
v -0.301039 1.331389 -13.685554
v -0.331535 1.363310 -13.687210
v -0.380020 1.284463 -13.724851
v -0.380017 1.284463 -13.724848
v -0.331533 1.363310 -13.687209
v -0.324768 1.367518 -13.730663
v -0.380018 1.284463 -13.724850
v -0.324769 1.367518 -13.730665
v -0.294272 1.335597 -13.729007
v -0.301037 1.331389 -13.685552
v -0.380018 1.284463 -13.724848
v -0.294272 1.335597 -13.729006
v -0.324771 1.367518 -13.730665
v -0.331536 1.363310 -13.687210
v -0.245790 1.414444 -13.691368
v -0.331534 1.363310 -13.687209
v -0.301037 1.331389 -13.685554
v -0.245788 1.414444 -13.691366
v -0.301039 1.331389 -13.685555
v -0.294275 1.335597 -13.729011
v -0.245790 1.414444 -13.691369
v -0.294273 1.335597 -13.729008
v -0.324770 1.367518 -13.730666
v -0.245789 1.414444 -13.691368
v -1.086393 1.331389 -14.103455
v -1.067981 1.363310 -14.079084
v -1.112436 1.414444 -14.152526
v -1.112436 1.414444 -14.152526
v -1.067980 1.363310 -14.079086
v -1.035719 1.367518 -14.108973
v -1.112435 1.414444 -14.152526
v -1.035718 1.367518 -14.108973
v -1.054131 1.335597 -14.133341
v -1.086392 1.331389 -14.103455
v -1.112435 1.414444 -14.152526
v -1.054131 1.335597 -14.133341
v -1.035719 1.367518 -14.108973
v -1.067981 1.363310 -14.079084
v -1.009676 1.284463 -14.059901
v -1.067980 1.363310 -14.079086
v -1.086393 1.331389 -14.103455
v -1.009676 1.284463 -14.059901
v -1.086392 1.331389 -14.103455
v -1.054131 1.335597 -14.133341
v -1.009675 1.284463 -14.059901
v -1.054132 1.335597 -14.133342
v -1.035719 1.367518 -14.108973
v -1.009676 1.284463 -14.059901
v -1.169852 1.485576 -14.192873
v -1.146242 1.507895 -14.162936
v -1.168688 1.578229 -14.230269
v -1.168688 1.578229 -14.230270
v -1.146243 1.507895 -14.162937
v -1.111273 1.507097 -14.189921
v -1.168688 1.578229 -14.230270
v -1.111273 1.507097 -14.189921
v -1.134881 1.484778 -14.219859
v -1.169854 1.485576 -14.192876
v -1.168689 1.578229 -14.230270
v -1.134882 1.484778 -14.219860
v -1.111273 1.507097 -14.189923
v -1.146244 1.507895 -14.162938
v -1.112437 1.414444 -14.152527
v -1.146243 1.507895 -14.162937
v -1.169853 1.485576 -14.192876
v -1.112436 1.414444 -14.152526
v -1.169852 1.485576 -14.192873
v -1.134880 1.484778 -14.219857
v -1.112435 1.414444 -14.152526
v -1.134880 1.484778 -14.219857
v -1.111271 1.507097 -14.189920
v -1.112435 1.414444 -14.152526
v 0.859680 1.676367 -15.310583
v 0.834093 1.687398 -15.344867
v 0.831005 1.769320 -15.287739
v 0.831004 1.769320 -15.287740
v 0.834092 1.687398 -15.344868
v 0.798091 1.680715 -15.320148
v 0.831006 1.769320 -15.287736
v 0.798094 1.680715 -15.320146
v 0.823681 1.669685 -15.285862
v 0.859679 1.676367 -15.310583
v 0.831004 1.769320 -15.287740
v 0.823678 1.669685 -15.285866
v 0.798092 1.680715 -15.320148
v 0.834094 1.687398 -15.344867
v 0.826768 1.587763 -15.342992
v 0.834094 1.687398 -15.344867
v 0.859680 1.676367 -15.310583
v 0.826768 1.587763 -15.342992
v 0.859681 1.676367 -15.310582
v 0.823680 1.669685 -15.285862
v 0.826769 1.587763 -15.342992
v 0.823676 1.669685 -15.285868
v 0.798088 1.680715 -15.320152
v 0.826764 1.587763 -15.342996
v 0.459356 1.170006 -15.671421
v 0.458699 1.212571 -15.683233
v 0.528542 1.210544 -15.611801
v 0.528546 1.210544 -15.611798
v 0.458704 1.212571 -15.683228
v 0.435698 1.222327 -15.646795
v 0.528544 1.210544 -15.611800
v 0.435696 1.222327 -15.646798
v 0.436352 1.179762 -15.634984
v 0.459361 1.170006 -15.671413
v 0.528547 1.210544 -15.611796
v 0.436356 1.179762 -15.634982
v 0.435699 1.222327 -15.646794
v 0.458705 1.212571 -15.683227
v 0.366513 1.181789 -15.706412
v 0.458701 1.212571 -15.683230
v 0.459357 1.170006 -15.671417
v 0.366509 1.181789 -15.706416
v 0.459365 1.170006 -15.671411
v 0.436359 1.179762 -15.634978
v 0.366517 1.181789 -15.706408
v 0.436352 1.179762 -15.634984
v 0.435696 1.222327 -15.646798
v 0.366510 1.181789 -15.706415
v 0.536127 1.340923 -15.659266
v 0.559825 1.372844 -15.640000
v 0.576925 1.293997 -15.581051
v 0.576924 1.293997 -15.581052
v 0.559824 1.372844 -15.640001
v 0.528810 1.377051 -15.608822
v 0.576922 1.293997 -15.581054
v 0.528808 1.377051 -15.608824
v 0.505109 1.345131 -15.628091
v 0.536122 1.340923 -15.659272
v 0.576920 1.293997 -15.581056
v 0.505106 1.345130 -15.628093
v 0.528811 1.377052 -15.608822
v 0.559825 1.372844 -15.640000
v 0.488012 1.423978 -15.687037
v 0.559825 1.372844 -15.640000
v 0.536127 1.340923 -15.659267
v 0.488012 1.423978 -15.687037
v 0.536122 1.340923 -15.659272
v 0.505106 1.345131 -15.628093
v 0.488006 1.423978 -15.687043
v 0.505106 1.345131 -15.628093
v 0.528805 1.377052 -15.608827
v 0.488006 1.423978 -15.687043
v 0.381094 1.676367 -15.780063
v 0.414447 1.687398 -15.753273
v 0.412314 1.587763 -15.746019
v 0.412314 1.587763 -15.746019
v 0.414447 1.687398 -15.753273
v 0.388465 1.680715 -15.718172
v 0.412312 1.587763 -15.746021
v 0.388463 1.680715 -15.718175
v 0.355110 1.669685 -15.744964
v 0.381095 1.676367 -15.780061
v 0.412315 1.587763 -15.746017
v 0.355113 1.669685 -15.744960
v 0.388465 1.680715 -15.718172
v 0.414447 1.687398 -15.753273
v 0.357245 1.769320 -15.752215
v 0.414442 1.687398 -15.753280
v 0.381088 1.676367 -15.780068
v 0.357240 1.769320 -15.752223
v 0.381090 1.676367 -15.780067
v 0.355108 1.669685 -15.744966
v 0.357242 1.769320 -15.752220
v 0.355106 1.669685 -15.744967
v 0.388460 1.680715 -15.718179
v 0.357240 1.769320 -15.752223
v 0.727475 1.170006 -15.367168
v 0.739257 1.212571 -15.366092
v 0.759151 1.181789 -15.273136
v 0.759149 1.181789 -15.273138
v 0.739255 1.212571 -15.366095
v 0.702028 1.222327 -15.344398
v 0.759150 1.181789 -15.273136
v 0.702030 1.222327 -15.344397
v 0.690248 1.179762 -15.345472
v 0.727472 1.170006 -15.367171
v 0.759148 1.181789 -15.273139
v 0.690245 1.179762 -15.345474
v 0.702028 1.222327 -15.344398
v 0.739255 1.212571 -15.366095
v 0.670351 1.210544 -15.438432
v 0.739252 1.212571 -15.366096
v 0.727470 1.170006 -15.367172
v 0.670349 1.210544 -15.438435
v 0.727476 1.170006 -15.367167
v 0.690249 1.179762 -15.345470
v 0.670354 1.210544 -15.438429
v 0.690242 1.179762 -15.345478
v 0.702024 1.222327 -15.344401
v 0.670348 1.210544 -15.438436
v 0.631828 1.228900 -15.528784
v 0.649566 1.267797 -15.517643
v 0.670350 1.210544 -15.438433
v 0.670352 1.210544 -15.438430
v 0.649568 1.267797 -15.517641
v 0.615446 1.275641 -15.490699
v 0.670351 1.210544 -15.438432
v 0.615445 1.275641 -15.490700
v 0.597708 1.236744 -15.501839
v 0.631827 1.228900 -15.528784
v 0.670349 1.210544 -15.438433
v 0.597706 1.236744 -15.501842
v 0.615444 1.275641 -15.490702
v 0.649566 1.267797 -15.517644
v 0.576921 1.293997 -15.581055
v 0.649566 1.267797 -15.517644
v 0.631827 1.228900 -15.528786
v 0.576921 1.293997 -15.581055
v 0.631832 1.228900 -15.528781
v 0.597710 1.236744 -15.501837
v 0.576925 1.293997 -15.581050
v 0.597707 1.236744 -15.501841
v 0.615444 1.275641 -15.490702
v 0.576922 1.293997 -15.581054
v 0.882050 1.228900 -15.015338
v 0.884206 1.267797 -15.036172
v 0.889388 1.293997 -14.939886
v 0.889388 1.293997 -14.939885
v 0.884207 1.267797 -15.036172
v 0.841961 1.275641 -15.025899
v 0.889387 1.293997 -14.939887
v 0.841959 1.275641 -15.025901
v 0.839804 1.236744 -15.005065
v 0.882051 1.228900 -15.015337
v 0.889389 1.293997 -14.939885
v 0.839806 1.236744 -15.005064
v 0.841961 1.275641 -15.025899
v 0.884207 1.267797 -15.036172
v 0.834624 1.210544 -15.101351
v 0.884204 1.267797 -15.036176
v 0.882049 1.228900 -15.015339
v 0.834621 1.210544 -15.101354
v 0.882048 1.228900 -15.015342
v 0.839802 1.236744 -15.005068
v 0.834620 1.210544 -15.101354
v 0.839806 1.236744 -15.005064
v 0.841961 1.275641 -15.025899
v 0.834624 1.210544 -15.101350
v 0.827933 1.495110 -15.380387
v 0.804323 1.517429 -15.410325
v 0.826768 1.587763 -15.342992
v 0.826771 1.587763 -15.342989
v 0.804325 1.517429 -15.410323
v 0.769355 1.516631 -15.383337
v 0.826767 1.587763 -15.342993
v 0.769351 1.516631 -15.383342
v 0.792961 1.494312 -15.353404
v 0.827932 1.495110 -15.380388
v 0.826767 1.587763 -15.342993
v 0.792961 1.494312 -15.353404
v 0.769353 1.516631 -15.383338
v 0.804324 1.517429 -15.410324
v 0.770518 1.423978 -15.420734
v 0.804322 1.517429 -15.410326
v 0.827932 1.495110 -15.380388
v 0.770516 1.423978 -15.420737
v 0.827930 1.495110 -15.380389
v 0.792959 1.494312 -15.353406
v 0.770514 1.423978 -15.420738
v 0.792961 1.494312 -15.353404
v 0.769351 1.516631 -15.383342
v 0.770517 1.423978 -15.420735
v 0.744473 1.340923 -15.469809
v 0.726061 1.372844 -15.494175
v 0.770517 1.423978 -15.420735
v 0.770518 1.423978 -15.420734
v 0.726062 1.372844 -15.494174
v 0.693801 1.377052 -15.464287
v 0.770517 1.423978 -15.420735
v 0.693800 1.377052 -15.464289
v 0.712211 1.345131 -15.439920
v 0.744474 1.340923 -15.469806
v 0.770519 1.423978 -15.420734
v 0.712213 1.345131 -15.439919
v 0.693799 1.377051 -15.464290
v 0.726060 1.372844 -15.494175
v 0.667755 1.293997 -15.513361
v 0.726063 1.372844 -15.494173
v 0.744474 1.340923 -15.469806
v 0.667757 1.293997 -15.513357
v 0.744471 1.340923 -15.469810
v 0.712210 1.345130 -15.439921
v 0.667754 1.293997 -15.513362
v 0.712206 1.345131 -15.439925
v 0.693794 1.377051 -15.464293
v 0.667750 1.293997 -15.513366
v -0.237307 1.676367 -15.894313
v -0.194577 1.687398 -15.892244
v -0.192039 1.587763 -15.885120
v -0.192035 1.587763 -15.885116
v -0.194573 1.687398 -15.892239
v -0.194961 1.680715 -15.848571
v -0.192037 1.587763 -15.885118
v -0.194963 1.680715 -15.848572
v -0.237693 1.669685 -15.850639
v -0.237306 1.676367 -15.894311
v -0.192039 1.587763 -15.885119
v -0.237695 1.669685 -15.850643
v -0.194962 1.680715 -15.848572
v -0.194574 1.687398 -15.892240
v -0.240229 1.769320 -15.857762
v -0.194576 1.687398 -15.892241
v -0.237305 1.676367 -15.894309
v -0.240231 1.769320 -15.857763
v -0.237303 1.676367 -15.894307
v -0.237691 1.669685 -15.850638
v -0.240228 1.769320 -15.857761
v -0.237692 1.669685 -15.850639
v -0.194962 1.680715 -15.848572
v -0.240229 1.769320 -15.857762
v -0.040881 1.340923 -15.887712
v -0.010384 1.372844 -15.886053
v 0.038101 1.293997 -15.848413
v 0.038101 1.293997 -15.848413
v -0.010384 1.372844 -15.886053
v -0.017149 1.377051 -15.842599
v 0.038101 1.293997 -15.848413
v -0.017149 1.377051 -15.842599
v -0.047646 1.345130 -15.844256
v -0.040880 1.340923 -15.887709
v 0.038102 1.293997 -15.848411
v -0.047645 1.345130 -15.844254
v -0.017153 1.377052 -15.842603
v -0.010387 1.372844 -15.886057
v -0.096134 1.423978 -15.881901
v -0.010384 1.372844 -15.886053
v -0.040880 1.340923 -15.887711
v -0.096130 1.423978 -15.881897
v -0.040882 1.340923 -15.887712
v -0.047648 1.345131 -15.844258
v -0.096132 1.423978 -15.881899
v -0.047645 1.345131 -15.844254
v -0.017149 1.377052 -15.842598
v -0.096130 1.423978 -15.881895
v 0.617469 1.228900 -15.570092
v 0.606966 1.267797 -15.588215
v 0.667753 1.293997 -15.513363
v 0.667756 1.293997 -15.513360
v 0.606969 1.267797 -15.588211
v 0.578831 1.275641 -15.555068
v 0.667752 1.293997 -15.513365
v 0.578826 1.275641 -15.555073
v 0.589329 1.236744 -15.536949
v 0.617471 1.228900 -15.570088
v 0.667756 1.293997 -15.513361
v 0.589333 1.236744 -15.536946
v 0.578829 1.275641 -15.555070
v 0.606968 1.267797 -15.588213
v 0.528545 1.210544 -15.611799
v 0.606969 1.267797 -15.588212
v 0.617471 1.228900 -15.570088
v 0.528546 1.210544 -15.611798
v 0.617469 1.228900 -15.570092
v 0.589330 1.236744 -15.536949
v 0.528543 1.210544 -15.611800
v 0.589332 1.236744 -15.536948
v 0.578829 1.275641 -15.555070
v 0.528545 1.210544 -15.611799
v 0.925852 1.340923 -14.859559
v 0.925280 1.372844 -14.890097
v 0.918078 1.423978 -14.804553
v 0.918079 1.423978 -14.804552
v 0.925281 1.372844 -14.890097
v 0.881614 1.377052 -14.884880
v 0.918081 1.423978 -14.804550
v 0.881615 1.377052 -14.884876
v 0.882188 1.345131 -14.854340
v 0.925852 1.340923 -14.859559
v 0.918078 1.423978 -14.804553
v 0.882185 1.345131 -14.854343
v 0.881612 1.377052 -14.884881
v 0.925279 1.372844 -14.890099
v 0.889386 1.293997 -14.939887
v 0.925280 1.372844 -14.890097
v 0.925852 1.340923 -14.859559
v 0.889387 1.293997 -14.939887
v 0.925854 1.340923 -14.859558
v 0.882187 1.345131 -14.854341
v 0.889389 1.293997 -14.939885
v 0.882188 1.345131 -14.854340
v 0.881615 1.377051 -14.884876
v 0.889389 1.293997 -14.939885
v 0.940815 1.495110 -14.738160
v 0.939311 1.517429 -14.776258
v 0.917892 1.587763 -14.708591
v 0.917893 1.587763 -14.708589
v 0.939311 1.517429 -14.776255
v 0.895158 1.516631 -14.774981
v 0.917891 1.587763 -14.708591
v 0.895156 1.516631 -14.774982
v 0.896661 1.494312 -14.736886
v 0.940812 1.495110 -14.738162
v 0.917889 1.587763 -14.708593
v 0.896659 1.494312 -14.736888
v 0.895158 1.516631 -14.774981
v 0.939312 1.517429 -14.776255
v 0.918081 1.423978 -14.804550
v 0.939309 1.517429 -14.776258
v 0.940813 1.495110 -14.738162
v 0.918078 1.423978 -14.804553
v 0.940810 1.495110 -14.738165
v 0.896657 1.494312 -14.736889
v 0.918075 1.423978 -14.804555
v 0.896661 1.494312 -14.736886
v 0.895157 1.516631 -14.774981
v 0.918080 1.423978 -14.804552
v 0.113242 1.228900 -15.838401
v 0.134140 1.267797 -15.839816
v 0.197514 1.210544 -15.787949
v 0.197515 1.210544 -15.787947
v 0.134141 1.267797 -15.839813
v 0.122373 1.275641 -15.797960
v 0.197513 1.210544 -15.787951
v 0.122370 1.275641 -15.797963
v 0.101472 1.236744 -15.796550
v 0.113243 1.228900 -15.838401
v 0.197515 1.210544 -15.787948
v 0.101474 1.236744 -15.796547
v 0.122373 1.275641 -15.797958
v 0.134142 1.267797 -15.839812
v 0.038101 1.293997 -15.848411
v 0.134142 1.267797 -15.839813
v 0.113243 1.228900 -15.838400
v 0.038101 1.293997 -15.848413
v 0.113244 1.228900 -15.838400
v 0.101475 1.236744 -15.796545
v 0.038101 1.293997 -15.848413
v 0.101471 1.236744 -15.796548
v 0.122369 1.275641 -15.797961
v 0.038097 1.293997 -15.848415
v 0.285614 1.170006 -15.763868
v 0.295779 1.212571 -15.769924
v 0.366512 1.181789 -15.706414
v 0.366510 1.181789 -15.706415
v 0.295777 1.212571 -15.769925
v 0.278412 1.222327 -15.730492
v 0.366511 1.181789 -15.706414
v 0.278413 1.222327 -15.730490
v 0.268249 1.179762 -15.724434
v 0.285612 1.170006 -15.763871
v 0.366509 1.181789 -15.706416
v 0.268247 1.179762 -15.724437
v 0.278412 1.222327 -15.730493
v 0.295777 1.212571 -15.769926
v 0.197514 1.210544 -15.787949
v 0.295778 1.212571 -15.769925
v 0.285614 1.170006 -15.763869
v 0.197515 1.210544 -15.787947
v 0.285614 1.170006 -15.763870
v 0.268250 1.179762 -15.724436
v 0.197515 1.210544 -15.787948
v 0.268249 1.179762 -15.724434
v 0.278413 1.222327 -15.730490
v 0.197515 1.210544 -15.787947
v 0.925472 1.676367 -14.663023
v 0.924923 1.687398 -14.705798
v 0.888845 1.769320 -14.661397
v 0.888840 1.769320 -14.661402
v 0.924919 1.687398 -14.705803
v 0.881263 1.680715 -14.706967
v 0.888841 1.769320 -14.661401
v 0.881264 1.680715 -14.706965
v 0.881813 1.669685 -14.664190
v 0.925468 1.676367 -14.663026
v 0.888841 1.769320 -14.661401
v 0.881813 1.669685 -14.664190
v 0.881266 1.680715 -14.706964
v 0.924921 1.687398 -14.705799
v 0.917893 1.587763 -14.708589
v 0.924921 1.687398 -14.705801
v 0.925469 1.676367 -14.663025
v 0.917892 1.587763 -14.708591
v 0.925466 1.676367 -14.663028
v 0.881811 1.669685 -14.664191
v 0.917889 1.587763 -14.708593
v 0.881811 1.669685 -14.664191
v 0.881262 1.680715 -14.706967
v 0.917889 1.587763 -14.708593
v 0.449726 1.495110 -15.745854
v 0.478805 1.517429 -15.721196
v 0.488008 1.423978 -15.687041
v 0.488008 1.423978 -15.687041
v 0.478805 1.517429 -15.721196
v 0.450595 1.516631 -15.687206
v 0.488008 1.423978 -15.687041
v 0.450595 1.516631 -15.687206
v 0.421516 1.494312 -15.711864
v 0.449726 1.495110 -15.745854
v 0.488008 1.423978 -15.687041
v 0.421516 1.494312 -15.711864
v 0.450593 1.516631 -15.687208
v 0.478803 1.517429 -15.721198
v 0.412311 1.587763 -15.746022
v 0.478801 1.517429 -15.721199
v 0.449722 1.495110 -15.745858
v 0.412309 1.587763 -15.746023
v 0.449726 1.495110 -15.745854
v 0.421516 1.494312 -15.711864
v 0.412313 1.587763 -15.746019
v 0.421519 1.494312 -15.711862
v 0.450598 1.516631 -15.687203
v 0.412315 1.587763 -15.746017
v -0.161670 1.495110 -15.906974
v -0.123651 1.517429 -15.904117
v -0.096130 1.423977 -15.881895
v -0.096130 1.423977 -15.881895
v -0.123651 1.517429 -15.904117
v -0.126495 1.516630 -15.860038
v -0.096131 1.423977 -15.881895
v -0.126496 1.516630 -15.860038
v -0.164515 1.494312 -15.862895
v -0.161673 1.495110 -15.906978
v -0.096133 1.423977 -15.881899
v -0.164517 1.494312 -15.862897
v -0.126498 1.516630 -15.860042
v -0.123654 1.517429 -15.904120
v -0.192039 1.587763 -15.885119
v -0.123653 1.517429 -15.904120
v -0.161672 1.495110 -15.906975
v -0.192038 1.587763 -15.885118
v -0.161674 1.495110 -15.906979
v -0.164518 1.494312 -15.862900
v -0.192039 1.587763 -15.885120
v -0.164514 1.494312 -15.862895
v -0.126495 1.516630 -15.860038
v -0.192036 1.587763 -15.885117
v 0.813694 1.170006 -15.190248
v 0.820107 1.212571 -15.200190
v 0.834624 1.210544 -15.101350
v 0.834626 1.210544 -15.101349
v 0.820108 1.212571 -15.200189
v 0.780082 1.222327 -15.184236
v 0.834621 1.210544 -15.101354
v 0.780078 1.222327 -15.184240
v 0.773665 1.179762 -15.174299
v 0.813693 1.170006 -15.190249
v 0.834623 1.210544 -15.101351
v 0.773667 1.179762 -15.174296
v 0.780077 1.222327 -15.184241
v 0.820103 1.212571 -15.200193
v 0.759146 1.181789 -15.273140
v 0.820106 1.212571 -15.200191
v 0.813693 1.170006 -15.190249
v 0.759149 1.181789 -15.273138
v 0.813691 1.170006 -15.190250
v 0.773665 1.179762 -15.174299
v 0.759147 1.181789 -15.273140
v 0.773667 1.179762 -15.174296
v 0.780080 1.222327 -15.184239
v 0.759149 1.181789 -15.273138
v 0.909565 2.337995 -14.009710
v 0.824317 2.257829 -13.964366
v 0.920567 2.293157 -13.865681
v 0.945927 2.269677 -14.080433
v 0.982843 2.382254 -14.078137
v 0.997738 2.306841 -14.000755
v 1.006034 2.367748 -14.023608
v 0.951007 2.392948 -14.017241
v 0.994867 2.471529 -13.984636
v 0.942919 2.168932 -13.928414
v 0.957054 2.244166 -13.875393
v 0.865564 2.164869 -13.983656
v 0.824317 2.257829 -13.964366
v 0.942919 2.168932 -13.928414
v 0.865564 2.164869 -13.983656
v 0.942919 2.168932 -13.928414
v 0.920567 2.293157 -13.865681
v 0.957054 2.244166 -13.875393
v 0.942919 2.168932 -13.928414
v 0.824317 2.257829 -13.964366
v 0.920567 2.293157 -13.865681
v 0.553121 2.306905 -13.579700
v 0.628353 2.168975 -13.630433
v 0.680559 2.244213 -13.613479
v 0.476364 2.269746 -13.635748
v 0.476689 2.382322 -13.598791
v 0.549009 2.338042 -13.668167
v 0.539277 2.392991 -13.627224
v 0.529879 2.367816 -13.572701
v 0.569407 2.471598 -13.581731
v 0.692232 2.293183 -13.649387
v 0.598932 2.257872 -13.750866
v 0.577407 2.164912 -13.710693
v 0.577407 2.164912 -13.710693
v 0.628353 2.168975 -13.630433
v 0.598932 2.257872 -13.750866
v 0.628353 2.168975 -13.630433
v 0.680559 2.244213 -13.613479
v 0.692232 2.293183 -13.649387
v 0.628353 2.168975 -13.630433
v 0.692232 2.293183 -13.649387
v 0.598932 2.257872 -13.750866
v 0.842652 0.125405 -14.857621
v 0.863614 0.121966 -14.856744
v 0.925413 0.163658 -14.721812
v 0.773274 0.163658 -14.791901
v 0.863554 0.683408 -14.877420
v 0.864706 0.675223 -14.857353
v 0.924851 0.625428 -14.710798
v 0.936891 0.726671 -14.946891
v 1.005125 0.122112 -14.852944
v 0.936891 0.073444 -14.946891
v 1.007212 0.114376 -14.872653
v 1.112313 0.287522 -14.738834
v 1.091880 0.163658 -14.783274
v 1.123563 0.271232 -14.749826
v 1.004064 0.675065 -14.853616
v 1.099465 0.625428 -14.775267
v 1.025484 0.671500 -14.853365
v 1.026158 0.125404 -14.852654
v 1.027035 0.121966 -14.873614
v 1.161969 0.163658 -14.935411
v 0.936891 0.726671 -14.946891
v 1.006360 0.683409 -14.873553
v 1.026423 0.675224 -14.874706
v 1.172983 0.625428 -14.934850
v 1.011126 0.114375 -15.017210
v 1.030834 0.122112 -15.015123
v 0.936891 0.073444 -14.946891
v 1.144943 0.287522 -15.122313
v 1.100507 0.163658 -15.101878
v 1.133954 0.271231 -15.133562
v 1.030415 0.671499 -15.035483
v 1.030163 0.675066 -15.014064
v 1.108513 0.625428 -15.109464
v 1.031127 0.125403 -15.036157
v 1.010165 0.121965 -15.037033
v 0.948368 0.163658 -15.171968
v 1.009073 0.675225 -15.036421
v 0.948930 0.625428 -15.182981
v 0.967056 0.648668 -15.119164
v 0.967574 0.664738 -15.080570
v 0.936891 0.726671 -14.946891
v 1.010226 0.683409 -15.016357
v 0.868655 0.122112 -15.040833
v 0.936891 0.073444 -14.946891
v 0.866568 0.114376 -15.021127
v 0.761466 0.287522 -15.154941
v 0.781902 0.163658 -15.110507
v 0.750218 0.271232 -15.143952
v 0.774319 0.625428 -15.118512
v 0.848298 0.671499 -15.040415
v 0.869714 0.675065 -15.040162
v 0.869716 0.675065 -15.040162
v 0.842946 0.122112 -14.878655
v 0.711812 0.163658 -14.958367
v 0.936891 0.073444 -14.946891
v 0.862654 0.114376 -14.876568
v 0.728838 0.287522 -14.771466
v 0.773274 0.163658 -14.791901
v 0.739827 0.271232 -14.760218
v 0.843617 0.675065 -14.879714
v 0.700800 0.625428 -14.958928
v 0.765268 0.625428 -14.784317
v 0.843364 0.671498 -14.858294
v 1.263081 0.400057 -14.930256
v 1.222548 0.400057 -15.040036
v 1.211913 0.415741 -15.052179
v 0.862654 0.114376 -14.876568
v 0.863616 0.121966 -14.856744
v 1.220009 0.400057 -14.836760
v 1.208205 0.384627 -14.825802
v 1.125772 0.529864 -14.747495
v 1.137098 0.513915 -14.757914
v 0.748010 0.529862 -15.146284
v 0.736684 0.513914 -15.135860
v 0.610702 0.400057 -14.963522
v 0.826763 0.400057 -14.663772
v 0.815803 0.384628 -14.675574
v 0.920257 0.400057 -14.620701
v 0.765268 0.625428 -14.784317
v 0.737496 0.529863 -14.758009
v 0.747918 0.513915 -14.746682
v 0.651233 0.400057 -14.853744
v 0.661868 0.415740 -14.841601
v 0.653773 0.400057 -15.057014
v 0.665577 0.384627 -15.067974
v 1.030036 0.400057 -14.661231
v 1.042179 0.415741 -14.671865
v 0.953525 0.400057 -15.273079
v 0.843743 0.400057 -15.232547
v 0.831600 0.415740 -15.221911
v 1.125773 0.529861 -14.747494
v 1.047017 0.400057 -15.230007
v 1.057978 0.384627 -15.218204
v 0.936891 0.073444 -14.946891
v 0.843364 0.671498 -14.858294
v 1.026158 0.125404 -14.852653
v 1.058416 0.400057 -14.671709
v 1.042029 0.384333 -14.672257
v 1.131753 0.299041 -14.741179
v 1.161506 0.400057 -14.709771
v 0.936891 0.726671 -14.946891
v 1.006359 0.683409 -14.873554
v 1.007213 0.114376 -14.872653
v 0.936891 0.073444 -14.946891
v 1.025483 0.671500 -14.853366
v 1.031127 0.125403 -15.036157
v 1.212069 0.400057 -15.068417
v 1.211521 0.384333 -15.052029
v 1.142600 0.299041 -15.141751
v 1.174008 0.400057 -15.171504
v 1.010226 0.683409 -15.016357
v 0.936891 0.726671 -14.946891
v 1.011126 0.114375 -15.017210
v 0.936891 0.073444 -14.946891
v 1.030415 0.671499 -15.035483
v 0.847624 0.125403 -15.041125
v 0.815363 0.400057 -15.222066
v 0.831750 0.384333 -15.221519
v 0.742028 0.299042 -15.152598
v 0.712277 0.400057 -15.184006
v 0.936891 0.726671 -14.946891
v 0.867639 0.682615 -15.022121
v 0.867420 0.683408 -15.020227
v 0.846745 0.121965 -15.020162
v 0.866569 0.114376 -15.021126
v 0.936891 0.073444 -14.946891
v 0.847357 0.675225 -15.019073
v 0.848298 0.671499 -15.040415
v 0.842652 0.125405 -14.857621
v 0.661711 0.400057 -14.825362
v 0.662260 0.384333 -14.841749
v 0.731180 0.299042 -14.752027
v 0.699773 0.400057 -14.722275
v 0.863554 0.683408 -14.877420
v 0.936891 0.726671 -14.946891
v 1.144292 0.502314 -15.143354
v 1.146780 0.513756 -15.124457
v 1.136285 0.529863 -15.135770
v 1.135381 0.287361 -14.760154
v 1.207592 0.400057 -14.809809
v 1.208585 0.415447 -14.825632
v 1.133357 0.502313 -14.739487
v 0.740425 0.502312 -15.154290
v 0.666190 0.400057 -15.083968
v 0.665198 0.415447 -15.068146
v 0.731180 0.299042 -14.752027
v 0.750157 0.287362 -14.748399
v 0.799810 0.400057 -14.676188
v 0.699773 0.400057 -14.722275
v 0.739827 0.271232 -14.760218
v 0.815633 0.415447 -14.675196
v 0.729489 0.502312 -14.750424
v 0.729489 0.502312 -14.750424
v 0.727001 0.513755 -14.769320
v 0.737497 0.529863 -14.758008
v 0.738400 0.287362 -15.133622
v 1.114459 0.513756 -14.737000
v 1.125770 0.529863 -14.747494
v 0.759321 0.513755 -15.156778
v 1.058147 0.415447 -15.218583
v 1.073969 0.400057 -15.217592
v 1.125864 0.513914 -15.147098
v 1.143840 0.502598 -15.143445
v 1.123625 0.287360 -15.145381
v 0.750759 0.525946 -15.148836
v 1.133356 0.502315 -14.739488
v 0.936891 0.726671 -14.946891
v 0.867420 0.683408 -15.020227
v 1.125864 0.513916 -15.147097
v 1.125865 0.513915 -15.147097
v 1.133743 0.508955 -15.145497
v 1.363397 0.400057 -15.110172
v 1.211520 0.384333 -15.052029
v 1.363397 0.400057 -15.110172
v 1.222547 0.400057 -15.040035
v 1.063770 -0.021875 -15.067079
v 1.030833 0.122112 -15.015123
v 1.011125 0.114375 -15.017209
v 1.030833 0.122112 -15.015123
v 1.063770 -0.021875 -15.067079
v 1.031127 0.125404 -15.036156
v 1.123016 0.400057 -15.363934
v 1.057976 0.384627 -15.218204
v 1.123016 0.400057 -15.363934
v 1.073969 0.400057 -15.217590
v 0.810008 -0.021875 -14.826697
v 0.863615 0.121966 -14.856743
v 0.842651 0.125405 -14.857619
v 0.863614 0.121966 -14.856744
v 0.810008 -0.021875 -14.826697
v 0.862653 0.114376 -14.876566
v 1.353935 0.400057 -14.760761
v 1.208205 0.384627 -14.825799
v 1.353935 0.400057 -14.760761
v 1.207592 0.400057 -14.809809
v 0.748010 0.529862 -15.146280
v 0.646723 0.574827 -15.253206
v 0.736683 0.513914 -15.135859
v 0.646723 0.574827 -15.253206
v 0.740425 0.502311 -15.154289
v 0.736683 0.513914 -15.135859
v 0.646723 0.574827 -15.253206
v 0.759321 0.513755 -15.156778
v 0.646723 0.574827 -15.253206
v 0.748008 0.529863 -15.146283
v 0.750761 0.400057 -14.529841
v 0.815802 0.384627 -14.675574
v 0.750761 0.400057 -14.529841
v 0.799809 0.400057 -14.676188
v 0.867420 0.683409 -15.020224
v 0.816698 0.821989 -15.073770
v 0.847355 0.675224 -15.019072
v 0.816698 0.821989 -15.073770
v 0.848295 0.671498 -15.040413
v 0.847354 0.675224 -15.019072
v 0.816698 0.821989 -15.073770
v 0.869713 0.675065 -15.040162
v 0.848295 0.671499 -15.040413
v 0.869713 0.675065 -15.040162
v 0.816698 0.821989 -15.073770
v 0.867420 0.683409 -15.020224
v 0.510380 0.400057 -14.783604
v 0.662259 0.384333 -14.841749
v 0.510380 0.400057 -14.783604
v 0.651232 0.400057 -14.853743
v 0.519842 0.400057 -15.133016
v 0.665577 0.384627 -15.067974
v 0.519842 0.400057 -15.133016
v 0.666190 0.400057 -15.083967
v 1.100173 0.400057 -14.520380
v 1.042028 0.384333 -14.672257
v 1.100173 0.400057 -14.520380
v 1.030035 0.400057 -14.661231
v 0.773604 0.400057 -15.373397
v 0.831750 0.384333 -15.221519
v 0.773604 0.400057 -15.373397
v 0.843742 0.400057 -15.232546
v 1.133355 0.502313 -14.739486
v 1.227054 0.574827 -14.640570
v 1.114459 0.513756 -14.736997
v 1.227054 0.574827 -14.640570
v 1.125770 0.529863 -14.747493
v 1.114458 0.513756 -14.736997
v 1.007210 0.114376 -14.872652
v 1.057079 -0.021875 -14.820007
v 1.005124 0.122112 -14.852943
v 1.057079 -0.021875 -14.820007
v 1.026157 0.125404 -14.852650
v 1.005124 0.122112 -14.852943
v 1.025483 0.671499 -14.853362
v 1.057079 0.821989 -14.820007
v 1.004064 0.675065 -14.853615
v 1.057079 0.821989 -14.820007
v 1.006357 0.683409 -14.873553
v 1.004064 0.675065 -14.853615
v 1.123561 0.271232 -14.749825
v 1.227054 0.225287 -14.640570
v 1.112312 0.287522 -14.738834
v 1.227054 0.225287 -14.640570
v 0.630571 0.574827 -14.656723
v 0.747917 0.513914 -14.746681
v 0.737494 0.529863 -14.758008
v 0.747916 0.513914 -14.746682
v 0.630571 0.574827 -14.656723
v 0.729488 0.502312 -14.750423
v 0.810008 0.821989 -14.826697
v 0.864705 0.675224 -14.857354
v 0.863553 0.683408 -14.877419
v 0.864705 0.675224 -14.857354
v 0.810008 0.821989 -14.826697
v 0.843363 0.671498 -14.858294
v 1.243207 0.574827 -15.237054
v 1.146779 0.513756 -15.124455
v 1.144291 0.502313 -15.143354
v 1.243207 0.574827 -15.237054
v 0.847620 0.125404 -15.041125
v 0.816698 -0.021875 -15.073770
v 0.846744 0.121966 -15.020162
v 0.816698 -0.021875 -15.073770
v 0.866567 0.114376 -15.021125
v 0.846744 0.121966 -15.020162
v 0.816698 -0.021875 -15.073770
v 0.868654 0.122112 -15.040833
v 0.866567 0.114376 -15.021125
v 0.868654 0.122112 -15.040833
v 0.816698 -0.021875 -15.073770
v 0.847621 0.125404 -15.041125
v 0.742027 0.299043 -15.152597
v 0.646723 0.225287 -15.253206
v 0.738399 0.287362 -15.133621
v 0.646723 0.225287 -15.253206
v 0.750217 0.271232 -15.143950
v 0.738399 0.287362 -15.133621
v 0.646723 0.225287 -15.253206
v 0.761466 0.287522 -15.154940
v 0.750217 0.271232 -15.143950
v 0.646723 0.225287 -15.253206
v 1.243207 0.225287 -15.237054
v 1.144942 0.287522 -15.122312
v 1.133953 0.271232 -15.133561
v 1.243207 0.225287 -15.237054
v 0.630571 0.225287 -14.656723
v 0.750155 0.287362 -14.748397
v 0.731179 0.299042 -14.752026
v 0.750154 0.287362 -14.748398
v 0.630571 0.225287 -14.656723
v 0.739826 0.271232 -14.760217
v 1.063770 0.821989 -15.067079
v 1.030162 0.675066 -15.014063
v 1.030415 0.671499 -15.035481
v 1.030162 0.675066 -15.014063
v 1.063770 0.821989 -15.067079
v 1.010225 0.683409 -15.016357
v 0.810008 -0.021875 -14.826697
v 0.842944 0.122113 -14.878653
v 0.862653 0.114376 -14.876566
v 0.810008 -0.021875 -14.826697
v 0.842651 0.125405 -14.857619
v 0.842944 0.122113 -14.878653
v 0.750761 0.400057 -14.529841
v 0.815632 0.415447 -14.675196
v 0.799809 0.400057 -14.676188
v 0.750761 0.400057 -14.529841
v 0.826763 0.400057 -14.663771
v 0.815632 0.415447 -14.675196
v 0.630571 0.225287 -14.656723
v 0.728837 0.287522 -14.771464
v 0.739826 0.271232 -14.760217
v 0.630571 0.225287 -14.656723
v 0.731179 0.299042 -14.752026
v 0.728837 0.287522 -14.771464
v 0.630571 0.574827 -14.656723
v 0.727000 0.513755 -14.769322
v 0.729488 0.502312 -14.750423
v 0.630571 0.574827 -14.656723
v 0.737494 0.529863 -14.758008
v 0.727000 0.513755 -14.769320
v 0.810008 0.821989 -14.826697
v 0.843616 0.675065 -14.879714
v 0.843363 0.671498 -14.858294
v 0.810008 0.821989 -14.826697
v 0.863553 0.683408 -14.877419
v 0.843616 0.675065 -14.879714
v 1.057079 -0.021875 -14.820007
v 1.027034 0.121965 -14.873614
v 1.026156 0.125404 -14.852652
v 1.057079 -0.021875 -14.820007
v 1.007210 0.114376 -14.872652
v 1.027034 0.121965 -14.873614
v 1.100173 0.400057 -14.520380
v 1.042179 0.415741 -14.671865
v 1.030035 0.400057 -14.661231
v 1.100173 0.400057 -14.520380
v 1.058416 0.400057 -14.671708
v 1.042179 0.415741 -14.671865
v 1.227054 0.225287 -14.640570
v 1.135380 0.287361 -14.760152
v 1.131752 0.299042 -14.741179
v 1.227054 0.225287 -14.640570
v 1.123561 0.271232 -14.749825
v 1.135381 0.287361 -14.760152
v 1.227054 0.574827 -14.640570
v 1.137097 0.513915 -14.757913
v 1.125770 0.529863 -14.747493
v 1.227054 0.574827 -14.640570
v 1.133355 0.502313 -14.739486
v 1.137097 0.513915 -14.757913
v 1.057079 0.821989 -14.820007
v 1.026423 0.675225 -14.874705
v 1.006357 0.683409 -14.873553
v 1.057079 0.821989 -14.820007
v 1.025482 0.671499 -14.853363
v 1.026423 0.675225 -14.874705
v 1.353935 0.400057 -14.760761
v 1.208584 0.415447 -14.825631
v 1.207592 0.400057 -14.809809
v 1.353935 0.400057 -14.760761
v 1.220009 0.400057 -14.836760
v 1.208584 0.415447 -14.825631
v 1.063770 -0.021875 -15.067079
v 1.010163 0.121965 -15.037033
v 1.031126 0.125404 -15.036157
v 1.063770 -0.021875 -15.067079
v 1.011125 0.114376 -15.017209
v 1.010164 0.121965 -15.037032
v 1.363397 0.400057 -15.110172
v 1.211912 0.415740 -15.052178
v 1.222547 0.400057 -15.040035
v 1.363397 0.400057 -15.110172
v 1.212069 0.400057 -15.068415
v 1.211912 0.415740 -15.052178
v 1.243207 0.225287 -15.237054
v 1.123625 0.287361 -15.145380
v 1.142599 0.299041 -15.141751
v 1.243207 0.225287 -15.237054
v 1.133953 0.271232 -15.133561
v 1.123625 0.287361 -15.145380
v 1.243207 0.574827 -15.237054
v 1.125863 0.513915 -15.147096
v 1.136284 0.529863 -15.135770
v 1.243207 0.574827 -15.237054
v 1.144291 0.502313 -15.143354
v 1.125863 0.513915 -15.147096
v 1.063770 0.821989 -15.067079
v 1.009073 0.675225 -15.036421
v 1.010225 0.683409 -15.016357
v 1.063770 0.821989 -15.067079
v 1.030415 0.671499 -15.035481
v 1.009073 0.675225 -15.036421
v 1.123016 0.400057 -15.363934
v 1.058146 0.415447 -15.218583
v 1.073969 0.400057 -15.217589
v 1.123016 0.400057 -15.363934
v 1.047016 0.400057 -15.230007
v 1.058146 0.415447 -15.218583
v 0.773604 0.400057 -15.373397
v 0.831600 0.415741 -15.221910
v 0.843743 0.400057 -15.232545
v 0.773604 0.400057 -15.373397
v 0.815362 0.400057 -15.222065
v 0.831600 0.415741 -15.221910
v 0.519842 0.400057 -15.133016
v 0.665198 0.415447 -15.068143
v 0.666190 0.400057 -15.083967
v 0.519842 0.400057 -15.133016
v 0.653772 0.400057 -15.057014
v 0.665198 0.415447 -15.068143
v 0.510380 0.400057 -14.783604
v 0.661868 0.415741 -14.841599
v 0.651232 0.400057 -14.853743
v 0.510380 0.400057 -14.783604
v 0.661711 0.400057 -14.825362
v 0.661868 0.415741 -14.841599
v -0.475444 0.125405 -13.585560
v -0.454482 0.121966 -13.584683
v -0.392683 0.163659 -13.449751
v -0.544822 0.163659 -13.519839
v -0.454542 0.683408 -13.605359
v -0.453390 0.675224 -13.585293
v -0.393245 0.625428 -13.438737
v -0.381205 0.726671 -13.674829
v -0.312971 0.122112 -13.580884
v -0.381205 0.073444 -13.674829
v -0.310884 0.114376 -13.600593
v -0.205783 0.287522 -13.466774
v -0.226216 0.163659 -13.511212
v -0.194533 0.271233 -13.477765
v -0.314032 0.675066 -13.581554
v -0.218631 0.625428 -13.503204
v -0.292612 0.671500 -13.581304
v -0.291938 0.125404 -13.580591
v -0.291061 0.121966 -13.601554
v -0.156127 0.163659 -13.663351
v -0.381205 0.726671 -13.674829
v -0.311736 0.683409 -13.601492
v -0.291673 0.675224 -13.602645
v -0.145113 0.625428 -13.662789
v -0.306970 0.114375 -13.745149
v -0.287262 0.122112 -13.743063
v -0.381205 0.073444 -13.674829
v -0.173153 0.287522 -13.850252
v -0.217589 0.163659 -13.829819
v -0.184142 0.271232 -13.861501
v -0.287680 0.671499 -13.763422
v -0.287933 0.675066 -13.742003
v -0.209582 0.625428 -13.837402
v -0.286969 0.125404 -13.764096
v -0.307931 0.121965 -13.764974
v -0.369728 0.163659 -13.899908
v -0.309023 0.675225 -13.764360
v -0.369166 0.625428 -13.910922
v -0.351040 0.648668 -13.847103
v -0.350522 0.664738 -13.808509
v -0.381205 0.726671 -13.674829
v -0.307870 0.683410 -13.744296
v -0.449441 0.122112 -13.768772
v -0.381205 0.073444 -13.674829
v -0.451528 0.114376 -13.749065
v -0.556630 0.287522 -13.882881
v -0.536194 0.163659 -13.838447
v -0.567878 0.271233 -13.871892
v -0.543777 0.625428 -13.846451
v -0.469798 0.671499 -13.768353
v -0.448382 0.675065 -13.768101
v -0.448380 0.675066 -13.768101
v -0.475149 0.122112 -13.606594
v -0.606284 0.163659 -13.686306
v -0.381205 0.073444 -13.674829
v -0.455442 0.114376 -13.604506
v -0.589258 0.287523 -13.499406
v -0.544822 0.163659 -13.519839
v -0.578269 0.271232 -13.488155
v -0.474479 0.675065 -13.607653
v -0.617296 0.625428 -13.686867
v -0.552828 0.625428 -13.512257
v -0.474732 0.671498 -13.586233
v -0.055015 0.400057 -13.658195
v -0.095548 0.400057 -13.767976
v -0.106183 0.415741 -13.780118
v -0.455442 0.114376 -13.604506
v -0.454480 0.121966 -13.584683
v -0.098087 0.400057 -13.564699
v -0.109891 0.384627 -13.553740
v -0.192324 0.529865 -13.475433
v -0.180998 0.513916 -13.485853
v -0.570086 0.529862 -13.874224
v -0.581412 0.513914 -13.863799
v -0.707394 0.400057 -13.691461
v -0.491333 0.400057 -13.391710
v -0.502293 0.384628 -13.403515
v -0.397839 0.400057 -13.348639
v -0.552828 0.625428 -13.512257
v -0.580600 0.529863 -13.485949
v -0.570178 0.513915 -13.474621
v -0.666863 0.400057 -13.581682
v -0.656228 0.415741 -13.569540
v -0.664323 0.400057 -13.784952
v -0.652519 0.384627 -13.795913
v -0.288060 0.400057 -13.389170
v -0.275917 0.415741 -13.399805
v -0.364571 0.400057 -14.001019
v -0.474353 0.400057 -13.960486
v -0.486496 0.415741 -13.949850
v -0.192323 0.529861 -13.475432
v -0.271079 0.400057 -13.957946
v -0.260118 0.384627 -13.946142
v -0.381205 0.073444 -13.674829
v -0.474732 0.671498 -13.586233
v -0.291938 0.125404 -13.580591
v -0.259680 0.400057 -13.399649
v -0.276067 0.384333 -13.400196
v -0.186343 0.299042 -13.469117
v -0.156590 0.400057 -13.437711
v -0.381205 0.726671 -13.674829
v -0.311737 0.683409 -13.601493
v -0.310883 0.114376 -13.600593
v -0.381205 0.073444 -13.674829
v -0.292613 0.671500 -13.581305
v -0.286969 0.125404 -13.764096
v -0.106027 0.400057 -13.796354
v -0.106575 0.384333 -13.779967
v -0.175496 0.299042 -13.869691
v -0.144088 0.400057 -13.899443
v -0.307870 0.683410 -13.744296
v -0.381205 0.726671 -13.674829
v -0.306970 0.114375 -13.745149
v -0.381205 0.073444 -13.674829
v -0.287680 0.671499 -13.763422
v -0.470472 0.125403 -13.769065
v -0.502733 0.400057 -13.950006
v -0.486346 0.384333 -13.949457
v -0.576068 0.299042 -13.880537
v -0.605819 0.400057 -13.911945
v -0.381205 0.726671 -13.674829
v -0.450457 0.682615 -13.750060
v -0.450676 0.683408 -13.748167
v -0.471351 0.121965 -13.748101
v -0.451527 0.114376 -13.749064
v -0.381205 0.073444 -13.674829
v -0.470739 0.675225 -13.747013
v -0.469798 0.671499 -13.768353
v -0.475444 0.125405 -13.585560
v -0.656385 0.400057 -13.553301
v -0.655836 0.384333 -13.569688
v -0.586916 0.299042 -13.479966
v -0.618323 0.400057 -13.450213
v -0.454542 0.683408 -13.605359
v -0.381205 0.726671 -13.674829
v -0.173804 0.502314 -13.871293
v -0.171316 0.513756 -13.852397
v -0.181811 0.529863 -13.863709
v -0.182714 0.287361 -13.488091
v -0.110503 0.400057 -13.537747
v -0.109511 0.415448 -13.553571
v -0.184739 0.502314 -13.467425
v -0.577671 0.502312 -13.882229
v -0.651906 0.400057 -13.811907
v -0.652898 0.415447 -13.796085
v -0.586916 0.299042 -13.479966
v -0.567939 0.287362 -13.476338
v -0.518286 0.400057 -13.404127
v -0.618323 0.400057 -13.450213
v -0.578269 0.271232 -13.488155
v -0.502463 0.415447 -13.403135
v -0.588607 0.502313 -13.478365
v -0.588607 0.502313 -13.478365
v -0.591095 0.513755 -13.497259
v -0.580599 0.529863 -13.485947
v -0.579696 0.287362 -13.861562
v -0.203637 0.513756 -13.464939
v -0.192325 0.529863 -13.475432
v -0.558775 0.513755 -13.884717
v -0.259949 0.415448 -13.946523
v -0.244126 0.400057 -13.945529
v -0.192232 0.513914 -13.875037
v -0.174256 0.502598 -13.871384
v -0.194471 0.287360 -13.873321
v -0.567337 0.525946 -13.876775
v -0.184740 0.502315 -13.467426
v -0.381205 0.726671 -13.674829
v -0.450676 0.683408 -13.748167
v -0.192232 0.513916 -13.875036
v -0.192232 0.513916 -13.875036
v -0.184353 0.508955 -13.873435
v 0.045301 0.400057 -13.838112
v -0.106576 0.384333 -13.779967
v 0.045301 0.400057 -13.838112
v -0.095549 0.400057 -13.767974
v -0.254326 -0.021875 -13.795017
v -0.287263 0.122112 -13.743063
v -0.306971 0.114376 -13.745148
v -0.287262 0.122112 -13.743063
v -0.254326 -0.021875 -13.795017
v -0.286969 0.125404 -13.764095
v -0.195080 0.400057 -14.091873
v -0.260120 0.384627 -13.946142
v -0.195080 0.400057 -14.091873
v -0.244127 0.400057 -13.945529
v -0.508088 -0.021875 -13.554636
v -0.454481 0.121966 -13.584682
v -0.475445 0.125405 -13.585559
v -0.454482 0.121966 -13.584683
v -0.508088 -0.021875 -13.554636
v -0.455443 0.114376 -13.604506
v 0.035839 0.400057 -13.488700
v -0.109891 0.384627 -13.553739
v 0.035839 0.400057 -13.488700
v -0.110504 0.400057 -13.537745
v -0.570086 0.529862 -13.874219
v -0.671373 0.574827 -13.981146
v -0.581413 0.513914 -13.863798
v -0.671373 0.574827 -13.981146
v -0.577671 0.502311 -13.882228
v -0.581413 0.513914 -13.863798
v -0.671373 0.574827 -13.981146
v -0.558775 0.513755 -13.884717
v -0.671373 0.574827 -13.981146
v -0.570088 0.529863 -13.874222
v -0.567335 0.400057 -13.257780
v -0.502294 0.384627 -13.403515
v -0.567335 0.400057 -13.257780
v -0.518286 0.400057 -13.404127
v -0.450676 0.683409 -13.748162
v -0.501397 0.821989 -13.801707
v -0.470740 0.675224 -13.747009
v -0.501397 0.821989 -13.801707
v -0.469801 0.671499 -13.768352
v -0.470742 0.675224 -13.747010
v -0.501397 0.821989 -13.801707
v -0.448383 0.675066 -13.768101
v -0.469801 0.671499 -13.768352
v -0.448383 0.675066 -13.768101
v -0.501397 0.821989 -13.801707
v -0.450676 0.683409 -13.748162
v -0.807716 0.400057 -13.511542
v -0.655837 0.384333 -13.569688
v -0.807716 0.400057 -13.511542
v -0.666864 0.400057 -13.581681
v -0.798254 0.400057 -13.860954
v -0.652519 0.384627 -13.795913
v -0.798254 0.400057 -13.860954
v -0.651906 0.400057 -13.811906
v -0.217923 0.400057 -13.248319
v -0.276068 0.384333 -13.400196
v -0.217923 0.400057 -13.248319
v -0.288061 0.400057 -13.389170
v -0.544491 0.400057 -14.101336
v -0.486346 0.384333 -13.949457
v -0.544491 0.400057 -14.101336
v -0.474354 0.400057 -13.960485
v -0.184741 0.502313 -13.467424
v -0.091042 0.574827 -13.368508
v -0.203637 0.513756 -13.464936
v -0.091042 0.574827 -13.368508
v -0.192326 0.529864 -13.475431
v -0.203638 0.513756 -13.464936
v -0.310886 0.114376 -13.600591
v -0.261017 -0.021875 -13.547946
v -0.312972 0.122113 -13.580882
v -0.261017 -0.021875 -13.547946
v -0.291939 0.125405 -13.580589
v -0.312972 0.122113 -13.580882
v -0.292613 0.671499 -13.581301
v -0.261017 0.821989 -13.547946
v -0.314032 0.675066 -13.581553
v -0.261017 0.821989 -13.547946
v -0.311739 0.683409 -13.601492
v -0.314032 0.675066 -13.581553
v -0.194535 0.271232 -13.477764
v -0.091042 0.225287 -13.368508
v -0.205784 0.287522 -13.466774
v -0.091042 0.225287 -13.368508
v -0.687525 0.574827 -13.384663
v -0.570179 0.513915 -13.474620
v -0.580602 0.529863 -13.485947
v -0.570180 0.513915 -13.474621
v -0.687525 0.574827 -13.384663
v -0.588608 0.502312 -13.478363
v -0.508088 0.821989 -13.554636
v -0.453391 0.675224 -13.585293
v -0.454543 0.683408 -13.605358
v -0.453391 0.675224 -13.585295
v -0.508088 0.821989 -13.554636
v -0.474733 0.671498 -13.586232
v -0.074889 0.574827 -13.964993
v -0.171317 0.513756 -13.852396
v -0.173805 0.502313 -13.871293
v -0.074889 0.574827 -13.964993
v -0.470476 0.125405 -13.769065
v -0.501397 -0.021875 -13.801707
v -0.471352 0.121966 -13.748101
v -0.501397 -0.021875 -13.801707
v -0.451529 0.114376 -13.749063
v -0.471352 0.121966 -13.748101
v -0.501397 -0.021875 -13.801707
v -0.449442 0.122112 -13.768772
v -0.451529 0.114376 -13.749063
v -0.449442 0.122112 -13.768772
v -0.501397 -0.021875 -13.801707
v -0.470475 0.125404 -13.769065
v -0.576069 0.299043 -13.880536
v -0.671373 0.225287 -13.981146
v -0.579697 0.287362 -13.861561
v -0.671373 0.225287 -13.981146
v -0.567878 0.271232 -13.871890
v -0.579697 0.287362 -13.861561
v -0.671373 0.225287 -13.981146
v -0.556630 0.287522 -13.882879
v -0.567878 0.271232 -13.871890
v -0.671373 0.225287 -13.981146
v -0.074889 0.225287 -13.964993
v -0.173154 0.287522 -13.850250
v -0.184143 0.271232 -13.861500
v -0.074889 0.225287 -13.964993
v -0.687525 0.225287 -13.384663
v -0.567941 0.287362 -13.476336
v -0.586917 0.299043 -13.479965
v -0.567942 0.287362 -13.476336
v -0.687525 0.225287 -13.384663
v -0.578270 0.271232 -13.488155
v -0.254326 0.821989 -13.795017
v -0.287934 0.675066 -13.742002
v -0.287681 0.671499 -13.763420
v -0.287934 0.675066 -13.742002
v -0.254326 0.821989 -13.795017
v -0.307871 0.683409 -13.744296
v -0.508088 -0.021875 -13.554636
v -0.475152 0.122113 -13.606591
v -0.455443 0.114376 -13.604506
v -0.508088 -0.021875 -13.554636
v -0.475445 0.125405 -13.585559
v -0.475152 0.122113 -13.606591
v -0.567335 0.400057 -13.257780
v -0.502464 0.415447 -13.403135
v -0.518286 0.400057 -13.404127
v -0.567335 0.400057 -13.257780
v -0.491333 0.400057 -13.391709
v -0.502464 0.415447 -13.403135
v -0.687525 0.225287 -13.384663
v -0.589259 0.287523 -13.499403
v -0.578270 0.271232 -13.488155
v -0.687525 0.225287 -13.384663
v -0.586917 0.299043 -13.479965
v -0.589259 0.287523 -13.499403
v -0.687525 0.574827 -13.384663
v -0.591096 0.513755 -13.497259
v -0.588608 0.502312 -13.478363
v -0.687525 0.574827 -13.384663
v -0.580602 0.529863 -13.485947
v -0.591096 0.513755 -13.497259
v -0.508088 0.821989 -13.554636
v -0.474480 0.675065 -13.607652
v -0.474733 0.671498 -13.586233
v -0.508088 0.821989 -13.554636
v -0.454543 0.683408 -13.605358
v -0.474480 0.675065 -13.607652
v -0.261017 -0.021875 -13.547946
v -0.291062 0.121966 -13.601554
v -0.291940 0.125405 -13.580590
v -0.261017 -0.021875 -13.547946
v -0.310886 0.114376 -13.600591
v -0.291062 0.121966 -13.601554
v -0.217923 0.400057 -13.248319
v -0.275917 0.415741 -13.399805
v -0.288061 0.400057 -13.389170
v -0.217923 0.400057 -13.248319
v -0.259680 0.400057 -13.399648
v -0.275917 0.415741 -13.399805
v -0.091042 0.225287 -13.368508
v -0.182716 0.287361 -13.488091
v -0.186344 0.299042 -13.469117
v -0.091042 0.225287 -13.368508
v -0.194535 0.271232 -13.477764
v -0.182715 0.287361 -13.488091
v -0.091042 0.574827 -13.368508
v -0.180999 0.513915 -13.485852
v -0.192326 0.529864 -13.475431
v -0.091042 0.574827 -13.368508
v -0.184741 0.502313 -13.467424
v -0.180999 0.513915 -13.485852
v -0.261017 0.821989 -13.547946
v -0.291673 0.675225 -13.602644
v -0.311739 0.683409 -13.601492
v -0.261017 0.821989 -13.547946
v -0.292614 0.671499 -13.581303
v -0.291673 0.675225 -13.602642
v 0.035839 0.400057 -13.488700
v -0.109512 0.415447 -13.553570
v -0.110504 0.400057 -13.537745
v 0.035839 0.400057 -13.488700
v -0.098087 0.400057 -13.564699
v -0.109512 0.415447 -13.553570
v -0.254326 -0.021875 -13.795017
v -0.307933 0.121965 -13.764974
v -0.286970 0.125404 -13.764095
v -0.254326 -0.021875 -13.795017
v -0.306971 0.114376 -13.745148
v -0.307932 0.121965 -13.764971
v 0.045301 0.400057 -13.838112
v -0.106184 0.415741 -13.780118
v -0.095549 0.400057 -13.767974
v 0.045301 0.400057 -13.838112
v -0.106027 0.400057 -13.796353
v -0.106184 0.415741 -13.780118
v -0.074889 0.225287 -13.964993
v -0.194471 0.287361 -13.873320
v -0.175497 0.299042 -13.869690
v -0.074889 0.225287 -13.964993
v -0.184143 0.271232 -13.861500
v -0.194471 0.287361 -13.873320
v -0.074889 0.574827 -13.964993
v -0.192233 0.513915 -13.875034
v -0.181812 0.529863 -13.863708
v -0.074889 0.574827 -13.964993
v -0.173805 0.502313 -13.871293
v -0.192233 0.513915 -13.875034
v -0.254326 0.821989 -13.795017
v -0.309023 0.675225 -13.764360
v -0.307871 0.683409 -13.744296
v -0.254326 0.821989 -13.795017
v -0.287681 0.671499 -13.763420
v -0.309023 0.675225 -13.764360
v -0.195080 0.400057 -14.091873
v -0.259950 0.415447 -13.946523
v -0.244127 0.400057 -13.945528
v -0.195080 0.400057 -14.091873
v -0.271080 0.400057 -13.957946
v -0.259950 0.415447 -13.946523
v -0.544491 0.400057 -14.101336
v -0.486496 0.415741 -13.949849
v -0.474353 0.400057 -13.960484
v -0.544491 0.400057 -14.101336
v -0.502734 0.400057 -13.950005
v -0.486496 0.415741 -13.949849
v -0.798254 0.400057 -13.860954
v -0.652898 0.415447 -13.796082
v -0.651906 0.400057 -13.811906
v -0.798254 0.400057 -13.860954
v -0.664324 0.400057 -13.784952
v -0.652898 0.415447 -13.796082
v -0.807716 0.400057 -13.511542
v -0.656228 0.415741 -13.569537
v -0.666864 0.400057 -13.581681
v -0.807716 0.400057 -13.511542
v -0.656385 0.400057 -13.553301
v -0.656228 0.415741 -13.569537
v 20.849268 3.336349 -14.353153
v 24.134594 -0.693731 -4.241963
v 24.134594 3.336351 -4.241963
v 20.849268 -0.693733 -14.353152
v 12.248178 3.336349 -20.602211
v 12.248178 -0.693734 -20.602211
v 1.616644 3.336349 -20.602209
v 1.616644 -0.693734 -20.602209
v -6.984447 3.336349 -14.353151
v -6.984447 -0.693733 -14.353150
v -10.269771 3.336351 -4.241961
v -10.269771 -0.693731 -4.241961
v -6.984445 3.336353 5.869227
v -6.984445 -0.693729 5.869228
v 1.616647 3.336354 12.118285
v 1.616647 -0.693728 12.118286
v 12.248181 3.336354 12.118283
v 12.248181 -0.693728 12.118284
v 20.849272 3.336353 5.869224
v 20.849272 -0.693729 5.869225
v 15.073774 2.502755 -10.157008
v 16.995689 0.487714 -4.241963
v 16.995689 2.502756 -4.241963
v 15.073774 0.487713 -10.157008
v 10.042136 2.502754 -13.812707
v 10.042136 0.487713 -13.812707
v 3.822688 2.502754 -13.812707
v 3.822688 0.487713 -13.812707
v -1.208950 2.502755 -10.157007
v -1.208950 0.487713 -10.157007
v -3.130865 2.502756 -4.241962
v -3.130865 0.487714 -4.241961
v -1.208949 2.502757 1.673083
v -1.208949 0.487715 1.673083
v 3.822690 2.502757 5.328782
v 3.822690 0.487716 5.328783
v 10.042137 2.502757 5.328782
v 10.042137 0.487716 5.328782
v 15.073775 2.502757 1.673081
v 15.073775 0.487715 1.673081
v -2.074911 17.280584 5.305513
v 5.304780 17.280586 7.703320
v -6.635809 6.600597 11.583055
v 5.304781 6.600598 15.462787
v 5.304778 -6.600601 -25.166300
v -6.635813 -6.600600 -21.286568
v -14.015503 -6.600598 -11.129294
v -14.015500 -6.600596 1.425786
v -6.635809 -6.600595 11.583057
v 5.304781 -6.600594 15.462789
v 17.245371 -6.600595 11.583053
v 24.625061 -6.600596 1.425780
v 24.625057 -6.600598 -11.129299
v 17.245367 -6.600600 -21.286570
v 5.304778 -17.280586 -17.406836
v -2.074912 -17.280586 -15.009026
v -6.635809 -17.280586 -8.731486
v -6.635809 -17.280584 -0.972021
v -2.074910 -17.280584 5.305518
v 5.304780 -17.280582 7.703323
v 12.684469 -17.280584 5.305516
v 17.245369 -17.280584 -0.972024
v 17.245367 -17.280586 -8.731489
v 12.684466 -17.280586 -15.009027
v 5.304778 17.280582 -17.406839
v 5.304779 21.359976 -4.851760
v -2.074912 17.280582 -15.009032
v -6.635810 17.280582 -8.731493
v -6.635810 17.280584 -0.972026
v -2.074911 17.280584 5.305513
v 5.304780 17.280586 7.703320
v 12.684471 17.280584 5.305511
v 17.245371 17.280584 -0.972029
v 17.245369 17.280582 -8.731495
v 12.684467 17.280582 -15.009033
v 5.304778 6.600591 -25.166304
v -6.635813 6.600592 -21.286572
v -14.015503 6.600594 -11.129296
v -14.015500 6.600595 1.425784
v -6.635809 6.600597 11.583055
v 5.304781 6.600598 15.462787
v 17.245371 6.600597 11.583051
v 24.625061 6.600595 1.425778
v 24.625057 6.600594 -11.129301
v 17.245367 6.600592 -21.286573
v 5.304778 -6.600601 -25.166300
v -6.635813 -6.600600 -21.286568
v 5.304781 -6.600594 15.462789
v 17.245371 -6.600595 11.583053
v 5.304778 -17.280586 -17.406836
v -2.074912 -17.280586 -15.009026
v -6.635809 -17.280586 -8.731486
v -6.635809 -17.280584 -0.972021
v -2.074910 -17.280584 5.305518
v 5.304780 -17.280582 7.703323
v 12.684469 -17.280584 5.305516
v 17.245369 -17.280584 -0.972024
v 17.245367 -17.280586 -8.731489
v 12.684466 -17.280586 -15.009027
v 5.304779 -21.359976 -4.851754
v 5.304778 6.600591 -25.166304
v -6.635813 6.600592 -21.286572
v -14.015503 6.600594 -11.129296
v -14.015500 6.600595 1.425784
v -6.635809 6.600597 11.583055
v 5.304781 6.600598 15.462787
v 17.245371 6.600597 11.583051
v 24.625061 6.600595 1.425778
v 24.625057 6.600594 -11.129301
v 17.245367 6.600592 -21.286573
v 5.304778 -6.600601 -25.166300
v -6.635813 -6.600600 -21.286568
v -14.015503 -6.600598 -11.129294
v -14.015500 -6.600596 1.425786
v -6.635809 -6.600595 11.583057
v 5.304781 -6.600594 15.462789
v 17.245371 -6.600595 11.583053
v 24.625061 -6.600596 1.425780
v 24.625057 -6.600598 -11.129299
v 17.245367 -6.600600 -21.286570
vn 0.7682 0.6311 -0.1073
vn 0.7706 0.6282 -0.1076
vn 0.7691 0.6300 -0.1074
vn 0.7535 -0.6453 -0.1260
vn -0.1777 -0.6453 0.7430
vn -0.1602 0.6031 0.7814
vn -0.1604 0.6123 0.7742
vn -0.1606 0.6281 0.7613
vn -0.1606 0.6281 0.7614
vn -0.6922 -0.0000 -0.7217
vn -0.1064 -0.6428 -0.7586
vn -0.5320 -0.6428 -0.5512
vn -0.7544 -0.6428 -0.1333
vn -0.6886 -0.6428 0.3356
vn -0.3599 -0.6428 0.6763
vn -0.3598 -0.6428 0.6763
vn 0.1064 -0.6428 0.7586
vn 0.5320 -0.6428 0.5512
vn 0.7544 -0.6428 0.1333
vn 0.6886 -0.6428 -0.3356
vn 0.3599 -0.6428 -0.6763
vn -0.0694 -0.8660 -0.4952
vn -0.3472 -0.8660 -0.3598
vn -0.4924 -0.8660 -0.0870
vn -0.4495 -0.8660 0.2190
vn -0.2349 -0.8660 0.4414
vn 0.0694 -0.8660 0.4952
vn 0.3472 -0.8660 0.3598
vn 0.4924 -0.8660 0.0870
vn 0.4495 -0.8660 -0.2190
vn 0.2349 -0.8660 -0.4414
vn -0.0241 -0.9848 -0.1720
vn -0.1206 -0.9848 -0.1250
vn -0.1206 -0.9848 -0.1249
vn -0.1710 -0.9848 -0.0302
vn -0.1561 -0.9848 0.0761
vn -0.0816 -0.9848 0.1533
vn 0.0241 -0.9848 0.1720
vn 0.1206 -0.9848 0.1250
vn 0.1710 -0.9848 0.0302
vn 0.1561 -0.9848 -0.0761
vn 0.0816 -0.9848 -0.1533
vn -0.0000 -1.0000 -0.0000
vn 0.4697 -0.0000 -0.8828
vn 0.9848 -0.0000 0.1740
vn 0.1389 -0.0000 0.9903
vn -0.8989 -0.0000 0.4381
vn -0.6944 -0.0000 -0.7196
vn -0.1389 -0.0000 -0.9903
vn -0.9848 -0.0000 -0.1740
vn -0.4698 -0.0000 0.8828
vn 0.6944 -0.0000 0.7196
vn 0.8989 -0.0000 -0.4381
vn 0.4698 -0.0000 -0.8828
vn 0.0816 0.9848 -0.1533
vn -0.0241 0.9848 -0.1720
vn -0.1206 0.9848 -0.1250
vn -0.1206 0.9848 -0.1249
vn -0.1710 0.9848 -0.0302
vn -0.1561 0.9848 0.0761
vn -0.0816 0.9848 0.1533
vn 0.0241 0.9848 0.1720
vn 0.1206 0.9848 0.1249
vn 0.1206 0.9848 0.1250
vn 0.1710 0.9848 0.0302
vn 0.1561 0.9848 -0.0761
vn -0.1305 -0.3420 -0.9306
vn -0.6526 -0.3420 -0.6762
vn -0.6525 -0.3420 -0.6762
vn -0.9254 -0.3420 -0.1635
vn -0.8447 -0.3420 0.4117
vn -0.4414 -0.3420 0.8296
vn 0.1305 -0.3420 0.9306
vn 0.6526 -0.3420 0.6762
vn 0.6525 -0.3420 0.6762
vn 0.9254 -0.3420 0.1635
vn 0.8447 -0.3420 -0.4117
vn 0.4414 -0.3420 -0.8296
vn -0.0000 1.0000 -0.0000
vn -0.5320 0.6428 -0.5512
vn -0.7544 0.6428 -0.1333
vn -0.6886 0.6428 0.3356
vn -0.3599 0.6428 0.6763
vn -0.3598 0.6428 0.6763
vn 0.1064 0.6428 0.7586
vn 0.5320 0.6428 0.5512
vn 0.7544 0.6428 0.1333
vn 0.6886 0.6428 -0.3356
vn 0.3599 0.6428 -0.6763
vn -0.1064 0.6428 -0.7586
vn -0.6877 -0.0000 -0.7260
vn 0.6877 -0.0000 0.7260
vn 0.2608 -0.0000 -0.9654
vn 0.7260 -0.0000 -0.6877
vn 0.4841 -0.0000 0.8750
vn -0.7260 -0.0000 0.6877
vn 0.9996 -0.0000 0.0271
vn 0.0271 -0.0000 -0.9996
vn -0.0271 -0.0000 0.9996
vn -0.9996 -0.0000 -0.0271
vn 0.9394 0.3420 0.0254
vn 0.9393 0.3420 0.0254
vn -0.0255 0.3420 0.9393
vn -0.0254 0.3420 0.9393
vn -0.9393 0.3420 -0.0254
vn -0.9394 0.3420 -0.0254
vn 0.0254 0.3420 -0.9393
vn 0.0255 0.3420 -0.9393
vn -0.0270 -0.0000 0.9996
vn 0.9393 0.3421 0.0254
vn -0.0254 0.3420 0.9394
vn 0.0255 0.3420 -0.9394
vn 0.0270 -0.0000 -0.9996
vn 0.0254 0.3421 -0.9393
vn 0.9393 0.3420 0.0255
vn 0.0253 0.3421 -0.9393
vn 0.0254 0.3420 -0.9394
vn 0.6462 0.3420 0.6822
vn 0.6822 0.3420 -0.6462
vn -0.6462 0.3420 -0.6822
vn -0.6822 0.3420 0.6462
vn 0.9394 0.3420 0.0255
vn -0.0254 0.3421 0.9393
vn -0.0818 0.1224 -0.9891
vn -0.0451 0.1187 -0.9919
vn -0.0000 -0.0000 -0.0000
vn -0.0486 0.1387 -0.9891
vn -0.0000 -0.0000 -1.0000
vn -0.0239 0.1456 -0.9891
vn -0.0038 0.1457 -0.9893
vn -0.0203 0.1353 -0.9906
vn -0.0000 -0.0000 1.0000
vn 0.0257 0.1376 -0.9902
vn -0.0179 0.9998 -0.0000
vn 0.0629 0.1324 -0.9892
vn 0.0629 0.1323 -0.9892
vn -0.0384 -0.9993 -0.0000
vn 0.0685 0.1258 -0.9897
vn 0.0445 0.1205 -0.9917
vn 0.0685 0.1257 -0.9897
vn 0.6944 -0.0004 0.7196
vn 0.6915 0.0709 0.7189
vn 0.6945 -0.0000 0.7195
vn -0.4697 -0.0000 0.8828
vn -0.4698 -0.0007 0.8828
vn -0.4698 0.0002 0.8828
vn -0.2225 0.8805 0.4186
vn 0.3405 0.6281 0.6996
vn 0.3526 -0.6453 0.6777
vn 0.3527 -0.6453 0.6777
vn 0.3527 -0.6452 0.6777
vn -0.7615 -0.6453 0.0606
vn -0.7737 0.6281 0.0825
vn -0.7737 0.6282 0.0825
vn -0.9848 0.0001 -0.1740
vn -0.7642 -0.6297 -0.1397
vn -0.5602 0.6282 0.5400
vn -0.5602 0.6281 0.5400
vn -0.5602 0.6281 0.5401
vn -0.5355 -0.6453 0.5448
vn -0.2929 -0.6453 -0.7055
vn -0.2929 -0.6453 -0.7056
vn -0.3176 0.6282 -0.7103
vn -0.1389 -0.0007 -0.9903
vn -0.1388 -0.0000 -0.9903
vn -0.1389 -0.0001 -0.9903
vn -0.0725 0.8407 -0.5365
vn -0.6867 0.6282 -0.3659
vn -0.6836 -0.6453 -0.3410
vn 0.5805 -0.6453 -0.4966
vn 0.5774 0.6282 -0.5215
vn 0.5774 0.6281 -0.5215
vn 0.9019 -0.0000 -0.4320
vn 0.1358 0.6282 -0.7662
vn 0.1130 -0.6453 -0.7555
vn 0.6517 -0.6453 0.3986
vn 0.6745 0.6281 0.3880
vn 0.6744 0.6281 0.3880
vn 0.3359 0.8726 0.3545
vn 0.8459 0.4898 -0.2111
vn 0.4810 0.7913 -0.3775
vn 0.9636 0.2303 -0.1361
vn 0.9246 0.3063 0.2265
vn 0.8274 0.5615 0.0101
vn 0.6291 0.4041 0.6640
vn 0.1394 0.9793 0.1469
vn -0.0347 0.5614 0.8268
vn 0.0927 0.8995 0.4269
vn 0.0460 0.8077 0.5878
vn -0.1994 0.2816 0.9386
vn -0.9819 -0.1882 0.0199
vn -0.7723 0.4553 0.4429
vn -0.7979 0.6010 -0.0465
vn -0.8140 -0.3780 0.4411
vn -0.6817 -0.7005 -0.2113
vn -0.7950 -0.5099 0.3287
vn -0.3520 -0.8592 -0.3714
vn -0.7181 -0.5228 0.4593
vn -0.0017 -0.8078 0.5894
vn -0.3880 -0.1421 0.9106
vn -0.0616 -0.0902 0.9940
vn 0.6427 0.3485 -0.6823
vn 0.9479 0.2821 -0.1479
vn 0.3795 0.3040 -0.8738
vn 0.2433 0.5229 -0.8169
vn -0.0616 -0.1676 -0.9839
vn 0.0342 0.4876 -0.8724
vn -0.2473 -0.2373 -0.9394
vn -0.0531 -0.1290 0.9902
vn -0.2972 -0.2037 0.9328
vn 0.1345 -0.6317 0.7635
vn -0.5146 0.1366 0.8465
vn 0.0462 0.9977 0.0487
vn -0.4032 0.7914 0.4595
vn -0.2566 0.4899 0.8331
vn -0.7161 0.3486 0.6047
vn 0.5136 -0.6650 0.5423
vn 0.3551 -0.6940 0.6263
vn 0.1610 -0.9722 0.1702
vn -0.2173 0.2416 0.9457
vn 0.2488 0.1501 0.9569
vn -0.2396 0.9004 0.3632
vn -0.2867 0.8037 0.5215
vn -0.5320 0.8277 -0.1786
vn -0.2484 0.8694 0.4271
vn -0.2502 0.9619 -0.1102
vn -0.5444 -0.4648 0.6983
vn -0.1741 -0.7005 -0.6921
vn 0.3715 -0.5100 -0.7758
vn 0.4848 -0.3780 -0.7887
vn 0.9303 -0.1424 -0.3380
vn 0.9916 -0.1294 0.0007
vn 0.4298 -0.7806 0.4538
vn 0.6723 0.2099 0.7099
vn 0.5884 -0.8080 0.0303
vn 0.9958 -0.0909 -0.0078
vn 0.7001 0.6814 -0.2135
vn 0.4844 0.4551 -0.7472
vn 0.3935 0.8324 -0.3903
vn 0.8733 0.1364 -0.4677
vn 0.4402 0.8693 -0.2249
vn 0.9562 0.2414 -0.1657
vn 0.0734 -0.1883 -0.9794
vn -0.0029 0.6010 -0.7992
vn 0.9420 0.1498 0.3002
vn 0.3757 0.9003 -0.2197
vn -0.0963 0.9619 -0.2559
vn 0.4976 -0.5232 -0.6919
vn 0.5493 0.6018 0.5798
vn 0.6774 -0.1709 0.7155
vn 0.3403 0.9268 -0.1591
vn -0.2246 0.8954 -0.3844
vn -0.2510 0.6816 0.6873
vn -0.4108 0.8325 0.3718
vn -0.1886 0.2305 0.9546
vn 0.1758 0.3064 0.9355
vn 0.4597 0.7438 0.4853
vn 0.9476 -0.2036 -0.2461
vn -0.8932 0.3042 0.3312
vn -0.8288 0.5231 0.1985
vn 0.0074 0.9999 0.0078
vn 0.6061 -0.6940 0.3886
vn -0.9306 0.3658 0.0160
vn -0.8729 0.4876 -0.0131
vn 0.7551 -0.6316 0.1757
vn 0.5849 0.8073 0.0782
vn 0.4216 0.8994 0.1158
vn 0.7268 -0.4649 -0.5056
vn -0.7460 0.6354 0.1996
vn -0.7555 -0.6219 -0.2061
vn 0.9551 0.2074 0.2114
vn 0.1596 0.2067 0.9653
vn -0.3340 0.8741 -0.3527
vn -0.4363 0.7730 -0.4606
vn -0.2253 0.9448 -0.2379
vn 0.4708 0.7991 0.3737
vn -0.1123 0.9866 -0.1187
vn 0.5078 0.8543 0.1104
vn 0.3476 0.7993 0.4902
vn 0.6758 0.1847 0.7136
vn 0.6757 0.1850 0.7136
vn 0.4587 -0.7862 0.4141
vn -0.1831 -0.9639 -0.1932
vn 0.3883 -0.7863 0.4806
vn -0.4190 -0.9031 -0.0944
vn -0.0716 -0.9032 -0.4233
vn 0.0830 0.8543 0.5131
vn -0.9736 0.2267 -0.0264
vn -0.0264 0.2267 0.9736
vn 0.9736 0.2267 0.0264
vn 0.0264 0.2267 -0.9736
vn -0.0264 -0.2267 0.9736
vn -0.9736 -0.2267 -0.0264
vn 0.0264 -0.2267 -0.9736
vn 0.9736 -0.2267 0.0264
vn -0.9726 -0.1807 0.1465
vn -0.2315 0.9727 0.0141
vn 0.7923 0.2494 -0.5568
vn 0.0512 -0.9041 -0.4243
vn -0.0513 0.9041 0.4243
vn -0.7923 -0.2495 0.5568
vn 0.2315 -0.9727 -0.0141
vn 0.9725 0.1807 -0.1466
vn -0.8638 -0.2726 0.4237
vn -0.5026 0.7579 -0.4159
vn 0.6407 0.0733 -0.7643
vn 0.2795 -0.9572 0.0753
vn -0.2795 0.9572 -0.0753
vn -0.6407 -0.0733 0.7643
vn 0.5026 -0.7579 0.4159
vn 0.8638 0.2726 -0.4237
vn -0.9277 0.3641 -0.0820
vn 0.0468 0.4600 0.8867
vn 0.9971 0.0695 -0.0307
vn 0.0226 -0.0264 -0.9994
vn -0.0226 0.0264 0.9994
vn -0.9971 -0.0695 0.0307
vn -0.0468 -0.4600 -0.8867
vn 0.9277 -0.3641 0.0820
vn -0.9970 0.0625 -0.0466
vn -0.0216 0.8589 0.5116
vn 0.9284 0.2480 -0.2766
vn -0.0469 -0.5485 -0.8348
vn 0.0469 0.5485 0.8348
vn -0.9284 -0.2480 0.2766
vn 0.0216 -0.8589 -0.5116
vn 0.9970 -0.0625 0.0466
vn -0.9732 0.2132 -0.0865
vn 0.0334 0.6876 0.7253
vn 0.9736 0.1780 -0.1427
vn -0.0329 -0.2965 -0.9545
vn 0.0329 0.2965 0.9545
vn -0.9736 -0.1780 0.1427
vn -0.0334 -0.6876 -0.7253
vn 0.9732 -0.2132 0.0865
vn -0.9267 -0.2494 0.2809
vn -0.3658 0.9041 -0.2211
vn 0.7147 0.1808 -0.6757
vn 0.1537 -0.9727 -0.1737
vn -0.1537 0.9727 0.1737
vn -0.7147 -0.1808 0.6757
vn 0.3658 -0.9041 0.2211
vn 0.9268 0.2494 -0.2809
vn -0.9967 -0.0733 0.0337
vn -0.1129 0.9572 0.2665
vn 0.8660 0.2726 -0.4193
vn -0.0179 -0.7579 -0.6521
vn 0.0179 0.7579 0.6521
vn -0.8660 -0.2726 0.4193
vn 0.1129 -0.9572 -0.2665
vn 0.9967 0.0733 -0.0337
vn -0.6385 -0.0695 0.7664
vn -0.8011 0.0264 -0.5980
vn 0.5070 -0.3641 -0.7812
vn 0.6695 -0.4600 0.5832
vn -0.6695 0.4600 -0.5832
vn -0.5070 0.3641 0.7812
vn 0.8011 -0.0264 0.5980
vn 0.6386 0.0695 -0.7664
vn -0.7123 -0.1780 0.6789
vn -0.7315 0.2965 -0.6141
vn 0.5315 -0.2132 -0.8198
vn 0.5507 -0.6876 0.4732
vn -0.5507 0.6876 -0.4732
vn -0.5315 0.2132 0.8198
vn 0.7315 -0.2965 0.6141
vn 0.7123 0.1780 -0.6789
vn -0.7899 -0.2480 0.5608
vn -0.6286 0.5485 -0.5513
vn 0.5776 -0.0625 -0.8139
vn 0.4163 -0.8589 0.2982
vn -0.4163 0.8589 -0.2982
vn -0.5776 0.0625 0.8139
vn 0.6286 -0.5485 0.5513
vn 0.7899 0.2480 -0.5608
vn -0.1772 -0.1780 0.9679
vn -0.9527 0.2965 -0.0668
vn -0.0518 -0.2132 -0.9756
vn 0.7237 -0.6876 0.0591
vn -0.7236 0.6876 -0.0591
vn 0.0518 0.2132 0.9756
vn 0.9527 -0.2965 0.0668
vn 0.1772 0.1780 -0.9679
vn -0.5846 -0.2494 0.7720
vn -0.4259 0.9041 0.0361
vn 0.1810 0.1808 -0.9667
vn 0.0223 -0.9727 -0.2309
vn -0.0223 0.9727 0.2308
vn -0.1810 -0.1808 0.9667
vn 0.4259 -0.9041 -0.0361
vn 0.5846 0.2494 -0.7720
vn -0.0661 -0.0695 0.9954
vn -0.9996 0.0264 -0.0129
vn -0.0490 -0.3642 -0.9300
vn 0.8845 -0.4600 0.0783
vn -0.8845 0.4600 -0.0783
vn 0.0490 0.3641 0.9301
vn 0.9996 -0.0264 0.0129
vn 0.0661 0.0695 -0.9954
vn -0.4498 -0.2726 0.8505
vn -0.6511 0.7579 -0.0410
vn 0.0691 0.0734 -0.9949
vn 0.2704 -0.9572 -0.1034
vn -0.2704 0.9572 0.1034
vn -0.0691 -0.0733 0.9949
vn 0.6511 -0.7579 0.0410
vn 0.4498 0.2726 -0.8505
vn -0.7866 -0.0733 0.6131
vn 0.0653 0.9572 0.2820
vn 0.4541 0.2726 -0.8482
vn -0.3978 -0.7579 -0.5171
vn 0.3978 0.7579 0.5171
vn -0.4541 -0.2726 0.8482
vn -0.0653 -0.9572 -0.2820
vn 0.7866 0.0733 -0.6131
vn -0.7007 -0.1807 0.6902
vn -0.1790 0.9727 0.1474
vn 0.3137 0.2494 -0.9162
vn -0.2079 -0.9041 -0.3734
vn 0.2080 0.9041 0.3734
vn -0.3137 -0.2494 0.9162
vn 0.1790 -0.9727 -0.1475
vn 0.7007 0.1808 -0.6902
vn -0.7988 0.3641 0.4790
vn 0.5590 0.4600 0.6898
vn 0.7886 0.0695 -0.6109
vn -0.5691 -0.0264 -0.8218
vn 0.5691 0.0264 0.8218
vn -0.7886 -0.0695 0.6109
vn -0.5590 -0.4600 -0.6899
vn 0.7988 -0.3641 -0.4790
vn -0.3094 -0.2480 0.9180
vn -0.8326 0.5485 -0.0765
vn -0.0111 -0.0624 -0.9980
vn 0.5120 -0.8589 -0.0035
vn -0.5121 0.8589 0.0035
vn 0.0112 0.0624 0.9980
vn 0.8326 -0.5485 0.0765
vn 0.3094 0.2480 -0.9180
vn -0.8340 0.0624 0.5483
vn 0.2832 0.8589 0.4266
vn 0.5885 0.2480 -0.7695
vn -0.5286 -0.5485 -0.6478
vn 0.5286 0.5485 0.6478
vn -0.5885 -0.2479 0.7695
vn -0.2832 -0.8590 -0.4266
vn 0.8339 -0.0625 -0.5483
vn -0.8381 0.2132 0.5021
vn 0.4533 0.6876 0.5672
vn 0.7038 0.1780 -0.6877
vn -0.5877 -0.2965 -0.7528
vn 0.5877 0.2965 0.7528
vn -0.7038 -0.1780 0.6877
vn -0.4533 -0.6876 -0.5672
vn 0.8381 -0.2132 -0.5021
vn 0.7987 0.3641 -0.4790
vn -0.5591 0.4600 -0.6898
vn -0.7886 0.0695 0.6109
vn 0.5691 -0.0264 0.8218
vn -0.5692 0.0264 -0.8218
vn 0.7886 -0.0695 -0.6109
vn 0.5590 -0.4600 0.6898
vn -0.7987 -0.3641 0.4790
vn 0.7007 -0.1807 -0.6902
vn 0.1790 0.9727 -0.1474
vn -0.3137 0.2495 0.9162
vn 0.2079 -0.9041 0.3734
vn -0.2080 0.9041 -0.3734
vn 0.3137 -0.2493 -0.9162
vn -0.1790 -0.9727 0.1474
vn -0.7007 0.1808 0.6902
vn 0.7899 -0.2480 -0.5608
vn 0.6286 0.5485 0.5513
vn -0.5776 -0.0624 0.8139
vn -0.4163 -0.8589 -0.2982
vn 0.4163 0.8589 0.2982
vn 0.5776 0.0625 -0.8139
vn -0.6286 -0.5485 -0.5513
vn -0.7899 0.2480 0.5608
vn 0.6386 -0.0695 -0.7664
vn 0.8011 0.0264 0.5980
vn -0.5070 -0.3641 0.7812
vn -0.6696 -0.4600 -0.5832
vn 0.6696 0.4600 0.5832
vn 0.5070 0.3641 -0.7812
vn -0.8011 -0.0264 -0.5980
vn -0.6386 0.0695 0.7664
vn 0.9267 -0.2494 -0.2809
vn 0.3658 0.9041 0.2211
vn -0.7147 0.1807 0.6757
vn -0.1537 -0.9727 0.1737
vn 0.1537 0.9727 -0.1737
vn 0.7147 -0.1808 -0.6757
vn -0.3658 -0.9041 -0.2211
vn -0.9267 0.2495 0.2809
vn 0.8638 -0.2726 -0.4237
vn 0.5026 0.7579 0.4159
vn -0.6407 0.0733 0.7643
vn -0.2795 -0.9572 -0.0753
vn 0.2795 0.9572 0.0753
vn 0.6407 -0.0732 -0.7643
vn -0.5026 -0.7579 -0.4159
vn -0.8638 0.2726 0.4237
vn 0.9967 -0.0733 -0.0337
vn 0.1129 0.9572 -0.2665
vn -0.8659 0.2726 0.4193
vn 0.0179 -0.7579 0.6522
vn -0.0179 0.7579 -0.6521
vn 0.8660 -0.2726 -0.4193
vn -0.1129 -0.9572 0.2665
vn -0.9967 0.0733 0.0337
vn 0.8381 0.2132 -0.5021
vn -0.4533 0.6876 -0.5671
vn -0.7038 0.1780 0.6877
vn 0.5877 -0.2965 0.7528
vn -0.5877 0.2965 -0.7528
vn 0.7038 -0.1780 -0.6877
vn 0.4533 -0.6876 0.5672
vn -0.8381 -0.2132 0.5021
vn 0.8339 0.0625 -0.5483
vn -0.2832 0.8590 -0.4266
vn -0.5885 0.2480 0.7695
vn 0.5286 -0.5485 0.6478
vn -0.5286 0.5485 -0.6478
vn 0.5885 -0.2480 -0.7695
vn 0.2832 -0.8589 0.4266
vn -0.8339 -0.0625 0.5483
vn 0.0661 -0.0694 -0.9954
vn 0.9996 0.0264 0.0129
vn 0.0490 -0.3641 0.9301
vn -0.8845 -0.4600 -0.0783
vn 0.8845 0.4600 0.0783
vn -0.0490 0.3641 -0.9301
vn -0.9996 -0.0264 -0.0129
vn -0.0661 0.0695 0.9954
vn 0.3095 -0.2480 -0.9180
vn 0.8326 0.5485 0.0765
vn 0.0111 -0.0624 0.9980
vn -0.5121 -0.8589 0.0034
vn 0.5120 0.8590 -0.0034
vn -0.0111 0.0625 -0.9980
vn -0.8326 -0.5485 -0.0765
vn -0.3094 0.2479 0.9180
vn 0.7866 -0.0733 -0.6131
vn -0.0653 0.9572 -0.2820
vn -0.4541 0.2725 0.8482
vn 0.3978 -0.7579 0.5171
vn -0.3978 0.7579 -0.5171
vn 0.4541 -0.2726 -0.8482
vn 0.0653 -0.9572 0.2820
vn -0.7866 0.0732 0.6131
vn 0.9970 0.0625 0.0466
vn 0.0216 0.8589 -0.5116
vn -0.9284 0.2480 0.2766
vn 0.0469 -0.5485 0.8348
vn -0.0469 0.5485 -0.8348
vn 0.9284 -0.2480 -0.2766
vn -0.0216 -0.8590 0.5116
vn -0.9970 -0.0625 -0.0466
vn 0.9732 0.2132 0.0865
vn -0.0334 0.6876 -0.7253
vn -0.9736 0.1780 0.1427
vn 0.0329 -0.2965 0.9545
vn -0.0329 0.2964 -0.9545
vn 0.9736 -0.1780 -0.1427
vn 0.0334 -0.6876 0.7253
vn -0.9732 -0.2132 -0.0865
vn 0.4498 -0.2726 -0.8505
vn 0.6511 0.7579 0.0410
vn -0.0691 0.0733 0.9949
vn -0.2704 -0.9572 0.1034
vn 0.2704 0.9572 -0.1034
vn 0.0691 -0.0732 -0.9949
vn -0.6511 -0.7579 -0.0410
vn -0.4498 0.2726 0.8505
vn 0.5846 -0.2495 -0.7720
vn 0.4259 0.9041 -0.0361
vn -0.1810 0.1808 0.9667
vn -0.0223 -0.9727 0.2308
vn 0.0223 0.9727 -0.2309
vn 0.1810 -0.1808 -0.9667
vn -0.4259 -0.9041 0.0361
vn -0.5846 0.2495 0.7720
vn 0.9277 0.3641 0.0820
vn -0.0468 0.4600 -0.8867
vn -0.9971 0.0695 0.0307
vn -0.0226 -0.0264 0.9994
vn 0.0226 0.0264 -0.9994
vn 0.9971 -0.0695 -0.0307
vn 0.0468 -0.4600 0.8867
vn -0.9277 -0.3641 -0.0820
vn 0.7123 -0.1780 -0.6789
vn 0.7315 0.2965 0.6140
vn -0.5315 -0.2132 0.8198
vn -0.5507 -0.6876 -0.4732
vn 0.5507 0.6876 0.4732
vn 0.5315 0.2132 -0.8198
vn -0.7315 -0.2965 -0.6141
vn -0.7123 0.1780 0.6789
vn 0.1772 -0.1780 -0.9679
vn 0.9527 0.2965 0.0668
vn 0.0518 -0.2132 0.9756
vn -0.7237 -0.6876 -0.0591
vn 0.7237 0.6876 0.0591
vn -0.0519 0.2132 -0.9756
vn -0.9527 -0.2965 -0.0668
vn -0.1772 0.1780 0.9679
vn 0.9725 -0.1807 -0.1466
vn 0.2315 0.9727 -0.0141
vn -0.7923 0.2494 0.5568
vn -0.0512 -0.9041 0.4243
vn 0.0512 0.9041 -0.4243
vn 0.7923 -0.2495 -0.5568
vn -0.2315 -0.9727 0.0141
vn -0.9725 0.1807 0.1466
vn -0.5953 0.8017 -0.0541
vn -0.8172 0.4032 -0.4119
vn 0.2720 0.8449 0.4607
vn 0.0959 -0.2808 -0.9550
vn 0.1950 0.3439 -0.9185
vn 0.9790 0.1071 0.1734
vn 0.9324 -0.0485 0.3583
vn -0.7534 0.4482 0.4813
vn 0.1586 0.8551 0.4937
vn 0.7799 -0.5835 -0.2263
vn 0.9297 0.1034 0.3534
vn -0.1309 -0.6165 -0.7764
vn 0.5217 0.3891 -0.7592
vn 0.4218 0.4681 -0.7766
vn 0.5518 0.4529 -0.7003
vn 0.1198 0.1072 0.9870
vn -0.2684 -0.5832 0.7667
vn 0.3022 0.1038 0.9476
vn -0.9589 -0.2805 0.0438
vn -0.9276 0.3444 0.1445
vn -0.0212 0.8018 -0.5973
vn 0.5227 0.4471 -0.7259
vn 0.3072 -0.0483 0.9504
vn 0.4843 0.8552 0.1849
vn 0.4451 0.8449 0.2966
vn -0.3666 0.4034 -0.8384
vn -0.7680 -0.6166 -0.1730
vn -0.7865 0.3893 0.4795
vn -0.7981 0.4683 0.3792
vn -0.7292 0.4533 0.5127
vn -0.1657 -0.9183 0.3596
vn -0.1547 -0.9220 0.3548
vn -0.0285 -0.6713 0.7406
vn -0.3198 -0.6448 0.6942
vn -0.1753 0.9080 0.3804
vn -0.1752 0.9081 0.3804
vn -0.0291 0.6546 0.7554
vn -0.1753 0.9080 0.3805
vn 0.1383 -0.9168 0.3745
vn 0.1383 -0.9169 0.3745
vn 0.2269 -0.1885 0.9555
vn 0.5030 -0.6713 0.5444
vn 0.6244 -0.3937 0.6747
vn 0.1463 0.9065 0.3962
vn 0.5130 0.6546 0.5552
vn 0.1463 0.9064 0.3962
vn 0.3596 -0.9183 0.1657
vn 0.7406 -0.6713 0.0285
vn 0.3805 0.9080 0.1753
vn 0.3805 0.9081 0.1752
vn 0.7554 0.6546 0.0291
vn 0.3746 -0.9168 -0.1383
vn 0.3745 -0.9168 -0.1383
vn 0.9555 -0.1884 -0.2268
vn 0.5444 -0.6713 -0.5030
vn 0.6747 -0.3937 -0.6243
vn 0.3962 0.9064 -0.1463
vn 0.3961 0.9065 -0.1462
vn 0.5552 0.6546 -0.5130
vn 0.1657 -0.9183 -0.3596
vn 0.0285 -0.6713 -0.7406
vn 0.1753 0.9080 -0.3805
vn 0.0291 0.6546 -0.7554
vn 0.1753 0.9080 -0.3804
vn -0.1383 -0.9168 -0.3745
vn -0.1383 -0.9168 -0.3746
vn -0.2268 -0.1884 -0.9555
vn -0.5030 -0.6713 -0.5444
vn -0.6243 -0.3937 -0.6747
vn -0.5130 0.6546 -0.5552
vn -0.1463 0.9064 -0.3962
vn -0.1875 0.8985 -0.3969
vn -0.1788 0.8975 -0.4031
vn -0.3745 -0.9168 0.1383
vn -0.7406 -0.6713 -0.0285
vn -0.3745 -0.9169 0.1382
vn -0.8729 -0.3663 0.3223
vn -0.7219 -0.6386 0.2665
vn -0.3962 0.9065 0.1463
vn -0.7554 0.6546 -0.0291
vn -0.7349 0.6216 0.2713
vn 0.9991 -0.0110 0.0400
vn 0.9380 -0.0108 -0.3464
vn 0.8804 0.3453 -0.3251
vn -0.1549 -0.9221 0.3546
vn 0.9504 -0.2746 0.1460
vn 0.8429 -0.4948 0.2113
vn 0.6116 0.2326 0.7562
vn 0.8514 0.3484 0.3922
vn -0.6305 0.3716 -0.6814
vn -0.8514 0.3483 -0.3922
vn -0.9991 -0.0110 -0.0400
vn -0.1460 -0.2745 0.9504
vn -0.2112 -0.4948 0.8430
vn -0.0400 -0.0110 0.9991
vn -0.3257 0.6278 0.7070
vn -0.3922 0.3483 0.8514
vn -0.9380 -0.0108 0.3463
vn -0.8804 0.3453 0.3251
vn -0.9504 -0.2746 -0.1460
vn -0.8429 -0.4948 -0.2112
vn 0.3463 -0.0108 0.9381
vn 0.3250 0.3453 0.8804
vn 0.0400 -0.0110 -0.9991
vn -0.3464 -0.0108 -0.9380
vn -0.3251 0.3453 -0.8804
vn 0.5464 0.2427 0.8016
vn 0.1460 -0.2746 -0.9504
vn 0.2112 -0.4948 -0.8429
vn 0.5683 -0.2739 0.7759
vn 0.4475 -0.4924 0.7465
vn 0.4574 -0.1210 0.8810
vn 0.6797 -0.0110 0.7334
vn 0.1463 0.9065 0.3961
vn 0.3597 -0.9183 0.1657
vn 0.3805 0.9080 0.1752
vn 0.7759 -0.2739 -0.5683
vn 0.7464 -0.4925 -0.4475
vn 0.8810 -0.1210 -0.4574
vn 0.7334 -0.0110 -0.6797
vn 0.3962 0.9065 -0.1463
vn 0.1752 0.9080 -0.3805
vn -0.2519 -0.9284 -0.2732
vn -0.5683 -0.2739 -0.7759
vn -0.4476 -0.4925 -0.7464
vn -0.4574 -0.1210 -0.8810
vn -0.6797 -0.0110 -0.7334
vn 0.1620 0.9139 -0.3722
vn -0.1460 0.9065 -0.3961
vn -0.3596 -0.9183 -0.1657
vn -0.3804 0.9081 -0.1752
vn -0.3805 0.9080 -0.1753
vn -0.3745 -0.9169 0.1383
vn -0.7759 -0.2738 0.5683
vn -0.7465 -0.4924 0.4475
vn -0.9381 -0.0100 0.3463
vn -0.3962 0.9064 0.1463
vn 0.6804 0.3721 -0.6313
vn 0.8717 0.4682 -0.1445
vn 0.7403 0.5896 -0.3230
vn 0.8440 -0.3695 0.3888
vn 0.9082 -0.0108 0.4184
vn 0.8514 0.3483 0.3922
vn 0.6744 0.4081 0.6153
vn -0.4612 0.1016 -0.8815
vn -0.9082 -0.0108 -0.4184
vn -0.8514 0.3484 -0.3922
vn -0.3888 -0.3695 0.8440
vn -0.4184 -0.0108 0.9082
vn -0.4184 -0.0102 0.9082
vn -0.3922 0.3484 0.8514
vn -0.8804 0.3453 0.3250
vn -0.8440 -0.3694 -0.3888
vn 0.2665 0.3561 0.8956
vn -0.2276 0.1672 -0.9593
vn 0.3922 0.3483 -0.8514
vn 0.4184 -0.0108 -0.9082
vn 0.4004 0.2380 -0.8849
vn -0.6932 0.5296 -0.4888
vn 0.3888 -0.3695 -0.8440
vn 0.1771 0.8947 -0.4101
vn 0.8985 0.3844 -0.2121
vn 0.3291 0.4411 -0.8349
vn 0.3440 -0.1314 -0.9297
vn -0.1416 -0.8628 -0.4853
vn -0.1885 -0.7055 -0.6832
vn 0.3159 -0.7055 0.6344
vn 0.0310 -0.3330 0.9424
vn 0.9773 0.2069 0.0460
vn -0.6164 -0.7055 -0.3498
vn 0.6720 -0.7054 0.2252
vn -0.0070 0.2070 0.9783
vn 0.9394 -0.3330 0.0819
vn 0.3498 -0.7054 -0.6165
vn -0.2252 -0.7054 0.6721
vn -0.3698 0.6779 0.6354
vn -0.7412 -0.6257 0.2434
vn 0.2832 -0.6256 -0.7269
vn 0.6545 0.6779 -0.3349
vn 0.6164 -0.7054 0.3498
vn -0.6720 -0.7055 -0.2252
vn -0.0819 0.3330 0.9394
vn -0.9783 -0.2069 -0.0070
vn 0.0459 -0.2070 -0.9773
vn 0.9424 0.3330 -0.0309
vn 0.1885 -0.7055 0.6832
vn -0.3159 -0.7055 -0.6344
vn -0.3498 -0.7055 0.6164
vn 0.2252 -0.7055 -0.6720
vn 0.6832 -0.7055 -0.1885
vn -0.6345 -0.7054 0.3159
vn -0.6832 -0.7054 0.1885
vn 0.6345 -0.7054 -0.3159
vn -0.2831 -0.6257 0.7269
vn -0.6545 0.6778 0.3349
vn -0.9424 -0.3330 0.0309
vn -0.0460 0.2069 0.9773
vn -0.0460 -0.2069 0.9773
vn -0.9424 0.3329 0.0310
vn -0.6545 -0.6778 0.3349
vn -0.2831 0.6257 0.7269
vn 0.6354 0.6779 0.3698
vn 0.2434 -0.6256 0.7412
vn 0.9394 0.3330 0.0819
vn -0.0070 -0.2069 0.9783
vn 0.7269 -0.6257 0.2831
vn 0.3349 0.6778 0.6545
vn -0.9783 0.2069 -0.0070
vn -0.0819 -0.3330 0.9394
vn 0.9424 -0.3330 -0.0309
vn 0.0460 0.2069 -0.9773
vn -0.7412 0.6256 0.2434
vn -0.3699 -0.6778 0.6354
vn 0.6545 -0.6779 -0.3349
vn 0.2831 0.6257 -0.7269
vn 0.3349 -0.6779 0.6545
vn 0.7269 0.6257 0.2832
vn 0.2434 0.6257 0.7411
vn 0.6354 -0.6778 0.3699
vn 0.9773 -0.2069 0.0460
vn 0.0309 0.3330 0.9424
vn -0.0309 -0.3329 -0.9424
vn -0.9773 0.2070 -0.0460
vn -0.6720 0.7055 -0.2252
vn 0.6164 0.7055 0.3498
vn -0.3349 -0.6778 -0.6545
vn -0.7269 0.6257 -0.2832
vn -0.7269 -0.6257 -0.2831
vn -0.3349 0.6779 -0.6545
vn -0.9773 -0.2070 -0.0460
vn -0.0309 0.3330 -0.9424
vn 0.9783 0.2070 0.0070
vn 0.0819 -0.3330 -0.9394
vn -0.6344 0.7055 0.3159
vn 0.6832 0.7055 -0.1885
vn 0.7411 0.6257 -0.2434
vn 0.3698 -0.6779 -0.6354
vn 0.3698 0.6779 -0.6354
vn 0.7412 -0.6256 -0.2434
vn 0.0819 0.3330 -0.9394
vn 0.9783 -0.2070 0.0070
vn -0.2252 0.7054 0.6720
vn 0.3498 0.7055 -0.6164
vn 0.0069 0.2069 -0.9783
vn -0.9394 -0.3330 -0.0819
vn 0.3159 0.7055 0.6344
vn -0.1886 0.7054 -0.6833
vn -0.2434 0.6257 -0.7412
vn -0.6354 -0.6779 -0.3698
vn -0.6354 0.6778 -0.3699
vn -0.2434 -0.6256 -0.7412
vn -0.9394 0.3330 -0.0819
vn 0.0070 -0.2070 -0.9783
vn 0.6720 0.7055 0.2252
vn -0.6164 0.7055 -0.3498
vn 0.6344 0.7055 -0.3159
vn -0.6832 0.7055 0.1885
vn 0.2252 0.7055 -0.6720
vn -0.3498 0.7054 0.6164
vn -0.3159 0.7055 -0.6344
vn 0.1885 0.7054 0.6832
vn -0.1577 -0.9211 0.3560
vn -0.1752 0.9080 0.3804
vn 0.1383 -0.9168 0.3746
vn 0.2269 -0.1884 0.9555
vn 0.6243 -0.3937 0.6747
vn 0.3596 -0.9183 0.1656
vn 0.3745 -0.9169 -0.1383
vn 0.5552 0.6546 -0.5131
vn -0.2269 -0.1884 -0.9555
vn -0.6244 -0.3936 -0.6747
vn -0.5131 0.6546 -0.5552
vn -0.1463 0.9065 -0.3962
vn -0.1839 0.8999 -0.3954
vn -0.1763 0.8992 -0.4004
vn -0.3746 -0.9168 0.1383
vn -0.1573 -0.9219 0.3541
vn 0.5795 0.4390 0.6866
vn -0.6306 0.3716 -0.6814
vn -0.1460 -0.2746 0.9504
vn -0.2112 -0.4948 0.8429
vn -0.3923 0.3484 0.8513
vn -0.8429 -0.4948 -0.2113
vn 0.4701 0.5822 0.6634
vn 0.5683 -0.2738 0.7759
vn 0.7465 -0.4924 -0.4476
vn -0.2519 -0.9284 -0.2733
vn -0.4476 -0.4924 -0.7465
vn 0.1585 0.9064 -0.3915
vn -0.1460 0.9064 -0.3963
vn -0.3804 0.9080 -0.1752
vn -0.9381 -0.0101 0.3463
vn 0.6808 0.3709 -0.6316
vn 0.8717 0.4682 -0.1447
vn 0.6638 0.4288 0.6128
vn -0.4612 0.1015 -0.8815
vn -0.3887 -0.3695 0.8440
vn -0.8804 0.3454 0.3251
vn -0.8440 -0.3695 -0.3888
vn 0.2601 0.4396 0.8597
vn 0.3992 0.0780 -0.9135
vn 0.1658 -0.6421 -0.7484
vn 0.3888 -0.3694 -0.8440
vn 0.3275 -0.5516 -0.7671
vn 0.8673 0.4612 -0.1873
vn -0.3804 0.9080 -0.1753
vn 0.3640 0.3649 -0.8569
vn 0.3197 -0.7031 -0.6352
vn 0.2123 0.6175 -0.7574
vn 0.6720 -0.7055 0.2252
vn -0.0070 0.2069 0.9783
vn 0.3498 -0.7054 -0.6164
vn -0.2252 -0.7055 0.6720
vn -0.3699 0.6778 0.6354
vn 0.2832 -0.6257 -0.7269
vn 0.6545 0.6778 -0.3349
vn 0.6164 -0.7055 0.3498
vn -0.9783 -0.2070 -0.0070
vn 0.1885 -0.7054 0.6833
vn 0.6832 -0.7054 -0.1885
vn -0.6344 -0.7055 0.3159
vn -0.6832 -0.7055 0.1885
vn -0.2832 -0.6256 0.7269
vn -0.6545 0.6779 0.3349
vn -0.0460 0.2070 0.9773
vn -0.9424 0.3330 0.0309
vn -0.6545 -0.6779 0.3349
vn -0.2831 0.6257 0.7268
vn 0.6354 0.6778 0.3698
vn 0.2434 -0.6257 0.7411
vn -0.0069 -0.2069 0.9783
vn 0.7269 -0.6256 0.2832
vn 0.3349 0.6779 0.6545
vn -0.9783 0.2070 -0.0070
vn -0.7411 0.6257 0.2434
vn -0.3698 -0.6779 0.6354
vn 0.6545 -0.6778 -0.3349
vn 0.6354 -0.6779 0.3698
vn 0.9773 -0.2070 0.0460
vn -0.0310 -0.3330 -0.9424
vn -0.6720 0.7054 -0.2252
vn -0.7269 0.6256 -0.2832
vn -0.7269 -0.6257 -0.2832
vn -0.9773 -0.2069 -0.0460
vn 0.6832 0.7054 -0.1885
vn 0.3698 -0.6778 -0.6354
vn 0.3699 0.6778 -0.6354
vn 0.7411 -0.6257 -0.2434
vn -0.2252 0.7055 0.6720
vn 0.3498 0.7054 -0.6164
vn 0.0070 0.2070 -0.9783
vn -0.1885 0.7054 -0.6833
vn -0.2434 0.6257 -0.7411
vn -0.6354 -0.6778 -0.3699
vn -0.6354 0.6778 -0.3698
vn -0.2434 -0.6257 -0.7411
vn 0.0070 -0.2069 -0.9783
vn -0.6164 0.7054 -0.3498
vn -0.6832 0.7054 0.1885
vn 0.2252 0.7054 -0.6720
vn -0.3498 0.7055 0.6164
vn 0.1885 0.7054 0.6833
vn -0.8090 -0.0000 0.5878
vn -1.0000 -0.0000 -0.0000
vn -0.3090 -0.0000 0.9511
vn 0.3090 -0.0000 0.9511
vn 0.8090 -0.0000 0.5878
vn 1.0000 -0.0000 -0.0000
vn 0.8090 -0.0000 -0.5878
vn 0.3090 -0.0000 -0.9511
vn -0.3090 -0.0000 -0.9511
vn -0.8090 -0.0000 -0.5878
vn 0.2542 -0.5685 -0.7824
vn 0.6656 0.5685 0.4836
vn 0.7694 0.5878 0.2500
vn 0.7694 0.5878 -0.2500
vn 0.4755 0.5878 -0.6545
vn 0.2542 0.5685 -0.7824
vn -0.6656 0.5685 -0.4836
vn -0.7694 0.5878 -0.2500
vn -0.7694 0.5878 0.2500
vn -0.4755 0.5878 0.6545
vn -0.2542 0.5685 0.7824
vn -0.0000 -0.7804 0.6252
vn 0.3675 -0.7804 0.5058
vn 0.5946 -0.7804 0.1932
vn 0.5946 -0.7804 -0.1932
vn 0.4013 -0.8399 -0.3653
vn -0.1100 -0.8399 -0.5314
vn -0.3675 -0.7804 -0.5058
vn -0.5946 -0.7804 -0.1932
vn -0.5946 -0.7804 0.1932
vn -0.3675 -0.7804 0.5058
vn -0.0000 -0.5878 0.8090
vn 0.4755 -0.5878 0.6545
vn 0.7694 -0.5878 0.2500
vn 0.7694 -0.5878 -0.2500
vn 0.6656 -0.5685 -0.4836
vn -0.2542 -0.5685 -0.7824
vn -0.4755 -0.5878 -0.6545
vn -0.7694 -0.5878 -0.2500
vn -0.7694 -0.5878 0.2500
vn -0.4755 -0.5878 0.6545
vn 0.1100 0.8399 0.5314
vn 0.2542 0.5685 0.7824
vn 0.2234 0.8399 0.4946
vn -0.1100 0.8399 -0.5314
vn -0.2542 0.5685 -0.7824
vn -0.2234 0.8399 -0.4946
vn 0.2939 0.9511 0.0955
vn 0.2939 0.9511 -0.0955
vn 0.1816 0.9511 -0.2500
vn -0.2939 0.9511 -0.0955
vn -0.2939 0.9511 0.0955
vn -0.1816 0.9511 0.2500
vn 0.5878 -0.0000 0.8090
vn 0.9511 -0.0000 0.3090
vn 0.9511 -0.0000 -0.3090
vn 0.5878 -0.0000 -0.8090
vn -0.5878 -0.0000 -0.8090
vn -0.9511 -0.0000 -0.3090
vn -0.9511 -0.0000 0.3090
vn -0.5878 -0.0000 0.8090
vt 0.291200 0.476100
vt 0.246800 0.450700
vt 0.204100 0.476000
vt 0.246600 0.450700
vt 0.201900 0.476000
vt 0.263100 0.476200
vt 0.292100 0.476300
vt 0.245900 0.450600
vt 0.202800 0.476300
vt 0.292700 0.476000
vt 0.203100 0.475800
vt 0.246400 0.450800
vt 0.292900 0.476100
vt 0.264100 0.476300
vt 0.147300 0.610000
vt 0.057200 0.711100
vt 0.076200 0.675000
vt 0.123500 0.711100
vt 0.130600 0.675000
vt 0.197300 0.675000
vt 0.204900 0.711100
vt 0.270300 0.711100
vt 0.251000 0.675000
vt 0.294700 0.711100
vt 0.271000 0.675000
vt 0.384400 0.711400
vt 0.382200 0.675600
vt 0.403300 0.675600
vt 0.358600 0.711400
vt 0.450400 0.711400
vt 0.457500 0.675600
vt 0.531500 0.711400
vt 0.524000 0.675600
vt 0.596600 0.711400
vt 0.577400 0.675600
vt 0.621000 0.711400
vt 0.597400 0.675600
vt 0.055000 0.675000
vt 0.031300 0.711100
vt 0.139400 0.653300
vt 0.099700 0.653300
vt 0.188000 0.653300
vt 0.227200 0.653300
vt 0.241800 0.653300
vt 0.426700 0.654100
vt 0.411300 0.654100
vt 0.466200 0.654100
vt 0.514700 0.654100
vt 0.553700 0.654100
vt 0.568300 0.654100
vt 0.084200 0.653300
vt 0.150900 0.644600
vt 0.130600 0.644600
vt 0.175800 0.644600
vt 0.195800 0.644600
vt 0.203300 0.644600
vt 0.457500 0.645500
vt 0.449700 0.645500
vt 0.477700 0.645500
vt 0.502600 0.645500
vt 0.522500 0.645500
vt 0.529900 0.645500
vt 0.122700 0.644600
vt 0.271300 0.335200
vt 0.288700 0.385700
vt 0.289000 0.357900
vt 0.242200 0.326400
vt 0.241300 0.416400
vt 0.213000 0.334700
vt 0.212300 0.407600
vt 0.194800 0.357100
vt 0.194500 0.384900
vt 0.270500 0.408100
vt 0.168700 0.421500
vt 0.317500 0.477600
vt 0.317500 0.421500
vt 0.168700 0.477600
vt 0.168700 0.421400
vt 0.168700 0.478100
vt 0.317500 0.477700
vt 0.168700 0.477700
vt 0.317500 0.421400
vt 0.317500 0.478100
vt 0.317500 0.477500
vt 0.168700 0.477500
vt 0.168800 0.421500
vt 0.168800 0.477700
vt 0.166300 0.476800
vt 0.316700 0.421000
vt 0.316500 0.476800
vt 0.166300 0.420900
vt 0.166000 0.420900
vt 0.166000 0.476600
vt 0.316500 0.476600
vt 0.166800 0.476900
vt 0.166800 0.420900
vt 0.316500 0.476900
vt 0.166000 0.476300
vt 0.166600 0.476200
vt 0.166200 0.420900
vt 0.165900 0.420900
vt 0.165900 0.476300
vt 0.316500 0.476400
vt 0.166500 0.420900
vt 0.166700 0.476200
vt 0.166900 0.476500
vt 0.167100 0.420900
vt 0.167800 0.476900
vt 0.167900 0.421900
vt 0.316600 0.477900
vt 0.315300 0.422200
vt 0.167800 0.477000
vt 0.168200 0.419200
vt 0.317400 0.420200
vt 0.167900 0.476400
vt 0.168300 0.420700
vt 0.316700 0.478200
vt 0.317600 0.420300
vt 0.317700 0.477700
vt 0.167600 0.421600
vt 0.168200 0.478500
vt 0.166800 0.420700
vt 0.316600 0.476700
vt 0.315700 0.421900
vt 0.168000 0.477000
vt 0.167600 0.421300
vt 0.168700 0.477000
vt 0.316500 0.419800
vt 0.316700 0.477100
vt 0.166800 0.420400
vt 0.167400 0.477100
vt 0.316500 0.476200
vt 0.316900 0.419900
vt 0.167200 0.420600
vt 0.167000 0.476100
vt 0.210400 0.772400
vt 0.118300 0.831600
vt 0.118300 0.772400
vt 0.210400 0.831600
vt 0.284400 0.772400
vt 0.284400 0.831600
vt 0.312100 0.772400
vt 0.312100 0.831600
vt 0.370500 0.772100
vt 0.341300 0.830800
vt 0.341300 0.772100
vt 0.370500 0.830800
vt 0.445200 0.772100
vt 0.445200 0.830800
vt 0.537000 0.772100
vt 0.537000 0.830800
vt 0.610700 0.772100
vt 0.610700 0.830800
vt 0.638300 0.772100
vt 0.638300 0.830800
vt 0.043200 0.772400
vt 0.013900 0.831600
vt 0.013900 0.772400
vt 0.043200 0.831600
vt 0.805200 0.943300
vt 0.778700 0.976500
vt 0.784400 0.953200
vt 0.736200 0.988900
vt 0.770500 0.966200
vt 0.693900 0.975800
vt 0.703200 0.966200
vt 0.668100 0.942100
vt 0.689300 0.953200
vt 0.668500 0.900800
vt 0.703200 0.903800
vt 0.695000 0.867500
vt 0.689300 0.890800
vt 0.737500 0.855100
vt 0.703200 0.877900
vt 0.779800 0.868300
vt 0.770500 0.877900
vt 0.805600 0.902500
vt 0.784400 0.890800
vt 0.770500 0.940300
vt 0.770500 0.903800
vt 0.703200 0.940300
vt 0.756500 0.890800
vt 0.717200 0.890800
vt 0.717200 0.953200
vt 0.756500 0.953200
vt 0.792700 0.880800
vt 0.670000 0.970300
vt 0.680800 0.880800
vt 0.803600 0.970300
vt 0.802800 0.884500
vt 0.680000 0.974000
vt 0.690900 0.884500
vt 0.664100 0.960900
vt 0.786800 0.871400
vt 0.797700 0.960900
vt 0.802600 0.895900
vt 0.679800 0.985400
vt 0.690700 0.895900
vt 0.670100 0.951800
vt 0.792900 0.862400
vt 0.803700 0.951800
vt 0.798500 0.880900
vt 0.675700 0.970400
vt 0.686500 0.880900
vt 0.665600 0.966600
vt 0.788400 0.877200
vt 0.799300 0.966600
vt 0.794700 0.875200
vt 0.671900 0.964600
vt 0.682700 0.875200
vt 0.805500 0.964600
vt 0.798300 0.880800
vt 0.675500 0.970300
vt 0.686400 0.880800
vt 0.742200 0.887100
vt 0.732900 0.964100
vt 0.731400 0.887100
vt 0.797600 0.887100
vt 0.684100 0.964100
vt 0.674800 0.887100
vt 0.799100 0.964100
vt 0.678100 0.969000
vt 0.802400 0.892000
vt 0.793000 0.969000
vt 0.668800 0.892000
vt 0.674800 0.964100
vt 0.799100 0.887100
vt 0.789700 0.964100
vt 0.673800 0.890000
vt 0.807400 0.890000
vt 0.683100 0.967000
vt 0.675700 0.967200
vt 0.800000 0.890200
vt 0.790700 0.967200
vt 0.666400 0.890200
vt 0.671100 0.961200
vt 0.795400 0.884100
vt 0.786000 0.961200
vt 0.675300 0.894900
vt 0.808900 0.894900
vt 0.684700 0.971900
vt 0.679300 0.964100
vt 0.670000 0.887100
vt 0.794300 0.964100
vt 0.803600 0.887100
vt 0.792800 0.887100
vt 0.688000 0.960900
vt 0.678600 0.883900
vt 0.802900 0.960900
vt 0.743500 0.889900
vt 0.734200 0.967000
vt 0.732700 0.889900
vt 0.792700 0.969300
vt 0.668400 0.892300
vt 0.791200 0.892300
vt 0.683800 0.965300
vt 0.674400 0.888300
vt 0.798700 0.965300
vt 0.746400 0.888700
vt 0.737100 0.965800
vt 0.735600 0.888700
vt 0.797200 0.888300
vt 0.670900 0.951300
vt 0.795200 0.874300
vt 0.785900 0.951300
vt 0.670300 0.902900
vt 0.803900 0.902900
vt 0.679600 0.980000
vt 0.681000 0.969000
vt 0.805300 0.891900
vt 0.795900 0.969000
vt 0.671600 0.891900
vt 0.973900 0.495300
vt 0.973900 0.834900
vt 0.660400 0.495300
vt 0.660400 0.834900
vt 0.148600 0.446800
vt 0.119800 0.475400
vt 0.110000 0.437100
vt 0.038200 0.475400
vt 0.056400 0.445500
vt 0.119800 0.337600
vt 0.148600 0.366100
vt 0.110000 0.375800
vt 0.009300 0.366100
vt 0.038200 0.337600
vt 0.048000 0.375800
vt 0.101500 0.367500
vt 0.009300 0.446800
vt 0.048000 0.437100
vt 0.056400 0.384200
vt 0.056400 0.428700
vt 0.093000 0.437100
vt 0.101500 0.445500
vt 0.093000 0.375800
vt 0.064900 0.375800
vt 0.101500 0.384200
vt 0.056400 0.367500
vt 0.064900 0.437100
vt 0.845900 0.833100
vt 0.719700 0.833100
vt 0.719700 0.495300
vt 0.845900 0.495300
vt 0.736500 0.855100
vt 0.807100 0.924800
vt 0.665900 0.924800
vt 0.736500 0.994400
vt 0.844200 0.832300
vt 0.719700 0.832300
vt 0.719700 0.775400
vt 0.844200 0.775400
vt 0.482600 0.974000
vt 0.333200 0.974000
vt 0.482600 0.876100
vt 0.333200 0.876100
vt 0.388000 0.991100
vt 0.388000 0.859000
vt 0.427800 0.991100
vt 0.427800 0.859000
vt 0.574200 0.920100
vt 0.580000 0.926700
vt 0.568400 0.926700
vt 0.574200 0.933300
vt 0.571600 0.949100
vt 0.563400 0.949100
vt 0.585000 0.904300
vt 0.556600 0.906900
vt 0.591800 0.906900
vt 0.570100 0.951700
vt 0.585000 0.949100
vt 0.576800 0.949100
vt 0.563400 0.904300
vt 0.578300 0.951700
vt 0.625600 0.868100
vt 0.625600 0.985300
vt 0.610900 0.926700
vt 0.522800 0.985300
vt 0.574200 0.968600
vt 0.522800 0.868100
vt 0.537500 0.926700
vt 0.574200 0.884800
vt 0.640100 0.902500
vt 0.522800 0.951000
vt 0.508300 0.902500
vt 0.515500 0.951000
vt 0.632900 0.902500
vt 0.618300 0.951000
vt 0.625600 0.951000
vt 0.530100 0.951000
vt 0.515500 0.902500
vt 0.632900 0.951000
vt 0.437400 0.884100
vt 0.378500 0.966000
vt 0.378500 0.884100
vt 0.437400 0.966000
vt 0.574200 0.919100
vt 0.574200 0.934400
vt 0.567500 0.926700
vt 0.580900 0.926700
vt 0.578900 0.966300
vt 0.569500 0.966300
vt 0.600200 0.895400
vt 0.548200 0.895400
vt 0.589600 0.962100
vt 0.580100 0.962100
vt 0.558800 0.891300
vt 0.568300 0.962100
vt 0.558800 0.962100
vt 0.589600 0.891300
vt 0.101500 0.428700
vt 0.129900 0.682500
vt 0.132600 0.682500
vt 0.163300 0.682800
vt 0.125400 0.643100
vt 0.134400 0.652300
vt 0.125400 0.617200
vt 0.134400 0.608000
vt 0.159800 0.652300
vt 0.670100 0.926700
vt 0.792900 0.924700
vt 0.803700 0.924500
vt 0.168800 0.643100
vt 0.159800 0.608000
vt 0.168800 0.617200
vt 0.683300 0.994200
vt 0.781900 0.868100
vt 0.790600 0.857000
vt 0.201100 0.630700
vt 0.191100 0.598200
vt 0.200300 0.628100
vt 0.266100 0.440100
vt 0.242500 0.421500
vt 0.218400 0.458400
vt 0.207400 0.449300
vt 0.242100 0.477700
vt 0.277700 0.449300
vt 0.153700 0.610100
vt 0.140900 0.610000
vt 0.242200 0.477700
vt 0.267500 0.439300
vt 0.243700 0.421500
vt 0.219400 0.457700
vt 0.208300 0.448500
vt 0.243300 0.477500
vt 0.279200 0.448500
vt 0.130400 0.617600
vt 0.126300 0.630000
vt 0.128400 0.623800
vt 0.204600 0.476000
vt 0.268900 0.476100
vt 0.292600 0.476100
vt 0.203000 0.475900
vt 0.292800 0.476100
vt 0.291700 0.476300
vt 0.263000 0.476200
vt 0.202000 0.476000
vt 0.278500 0.449300
vt 0.267200 0.458600
vt 0.220000 0.440300
vt 0.209000 0.449300
vt 0.243300 0.477700
vt 0.130200 0.642500
vt 0.140500 0.650300
vt 0.135300 0.646400
vt 0.292200 0.476300
vt 0.230200 0.476100
vt 0.294000 0.476300
vt 0.291300 0.476100
vt 0.202600 0.476300
vt 0.266400 0.440100
vt 0.242700 0.421500
vt 0.218500 0.458400
vt 0.207500 0.449300
vt 0.242400 0.477700
vt 0.278000 0.449300
vt 0.153300 0.650400
vt 0.163700 0.642800
vt 0.158500 0.646600
vt 0.203900 0.476100
vt 0.292600 0.476000
vt 0.266000 0.439700
vt 0.242200 0.421500
vt 0.217900 0.458000
vt 0.206900 0.448800
vt 0.241800 0.477600
vt 0.277600 0.448800
vt 0.167800 0.630400
vt 0.164000 0.617900
vt 0.165900 0.624100
vt 0.716600 0.936600
vt 0.748500 0.901000
vt 0.753200 0.929600
vt 0.758000 0.923300
vt 0.723600 0.951100
vt 0.721900 0.907800
vt 0.726700 0.911200
vt 0.733800 0.907500
vt 0.746400 0.945000
vt 0.740500 0.933500
vt 0.733400 0.936700
vt 0.738300 0.914100
vt 0.734400 0.918200
vt 0.740300 0.914300
vt 0.737200 0.938000
vt 0.741900 0.924200
vt 0.736600 0.930000
vt 0.731900 0.925100
vt 0.731900 0.924200
vt 0.741900 0.925100
vt 0.737300 0.930000
vt 0.748200 0.945800
vt 0.738300 0.943800
vt 0.725800 0.905200
vt 0.730900 0.928800
vt 0.863100 0.855100
vt 0.916100 0.874600
vt 0.833100 0.898700
vt 0.717300 0.911400
vt 0.756500 0.939100
vt 0.734800 0.939900
vt 0.756900 0.947800
vt 0.717000 0.923500
vt 0.754500 0.903400
vt 0.734900 0.889200
vt 0.756400 0.926900
vt 0.719800 0.951500
vt 0.740600 0.958900
vt 0.720400 0.919300
vt 0.742900 0.895100
vt 0.724900 0.888700
vt 0.759400 0.930600
vt 0.739500 0.960700
vt 0.754400 0.943900
vt 0.716300 0.912600
vt 0.757500 0.926100
vt 0.748500 0.903300
vt 0.750000 0.955200
vt 0.711300 0.927300
vt 0.723200 0.923100
vt 0.750700 0.901900
vt 0.731700 0.949900
vt 0.743100 0.942600
vt 0.727900 0.950200
vt 0.745800 0.900900
vt 0.744600 0.911500
vt 0.730400 0.939800
vt 0.729800 0.911500
vt 0.730400 0.931200
vt 0.743000 0.900700
vt 0.743900 0.949700
vt 0.743700 0.890900
vt 0.723100 0.959600
vt 0.721000 0.910700
vt 0.752900 0.952200
vt 0.744600 0.883700
vt 0.739000 0.968500
vt 0.725700 0.909400
vt 0.722600 0.967200
vt 0.722500 0.881900
vt 0.757000 0.935300
vt 0.760500 0.933700
vt 0.738900 0.965400
vt 0.713400 0.898500
vt 0.744400 0.938900
vt 0.729600 0.927200
vt 0.735900 0.912100
vt 0.740200 0.898700
vt 0.754800 0.910900
vt 0.719000 0.951200
vt 0.740900 0.936000
vt 0.718800 0.945000
vt 0.755100 0.906100
vt 0.723800 0.921100
vt 0.745700 0.910200
vt 0.745000 0.948300
vt 0.745800 0.930000
vt 0.728600 0.942000
vt 0.740000 0.909500
vt 0.722600 0.919400
vt 0.736100 0.897400
vt 0.748100 0.941800
vt 0.732400 0.959900
vt 0.716700 0.915400
vt 0.744000 0.893300
vt 0.754100 0.916100
vt 0.736500 0.958400
vt 0.718400 0.931400
vt 0.719700 0.916100
vt 0.755400 0.931400
vt 0.737300 0.958400
vt 0.757200 0.936600
vt 0.720700 0.929600
vt 0.725400 0.901000
vt 0.730900 0.900700
vt 0.743400 0.931200
vt 0.729900 0.949700
vt 0.743400 0.939800
vt 0.729200 0.911500
vt 0.744000 0.911500
vt 0.735100 0.956300
vt 0.736300 0.897600
vt 0.753200 0.932400
vt 0.727800 0.897400
vt 0.758600 0.922500
vt 0.719300 0.955300
vt 0.741500 0.941300
vt 0.717000 0.941100
vt 0.756800 0.909900
vt 0.725800 0.914800
vt 0.750200 0.915000
vt 0.743200 0.946400
vt 0.737800 0.943600
vt 0.728400 0.931700
vt 0.740800 0.905700
vt 0.746200 0.921100
vt 0.740700 0.938900
vt 0.725300 0.918300
vt 0.745900 0.896500
vt 0.744300 0.943300
vt 0.723700 0.937400
vt 0.745600 0.947300
vt 0.722500 0.922500
vt 0.751700 0.904900
vt 0.726300 0.911000
vt 0.751700 0.921900
vt 0.721900 0.936700
vt 0.760800 0.956700
vt 0.735100 0.949100
vt 0.754100 0.898100
vt 0.711300 0.922100
vt 0.706200 0.953000
vt 0.736900 0.898100
vt 0.767700 0.953000
vt 0.748900 0.888700
vt 0.734300 0.960700
vt 0.714400 0.930600
vt 0.733200 0.958900
vt 0.731000 0.895100
vt 0.753400 0.919300
vt 0.733700 0.898700
vt 0.754800 0.951200
vt 0.719000 0.911000
vt 0.732900 0.936000
vt 0.718800 0.906100
vt 0.755100 0.945000
vt 0.716400 0.942000
vt 0.725400 0.903300
vt 0.755200 0.948900
vt 0.724400 0.905500
vt 0.747900 0.914500
vt 0.749400 0.945700
vt 0.749400 0.905400
vt 0.724400 0.945700
vt 0.725900 0.914500
vt 0.720500 0.941900
vt 0.747200 0.905000
vt 0.753300 0.945500
vt 0.746000 0.950200
vt 0.730700 0.942600
vt 0.728100 0.900900
vt 0.723400 0.940800
vt 0.750400 0.910300
vt 0.738300 0.940700
vt 0.762000 0.922900
vt 0.733000 0.946900
vt 0.713500 0.909300
vt 0.726800 0.923500
vt 0.733400 0.899400
vt 0.746300 0.944700
vt 0.747500 0.911000
vt 0.751900 0.936700
vt 0.722200 0.921900
vt 0.754100 0.951500
vt 0.717500 0.926900
vt 0.738900 0.889200
vt 0.719400 0.903400
vt 0.756900 0.923500
vt 0.717000 0.947800
vt 0.739000 0.939900
vt 0.717300 0.939100
vt 0.756500 0.911400
vt 0.729000 0.915500
vt 0.750600 0.916900
vt 0.734700 0.951000
vt 0.756800 0.941100
vt 0.732400 0.941300
vt 0.717000 0.909900
vt 0.723600 0.915000
vt 0.748100 0.914800
vt 0.730700 0.946400
vt 0.751400 0.922600
vt 0.728300 0.947300
vt 0.722100 0.904900
vt 0.729500 0.943300
vt 0.728000 0.896400
vt 0.750200 0.937500
vt 0.718700 0.948900
vt 0.757500 0.942000
vt 0.762600 0.927300
vt 0.723900 0.955200
vt 0.719400 0.943900
vt 0.716300 0.926100
vt 0.757500 0.912600
vt 0.738000 0.912100
vt 0.744300 0.927200
vt 0.729500 0.938900
vt 0.746200 0.919500
vt 0.729700 0.940700
vt 0.727700 0.911900
vt 0.726200 0.929700
vt 0.741000 0.905000
vt 0.742100 0.943300
vt 0.745500 0.931700
vt 0.736000 0.943600
vt 0.733100 0.905700
vt 0.733200 0.938900
vt 0.727600 0.921100
vt 0.748500 0.918300
vt 0.732800 0.905000
vt 0.747600 0.929700
vt 0.731800 0.943300
vt 0.744200 0.940700
vt 0.727700 0.919500
vt 0.746200 0.911900
vt 0.741400 0.906200
vt 0.746100 0.931400
vt 0.727700 0.939700
vt 0.727700 0.931400
vt 0.732400 0.906200
vt 0.746200 0.939700
vt 0.727500 0.944700
vt 0.740400 0.899400
vt 0.747100 0.923500
vt 0.760400 0.909300
vt 0.740900 0.946900
vt 0.711800 0.922900
vt 0.735600 0.940700
vt 0.723400 0.910300
vt 0.750400 0.940800
vt 0.744900 0.915500
vt 0.739200 0.951000
vt 0.723200 0.916900
vt 0.752000 0.907800
vt 0.750300 0.951100
vt 0.715900 0.923300
vt 0.727400 0.945000
vt 0.740100 0.907500
vt 0.747100 0.911200
vt 0.735500 0.914100
vt 0.740500 0.936700
vt 0.733400 0.933500
vt 0.736700 0.938000
vt 0.733500 0.914300
vt 0.739500 0.918200
vt 0.753400 0.941900
vt 0.720600 0.945500
vt 0.726700 0.905000
vt 0.720600 0.922500
vt 0.753300 0.917200
vt 0.748500 0.946100
vt 0.753300 0.922500
vt 0.725400 0.946100
vt 0.720600 0.917300
vt 0.740200 0.912300
vt 0.761300 0.936700
vt 0.712600 0.925000
vt 0.747200 0.947800
vt 0.725300 0.925400
vt 0.748400 0.903200
vt 0.728200 0.910200
vt 0.750000 0.921100
vt 0.728800 0.948300
vt 0.750700 0.959600
vt 0.730200 0.890900
vt 0.752900 0.910700
vt 0.720900 0.952200
vt 0.741500 0.960000
vt 0.729800 0.893300
vt 0.757100 0.915400
vt 0.732700 0.901900
vt 0.741200 0.901900
vt 0.736900 0.949300
vt 0.741200 0.935100
vt 0.732700 0.935100
vt 0.736900 0.916100
vt 0.745800 0.940500
vt 0.728000 0.940500
vt 0.736900 0.910700
vt 0.745800 0.938800
vt 0.728000 0.938800
vt 0.736900 0.912400
vt 0.737500 0.897600
vt 0.738700 0.956300
vt 0.720700 0.932400
vt 0.715200 0.922500
vt 0.746000 0.897400
vt 0.754600 0.955300
vt 0.734900 0.968500
vt 0.729300 0.883700
vt 0.748200 0.909400
vt 0.751400 0.881900
vt 0.751300 0.967200
vt 0.716800 0.935300
vt 0.737800 0.897400
vt 0.751200 0.919400
vt 0.725700 0.941800
vt 0.745300 0.942000
vt 0.728100 0.930000
vt 0.733800 0.909500
vt 0.916200 0.874600
vt 0.863200 0.855100
vt 0.744500 0.900800
vt 0.743300 0.925800
vt 0.738400 0.943700
vt 0.719800 0.898100
vt 0.738800 0.949100
vt 0.713000 0.956700
vt 0.762500 0.922100
vt 0.748500 0.925400
vt 0.726700 0.947800
vt 0.712600 0.936700
vt 0.733700 0.912300
vt 0.761300 0.925000
vt 0.723200 0.901900
vt 0.750700 0.923100
vt 0.742200 0.949900
vt 0.734900 0.965400
vt 0.713400 0.933700
vt 0.760500 0.898500
vt 0.729200 0.950400
vt 0.767200 0.974600
vt 0.720000 0.939900
vt 0.709300 0.874800
vt 0.706700 0.974600
vt 0.764500 0.874900
vt 0.753900 0.939900
vt 0.706200 0.860200
vt 0.767700 0.860200
vt 0.736900 0.990900
vt 0.947000 0.949100
vt 0.955500 0.888500
vt 0.862800 0.968600
vt 0.842400 0.986200
vt 0.955400 0.888600
vt 0.862800 0.968700
vt 0.764100 0.949800
vt 0.709800 0.949800
vt 0.736900 0.901300
vt 0.709800 0.899800
vt 0.764100 0.899800
vt 0.736900 0.951400
vt 0.756300 0.918700
vt 0.717500 0.936200
vt 0.742700 0.904600
vt 0.736900 0.939000
vt 0.700000 0.912100
vt 0.773900 0.912100
vt 0.779500 0.944200
vt 0.700000 0.906900
vt 0.773900 0.906900
vt 0.694400 0.944300
vt 0.699700 0.936000
vt 0.694400 0.915100
vt 0.779500 0.915100
vt 0.762200 0.919800
vt 0.710000 0.940900
vt 0.743200 0.888600
vt 0.699600 0.958800
vt 0.736900 0.892300
vt 0.774200 0.958900
vt 0.730700 0.888600
vt 0.763900 0.940900
vt 0.711600 0.919800
vt 0.697000 0.936000
vt 0.776800 0.915100
vt 0.771600 0.936000
vt 0.756300 0.936200
vt 0.717500 0.918700
vt 0.731200 0.904700
vt 0.137800 0.952000
vt 0.137800 0.977900
vt 0.074600 0.964900
vt 0.011100 0.879200
vt 0.074400 0.866300
vt 0.074400 0.892100
vt 0.074600 0.907800
vt 0.137800 0.894800
vt 0.137800 0.920700
vt 0.074400 0.977900
vt 0.011100 0.964900
vt 0.074400 0.952000
vt 0.137800 0.923400
vt 0.137800 0.949300
vt 0.074600 0.936400
vt 0.074400 0.894800
vt 0.074400 0.920700
vt 0.011100 0.907800
vt 0.074400 0.923400
vt 0.074400 0.949300
vt 0.011100 0.936400
vt 0.137800 0.866300
vt 0.137800 0.892100
vt 0.074600 0.879200
vt 0.727300 0.940700
vt 0.727800 0.902700
vt 0.750800 0.919500
vt 0.751600 0.912600
vt 0.735400 0.938400
vt 0.722100 0.916400
vt 0.728400 0.943500
vt 0.732300 0.908300
vt 0.745900 0.929700
vt 0.744600 0.907800
vt 0.741300 0.943200
vt 0.728000 0.919400
vt 0.730900 0.938600
vt 0.743200 0.915600
vt 0.744800 0.935200
vt 0.727800 0.925600
vt 0.735800 0.933900
vt 0.728400 0.917300
vt 0.745500 0.926300
vt 0.745000 0.914900
vt 0.739900 0.934000
vt 0.727900 0.930200
vt 0.742300 0.942200
vt 0.729900 0.909300
vt 0.741900 0.913200
vt 0.745000 0.913900
vt 0.728900 0.941600
vt 0.734600 0.909400
vt 0.730800 0.917800
vt 0.740400 0.909600
vt 0.738800 0.943200
vt 0.734200 0.902800
vt 0.748400 0.946400
vt 0.725500 0.926600
vt 0.733100 0.951000
vt 0.724500 0.903200
vt 0.749300 0.938100
vt 0.745300 0.902300
vt 0.744800 0.951900
vt 0.728600 0.904200
vt 0.722200 0.941600
vt 0.744100 0.909500
vt 0.751700 0.938000
vt 0.723000 0.909200
vt 0.749800 0.919600
vt 0.740700 0.943400
vt 0.750900 0.935700
vt 0.723700 0.931000
vt 0.728500 0.914300
vt 0.747300 0.940700
vt 0.726600 0.911500
vt 0.743200 0.910200
vt 0.739300 0.903900
vt 0.737500 0.946500
vt 0.732700 0.929700
vt 0.729400 0.905400
vt 0.749700 0.935600
vt 0.725700 0.947600
vt 0.725500 0.946400
vt 0.739600 0.902800
vt 0.748400 0.926600
vt 0.749300 0.903200
vt 0.740800 0.951000
vt 0.724500 0.938100
vt 0.732500 0.943200
vt 0.729300 0.907800
vt 0.745900 0.919400
vt 0.741500 0.908300
vt 0.745400 0.943500
vt 0.727900 0.929700
vt 0.733900 0.934000
vt 0.728900 0.914900
vt 0.745900 0.930200
vt 0.745500 0.917300
vt 0.738100 0.933900
vt 0.728400 0.926300
vt 0.735000 0.943200
vt 0.733500 0.909600
vt 0.743000 0.917800
vt 0.739200 0.909400
vt 0.745000 0.941600
vt 0.728900 0.913900
vt 0.732000 0.913200
vt 0.744000 0.909300
vt 0.731500 0.942200
vt 0.750200 0.931000
vt 0.722900 0.935700
vt 0.745300 0.914300
vt 0.724100 0.919700
vt 0.750800 0.909200
vt 0.733200 0.943400
vt 0.746100 0.902700
vt 0.746600 0.940700
vt 0.723100 0.919500
vt 0.738400 0.938400
vt 0.722200 0.912600
vt 0.751700 0.916400
vt 0.729800 0.909500
vt 0.751700 0.941600
vt 0.722200 0.938000
vt 0.729100 0.951900
vt 0.728600 0.902300
vt 0.745200 0.904300
vt 0.742900 0.938600
vt 0.729100 0.935200
vt 0.730600 0.915600
vt 0.746000 0.925600
vt 0.730600 0.910200
vt 0.747300 0.911500
vt 0.726600 0.940800
vt 0.734500 0.903900
vt 0.741100 0.929700
vt 0.736300 0.946500
vt 0.744400 0.905400
vt 0.748200 0.947600
vt 0.724200 0.935600
vt 0.189200 0.880700
vt 0.190500 0.879700
vt 0.202700 0.892800
vt 0.189200 0.892800
vt 0.196900 0.968600
vt 0.197100 0.966100
vt 0.202700 0.951300
vt 0.202700 0.981500
vt 0.209100 0.879700
vt 0.202700 0.864400
vt 0.209200 0.877300
vt 0.216100 0.908600
vt 0.217100 0.892800
vt 0.217100 0.906500
vt 0.215800 0.966100
vt 0.217100 0.951300
vt 0.217100 0.965000
vt 0.217100 0.880700
vt 0.218400 0.879700
vt 0.230600 0.892800
vt 0.230600 0.981500
vt 0.224800 0.968600
vt 0.225000 0.966100
vt 0.230600 0.951300
vt 0.237100 0.877300
vt 0.237000 0.879700
vt 0.230600 0.864400
vt 0.243900 0.908600
vt 0.244900 0.892800
vt 0.244900 0.906500
vt 0.244900 0.965000
vt 0.243700 0.966100
vt 0.244900 0.951300
vt 0.244900 0.880700
vt 0.246300 0.879700
vt 0.258500 0.892800
vt 0.252900 0.966100
vt 0.258500 0.951300
vt 0.256700 0.958200
vt 0.256500 0.963000
vt 0.258500 0.981500
vt 0.252700 0.968600
vt 0.264900 0.879700
vt 0.258500 0.864400
vt 0.265000 0.877300
vt 0.271900 0.908600
vt 0.272800 0.892800
vt 0.272800 0.906500
vt 0.272800 0.951300
vt 0.272800 0.965000
vt 0.271500 0.966100
vt 0.292700 0.879700
vt 0.286300 0.892800
vt 0.286300 0.864400
vt 0.292800 0.877300
vt 0.299700 0.908600
vt 0.300700 0.892800
vt 0.300700 0.906500
vt 0.299400 0.966100
vt 0.286300 0.951300
vt 0.300700 0.951300
vt 0.300700 0.965000
vt 0.230600 0.922900
vt 0.237100 0.922900
vt 0.238100 0.924900
vt 0.189200 0.877300
vt 0.224900 0.922900
vt 0.223900 0.921000
vt 0.217100 0.939300
vt 0.218000 0.937300
vt 0.272800 0.939300
vt 0.274100 0.937300
vt 0.286300 0.922900
vt 0.197000 0.922900
vt 0.196000 0.921000
vt 0.202700 0.922900
vt 0.189200 0.951300
vt 0.189200 0.939300
vt 0.190100 0.937300
vt 0.292900 0.922900
vt 0.293800 0.924900
vt 0.280600 0.922900
vt 0.279600 0.921000
vt 0.209200 0.922900
vt 0.210200 0.924900
vt 0.258500 0.922900
vt 0.265000 0.922900
vt 0.265900 0.924900
vt 0.252700 0.922900
vt 0.251800 0.921000
vt 0.189200 0.864400
vt 0.195400 0.965000
vt 0.211000 0.880700
vt 0.210900 0.922900
vt 0.209900 0.920900
vt 0.217100 0.910000
vt 0.217100 0.922900
vt 0.217100 0.981500
vt 0.217100 0.968600
vt 0.217100 0.877300
vt 0.217100 0.864400
vt 0.223200 0.965000
vt 0.238900 0.880700
vt 0.238800 0.922900
vt 0.237800 0.920900
vt 0.244900 0.910000
vt 0.244900 0.922900
vt 0.244900 0.968600
vt 0.244900 0.981500
vt 0.244900 0.877300
vt 0.244900 0.864400
vt 0.251100 0.965000
vt 0.266700 0.880700
vt 0.266700 0.922900
vt 0.265700 0.920900
vt 0.272800 0.910000
vt 0.272800 0.922900
vt 0.272800 0.981500
vt 0.272700 0.968300
vt 0.272800 0.968600
vt 0.274100 0.879700
vt 0.272800 0.877300
vt 0.272800 0.864400
vt 0.280700 0.966100
vt 0.279000 0.965000
vt 0.294600 0.880700
vt 0.294600 0.922900
vt 0.293600 0.920900
vt 0.300700 0.910000
vt 0.300700 0.922900
vt 0.300700 0.968600
vt 0.300700 0.981500
vt 0.244900 0.935800
vt 0.244000 0.937200
vt 0.244900 0.939300
vt 0.218000 0.908600
vt 0.223200 0.922900
vt 0.224200 0.924900
vt 0.217100 0.935800
vt 0.272800 0.935800
vt 0.278900 0.922900
vt 0.279700 0.924900
vt 0.189200 0.910000
vt 0.190100 0.908600
vt 0.195300 0.922900
vt 0.189200 0.922900
vt 0.189200 0.906500
vt 0.196300 0.924900
vt 0.189200 0.935800
vt 0.300700 0.935800
vt 0.299700 0.937200
vt 0.300700 0.939300
vt 0.273800 0.908600
vt 0.216100 0.937200
vt 0.271500 0.937200
vt 0.252000 0.924900
vt 0.251100 0.922900
vt 0.245900 0.937300
vt 0.245000 0.935800
vt 0.245900 0.908600
vt 0.272500 0.938800
vt 0.245500 0.936600
vt 0.865600 0.965200
vt 0.865800 0.960900
vt 0.865400 0.961100
vt 0.868700 0.960900
vt 0.868900 0.965200
vt 0.869000 0.961100
vt 0.867800 0.965200
vt 0.867900 0.961100
vt 0.867600 0.961200
vt 0.868700 0.961100
vt 0.869000 0.961200
vt 0.865800 0.961000
vt 0.865400 0.961200
vt 0.866500 0.961000
vt 0.866700 0.965200
vt 0.866800 0.961200
vt 0.865800 0.961100
vt 0.866500 0.961100
vt 0.866900 0.961000
vt 0.866500 0.961200
vt 0.865400 0.961000
vt 0.865800 0.961200
vt 0.868700 0.961000
vt 0.867900 0.961000
vt 0.867600 0.961100
vt 0.866900 0.961100
vt 0.868000 0.960900
vt 0.866900 0.960900
vt 0.865400 0.960900
vt 0.869000 0.960900
vt 0.868700 0.961200
vt 0.869000 0.961000
vt 0.867900 0.961200
vt 0.867600 0.961000
vt 0.867600 0.960900
vt 0.867900 0.960900
vt 0.001900 0.998600
vt 1.000000 0.578700
vt 1.000000 0.998600
vt 0.001900 0.578700
vt 0.005700 0.579300
vt 0.997300 0.148600
vt 0.997300 0.579300
vt 0.005700 0.148600
vt 0.998100 0.004600
vt 0.792200 0.992900
vt 0.017000 0.002700
vt 0.198700 0.991100
vt 0.198000 0.007000
vt 0.010100 0.995200
vt 0.798600 0.006300
vt 0.996600 0.995700
vt 0.010100 0.995100
vt 0.798600 0.006600
vt 0.996800 0.995700
vt 0.197900 0.005200
vt 0.009800 0.995100
vt 0.198000 0.007100
vt 0.010200 0.995200
vt 0.798700 0.006400
vt 0.997900 0.995700
vt 0.198100 0.007000
vt 0.010400 0.995100
vt 0.798800 0.006600
vt 0.998200 0.995700
vt 0.197900 0.005100
vt 0.010000 0.995100
vt 0.854200 0.006600
vt 0.497500 0.990600
vt 0.273700 0.006600
vt 0.854100 0.006600
vt 0.497500 0.990500
vt 0.020700 0.004600
vt 0.206200 0.992900
vt 0.995900 0.006400
vt 0.790800 0.992900
vt 0.996400 0.006400
vt 0.791000 0.992900
vt 0.997000 0.006400
vt 0.791400 0.992900
vt 0.020800 0.004600
vt 0.997400 0.006400
vt 0.791700 0.992900
vt 0.997800 0.006400
vt 0.791900 0.992900
vt 0.801600 0.005200
vt 0.996100 0.999100
vt 0.200400 0.005200
vt 0.003800 0.999100
vt 0.802100 0.005200
vt 0.996900 0.999100
vt 0.200900 0.005200
vt 0.004600 0.999100
vt 0.100000 0.200000
vt 0.000000 0.000000
vt 0.000000 0.200000
vt 0.200000 0.200000
vt 0.100000 0.000000
vt 0.300000 0.200000
vt 0.200000 0.000000
vt 0.400000 0.200000
vt 0.300000 0.000000
vt 0.500000 0.200000
vt 0.400000 0.000000
vt 0.600000 0.200000
vt 0.500000 0.000000
vt 0.700000 0.200000
vt 0.600000 0.000000
vt 0.800000 0.200000
vt 0.700000 0.000000
vt 0.900000 0.200000
vt 0.800000 0.000000
vt 1.000000 0.200000
vt 0.900000 0.000000
vt 1.000000 0.000000
vt 1.000000 1.000000
vt 0.000000 1.000000
s 1
usemtl Material.002
f 1/1/1 2/2/2 3/1/3
f 2/2/2 4/3/2 3/1/3
f 5/4/4 6/5/4 7/6/4
f 8/7/4 5/4/4 7/6/4
f 9/8/5 10/9/5 11/10/5
f 12/11/6 13/11/7 14/12/8
f 15/13/9 14/12/8 16/14/9
f 13/11/7 16/14/9 14/12/8
f 17/15/10 18/15/10 19/15/10
f 20/16/11 21/17/11 22/18/11
f 22/18/11 21/17/11 23/19/11
f 24/20/12 25/18/12 26/19/12
f 25/18/12 24/20/12 27/21/12
f 28/22/13 29/20/13 30/23/13
f 28/22/13 31/21/13 29/20/13
f 32/24/14 33/23/14 34/25/14
f 32/24/14 35/22/14 33/23/14
f 36/26/15 37/27/15 38/28/15
f 36/26/15 39/29/16 37/27/15
f 40/30/17 41/28/17 42/31/17
f 40/30/17 43/26/17 41/28/17
f 44/32/18 45/31/18 46/33/18
f 44/32/18 47/30/18 45/31/18
f 48/34/19 49/33/19 50/35/19
f 48/34/19 51/32/19 49/33/19
f 52/36/20 53/35/20 54/37/20
f 52/36/20 55/34/20 53/35/20
f 56/16/21 57/38/21 58/17/21
f 56/16/21 59/39/21 57/38/21
f 60/17/22 61/40/22 62/19/22
f 63/41/22 61/40/22 60/17/22
f 64/19/23 65/42/23 66/20/23
f 65/42/23 64/19/23 67/40/23
f 68/20/24 69/43/24 70/23/24
f 71/42/24 69/43/24 68/20/24
f 72/23/25 73/44/25 74/25/25
f 75/43/25 73/44/25 72/23/25
f 76/27/26 77/45/26 78/28/26
f 79/46/26 77/45/26 76/27/26
f 80/28/27 81/47/27 82/31/27
f 83/45/27 81/47/27 80/28/27
f 84/31/28 85/48/28 86/33/28
f 87/47/28 85/48/28 84/31/28
f 88/33/29 89/49/29 90/35/29
f 91/48/29 89/49/29 88/33/29
f 92/35/30 93/50/30 94/37/30
f 95/49/30 93/50/30 92/35/30
f 96/38/31 97/41/31 98/17/31
f 99/51/31 97/41/31 96/38/31
f 100/41/32 101/52/32 102/40/32
f 101/52/32 100/41/32 103/53/32
f 104/40/33 105/54/33 106/42/33
f 105/54/33 104/40/33 107/52/34
f 108/42/35 109/55/35 110/43/35
f 109/55/35 108/42/35 111/54/35
f 112/43/36 113/56/36 114/44/36
f 113/56/36 112/43/36 115/55/36
f 116/46/37 117/57/37 118/45/37
f 117/57/37 116/46/37 119/58/37
f 120/45/38 121/59/38 122/47/38
f 121/59/38 120/45/38 123/57/38
f 124/47/39 125/60/39 126/48/39
f 125/60/39 124/47/39 127/59/39
f 128/48/40 129/61/40 130/49/40
f 129/61/40 128/48/40 131/60/40
f 132/49/41 133/62/41 134/50/41
f 133/62/41 132/49/41 135/61/41
f 136/51/42 137/53/42 138/41/42
f 137/53/42 136/51/42 139/63/42
f 140/64/43 141/65/43 142/66/43
f 143/67/43 144/68/43 140/64/43
f 145/69/43 146/70/43 143/67/43
f 147/71/43 148/72/43 145/69/43
f 146/70/43 145/69/43 148/72/43
f 144/68/43 143/67/43 146/70/43
f 149/73/43 140/64/43 144/68/43
f 141/65/43 140/64/43 149/73/43
f 150/74/44 151/75/44 152/76/44
f 151/75/44 150/74/44 153/77/44
f 154/78/45 155/79/45 156/76/45
f 157/80/45 156/76/45 155/79/45
f 158/74/46 159/81/46 160/82/46
f 161/83/46 160/82/46 159/81/46
f 162/74/47 163/84/47 164/76/47
f 163/84/47 162/74/47 165/85/47
f 166/86/48 167/87/48 168/76/48
f 169/80/48 168/76/48 167/87/48
f 170/88/49 171/89/49 172/90/49
f 171/89/49 170/88/49 173/91/49
f 174/90/48 175/92/48 176/93/48
f 175/92/48 174/90/48 177/89/48
f 178/93/50 179/92/50 180/94/50
f 181/89/50 180/94/50 179/92/50
f 182/95/47 183/96/47 184/97/47
f 185/89/47 184/97/47 183/96/47
f 186/97/51 187/92/51 188/98/51
f 187/92/51 186/97/51 189/89/51
f 190/99/46 191/100/46 192/94/46
f 193/89/46 192/94/46 191/100/46
f 194/94/52 195/101/52 196/102/52
f 195/101/52 194/94/52 197/89/52
f 198/102/45 199/89/45 200/103/45
f 199/89/45 198/102/45 201/101/45
f 202/104/53 203/94/53 204/89/53
f 203/94/53 202/104/53 205/105/53
f 206/89/44 207/106/54 208/107/54
f 207/106/54 206/89/44 209/94/44
f 210/108/55 211/109/55 212/110/55
f 213/111/55 212/110/55 211/109/55
f 214/110/56 215/111/56 216/112/56
f 217/113/56 216/112/56 215/111/56
f 218/114/57 219/115/58 220/116/58
f 219/115/58 218/114/57 221/117/57
f 222/116/59 223/115/59 224/118/59
f 225/119/59 224/118/59 223/115/59
f 226/118/60 227/119/60 228/120/60
f 229/121/60 228/120/60 227/119/60
f 230/122/61 231/123/61 232/124/61
f 231/123/61 230/122/61 233/125/61
f 234/124/62 235/123/62 236/126/62
f 237/127/62 236/126/62 235/123/62
f 238/128/63 239/129/64 240/130/64
f 241/131/64 240/130/64 239/129/64
f 242/130/65 243/132/65 244/133/65
f 243/132/65 242/130/65 245/131/65
f 246/133/66 247/132/66 248/134/66
f 249/135/66 248/134/66 247/132/66
f 250/136/48 251/137/48 252/138/48
f 251/137/48 250/136/48 253/139/48
f 254/140/50 255/139/50 256/136/50
f 255/139/50 254/140/50 257/141/50
f 258/142/47 259/141/47 260/140/47
f 259/141/47 258/142/47 261/143/47
f 262/144/51 263/145/51 264/146/51
f 263/145/51 262/144/51 265/147/51
f 266/148/46 267/147/46 268/144/46
f 267/147/46 266/148/46 269/149/46
f 270/150/52 271/149/52 272/148/52
f 271/149/52 270/150/52 273/151/52
f 274/152/45 275/151/45 276/150/45
f 275/151/45 274/152/45 277/153/45
f 278/154/53 279/153/53 280/152/53
f 279/153/53 278/154/53 281/155/53
f 282/156/54 283/157/54 284/158/54
f 283/157/54 282/156/54 285/159/54
f 286/138/49 287/159/49 288/156/49
f 287/159/49 286/138/49 289/137/49
f 290/18/67 291/156/67 292/16/67
f 291/156/67 290/18/67 293/138/67
f 294/21/68 295/138/68 296/18/69
f 295/138/68 294/21/68 297/136/68
f 298/136/70 299/22/70 300/140/70
f 299/22/70 298/136/70 301/21/70
f 302/140/71 303/24/71 304/142/71
f 303/24/71 302/140/71 305/22/71
f 306/146/72 307/26/72 308/144/72
f 307/26/72 306/146/72 309/29/72
f 310/144/73 311/30/73 312/148/73
f 311/30/73 310/144/73 313/26/73
f 314/148/74 315/32/74 316/150/75
f 315/32/74 314/148/74 317/30/74
f 318/150/76 319/34/76 320/152/76
f 319/34/76 318/150/76 321/32/76
f 322/152/77 323/36/77 324/154/77
f 323/36/77 322/152/77 325/34/77
f 326/158/78 327/16/78 328/156/78
f 327/16/78 326/158/78 329/39/78
f 330/160/79 331/161/79 332/162/79
f 331/161/79 333/163/79 334/164/79
f 333/163/79 335/165/79 336/166/79
f 335/165/79 337/167/79 338/168/79
f 337/167/79 339/169/79 340/170/79
f 339/169/79 341/171/79 342/172/79
f 341/171/79 343/173/79 344/174/79
f 343/173/79 345/175/79 346/176/79
f 345/175/79 347/177/79 348/178/79
f 347/177/79 330/160/79 349/179/79
f 349/179/79 350/180/79 347/177/79
f 340/170/79 351/181/79 337/167/79
f 352/182/79 353/183/79 343/173/79
f 354/184/79 355/185/79 333/163/79
f 344/174/79 342/172/79 341/171/79
f 353/183/79 344/174/79 343/173/79
f 342/172/79 340/170/79 339/169/79
f 351/181/79 338/168/79 337/167/79
f 336/166/79 354/184/79 333/163/79
f 338/168/79 336/166/79 335/165/79
f 332/162/79 349/179/79 330/160/79
f 334/164/79 332/162/79 331/161/79
f 355/185/79 334/164/79 333/163/79
f 346/176/79 352/182/79 343/173/79
f 348/178/79 346/176/79 345/175/79
f 350/180/79 348/178/79 347/177/79
f 356/186/12 357/187/12 358/188/12
f 357/187/12 356/186/12 359/189/12
f 360/190/13 361/191/13 362/192/13
f 361/193/13 360/194/13 363/195/13
f 364/196/14 365/197/14 366/198/14
f 365/199/14 364/200/14 367/201/14
f 368/202/15 369/203/15 370/204/15
f 369/205/15 368/206/15 371/207/15
f 372/208/17 373/209/17 374/210/17
f 373/209/17 372/208/17 375/211/17
f 376/212/18 377/213/18 378/214/18
f 377/187/18 376/186/18 379/189/18
f 380/190/19 381/191/19 382/192/19
f 381/193/19 380/194/19 383/195/19
f 384/196/20 385/197/20 386/198/20
f 385/199/20 384/200/20 387/201/20
f 388/202/21 389/203/21 390/204/21
f 389/205/21 388/206/21 391/207/21
f 392/208/11 393/209/11 394/210/11
f 393/209/11 392/208/11 395/211/11
f 396/215/80 397/216/80 398/217/80
f 398/218/80 399/219/80 400/220/80
f 397/221/80 399/219/80 398/218/80
f 401/222/81 402/223/81 403/224/81
f 404/225/81 402/223/81 401/222/81
f 405/226/82 406/227/82 407/228/82
f 408/229/82 406/230/82 405/231/82
f 409/232/83 410/233/83 411/234/83
f 412/235/84 410/233/83 409/232/83
f 413/236/85 414/237/85 415/238/85
f 416/239/85 414/240/85 413/241/85
f 417/242/86 418/243/86 419/244/86
f 420/245/86 419/244/86 421/246/86
f 419/244/86 418/243/86 421/246/86
f 422/247/87 423/248/87 424/249/87
f 425/250/87 424/251/87 426/252/87
f 424/253/87 423/254/87 426/255/87
f 427/256/88 428/257/88 429/258/88
f 430/259/88 429/260/88 431/261/88
f 429/258/88 428/257/88 431/262/88
f 432/263/89 433/264/89 434/265/89
f 435/266/89 433/267/89 432/268/89
f 436/269/90 437/270/90 438/271/90
f 439/272/90 437/270/90 436/269/90
f 440/273/91 441/274/91 442/275/91
f 443/276/91 442/275/91 441/274/91
f 444/273/92 445/274/92 446/276/92
f 446/276/92 447/275/92 444/273/92
f 448/276/93 449/275/94 450/274/95
f 451/273/94 450/274/95 449/275/94
f 452/273/96 453/274/96 454/276/96
f 454/276/96 455/275/96 452/273/96
f 456/277/79 457/278/79 458/279/79
f 457/278/79 459/280/79 460/281/79
f 461/282/79 462/283/79 463/284/79
f 462/283/79 456/277/79 458/279/79
f 464/285/79 465/286/79 466/287/79
f 465/286/79 461/282/79 467/288/79
f 459/280/79 468/289/79 469/290/79
f 468/289/79 464/285/79 466/287/79
f 470/291/79 471/292/79 466/287/79
f 472/293/79 473/294/79 460/281/79
f 473/294/79 458/279/79 457/278/79
f 463/284/79 467/288/79 461/282/79
f 467/288/79 474/295/79 475/296/79
f 476/297/79 463/284/79 458/279/79
f 475/296/79 477/298/79 467/288/79
f 477/298/79 466/287/79 465/286/79
f 470/291/79 475/296/79 474/295/79
f 469/290/79 460/281/79 459/280/79
f 460/281/79 478/299/79 472/293/79
f 457/278/79 460/281/79 473/294/79
f 463/284/79 462/283/79 458/279/79
f 465/286/79 467/288/79 477/298/79
f 469/290/79 468/289/79 466/287/79
f 466/287/79 471/292/79 469/290/79
f 479/300/97 480/301/97 481/302/97
f 482/303/97 479/300/97 481/302/97
f 483/301/98 484/302/98 485/300/98
f 486/303/98 485/300/98 484/302/98
f 487/303/99 488/300/99 489/301/99
f 489/301/99 490/302/99 487/303/99
f 491/304/79 492/305/79 493/306/79
f 492/305/79 494/307/79 493/306/79
f 495/308/100 496/309/100 497/310/100
f 497/310/100 498/311/100 495/308/100
f 499/301/97 500/302/97 501/300/97
f 502/303/97 501/300/97 500/302/97
f 503/303/100 504/300/100 505/301/100
f 505/301/100 506/302/100 503/303/100
f 507/300/99 508/301/99 509/302/99
f 510/303/99 507/300/99 509/302/99
f 511/304/79 512/305/79 513/306/79
f 512/305/79 514/307/79 513/306/79
f 515/308/98 516/309/98 517/310/98
f 517/310/98 518/311/98 515/308/98
f 519/303/98 520/300/98 521/301/98
f 521/301/98 522/302/98 519/303/98
f 523/300/100 524/301/100 525/302/100
f 526/303/100 523/300/100 525/302/100
f 527/301/99 528/302/99 529/300/99
f 530/303/99 529/300/99 528/302/99
f 531/304/79 532/305/79 533/306/79
f 532/305/79 534/307/79 533/306/79
f 535/308/97 536/309/97 537/310/97
f 537/310/97 538/311/97 535/308/97
f 539/303/97 540/300/97 541/301/97
f 541/301/97 542/302/97 539/303/97
f 543/300/98 544/301/98 545/302/98
f 546/303/98 543/300/98 545/302/98
f 547/301/100 548/302/100 549/300/100
f 550/303/100 549/300/100 548/302/100
f 551/304/79 552/305/79 553/306/79
f 552/305/79 554/307/79 553/306/79
f 555/308/99 556/309/99 557/310/99
f 557/310/99 558/311/99 555/308/99
f 559/312/94 560/313/94 561/314/94
f 560/313/94 562/315/94 561/314/94
f 563/312/91 564/313/91 565/315/91
f 566/314/91 563/312/91 565/315/91
f 567/312/96 568/313/96 569/314/96
f 568/313/96 570/315/96 569/314/96
f 571/312/92 572/313/92 573/315/92
f 574/314/92 571/312/92 573/315/92
f 575/316/99 576/317/99 577/318/99
f 578/319/99 577/318/99 576/317/99
f 579/316/100 580/319/100 581/318/100
f 580/319/100 579/316/100 582/317/100
f 583/316/98 584/319/98 585/318/98
f 584/319/98 583/316/98 586/317/98
f 587/316/97 588/317/97 589/318/97
f 590/319/97 589/318/97 588/317/97
f 591/320/79 592/321/79 593/322/79
f 593/322/79 592/321/79 594/323/79
f 595/324/101 596/325/101 597/326/102
f 598/327/102 597/328/102 596/329/101
f 599/330/103 600/331/103 601/332/104
f 601/327/104 602/328/104 599/333/103
f 603/333/105 604/329/106 605/327/105
f 605/327/105 606/328/105 603/333/105
f 607/330/107 608/331/108 609/332/107
f 609/327/107 610/328/107 607/333/107
f 611/316/109 612/317/109 613/318/109
f 614/319/109 613/318/109 612/317/109
f 615/316/100 616/317/100 617/318/100
f 618/319/100 617/318/100 616/317/100
f 619/316/98 620/317/98 621/318/98
f 622/319/98 621/318/98 620/317/98
f 623/316/97 624/319/97 625/318/97
f 624/319/97 623/316/97 626/317/97
f 627/320/79 628/321/79 629/322/79
f 629/322/79 628/321/79 630/323/79
f 631/324/110 632/325/102 633/326/102
f 634/327/101 633/328/102 632/329/102
f 635/333/104 636/329/103 637/327/111
f 637/327/111 638/328/111 635/333/104
f 639/333/106 640/329/106 641/327/105
f 641/327/105 642/328/105 639/333/106
f 643/324/112 644/325/112 645/326/112
f 646/327/112 645/328/112 644/329/112
f 647/316/99 648/317/99 649/318/99
f 650/319/99 649/318/99 648/317/99
f 651/316/100 652/317/100 653/318/100
f 654/319/100 653/318/100 652/317/100
f 655/316/113 656/317/113 657/318/113
f 658/319/113 657/318/113 656/317/113
f 659/316/97 660/319/97 661/318/97
f 660/319/97 659/316/97 662/317/97
f 663/320/79 664/321/79 665/322/79
f 665/322/79 664/321/79 666/323/79
f 667/330/102 668/331/110 669/332/102
f 669/327/102 670/328/102 667/333/102
f 671/330/111 672/331/111 673/332/104
f 673/327/104 674/328/104 671/333/111
f 675/324/105 676/325/105 677/326/105
f 678/327/105 677/328/105 676/329/105
f 679/324/108 680/325/107 681/326/114
f 682/327/114 681/328/114 680/329/107
f 683/316/99 684/317/99 685/318/99
f 686/319/99 685/318/99 684/317/99
f 687/316/100 688/319/100 689/318/100
f 688/319/100 687/316/100 690/317/100
f 691/316/98 692/319/98 693/318/98
f 692/319/98 691/316/98 694/317/98
f 695/316/97 696/317/97 697/318/97
f 698/319/97 697/318/97 696/317/97
f 699/320/79 700/321/79 701/322/79
f 701/322/79 700/321/79 702/323/79
f 703/333/115 704/329/115 705/328/102
f 706/327/102 705/328/102 704/329/115
f 707/333/104 708/329/111 709/327/104
f 709/327/104 710/328/104 707/333/104
f 711/324/105 712/325/105 713/326/106
f 714/327/106 713/328/106 712/329/105
f 715/333/116 716/329/114 717/328/107
f 718/327/117 717/328/107 716/329/114
f 719/334/79 720/335/79 721/336/79
f 720/335/79 722/337/79 723/338/79
f 722/337/79 724/339/79 725/340/79
f 724/339/79 719/334/79 726/341/79
f 726/341/79 725/340/79 724/339/79
f 725/340/79 723/338/79 722/337/79
f 723/338/79 721/336/79 720/335/79
f 721/336/79 726/341/79 719/334/79
f 727/342/118 728/343/118 729/344/118
f 728/345/118 727/346/118 730/347/118
f 731/342/119 732/348/119 733/344/119
f 734/349/119 733/350/119 732/351/119
f 735/342/120 736/348/120 737/344/120
f 738/349/120 737/350/120 736/351/120
f 739/342/121 740/348/121 741/344/121
f 742/349/121 741/350/121 740/351/121
f 743/352/99 744/353/99 745/354/99
f 744/353/99 743/352/99 746/355/99
f 747/352/100 748/353/100 749/354/100
f 748/353/100 747/352/100 750/355/100
f 751/352/98 752/353/98 753/354/98
f 752/353/98 751/352/98 754/355/98
f 755/352/97 756/355/97 757/354/97
f 758/353/97 757/354/97 756/355/97
f 759/356/79 760/357/79 761/358/79
f 760/357/79 759/356/79 762/359/79
f 763/360/122 764/361/101 765/362/102
f 766/363/102 765/362/102 764/361/101
f 767/364/104 768/365/123 769/366/104
f 769/363/104 770/362/104 767/360/104
f 771/364/105 772/365/105 773/366/105
f 773/363/105 774/362/105 771/360/105
f 775/367/108 776/368/108 777/369/107
f 778/363/107 777/362/107 776/361/108
f 478/299/79 471/292/79 779/370/79
f 472/293/79 478/299/79 779/370/79
f 476/297/79 458/279/79 779/370/79
f 474/295/79 476/297/79 470/291/79
f 780/371/124 781/372/43 782/373/125
f 783/374/126 784/374/126 785/374/126
f 786/375/127 787/375/128 788/375/128
f 789/376/129 790/376/128 791/376/128
f 792/377/130 793/377/128 794/377/128
f 795/378/131 796/378/132 797/378/132
f 798/379/133 799/380/134 800/381/135
f 451/382/94 450/382/95 801/382/132
f 802/383/126 803/383/126 804/383/126
f 449/384/94 448/384/93 805/384/128
f 806/385/136 807/386/137 808/387/138
f 809/388/139 810/389/140 811/390/79
f 812/76/52 813/391/52 814/392/141
f 815/393/52 816/81/52 817/394/52
f 816/81/52 818/74/52 817/394/52
f 818/74/52 812/76/52 814/392/141
f 814/392/141 817/394/52 818/74/52
f 816/81/52 815/393/52 819/395/142
f 813/391/52 812/76/52 820/396/52
f 812/76/52 821/80/52 820/396/52
f 821/397/52 816/398/52 819/15/142
f 822/399/143 820/396/52 821/80/52
f 819/15/142 822/15/143 821/397/52
f 823/76/144 824/400/51 825/401/145
f 826/402/51 827/85/146 828/403/51
f 827/85/146 829/74/51 828/403/51
f 829/74/51 823/76/144 825/401/145
f 825/401/145 828/403/51 829/74/51
f 827/85/146 826/402/51 830/404/147
f 824/400/51 823/76/144 831/405/144
f 823/76/144 832/84/144 831/405/144
f 832/406/144 827/407/146 830/408/147
f 830/404/147 831/405/144 832/84/144
f 833/1/148 834/2/148 835/409/148
f 836/8/149 837/9/149 838/410/150
f 839/411/151 836/8/149 838/410/150
f 840/12/152 841/412/152 842/413/152
f 843/414/153 844/4/154 845/415/154
f 844/4/154 846/416/154 845/415/154
f 847/76/50 848/80/50 849/417/50
f 848/80/50 850/418/50 849/417/50
f 851/419/50 852/86/50 853/401/155
f 852/86/50 847/76/50 853/401/155
f 849/417/50 853/401/155 847/76/50
f 854/87/50 852/86/50 855/420/50
f 852/86/50 851/419/50 855/420/50
f 850/418/50 848/80/50 856/421/156
f 848/422/50 854/423/50 856/424/156
f 855/420/50 856/421/156 854/87/50
f 857/425/157 858/4/157 859/426/158
f 858/4/157 860/416/159 859/426/158
f 861/12/160 862/412/160 863/427/160
f 864/2/161 865/3/162 866/426/161
f 867/428/161 864/2/161 866/426/161
f 868/411/163 869/8/163 870/429/163
f 871/76/49 872/430/49 873/431/164
f 874/432/165 875/81/166 876/433/49
f 875/81/166 877/74/49 876/433/49
f 877/74/49 871/76/49 873/431/164
f 873/431/164 876/433/49 877/74/49
f 875/81/166 874/432/165 878/434/167
f 872/430/49 871/76/49 879/435/49
f 871/76/49 880/80/49 879/435/49
f 880/436/49 875/437/166 878/438/167
f 878/434/167 879/435/49 880/80/49
f 881/1/168 882/2/168 883/439/168
f 884/4/169 885/5/169 886/6/169
f 887/7/169 884/4/169 886/6/169
f 888/8/170 889/9/170 890/440/170
f 891/13/171 892/12/172 893/14/172
f 892/12/172 894/11/172 893/14/172
f 895/76/53 896/441/53 897/442/53
f 898/443/53 899/77/53 900/444/53
f 899/77/53 901/74/53 900/444/53
f 901/74/53 895/76/53 897/442/53
f 897/442/53 900/444/53 901/74/53
f 899/77/53 898/443/53 902/445/173
f 896/441/53 895/76/53 903/446/53
f 895/76/53 904/75/53 903/446/53
f 904/447/53 899/448/53 902/449/173
f 902/445/173 903/446/53 904/75/53
f 905/1/174 906/2/174 907/3/174
f 908/4/175 909/5/175 910/6/175
f 911/7/175 908/4/175 910/6/175
f 912/8/176 913/9/176 914/440/176
f 915/13/177 916/12/177 917/14/177
f 916/12/177 918/11/178 917/14/177
f 919/450/179 920/451/180 921/452/181
f 920/453/180 919/454/179 922/455/182
f 923/456/183 922/457/182 919/458/179
f 922/459/182 923/460/183 924/461/184
f 925/462/185 924/463/184 923/464/183
f 924/465/184 925/466/185 926/467/186
f 927/468/187 926/469/186 925/470/185
f 926/471/186 927/472/187 928/473/188
f 929/474/189 928/473/188 927/472/187
f 928/475/188 929/476/189 930/477/190
f 931/478/191 932/479/192 933/480/193
f 932/481/192 931/482/191 934/483/194
f 935/484/195 934/485/194 931/486/191
f 934/487/194 935/488/195 936/489/196
f 937/490/197 936/491/196 935/492/195
f 936/493/196 937/494/197 938/495/198
f 939/496/199 938/497/198 937/498/197
f 938/499/198 939/500/199 940/501/200
f 941/502/201 940/503/200 939/504/199
f 942/505/202 920/506/180 943/507/203
f 920/508/180 942/509/202 921/510/181
f 944/511/204 921/512/181 942/513/202
f 921/512/181 944/511/204 945/514/205
f 946/515/206 945/516/205 944/517/204
f 945/518/205 946/519/206 947/520/207
f 948/521/208 947/522/207 946/523/206
f 940/524/200 936/525/196 938/526/198
f 936/527/196 940/528/200 934/529/194
f 949/530/209 934/531/194 940/532/200
f 934/533/194 949/534/209 950/535/210
f 951/536/211 950/537/210 949/538/209
f 950/539/210 951/540/211 952/541/212
f 953/542/213 921/543/181 945/544/205
f 921/545/181 953/546/213 919/547/179
f 954/548/214 919/549/179 953/550/213
f 919/551/179 954/552/214 955/553/215
f 956/554/216 955/555/215 954/556/214
f 955/557/215 956/558/216 930/559/190
f 957/560/217 958/561/218 959/562/219
f 958/563/218 957/564/217 960/565/220
f 961/566/221 960/567/220 957/568/217
f 960/569/220 961/570/221 962/571/222
f 963/572/223 962/573/222 961/574/221
f 962/575/222 963/576/223 964/577/224
f 965/578/225 962/579/222 966/580/226
f 962/581/222 965/582/225 960/583/220
f 952/584/212 960/585/220 965/586/225
f 960/587/220 952/588/212 967/589/227
f 951/590/211 967/589/227 952/588/212
f 968/591/228 937/592/197 935/593/195
f 937/594/197 968/595/228 969/596/229
f 970/597/230 969/598/229 968/599/228
f 969/600/229 970/601/230 971/602/231
f 972/603/232 971/604/231 970/605/230
f 973/606/233 939/607/199 937/608/197
f 939/609/199 973/610/233 974/611/234
f 975/612/235 974/613/234 973/614/233
f 974/615/234 975/616/235 976/617/236
f 971/618/231 976/619/236 975/620/235
f 977/621/237 978/622/238 979/623/239
f 978/624/238 977/625/237 980/626/240
f 981/627/241 980/628/240 977/629/237
f 980/630/240 981/631/241 982/632/242
f 983/633/243 970/634/230 968/635/228
f 970/636/230 983/637/243 978/638/238
f 984/639/244 978/640/238 983/641/243
f 978/642/238 984/643/244 979/644/239
f 982/645/242 985/646/245 957/647/217
f 985/648/245 982/649/242 986/650/246
f 981/651/241 986/652/246 982/653/242
f 986/654/246 981/655/241 987/656/247
f 937/657/197 975/496/235 973/658/233
f 975/607/235 937/659/197 988/660/248
f 969/661/229 988/662/248 937/663/197
f 988/664/248 969/665/229 971/666/231
f 985/667/245 989/668/249 990/669/250
f 989/670/249 985/671/245 991/672/251
f 986/673/246 991/674/251 985/675/245
f 991/676/251 986/677/246 992/678/252
f 961/679/221 989/680/249 963/681/223
f 989/682/249 961/683/221 990/684/250
f 957/685/217 990/686/250 961/687/221
f 990/688/250 957/689/217 985/690/245
f 993/691/253 952/692/212 965/693/225
f 952/694/212 993/695/253 932/696/192
f 994/697/254 932/698/192 993/699/253
f 932/700/192 994/701/254 933/702/193
f 995/703/255 919/704/179 955/705/215
f 919/706/179 995/707/255 996/708/256
f 927/709/187 996/710/256 995/711/255
f 996/712/256 927/713/187 925/714/185
f 974/715/234 941/716/201 939/717/199
f 941/718/201 974/719/234 997/720/257
f 976/721/236 997/722/257 974/723/234
f 998/724/258 978/725/238 980/726/240
f 978/727/238 998/728/258 970/729/230
f 972/730/232 970/731/230 998/732/258
f 954/733/214 999/734/259 956/735/216
f 999/734/259 954/733/214 1000/736/260
f 953/737/213 1000/738/260 954/739/214
f 996/740/256 923/741/183 919/742/179
f 923/743/183 996/744/256 925/745/185
f 1001/746/261 991/747/251 992/748/252
f 991/749/251 1001/750/261 989/751/249
f 1002/752/262 957/753/217 959/754/219
f 957/755/217 1002/756/262 982/757/242
f 1000/758/260 1003/759/263 999/760/259
f 1003/761/263 1000/762/260 1004/763/264
f 1005/764/265 998/765/258 980/766/240
f 998/767/258 1005/768/265 972/769/232
f 1006/770/266 1007/771/267 943/477/203
f 1007/772/267 1006/773/266 924/774/184
f 1008/775/268 980/776/240 982/777/242
f 980/776/240 1008/775/268 1005/778/265
f 950/779/210 932/780/192 934/607/194
f 932/781/192 950/782/210 952/783/212
f 975/784/235 988/785/248 971/786/231
f 1004/787/264 1009/788/269 1003/789/263
f 1007/772/267 924/774/184 926/790/186
f 948/791/208 946/792/206 968/793/228
f 948/794/208 935/795/195 1010/796/270
f 968/797/228 935/798/195 948/799/208
f 922/800/182 924/801/184 1011/802/271
f 1011/802/271 920/803/180 922/800/182
f 1006/770/266 943/477/203 920/803/180
f 929/476/189 927/804/187 1012/805/272
f 1012/805/272 955/803/215 929/476/189
f 930/477/190 929/476/189 955/803/215
f 1006/770/266 920/803/180 1011/802/271
f 1011/802/271 924/801/184 1006/770/266
f 995/800/255 955/803/215 1012/805/272
f 1012/805/272 927/804/187 995/800/255
f 1013/806/273 1014/807/273 1015/808/274
f 1014/809/273 1013/810/273 1016/811/275
f 1017/812/276 1018/813/277 1019/814/278
f 1018/815/277 1017/816/276 1020/817/279
f 1021/818/280 1020/819/279 1017/820/276
f 1020/819/279 1021/818/280 1022/821/281
f 1023/822/282 1022/823/281 1021/824/280
f 1024/825/283 1025/826/284 1026/827/285
f 1025/828/284 1024/829/283 1023/830/282
f 1027/831/286 1023/832/282 1024/833/283
f 1023/834/282 1021/835/280 1025/836/284
f 1018/837/277 1020/838/279 1028/839/287
f 1029/840/288 1030/841/288 1031/842/288
f 1032/843/289 1033/844/289 1034/845/289
f 1035/846/290 1036/847/290 1037/848/290
f 1038/849/291 1039/850/291 1040/851/291
f 1041/852/292 1042/853/292 1043/854/292
f 1044/855/293 1045/856/293 1046/857/293
f 1047/858/294 1048/859/294 1049/860/294
f 1050/861/295 1051/862/295 1052/863/295
f 1053/840/288 1054/841/288 1055/842/288
f 1056/843/289 1057/844/289 1058/845/289
f 1059/846/290 1060/847/290 1061/848/290
f 1062/849/291 1063/850/291 1064/851/291
f 1065/852/292 1066/853/292 1067/854/292
f 1068/855/293 1069/856/293 1070/857/293
f 1071/858/294 1072/859/294 1073/860/294
f 1074/861/295 1075/862/295 1076/863/295
f 1077/840/288 1078/841/288 1079/842/288
f 1080/857/289 1081/855/289 1082/856/289
f 1083/846/290 1084/847/290 1085/848/290
f 1086/862/291 1087/863/291 1088/861/291
f 1089/852/292 1090/853/292 1091/854/292
f 1092/844/293 1093/845/293 1094/843/293
f 1095/858/294 1096/859/294 1097/860/294
f 1098/851/295 1099/849/295 1100/850/295
f 1101/840/288 1102/841/288 1103/842/288
f 1104/857/289 1105/855/289 1106/856/289
f 1107/846/290 1108/847/290 1109/848/290
f 1110/862/291 1111/863/291 1112/861/291
f 1113/852/292 1114/853/292 1115/854/292
f 1116/844/293 1117/845/293 1118/843/293
f 1119/858/294 1120/859/294 1121/860/294
f 1122/851/295 1123/849/295 1124/850/295
f 1125/840/288 1126/841/288 1127/842/288
f 1128/843/289 1129/844/289 1130/845/289
f 1131/846/290 1132/847/290 1133/848/290
f 1134/862/291 1135/863/291 1136/861/291
f 1137/852/292 1138/853/292 1139/854/292
f 1140/855/293 1141/856/293 1142/857/293
f 1143/858/294 1144/859/294 1145/860/294
f 1146/851/295 1147/849/295 1148/850/295
f 1149/840/288 1150/841/288 1151/842/288
f 1152/857/289 1153/855/289 1154/856/289
f 1155/846/290 1156/847/290 1157/848/290
f 1158/862/291 1159/863/291 1160/861/291
f 1161/852/292 1162/853/292 1163/854/292
f 1164/844/293 1165/845/293 1166/843/293
f 1167/858/294 1168/859/294 1169/860/294
f 1170/851/295 1171/849/295 1172/850/295
f 1173/852/288 1174/853/288 1175/854/288
f 1176/857/289 1177/855/289 1178/856/289
f 1179/846/290 1180/847/290 1181/848/290
f 1182/862/291 1183/863/291 1184/861/291
f 1185/840/292 1186/841/292 1187/842/292
f 1188/844/293 1189/845/293 1190/843/293
f 1191/858/294 1192/859/294 1193/860/294
f 1194/851/295 1195/849/295 1196/850/295
f 1197/852/288 1198/853/288 1199/854/288
f 1200/857/289 1201/855/289 1202/856/289
f 1203/846/290 1204/847/290 1205/848/290
f 1206/862/291 1207/863/291 1208/861/291
f 1209/840/292 1210/841/292 1211/842/292
f 1212/844/293 1213/845/293 1214/843/293
f 1215/858/294 1216/859/294 1217/860/294
f 1218/851/295 1219/849/295 1220/850/295
f 1221/851/296 1222/849/296 1223/850/296
f 1224/843/297 1225/844/297 1226/845/297
f 1227/854/298 1228/852/298 1229/853/298
f 1230/856/299 1231/857/299 1232/855/299
f 1233/840/300 1234/841/300 1235/842/300
f 1236/858/301 1237/859/301 1238/860/301
f 1239/861/302 1240/862/302 1241/863/302
f 1242/847/303 1243/848/303 1244/846/303
f 1245/851/304 1246/849/304 1247/850/304
f 1248/843/305 1249/844/305 1250/845/305
f 1251/854/306 1252/852/306 1253/853/306
f 1254/856/307 1255/857/307 1256/855/307
f 1257/840/308 1258/841/308 1259/842/308
f 1260/858/309 1261/859/309 1262/860/309
f 1263/861/310 1264/862/310 1265/863/310
f 1266/847/311 1267/848/311 1268/846/311
f 1269/851/312 1270/849/312 1271/850/312
f 1272/843/313 1273/844/313 1274/845/313
f 1275/854/314 1276/852/314 1277/853/314
f 1278/856/315 1279/857/315 1280/855/315
f 1281/840/316 1282/841/316 1283/842/316
f 1284/858/317 1285/859/317 1286/860/317
f 1287/861/318 1288/862/318 1289/863/318
f 1290/847/319 1291/848/319 1292/846/319
f 1293/851/320 1294/849/320 1295/850/320
f 1296/843/321 1297/844/321 1298/845/321
f 1299/854/322 1300/852/322 1301/853/322
f 1302/856/323 1303/857/323 1304/855/323
f 1305/840/324 1306/841/324 1307/842/324
f 1308/858/325 1309/859/325 1310/860/325
f 1311/861/326 1312/862/326 1313/863/326
f 1314/847/327 1315/848/327 1316/846/327
f 1317/851/328 1318/849/328 1319/850/328
f 1320/843/329 1321/844/329 1322/845/329
f 1323/854/330 1324/852/330 1325/853/330
f 1326/856/331 1327/857/331 1328/855/331
f 1329/840/332 1330/841/332 1331/842/332
f 1332/858/333 1333/859/333 1334/860/333
f 1335/861/334 1336/862/334 1337/863/334
f 1338/847/335 1339/848/335 1340/846/335
f 1341/851/336 1342/849/336 1343/850/336
f 1344/843/337 1345/844/337 1346/845/337
f 1347/854/338 1348/852/338 1349/853/338
f 1350/856/339 1351/857/339 1352/855/339
f 1353/840/340 1354/841/340 1355/842/340
f 1356/858/341 1357/859/341 1358/860/341
f 1359/861/342 1360/862/342 1361/863/342
f 1362/847/343 1363/848/343 1364/846/343
f 1365/851/344 1366/849/344 1367/850/344
f 1368/843/345 1369/844/345 1370/845/345
f 1371/854/346 1372/852/346 1373/853/346
f 1374/856/347 1375/857/347 1376/855/347
f 1377/840/348 1378/841/348 1379/842/348
f 1380/858/349 1381/859/349 1382/860/349
f 1383/861/350 1384/862/350 1385/863/350
f 1386/847/351 1387/848/351 1388/846/351
f 1389/851/352 1390/849/352 1391/850/352
f 1392/843/353 1393/844/353 1394/845/353
f 1395/854/354 1396/852/354 1397/853/354
f 1398/856/355 1399/857/355 1400/855/355
f 1401/840/356 1402/841/356 1403/842/356
f 1404/858/357 1405/859/357 1406/860/357
f 1407/861/358 1408/862/358 1409/863/358
f 1410/847/359 1411/848/359 1412/846/359
f 1413/851/360 1414/849/360 1415/850/360
f 1416/843/361 1417/844/361 1418/845/361
f 1419/854/362 1420/852/362 1421/853/362
f 1422/856/363 1423/857/363 1424/855/363
f 1425/840/364 1426/841/364 1427/842/364
f 1428/858/365 1429/859/365 1430/860/365
f 1431/861/366 1432/862/366 1433/863/366
f 1434/847/367 1435/848/367 1436/846/367
f 1437/851/368 1438/849/368 1439/850/368
f 1440/843/369 1441/844/369 1442/845/369
f 1443/854/370 1444/852/370 1445/853/370
f 1446/856/371 1447/857/371 1448/855/371
f 1449/840/372 1450/841/372 1451/842/372
f 1452/858/373 1453/859/373 1454/860/373
f 1455/861/374 1456/862/374 1457/863/374
f 1458/847/375 1459/848/375 1460/846/375
f 1461/851/376 1462/849/376 1463/850/376
f 1464/843/377 1465/844/377 1466/845/377
f 1467/854/378 1468/852/378 1469/853/378
f 1470/856/379 1471/857/379 1472/855/379
f 1473/840/380 1474/841/380 1475/842/380
f 1476/858/381 1477/859/381 1478/860/381
f 1479/861/382 1480/862/382 1481/863/382
f 1482/847/383 1483/848/383 1484/846/383
f 1485/851/384 1486/849/384 1487/850/384
f 1488/843/385 1489/844/385 1490/845/385
f 1491/854/386 1492/852/386 1493/853/386
f 1494/856/387 1495/857/387 1496/855/387
f 1497/840/388 1498/841/388 1499/842/388
f 1500/858/389 1501/859/389 1502/860/389
f 1503/861/390 1504/862/390 1505/863/390
f 1506/847/391 1507/848/391 1508/846/391
f 1509/851/392 1510/849/392 1511/850/392
f 1512/843/393 1513/844/393 1514/845/393
f 1515/854/394 1516/852/394 1517/853/394
f 1518/856/395 1519/857/395 1520/855/395
f 1521/840/396 1522/841/396 1523/842/396
f 1524/858/397 1525/859/397 1526/860/397
f 1527/861/398 1528/862/398 1529/863/398
f 1530/847/399 1531/848/399 1532/846/399
f 1533/851/400 1534/849/400 1535/850/400
f 1536/843/401 1537/844/401 1538/845/401
f 1539/854/402 1540/852/402 1541/853/402
f 1542/856/403 1543/857/403 1544/855/403
f 1545/840/404 1546/841/404 1547/842/404
f 1548/858/405 1549/859/405 1550/860/405
f 1551/861/406 1552/862/406 1553/863/406
f 1554/847/407 1555/848/407 1556/846/407
f 1557/851/408 1558/849/408 1559/850/408
f 1560/843/409 1561/844/409 1562/845/409
f 1563/854/410 1564/852/410 1565/853/410
f 1566/856/411 1567/857/411 1568/855/411
f 1569/840/412 1570/841/412 1571/842/412
f 1572/858/413 1573/859/413 1574/860/413
f 1575/861/414 1576/862/414 1577/863/414
f 1578/847/415 1579/848/415 1580/846/415
f 1581/851/416 1582/849/416 1583/850/416
f 1584/843/417 1585/844/417 1586/845/417
f 1587/854/418 1588/852/418 1589/853/418
f 1590/856/419 1591/857/419 1592/855/419
f 1593/840/420 1594/841/420 1595/842/420
f 1596/858/421 1597/859/421 1598/860/421
f 1599/861/422 1600/862/422 1601/863/422
f 1602/847/423 1603/848/423 1604/846/423
f 1605/851/424 1606/849/424 1607/850/424
f 1608/843/425 1609/844/425 1610/845/425
f 1611/854/426 1612/852/426 1613/853/426
f 1614/856/427 1615/857/427 1616/855/427
f 1617/840/428 1618/841/428 1619/842/428
f 1620/858/429 1621/859/429 1622/860/429
f 1623/861/430 1624/862/430 1625/863/430
f 1626/847/431 1627/848/431 1628/846/431
f 1629/851/432 1630/849/432 1631/850/432
f 1632/843/433 1633/844/433 1634/845/433
f 1635/854/434 1636/852/434 1637/853/434
f 1638/856/435 1639/857/435 1640/855/435
f 1641/840/436 1642/841/436 1643/842/436
f 1644/858/437 1645/859/437 1646/860/437
f 1647/861/438 1648/862/438 1649/863/438
f 1650/847/439 1651/848/439 1652/846/439
f 1653/851/440 1654/849/440 1655/850/440
f 1656/843/441 1657/844/441 1658/845/441
f 1659/854/442 1660/852/442 1661/853/442
f 1662/856/443 1663/857/443 1664/855/443
f 1665/840/444 1666/841/444 1667/842/444
f 1668/858/445 1669/859/445 1670/860/445
f 1671/861/446 1672/862/446 1673/863/446
f 1674/847/447 1675/848/447 1676/846/447
f 1677/851/448 1678/849/448 1679/850/448
f 1680/843/449 1681/844/449 1682/845/449
f 1683/854/450 1684/852/450 1685/853/450
f 1686/856/451 1687/857/451 1688/855/451
f 1689/840/452 1690/841/452 1691/842/452
f 1692/858/453 1693/859/453 1694/860/453
f 1695/861/454 1696/862/454 1697/863/454
f 1698/847/455 1699/848/455 1700/846/455
f 1701/851/456 1702/849/456 1703/850/456
f 1704/843/457 1705/844/457 1706/845/457
f 1707/854/458 1708/852/458 1709/853/458
f 1710/856/459 1711/857/459 1712/855/459
f 1713/840/460 1714/841/460 1715/842/460
f 1716/858/461 1717/859/461 1718/860/461
f 1719/861/462 1720/862/462 1721/863/462
f 1722/847/463 1723/848/463 1724/846/463
f 1725/851/464 1726/849/464 1727/850/464
f 1728/843/465 1729/844/465 1730/845/465
f 1731/854/466 1732/852/466 1733/853/466
f 1734/856/467 1735/857/467 1736/855/467
f 1737/840/468 1738/841/468 1739/842/468
f 1740/858/469 1741/859/469 1742/860/469
f 1743/861/470 1744/862/470 1745/863/470
f 1746/847/471 1747/848/471 1748/846/471
f 1749/851/472 1750/849/472 1751/850/472
f 1752/843/473 1753/844/473 1754/845/473
f 1755/854/474 1756/852/474 1757/853/474
f 1758/856/475 1759/857/475 1760/855/475
f 1761/840/476 1762/841/476 1763/842/476
f 1764/858/477 1765/859/477 1766/860/477
f 1767/861/478 1768/862/478 1769/863/478
f 1770/847/479 1771/848/479 1772/846/479
f 1773/851/480 1774/849/480 1775/850/480
f 1776/843/481 1777/844/481 1778/845/481
f 1779/854/482 1780/852/482 1781/853/482
f 1782/856/483 1783/857/483 1784/855/483
f 1785/840/484 1786/841/484 1787/842/484
f 1788/858/485 1789/859/485 1790/860/485
f 1791/861/486 1792/862/486 1793/863/486
f 1794/847/487 1795/848/487 1796/846/487
f 1797/851/488 1798/849/488 1799/850/488
f 1800/843/489 1801/844/489 1802/845/489
f 1803/854/490 1804/852/490 1805/853/490
f 1806/856/491 1807/857/491 1808/855/491
f 1809/840/492 1810/841/492 1811/842/492
f 1812/858/493 1813/859/493 1814/860/493
f 1815/861/494 1816/862/494 1817/863/494
f 1818/847/495 1819/848/495 1820/846/495
f 1821/851/496 1822/849/496 1823/850/496
f 1824/843/497 1825/844/497 1826/845/497
f 1827/854/498 1828/852/498 1829/853/498
f 1830/856/499 1831/857/499 1832/855/499
f 1833/840/500 1834/841/500 1835/842/500
f 1836/858/501 1837/859/501 1838/860/501
f 1839/861/502 1840/862/502 1841/863/502
f 1842/847/503 1843/848/503 1844/846/503
f 1845/851/504 1846/849/504 1847/850/504
f 1848/843/505 1849/844/505 1850/845/505
f 1851/854/506 1852/852/506 1853/853/506
f 1854/856/507 1855/857/507 1856/855/507
f 1857/840/508 1858/841/508 1859/842/508
f 1860/858/509 1861/859/509 1862/860/509
f 1863/861/510 1864/862/510 1865/863/510
f 1866/847/511 1867/848/511 1868/846/511
f 1869/851/512 1870/849/512 1871/850/512
f 1872/843/513 1873/844/513 1874/845/513
f 1875/854/514 1876/852/514 1877/853/514
f 1878/856/515 1879/857/515 1880/855/515
f 1881/840/516 1882/841/516 1883/842/516
f 1884/858/517 1885/859/517 1886/860/517
f 1887/861/518 1888/862/518 1889/863/518
f 1890/847/519 1891/848/519 1892/846/519
f 1893/851/520 1894/849/520 1895/850/520
f 1896/843/521 1897/844/521 1898/845/521
f 1899/854/522 1900/852/522 1901/853/522
f 1902/856/523 1903/857/523 1904/855/523
f 1905/840/524 1906/841/524 1907/842/524
f 1908/858/525 1909/859/525 1910/860/525
f 1911/861/526 1912/862/526 1913/863/526
f 1914/847/527 1915/848/527 1916/846/527
f 1917/851/528 1918/849/528 1919/850/528
f 1920/843/529 1921/844/529 1922/845/529
f 1923/854/530 1924/852/530 1925/853/530
f 1926/856/531 1927/857/531 1928/855/531
f 1929/840/532 1930/841/532 1931/842/532
f 1932/858/533 1933/859/533 1934/860/533
f 1935/861/534 1936/862/534 1937/863/534
f 1938/847/535 1939/848/535 1940/846/535
f 1941/851/536 1942/849/536 1943/850/536
f 1944/843/537 1945/844/537 1946/845/537
f 1947/854/538 1948/852/538 1949/853/538
f 1950/856/539 1951/857/539 1952/855/539
f 1953/840/540 1954/841/540 1955/842/540
f 1956/858/541 1957/859/541 1958/860/541
f 1959/861/542 1960/862/542 1961/863/542
f 1962/847/543 1963/848/543 1964/846/543
f 1965/851/544 1966/849/544 1967/850/544
f 1968/843/545 1969/844/545 1970/845/545
f 1971/854/546 1972/852/546 1973/853/546
f 1974/856/547 1975/857/547 1976/855/547
f 1977/840/548 1978/841/548 1979/842/548
f 1980/858/549 1981/859/549 1982/860/549
f 1983/861/550 1984/862/550 1985/863/550
f 1986/847/551 1987/848/551 1988/846/551
f 1989/851/552 1990/849/552 1991/850/552
f 1992/843/553 1993/844/553 1994/845/553
f 1995/854/554 1996/852/554 1997/853/554
f 1998/856/555 1999/857/555 2000/855/555
f 2001/840/556 2002/841/556 2003/842/556
f 2004/858/557 2005/859/557 2006/860/557
f 2007/861/558 2008/862/558 2009/863/558
f 2010/847/559 2011/848/559 2012/846/559
f 2013/851/560 2014/849/560 2015/850/560
f 2016/843/561 2017/844/561 2018/845/561
f 2019/854/562 2020/852/562 2021/853/562
f 2022/856/563 2023/857/563 2024/855/563
f 2025/840/564 2026/841/564 2027/842/564
f 2028/858/565 2029/859/565 2030/860/565
f 2031/861/566 2032/862/566 2033/863/566
f 2034/847/567 2035/848/567 2036/846/567
f 2037/851/568 2038/849/568 2039/850/568
f 2040/843/569 2041/844/569 2042/845/569
f 2043/854/570 2044/852/570 2045/853/570
f 2046/856/571 2047/857/571 2048/855/571
f 2049/840/572 2050/841/572 2051/842/572
f 2052/858/573 2053/859/573 2054/860/573
f 2055/861/574 2056/862/574 2057/863/574
f 2058/847/575 2059/848/575 2060/846/575
f 2061/851/576 2062/849/576 2063/850/576
f 2064/843/577 2065/844/577 2066/845/577
f 2067/854/578 2068/852/578 2069/853/578
f 2070/856/579 2071/857/579 2072/855/579
f 2073/840/580 2074/841/580 2075/842/580
f 2076/858/581 2077/859/581 2078/860/581
f 2079/861/582 2080/862/582 2081/863/582
f 2082/847/583 2083/848/583 2084/846/583
f 2085/851/584 2086/849/584 2087/850/584
f 2088/843/585 2089/844/585 2090/845/585
f 2091/854/586 2092/852/586 2093/853/586
f 2094/856/587 2095/857/587 2096/855/587
f 2097/840/588 2098/841/588 2099/842/588
f 2100/858/589 2101/859/589 2102/860/589
f 2103/861/590 2104/862/590 2105/863/590
f 2106/847/591 2107/848/591 2108/846/591
f 2109/851/592 2110/849/592 2111/850/592
f 2112/843/593 2113/844/593 2114/845/593
f 2115/854/594 2116/852/594 2117/853/594
f 2118/856/595 2119/857/595 2120/855/595
f 2121/840/596 2122/841/596 2123/842/596
f 2124/858/597 2125/859/597 2126/860/597
f 2127/861/598 2128/862/598 2129/863/598
f 2130/847/599 2131/848/599 2132/846/599
f 2133/851/600 2134/849/600 2135/850/600
f 2136/843/601 2137/844/601 2138/845/601
f 2139/854/602 2140/852/602 2141/853/602
f 2142/856/603 2143/857/603 2144/855/603
f 2145/840/604 2146/841/604 2147/842/604
f 2148/858/605 2149/859/605 2150/860/605
f 2151/861/606 2152/862/606 2153/863/606
f 2154/847/607 2155/848/607 2156/846/607
f 2157/851/608 2158/849/608 2159/850/608
f 2160/843/609 2161/844/609 2162/845/609
f 2163/854/610 2164/852/610 2165/853/610
f 2166/856/611 2167/857/611 2168/855/611
f 2169/840/612 2170/841/612 2171/842/612
f 2172/858/613 2173/859/613 2174/860/613
f 2175/861/614 2176/862/614 2177/863/614
f 2178/847/615 2179/848/615 2180/846/615
f 2181/864/616 2182/865/617 2183/866/618
f 2182/867/617 2181/868/616 2184/869/619
f 2185/870/620 2184/871/619 2181/872/616
f 2184/873/619 2185/874/620 2186/875/621
f 2187/876/622 2186/875/621 2185/874/620
f 2186/877/621 2187/878/622 2181/879/616
f 2188/880/623 2181/881/616 2187/882/622
f 2181/883/616 2188/884/623 2185/885/620
f 2189/886/624 2185/887/620 2188/888/623
f 2185/889/620 2189/890/624 2187/891/622
f 2188/892/623 2187/893/622 2189/894/624
f 2190/895/625 2186/896/621 2191/897/626
f 2186/898/621 2190/899/625 2184/900/619
f 2192/901/627 2184/902/619 2190/903/625
f 2184/904/619 2192/905/627 2182/906/617
f 2183/907/618 2186/908/621 2181/909/616
f 2186/910/621 2183/911/618 2191/912/626
f 2193/913/628 2194/914/628 2195/915/628
f 2196/916/629 2197/917/629 2198/918/629
f 2199/919/630 2200/920/630 2201/921/630
f 2202/922/631 2203/923/632 2204/924/633
f 2203/925/632 2202/926/631 2205/927/634
f 2206/928/635 2205/929/634 2202/930/631
f 2205/931/634 2206/932/635 2207/933/636
f 2208/934/637 2207/935/636 2206/936/635
f 2207/937/636 2208/938/637 2209/939/638
f 2210/940/639 2209/941/638 2208/942/637
f 2209/943/638 2210/944/639 2206/945/635
f 2208/946/637 2206/947/635 2210/948/639
f 2211/949/640 2202/950/631 2204/951/633
f 2202/952/631 2211/953/640 2207/954/636
f 2212/955/641 2207/956/636 2211/957/640
f 2207/958/636 2212/959/641 2205/960/634
f 2213/961/642 2205/962/634 2212/963/641
f 2205/964/634 2213/965/642 2203/966/632
f 2202/930/631 2209/967/638 2206/928/635
f 2209/968/638 2202/969/631 2207/970/636
f 2214/971/643 2215/972/643 2216/973/643
f 2217/974/644 2218/975/644 2219/976/644
f 2220/977/645 2221/978/645 2222/979/645
f 2223/980/646 2224/981/647 2225/982/648
f 2225/982/648 2226/983/649 2223/980/646
f 2227/984/650 2228/985/651 2229/986/652
f 2229/986/652 2230/987/653 2227/984/650
f 2231/988/654 2225/982/648 2232/989/654
f 2232/989/654 2233/990/655 2231/988/654
f 2234/991/656 2225/982/648 2235/992/657
f 2235/992/657 2236/993/658 2234/991/656
f 2237/994/659 2229/986/652 2238/995/660
f 2238/995/660 2239/996/661 2237/994/659
f 2235/992/657 2240/997/662 2241/998/662
f 2241/998/662 2242/999/663 2235/992/657
f 2243/1000/664 2244/1001/665 2245/1002/664
f 2245/1002/664 2246/1003/666 2243/1000/664
f 2247/1004/667 2248/1005/667 2242/999/663
f 2242/999/663 2249/1006/668 2247/1004/667
f 2250/1007/669 2242/999/663 2251/1008/670
f 2251/1008/670 2252/1009/671 2250/1007/669
f 2253/1010/672 2254/1011/673 2246/1003/666
f 2246/1003/666 2255/1012/674 2253/1010/672
f 2251/1008/670 2256/1013/675 2257/1014/675
f 2257/1014/675 2258/1015/676 2251/1008/670
f 2259/1016/677 2260/1017/678 2261/1018/679
f 2259/1016/677 2262/1019/679 2263/1020/677
f 2263/1020/677 2264/1021/677 2259/1016/677
f 2265/1022/680 2258/1015/676 2266/1023/680
f 2266/1023/680 2267/1024/681 2265/1022/680
f 2268/1025/682 2258/1015/676 2269/1026/683
f 2269/1026/683 2270/1027/684 2268/1025/682
f 2271/1028/685 2272/1029/686 2273/1030/687
f 2273/1030/687 2274/1030/688 2260/1017/678
f 2271/1028/685 2273/1030/687 2260/1017/678
f 2275/1031/689 2276/1032/690 2277/1033/689
f 2277/1033/689 2278/1034/691 2275/1031/689
f 2279/1035/692 2276/1032/690 2280/1036/693
f 2280/1036/693 2281/1037/692 2279/1035/692
f 2282/1038/694 2283/1039/695 2284/1040/696
f 2284/1040/696 2285/1041/694 2282/1038/694
f 2246/1003/666 2286/1042/697 2287/1043/698
f 2246/1003/666 2287/1043/698 2288/1044/699
f 2246/1003/666 2288/1044/699 2255/1012/674
f 2289/1045/646 2290/981/700 2224/981/647
f 2291/1046/701 2292/1047/702 2235/992/657
f 2291/1046/701 2235/992/657 2242/999/663
f 2291/1046/701 2242/999/663 2286/1042/697
f 2238/995/660 2293/1048/703 2294/1049/704
f 2271/1028/685 2295/1050/705 2296/1051/706
f 2271/1028/685 2296/1051/706 2297/1052/707
f 2271/1028/685 2297/1052/707 2283/1039/695
f 2298/1053/708 2299/1054/709 2226/983/649
f 2298/1053/708 2226/983/649 2225/982/648
f 2298/1053/708 2225/982/648 2300/1055/710
f 2301/1056/711 2302/1057/712 2303/1058/712
f 2283/1039/695 2297/1052/707 2304/1059/713
f 2283/1039/695 2304/1059/713 2305/1060/714
f 2283/1039/695 2305/1060/714 2284/1040/696
f 2306/1061/715 2307/1062/716 2269/1026/683
f 2306/1061/715 2269/1026/683 2276/1032/690
f 2306/1061/715 2276/1032/690 2297/1052/707
f 2229/986/652 2300/1055/710 2308/1063/717
f 2229/986/652 2308/1063/717 2309/1064/718
f 2229/986/652 2309/1064/718 2238/995/660
f 2260/1017/678 2310/1065/719 2311/1066/720
f 2311/1066/720 2312/1067/721 2260/1017/678
f 2293/1048/703 2313/1048/722 2294/1049/704
f 2314/1068/723 2315/1069/724 2251/1008/670
f 2314/1068/723 2251/1008/670 2258/1015/676
f 2314/1068/723 2258/1015/676 2310/1065/719
f 2225/982/648 2290/981/700 2289/1045/646
f 2289/1045/646 2316/1070/646 2225/982/648
f 2317/1071/653 2301/1056/711 2229/986/652
f 2229/986/652 2228/985/651 2317/1071/653
f 2235/992/657 2225/982/648 2231/988/654
f 2231/988/654 2318/1072/654 2235/992/657
f 2319/1073/725 2320/1074/726 2225/982/648
f 2225/982/648 2234/991/656 2319/1073/725
f 2234/991/656 2321/1075/727 2322/1076/728
f 2322/1076/728 2319/1073/725 2234/991/656
f 2308/1063/717 2300/1055/710 2225/982/648
f 2225/982/648 2320/1074/726 2308/1063/717
f 2323/1077/659 2229/986/652 2237/994/659
f 2237/994/659 2324/1078/729 2323/1077/659
f 2241/998/662 2325/1079/730 2326/1080/662
f 2326/1080/662 2242/999/663 2241/998/662
f 2245/1002/664 2327/1081/731 2238/995/660
f 2238/995/660 2246/1003/666 2245/1002/664
f 2328/1082/668 2251/1008/670 2242/999/663
f 2242/999/663 2248/1005/667 2328/1082/668
f 2329/1083/732 2330/1084/733 2242/999/663
f 2242/999/663 2250/1007/669 2329/1083/732
f 2329/1083/732 2250/1007/669 2331/1085/734
f 2331/1085/734 2332/1086/735 2329/1083/732
f 2242/999/663 2330/1084/733 2287/1043/698
f 2287/1043/698 2286/1042/697 2242/999/663
f 2333/1087/736 2334/1088/736 2246/1003/666
f 2246/1003/666 2254/1011/673 2333/1087/736
f 2257/1014/675 2335/1089/675 2336/1090/675
f 2336/1090/675 2258/1015/676 2257/1014/675
f 2259/1016/677 2337/1091/737 2255/1012/674
f 2255/1012/674 2260/1017/678 2259/1016/677
f 2265/1022/680 2338/1092/738 2269/1026/683
f 2269/1026/683 2258/1015/676 2265/1022/680
f 2339/1093/739 2340/1094/740 2258/1015/676
f 2258/1015/676 2268/1025/682 2339/1093/739
f 2339/1093/739 2268/1025/682 2341/1095/741
f 2341/1095/741 2342/1096/742 2339/1093/739
f 2258/1015/676 2340/1094/740 2311/1066/720
f 2311/1066/720 2310/1065/719 2258/1015/676
f 2343/1097/686 2260/1017/678 2274/1030/688
f 2343/1097/686 2274/1030/688 2344/1098/743
f 2343/1097/686 2344/1098/743 2345/1099/744
f 2346/1100/745 2347/1101/745 2348/1102/745
f 2348/1102/745 2276/1032/690 2346/1100/745
f 2349/1103/746 2350/1104/747 2271/1028/685
f 2271/1028/685 2283/1039/695 2349/1103/746
f 2275/1031/689 2351/1105/748 2280/1036/693
f 2280/1036/693 2276/1032/690 2275/1031/689
f 2352/1106/749 2353/1107/750 2276/1032/690
f 2276/1032/690 2279/1035/692 2352/1106/749
f 2279/1035/692 2354/1108/692 2355/1109/751
f 2355/1109/751 2352/1106/749 2279/1035/692
f 2304/1059/713 2297/1052/707 2276/1032/690
f 2276/1032/690 2353/1107/750 2304/1059/713
f 2282/1038/694 2356/1110/752 2357/1111/694
f 2357/1111/694 2283/1039/695 2282/1038/694
f 2288/1044/699 2329/1083/732 2332/1086/735
f 2288/1044/699 2332/1086/735 2358/1112/753
f 2288/1044/699 2358/1112/753 2359/1113/754
f 2360/1114/755 2255/1012/674 2288/1044/699
f 2288/1044/699 2359/1113/754 2360/1114/755
f 2321/1075/727 2361/1115/756 2362/1116/757
f 2362/1116/757 2322/1076/728 2321/1075/727
f 2235/992/657 2292/1047/702 2362/1116/757
f 2362/1116/757 2361/1115/756 2235/992/657
f 2361/1115/756 2236/993/658 2235/992/657
f 2286/1042/697 2246/1003/666 2363/1117/758
f 2363/1117/758 2291/1046/701 2286/1042/697
f 2362/1116/757 2294/1049/704 2364/1118/759
f 2364/1118/759 2322/1076/728 2362/1116/757
f 2363/1117/758 2246/1003/666 2238/995/660
f 2238/995/660 2294/1049/704 2362/1116/757
f 2363/1117/758 2238/995/660 2362/1116/757
f 2296/1051/706 2365/1119/760 2342/1096/742
f 2296/1051/706 2342/1096/742 2366/1120/761
f 2296/1051/706 2366/1120/761 2367/1121/762
f 2367/1121/762 2306/1061/715 2297/1052/707
f 2297/1052/707 2296/1051/706 2367/1121/762
f 2368/1122/763 2369/1123/763 2370/1124/764
f 2370/1124/764 2371/1125/765 2368/1122/763
f 2226/983/649 2299/1054/709 2370/1124/764
f 2370/1124/764 2369/1123/763 2226/983/649
f 2369/1123/763 2372/1126/763 2226/983/649
f 2300/1055/710 2229/986/652 2373/1127/766
f 2373/1127/766 2298/1053/708 2300/1055/710
f 2370/1124/764 2303/1058/712 2374/1128/712
f 2374/1128/712 2371/1125/765 2370/1124/764
f 2373/1127/766 2229/986/652 2301/1056/711
f 2301/1056/711 2303/1058/712 2370/1124/764
f 2373/1127/766 2301/1056/711 2370/1124/764
f 2355/1109/751 2375/1129/767 2376/1130/714
f 2355/1109/751 2376/1130/714 2305/1060/714
f 2355/1109/751 2305/1060/714 2352/1106/749
f 2376/1130/714 2377/1131/714 2284/1040/696
f 2284/1040/696 2305/1060/714 2376/1130/714
f 2342/1096/742 2341/1095/741 2378/1132/768
f 2378/1132/768 2366/1120/761 2342/1096/742
f 2269/1026/683 2307/1062/716 2366/1120/761
f 2366/1120/761 2378/1132/768 2269/1026/683
f 2378/1132/768 2270/1027/684 2269/1026/683
f 2322/1076/728 2364/1118/759 2379/1133/718
f 2322/1076/728 2379/1133/718 2309/1064/718
f 2322/1076/728 2309/1064/718 2319/1073/725
f 2238/995/660 2309/1064/718 2379/1133/718
f 2379/1133/718 2380/1048/769 2238/995/660
f 2312/1067/721 2339/1093/739 2342/1096/742
f 2312/1067/721 2342/1096/742 2365/1119/760
f 2312/1067/721 2365/1119/760 2381/1134/770
f 2295/1050/705 2271/1028/685 2260/1017/678
f 2260/1017/678 2312/1067/721 2381/1134/770
f 2295/1050/705 2260/1017/678 2381/1134/770
f 2310/1065/719 2260/1017/678 2382/1135/771
f 2382/1135/771 2314/1068/723 2310/1065/719
f 2332/1086/735 2383/1136/772 2384/1137/773
f 2332/1086/735 2384/1137/773 2385/1138/774
f 2332/1086/735 2385/1138/774 2358/1112/753
f 2382/1135/771 2260/1017/678 2255/1012/674
f 2255/1012/674 2384/1137/773 2383/1136/772
f 2382/1135/771 2255/1012/674 2383/1136/772
f 2331/1085/734 2386/1139/775 2383/1136/772
f 2383/1136/772 2332/1086/735 2331/1085/734
f 2251/1008/670 2315/1069/724 2383/1136/772
f 2383/1136/772 2386/1139/775 2251/1008/670
f 2386/1139/775 2252/1009/671 2251/1008/670
f 2381/1134/770 2387/1140/776 2295/1050/705
f 2388/1118/777 2364/1118/759 2294/1049/704
f 2262/1019/679 2260/1017/678 2263/1020/677
f 2261/1018/679 2260/1017/678 2262/1019/679
f 2259/1016/677 2261/1018/679 2262/1019/679
f 2338/1092/738 2346/1100/745 2276/1032/690
f 2276/1032/690 2269/1026/683 2338/1092/738
f 2283/1039/695 2389/1077/747 2390/1099/747
f 2390/1099/747 2349/1103/746 2283/1039/695
f 2224/981/647 2290/981/700 2225/982/648
f 2391/1137/778 2392/1137/779 2384/1137/773
f 2384/1137/773 2255/1012/674 2391/1137/778
f 2380/1048/769 2293/1048/703 2238/995/660
f 2313/1048/722 2293/1048/703 2380/1048/769
f 2344/1098/743 2274/1030/688 2273/1030/687
f 2273/1030/687 2345/1099/744 2344/1098/743
f 2364/1118/759 2388/1118/777 2313/1048/722
f 2313/1048/722 2380/1048/769 2364/1118/759
f 2391/1137/778 2255/1012/674 2360/1114/755
f 2360/1114/755 2392/1137/779 2391/1137/778
f 2384/1137/773 2392/1137/779 2393/1141/780
f 2385/1138/774 2384/1137/773 2393/1141/780
f 2385/1138/774 2393/1141/780 2358/1112/753
f 2394/1142/781 2330/1143/733 2329/1144/732
f 2395/1145/782 2396/1146/782 2397/1147/782
f 2398/1148/783 2399/1149/783 2400/1150/783
f 2401/1151/784 2402/1146/784 2403/1152/784
f 2404/1142/785 2315/1153/724 2314/1154/723
f 2405/1155/786 2406/1156/786 2407/1157/786
f 2408/1142/787 2409/1158/787 2410/1154/787
f 2411/1159/788 2412/1156/788 2413/1157/788
f 2414/1156/789 2292/1160/702 2291/1161/701
f 2415/1162/790 2416/1142/790 2417/1163/790
f 2418/1161/791 2419/1156/791 2420/1160/791
f 2421/1146/792 2422/1152/792 2423/1164/792
f 2424/1148/793 2381/1165/770 2365/1150/760
f 2425/1162/794 2426/1142/794 2427/1163/794
f 2428/1142/795 2299/1153/709 2298/1154/708
f 2429/1155/796 2430/1156/796 2431/1157/796
f 2432/1166/797 2433/1148/797 2434/1165/797
f 2435/1146/798 2436/1147/798 2437/1164/798
f 2438/1142/799 2439/1153/799 2440/1144/799
f 2441/1155/800 2442/1156/800 2443/1167/800
f 2444/1148/801 2353/1168/750 2352/1166/749
f 2445/1145/802 2446/1146/802 2447/1147/802
f 2448/1156/803 2307/1160/716 2306/1161/715
f 2449/1164/804 2450/1146/804 2451/1152/804
f 2452/1156/805 2320/1169/726 2319/1159/725
f 2453/1170/806 2454/1142/806 2455/1158/806
f 2456/1146/807 2340/1171/740 2339/1151/739
f 2457/1170/808 2458/1142/808 2459/1158/808
f 2460/1172/809 2461/1146/809 2462/1173/809
f 2463/1148/810 2464/1174/810 2465/1175/810
f 2466/1150/811 2467/1148/811 2468/1149/811
f 2469/1146/812 2470/1152/812 2471/1151/812
f 2472/1159/813 2473/1156/813 2474/1160/813
f 2475/1146/814 2476/1147/814 2477/1164/814
f 2478/1151/815 2479/1146/815 2480/1171/815
f 2481/1148/816 2321/1149/727 2234/1176/656
f 2482/1156/817 2483/1160/817 2484/1161/817
f 2485/1162/818 2486/1142/818 2487/1163/818
f 2488/1142/819 2489/1153/819 2490/1144/819
f 2491/1164/820 2492/1146/820 2493/1147/820
f 2494/1156/821 2495/1160/821 2496/1161/821
f 2359/1162/754 2497/1142/822 2360/1163/755
f 2498/1161/823 2499/1156/823 2500/1167/823
f 2501/1148/824 2502/1174/824 2503/1166/824
f 2504/1142/825 2505/1158/825 2506/1154/825
f 2507/1151/826 2508/1146/826 2509/1152/826
f 2510/1151/827 2511/1146/827 2512/1171/827
f 2513/1148/828 2514/1149/828 2515/1176/828
f 2516/1156/829 2517/1169/829 2518/1159/829
f 2268/1170/682 2519/1142/830 2341/1158/741
f 2520/1156/831 2521/1169/831 2522/1159/831
f 2250/1170/669 2523/1142/832 2331/1158/734
f 2524/1156/833 2525/1169/833 2526/1159/833
f 2527/1170/834 2528/1142/834 2529/1158/834
f 2530/1142/835 2531/1153/835 2532/1144/835
f 2533/1155/836 2534/1156/836 2535/1167/836
f 2536/1146/837 2537/1147/837 2538/1172/837
f 2539/1148/838 2540/1174/838 2541/1166/838
f 2542/1148/839 2543/1165/839 2544/1150/839
f 2545/1146/840 2546/1152/840 2547/1164/840
f 2548/1146/841 2549/1171/841 2550/1151/841
f 2551/1148/842 2552/1149/842 2553/1176/842
f 2554/1146/843 2555/1173/843 2556/1172/843
f 2557/1148/844 2558/1174/844 2559/1175/844
f 2560/1156/845 2561/1160/845 2562/1159/845
f 2563/1148/846 2564/1149/846 2565/1175/846
f 2566/1142/847 2567/1158/847 2568/1154/847
f 2569/1156/848 2570/1157/848 2571/1159/848
f 2572/1148/849 2573/1177/849 2574/1166/849
f 2575/1146/850 2576/1147/850 2577/1145/850
f 2578/1156/851 2579/1169/851 2580/1159/851
f 2581/1142/852 2582/1158/852 2583/1170/852
f 2584/1156/853 2585/1160/853 2586/1161/853
f 2587/1142/854 2588/1163/854 2589/1162/854
f 2590/1142/855 2591/1153/855 2592/1144/855
f 2593/1148/856 2594/1149/856 2595/1175/856
f 2596/1148/857 2597/1165/857 2598/1150/857
f 2599/1146/858 2600/1152/858 2601/1164/858
f 2602/1156/859 2603/1167/859 2604/1161/859
f 2605/1142/860 2606/1163/860 2607/1144/860
f 2608/1156/861 2609/1169/861 2610/1159/861
f 2611/1148/862 2612/1149/862 2613/1176/862
f 2614/1146/863 2615/1171/863 2616/1151/863
f 2617/1148/864 2618/1149/864 2619/1176/864
f 2620/1146/865 2621/1173/865 2622/1172/865
f 2623/1148/866 2624/1174/866 2625/1175/866
f 2626/1146/867 2627/1173/867 2628/1151/867
f 2629/1148/868 2630/1149/868 2631/1175/868
f 2632/1148/869 2633/1165/869 2634/1150/869
f 2635/1146/870 2636/1152/870 2637/1164/870
f 2638/1156/871 2639/1169/871 2640/1159/871
f 2641/1148/872 2642/1149/872 2643/1176/872
f 2644/1148/873 2645/1165/873 2646/1150/873
f 2647/1142/874 2648/1163/874 2649/1162/874
f 2650/1156/875 2651/1169/875 2652/1159/875
f 2653/1142/876 2654/1158/876 2655/1170/876
f 2656/980/646 2657/981/877 2658/982/648
f 2658/982/648 2659/983/649 2656/980/646
f 2660/984/653 2661/985/878 2662/986/652
f 2662/986/652 2663/987/653 2660/984/653
f 2664/988/654 2658/982/648 2665/989/654
f 2665/989/654 2666/990/879 2664/988/654
f 2667/991/880 2658/982/648 2668/992/657
f 2668/992/657 2669/993/881 2667/991/880
f 2670/994/659 2662/986/652 2671/995/660
f 2671/995/660 2672/996/661 2670/994/659
f 2668/992/657 2673/997/882 2674/998/662
f 2674/998/662 2675/999/663 2668/992/657
f 2676/1000/664 2677/1001/731 2678/1002/664
f 2678/1002/664 2679/1003/666 2676/1000/664
f 2680/1004/668 2681/1005/883 2675/999/663
f 2675/999/663 2682/1006/668 2680/1004/668
f 2683/1007/669 2675/999/663 2684/1008/670
f 2684/1008/670 2685/1009/671 2683/1007/669
f 2686/1010/672 2687/1011/673 2679/1003/666
f 2679/1003/666 2688/1012/884 2686/1010/672
f 2684/1008/670 2689/1013/675 2690/1014/675
f 2690/1014/675 2691/1015/676 2684/1008/670
f 2692/1016/677 2693/1017/678 2694/1018/677
f 2692/1016/677 2695/1019/679 2696/1020/677
f 2696/1020/677 2697/1021/677 2692/1016/677
f 2698/1022/680 2691/1015/676 2699/1023/680
f 2699/1023/680 2700/1024/680 2698/1022/680
f 2701/1025/885 2691/1015/676 2702/1026/683
f 2702/1026/683 2703/1027/886 2701/1025/885
f 2704/1028/887 2705/1029/888 2706/1030/889
f 2706/1030/889 2707/1030/890 2693/1017/678
f 2704/1028/887 2706/1030/889 2693/1017/678
f 2708/1031/689 2709/1032/690 2710/1033/891
f 2710/1033/891 2711/1034/891 2708/1031/689
f 2712/1035/692 2709/1032/690 2713/1036/693
f 2713/1036/693 2714/1037/692 2712/1035/692
f 2715/1038/694 2716/1039/695 2717/1040/696
f 2717/1040/696 2718/1041/694 2715/1038/694
f 2679/1003/666 2719/1042/697 2720/1043/698
f 2679/1003/666 2720/1043/698 2721/1044/699
f 2679/1003/666 2721/1044/699 2688/1012/884
f 2722/1045/646 2723/981/892 2657/981/877
f 2724/1046/701 2725/1047/702 2668/992/657
f 2724/1046/701 2668/992/657 2675/999/663
f 2724/1046/701 2675/999/663 2719/1042/697
f 2671/995/660 2726/1048/893 2727/1049/704
f 2704/1028/887 2728/1050/894 2729/1051/706
f 2704/1028/887 2729/1051/706 2730/1052/707
f 2704/1028/887 2730/1052/707 2716/1039/695
f 2731/1053/895 2732/1054/896 2659/983/649
f 2731/1053/895 2659/983/649 2658/982/648
f 2731/1053/895 2658/982/648 2733/1055/710
f 2734/1056/711 2735/1057/897 2736/1058/712
f 2716/1039/695 2730/1052/707 2737/1059/713
f 2716/1039/695 2737/1059/713 2738/1060/767
f 2716/1039/695 2738/1060/767 2717/1040/696
f 2739/1061/715 2740/1062/898 2702/1026/683
f 2739/1061/715 2702/1026/683 2709/1032/690
f 2739/1061/715 2709/1032/690 2730/1052/707
f 2662/986/652 2733/1055/710 2741/1063/717
f 2662/986/652 2741/1063/717 2742/1064/718
f 2662/986/652 2742/1064/718 2671/995/660
f 2693/1017/678 2743/1065/719 2744/1066/720
f 2744/1066/720 2745/1067/721 2693/1017/678
f 2726/1048/893 2746/1048/899 2727/1049/704
f 2747/1068/723 2748/1069/724 2684/1008/670
f 2747/1068/723 2684/1008/670 2691/1015/676
f 2747/1068/723 2691/1015/676 2743/1065/719
f 2658/982/648 2723/981/892 2722/1045/646
f 2722/1045/646 2749/1070/646 2658/982/648
f 2750/1071/653 2734/1056/711 2662/986/652
f 2662/986/652 2661/985/878 2750/1071/653
f 2668/992/657 2658/982/648 2664/988/654
f 2664/988/654 2751/1072/655 2668/992/657
f 2752/1073/900 2753/1074/726 2658/982/648
f 2658/982/648 2667/991/880 2752/1073/900
f 2667/991/880 2754/1075/727 2755/1076/728
f 2755/1076/728 2752/1073/900 2667/991/880
f 2741/1063/717 2733/1055/710 2658/982/648
f 2658/982/648 2753/1074/726 2741/1063/717
f 2756/1077/659 2662/986/652 2670/994/659
f 2670/994/659 2757/1078/661 2756/1077/659
f 2674/998/662 2758/1079/882 2759/1080/662
f 2759/1080/662 2675/999/663 2674/998/662
f 2678/1002/664 2760/1081/731 2671/995/660
f 2671/995/660 2679/1003/666 2678/1002/664
f 2761/1082/668 2684/1008/670 2675/999/663
f 2675/999/663 2681/1005/883 2761/1082/668
f 2762/1083/732 2763/1084/901 2675/999/663
f 2675/999/663 2683/1007/669 2762/1083/732
f 2762/1083/732 2683/1007/669 2764/1085/734
f 2764/1085/734 2765/1086/735 2762/1083/732
f 2675/999/663 2763/1084/901 2720/1043/698
f 2720/1043/698 2719/1042/697 2675/999/663
f 2766/1087/736 2767/1088/672 2679/1003/666
f 2679/1003/666 2687/1011/673 2766/1087/736
f 2690/1014/675 2768/1089/675 2769/1090/675
f 2769/1090/675 2691/1015/676 2690/1014/675
f 2692/1016/677 2770/1091/737 2688/1012/884
f 2688/1012/884 2693/1017/678 2692/1016/677
f 2698/1022/680 2771/1092/902 2702/1026/683
f 2702/1026/683 2691/1015/676 2698/1022/680
f 2772/1093/739 2773/1094/903 2691/1015/676
f 2691/1015/676 2701/1025/885 2772/1093/739
f 2772/1093/739 2701/1025/885 2774/1095/741
f 2774/1095/741 2775/1096/742 2772/1093/739
f 2691/1015/676 2773/1094/903 2744/1066/720
f 2744/1066/720 2743/1065/719 2691/1015/676
f 2776/1097/686 2693/1017/678 2707/1030/890
f 2776/1097/686 2707/1030/890 2777/1098/904
f 2776/1097/686 2777/1098/904 2778/1099/905
f 2779/1100/745 2780/1101/745 2781/1102/745
f 2781/1102/745 2709/1032/690 2779/1100/745
f 2782/1103/906 2783/1104/747 2704/1028/887
f 2704/1028/887 2716/1039/695 2782/1103/906
f 2708/1031/689 2784/1105/891 2713/1036/693
f 2713/1036/693 2709/1032/690 2708/1031/689
f 2785/1106/749 2786/1107/750 2709/1032/690
f 2709/1032/690 2712/1035/692 2785/1106/749
f 2712/1035/692 2787/1108/692 2788/1109/907
f 2788/1109/907 2785/1106/749 2712/1035/692
f 2737/1059/713 2730/1052/707 2709/1032/690
f 2709/1032/690 2786/1107/750 2737/1059/713
f 2715/1038/694 2789/1110/694 2790/1111/752
f 2790/1111/752 2716/1039/695 2715/1038/694
f 2721/1044/699 2762/1083/732 2765/1086/735
f 2721/1044/699 2765/1086/735 2791/1112/908
f 2721/1044/699 2791/1112/908 2792/1113/909
f 2793/1114/755 2688/1012/884 2721/1044/699
f 2721/1044/699 2792/1113/909 2793/1114/755
f 2754/1075/727 2794/1115/756 2795/1116/757
f 2795/1116/757 2755/1076/728 2754/1075/727
f 2668/992/657 2725/1047/702 2795/1116/757
f 2795/1116/757 2794/1115/756 2668/992/657
f 2794/1115/756 2669/993/881 2668/992/657
f 2719/1042/697 2679/1003/666 2796/1117/704
f 2796/1117/704 2724/1046/701 2719/1042/697
f 2795/1116/757 2727/1049/704 2797/1118/910
f 2797/1118/910 2755/1076/728 2795/1116/757
f 2796/1117/704 2679/1003/666 2671/995/660
f 2671/995/660 2727/1049/704 2795/1116/757
f 2796/1117/704 2671/995/660 2795/1116/757
f 2729/1051/706 2798/1119/911 2775/1096/742
f 2729/1051/706 2775/1096/742 2799/1120/761
f 2729/1051/706 2799/1120/761 2800/1121/762
f 2800/1121/762 2739/1061/715 2730/1052/707
f 2730/1052/707 2729/1051/706 2800/1121/762
f 2801/1122/763 2802/1123/763 2803/1124/764
f 2803/1124/764 2804/1125/765 2801/1122/763
f 2659/983/649 2732/1054/896 2803/1124/764
f 2803/1124/764 2802/1123/763 2659/983/649
f 2802/1123/763 2805/1126/912 2659/983/649
f 2733/1055/710 2662/986/652 2806/1127/766
f 2806/1127/766 2731/1053/895 2733/1055/710
f 2803/1124/764 2736/1058/712 2807/1128/712
f 2807/1128/712 2804/1125/765 2803/1124/764
f 2806/1127/766 2662/986/652 2734/1056/711
f 2734/1056/711 2736/1058/712 2803/1124/764
f 2806/1127/766 2734/1056/711 2803/1124/764
f 2788/1109/907 2808/1129/913 2809/1130/714
f 2788/1109/907 2809/1130/714 2738/1060/767
f 2788/1109/907 2738/1060/767 2785/1106/749
f 2809/1130/714 2810/1131/714 2717/1040/696
f 2717/1040/696 2738/1060/767 2809/1130/714
f 2775/1096/742 2774/1095/741 2811/1132/914
f 2811/1132/914 2799/1120/761 2775/1096/742
f 2702/1026/683 2740/1062/898 2799/1120/761
f 2799/1120/761 2811/1132/914 2702/1026/683
f 2811/1132/914 2703/1027/886 2702/1026/683
f 2755/1076/728 2797/1118/910 2812/1133/718
f 2755/1076/728 2812/1133/718 2742/1064/718
f 2755/1076/728 2742/1064/718 2752/1073/900
f 2671/995/660 2742/1064/718 2812/1133/718
f 2812/1133/718 2813/1048/915 2671/995/660
f 2745/1067/721 2772/1093/739 2775/1096/742
f 2745/1067/721 2775/1096/742 2798/1119/911
f 2745/1067/721 2798/1119/911 2814/1134/770
f 2728/1050/894 2704/1028/887 2693/1017/678
f 2693/1017/678 2745/1067/721 2814/1134/770
f 2728/1050/894 2693/1017/678 2814/1134/770
f 2743/1065/719 2693/1017/678 2815/1135/771
f 2815/1135/771 2747/1068/723 2743/1065/719
f 2765/1086/735 2816/1136/772 2817/1137/916
f 2765/1086/735 2817/1137/916 2818/1138/917
f 2765/1086/735 2818/1138/917 2791/1112/908
f 2815/1135/771 2693/1017/678 2688/1012/884
f 2688/1012/884 2817/1137/916 2816/1136/772
f 2815/1135/771 2688/1012/884 2816/1136/772
f 2764/1085/734 2819/1139/918 2816/1136/772
f 2816/1136/772 2765/1086/735 2764/1085/734
f 2684/1008/670 2748/1069/724 2816/1136/772
f 2816/1136/772 2819/1139/918 2684/1008/670
f 2819/1139/918 2685/1009/671 2684/1008/670
f 2814/1134/770 2820/1140/919 2728/1050/894
f 2821/1118/920 2797/1118/910 2727/1049/704
f 2695/1019/679 2693/1017/678 2696/1020/677
f 2694/1018/677 2693/1017/678 2695/1019/679
f 2692/1016/677 2694/1018/677 2695/1019/679
f 2771/1092/902 2779/1100/745 2709/1032/690
f 2709/1032/690 2702/1026/683 2771/1092/902
f 2716/1039/695 2822/1077/747 2823/1099/921
f 2823/1099/921 2782/1103/906 2716/1039/695
f 2657/981/877 2723/981/892 2658/982/648
f 2824/1137/922 2825/1137/923 2817/1137/916
f 2817/1137/916 2688/1012/884 2824/1137/922
f 2813/1048/915 2726/1048/893 2671/995/660
f 2746/1048/899 2726/1048/893 2813/1048/915
f 2777/1098/904 2707/1030/890 2706/1030/889
f 2706/1030/889 2778/1099/905 2777/1098/904
f 2797/1118/910 2821/1118/920 2746/1048/899
f 2746/1048/899 2813/1048/915 2797/1118/910
f 2824/1137/922 2688/1012/884 2793/1114/755
f 2793/1114/755 2825/1137/923 2824/1137/922
f 2817/1137/916 2825/1137/923 2826/1141/924
f 2818/1138/917 2817/1137/916 2826/1141/924
f 2818/1138/917 2826/1141/924 2791/1112/908
f 2827/1142/781 2763/1143/901 2762/1144/732
f 2828/1145/782 2829/1146/782 2830/1147/782
f 2831/1148/783 2832/1149/783 2833/1150/783
f 2834/1151/784 2835/1146/784 2836/1152/784
f 2837/1142/785 2748/1153/724 2747/1154/723
f 2838/1155/925 2839/1156/925 2840/1157/925
f 2841/1142/926 2842/1158/926 2843/1154/926
f 2844/1159/788 2845/1156/788 2846/1157/788
f 2847/1156/927 2725/1160/702 2724/1161/701
f 2848/1162/928 2849/1142/928 2850/1163/928
f 2851/1161/929 2852/1156/929 2853/1160/929
f 2854/1146/792 2855/1152/792 2856/1164/792
f 2857/1148/930 2814/1165/770 2798/1150/911
f 2858/1162/931 2859/1142/931 2860/1163/931
f 2861/1142/932 2732/1153/896 2731/1154/895
f 2862/1155/796 2863/1156/796 2864/1157/796
f 2865/1166/797 2866/1148/797 2867/1165/797
f 2868/1146/933 2869/1147/933 2870/1164/933
f 2871/1142/799 2872/1153/799 2873/1144/799
f 2874/1155/800 2875/1156/800 2876/1167/800
f 2877/1148/934 2786/1168/750 2785/1166/749
f 2878/1145/802 2879/1146/802 2880/1147/802
f 2881/1156/803 2740/1160/898 2739/1161/715
f 2882/1164/804 2883/1146/804 2884/1152/804
f 2885/1156/935 2753/1169/726 2752/1159/900
f 2886/1170/936 2887/1142/936 2888/1158/936
f 2889/1146/937 2773/1171/903 2772/1151/739
f 2890/1170/808 2891/1142/808 2892/1158/808
f 2893/1172/938 2894/1146/938 2895/1173/938
f 2896/1148/939 2897/1174/939 2898/1175/939
f 2899/1150/811 2900/1148/811 2901/1149/811
f 2902/1146/940 2903/1152/940 2904/1151/940
f 2905/1159/813 2906/1156/813 2907/1160/813
f 2908/1146/941 2909/1147/941 2910/1164/941
f 2911/1151/942 2912/1146/942 2913/1171/942
f 2914/1148/943 2754/1149/727 2667/1176/880
f 2915/1156/944 2916/1160/944 2917/1161/944
f 2918/1162/945 2919/1142/945 2920/1163/945
f 2921/1142/819 2922/1153/819 2923/1144/819
f 2924/1164/946 2925/1146/946 2926/1147/946
f 2927/1156/947 2928/1160/947 2929/1161/947
f 2792/1162/909 2930/1142/948 2793/1163/755
f 2931/1161/949 2932/1156/949 2933/1167/949
f 2934/1148/824 2935/1174/824 2936/1166/824
f 2937/1142/825 2938/1158/825 2939/1154/825
f 2940/1151/826 2941/1146/826 2942/1152/826
f 2943/1151/950 2944/1146/950 2945/1171/950
f 2946/1148/951 2947/1149/951 2948/1176/951
f 2949/1156/952 2950/1169/952 2951/1159/952
f 2701/1170/885 2952/1142/830 2774/1158/741
f 2953/1156/831 2954/1169/831 2955/1159/831
f 2683/1170/669 2956/1142/832 2764/1158/734
f 2957/1156/833 2958/1169/833 2959/1159/833
f 2960/1170/953 2961/1142/953 2962/1158/953
f 2963/1142/954 2964/1153/954 2965/1144/954
f 2966/1155/836 2967/1156/836 2968/1167/836
f 2969/1146/955 2970/1147/955 2971/1172/955
f 2972/1148/838 2973/1174/838 2974/1166/838
f 2975/1148/956 2976/1165/956 2977/1150/956
f 2978/1146/840 2979/1152/840 2980/1164/840
f 2981/1146/841 2982/1171/841 2983/1151/841
f 2984/1148/957 2985/1149/957 2986/1176/957
f 2987/1146/958 2988/1173/958 2989/1172/958
f 2990/1148/844 2991/1174/844 2992/1175/844
f 2993/1156/959 2994/1160/959 2995/1159/959
f 2996/1148/846 2997/1149/846 2998/1175/846
f 2999/1142/847 3000/1158/847 3001/1154/847
f 3002/1156/848 3003/1157/848 3004/1159/848
f 3005/1148/849 3006/1177/849 3007/1166/849
f 3008/1146/960 3009/1147/960 3010/1145/960
f 3011/1156/851 3012/1169/851 3013/1159/851
f 3014/1142/961 3015/1158/961 3016/1170/961
f 3017/1156/962 3018/1160/962 3019/1161/962
f 3020/1142/963 3021/1163/963 3022/1162/963
f 3023/1142/855 3024/1153/855 3025/1144/855
f 3026/1148/856 3027/1149/856 3028/1175/856
f 3029/1148/964 3030/1165/964 3031/1150/964
f 3032/1146/965 3033/1152/965 3034/1164/965
f 3035/1156/966 3036/1167/966 3037/1161/966
f 3038/1142/860 3039/1163/860 3040/1144/860
f 3041/1156/861 3042/1169/861 3043/1159/861
f 3044/1148/967 3045/1149/967 3046/1176/967
f 3047/1146/968 3048/1171/968 3049/1151/968
f 3050/1148/969 3051/1149/969 3052/1176/969
f 3053/1146/970 3054/1173/970 3055/1172/970
f 3056/1148/971 3057/1174/971 3058/1175/971
f 3059/1146/867 3060/1173/867 3061/1151/867
f 3062/1148/972 3063/1149/972 3064/1175/972
f 3065/1148/869 3066/1165/869 3067/1150/869
f 3068/1146/973 3069/1152/973 3070/1164/973
f 3071/1156/871 3072/1169/871 3073/1159/871
f 3074/1148/974 3075/1149/974 3076/1176/974
f 3077/1148/975 3078/1165/975 3079/1150/975
f 3080/1142/976 3081/1163/976 3082/1162/976
f 3083/1156/875 3084/1169/875 3085/1159/875
f 3086/1142/977 3087/1158/977 3088/1170/977
usemtl Material.003
f 3089/1178/978 3090/1179/979 3091/1180/979
f 3092/1181/978 3090/1179/979 3089/1178/978
f 3093/1178/980 3092/1179/978 3089/1180/978
f 3094/1181/980 3092/1179/978 3093/1178/980
f 3095/1178/981 3094/1179/980 3093/1180/980
f 3096/1181/981 3094/1179/980 3095/1178/981
f 3097/1178/982 3096/1179/981 3095/1180/981
f 3098/1181/982 3096/1179/981 3097/1178/982
f 3099/1178/983 3098/1179/982 3097/1180/982
f 3100/1181/983 3098/1179/982 3099/1178/983
f 3101/1178/984 3100/1179/983 3099/1180/983
f 3102/1181/984 3100/1179/983 3101/1178/984
f 3103/1178/985 3102/1179/984 3101/1180/984
f 3104/1181/985 3102/1179/984 3103/1178/985
f 3105/1178/986 3104/1179/985 3103/1180/985
f 3106/1181/986 3104/1179/985 3105/1178/986
f 3107/1178/987 3106/1179/986 3105/1180/986
f 3108/1181/987 3106/1179/986 3107/1178/987
f 3091/1178/979 3108/1179/987 3107/1180/987
f 3090/1181/979 3108/1179/987 3091/1178/979
f 3109/1182/978 3110/1183/979 3111/1184/979
f 3112/1185/978 3110/1183/979 3109/1182/978
f 3113/1182/980 3112/1183/978 3109/1184/978
f 3114/1185/980 3112/1183/978 3113/1182/980
f 3115/1182/981 3114/1183/980 3113/1184/980
f 3116/1185/981 3114/1183/980 3115/1182/981
f 3117/1182/982 3116/1183/981 3115/1184/981
f 3118/1185/982 3116/1183/981 3117/1182/982
f 3119/1182/983 3118/1183/982 3117/1184/982
f 3120/1185/983 3118/1183/982 3119/1182/983
f 3121/1182/984 3120/1183/983 3119/1184/983
f 3122/1185/984 3120/1183/983 3121/1182/984
f 3123/1182/985 3122/1183/984 3121/1184/984
f 3124/1185/985 3122/1183/984 3123/1182/985
f 3125/1182/986 3124/1183/985 3123/1184/985
f 3126/1185/986 3124/1183/985 3125/1182/986
f 3127/1182/987 3126/1183/986 3125/1184/986
f 3128/1185/987 3126/1183/986 3127/1182/987
f 3111/1182/979 3128/1183/987 3127/1184/987
f 3110/1185/979 3128/1183/987 3111/1182/979
usemtl Material.010
f 3131/1186/988 3129/1187/988 3132/1188/988
f 3132/1188/988 3129/1187/988 3130/1189/988
usemtl Material.009
f 3144/1190/989 3134/1191/989 3145/1192/990
f 3145/1192/990 3134/1191/989 3135/1193/990
f 3145/1192/990 3135/1193/990 3146/1190/991
f 3146/1190/991 3135/1193/990 3136/1194/991
f 3146/1190/991 3136/1194/991 3147/1195/992
f 3147/1195/992 3136/1194/991 3137/1196/992
f 3147/1195/992 3137/1196/992 3148/1197/993
f 3148/1197/993 3137/1196/992 3138/1198/993
f 3149/1199/994 3139/1200/994 3150/1201/995
f 3150/1201/995 3139/1200/994 3140/1202/995
f 3150/1201/995 3140/1202/995 3151/1203/996
f 3151/1203/996 3140/1202/995 3141/1204/996
f 3151/1203/996 3141/1204/996 3152/1205/997
f 3152/1205/997 3141/1204/996 3142/1206/997
f 3152/1205/997 3142/1206/997 3143/1207/998
f 3143/1207/998 3142/1206/997 3133/1208/998
usemtl Material.008
f 3153/1209/999 3154/1210/43 3155/1211/1000
f 3155/1212/1000 3154/1210/43 3156/1211/1001
f 3156/1209/1001 3154/1213/43 3157/1211/1002
f 3157/1209/1002 3154/1210/43 3158/1211/1003
f 3158/1212/1003 3154/1210/43 3159/1211/1004
f 3159/1209/1004 3154/1210/43 3160/1211/1005
f 3160/1212/1005 3154/1210/43 3161/1211/1006
f 3161/1209/1006 3154/1213/43 3162/1211/1007
f 3162/1209/1007 3154/1210/43 3163/1211/1008
f 3163/1212/1008 3154/1210/43 3153/1211/999
f 3164/1214/1009 3153/1215/999 3165/1216/1010
f 3165/1216/1010 3153/1215/999 3155/1217/1000
f 3165/1216/1010 3155/1217/1000 3166/1214/1011
f 3166/1214/1011 3155/1217/1000 3156/1215/1001
f 3166/1214/1011 3156/1215/1001 3167/1218/1012
f 3167/1218/1012 3156/1215/1001 3157/1219/1002
f 3167/1218/1012 3157/1219/1002 3168/1214/1013
f 3168/1214/1013 3157/1219/1002 3158/1215/1003
f 3169/1214/1014 3159/1215/1004 3170/1220/1015
f 3170/1220/1015 3159/1215/1004 3160/1221/1005
f 3170/1220/1015 3160/1221/1005 3171/1222/1016
f 3171/1222/1016 3160/1221/1005 3161/1215/1006
f 3171/1222/1016 3161/1215/1006 3172/1223/1017
f 3172/1223/1017 3161/1215/1006 3162/1224/1007
f 3172/1223/1017 3162/1224/1007 3173/1222/1018
f 3173/1222/1018 3162/1224/1007 3163/1215/1008
f 3173/1222/1018 3163/1215/1008 3164/1225/1009
f 3164/1225/1009 3163/1215/1008 3153/1226/999
usemtl Material.011
f 3178/1227/1019 3174/1228/1020 3179/1229/1021
f 3179/1229/1021 3174/1228/1020 3175/1230/1020
f 3183/1231/1022 3176/1232/1023 3184/1233/1024
f 3184/1233/1024 3176/1232/1023 3177/1234/1023
f 3179/1235/1021 3188/1236/79 3178/1237/1019
f 3180/1238/1025 3188/1239/79 3179/1235/1021
f 3181/1240/1026 3188/1241/79 3180/1238/1025
f 3182/1242/1027 3188/1243/79 3181/1240/1026
f 3183/1244/1022 3188/1245/79 3182/1242/1027
f 3184/1246/1024 3188/1247/79 3183/1244/1022
f 3185/1248/1028 3188/1249/79 3184/1246/1024
f 3186/1250/1029 3188/1251/79 3185/1248/1028
f 3187/1252/1030 3188/1253/79 3186/1250/1029
f 3178/1254/1019 3188/1255/79 3187/1252/1030
usemtl Material.012
f 3199/1256/132 3189/1257/132 3200/1236/1031
f 3200/1236/1031 3189/1257/132 3190/1258/1031
f 3200/1256/1031 3190/1257/1031 3201/1236/1032
f 3201/1236/1032 3190/1257/1031 3191/1258/1032
f 3201/1256/1032 3191/1257/1032 3202/1236/1033
f 3202/1236/1033 3191/1257/1032 3192/1258/1033
f 3202/1256/1033 3192/1257/1033 3203/1236/1034
f 3203/1236/1034 3192/1257/1033 3193/1258/1034
f 3203/1256/1034 3193/1257/1034 3204/1236/128
f 3204/1236/128 3193/1257/1034 3194/1258/128
f 3204/1256/128 3194/1257/128 3205/1236/1035
f 3205/1236/1035 3194/1257/128 3195/1258/1035
f 3205/1256/1035 3195/1257/1035 3206/1236/1036
f 3206/1236/1036 3195/1257/1035 3196/1258/1036
f 3206/1256/1036 3196/1257/1036 3207/1236/1037
f 3207/1236/1037 3196/1257/1036 3197/1258/1037
f 3207/1256/1037 3197/1257/1037 3208/1236/1038
f 3208/1236/1038 3197/1257/1037 3198/1258/1038
f 3208/1256/1038 3198/1257/1038 3199/1236/132
f 3199/1236/132 3198/1257/1038 3189/1258/132
