# Blender 4.2.2 LTS
# www.blender.org
mtllib escenario-arcoiris.mtl
o rrgba.w.001
v 0.135919 0.655695 -15.355355
v 0.208138 0.580358 -15.277962
v 0.136092 0.655455 -15.355522
v 0.188518 0.582468 -15.406119
v 0.208138 0.580358 -15.277962
v 0.135918 0.511138 -15.355356
v 0.171371 0.559214 -15.389570
v 0.188518 0.582468 -15.406119
v 0.208138 0.580358 -15.277962
v 0.084511 0.582421 -15.305744
v 0.135918 0.511138 -15.355356
v 0.135919 0.655695 -15.355355
v 0.135905 0.655676 -15.355342
v 0.208138 0.580358 -15.277962
v 0.084511 0.582421 -15.305744
v 0.100740 0.605552 -15.321405
v 0.135919 0.655695 -15.355355
v 0.136092 0.655455 -15.355522
v 0.135905 0.655676 -15.355342
v -0.027211 1.121290 -16.651991
v -0.057476 0.924104 -16.480671
v -0.619606 1.121290 -16.568928
v -0.543391 0.924104 -16.412537
v -0.896457 0.924104 -16.071804
v -0.619606 1.121290 -16.568928
v -0.543391 0.924104 -16.412537
v -1.050040 1.121290 -16.153528
v -1.154102 1.121290 -15.564457
v -0.896457 0.924104 -16.071804
v -0.981813 0.924104 -15.588615
v -1.050040 1.121290 -16.153528
v -0.892044 1.121290 -15.026726
v -0.981813 0.924104 -15.588615
v -0.766859 0.924104 -15.147539
v -1.154102 1.121290 -15.564457
v -0.363962 1.121290 -14.745725
v -0.766859 0.924104 -15.147539
v -0.333697 0.924104 -14.917045
v -0.892044 1.121290 -15.026726
v 0.228432 1.121290 -14.828789
v -0.333697 0.924104 -14.917045
v 0.152217 0.924104 -14.985178
v -0.363962 1.121290 -14.745725
v 0.658865 1.121290 -15.244189
v 0.152217 0.924104 -14.985178
v 0.505281 0.924104 -15.325912
v 0.228432 1.121290 -14.828789
v 0.762927 1.121290 -15.833258
v 0.505281 0.924104 -15.325912
v 0.590639 0.924104 -15.809100
v 0.658865 1.121290 -15.244189
v 0.500869 1.121290 -16.370991
v 0.590639 0.924104 -15.809100
v 0.375685 0.924104 -16.250177
v 0.762927 1.121290 -15.833258
v -0.027211 1.121290 -16.651991
v 0.375685 0.924104 -16.250177
v -0.057476 0.924104 -16.480671
v 0.500869 1.121290 -16.370991
v -0.057476 0.924104 -16.480671
v -0.449223 0.806075 -16.219309
v -0.543391 0.924104 -16.412537
v -0.094870 0.806075 -16.268995
v -0.543391 0.924104 -16.412537
v -0.706697 0.806075 -15.970827
v -0.896457 0.924104 -16.071804
v -0.449223 0.806075 -16.219309
v -0.896457 0.924104 -16.071804
v -0.768943 0.806075 -15.618464
v -0.981813 0.924104 -15.588615
v -0.706697 0.806075 -15.970827
v -0.981813 0.924104 -15.588615
v -0.612188 0.806075 -15.296806
v -0.766859 0.924104 -15.147539
v -0.768943 0.806075 -15.618464
v -0.766859 0.924104 -15.147539
v -0.296305 0.806075 -15.128720
v -0.333697 0.924104 -14.917045
v -0.612188 0.806075 -15.296806
v -0.333697 0.924104 -14.917045
v 0.058049 0.806075 -15.178410
v 0.152217 0.924104 -14.985178
v -0.296305 0.806075 -15.128720
v 0.152217 0.924104 -14.985178
v 0.315523 0.806075 -15.426888
v 0.505281 0.924104 -15.325912
v 0.058049 0.806075 -15.178410
v 0.505281 0.924104 -15.325912
v 0.377769 0.806075 -15.779250
v 0.590639 0.924104 -15.809100
v 0.315523 0.806075 -15.426888
v 0.590639 0.924104 -15.809100
v 0.221013 0.806075 -16.100908
v 0.375685 0.924104 -16.250177
v 0.377769 0.806075 -15.779250
v 0.375685 0.924104 -16.250177
v -0.094870 0.806075 -16.268995
v -0.057476 0.924104 -16.480671
v 0.221013 0.806075 -16.100908
v -0.094870 0.806075 -16.268995
v -0.325344 0.758655 -15.965113
v -0.449223 0.806075 -16.219309
v -0.144061 0.758655 -15.990531
v -0.449223 0.806075 -16.219309
v -0.457063 0.758655 -15.837995
v -0.706697 0.806075 -15.970827
v -0.325344 0.758655 -15.965113
v -0.706697 0.806075 -15.970827
v -0.488908 0.758655 -15.657727
v -0.768943 0.806075 -15.618464
v -0.457063 0.758655 -15.837995
v -0.768943 0.806075 -15.618464
v -0.408714 0.758655 -15.493175
v -0.612188 0.806075 -15.296806
v -0.488908 0.758655 -15.657727
v -0.612188 0.806075 -15.296806
v -0.247112 0.758655 -15.407184
v -0.296305 0.806075 -15.128720
v -0.408714 0.758655 -15.493175
v -0.296305 0.806075 -15.128720
v -0.065831 0.758655 -15.432603
v 0.058049 0.806075 -15.178410
v -0.247112 0.758655 -15.407184
v 0.058049 0.806075 -15.178410
v 0.065890 0.758655 -15.559723
v 0.315523 0.806075 -15.426888
v -0.065831 0.758655 -15.432603
v 0.315523 0.806075 -15.426888
v 0.097733 0.758655 -15.739986
v 0.377769 0.806075 -15.779250
v 0.065890 0.758655 -15.559723
v 0.377769 0.806075 -15.779250
v 0.017539 0.758655 -15.904541
v 0.221013 0.806075 -16.100908
v 0.097733 0.758655 -15.739986
v 0.221013 0.806075 -16.100908
v -0.144061 0.758655 -15.990531
v -0.094870 0.806075 -16.268995
v 0.017539 0.758655 -15.904541
v -0.108268 0.509250 -16.193148
v -0.638703 0.509250 -15.934649
v -0.415482 0.509250 -16.150074
v 0.165594 0.509250 -16.047422
v -0.556765 0.509251 -15.350291
v 0.301495 0.509251 -15.768556
v -0.282906 0.509251 -15.204567
v 0.247529 0.509251 -15.463069
v 0.024308 0.509251 -15.247643
v -0.692669 0.509251 -15.629159
v -0.108268 0.509250 -16.193148
v 0.165594 0.655695 -16.047422
v 0.165594 0.509250 -16.047422
v -0.108268 0.655695 -16.193148
v 0.301495 0.509251 -15.768556
v 0.301495 0.655695 -15.768556
v 0.247529 0.509251 -15.463069
v 0.247529 0.655695 -15.463069
v 0.024308 0.509251 -15.247643
v 0.024308 0.655695 -15.247643
v -0.282906 0.509251 -15.204567
v -0.282906 0.655695 -15.204567
v -0.556765 0.509251 -15.350291
v -0.692669 0.655695 -15.629159
v -0.692669 0.509251 -15.629159
v -0.556765 0.655695 -15.350291
v -0.638703 0.509250 -15.934649
v -0.638703 0.655695 -15.934649
v -0.415482 0.509250 -16.150074
v -0.415482 0.655695 -16.150074
v -0.144061 0.758655 -15.990531
v -0.325344 0.690199 -15.965113
v -0.325344 0.758655 -15.965113
v -0.144061 0.690199 -15.990531
v -0.325344 0.758655 -15.965113
v -0.457063 0.690199 -15.837995
v -0.457063 0.758655 -15.837995
v -0.325344 0.690199 -15.965113
v -0.457063 0.758655 -15.837995
v -0.457063 0.690199 -15.837995
v -0.488908 0.758655 -15.657727
v -0.488908 0.690199 -15.657727
v -0.488908 0.758655 -15.657727
v -0.488908 0.690199 -15.657727
v -0.408714 0.758655 -15.493175
v -0.408714 0.690199 -15.493175
v -0.408714 0.758655 -15.493175
v -0.247112 0.690199 -15.407184
v -0.247112 0.758655 -15.407184
v -0.408714 0.690199 -15.493175
v -0.247112 0.758655 -15.407184
v -0.247112 0.690199 -15.407184
v -0.065831 0.758655 -15.432603
v -0.065831 0.690199 -15.432603
v -0.065831 0.758655 -15.432603
v 0.065890 0.690199 -15.559723
v 0.065890 0.758655 -15.559723
v -0.065831 0.690199 -15.432603
v 0.065890 0.758655 -15.559723
v 0.097733 0.690199 -15.739986
v 0.097733 0.758655 -15.739986
v 0.065890 0.690199 -15.559723
v 0.097733 0.758655 -15.739986
v 0.017539 0.690199 -15.904541
v 0.017539 0.758655 -15.904541
v 0.097733 0.690199 -15.739986
v 0.017539 0.758655 -15.904541
v -0.144061 0.690199 -15.990531
v -0.144061 0.758655 -15.990531
v 0.017539 0.690199 -15.904541
v 0.017539 0.690199 -15.904541
v 0.165594 0.655695 -16.047422
v -0.144061 0.690199 -15.990531
v -0.108268 0.655695 -16.193148
v -0.144061 0.690199 -15.990531
v -0.108268 0.655695 -16.193148
v -0.325344 0.690199 -15.965113
v -0.415482 0.655695 -16.150074
v -0.325344 0.690199 -15.965113
v -0.638703 0.655695 -15.934649
v -0.457063 0.690199 -15.837995
v -0.415482 0.655695 -16.150074
v -0.457063 0.690199 -15.837995
v -0.638703 0.655695 -15.934649
v -0.488908 0.690199 -15.657727
v -0.692669 0.655695 -15.629159
v -0.488908 0.690199 -15.657727
v -0.692669 0.655695 -15.629159
v -0.408714 0.690199 -15.493175
v -0.556765 0.655695 -15.350291
v -0.408714 0.690199 -15.493175
v -0.282906 0.655695 -15.204567
v -0.247112 0.690199 -15.407184
v -0.556765 0.655695 -15.350291
v -0.247112 0.690199 -15.407184
v -0.282906 0.655695 -15.204567
v -0.065831 0.690199 -15.432603
v 0.024308 0.655695 -15.247643
v -0.065831 0.690199 -15.432603
v 0.024308 0.655695 -15.247643
v 0.065890 0.690199 -15.559723
v 0.247529 0.655695 -15.463069
v 0.065890 0.690199 -15.559723
v 0.301495 0.655695 -15.768556
v 0.097733 0.690199 -15.739986
v 0.247529 0.655695 -15.463069
v 0.097733 0.690199 -15.739986
v 0.301495 0.655695 -15.768556
v 0.017539 0.690199 -15.904541
v 0.165594 0.655695 -16.047422
v -1.162851 1.455202 -16.213556
v -0.675589 1.778413 -16.683802
v -0.675589 1.455202 -16.683802
v -1.162851 1.778413 -16.213556
v -1.280652 1.455202 -15.546714
v -1.162851 1.778413 -16.213556
v -1.162851 1.455202 -16.213556
v -1.280652 1.778413 -15.546714
v -0.983995 1.455203 -14.937984
v -1.280652 1.778413 -15.546714
v -1.280652 1.455202 -15.546714
v -0.983995 1.778413 -14.937984
v -0.386193 1.455203 -14.619884
v -0.983995 1.778413 -14.937984
v -0.983995 1.455203 -14.937984
v -0.386193 1.778413 -14.619884
v 0.284414 1.455203 -14.713917
v -0.386193 1.778413 -14.619884
v -0.386193 1.455203 -14.619884
v 0.284414 1.778413 -14.713917
v 0.771677 1.455202 -15.184159
v 0.284414 1.778413 -14.713917
v 0.284414 1.455203 -14.713917
v 0.771677 1.778413 -15.184159
v 0.889479 1.455202 -15.851001
v 0.771677 1.778413 -15.184159
v 0.771677 1.455202 -15.184159
v 0.889479 1.778413 -15.851001
v 0.592821 1.455202 -16.459730
v 0.889479 1.778413 -15.851001
v 0.889479 1.455202 -15.851001
v 0.592821 1.778413 -16.459730
v -0.004981 1.455202 -16.777830
v 0.592821 1.778413 -16.459730
v 0.592821 1.455202 -16.459730
v -0.004981 1.778413 -16.777830
v -0.675589 1.455202 -16.683802
v -0.004981 1.778413 -16.777830
v -0.004981 1.455202 -16.777830
v -0.675589 1.778413 -16.683802
v -0.619606 1.121290 -16.568928
v -0.004981 1.455202 -16.777830
v -0.027211 1.121290 -16.651991
v -0.675589 1.455202 -16.683802
v -1.050040 1.121290 -16.153528
v -0.675589 1.455202 -16.683802
v -0.619606 1.121290 -16.568928
v -1.162851 1.455202 -16.213556
v -1.162851 1.455202 -16.213556
v -1.154102 1.121290 -15.564457
v -1.280652 1.455202 -15.546714
v -1.050040 1.121290 -16.153528
v -1.280652 1.455202 -15.546714
v -0.892044 1.121290 -15.026726
v -0.983995 1.455203 -14.937984
v -1.154102 1.121290 -15.564457
v -0.983995 1.455203 -14.937984
v -0.363962 1.121290 -14.745725
v -0.386193 1.455203 -14.619884
v -0.892044 1.121290 -15.026726
v -0.386193 1.455203 -14.619884
v 0.228432 1.121290 -14.828789
v 0.284414 1.455203 -14.713917
v -0.363962 1.121290 -14.745725
v 0.284414 1.455203 -14.713917
v 0.658865 1.121290 -15.244189
v 0.771677 1.455202 -15.184159
v 0.228432 1.121290 -14.828789
v 0.771677 1.455202 -15.184159
v 0.762927 1.121290 -15.833258
v 0.889479 1.455202 -15.851001
v 0.658865 1.121290 -15.244189
v 0.889479 1.455202 -15.851001
v 0.500869 1.121290 -16.370991
v 0.592821 1.455202 -16.459730
v 0.762927 1.121290 -15.833258
v 0.592821 1.455202 -16.459730
v -0.027211 1.121290 -16.651991
v -0.004981 1.455202 -16.777830
v 0.500869 1.121290 -16.370991
v -1.188865 2.225741 -16.227398
v -1.309832 2.225741 -15.542622
v -1.086958 2.225741 -15.876817
v -1.005198 2.225741 -14.917524
v -1.095282 2.225741 -15.569402
v -0.391319 2.225741 -14.590867
v -0.373546 2.225741 -14.807487
v 0.297323 2.225741 -14.687426
v -0.066131 2.225741 -14.799163
v 0.797690 2.225741 -15.170318
v 0.388370 2.225741 -15.529224
v 0.918658 2.225741 -15.855094
v 0.695785 2.225741 -15.520898
v 0.614024 2.225741 -16.480192
v 0.704109 2.225741 -15.828313
v 0.000145 2.225741 -16.806847
v -0.017629 2.225741 -16.590229
v -0.688496 2.225741 -16.710287
v -0.325043 2.225741 -16.598555
v -0.779544 2.225741 -15.868491
v -0.333369 2.225741 -16.291140
v -0.057806 2.225741 -15.106575
v -0.025954 2.225741 -16.282814
v 0.396694 2.225741 -15.836638
v -0.365220 2.225741 -15.114902
v -0.787869 2.225741 -15.561077
v -1.162851 1.778413 -16.213556
v -0.768493 2.018775 -16.874435
v -0.675589 1.778413 -16.683802
v -1.350064 2.018776 -16.313173
v -1.280652 1.778413 -15.546714
v -1.350064 2.018776 -16.313173
v -1.162851 1.778413 -16.213556
v -1.490666 2.018776 -15.517264
v -0.983995 1.778413 -14.937984
v -1.490666 2.018776 -15.517264
v -1.280652 1.778413 -15.546714
v -1.136590 2.018776 -14.790719
v -0.386193 1.778413 -14.619884
v -1.136590 2.018776 -14.790719
v -0.983995 1.778413 -14.937984
v -0.423084 2.018776 -14.411049
v 0.284414 1.778413 -14.713917
v -0.423084 2.018776 -14.411049
v -0.386193 1.778413 -14.619884
v 0.377319 2.018776 -14.523279
v 0.771677 1.778413 -15.184159
v 0.377319 2.018776 -14.523279
v 0.284414 1.778413 -14.713917
v 0.958891 2.018776 -15.084540
v 0.889479 1.778413 -15.851001
v 0.958891 2.018776 -15.084540
v 0.771677 1.778413 -15.184159
v 1.099491 2.018776 -15.880450
v 0.592821 1.778413 -16.459730
v 1.099491 2.018776 -15.880450
v 0.889479 1.778413 -15.851001
v 0.745417 2.018776 -16.606995
v -0.004981 1.778413 -16.777830
v 0.745417 2.018776 -16.606995
v 0.592821 1.778413 -16.459730
v 0.031909 2.018775 -16.986666
v -0.675589 1.778413 -16.683802
v 0.031909 2.018775 -16.986666
v -0.004981 1.778413 -16.777830
v -0.768493 2.018775 -16.874435
v -1.350064 2.018776 -16.313173
v -1.188865 2.225741 -16.227398
v -1.302910 2.018776 -16.358683
v -0.688496 2.225741 -16.710287
v -0.768493 2.018775 -16.874435
v -1.188865 2.225741 -16.227398
v -1.490666 2.018776 -15.517264
v -1.309832 2.225741 -15.542622
v -1.350064 2.018776 -16.313173
v -1.309832 2.225741 -15.542622
v -1.136590 2.018776 -14.790719
v -1.005198 2.225741 -14.917524
v -1.490666 2.018776 -15.517264
v -1.005198 2.225741 -14.917524
v -0.423084 2.018776 -14.411049
v -0.391319 2.225741 -14.590867
v -1.136590 2.018776 -14.790719
v -0.391319 2.225741 -14.590867
v 0.377319 2.018776 -14.523279
v 0.297323 2.225741 -14.687426
v -0.423084 2.018776 -14.411049
v 0.297323 2.225741 -14.687426
v 0.377319 2.018776 -14.523279
v 0.797690 2.225741 -15.170318
v 0.958891 2.018776 -15.084540
v 0.911735 2.018776 -15.039031
v 0.797690 2.225741 -15.170318
v 0.958891 2.018776 -15.084540
v 0.918658 2.225741 -15.855094
v 1.099491 2.018776 -15.880450
v 1.088091 2.018776 -15.815916
v 0.918658 2.225741 -15.855094
v 1.099491 2.018776 -15.880450
v 0.614024 2.225741 -16.480192
v 0.745417 2.018776 -16.606995
v 0.774126 2.018776 -16.548088
v 0.614024 2.225741 -16.480192
v 0.031909 2.018775 -16.986666
v 0.000145 2.225741 -16.806847
v 0.745417 2.018776 -16.606995
v 0.000145 2.225741 -16.806847
v -0.768493 2.018775 -16.874435
v -0.688496 2.225741 -16.710287
v 0.031909 2.018775 -16.986666
v -0.779544 2.225741 -15.868491
v -0.779544 2.924687 -15.868491
v -0.333369 2.225741 -16.291140
v -0.333369 2.924687 -16.291140
v 0.388370 2.225741 -15.529224
v 0.388370 2.924687 -15.529224
v -0.057806 2.924688 -15.106575
v -0.057806 2.225741 -15.106575
v 0.396694 2.924687 -15.836638
v 0.396694 2.225741 -15.836638
v -0.025954 2.924687 -16.282814
v -0.025954 2.225741 -16.282814
v -0.365220 2.225741 -15.114902
v -0.365220 2.924688 -15.114902
v -0.787869 2.924687 -15.561077
v -0.787869 2.225741 -15.561077
v 0.388370 2.924687 -15.529224
v 0.396694 2.924687 -15.836638
v 0.134400 2.924687 -15.689921
v -0.025954 2.924687 -16.282814
v -0.096395 2.924687 -16.026400
v -0.365220 2.924688 -15.114902
v -0.057806 2.924688 -15.106575
v -0.204523 2.924687 -15.368871
v -0.779544 2.924687 -15.868491
v -0.787869 2.924687 -15.561077
v -0.525575 2.924687 -15.707793
v -0.294780 2.924687 -15.371313
v -0.333369 2.924687 -16.291140
v -0.186651 2.924687 -16.028845
v -0.435318 2.924687 -15.705352
v -0.189095 2.924687 -15.938588
v 0.046588 2.924687 -15.782622
v 0.136845 2.924687 -15.780178
v -0.292336 2.924687 -15.461571
v -0.437761 2.924687 -15.615092
v -0.202079 2.924687 -15.459126
v -0.528019 2.924687 -15.617537
v -0.098839 2.924687 -15.936145
v 0.704109 3.054587 -15.828314
v 0.695785 3.054587 -15.520899
v 0.695785 2.225741 -15.520898
v 0.704109 2.225741 -15.828313
v 0.704109 3.054587 -15.828314
v 0.704109 2.225741 -15.828313
v 0.396694 3.054587 -15.836639
v 0.396694 2.225741 -15.836638
v 0.695785 2.225741 -15.520898
v 0.695785 3.054587 -15.520899
v 0.388370 3.054587 -15.529225
v 0.388370 2.225741 -15.529224
v 0.695785 3.054587 -15.520899
v 0.704109 3.054587 -15.828314
v 0.388370 3.054587 -15.529225
v 0.396694 3.054587 -15.836639
v 0.388370 3.054587 -15.529225
v 0.396694 3.054587 -15.836639
v 0.396694 2.924687 -15.836638
v 0.388370 2.924687 -15.529224
v -0.066131 3.054587 -14.799164
v -0.066131 2.225741 -14.799163
v -0.057806 3.054587 -15.106576
v -0.057806 2.225741 -15.106575
v -0.373546 2.225741 -14.807487
v -0.373546 3.054587 -14.807487
v -0.365220 3.054587 -15.114902
v -0.365220 2.225741 -15.114902
v -0.066131 3.054587 -14.799164
v -0.373546 3.054587 -14.807487
v -0.373546 2.225741 -14.807487
v -0.066131 2.225741 -14.799163
v -0.066131 3.054587 -14.799164
v -0.057806 3.054587 -15.106576
v -0.373546 3.054587 -14.807487
v -0.365220 3.054587 -15.114902
v -0.365220 3.054587 -15.114902
v -0.057806 3.054587 -15.106576
v -0.057806 2.924688 -15.106575
v -0.365220 2.924688 -15.114902
v -1.086958 2.225741 -15.876817
v -1.086958 3.054587 -15.876818
v -0.779544 3.054587 -15.868492
v -0.779544 2.225741 -15.868491
v -1.095282 3.054587 -15.569403
v -1.086958 3.054587 -15.876818
v -1.086958 2.225741 -15.876817
v -1.095282 2.225741 -15.569402
v -1.095282 3.054587 -15.569403
v -1.095282 2.225741 -15.569402
v -0.787869 3.054587 -15.561078
v -0.787869 2.225741 -15.561077
v -0.787869 3.054587 -15.561078
v -0.779544 3.054587 -15.868492
v -1.095282 3.054587 -15.569403
v -1.086958 3.054587 -15.876818
v -0.779544 3.054587 -15.868492
v -0.787869 3.054587 -15.561078
v -0.787869 2.924687 -15.561077
v -0.779544 2.924687 -15.868491
v -0.017629 2.225741 -16.590229
v -0.017629 3.054587 -16.590229
v -0.025954 3.054587 -16.282814
v -0.025954 2.225741 -16.282814
v -0.325043 3.054587 -16.598555
v -0.017629 3.054587 -16.590229
v -0.017629 2.225741 -16.590229
v -0.325043 2.225741 -16.598555
v -0.325043 3.054587 -16.598555
v -0.325043 2.225741 -16.598555
v -0.333369 3.054587 -16.291140
v -0.333369 2.225741 -16.291140
v -0.025954 3.054587 -16.282814
v -0.017629 3.054587 -16.590229
v -0.333369 3.054587 -16.291140
v -0.325043 3.054587 -16.598555
v -0.025954 3.054587 -16.282814
v -0.333369 3.054587 -16.291140
v -0.333369 2.924687 -16.291140
v -0.025954 2.924687 -16.282814
v -0.189095 3.070947 -15.938589
v 0.044144 3.070947 -15.692367
v -0.189095 2.924687 -15.938588
v 0.044144 2.924687 -15.692366
v -0.435318 3.070947 -15.705353
v -0.189095 3.070947 -15.938589
v -0.189095 2.924687 -15.938588
v -0.435318 2.924687 -15.705352
v -0.202079 3.070947 -15.459126
v -0.435318 3.070947 -15.705353
v -0.202079 2.924687 -15.459126
v -0.435318 2.924687 -15.705352
v 0.044144 3.070947 -15.692367
v -0.202079 3.070947 -15.459126
v -0.202079 2.924687 -15.459126
v 0.044144 2.924687 -15.692366
v 0.044144 3.121997 -15.692367
v 0.044144 2.924687 -15.692366
v 0.134400 3.121997 -15.689922
v 0.134400 2.924687 -15.689921
v 0.046588 3.121997 -15.782623
v 0.044144 2.924687 -15.692366
v 0.044144 3.121997 -15.692367
v 0.046588 2.924687 -15.782622
v 0.136845 3.121997 -15.780179
v 0.046588 2.924687 -15.782622
v 0.046588 3.121997 -15.782623
v 0.136845 2.924687 -15.780178
v 0.134400 3.121997 -15.689922
v 0.134400 2.924687 -15.689921
v 0.136845 3.121997 -15.780179
v 0.136845 2.924687 -15.780178
v 0.100763 3.217022 -15.725432
v 0.101335 3.217022 -15.746542
v 0.079654 3.217022 -15.726006
v 0.080225 3.217022 -15.747113
v 0.101335 3.217022 -15.746542
v 0.100763 3.217022 -15.725432
v 0.136845 3.121997 -15.780179
v 0.134400 3.121997 -15.689922
v 0.100763 3.217022 -15.725432
v 0.079654 3.217022 -15.726006
v 0.044144 3.121997 -15.692367
v 0.134400 3.121997 -15.689922
v 0.079654 3.217022 -15.726006
v 0.080225 3.217022 -15.747113
v 0.046588 3.121997 -15.782623
v 0.044144 3.121997 -15.692367
v 0.080225 3.217022 -15.747113
v 0.101335 3.217022 -15.746542
v 0.136845 3.121997 -15.780179
v 0.046588 3.121997 -15.782623
v -0.294780 3.121997 -15.371314
v -0.294780 2.924687 -15.371313
v -0.204523 3.121997 -15.368872
v -0.204523 2.924687 -15.368871
v -0.292336 3.121997 -15.461572
v -0.292336 2.924687 -15.461571
v -0.294780 3.121997 -15.371314
v -0.294780 2.924687 -15.371313
v -0.202079 3.121997 -15.459126
v -0.202079 2.924687 -15.459126
v -0.292336 3.121997 -15.461572
v -0.292336 2.924687 -15.461571
v -0.204523 3.121997 -15.368872
v -0.202079 2.924687 -15.459126
v -0.202079 3.121997 -15.459126
v -0.204523 2.924687 -15.368871
v -0.238160 3.217022 -15.404382
v -0.237590 3.217022 -15.425491
v -0.259270 3.217022 -15.404954
v -0.258698 3.217022 -15.426063
v -0.237590 3.217022 -15.425491
v -0.238160 3.217022 -15.404382
v -0.202079 3.121997 -15.459126
v -0.204523 3.121997 -15.368872
v -0.238160 3.217022 -15.404382
v -0.259270 3.217022 -15.404954
v -0.294780 3.121997 -15.371314
v -0.204523 3.121997 -15.368872
v -0.259270 3.217022 -15.404954
v -0.258698 3.217022 -15.426063
v -0.292336 3.121997 -15.461572
v -0.294780 3.121997 -15.371314
v -0.258698 3.217022 -15.426063
v -0.237590 3.217022 -15.425491
v -0.292336 3.121997 -15.461572
v -0.202079 3.121997 -15.459126
v -0.528019 3.121997 -15.617537
v -0.528019 2.924687 -15.617537
v -0.437761 3.121997 -15.615093
v -0.437761 2.924687 -15.615092
v -0.525575 3.121997 -15.707794
v -0.525575 2.924687 -15.707793
v -0.528019 3.121997 -15.617537
v -0.528019 2.924687 -15.617537
v -0.435318 3.121997 -15.705353
v -0.435318 2.924687 -15.705352
v -0.525575 3.121997 -15.707794
v -0.525575 2.924687 -15.707793
v -0.437761 3.121997 -15.615093
v -0.435318 2.924687 -15.705352
v -0.435318 3.121997 -15.705353
v -0.437761 2.924687 -15.615092
v -0.471400 3.217022 -15.650605
v -0.470828 3.217022 -15.671712
v -0.492508 3.217022 -15.651175
v -0.491936 3.217022 -15.672284
v -0.470828 3.217022 -15.671712
v -0.471400 3.217022 -15.650605
v -0.437761 3.121997 -15.615093
v -0.435318 3.121997 -15.705353
v -0.471400 3.217022 -15.650605
v -0.492508 3.217022 -15.651175
v -0.528019 3.121997 -15.617537
v -0.437761 3.121997 -15.615093
v -0.492508 3.217022 -15.651175
v -0.491936 3.217022 -15.672284
v -0.528019 3.121997 -15.617537
v -0.525575 3.121997 -15.707794
v -0.491936 3.217022 -15.672284
v -0.470828 3.217022 -15.671712
v -0.525575 3.121997 -15.707794
v -0.435318 3.121997 -15.705353
v -0.189095 3.121997 -15.938589
v -0.189095 2.924687 -15.938588
v -0.098839 3.121997 -15.936146
v -0.098839 2.924687 -15.936145
v -0.186651 3.121997 -16.028845
v -0.189095 2.924687 -15.938588
v -0.189095 3.121997 -15.938589
v -0.186651 2.924687 -16.028845
v -0.096395 3.121997 -16.026400
v -0.186651 2.924687 -16.028845
v -0.186651 3.121997 -16.028845
v -0.096395 2.924687 -16.026400
v -0.098839 3.121997 -15.936146
v -0.098839 2.924687 -15.936145
v -0.096395 3.121997 -16.026400
v -0.096395 2.924687 -16.026400
v -0.132477 3.217022 -15.971657
v -0.131904 3.217022 -15.992765
v -0.153585 3.217022 -15.972227
v -0.153013 3.217022 -15.993335
v -0.131904 3.217022 -15.992765
v -0.132477 3.217022 -15.971657
v -0.096395 3.121997 -16.026400
v -0.098839 3.121997 -15.936146
v -0.132477 3.217022 -15.971657
v -0.153585 3.217022 -15.972227
v -0.189095 3.121997 -15.938589
v -0.098839 3.121997 -15.936146
v -0.153585 3.217022 -15.972227
v -0.153013 3.217022 -15.993335
v -0.189095 3.121997 -15.938589
v -0.186651 3.121997 -16.028845
v -0.153013 3.217022 -15.993335
v -0.131904 3.217022 -15.992765
v -0.186651 3.121997 -16.028845
v -0.096395 3.121997 -16.026400
v -0.008739 3.173723 -15.693800
v -0.190527 3.173723 -15.885708
v -0.126978 3.173723 -15.763848
v -0.382435 3.173723 -15.703918
v -0.260578 3.173723 -15.767467
v -0.200646 3.173723 -15.512011
v -0.264195 3.173723 -15.633867
v -0.130596 3.173723 -15.630249
v 0.044144 3.070947 -15.692367
v -0.200646 3.173723 -15.512011
v -0.202079 3.070947 -15.459126
v -0.008739 3.173723 -15.693800
v -0.189095 3.070947 -15.938589
v -0.190527 3.173723 -15.885708
v 0.044144 3.070947 -15.692367
v -0.008739 3.173723 -15.693800
v -0.435318 3.070947 -15.705353
v -0.382435 3.173723 -15.703918
v -0.189095 3.070947 -15.938589
v -0.190527 3.173723 -15.885708
v -0.202079 3.070947 -15.459126
v -0.200646 3.173723 -15.512011
v -0.435318 3.070947 -15.705353
v -0.382435 3.173723 -15.703918
v -0.130596 3.173723 -15.630249
v -0.264195 3.296180 -15.633867
v -0.264195 3.173723 -15.633867
v -0.130596 3.296180 -15.630249
v -0.264195 3.173723 -15.633867
v -0.260578 3.296180 -15.767467
v -0.260578 3.173723 -15.767467
v -0.264195 3.296180 -15.633867
v -0.260578 3.173723 -15.767467
v -0.126978 3.296180 -15.763848
v -0.126978 3.173723 -15.763848
v -0.260578 3.296180 -15.767467
v -0.126978 3.173723 -15.763848
v -0.126978 3.296180 -15.763848
v -0.130596 3.173723 -15.630249
v -0.130596 3.296180 -15.630249
v -0.183721 3.446253 -15.686331
v -0.207454 3.446253 -15.711387
v -0.208115 3.446253 -15.686991
v -0.183060 3.446253 -15.710725
v -0.183060 3.446253 -15.710725
v -0.183721 3.446253 -15.686331
v -0.126978 3.296180 -15.763848
v -0.130596 3.296180 -15.630249
v -0.183721 3.446253 -15.686331
v -0.208115 3.446253 -15.686991
v -0.264195 3.296180 -15.633867
v -0.130596 3.296180 -15.630249
v -0.208115 3.446253 -15.686991
v -0.207454 3.446253 -15.711387
v -0.260578 3.296180 -15.767467
v -0.264195 3.296180 -15.633867
v -0.207454 3.446253 -15.711387
v -0.183060 3.446253 -15.710725
v -0.260578 3.296180 -15.767467
v -0.126978 3.296180 -15.763848
v 0.044144 2.924687 -15.692366
v -1.350064 2.018776 -16.313173
v -1.302910 2.018776 -16.358683
v -0.768493 2.018775 -16.874435
v -0.787869 2.225741 -15.561077
v -0.787869 2.924687 -15.561077
v -0.787869 3.054587 -15.561078
v -0.779544 2.225741 -15.868491
v -0.779544 2.924687 -15.868491
v -0.779544 3.054587 -15.868492
v -0.365220 2.225741 -15.114902
v -0.365220 2.924688 -15.114902
v -0.365220 3.054587 -15.114902
v -0.057806 2.225741 -15.106575
v -0.057806 2.924688 -15.106575
v -0.057806 3.054587 -15.106576
v -0.333369 2.225741 -16.291140
v -0.333369 2.924687 -16.291140
v -0.333369 3.054587 -16.291140
v 0.377319 2.018776 -14.523279
v 0.911735 2.018776 -15.039031
v 0.958891 2.018776 -15.084540
v -0.025954 3.054587 -16.282814
v 0.388370 2.225741 -15.529224
v 0.388370 2.924687 -15.529224
v 0.388370 3.054587 -15.529225
v 0.396694 3.054587 -15.836639
v 0.958891 2.018776 -15.084540
v 1.088091 2.018776 -15.815916
v 1.099491 2.018776 -15.880450
v 0.745417 2.018776 -16.606995
v 1.099491 2.018776 -15.880450
v 0.774126 2.018776 -16.548088
v 0.247529 0.509251 -15.463069
v 0.171371 0.559214 -15.389570
v 0.135918 0.511138 -15.355356
v 0.100740 0.605552 -15.321405
v 0.024308 0.655695 -15.247643
v 0.084511 0.582421 -15.305744
v 0.024308 0.509251 -15.247643
v 0.135905 0.655676 -15.355342
v 0.188518 0.582468 -15.406119
v 0.247529 0.655695 -15.463069
v 0.136092 0.655455 -15.355522
v -0.282906 0.509251 -15.204567
v -0.376341 0.559214 -15.254284
v -0.419836 0.511138 -15.277430
v -0.462996 0.605552 -15.300395
v -0.556765 0.655695 -15.350291
v -0.482905 0.582421 -15.310989
v -0.556765 0.509251 -15.350291
v -0.419836 0.655695 -15.277430
v -0.355303 0.582468 -15.243090
v -0.282906 0.655695 -15.204567
v -0.419836 0.655695 -15.277430
v -0.471125 0.580358 -15.184829
v -0.355303 0.582468 -15.243090
v -0.471125 0.580358 -15.184829
v -0.419836 0.511138 -15.277430
v -0.376341 0.559214 -15.254284
v -0.355303 0.582468 -15.243090
v -0.471125 0.580358 -15.184829
v -0.482905 0.582421 -15.310989
v -0.419836 0.511138 -15.277430
v -0.482905 0.582421 -15.310989
v -0.471125 0.580358 -15.184829
v -0.462996 0.605552 -15.300395
v -0.419836 0.655695 -15.277430
v -0.692669 0.509251 -15.629159
v -0.692669 0.655695 -15.629159
v -0.678403 0.582468 -15.709918
v -0.674329 0.605926 -15.732977
v -0.657243 0.559562 -15.829696
v -0.638703 0.509250 -15.934649
v -0.665686 0.511138 -15.781901
v -0.638703 0.655695 -15.934649
v -0.653259 0.582421 -15.852257
v -0.665686 0.655694 -15.781901
v -0.665686 0.655694 -15.781901
v -0.769603 0.580358 -15.802066
v -0.674329 0.605926 -15.732977
v -0.678403 0.582468 -15.709918
v -0.769603 0.580358 -15.802066
v -0.665686 0.511138 -15.781901
v -0.678403 0.582468 -15.709918
v -0.769603 0.580358 -15.802066
v -0.653259 0.582421 -15.852257
v -0.657243 0.559562 -15.829696
v -0.665686 0.511138 -15.781901
v -0.653259 0.582421 -15.852257
v -0.769603 0.580358 -15.802066
v -0.665686 0.655694 -15.781901
v -0.415482 0.509250 -16.150074
v -0.310666 0.559214 -16.164770
v -0.261875 0.511138 -16.171610
v -0.213460 0.605551 -16.178398
v -0.108268 0.655695 -16.193148
v -0.191125 0.582420 -16.181530
v -0.108268 0.509250 -16.193148
v -0.261875 0.655694 -16.171610
v -0.334266 0.582468 -16.161461
v -0.415482 0.655695 -16.150074
v -0.261875 0.655694 -16.171610
v -0.274811 0.580358 -16.276672
v -0.334266 0.582468 -16.161461
v -0.274811 0.580358 -16.276672
v -0.261875 0.511138 -16.171610
v -0.310666 0.559214 -16.164770
v -0.334266 0.582468 -16.161461
v -0.274811 0.580358 -16.276672
v -0.191125 0.582420 -16.181530
v -0.261875 0.511138 -16.171610
v -0.191125 0.582420 -16.181530
v -0.274811 0.580358 -16.276672
v -0.213460 0.605551 -16.178398
v -0.261875 0.655694 -16.171610
v 0.165594 0.509250 -16.047422
v 0.211960 0.559214 -15.952278
v 0.233544 0.511138 -15.907990
v 0.254962 0.605552 -15.864041
v 0.301495 0.655695 -15.768556
v 0.264842 0.582421 -15.843768
v 0.301495 0.509251 -15.768556
v 0.233544 0.655694 -15.907990
v 0.201521 0.582468 -15.973701
v 0.165594 0.655695 -16.047422
v 0.233544 0.655694 -15.907990
v 0.329467 0.580358 -15.952760
v 0.201521 0.582468 -15.973701
v 0.329467 0.580358 -15.952760
v 0.233544 0.511138 -15.907990
v 0.211960 0.559214 -15.952278
v 0.201521 0.582468 -15.973701
v 0.329467 0.580358 -15.952760
v 0.264842 0.582421 -15.843768
v 0.233544 0.511138 -15.907990
v 0.264842 0.582421 -15.843768
v 0.329467 0.580358 -15.952760
v 0.254962 0.605552 -15.864041
v 0.233544 0.655694 -15.907990
v 0.957510 2.453365 -14.496066
v 1.073993 2.379564 -14.679759
v 0.995701 2.439007 -14.714870
v 1.050138 2.338204 -14.459943
v 1.065206 2.349501 -14.419518
v 1.045673 2.270659 -14.444752
v 1.039975 2.283453 -14.408943
v 1.061415 2.272671 -14.386311
v 1.003912 2.270682 -14.405193
v 0.880688 2.233368 -14.319005
v 0.942045 2.255117 -14.378447
v 0.761955 2.281984 -14.373864
v 0.547601 2.130480 -14.631216
v 0.579562 2.215461 -14.391811
v 0.589182 2.218115 -14.522699
v 0.583470 2.059907 -14.407120
v 0.667487 1.951875 -14.531740
v 0.724616 1.885944 -14.397505
v 0.878299 1.794141 -14.579620
v 0.747689 1.833657 -14.365981
v 0.912930 1.759955 -14.343669
v 0.795378 1.926572 -14.342236
v 0.883636 1.900939 -14.313827
v 1.046099 2.281676 -14.762611
v 1.090145 2.281934 -14.684625
v 0.950910 2.218065 -14.865228
v 0.861153 2.419369 -14.836595
v 0.844742 2.130435 -14.912687
v 0.651539 2.311504 -14.819070
v 0.549741 2.225741 -14.926535
v 0.714509 2.029035 -14.378263
v 0.681452 2.137207 -14.307271
v 0.756103 2.097194 -14.380726
v 0.841032 2.177812 -14.254690
v 0.859429 2.478641 -14.599607
v 0.736898 2.439030 -14.469839
v 0.767740 2.379614 -14.389659
v 0.686529 2.281722 -14.422001
v 1.171066 2.097714 -14.270492
v 0.981808 2.018492 -14.250973
v 1.079075 2.065472 -14.367669
v 0.958804 2.201411 -14.151793
v 1.096894 2.202003 -14.204789
v 1.029049 2.278263 -14.264013
v 1.088592 2.313209 -14.279421
v 1.061415 2.272671 -14.386311
v 0.880688 2.233368 -14.319005
v 1.061415 2.272671 -14.386311
v 0.981808 2.018492 -14.250973
v 0.937518 1.951825 -14.787533
v 1.068467 1.885894 -14.723221
v 1.066591 2.059857 -14.864642
v 1.119793 1.926549 -14.649543
v 1.088280 2.028989 -14.732203
v 1.040341 1.788906 -14.408492
v 1.072463 1.888123 -14.374583
v 1.111958 1.759928 -14.532201
v 1.143443 1.900889 -14.559811
v 1.090145 2.281934 -14.684625
v 1.082088 2.215389 -14.867715
v 1.046099 2.281676 -14.762611
v 1.204764 2.177767 -14.599242
v 1.138405 2.233345 -14.563130
v 1.301105 2.201365 -14.476043
v 0.844742 2.130435 -14.912687
v 0.950910 2.218065 -14.865228
v 1.240752 2.201980 -14.341061
v 1.185285 2.278241 -14.412012
v 1.061415 2.272671 -14.386311
v 1.098655 1.833607 -14.698441
v 1.185238 2.273670 -14.255594
v 1.205215 2.176321 -14.234442
v 1.166678 2.313209 -14.353387
v 1.061415 2.272671 -14.386311
v 0.761955 2.281984 -14.373864
v 0.686529 2.281722 -14.422001
v 0.988536 2.338204 -14.401587
v 1.028053 2.349501 -14.384323
v 1.018674 1.958461 -14.431432
v 1.160965 2.137162 -14.761374
v 0.589182 2.218115 -14.522699
v 0.622735 2.419392 -14.610750
v 1.088592 2.313209 -14.279421
v 1.200823 2.018470 -14.458440
v 0.547601 2.130480 -14.631216
v 0.651539 2.311504 -14.819070
v 1.083572 2.097149 -14.690803
v 1.075721 2.255117 -14.505074
v 1.138405 2.233345 -14.563130
v 1.200823 2.018470 -14.458440
v 0.549741 2.225741 -14.926535
v 0.547601 2.130480 -14.631216
v 1.068895 2.359949 -14.637470
v 0.810285 2.359998 -14.392497
v 0.622735 2.419392 -14.610750
v 0.861153 2.419369 -14.836595
v 0.651539 2.311504 -14.819070
v 0.859429 2.478641 -14.599607
v 1.119793 1.926549 -14.649543
v 1.018674 1.958461 -14.431432
v 1.143443 1.900889 -14.559811
v 0.795378 1.926572 -14.342236
v 1.088280 2.028989 -14.732203
v 0.714509 2.029035 -14.378263
v 0.756103 2.097194 -14.380726
v 1.079075 2.065472 -14.367669
v 1.083572 2.097149 -14.690803
v 1.200823 2.018470 -14.458440
v 0.981808 2.018492 -14.250973
v 0.883636 1.900939 -14.313827
v -0.436533 1.194062 -14.549136
v -0.438309 1.194062 -14.483574
v -0.404639 1.334968 -14.515469
v -0.404639 1.334968 -14.515469
v -0.438309 1.194062 -14.483574
v -0.372745 1.194062 -14.481797
v -0.404639 1.334968 -14.515469
v -0.372745 1.194062 -14.481797
v -0.370970 1.194062 -14.547360
v -0.436533 1.194062 -14.549136
v -0.404639 1.334968 -14.515469
v -0.370970 1.194062 -14.547360
v -0.372745 1.194062 -14.481797
v -0.438309 1.194062 -14.483574
v -0.404639 1.053155 -14.515469
v -0.438309 1.194062 -14.483574
v -0.436533 1.194062 -14.549136
v -0.404639 1.053155 -14.515469
v -0.436533 1.194062 -14.549136
v -0.370970 1.194062 -14.547360
v -0.404639 1.053155 -14.515469
v -0.370970 1.194062 -14.547360
v -0.372745 1.194062 -14.481797
v -0.404639 1.053155 -14.515469
v -0.436533 1.475875 -14.549136
v -0.438309 1.475875 -14.483574
v -0.404639 1.616781 -14.515469
v -0.404639 1.616781 -14.515469
v -0.438309 1.475875 -14.483574
v -0.372745 1.475875 -14.481797
v -0.404639 1.616781 -14.515469
v -0.372745 1.475875 -14.481797
v -0.370970 1.475875 -14.547360
v -0.436533 1.475875 -14.549136
v -0.404639 1.616781 -14.515469
v -0.370970 1.475875 -14.547360
v -0.372745 1.475875 -14.481797
v -0.438309 1.475875 -14.483574
v -0.404639 1.334968 -14.515469
v -0.438309 1.475875 -14.483574
v -0.436533 1.475875 -14.549136
v -0.404639 1.334968 -14.515469
v -0.436533 1.475875 -14.549136
v -0.370970 1.475875 -14.547360
v -0.404639 1.334968 -14.515469
v -0.370970 1.475875 -14.547360
v -0.372745 1.475875 -14.481797
v -0.404639 1.334968 -14.515469
v -0.436533 0.912248 -14.549136
v -0.438309 0.912248 -14.483574
v -0.404639 1.053155 -14.515469
v -0.404639 1.053155 -14.515469
v -0.438309 0.912248 -14.483574
v -0.372745 0.912248 -14.481797
v -0.404639 1.053155 -14.515469
v -0.372745 0.912248 -14.481797
v -0.370970 0.912248 -14.547360
v -0.436533 0.912248 -14.549136
v -0.404639 1.053155 -14.515469
v -0.370970 0.912248 -14.547360
v -0.372745 0.912248 -14.481797
v -0.438309 0.912248 -14.483574
v -0.404639 0.771342 -14.515469
v -0.438309 0.912248 -14.483574
v -0.436533 0.912248 -14.549136
v -0.404639 0.771342 -14.515469
v -0.436533 0.912248 -14.549136
v -0.370970 0.912248 -14.547360
v -0.404639 0.771342 -14.515469
v -0.370970 0.912248 -14.547360
v -0.372745 0.912248 -14.481797
v -0.404639 0.771342 -14.515469
v 0.962591 0.912248 -15.899396
v 0.960816 0.912248 -15.833832
v 0.994485 1.053155 -15.865725
v 0.994485 1.053155 -15.865725
v 0.960816 0.912248 -15.833832
v 1.026379 0.912248 -15.832057
v 0.994485 1.053155 -15.865725
v 1.026379 0.912248 -15.832057
v 1.028155 0.912248 -15.897619
v 0.962591 0.912248 -15.899396
v 0.994485 1.053155 -15.865725
v 1.028155 0.912248 -15.897619
v 1.026379 0.912248 -15.832057
v 0.960816 0.912248 -15.833832
v 0.994485 0.771342 -15.865725
v 0.960816 0.912248 -15.833832
v 0.962591 0.912248 -15.899396
v 0.994485 0.771342 -15.865725
v 0.962591 0.912248 -15.899396
v 1.028155 0.912248 -15.897619
v 0.994485 0.771342 -15.865725
v 1.028155 0.912248 -15.897619
v 1.026379 0.912248 -15.832057
v 0.994485 0.771342 -15.865725
v 0.962591 1.475875 -15.899396
v 0.960816 1.475875 -15.833832
v 0.994485 1.616781 -15.865725
v 0.994485 1.616781 -15.865725
v 0.960816 1.475875 -15.833832
v 1.026379 1.475875 -15.832057
v 0.994485 1.616781 -15.865725
v 1.026379 1.475875 -15.832057
v 1.028155 1.475875 -15.897619
v 0.962591 1.475875 -15.899396
v 0.994485 1.616781 -15.865725
v 1.028155 1.475875 -15.897619
v 1.026379 1.475875 -15.832057
v 0.960816 1.475875 -15.833832
v 0.994485 1.334968 -15.865725
v 0.960816 1.475875 -15.833832
v 0.962591 1.475875 -15.899396
v 0.994485 1.334968 -15.865725
v 0.962591 1.475875 -15.899396
v 1.028155 1.475875 -15.897619
v 0.994485 1.334968 -15.865725
v 1.028155 1.475875 -15.897619
v 1.026379 1.475875 -15.832057
v 0.994485 1.334968 -15.865725
v 0.962591 1.194061 -15.899396
v 0.960816 1.194061 -15.833832
v 0.994485 1.334968 -15.865725
v 0.994485 1.334968 -15.865725
v 0.960816 1.194061 -15.833832
v 1.026379 1.194061 -15.832057
v 0.994485 1.334968 -15.865725
v 1.026379 1.194061 -15.832057
v 1.028155 1.194061 -15.897619
v 0.962591 1.194061 -15.899396
v 0.994485 1.334968 -15.865725
v 1.028155 1.194061 -15.897619
v 1.026379 1.194061 -15.832057
v 0.960816 1.194061 -15.833832
v 0.994485 1.053155 -15.865725
v 0.960816 1.194061 -15.833832
v 0.962591 1.194061 -15.899396
v 0.994485 1.053155 -15.865725
v 0.962591 1.194061 -15.899396
v 1.028155 1.194061 -15.897619
v 0.994485 1.053155 -15.865725
v 1.028155 1.194061 -15.897619
v 1.026379 1.194061 -15.832057
v 0.994485 1.053155 -15.865725
v 0.962591 1.757688 -15.899396
v 0.960816 1.757688 -15.833832
v 0.994485 1.898594 -15.865725
v 0.994485 1.898594 -15.865725
v 0.960816 1.757688 -15.833832
v 1.026379 1.757688 -15.832057
v 0.994485 1.898594 -15.865725
v 1.026379 1.757688 -15.832057
v 1.028155 1.757688 -15.897619
v 0.962591 1.757688 -15.899396
v 0.994485 1.898594 -15.865725
v 1.028155 1.757688 -15.897619
v 1.026379 1.757688 -15.832057
v 0.960816 1.757688 -15.833832
v 0.994485 1.616781 -15.865725
v 0.960816 1.757688 -15.833832
v 0.962591 1.757688 -15.899396
v 0.994485 1.616781 -15.865725
v 0.962591 1.757688 -15.899396
v 1.028155 1.757688 -15.897619
v 0.994485 1.616781 -15.865725
v 1.028155 1.757688 -15.897619
v 1.026379 1.757688 -15.832057
v 0.994485 1.616781 -15.865725
v -0.436533 1.757688 -14.549136
v -0.438309 1.757688 -14.483574
v -0.404639 1.898594 -14.515469
v -0.404639 1.898594 -14.515469
v -0.438309 1.757688 -14.483574
v -0.372745 1.757688 -14.481797
v -0.404639 1.898594 -14.515469
v -0.372745 1.757688 -14.481797
v -0.370970 1.757688 -14.547360
v -0.436533 1.757688 -14.549136
v -0.404639 1.898594 -14.515469
v -0.370970 1.757688 -14.547360
v -0.372745 1.757688 -14.481797
v -0.438309 1.757688 -14.483574
v -0.404639 1.616781 -14.515469
v -0.438309 1.757688 -14.483574
v -0.436533 1.757688 -14.549136
v -0.404639 1.616781 -14.515469
v -0.436533 1.757688 -14.549136
v -0.370970 1.757688 -14.547360
v -0.404639 1.616781 -14.515469
v -0.370970 1.757688 -14.547360
v -0.372745 1.757688 -14.481797
v -0.404639 1.616781 -14.515469
v -1.250591 1.231810 -15.263319
v -1.257398 1.276992 -15.252767
v -1.272808 1.274841 -15.357682
v -1.272809 1.274841 -15.357685
v -1.257399 1.276992 -15.252768
v -1.214912 1.287348 -15.269700
v -1.272807 1.274841 -15.357681
v -1.214910 1.287348 -15.269699
v -1.208103 1.242166 -15.280252
v -1.250590 1.231810 -15.263319
v -1.272807 1.274841 -15.357681
v -1.208103 1.242166 -15.280252
v -1.214911 1.287348 -15.269699
v -1.257398 1.276992 -15.252767
v -1.192693 1.244317 -15.175336
v -1.257400 1.276992 -15.252768
v -1.250593 1.231810 -15.263323
v -1.192695 1.244317 -15.175337
v -1.250592 1.231810 -15.263322
v -1.208105 1.242166 -15.280255
v -1.192694 1.244317 -15.175337
v -1.208104 1.242166 -15.280252
v -1.214911 1.287348 -15.269697
v -1.192693 1.244317 -15.175335
v -1.057548 1.294325 -14.903978
v -1.076378 1.335613 -14.915802
v -1.098439 1.274841 -14.999884
v -1.098438 1.274841 -14.999883
v -1.076377 1.335613 -14.915801
v -1.040157 1.343940 -14.944400
v -1.098438 1.274841 -14.999881
v -1.040156 1.343940 -14.944399
v -1.021327 1.302651 -14.932574
v -1.057548 1.294325 -14.903976
v -1.098438 1.274841 -14.999883
v -1.021328 1.302651 -14.932575
v -1.040157 1.343940 -14.944400
v -1.076377 1.335613 -14.915801
v -0.999266 1.363424 -14.848494
v -1.076376 1.335613 -14.915800
v -1.057546 1.294325 -14.903975
v -0.999265 1.363424 -14.848493
v -1.057546 1.294325 -14.903974
v -1.021326 1.302651 -14.932573
v -0.999265 1.363424 -14.848492
v -1.021331 1.302651 -14.932576
v -1.040160 1.343940 -14.944403
v -0.999270 1.363424 -14.848497
v -1.369238 1.769299 -15.822954
v -1.368656 1.781008 -15.777549
v -1.330361 1.867966 -15.824680
v -1.330361 1.867966 -15.824680
v -1.368656 1.781008 -15.777549
v -1.322318 1.773915 -15.776314
v -1.330361 1.867966 -15.824680
v -1.322318 1.773915 -15.776314
v -1.322900 1.762206 -15.821719
v -1.369237 1.769299 -15.822953
v -1.330360 1.867966 -15.824680
v -1.322899 1.762206 -15.821719
v -1.322317 1.773915 -15.776314
v -1.368655 1.781008 -15.777548
v -1.361195 1.675248 -15.774588
v -1.368654 1.781008 -15.777546
v -1.369236 1.769299 -15.822951
v -1.361195 1.675248 -15.774587
v -1.369239 1.769299 -15.822956
v -1.322901 1.762206 -15.821720
v -1.361197 1.675248 -15.774589
v -1.322900 1.762206 -15.821719
v -1.322318 1.773915 -15.776314
v -1.361197 1.675248 -15.774588
v -1.369646 1.413234 -15.614338
v -1.369038 1.447118 -15.581923
v -1.361394 1.501395 -15.672728
v -1.361397 1.501395 -15.672729
v -1.369041 1.447118 -15.581926
v -1.322689 1.451584 -15.587464
v -1.361395 1.501395 -15.672728
v -1.322687 1.451584 -15.587461
v -1.323295 1.417700 -15.619876
v -1.369648 1.413234 -15.614341
v -1.361396 1.501395 -15.672729
v -1.323295 1.417700 -15.619877
v -1.322686 1.451584 -15.587461
v -1.369038 1.447118 -15.581923
v -1.330938 1.363423 -15.529072
v -1.369038 1.447117 -15.581923
v -1.369646 1.413234 -15.614338
v -1.330938 1.363423 -15.529072
v -1.369646 1.413234 -15.614338
v -1.323293 1.417700 -15.619876
v -1.330938 1.363423 -15.529072
v -1.323293 1.417700 -15.619876
v -1.322686 1.451584 -15.587461
v -1.330938 1.363423 -15.529072
v -1.385524 1.576899 -15.743197
v -1.383929 1.600590 -15.702761
v -1.361193 1.675248 -15.774587
v -1.361197 1.675248 -15.774590
v -1.383932 1.600590 -15.702765
v -1.337065 1.599743 -15.704117
v -1.361196 1.675248 -15.774589
v -1.337064 1.599743 -15.704116
v -1.338660 1.576052 -15.744555
v -1.385527 1.576899 -15.743201
v -1.361196 1.675248 -15.774589
v -1.338661 1.576052 -15.744555
v -1.337065 1.599743 -15.704117
v -1.383932 1.600590 -15.702763
v -1.361397 1.501394 -15.672729
v -1.383930 1.600590 -15.702761
v -1.385525 1.576899 -15.743197
v -1.361394 1.501394 -15.672728
v -1.385526 1.576899 -15.743197
v -1.338659 1.576052 -15.744553
v -1.361394 1.501394 -15.672727
v -1.338658 1.576052 -15.744554
v -1.337062 1.599743 -15.704115
v -1.361393 1.501394 -15.672728
v -1.159073 1.231810 -15.075524
v -1.171579 1.276992 -15.076666
v -1.192696 1.244317 -15.175337
v -1.192694 1.244317 -15.175336
v -1.171577 1.276992 -15.076665
v -1.132061 1.287348 -15.099693
v -1.192695 1.244317 -15.175337
v -1.132062 1.287348 -15.099694
v -1.119555 1.242166 -15.098554
v -1.159072 1.231810 -15.075526
v -1.192695 1.244317 -15.175337
v -1.119556 1.242166 -15.098555
v -1.132063 1.287348 -15.099697
v -1.171579 1.276992 -15.076667
v -1.098440 1.274841 -14.999885
v -1.171577 1.276992 -15.076665
v -1.159070 1.231810 -15.075523
v -1.098437 1.274841 -14.999881
v -1.159073 1.231810 -15.075524
v -1.119557 1.242166 -15.098554
v -1.098439 1.274841 -14.999883
v -1.119556 1.242166 -15.098554
v -1.132063 1.287348 -15.099697
v -1.098439 1.274841 -14.999884
v -1.323151 1.294325 -15.448985
v -1.325440 1.335613 -15.426867
v -1.330940 1.363423 -15.529075
v -1.330939 1.363423 -15.529073
v -1.325438 1.335613 -15.426867
v -1.280597 1.343940 -15.437773
v -1.330940 1.363423 -15.529075
v -1.280598 1.343940 -15.437774
v -1.278310 1.302651 -15.459891
v -1.323150 1.294325 -15.448982
v -1.330939 1.363423 -15.529073
v -1.278309 1.302651 -15.459889
v -1.280597 1.343940 -15.437773
v -1.325439 1.335613 -15.426867
v -1.272809 1.274841 -15.357682
v -1.325437 1.335613 -15.426866
v -1.323148 1.294325 -15.448981
v -1.272807 1.274841 -15.357681
v -1.323149 1.294325 -15.448982
v -1.278308 1.302651 -15.459888
v -1.272807 1.274841 -15.357682
v -1.278308 1.302651 -15.459888
v -1.280596 1.343940 -15.437773
v -1.272808 1.274841 -15.357682
v -0.791399 1.769299 -14.637251
v -0.826802 1.781008 -14.665685
v -0.824537 1.675248 -14.673386
v -0.824535 1.675248 -14.673386
v -0.826800 1.781008 -14.665685
v -0.799221 1.773915 -14.702944
v -0.824536 1.675248 -14.673385
v -0.799221 1.773915 -14.702943
v -0.763818 1.762206 -14.674508
v -0.791399 1.769299 -14.637252
v -0.824538 1.675248 -14.673388
v -0.763820 1.762206 -14.674510
v -0.799222 1.773915 -14.702944
v -0.826801 1.781008 -14.665687
v -0.766084 1.867966 -14.666808
v -0.826800 1.781008 -14.665685
v -0.791397 1.769299 -14.637250
v -0.766083 1.867966 -14.666807
v -0.791398 1.769299 -14.637250
v -0.763819 1.762206 -14.674506
v -0.766083 1.867966 -14.666807
v -0.763820 1.762206 -14.674510
v -0.799223 1.773915 -14.702945
v -0.766085 1.867966 -14.666810
v -0.864251 1.576899 -14.673562
v -0.895117 1.600590 -14.699736
v -0.904886 1.501394 -14.735991
v -0.904887 1.501394 -14.735991
v -0.895118 1.600590 -14.699736
v -0.865173 1.599743 -14.735816
v -0.904889 1.501394 -14.735993
v -0.865175 1.599743 -14.735817
v -0.834309 1.576052 -14.709642
v -0.864249 1.576899 -14.673560
v -0.904885 1.501394 -14.735991
v -0.834304 1.576052 -14.709641
v -0.865172 1.599743 -14.735814
v -0.895117 1.600590 -14.699736
v -0.824537 1.675248 -14.673386
v -0.895117 1.600590 -14.699736
v -0.864250 1.576899 -14.673562
v -0.824536 1.675248 -14.673386
v -0.864252 1.576899 -14.673562
v -0.834307 1.576052 -14.709641
v -0.824538 1.675248 -14.673388
v -0.834306 1.576052 -14.709641
v -0.865172 1.599743 -14.735814
v -0.824537 1.675248 -14.673386
v -0.955960 1.413234 -14.765471
v -0.981116 1.447118 -14.785920
v -0.999267 1.363423 -14.848494
v -0.999268 1.363424 -14.848496
v -0.981117 1.447118 -14.785922
v -0.948195 1.451584 -14.819017
v -0.999267 1.363423 -14.848494
v -0.948194 1.451584 -14.819016
v -0.923039 1.417700 -14.798566
v -0.955957 1.413234 -14.765467
v -0.999265 1.363424 -14.848492
v -0.923037 1.417700 -14.798563
v -0.948193 1.451584 -14.819016
v -0.981115 1.447118 -14.785920
v -0.904887 1.501395 -14.735991
v -0.981114 1.447118 -14.785919
v -0.955958 1.413234 -14.765468
v -0.904886 1.501395 -14.735991
v -0.955959 1.413234 -14.765468
v -0.923038 1.417700 -14.798565
v -0.904886 1.501395 -14.735991
v -0.923038 1.417700 -14.798566
v -0.948193 1.451584 -14.819016
v -0.904887 1.501395 -14.735991
v -0.191328 1.576899 -14.506402
v -0.231684 1.600590 -14.509435
v -0.260898 1.501394 -14.533022
v -0.260898 1.501394 -14.533022
v -0.231685 1.600590 -14.509435
v -0.228666 1.599743 -14.556223
v -0.260901 1.501394 -14.533026
v -0.228668 1.599743 -14.556228
v -0.188312 1.576052 -14.553194
v -0.191329 1.576899 -14.506404
v -0.260899 1.501394 -14.533024
v -0.188310 1.576052 -14.553192
v -0.228666 1.599743 -14.556223
v -0.231684 1.600590 -14.509435
v -0.159096 1.675248 -14.529603
v -0.231685 1.600590 -14.509436
v -0.191329 1.576899 -14.506404
v -0.159097 1.675248 -14.529604
v -0.191328 1.576899 -14.506402
v -0.188309 1.576052 -14.553192
v -0.159096 1.675248 -14.529603
v -0.188308 1.576052 -14.553190
v -0.228665 1.599743 -14.556223
v -0.159095 1.675248 -14.529601
v -0.666108 1.231810 -14.658303
v -0.676897 1.276992 -14.651875
v -0.751979 1.244317 -14.719290
v -0.751981 1.244317 -14.719292
v -0.676898 1.276992 -14.651877
v -0.658466 1.287348 -14.693735
v -0.751981 1.244317 -14.719292
v -0.658467 1.287348 -14.693735
v -0.647677 1.242166 -14.700161
v -0.666108 1.231810 -14.658303
v -0.751979 1.244317 -14.719290
v -0.647676 1.242166 -14.700161
v -0.658468 1.287348 -14.693737
v -0.676900 1.276992 -14.651878
v -0.572597 1.274841 -14.632750
v -0.676899 1.276992 -14.651877
v -0.666110 1.231810 -14.658305
v -0.572596 1.274841 -14.632749
v -0.666112 1.231810 -14.658307
v -0.647680 1.242166 -14.700165
v -0.572598 1.274841 -14.632751
v -0.647676 1.242166 -14.700161
v -0.658465 1.287348 -14.693735
v -0.572594 1.274841 -14.632747
v -0.111048 1.769299 -14.519849
v -0.156404 1.781008 -14.522045
v -0.159098 1.675248 -14.529604
v -0.159098 1.675248 -14.529606
v -0.156404 1.781008 -14.522045
v -0.155992 1.773915 -14.568397
v -0.159096 1.675248 -14.529603
v -0.155990 1.773915 -14.568395
v -0.110633 1.762206 -14.566199
v -0.111046 1.769299 -14.519846
v -0.159097 1.675248 -14.529603
v -0.110634 1.762206 -14.566199
v -0.155992 1.773915 -14.568397
v -0.156404 1.781008 -14.522045
v -0.107942 1.867966 -14.558640
v -0.156402 1.781008 -14.522041
v -0.111046 1.769299 -14.519846
v -0.107939 1.867966 -14.558639
v -0.111045 1.769299 -14.519846
v -0.110632 1.762206 -14.566199
v -0.107938 1.867966 -14.558638
v -0.110634 1.762206 -14.566199
v -0.155990 1.773915 -14.568395
v -0.107940 1.867966 -14.558638
v -0.483142 1.294325 -14.579194
v -0.505326 1.335613 -14.577694
v -0.572596 1.274841 -14.632750
v -0.572599 1.274841 -14.632751
v -0.505329 1.335613 -14.577697
v -0.492837 1.343940 -14.622123
v -0.572595 1.274841 -14.632749
v -0.492833 1.343940 -14.622119
v -0.470649 1.302651 -14.623619
v -0.483145 1.294325 -14.579198
v -0.572599 1.274841 -14.632753
v -0.470653 1.302651 -14.623623
v -0.492832 1.343940 -14.622116
v -0.505325 1.335613 -14.577691
v -0.403379 1.363424 -14.568562
v -0.505326 1.335613 -14.577693
v -0.483142 1.294325 -14.579191
v -0.403380 1.363424 -14.568563
v -0.483143 1.294325 -14.579194
v -0.470650 1.302651 -14.623621
v -0.403380 1.363424 -14.568564
v -0.470650 1.302651 -14.623619
v -0.492833 1.343940 -14.622119
v -0.403380 1.363424 -14.568563
v -1.018367 1.294325 -14.863997
v -1.007219 1.335613 -14.844759
v -1.071743 1.363424 -14.924212
v -1.071745 1.363424 -14.924214
v -1.007221 1.335613 -14.844760
v -0.977352 1.343940 -14.879942
v -1.071743 1.363424 -14.924212
v -0.977351 1.343940 -14.879938
v -0.988499 1.302651 -14.899177
v -1.018370 1.294325 -14.863998
v -1.071746 1.363424 -14.924215
v -0.988502 1.302651 -14.899179
v -0.977352 1.343940 -14.879942
v -1.007221 1.335613 -14.844760
v -0.923977 1.274841 -14.819725
v -1.007220 1.335613 -14.844759
v -1.018368 1.294325 -14.863997
v -0.923976 1.274841 -14.819725
v -1.018368 1.294325 -14.863997
v -0.988500 1.302651 -14.899176
v -0.923975 1.274841 -14.819722
v -0.988500 1.302651 -14.899178
v -0.977351 1.343940 -14.879940
v -0.923976 1.274841 -14.819724
v -0.850534 1.231810 -14.756439
v -0.849838 1.276992 -14.743901
v -0.923974 1.274841 -14.819722
v -0.923977 1.274841 -14.819725
v -0.849841 1.276992 -14.743902
v -0.825422 1.287348 -14.782576
v -0.923975 1.274841 -14.819724
v -0.825419 1.287348 -14.782574
v -0.826116 1.242166 -14.795113
v -0.850536 1.231810 -14.756441
v -0.923976 1.274841 -14.819724
v -0.826117 1.242166 -14.795114
v -0.825420 1.287348 -14.782574
v -0.849839 1.276992 -14.743901
v -0.751981 1.244317 -14.719292
v -0.849840 1.276992 -14.743902
v -0.850536 1.231810 -14.756441
v -0.751982 1.244317 -14.719293
v -0.850537 1.231810 -14.756443
v -0.826118 1.242166 -14.795114
v -0.751982 1.244317 -14.719295
v -0.826116 1.242166 -14.795113
v -0.825419 1.287348 -14.782574
v -0.751980 1.244317 -14.719292
v -1.275468 1.769299 -15.139455
v -1.248308 1.781008 -15.103063
v -1.245029 1.867966 -15.163704
v -1.245029 1.867966 -15.163704
v -1.248308 1.781008 -15.103063
v -1.210093 1.773915 -15.129302
v -1.245030 1.867966 -15.163705
v -1.210094 1.773915 -15.129303
v -1.237253 1.762206 -15.165694
v -1.275466 1.769299 -15.139454
v -1.245028 1.867966 -15.163703
v -1.237251 1.762206 -15.165690
v -1.210092 1.773915 -15.129300
v -1.248307 1.781008 -15.103063
v -1.240531 1.675248 -15.105053
v -1.248306 1.781008 -15.103062
v -1.275465 1.769299 -15.139454
v -1.240530 1.675248 -15.105052
v -1.275467 1.769299 -15.139455
v -1.237252 1.762206 -15.165693
v -1.240532 1.675248 -15.105054
v -1.237252 1.762206 -15.165693
v -1.210093 1.773915 -15.129302
v -1.240532 1.675248 -15.105054
v -0.319544 1.413234 -14.526852
v -0.351916 1.447118 -14.528610
v -0.403381 1.363423 -14.568564
v -0.403378 1.363424 -14.568562
v -0.351914 1.447118 -14.528609
v -0.344733 1.451584 -14.574734
v -0.403379 1.363423 -14.568563
v -0.344734 1.451584 -14.574737
v -0.312362 1.417700 -14.572976
v -0.319543 1.413234 -14.526850
v -0.403379 1.363424 -14.568562
v -0.312362 1.417700 -14.572975
v -0.344735 1.451584 -14.574737
v -0.351916 1.447118 -14.528610
v -0.260899 1.501395 -14.533024
v -0.351915 1.447118 -14.528609
v -0.319543 1.413234 -14.526852
v -0.260898 1.501395 -14.533022
v -0.319545 1.413234 -14.526853
v -0.312365 1.417700 -14.572980
v -0.260900 1.501395 -14.533025
v -0.312364 1.417700 -14.572977
v -0.344735 1.451584 -14.574738
v -0.260899 1.501395 -14.533024
v -1.153177 1.413234 -14.970443
v -1.133633 1.447118 -14.944574
v -1.180822 1.501395 -15.022531
v -1.180821 1.501395 -15.022531
v -1.133633 1.447118 -14.944576
v -1.099388 1.451584 -14.976299
v -1.180820 1.501395 -15.022531
v -1.099387 1.451584 -14.976299
v -1.118932 1.417700 -15.002166
v -1.153176 1.413234 -14.970443
v -1.180820 1.501395 -15.022531
v -1.118932 1.417700 -15.002166
v -1.099388 1.451584 -14.976299
v -1.133633 1.447118 -14.944574
v -1.071744 1.363424 -14.924212
v -1.133633 1.447118 -14.944576
v -1.153177 1.413234 -14.970443
v -1.071744 1.363423 -14.924212
v -1.153176 1.413234 -14.970443
v -1.118932 1.417700 -15.002166
v -1.071743 1.363424 -14.924212
v -1.118933 1.417700 -15.002167
v -1.099388 1.451584 -14.976299
v -1.071744 1.363423 -14.924212
v -1.241767 1.576899 -15.065358
v -1.216706 1.600590 -15.033581
v -1.240531 1.675248 -15.105053
v -1.240532 1.675248 -15.105054
v -1.216707 1.600590 -15.033582
v -1.179586 1.599743 -15.062225
v -1.240532 1.675248 -15.105054
v -1.179586 1.599743 -15.062225
v -1.204646 1.576052 -15.094003
v -1.241769 1.576899 -15.065360
v -1.240533 1.675248 -15.105054
v -1.204647 1.576052 -15.094004
v -1.179587 1.599743 -15.062227
v -1.216707 1.600590 -15.033583
v -1.180822 1.501394 -15.022532
v -1.216707 1.600590 -15.033582
v -1.241768 1.576899 -15.065360
v -1.180821 1.501394 -15.022531
v -1.241767 1.576899 -15.065358
v -1.204646 1.576052 -15.094000
v -1.180820 1.501394 -15.022531
v -1.204645 1.576052 -15.094000
v -1.179585 1.599743 -15.062223
v -1.180820 1.501394 -15.022531
v 0.912528 1.779419 -16.251778
v 0.885368 1.791128 -16.288168
v 0.882089 1.878086 -16.227528
v 0.882088 1.878086 -16.227530
v 0.885367 1.791128 -16.288170
v 0.847153 1.784035 -16.261930
v 0.882091 1.878086 -16.227526
v 0.847156 1.784035 -16.261929
v 0.874316 1.772326 -16.225536
v 0.912527 1.779419 -16.251778
v 0.882088 1.878086 -16.227530
v 0.874313 1.772326 -16.225540
v 0.847154 1.784035 -16.261930
v 0.885368 1.791128 -16.288168
v 0.877592 1.685368 -16.286179
v 0.885368 1.791128 -16.288168
v 0.912528 1.779419 -16.251778
v 0.877592 1.685368 -16.286179
v 0.912529 1.779419 -16.251776
v 0.874315 1.772326 -16.225536
v 0.877593 1.685368 -16.286179
v 0.874310 1.772326 -16.225542
v 0.847149 1.784035 -16.261934
v 0.877588 1.685368 -16.286182
v 0.487594 1.241930 -16.634796
v 0.486897 1.287112 -16.647335
v 0.561034 1.284961 -16.571512
v 0.561037 1.284961 -16.571508
v 0.486902 1.287112 -16.647329
v 0.462482 1.297468 -16.608658
v 0.561036 1.284961 -16.571512
v 0.462480 1.297468 -16.608660
v 0.463176 1.252286 -16.596121
v 0.487599 1.241930 -16.634789
v 0.561038 1.284961 -16.571507
v 0.463180 1.252286 -16.596119
v 0.462483 1.297468 -16.608658
v 0.486903 1.287112 -16.647329
v 0.389044 1.254437 -16.671940
v 0.486899 1.287112 -16.647333
v 0.487596 1.241930 -16.634794
v 0.389040 1.254437 -16.671944
v 0.487603 1.241930 -16.634787
v 0.463183 1.252286 -16.596115
v 0.389048 1.254437 -16.671934
v 0.463176 1.252286 -16.596121
v 0.462480 1.297468 -16.608660
v 0.389041 1.254437 -16.671942
v 0.569085 1.423354 -16.621895
v 0.594239 1.457237 -16.601444
v 0.612391 1.373543 -16.538872
v 0.612390 1.373543 -16.538872
v 0.594238 1.457237 -16.601446
v 0.561318 1.461704 -16.568350
v 0.612388 1.373543 -16.538876
v 0.561315 1.461703 -16.568352
v 0.536160 1.427820 -16.588802
v 0.569079 1.423354 -16.621902
v 0.612385 1.373543 -16.538877
v 0.536157 1.427820 -16.588806
v 0.561319 1.461704 -16.568350
v 0.594239 1.457237 -16.601444
v 0.518011 1.511515 -16.651373
v 0.594239 1.457237 -16.601444
v 0.569085 1.423354 -16.621897
v 0.518011 1.511515 -16.651373
v 0.569079 1.423354 -16.621902
v 0.536157 1.427821 -16.588806
v 0.518006 1.511515 -16.651381
v 0.536157 1.427821 -16.588806
v 0.561313 1.461704 -16.568356
v 0.518005 1.511515 -16.651381
v 0.404521 1.779419 -16.750118
v 0.439925 1.791128 -16.721682
v 0.437660 1.685368 -16.713982
v 0.437660 1.685368 -16.713982
v 0.439925 1.791128 -16.721682
v 0.412345 1.784035 -16.684422
v 0.437658 1.685368 -16.713984
v 0.412344 1.784035 -16.684425
v 0.376940 1.772326 -16.712860
v 0.404523 1.779419 -16.750116
v 0.437662 1.685368 -16.713978
v 0.376943 1.772326 -16.712856
v 0.412345 1.784035 -16.684422
v 0.439925 1.791128 -16.721682
v 0.379206 1.878086 -16.720558
v 0.439919 1.791128 -16.721689
v 0.404515 1.779419 -16.750124
v 0.379201 1.878086 -16.720566
v 0.404517 1.779419 -16.750122
v 0.376938 1.772326 -16.712864
v 0.379203 1.878086 -16.720562
v 0.376936 1.772326 -16.712866
v 0.412340 1.784035 -16.684429
v 0.379200 1.878086 -16.720566
v 0.772195 1.241930 -16.311842
v 0.784701 1.287112 -16.310698
v 0.805818 1.254437 -16.212029
v 0.805816 1.254437 -16.212030
v 0.784699 1.287112 -16.310701
v 0.745184 1.297468 -16.287670
v 0.805818 1.254437 -16.212029
v 0.745186 1.297468 -16.287670
v 0.732680 1.252286 -16.288811
v 0.772192 1.241930 -16.311844
v 0.805815 1.254437 -16.212030
v 0.732677 1.252286 -16.288815
v 0.745184 1.297468 -16.287670
v 0.784699 1.287112 -16.310701
v 0.711560 1.284961 -16.387486
v 0.784697 1.287112 -16.310703
v 0.772190 1.241930 -16.311846
v 0.711557 1.284961 -16.387487
v 0.772196 1.241930 -16.311840
v 0.732681 1.252286 -16.288809
v 0.711563 1.284961 -16.387482
v 0.732674 1.252286 -16.288816
v 0.745180 1.297468 -16.287676
v 0.711556 1.284961 -16.387489
v 0.670669 1.304445 -16.483391
v 0.689498 1.345733 -16.471567
v 0.711559 1.284961 -16.387486
v 0.711561 1.284961 -16.387484
v 0.689499 1.345733 -16.471563
v 0.653280 1.354060 -16.442966
v 0.711560 1.284961 -16.387486
v 0.653279 1.354060 -16.442966
v 0.634451 1.312771 -16.454790
v 0.670667 1.304445 -16.483391
v 0.711558 1.284961 -16.387486
v 0.634449 1.312771 -16.454794
v 0.653277 1.354060 -16.442968
v 0.689497 1.345733 -16.471567
v 0.612386 1.373543 -16.538876
v 0.689497 1.345733 -16.471567
v 0.670668 1.304444 -16.483395
v 0.612386 1.373543 -16.538876
v 0.670672 1.304444 -16.483389
v 0.634454 1.312771 -16.454788
v 0.612391 1.373543 -16.538870
v 0.634450 1.312771 -16.454792
v 0.653278 1.354060 -16.442968
v 0.612387 1.373543 -16.538876
v 0.936273 1.304445 -15.938383
v 0.938561 1.345733 -15.960498
v 0.944061 1.373543 -15.858293
v 0.944062 1.373544 -15.858292
v 0.938562 1.345733 -15.960498
v 0.893719 1.354060 -15.949593
v 0.944060 1.373544 -15.858294
v 0.893718 1.354060 -15.949594
v 0.891430 1.312771 -15.927478
v 0.936274 1.304445 -15.938382
v 0.944062 1.373543 -15.858292
v 0.891432 1.312771 -15.927477
v 0.893720 1.354060 -15.949593
v 0.938562 1.345733 -15.960498
v 0.885931 1.284961 -16.029682
v 0.938559 1.345733 -15.960501
v 0.936271 1.304445 -15.938384
v 0.885928 1.284961 -16.029686
v 0.936270 1.304445 -15.938386
v 0.891428 1.312771 -15.927481
v 0.885927 1.284961 -16.029686
v 0.891432 1.312771 -15.927477
v 0.893719 1.354060 -15.949593
v 0.885931 1.284961 -16.029682
v 0.878829 1.587019 -16.325872
v 0.853767 1.610710 -16.357651
v 0.877592 1.685368 -16.286179
v 0.877595 1.685368 -16.286175
v 0.853770 1.610710 -16.357649
v 0.816650 1.609863 -16.329004
v 0.877591 1.685368 -16.286179
v 0.816646 1.609863 -16.329008
v 0.841707 1.586172 -16.297232
v 0.878828 1.587019 -16.325874
v 0.877591 1.685368 -16.286179
v 0.841707 1.586172 -16.297232
v 0.816648 1.609863 -16.329004
v 0.853768 1.610710 -16.357649
v 0.817884 1.511515 -16.368700
v 0.853766 1.610710 -16.357651
v 0.878828 1.587019 -16.325874
v 0.817882 1.511515 -16.368704
v 0.878826 1.587019 -16.325874
v 0.841705 1.586172 -16.297234
v 0.817880 1.511515 -16.368704
v 0.841707 1.586172 -16.297232
v 0.816646 1.609863 -16.329008
v 0.817883 1.511515 -16.368700
v 0.790238 1.423354 -16.420792
v 0.770695 1.457238 -16.446655
v 0.817883 1.511515 -16.368700
v 0.817884 1.511515 -16.368700
v 0.770696 1.457238 -16.446655
v 0.736451 1.461704 -16.414928
v 0.817883 1.511515 -16.368700
v 0.736450 1.461704 -16.414932
v 0.755993 1.427821 -16.389065
v 0.790240 1.423354 -16.420788
v 0.817885 1.511515 -16.368700
v 0.755995 1.427821 -16.389065
v 0.736449 1.461704 -16.414932
v 0.770694 1.457238 -16.446655
v 0.708804 1.373543 -16.467020
v 0.770697 1.457237 -16.446653
v 0.790240 1.423354 -16.420788
v 0.708807 1.373543 -16.467016
v 0.790236 1.423354 -16.420792
v 0.755992 1.427820 -16.389067
v 0.708803 1.373543 -16.467022
v 0.755988 1.427820 -16.389071
v 0.736444 1.461704 -16.414936
v 0.708799 1.373543 -16.467026
v -0.251895 1.779419 -16.871391
v -0.206539 1.791128 -16.869196
v -0.203845 1.685368 -16.861633
v -0.203840 1.685368 -16.861628
v -0.206534 1.791128 -16.869190
v -0.206946 1.784035 -16.822836
v -0.203842 1.685368 -16.861631
v -0.206948 1.784035 -16.822838
v -0.252305 1.772326 -16.825033
v -0.251894 1.779419 -16.871389
v -0.203844 1.685368 -16.861633
v -0.252306 1.772326 -16.825037
v -0.206947 1.784035 -16.822838
v -0.206535 1.791128 -16.869190
v -0.254997 1.878086 -16.832594
v -0.206537 1.791128 -16.869192
v -0.251893 1.779419 -16.871387
v -0.254998 1.878086 -16.832594
v -0.251890 1.779419 -16.871386
v -0.252303 1.772326 -16.825031
v -0.254996 1.878086 -16.832592
v -0.252304 1.772326 -16.825033
v -0.206947 1.784035 -16.822838
v -0.254997 1.878086 -16.832594
v -0.043394 1.423354 -16.864384
v -0.011022 1.457237 -16.862623
v 0.040443 1.373543 -16.822668
v 0.040443 1.373543 -16.822668
v -0.011022 1.457237 -16.862623
v -0.018204 1.461704 -16.816498
v 0.040443 1.373543 -16.822668
v -0.018204 1.461703 -16.816498
v -0.050575 1.427820 -16.818256
v -0.043393 1.423354 -16.864380
v 0.040444 1.373543 -16.822668
v -0.050574 1.427820 -16.818256
v -0.018207 1.461704 -16.816502
v -0.011026 1.457237 -16.862627
v -0.102044 1.511515 -16.858215
v -0.011022 1.457237 -16.862623
v -0.043393 1.423354 -16.864384
v -0.102040 1.511515 -16.858212
v -0.043395 1.423354 -16.864384
v -0.050577 1.427821 -16.818258
v -0.102042 1.511515 -16.858213
v -0.050574 1.427821 -16.818256
v -0.018203 1.461704 -16.816498
v -0.102039 1.511515 -16.858210
v 0.655427 1.304444 -16.527239
v 0.644278 1.345733 -16.546476
v 0.708802 1.373543 -16.467022
v 0.708806 1.373543 -16.467020
v 0.644282 1.345733 -16.546473
v 0.614413 1.354059 -16.511292
v 0.708801 1.373543 -16.467024
v 0.614409 1.354059 -16.511297
v 0.625557 1.312771 -16.492060
v 0.655429 1.304444 -16.527235
v 0.708805 1.373543 -16.467020
v 0.625561 1.312771 -16.492056
v 0.614412 1.354059 -16.511293
v 0.644280 1.345733 -16.546474
v 0.561036 1.284961 -16.571510
v 0.644281 1.345733 -16.546473
v 0.655430 1.304445 -16.527235
v 0.561037 1.284961 -16.571508
v 0.655427 1.304445 -16.527239
v 0.625558 1.312771 -16.492060
v 0.561034 1.284961 -16.571512
v 0.625560 1.312771 -16.492058
v 0.614412 1.354059 -16.511293
v 0.561036 1.284961 -16.571510
v 0.982767 1.423354 -15.773027
v 0.982160 1.457238 -15.805442
v 0.974515 1.511515 -15.714640
v 0.974517 1.511515 -15.714639
v 0.982161 1.457238 -15.805442
v 0.935810 1.461704 -15.799905
v 0.974518 1.511515 -15.714637
v 0.935811 1.461704 -15.799901
v 0.936419 1.427821 -15.767488
v 0.982767 1.423354 -15.773027
v 0.974515 1.511515 -15.714640
v 0.936416 1.427821 -15.767490
v 0.935808 1.461704 -15.799906
v 0.982159 1.457238 -15.805444
v 0.944059 1.373544 -15.858294
v 0.982160 1.457237 -15.805442
v 0.982768 1.423354 -15.773027
v 0.944060 1.373544 -15.858294
v 0.982769 1.423354 -15.773026
v 0.936418 1.427820 -15.767488
v 0.944062 1.373544 -15.858292
v 0.936419 1.427820 -15.767488
v 0.935811 1.461704 -15.799901
v 0.944063 1.373544 -15.858292
v 0.998650 1.587019 -15.644165
v 0.997053 1.610710 -15.684605
v 0.974318 1.685368 -15.612779
v 0.974319 1.685368 -15.612777
v 0.997054 1.610710 -15.684603
v 0.950186 1.609863 -15.683249
v 0.974317 1.685368 -15.612780
v 0.950185 1.609863 -15.683252
v 0.951781 1.586172 -15.642813
v 0.998647 1.587019 -15.644168
v 0.974315 1.685368 -15.612781
v 0.951779 1.586172 -15.642815
v 0.950187 1.609863 -15.683249
v 0.997054 1.610710 -15.684603
v 0.974518 1.511515 -15.714637
v 0.997051 1.610710 -15.684606
v 0.998648 1.587019 -15.644168
v 0.974515 1.511515 -15.714640
v 0.998645 1.587019 -15.644171
v 0.951777 1.586172 -15.642816
v 0.974513 1.511515 -15.714642
v 0.951782 1.586172 -15.642813
v 0.950186 1.609863 -15.683249
v 0.974517 1.511515 -15.714639
v 0.120203 1.304445 -16.812042
v 0.142386 1.345733 -16.813543
v 0.209656 1.284961 -16.758488
v 0.209657 1.284961 -16.758486
v 0.142387 1.345733 -16.813541
v 0.129895 1.354059 -16.769115
v 0.209655 1.284961 -16.758490
v 0.129893 1.354059 -16.769117
v 0.107710 1.312771 -16.767618
v 0.120204 1.304445 -16.812042
v 0.209657 1.284961 -16.758488
v 0.107712 1.312771 -16.767614
v 0.129896 1.354059 -16.769114
v 0.142388 1.345733 -16.813540
v 0.040443 1.373543 -16.822668
v 0.142388 1.345733 -16.813541
v 0.120205 1.304444 -16.812040
v 0.040443 1.373543 -16.822668
v 0.120205 1.304444 -16.812040
v 0.107713 1.312771 -16.767614
v 0.040443 1.373543 -16.822668
v 0.107709 1.312771 -16.767616
v 0.129892 1.354059 -16.769117
v 0.040439 1.373543 -16.822672
v 0.303172 1.241930 -16.732927
v 0.313962 1.287112 -16.739355
v 0.389043 1.254437 -16.671942
v 0.389041 1.254437 -16.671942
v 0.313960 1.287112 -16.739357
v 0.295527 1.297468 -16.697500
v 0.389042 1.254437 -16.671942
v 0.295528 1.297468 -16.697496
v 0.284739 1.252286 -16.691069
v 0.303169 1.241930 -16.732931
v 0.389040 1.254437 -16.671944
v 0.284737 1.252286 -16.691072
v 0.295527 1.297468 -16.697500
v 0.313959 1.287112 -16.739357
v 0.209656 1.284961 -16.758488
v 0.313961 1.287112 -16.739357
v 0.303171 1.241930 -16.732929
v 0.209657 1.284961 -16.758486
v 0.303172 1.241930 -16.732929
v 0.284740 1.252286 -16.691071
v 0.209657 1.284961 -16.758488
v 0.284739 1.252286 -16.691069
v 0.295528 1.297468 -16.697496
v 0.209657 1.284961 -16.758486
v 0.982363 1.779419 -15.564409
v 0.981781 1.791128 -15.609815
v 0.943485 1.878086 -15.562683
v 0.943480 1.878086 -15.562689
v 0.981777 1.791128 -15.609819
v 0.935438 1.784035 -15.611054
v 0.943481 1.878086 -15.562688
v 0.935439 1.784035 -15.611053
v 0.936021 1.772326 -15.565648
v 0.982360 1.779419 -15.564412
v 0.943481 1.878086 -15.562688
v 0.936021 1.772326 -15.565648
v 0.935441 1.784035 -15.611053
v 0.981780 1.791128 -15.609816
v 0.974319 1.685368 -15.612777
v 0.981779 1.791128 -15.609817
v 0.982361 1.779419 -15.564411
v 0.974318 1.685368 -15.612779
v 0.982358 1.779419 -15.564415
v 0.936019 1.772326 -15.565649
v 0.974315 1.685368 -15.612781
v 0.936019 1.772326 -15.565649
v 0.935437 1.784035 -15.611054
v 0.974315 1.685368 -15.612781
v 0.477372 1.587019 -16.713806
v 0.508238 1.610710 -16.687632
v 0.518008 1.511514 -16.651379
v 0.518008 1.511514 -16.651379
v 0.508239 1.610710 -16.687632
v 0.478295 1.609863 -16.651552
v 0.518007 1.511514 -16.651379
v 0.478295 1.609863 -16.651552
v 0.447428 1.586172 -16.677727
v 0.477372 1.587019 -16.713806
v 0.518008 1.511514 -16.651379
v 0.447428 1.586172 -16.677727
v 0.478293 1.609863 -16.651554
v 0.508237 1.610710 -16.687635
v 0.437657 1.685368 -16.713984
v 0.508235 1.610710 -16.687635
v 0.477368 1.587019 -16.713810
v 0.437655 1.685368 -16.713985
v 0.477372 1.587019 -16.713806
v 0.447428 1.586172 -16.677727
v 0.437659 1.685368 -16.713982
v 0.447431 1.586172 -16.677725
v 0.478297 1.609863 -16.651550
v 0.437662 1.685368 -16.713978
v -0.171609 1.587019 -16.884830
v -0.131253 1.610710 -16.881798
v -0.102039 1.511514 -16.858210
v -0.102039 1.511514 -16.858210
v -0.131253 1.610710 -16.881798
v -0.134271 1.609863 -16.835009
v -0.102040 1.511514 -16.858210
v -0.134272 1.609863 -16.835009
v -0.174628 1.586172 -16.838041
v -0.171612 1.587019 -16.884834
v -0.102042 1.511514 -16.858213
v -0.174630 1.586172 -16.838045
v -0.134274 1.609863 -16.835012
v -0.131256 1.610710 -16.881802
v -0.203844 1.685368 -16.861633
v -0.131255 1.610710 -16.881802
v -0.171611 1.587019 -16.884832
v -0.203843 1.685368 -16.861631
v -0.171613 1.587019 -16.884834
v -0.174631 1.586172 -16.838047
v -0.203845 1.685368 -16.861633
v -0.174628 1.586172 -16.838041
v -0.134271 1.609863 -16.835009
v -0.203841 1.685368 -16.861629
v 0.863715 1.241930 -16.124044
v 0.870521 1.287112 -16.134598
v 0.885931 1.284961 -16.029682
v 0.885933 1.284961 -16.029680
v 0.870523 1.287112 -16.134596
v 0.828037 1.297468 -16.117662
v 0.885928 1.284961 -16.029686
v 0.828032 1.297468 -16.117668
v 0.821225 1.252286 -16.107115
v 0.863714 1.241930 -16.124046
v 0.885930 1.284961 -16.029682
v 0.821227 1.252286 -16.107113
v 0.828031 1.297468 -16.117670
v 0.870518 1.287112 -16.134602
v 0.805813 1.254437 -16.212032
v 0.870520 1.287112 -16.134600
v 0.863714 1.241930 -16.124046
v 0.805816 1.254437 -16.212030
v 0.863712 1.241930 -16.124046
v 0.821225 1.252286 -16.107115
v 0.805814 1.254437 -16.212032
v 0.821227 1.252286 -16.107113
v 0.828034 1.297468 -16.117666
v 0.805816 1.254437 -16.212030
v 0.965479 2.481719 -14.870935
v 0.874990 2.396626 -14.822803
v 0.977157 2.434125 -14.718052
v 1.004077 2.409202 -14.946006
v 1.043262 2.528699 -14.943569
v 1.059072 2.448650 -14.861429
v 1.067878 2.513301 -14.885688
v 1.009469 2.540051 -14.878928
v 1.056025 2.623463 -14.844320
v 1.000884 2.302264 -14.784642
v 1.015887 2.382123 -14.728361
v 0.918773 2.297951 -14.843280
v 0.874990 2.396626 -14.822803
v 1.000884 2.302264 -14.784642
v 0.918773 2.297951 -14.843280
v 1.000884 2.302264 -14.784642
v 0.977157 2.434125 -14.718052
v 1.015887 2.382123 -14.728361
v 1.000884 2.302264 -14.784642
v 0.874990 2.396626 -14.822803
v 0.977157 2.434125 -14.718052
v 0.587124 2.448718 -14.414491
v 0.666979 2.302309 -14.468342
v 0.722395 2.382173 -14.450347
v 0.505647 2.409275 -14.473985
v 0.505992 2.528771 -14.434755
v 0.582759 2.481769 -14.508396
v 0.572429 2.540096 -14.464936
v 0.562452 2.513374 -14.407063
v 0.604411 2.623535 -14.416646
v 0.734786 2.434152 -14.488462
v 0.635751 2.396671 -14.596178
v 0.612902 2.297997 -14.553537
v 0.612902 2.297997 -14.553537
v 0.666979 2.302309 -14.468342
v 0.635751 2.396671 -14.596178
v 0.666979 2.302309 -14.468342
v 0.722395 2.382173 -14.450347
v 0.734786 2.434152 -14.488462
v 0.666979 2.302309 -14.468342
v 0.734786 2.434152 -14.488462
v 0.635751 2.396671 -14.596178
v 0.894453 0.133114 -15.770969
v 0.916703 0.129464 -15.770039
v 0.982301 0.173719 -15.626813
v 0.820810 0.173719 -15.701209
v 0.916639 0.725420 -15.791986
v 0.917863 0.716732 -15.770686
v 0.981705 0.663875 -15.615122
v 0.994485 0.771342 -15.865727
v 1.066914 0.129619 -15.766006
v 0.994485 0.077958 -15.865727
v 1.069129 0.121407 -15.786926
v 1.180690 0.305197 -15.644881
v 1.159001 0.173719 -15.692052
v 1.192632 0.287906 -15.656549
v 1.065787 0.716564 -15.766719
v 1.167052 0.663875 -15.683553
v 1.088524 0.712779 -15.766453
v 1.089240 0.133113 -15.765698
v 1.090170 0.129463 -15.787947
v 1.233399 0.173719 -15.853542
v 0.994485 0.771342 -15.865727
v 1.068225 0.725420 -15.787882
v 1.089520 0.716733 -15.789105
v 1.245090 0.663875 -15.852946
v 1.073283 0.121406 -15.940370
v 1.094203 0.129619 -15.938154
v 0.994485 0.077958 -15.865727
v 1.215326 0.305197 -16.051933
v 1.168159 0.173719 -16.030243
v 1.203662 0.287905 -16.063873
v 1.093759 0.712778 -15.959766
v 1.093491 0.716565 -15.937030
v 1.176658 0.663875 -16.038294
v 1.094514 0.133112 -15.960482
v 1.072263 0.129463 -15.961411
v 1.006668 0.173719 -16.104641
v 1.071104 0.716733 -15.960762
v 1.007264 0.663875 -16.116331
v 1.026504 0.688544 -16.048592
v 1.027054 0.705601 -16.007626
v 0.994485 0.771342 -15.865727
v 1.072328 0.725421 -15.939465
v 0.922054 0.129618 -15.965446
v 0.994485 0.077958 -15.865727
v 0.919839 0.121407 -15.944527
v 0.808276 0.305197 -16.086567
v 0.829968 0.173719 -16.039402
v 0.796337 0.287906 -16.074903
v 0.821919 0.663875 -16.047899
v 0.900445 0.712778 -15.965001
v 0.923178 0.716564 -15.964732
v 0.923180 0.716564 -15.964732
v 0.894765 0.129619 -15.793298
v 0.755570 0.173719 -15.877910
v 0.994485 0.077958 -15.865727
v 0.915684 0.121407 -15.791081
v 0.773642 0.305197 -15.679520
v 0.820810 0.173719 -15.701209
v 0.785307 0.287905 -15.667580
v 0.895477 0.716564 -15.794421
v 0.743880 0.663875 -15.878505
v 0.812311 0.663875 -15.693160
v 0.895209 0.712777 -15.771685
v 1.340727 0.424650 -15.848070
v 1.297702 0.424650 -15.964600
v 1.286413 0.441298 -15.977489
v 0.915684 0.121407 -15.791081
v 0.916706 0.129464 -15.770039
v 1.295007 0.424650 -15.748827
v 1.282477 0.408272 -15.737194
v 1.194977 0.562437 -15.654074
v 1.206999 0.545508 -15.665133
v 0.793993 0.562434 -16.077379
v 0.781971 0.545506 -16.066315
v 0.648244 0.424650 -15.883381
v 0.877587 0.424650 -15.565204
v 0.865953 0.408272 -15.577732
v 0.976828 0.424650 -15.519485
v 0.812311 0.663875 -15.693160
v 0.782832 0.562435 -15.665235
v 0.793895 0.545507 -15.653212
v 0.691267 0.424650 -15.766854
v 0.702556 0.441297 -15.753965
v 0.693962 0.424650 -15.982620
v 0.706492 0.408271 -15.994254
v 1.093356 0.424650 -15.562508
v 1.106246 0.441298 -15.573794
v 1.012141 0.424650 -16.211967
v 0.895611 0.424650 -16.168943
v 0.882722 0.441298 -16.157654
v 1.194978 0.562433 -15.654073
v 1.111380 0.424650 -16.166248
v 1.123015 0.408271 -16.153719
v 0.994485 0.077958 -15.865727
v 0.895209 0.712777 -15.771685
v 1.089239 0.133113 -15.765696
v 1.123481 0.424650 -15.573629
v 1.106086 0.407959 -15.574212
v 1.201326 0.317425 -15.647369
v 1.232907 0.424650 -15.614032
v 0.994485 0.771342 -15.865727
v 1.068223 0.725420 -15.787883
v 1.069130 0.121407 -15.786926
v 0.994485 0.077958 -15.865727
v 1.088523 0.712779 -15.766454
v 1.094514 0.133112 -15.960482
v 1.286579 0.424650 -15.994724
v 1.285997 0.407959 -15.977328
v 1.212839 0.317424 -16.072567
v 1.246179 0.424650 -16.104149
v 1.072328 0.725421 -15.939465
v 0.994485 0.771342 -15.865727
v 1.073283 0.121406 -15.940370
v 0.994485 0.077958 -15.865727
v 1.093759 0.712778 -15.959766
v 0.899730 0.133112 -15.965755
v 0.865487 0.424650 -16.157820
v 0.882881 0.407959 -16.157238
v 0.787643 0.317425 -16.084080
v 0.756064 0.424650 -16.117418
v 0.994485 0.771342 -15.865727
v 0.920976 0.724578 -15.945582
v 0.920744 0.725419 -15.943573
v 0.898798 0.129463 -15.943503
v 0.919840 0.121407 -15.944526
v 0.994485 0.077958 -15.865727
v 0.899447 0.716733 -15.942347
v 0.900445 0.712778 -15.965001
v 0.894453 0.133114 -15.770969
v 0.702389 0.424650 -15.736729
v 0.702972 0.407959 -15.754123
v 0.776129 0.317425 -15.658885
v 0.742790 0.424650 -15.627304
v 0.916639 0.725420 -15.791986
v 0.994485 0.771342 -15.865727
v 1.214635 0.533193 -16.074268
v 1.217276 0.545338 -16.054211
v 1.206136 0.562436 -16.066217
v 1.205177 0.305026 -15.667512
v 1.281827 0.424650 -15.720219
v 1.282881 0.440986 -15.737015
v 1.203028 0.533192 -15.645574
v 0.785942 0.533191 -16.085876
v 0.707143 0.424650 -16.011232
v 0.706090 0.440986 -15.994437
v 0.776129 0.317425 -15.658885
v 0.796272 0.305027 -15.655033
v 0.848977 0.424650 -15.578384
v 0.742790 0.424650 -15.627304
v 0.785307 0.287905 -15.667580
v 0.865773 0.440986 -15.577331
v 0.774333 0.533191 -15.657184
v 0.774333 0.533191 -15.657184
v 0.771692 0.545337 -15.677241
v 0.782833 0.562435 -15.665234
v 0.783792 0.305027 -16.063938
v 1.182969 0.545338 -15.642934
v 1.194975 0.562435 -15.654073
v 0.805999 0.545337 -16.088518
v 1.123195 0.440986 -16.154121
v 1.139990 0.424650 -16.153070
v 1.195074 0.545506 -16.078241
v 1.214156 0.533495 -16.074364
v 1.192698 0.305025 -16.076420
v 0.796910 0.558278 -16.080088
v 1.203027 0.533194 -15.645575
v 0.994485 0.771342 -15.865727
v 0.920744 0.725419 -15.943573
v 1.195075 0.545508 -16.078241
v 1.195075 0.545507 -16.078241
v 1.203438 0.540242 -16.076544
v 1.447210 0.424650 -16.039047
v 1.285996 0.407959 -15.977328
v 1.447210 0.424650 -16.039047
v 1.297701 0.424650 -15.964598
v 1.129163 -0.023220 -15.993303
v 1.094202 0.129619 -15.938154
v 1.073282 0.121407 -15.940369
v 1.094202 0.129619 -15.938154
v 1.129163 -0.023220 -15.993303
v 1.094514 0.133113 -15.960480
v 1.192052 0.424650 -16.308407
v 1.123014 0.408271 -16.153719
v 1.192052 0.424650 -16.308407
v 1.139989 0.424650 -16.153069
v 0.859802 -0.023220 -15.738145
v 0.916705 0.129463 -15.770038
v 0.894452 0.133114 -15.770968
v 0.916704 0.129463 -15.770039
v 0.859802 -0.023220 -15.738145
v 0.915683 0.121407 -15.791080
v 1.437166 0.424650 -15.668156
v 1.282477 0.408272 -15.737192
v 1.437166 0.424650 -15.668156
v 1.281827 0.424650 -15.720219
v 0.793993 0.562435 -16.077374
v 0.686480 0.610164 -16.190872
v 0.781970 0.545506 -16.066313
v 0.686480 0.610164 -16.190872
v 0.785942 0.533190 -16.085875
v 0.781970 0.545506 -16.066313
v 0.686480 0.610164 -16.190872
v 0.805999 0.545337 -16.088518
v 0.686480 0.610164 -16.190872
v 0.793991 0.562435 -16.077377
v 0.796913 0.424650 -15.423041
v 0.865952 0.408271 -15.577732
v 0.796913 0.424650 -15.423041
v 0.848976 0.424650 -15.578384
v 0.920743 0.725420 -15.943568
v 0.866904 0.872520 -16.000406
v 0.899445 0.716732 -15.942346
v 0.866904 0.872520 -16.000406
v 0.900442 0.712778 -15.964999
v 0.899444 0.716732 -15.942346
v 0.866904 0.872520 -16.000406
v 0.923178 0.716564 -15.964732
v 0.900442 0.712778 -15.964999
v 0.923178 0.716564 -15.964732
v 0.866904 0.872520 -16.000406
v 0.920743 0.725420 -15.943568
v 0.541755 0.424650 -15.692403
v 0.702970 0.407959 -15.754123
v 0.541755 0.424650 -15.692403
v 0.691266 0.424650 -15.766853
v 0.551799 0.424650 -16.063293
v 0.706492 0.408271 -15.994254
v 0.551799 0.424650 -16.063293
v 0.707143 0.424650 -16.011230
v 1.167805 0.424650 -15.412997
v 1.106085 0.407959 -15.574212
v 1.167805 0.424650 -15.412997
v 1.093355 0.424650 -15.562508
v 0.821161 0.424650 -16.318453
v 0.882880 0.407959 -16.157238
v 0.821161 0.424650 -16.318453
v 0.895610 0.424650 -16.168943
v 1.203026 0.533192 -15.645573
v 1.302485 0.610164 -15.540576
v 1.182968 0.545339 -15.642931
v 1.302485 0.610164 -15.540576
v 1.194975 0.562436 -15.654072
v 1.182967 0.545339 -15.642931
v 1.069127 0.121407 -15.786925
v 1.122061 -0.023220 -15.731044
v 1.066912 0.129619 -15.766005
v 1.122061 -0.023220 -15.731044
v 1.089239 0.133113 -15.765694
v 1.066912 0.129619 -15.766005
v 1.088523 0.712778 -15.766449
v 1.122061 0.872520 -15.731044
v 1.065787 0.716564 -15.766718
v 1.122061 0.872520 -15.731044
v 1.068222 0.725420 -15.787882
v 1.065787 0.716564 -15.766718
v 1.192630 0.287905 -15.656548
v 1.302485 0.239136 -15.540576
v 1.180690 0.305197 -15.644881
v 1.302485 0.239136 -15.540576
v 0.669334 0.610164 -15.557722
v 0.793894 0.545506 -15.653210
v 0.782831 0.562435 -15.665234
v 0.793893 0.545506 -15.653212
v 0.669334 0.610164 -15.557722
v 0.774332 0.533191 -15.657183
v 0.859802 0.872520 -15.738145
v 0.917861 0.716732 -15.770687
v 0.916638 0.725420 -15.791986
v 0.917861 0.716732 -15.770687
v 0.859802 0.872520 -15.738145
v 0.895207 0.712777 -15.771685
v 1.319631 0.610164 -16.173727
v 1.217276 0.545338 -16.054209
v 1.214634 0.533192 -16.074268
v 1.319631 0.610164 -16.173727
v 0.899726 0.133114 -15.965755
v 0.866904 -0.023220 -16.000406
v 0.898796 0.129463 -15.943503
v 0.866904 -0.023220 -16.000406
v 0.919838 0.121407 -15.944525
v 0.898796 0.129463 -15.943503
v 0.866904 -0.023220 -16.000406
v 0.922053 0.129619 -15.965446
v 0.919838 0.121407 -15.944525
v 0.922053 0.129619 -15.965446
v 0.866904 -0.023220 -16.000406
v 0.899727 0.133113 -15.965755
v 0.787642 0.317426 -16.084080
v 0.686480 0.239136 -16.190872
v 0.783791 0.305027 -16.063938
v 0.686480 0.239136 -16.190872
v 0.796336 0.287906 -16.074902
v 0.783791 0.305027 -16.063938
v 0.686480 0.239136 -16.190872
v 0.808276 0.305197 -16.086567
v 0.796336 0.287906 -16.074902
v 0.686480 0.239136 -16.190872
v 1.319631 0.239136 -16.173727
v 1.215326 0.305197 -16.051931
v 1.203661 0.287905 -16.063873
v 1.319631 0.239136 -16.173727
v 0.669334 0.239136 -15.557722
v 0.796270 0.305027 -15.655031
v 0.776127 0.317425 -15.658884
v 0.796269 0.305027 -15.655032
v 0.669334 0.239136 -15.557722
v 0.785306 0.287906 -15.667578
v 1.129163 0.872520 -15.993303
v 1.093490 0.716564 -15.937029
v 1.093758 0.712778 -15.959764
v 1.093490 0.716564 -15.937029
v 1.129163 0.872520 -15.993303
v 1.072327 0.725421 -15.939465
v 0.859802 -0.023220 -15.738145
v 0.894763 0.129619 -15.793294
v 0.915683 0.121407 -15.791080
v 0.859802 -0.023220 -15.738145
v 0.894452 0.133114 -15.770968
v 0.894763 0.129619 -15.793294
v 0.796913 0.424650 -15.423041
v 0.865772 0.440986 -15.577331
v 0.848976 0.424650 -15.578384
v 0.796913 0.424650 -15.423041
v 0.877587 0.424650 -15.565203
v 0.865772 0.440986 -15.577331
v 0.669334 0.239136 -15.557722
v 0.773641 0.305197 -15.679517
v 0.785306 0.287906 -15.667578
v 0.669334 0.239136 -15.557722
v 0.776127 0.317425 -15.658884
v 0.773641 0.305197 -15.679517
v 0.669334 0.610164 -15.557722
v 0.771691 0.545337 -15.677243
v 0.774332 0.533191 -15.657183
v 0.669334 0.610164 -15.557722
v 0.782831 0.562435 -15.665234
v 0.771691 0.545337 -15.677241
v 0.859802 0.872520 -15.738145
v 0.895476 0.716563 -15.794421
v 0.895208 0.712777 -15.771685
v 0.859802 0.872520 -15.738145
v 0.916638 0.725420 -15.791986
v 0.895476 0.716563 -15.794421
v 1.122061 -0.023220 -15.731044
v 1.090169 0.129463 -15.787947
v 1.089238 0.133113 -15.765695
v 1.122061 -0.023220 -15.731044
v 1.069127 0.121407 -15.786925
v 1.090169 0.129463 -15.787947
v 1.167805 0.424650 -15.412997
v 1.106245 0.441298 -15.573794
v 1.093355 0.424650 -15.562508
v 1.167805 0.424650 -15.412997
v 1.123480 0.424650 -15.573628
v 1.106245 0.441298 -15.573794
v 1.302485 0.239136 -15.540576
v 1.205176 0.305026 -15.667509
v 1.201324 0.317425 -15.647369
v 1.302485 0.239136 -15.540576
v 1.192630 0.287905 -15.656548
v 1.205176 0.305026 -15.667509
v 1.302485 0.610164 -15.540576
v 1.206998 0.545507 -15.665133
v 1.194975 0.562436 -15.654072
v 1.302485 0.610164 -15.540576
v 1.203026 0.533192 -15.645573
v 1.206998 0.545507 -15.665133
v 1.122061 0.872520 -15.731044
v 1.089521 0.716733 -15.789104
v 1.068222 0.725420 -15.787882
v 1.122061 0.872520 -15.731044
v 1.088522 0.712778 -15.766450
v 1.089521 0.716733 -15.789104
v 1.437166 0.424650 -15.668156
v 1.282879 0.440986 -15.737013
v 1.281827 0.424650 -15.720219
v 1.437166 0.424650 -15.668156
v 1.295007 0.424650 -15.748827
v 1.282879 0.440986 -15.737013
v 1.129163 -0.023220 -15.993303
v 1.072261 0.129462 -15.961411
v 1.094513 0.133113 -15.960482
v 1.129163 -0.023220 -15.993303
v 1.073282 0.121407 -15.940369
v 1.072262 0.129462 -15.961411
v 1.447210 0.424650 -16.039047
v 1.286412 0.441297 -15.977488
v 1.297701 0.424650 -15.964598
v 1.447210 0.424650 -16.039047
v 1.286579 0.424650 -15.994721
v 1.286412 0.441297 -15.977488
v 1.319631 0.239136 -16.173727
v 1.192698 0.305026 -16.076420
v 1.212839 0.317425 -16.072567
v 1.319631 0.239136 -16.173727
v 1.203661 0.287905 -16.063873
v 1.192698 0.305026 -16.076420
v 1.319631 0.610164 -16.173727
v 1.195074 0.545507 -16.078239
v 1.206136 0.562436 -16.066217
v 1.319631 0.610164 -16.173727
v 1.214634 0.533192 -16.074268
v 1.195074 0.545507 -16.078239
v 1.129163 0.872520 -15.993303
v 1.071104 0.716733 -15.960762
v 1.072327 0.725421 -15.939465
v 1.129163 0.872520 -15.993303
v 1.093758 0.712778 -15.959764
v 1.071104 0.716733 -15.960762
v 1.192052 0.424650 -16.308407
v 1.123194 0.440986 -16.154121
v 1.139990 0.424650 -16.153067
v 1.192052 0.424650 -16.308407
v 1.111380 0.424650 -16.166248
v 1.123194 0.440986 -16.154121
v 0.821161 0.424650 -16.318453
v 0.882721 0.441298 -16.157654
v 0.895611 0.424650 -16.168941
v 0.821161 0.424650 -16.318453
v 0.865486 0.424650 -16.157818
v 0.882721 0.441298 -16.157654
v 0.551799 0.424650 -16.063293
v 0.706090 0.440986 -15.994433
v 0.707143 0.424650 -16.011230
v 0.551799 0.424650 -16.063293
v 0.693962 0.424650 -15.982620
v 0.706090 0.440986 -15.994433
v 0.541755 0.424650 -15.692403
v 0.702555 0.441298 -15.753963
v 0.691266 0.424650 -15.766853
v 0.541755 0.424650 -15.692403
v 0.702389 0.424650 -15.736729
v 0.702555 0.441298 -15.753963
v -0.504671 0.133114 -14.420711
v -0.482420 0.129464 -14.419781
v -0.416823 0.173719 -14.276553
v -0.578314 0.173719 -14.350950
v -0.482484 0.725420 -14.441728
v -0.481261 0.716732 -14.420427
v -0.417419 0.663875 -14.264862
v -0.404639 0.771342 -14.515469
v -0.332210 0.129619 -14.415748
v -0.404639 0.077959 -14.515469
v -0.329995 0.121408 -14.436667
v -0.218434 0.305197 -14.294622
v -0.240123 0.173719 -14.341793
v -0.206492 0.287906 -14.306290
v -0.333337 0.716564 -14.416460
v -0.232071 0.663875 -14.333293
v -0.310600 0.712779 -14.416193
v -0.309884 0.133113 -14.415437
v -0.308954 0.129463 -14.437688
v -0.165725 0.173719 -14.503284
v -0.404639 0.771342 -14.515469
v -0.330899 0.725420 -14.437623
v -0.309603 0.716733 -14.438847
v -0.154033 0.663875 -14.502687
v -0.325841 0.121407 -14.590111
v -0.304920 0.129619 -14.587896
v -0.404639 0.077959 -14.515469
v -0.183798 0.305197 -14.701675
v -0.230965 0.173719 -14.679985
v -0.195462 0.287905 -14.713615
v -0.305365 0.712779 -14.609508
v -0.305633 0.716565 -14.586771
v -0.222466 0.663875 -14.688035
v -0.304610 0.133113 -14.610222
v -0.326861 0.129463 -14.611154
v -0.392456 0.173719 -14.754383
v -0.328020 0.716734 -14.610503
v -0.391860 0.663875 -14.766074
v -0.372620 0.688544 -14.698332
v -0.372069 0.705602 -14.657366
v -0.404639 0.771342 -14.515469
v -0.326796 0.725421 -14.589206
v -0.477069 0.129618 -14.615187
v -0.404639 0.077959 -14.515469
v -0.479285 0.121407 -14.594268
v -0.590848 0.305197 -14.736310
v -0.569156 0.173719 -14.689143
v -0.602787 0.287906 -14.724645
v -0.577205 0.663875 -14.697640
v -0.498678 0.712778 -14.614742
v -0.475946 0.716564 -14.614473
v -0.475944 0.716564 -14.614473
v -0.504359 0.129619 -14.443039
v -0.643554 0.173719 -14.527651
v -0.404639 0.077959 -14.515469
v -0.483440 0.121407 -14.440823
v -0.625482 0.305198 -14.329260
v -0.578314 0.173719 -14.350950
v -0.613817 0.287906 -14.317319
v -0.503647 0.716564 -14.444162
v -0.655244 0.663875 -14.528246
v -0.586812 0.663875 -14.342901
v -0.503915 0.712778 -14.421426
v -0.058397 0.424650 -14.497811
v -0.101421 0.424650 -14.614340
v -0.112710 0.441298 -14.627229
v -0.483440 0.121407 -14.440823
v -0.482418 0.129464 -14.419781
v -0.104116 0.424650 -14.398568
v -0.116647 0.408272 -14.386934
v -0.204147 0.562437 -14.303815
v -0.192125 0.545508 -14.314875
v -0.605131 0.562434 -14.727119
v -0.617153 0.545506 -14.716055
v -0.750880 0.424650 -14.533122
v -0.521536 0.424650 -14.214945
v -0.533170 0.408272 -14.227474
v -0.422296 0.424650 -14.169227
v -0.586812 0.663875 -14.342901
v -0.616292 0.562436 -14.314977
v -0.605229 0.545507 -14.302952
v -0.707857 0.424650 -14.416595
v -0.696568 0.441298 -14.403707
v -0.705162 0.424650 -14.632361
v -0.692632 0.408271 -14.643995
v -0.305768 0.424650 -14.212249
v -0.292878 0.441298 -14.223536
v -0.386983 0.424650 -14.861709
v -0.503513 0.424650 -14.818686
v -0.516402 0.441298 -14.807395
v -0.204146 0.562434 -14.303814
v -0.287743 0.424650 -14.815989
v -0.276109 0.408272 -14.803460
v -0.404639 0.077959 -14.515469
v -0.503915 0.712778 -14.421426
v -0.309885 0.133113 -14.415437
v -0.275643 0.424650 -14.223371
v -0.293038 0.407959 -14.223952
v -0.197798 0.317425 -14.297111
v -0.166216 0.424650 -14.263773
v -0.404639 0.771342 -14.515469
v -0.330901 0.725420 -14.437624
v -0.329994 0.121407 -14.436667
v -0.404639 0.077959 -14.515469
v -0.310601 0.712780 -14.416195
v -0.304610 0.133113 -14.610222
v -0.112545 0.424650 -14.644464
v -0.113127 0.407959 -14.627069
v -0.186284 0.317425 -14.722308
v -0.152945 0.424650 -14.753889
v -0.326796 0.725421 -14.589206
v -0.404639 0.771342 -14.515469
v -0.325841 0.121407 -14.590111
v -0.404639 0.077959 -14.515469
v -0.305365 0.712779 -14.609508
v -0.499393 0.133112 -14.615497
v -0.533637 0.424650 -14.807560
v -0.516243 0.407959 -14.806978
v -0.611481 0.317425 -14.733822
v -0.643060 0.424650 -14.767160
v -0.404639 0.771342 -14.515469
v -0.478148 0.724578 -14.595324
v -0.478380 0.725419 -14.593314
v -0.500326 0.129463 -14.593244
v -0.479284 0.121407 -14.594267
v -0.404639 0.077959 -14.515469
v -0.499676 0.716733 -14.592089
v -0.498678 0.712778 -14.614742
v -0.504671 0.133114 -14.420711
v -0.696735 0.424650 -14.386469
v -0.696152 0.407959 -14.403864
v -0.622995 0.317425 -14.308626
v -0.656334 0.424650 -14.277045
v -0.482484 0.725420 -14.441728
v -0.404639 0.771342 -14.515469
v -0.184489 0.533193 -14.724010
v -0.181848 0.545338 -14.703951
v -0.192988 0.562436 -14.715959
v -0.193947 0.305026 -14.317250
v -0.117296 0.424650 -14.369960
v -0.116243 0.440987 -14.386755
v -0.196096 0.533193 -14.295315
v -0.613182 0.533191 -14.735618
v -0.691981 0.424650 -14.660973
v -0.693034 0.440986 -14.644177
v -0.622995 0.317425 -14.308626
v -0.602852 0.305027 -14.304775
v -0.550146 0.424650 -14.228126
v -0.656334 0.424650 -14.277045
v -0.613817 0.287906 -14.317319
v -0.533351 0.440986 -14.227072
v -0.624790 0.533191 -14.306926
v -0.624790 0.533191 -14.306926
v -0.627432 0.545337 -14.326982
v -0.616291 0.562436 -14.314974
v -0.615332 0.305027 -14.713679
v -0.216155 0.545338 -14.292675
v -0.204148 0.562435 -14.303814
v -0.593124 0.545338 -14.738258
v -0.275929 0.440987 -14.803864
v -0.259134 0.424650 -14.802809
v -0.204050 0.545506 -14.727983
v -0.184968 0.533495 -14.724105
v -0.206426 0.305025 -14.726161
v -0.602214 0.558278 -14.729828
v -0.196097 0.533194 -14.295316
v -0.404639 0.771342 -14.515469
v -0.478380 0.725419 -14.593314
v -0.204049 0.545508 -14.727982
v -0.204049 0.545508 -14.727982
v -0.195686 0.540243 -14.726283
v 0.048086 0.424650 -14.688788
v -0.113127 0.407960 -14.627069
v 0.048086 0.424650 -14.688788
v -0.101423 0.424650 -14.614339
v -0.269960 -0.023219 -14.643044
v -0.304922 0.129619 -14.587896
v -0.325842 0.121407 -14.590110
v -0.304922 0.129619 -14.587896
v -0.269960 -0.023219 -14.643044
v -0.304610 0.133113 -14.610221
v -0.207072 0.424650 -14.958149
v -0.276110 0.408272 -14.803460
v -0.207072 0.424650 -14.958149
v -0.259135 0.424650 -14.802809
v -0.539322 -0.023219 -14.387886
v -0.482419 0.129464 -14.419779
v -0.504672 0.133114 -14.420710
v -0.482420 0.129464 -14.419781
v -0.539322 -0.023219 -14.387886
v -0.483441 0.121408 -14.440822
v 0.038042 0.424650 -14.317897
v -0.116647 0.408272 -14.386933
v 0.038042 0.424650 -14.317897
v -0.117297 0.424650 -14.369957
v -0.605131 0.562435 -14.727116
v -0.712644 0.610164 -14.840615
v -0.617154 0.545506 -14.716054
v -0.712644 0.610164 -14.840615
v -0.613182 0.533190 -14.735617
v -0.617154 0.545506 -14.716054
v -0.712644 0.610164 -14.840615
v -0.593125 0.545338 -14.738258
v -0.712644 0.610164 -14.840615
v -0.605133 0.562435 -14.727118
v -0.602211 0.424650 -14.072782
v -0.533172 0.408272 -14.227474
v -0.602211 0.424650 -14.072782
v -0.550147 0.424650 -14.228126
v -0.478380 0.725420 -14.593309
v -0.532220 0.872520 -14.650146
v -0.499679 0.716733 -14.592086
v -0.532220 0.872520 -14.650146
v -0.498681 0.712778 -14.614739
v -0.499680 0.716733 -14.592087
v -0.532220 0.872520 -14.650146
v -0.475946 0.716564 -14.614473
v -0.498681 0.712778 -14.614739
v -0.475946 0.716564 -14.614473
v -0.532220 0.872520 -14.650146
v -0.478380 0.725421 -14.593309
v -0.857369 0.424650 -14.342144
v -0.696154 0.407959 -14.403864
v -0.857369 0.424650 -14.342144
v -0.707858 0.424650 -14.416595
v -0.847325 0.424650 -14.713036
v -0.692632 0.408271 -14.643995
v -0.847325 0.424650 -14.713036
v -0.691981 0.424650 -14.660972
v -0.231319 0.424650 -14.062738
v -0.293038 0.407960 -14.223952
v -0.231319 0.424650 -14.062738
v -0.305769 0.424650 -14.212249
v -0.577963 0.424650 -14.968194
v -0.516243 0.407959 -14.806978
v -0.577963 0.424650 -14.968194
v -0.503514 0.424650 -14.818684
v -0.196098 0.533192 -14.295314
v -0.096639 0.610164 -14.190317
v -0.216156 0.545339 -14.292673
v -0.096639 0.610164 -14.190317
v -0.204149 0.562436 -14.303813
v -0.216157 0.545339 -14.292673
v -0.329997 0.121407 -14.436666
v -0.277062 -0.023219 -14.380785
v -0.332212 0.129619 -14.415746
v -0.277062 -0.023219 -14.380785
v -0.309885 0.133114 -14.415435
v -0.332212 0.129619 -14.415746
v -0.310601 0.712778 -14.416190
v -0.277062 0.872520 -14.380785
v -0.333337 0.716564 -14.416459
v -0.277062 0.872520 -14.380785
v -0.330902 0.725421 -14.437623
v -0.333337 0.716564 -14.416459
v -0.206494 0.287906 -14.306289
v -0.096639 0.239137 -14.190317
v -0.218434 0.305197 -14.294622
v -0.096639 0.239137 -14.190317
v -0.729790 0.610164 -14.207463
v -0.605230 0.545507 -14.302951
v -0.616293 0.562435 -14.314974
v -0.605231 0.545507 -14.302952
v -0.729790 0.610164 -14.207463
v -0.624792 0.533191 -14.306924
v -0.539322 0.872520 -14.387886
v -0.481263 0.716732 -14.420427
v -0.482485 0.725420 -14.441727
v -0.481263 0.716732 -14.420429
v -0.539322 0.872520 -14.387886
v -0.503916 0.712778 -14.421425
v -0.079493 0.610164 -14.823468
v -0.181848 0.545339 -14.703950
v -0.184490 0.533192 -14.724010
v -0.079493 0.610164 -14.823468
v -0.499397 0.133114 -14.615497
v -0.532220 -0.023219 -14.650146
v -0.500328 0.129464 -14.593244
v -0.532220 -0.023219 -14.650146
v -0.479286 0.121407 -14.594266
v -0.500328 0.129464 -14.593244
v -0.532220 -0.023219 -14.650146
v -0.477071 0.129619 -14.615187
v -0.479286 0.121407 -14.594266
v -0.477071 0.129619 -14.615187
v -0.532220 -0.023219 -14.650146
v -0.499396 0.133113 -14.615497
v -0.611482 0.317426 -14.733821
v -0.712644 0.239136 -14.840615
v -0.615333 0.305027 -14.713678
v -0.712644 0.239136 -14.840615
v -0.602788 0.287906 -14.724643
v -0.615333 0.305027 -14.713678
v -0.712644 0.239136 -14.840615
v -0.590848 0.305197 -14.736307
v -0.602788 0.287906 -14.724643
v -0.712644 0.239136 -14.840615
v -0.079493 0.239136 -14.823468
v -0.183798 0.305197 -14.701673
v -0.195463 0.287905 -14.713614
v -0.079493 0.239136 -14.823468
v -0.729790 0.239137 -14.207463
v -0.602854 0.305027 -14.304772
v -0.622997 0.317426 -14.308625
v -0.602855 0.305027 -14.304773
v -0.729790 0.239137 -14.207463
v -0.613818 0.287906 -14.317319
v -0.269960 0.872520 -14.643044
v -0.305634 0.716565 -14.586770
v -0.305366 0.712779 -14.609505
v -0.305634 0.716565 -14.586770
v -0.269960 0.872520 -14.643044
v -0.326797 0.725421 -14.589206
v -0.539322 -0.023219 -14.387886
v -0.504361 0.129620 -14.443035
v -0.483441 0.121408 -14.440822
v -0.539322 -0.023219 -14.387886
v -0.504672 0.133114 -14.420710
v -0.504361 0.129620 -14.443035
v -0.602211 0.424650 -14.072782
v -0.533352 0.440986 -14.227072
v -0.550147 0.424650 -14.228126
v -0.602211 0.424650 -14.072782
v -0.521537 0.424650 -14.214944
v -0.533352 0.440986 -14.227072
v -0.729790 0.239137 -14.207463
v -0.625483 0.305198 -14.329258
v -0.613818 0.287906 -14.317319
v -0.729790 0.239137 -14.207463
v -0.622997 0.317426 -14.308625
v -0.625483 0.305198 -14.329258
v -0.729790 0.610164 -14.207463
v -0.627433 0.545338 -14.326982
v -0.624792 0.533191 -14.306924
v -0.729790 0.610164 -14.207463
v -0.616293 0.562435 -14.314974
v -0.627433 0.545338 -14.326982
v -0.539322 0.872520 -14.387886
v -0.503648 0.716564 -14.444160
v -0.503916 0.712778 -14.421426
v -0.539322 0.872520 -14.387886
v -0.482485 0.725420 -14.441727
v -0.503648 0.716564 -14.444160
v -0.277062 -0.023219 -14.380785
v -0.308955 0.129463 -14.437688
v -0.309886 0.133114 -14.415436
v -0.277062 -0.023219 -14.380785
v -0.329997 0.121407 -14.436666
v -0.308955 0.129463 -14.437688
v -0.231319 0.424650 -14.062738
v -0.292879 0.441298 -14.223536
v -0.305769 0.424650 -14.212249
v -0.231319 0.424650 -14.062738
v -0.275644 0.424650 -14.223370
v -0.292879 0.441298 -14.223536
v -0.096639 0.239137 -14.190317
v -0.193948 0.305026 -14.317250
v -0.197800 0.317425 -14.297111
v -0.096639 0.239137 -14.190317
v -0.206494 0.287906 -14.306289
v -0.193948 0.305026 -14.317250
v -0.096639 0.610164 -14.190317
v -0.192126 0.545508 -14.314874
v -0.204149 0.562436 -14.303813
v -0.096639 0.610164 -14.190317
v -0.196098 0.533192 -14.295314
v -0.192126 0.545508 -14.314874
v -0.277062 0.872520 -14.380785
v -0.309603 0.716733 -14.438846
v -0.330902 0.725421 -14.437623
v -0.277062 0.872520 -14.380785
v -0.310602 0.712778 -14.416192
v -0.309603 0.716733 -14.438843
v 0.038042 0.424650 -14.317897
v -0.116245 0.440986 -14.386754
v -0.117297 0.424650 -14.369957
v 0.038042 0.424650 -14.317897
v -0.104117 0.424650 -14.398568
v -0.116245 0.440986 -14.386754
v -0.269960 -0.023219 -14.643044
v -0.326863 0.129463 -14.611154
v -0.304611 0.133113 -14.610221
v -0.269960 -0.023219 -14.643044
v -0.325842 0.121407 -14.590110
v -0.326862 0.129463 -14.611152
v 0.048086 0.424650 -14.688788
v -0.112712 0.441298 -14.627229
v -0.101423 0.424650 -14.614339
v 0.048086 0.424650 -14.688788
v -0.112545 0.424650 -14.644463
v -0.112712 0.441298 -14.627229
v -0.079493 0.239136 -14.823468
v -0.206426 0.305026 -14.726160
v -0.186285 0.317425 -14.722307
v -0.079493 0.239136 -14.823468
v -0.195463 0.287905 -14.713614
v -0.206426 0.305026 -14.726160
v -0.079493 0.610164 -14.823468
v -0.204050 0.545507 -14.727981
v -0.192988 0.562436 -14.715958
v -0.079493 0.610164 -14.823468
v -0.184490 0.533192 -14.724010
v -0.204050 0.545507 -14.727981
v -0.269960 0.872520 -14.643044
v -0.328020 0.716733 -14.610503
v -0.326797 0.725421 -14.589206
v -0.269960 0.872520 -14.643044
v -0.305366 0.712779 -14.609505
v -0.328020 0.716733 -14.610503
v -0.207072 0.424650 -14.958149
v -0.275930 0.440986 -14.803864
v -0.259134 0.424650 -14.802808
v -0.207072 0.424650 -14.958149
v -0.287744 0.424650 -14.815989
v -0.275930 0.440986 -14.803864
v -0.577963 0.424650 -14.968194
v -0.516403 0.441298 -14.807394
v -0.503513 0.424650 -14.818683
v -0.577963 0.424650 -14.968194
v -0.533638 0.424650 -14.807559
v -0.516403 0.441298 -14.807394
v -0.847325 0.424650 -14.713036
v -0.693034 0.440986 -14.644175
v -0.691981 0.424650 -14.660972
v -0.847325 0.424650 -14.713036
v -0.705162 0.424650 -14.632361
v -0.693034 0.440986 -14.644175
v -0.857369 0.424650 -14.342144
v -0.696568 0.441298 -14.403703
v -0.707858 0.424650 -14.416595
v -0.857369 0.424650 -14.342144
v -0.696735 0.424650 -14.386469
v -0.696568 0.441298 -14.403703
v 0.765756 -0.175977 -1.767711
v 0.765813 -0.180356 -1.704309
v 0.829249 -0.178726 -1.767957
v 0.829306 -0.183105 -1.704555
v 0.892799 -0.185853 -1.704802
v 0.892742 -0.181475 -1.768203
v 0.765700 -0.171598 -1.831113
v 0.829193 -0.174347 -1.831359
v 0.892686 -0.177096 -1.831606
v 0.765772 -0.185008 -1.631169
v 0.765776 -0.189159 -1.567752
v 0.829249 -0.188098 -1.631376
v 0.829254 -0.192249 -1.567958
v 0.892731 -0.195339 -1.568165
v 0.892727 -0.191188 -1.631583
v 0.765767 -0.180857 -1.694587
v 0.829245 -0.183947 -1.694793
v 0.892722 -0.187037 -1.695000
v 0.769296 -0.194524 -1.494799
v 0.769289 -0.198675 -1.431381
v 0.832765 -0.197780 -1.495005
v 0.832759 -0.201930 -1.431588
v 0.896228 -0.205186 -1.431795
v 0.896234 -0.201035 -1.495212
v 0.769302 -0.190374 -1.558216
v 0.832771 -0.193629 -1.558423
v 0.896240 -0.196885 -1.558630
v 0.770365 -0.203570 -1.357714
v 0.770381 -0.207634 -1.294291
v 0.833851 -0.206488 -1.357917
v 0.833866 -0.210552 -1.294494
v 0.897352 -0.213471 -1.294696
v 0.897336 -0.209407 -1.358119
v 0.770349 -0.199506 -1.421137
v 0.833835 -0.202424 -1.421340
v 0.897321 -0.205342 -1.421542
v 0.770370 -0.211938 -1.218858
v 0.770379 -0.215779 -1.155421
v 0.833851 -0.214965 -1.219050
v 0.833859 -0.218806 -1.155613
v 0.897340 -0.221833 -1.155805
v 0.897331 -0.217992 -1.219242
v 0.770361 -0.208097 -1.282295
v 0.833842 -0.211124 -1.282487
v 0.897323 -0.214151 -1.282679
v 0.773897 -0.220784 -1.081445
v 0.773891 -0.224944 -1.018028
v 0.837366 -0.224040 -1.081652
v 0.837360 -0.228200 -1.018236
v 0.900829 -0.231455 -1.018443
v 0.900836 -0.227295 -1.081860
v 0.773903 -0.216624 -1.144862
v 0.837373 -0.219880 -1.145069
v 0.900842 -0.223135 -1.145276
v 0.773491 -0.229952 -0.942889
v 0.773507 -0.233727 -0.879448
v 0.836977 -0.232875 -0.943078
v 0.836992 -0.236649 -0.879637
v 0.900478 -0.239571 -0.879826
v 0.900462 -0.235797 -0.943267
v 0.773475 -0.226178 -1.006330
v 0.836961 -0.229101 -1.006519
v 0.900447 -0.232023 -1.006708
v 0.773521 -0.238582 -0.801491
v 0.773498 -0.242734 -0.738074
v 0.836977 -0.242102 -0.801698
v 0.836953 -0.246253 -0.738280
v 0.900408 -0.249772 -0.738487
v 0.900432 -0.245621 -0.801904
v 0.773545 -0.234431 -0.864908
v 0.837000 -0.237950 -0.865115
v 0.900455 -0.241470 -0.865322
v 0.777054 -0.249957 -0.662409
v 0.777003 -0.255018 -0.599058
v 0.840492 -0.253763 -0.662663
v 0.840442 -0.258824 -0.599312
v 0.903880 -0.262630 -0.599565
v 0.903931 -0.257569 -0.662917
v 0.777104 -0.244895 -0.725761
v 0.840543 -0.248701 -0.726014
v 0.903981 -0.252507 -0.726268
v 0.778154 -0.262159 -0.520354
v 0.778073 -0.267622 -0.457036
v 0.841578 -0.266194 -0.520621
v 0.841497 -0.271657 -0.457303
v 0.904921 -0.275692 -0.457570
v 0.905002 -0.270229 -0.520888
v 0.778235 -0.256696 -0.583672
v 0.841659 -0.260731 -0.583939
v 0.905083 -0.264766 -0.584206
v 0.778157 -0.275528 -0.378185
v 0.778059 -0.281801 -0.314943
v 0.841578 -0.279607 -0.378492
v 0.841480 -0.285881 -0.315250
v 0.904902 -0.289960 -0.315557
v 0.904999 -0.283687 -0.378799
v 0.778254 -0.269254 -0.441428
v 0.841675 -0.273333 -0.441735
v 0.905097 -0.277413 -0.442042
v 0.781717 -0.289705 -0.236793
v 0.781536 -0.296488 -0.173603
v 0.845094 -0.294424 -0.237118
v 0.844913 -0.301207 -0.173929
v 0.908290 -0.305927 -0.174254
v 0.908470 -0.299143 -0.237444
v 0.781898 -0.282921 -0.299983
v 0.845274 -0.287641 -0.300308
v 0.908651 -0.292360 -0.300634
v 0.781722 -0.306453 -0.094984
v 0.781696 -0.314250 -0.031911
v 0.845094 -0.311219 -0.095547
v 0.845068 -0.319016 -0.032474
v 0.908439 -0.323782 -0.033037
v 0.908465 -0.315984 -0.096110
v 0.781748 -0.298655 -0.158057
v 0.845120 -0.303421 -0.158620
v 0.908491 -0.308187 -0.159183
v 4.620403 0.018843 0.731071
v 4.683956 0.018843 0.731071
v 4.620403 0.018843 0.667518
v 4.683956 0.018843 0.667518
v 4.683956 0.018843 0.603965
v 4.620403 0.018843 0.603965
v 4.556850 0.018843 0.731071
v 4.556850 0.018843 0.667518
v 4.556850 0.018843 0.603965
v 4.620403 0.018843 0.864556
v 4.683956 0.018843 0.864556
v 4.620403 0.018843 0.801003
v 4.683956 0.018843 0.801003
v 4.683956 0.018843 0.737450
v 4.620403 0.018843 0.737450
v 4.556850 0.018843 0.864556
v 4.556850 0.018843 0.801003
v 4.556850 0.018843 0.737450
v 4.992567 0.018843 0.731071
v 5.056120 0.018843 0.731071
v 4.992567 0.018843 0.667518
v 5.056120 0.018843 0.667518
v 5.056120 0.018843 0.603965
v 4.992567 0.018843 0.603965
v 4.929014 0.018843 0.731071
v 4.929014 0.018843 0.667518
v 4.929014 0.018843 0.603965
v 4.992567 0.018843 0.864556
v 5.056120 0.018843 0.864556
v 4.992567 0.018843 0.801003
v 5.056120 0.018843 0.801003
v 5.056120 0.018843 0.737450
v 4.992567 0.018843 0.737450
v 4.929014 0.018843 0.864556
v 4.929014 0.018843 0.801003
v 4.929014 0.018843 0.737450
v 6.930936 0.018843 0.477896
v 6.994490 0.018843 0.477897
v 6.930936 0.018843 0.414343
v 6.994489 0.018843 0.414343
v 6.994489 0.018843 0.350790
v 6.930936 0.018843 0.350790
v 6.867383 0.018843 0.477897
v 6.867383 0.018843 0.414344
v 6.867383 0.018843 0.350790
v 6.930936 0.018843 0.611381
v 6.994490 0.018843 0.611382
v 6.930936 0.018843 0.547828
v 6.994489 0.018843 0.547828
v 6.994489 0.018843 0.484275
v 6.930936 0.018843 0.484275
v 6.867383 0.018843 0.611381
v 6.867383 0.018843 0.547828
v 6.867383 0.018843 0.484275
v 9.907312 0.436300 0.597284
v 9.970865 0.436299 0.597284
v 9.907312 0.436300 0.533731
v 9.970865 0.436300 0.533731
v 9.970865 0.436300 0.470178
v 9.907312 0.436299 0.470178
v 9.843760 0.436300 0.597284
v 9.843760 0.436300 0.533731
v 9.843760 0.436300 0.470178
v 9.907312 0.436300 0.730769
v 9.970865 0.436300 0.730769
v 9.907312 0.436300 0.667216
v 9.970865 0.436300 0.667216
v 9.970865 0.436300 0.603663
v 9.907312 0.436299 0.603663
v 9.843760 0.436300 0.730769
v 9.843760 0.436300 0.667216
v 9.843760 0.436300 0.603663
v 10.301209 0.436300 0.597284
v 10.364762 0.436299 0.597284
v 10.301209 0.436299 0.533731
v 10.364762 0.436299 0.533731
v 10.364762 0.436299 0.470178
v 10.301209 0.436299 0.470178
v 10.237657 0.436299 0.597284
v 10.237657 0.436299 0.533731
v 10.237657 0.436300 0.470178
v 10.301209 0.436300 0.730769
v 10.364762 0.436299 0.730769
v 10.301209 0.436300 0.667216
v 10.364762 0.436300 0.667216
v 10.364762 0.436299 0.603663
v 10.301209 0.436299 0.603663
v 10.237657 0.436300 0.730769
v 10.237657 0.436299 0.667216
v 10.237657 0.436300 0.603663
v 11.289169 0.466765 -4.241760
v 11.289241 0.468395 -4.305293
v 11.225665 0.469282 -4.241767
v 11.225737 0.470912 -4.305299
v 11.162233 0.473428 -4.305306
v 11.162162 0.471798 -4.241774
v 11.289099 0.465135 -4.178228
v 11.225594 0.467652 -4.178235
v 11.162091 0.470168 -4.178242
v 11.369503 0.485167 -5.056140
v 11.369596 0.486917 -5.119669
v 11.306037 0.488490 -5.056140
v 11.306129 0.490240 -5.119669
v 11.242662 0.493562 -5.119669
v 11.242571 0.491812 -5.056140
v 11.369411 0.483417 -4.992611
v 11.305945 0.486740 -4.992611
v 11.242480 0.490062 -4.992611
v 11.289133 0.507609 -5.780681
v 11.289224 0.509359 -5.844210
v 11.225665 0.510931 -5.780681
v 11.225757 0.512681 -5.844210
v 11.162291 0.516004 -5.844210
v 11.162199 0.514254 -5.780681
v 11.289041 0.505859 -5.717152
v 11.225574 0.509182 -5.717152
v 11.162107 0.512504 -5.717152
v 11.369507 0.523842 -6.544493
v 11.369597 0.525592 -6.608022
v 11.306038 0.527132 -6.544493
v 11.306129 0.528882 -6.608022
v 11.242661 0.532172 -6.608022
v 11.242570 0.530422 -6.544493
v 11.369416 0.522092 -6.480964
v 11.305948 0.525382 -6.480964
v 11.242480 0.528672 -6.480964
v 12.476058 0.436299 -2.856788
v 12.476056 0.436299 -2.920341
v 12.412504 0.436299 -2.856788
v 12.412503 0.436299 -2.920341
v 12.348951 0.436299 -2.920341
v 12.348951 0.436299 -2.856788
v 12.476056 0.436299 -2.793235
v 12.412504 0.436299 -2.793235
v 12.348951 0.436299 -2.793235
v 12.476058 0.436299 -3.157956
v 12.476058 0.436299 -3.221509
v 12.412504 0.436299 -3.157956
v 12.412504 0.436299 -3.221509
v 12.348952 0.436299 -3.221509
v 12.348951 0.436299 -3.157956
v 12.476058 0.436299 -3.094403
v 12.412506 0.436299 -3.094403
v 12.348952 0.436299 -3.094403
v 12.476058 0.436299 -3.459123
v 12.476058 0.436299 -3.522676
v 12.412504 0.436299 -3.459123
v 12.412503 0.436299 -3.522676
v 12.348951 0.436299 -3.522676
v 12.348951 0.436299 -3.459123
v 12.476056 0.436299 -3.395570
v 12.412504 0.436299 -3.395570
v 12.348951 0.436299 -3.395570
v 12.476058 0.436299 -3.760291
v 12.476056 0.436299 -3.823844
v 12.412504 0.436299 -3.760291
v 12.412503 0.436299 -3.823844
v 12.348951 0.436299 -3.823844
v 12.348950 0.436299 -3.760291
v 12.476056 0.436299 -3.696738
v 12.412504 0.436299 -3.696738
v 12.348951 0.436299 -3.696738
v 12.476058 0.436299 -4.047451
v 12.476056 0.436299 -4.111004
v 12.412504 0.436299 -4.047451
v 12.412503 0.436299 -4.111003
v 12.348951 0.436299 -4.111004
v 12.348951 0.436299 -4.047451
v 12.476056 0.436299 -3.983897
v 12.412504 0.436299 -3.983897
v 12.348951 0.436299 -3.983897
v 12.476058 0.436299 -4.334610
v 12.476058 0.436299 -4.398163
v 12.412504 0.436299 -4.334610
v 12.412504 0.436299 -4.398163
v 12.348952 0.436299 -4.398163
v 12.348951 0.436299 -4.334610
v 12.476058 0.436299 -4.271057
v 12.412506 0.436299 -4.271057
v 12.348951 0.436299 -4.271057
v 12.476058 0.436299 -4.649785
v 12.476058 0.436299 -4.713338
v 12.412504 0.436299 -4.649785
v 12.412504 0.436299 -4.713338
v 12.348951 0.436299 -4.713338
v 12.348951 0.436299 -4.649785
v 12.476058 0.436299 -4.586232
v 12.412504 0.436299 -4.586232
v 12.348951 0.436299 -4.586232
v 12.476058 0.436299 -4.950953
v 12.476056 0.436299 -5.014506
v 12.412504 0.436299 -4.950953
v 12.412503 0.436299 -5.014505
v 12.348951 0.436299 -5.014505
v 12.348951 0.436299 -4.950953
v 12.476056 0.436299 -4.887400
v 12.412504 0.436299 -4.887400
v 12.348951 0.436299 -4.887400
v 12.476058 0.436299 -5.231108
v 12.476058 0.436299 -5.294662
v 12.412504 0.436299 -5.231108
v 12.412503 0.436299 -5.294661
v 12.348951 0.436299 -5.294662
v 12.348951 0.436299 -5.231109
v 12.476056 0.436299 -5.167555
v 12.412504 0.436299 -5.167555
v 12.348951 0.436299 -5.167555
v 12.476058 0.436299 -5.518268
v 12.476058 0.436298 -5.581820
v 12.412504 0.436299 -5.518268
v 12.412504 0.436298 -5.581820
v 12.348952 0.436299 -5.581820
v 12.348951 0.436299 -5.518268
v 12.476058 0.436299 -5.454715
v 12.412506 0.436299 -5.454715
v 12.348952 0.436299 -5.454715
v 12.476058 0.436298 -5.791420
v 12.476058 0.436298 -5.854973
v 12.412504 0.436298 -5.791420
v 12.412504 0.436298 -5.854973
v 12.348952 0.436298 -5.854973
v 12.348951 0.436298 -5.791420
v 12.476058 0.436298 -5.727867
v 12.412506 0.436298 -5.727867
v 12.348952 0.436298 -5.727867
v 12.476058 0.436298 -6.057568
v 12.476058 0.436298 -6.121121
v 12.412504 0.436298 -6.057568
v 12.412504 0.436298 -6.121121
v 12.348952 0.436298 -6.121121
v 12.348951 0.436298 -6.057568
v 12.476058 0.436298 -5.994015
v 12.412506 0.436298 -5.994015
v 12.348952 0.436298 -5.994015
v 12.476058 0.436298 -6.351731
v 12.476056 0.436298 -6.415285
v 12.412504 0.436298 -6.351731
v 12.412503 0.436298 -6.415284
v 12.348951 0.436298 -6.415285
v 12.348951 0.436298 -6.351731
v 12.476056 0.436298 -6.288178
v 12.412504 0.436298 -6.288178
v 12.348951 0.436298 -6.288178
v 12.476058 0.436298 -6.645895
v 12.476058 0.436298 -6.709448
v 12.412504 0.436298 -6.645895
v 12.412504 0.436298 -6.709448
v 12.348952 0.436298 -6.709448
v 12.348951 0.436298 -6.645895
v 12.476058 0.436298 -6.582342
v 12.412506 0.436298 -6.582342
v 12.348952 0.436298 -6.582342
v 12.476058 0.436298 -6.933054
v 12.476056 0.436298 -6.996608
v 12.412504 0.436298 -6.933054
v 12.412503 0.436298 -6.996608
v 12.348951 0.436298 -6.996607
v 12.348951 0.436298 -6.933054
v 12.476056 0.436298 -6.869501
v 12.412504 0.436298 -6.869502
v 12.348951 0.436298 -6.869501
v 0.297337 0.008235 -3.395318
v 0.297337 0.079781 -3.395318
v 0.319867 0.008235 -3.417848
v 0.319867 0.079781 -3.417848
v 0.319867 0.008235 -3.417848
v 0.319867 0.079781 -3.417848
v 0.342398 0.008235 -3.395318
v 0.342398 0.079781 -3.395318
v 0.342398 0.008235 -3.395318
v 0.342398 0.079781 -3.395318
v 0.319867 0.008235 -3.372788
v 0.319867 0.079781 -3.372788
v 0.319867 0.008235 -3.372788
v 0.319867 0.079781 -3.372788
v 0.297337 0.008235 -3.395318
v 0.297337 0.079781 -3.395318
v 0.319867 0.008235 -3.417848
v 0.319867 0.008235 -3.372788
v 0.297337 0.008235 -3.395318
v 0.342398 0.008235 -3.395318
v 0.297337 0.079781 -3.395318
v 0.342398 0.079781 -3.395318
v 0.319867 0.079781 -3.417848
v 0.319867 0.079781 -3.372788
v 0.942774 0.008235 -3.395318
v 0.942774 0.079781 -3.395318
v 0.965304 0.008235 -3.417848
v 0.965304 0.079781 -3.417848
v 0.965304 0.008235 -3.417848
v 0.965304 0.079781 -3.417848
v 0.987835 0.008235 -3.395318
v 0.987835 0.079781 -3.395318
v 0.987835 0.008235 -3.395318
v 0.987835 0.079781 -3.395318
v 0.965304 0.008235 -3.372788
v 0.965304 0.079781 -3.372788
v 0.965304 0.008235 -3.372788
v 0.965304 0.079781 -3.372788
v 0.942774 0.008235 -3.395318
v 0.942774 0.079781 -3.395318
v 0.965304 0.008235 -3.417848
v 0.965304 0.008235 -3.372788
v 0.942774 0.008235 -3.395318
v 0.987835 0.008235 -3.395318
v 0.942774 0.079781 -3.395318
v 0.987835 0.079781 -3.395318
v 0.965304 0.079781 -3.417848
v 0.965304 0.079781 -3.372788
v 1.055112 -0.076554 -5.751288
v 1.055112 -0.076554 -5.878738
v 1.055112 0.050896 -5.815014
v 1.055112 0.050896 -5.751288
v 1.055112 0.050896 -5.878738
v 1.055112 -0.076554 -5.878738
v 0.927661 -0.076554 -5.878738
v 0.991386 0.050896 -5.878738
v 1.055112 0.050896 -5.878738
v 0.927661 0.050896 -5.878738
v 0.927661 -0.076554 -5.878738
v 0.927661 -0.076554 -5.751288
v 0.927661 0.050896 -5.815014
v 0.927661 0.050896 -5.878738
v 0.927661 0.050896 -5.751288
v 1.055112 -0.076554 -5.751288
v 0.927661 -0.076554 -5.751288
v 0.927661 -0.076554 -5.878738
v 1.055112 -0.076554 -5.878738
v 0.991386 0.050896 -5.815014
v 0.959524 0.082759 -5.846876
v 0.927661 0.050896 -5.815014
v 0.959524 0.082759 -5.846876
v 0.991386 0.050896 -5.815014
v 0.991386 0.050896 -5.878738
v 0.959524 0.082759 -5.846876
v 0.991386 0.050896 -5.878738
v 0.927661 0.050896 -5.878738
v 0.927661 0.050896 -5.878738
v 0.927661 0.050896 -5.815014
v 0.959524 0.082759 -5.846876
v 1.055112 0.050896 -5.815014
v 1.023249 0.082759 -5.846876
v 1.023249 0.082759 -5.846876
v 1.055112 0.050896 -5.815014
v 1.055112 0.050896 -5.878738
v 1.055112 0.050896 -5.878738
v 1.023249 0.082759 -5.846876
v 0.991386 0.050896 -5.815014
v 1.023249 0.082759 -5.846876
v 0.991386 0.050896 -5.878738
v 1.055112 0.050896 -5.751288
v 1.023249 0.082759 -5.783151
v 0.991386 0.050896 -5.751288
v 1.055112 0.050896 -5.751288
v 1.023249 0.082759 -5.783151
v 1.023249 0.082759 -5.783151
v 1.055112 0.050896 -5.815014
v 0.991386 0.050896 -5.815014
v 0.991386 0.050896 -5.751288
v 1.023249 0.082759 -5.783151
v 0.927661 0.050896 -5.751288
v 0.959524 0.082759 -5.783151
v 0.959524 0.082759 -5.783151
v 0.991386 0.050896 -5.751288
v 0.959524 0.082759 -5.783151
v 0.927661 0.050896 -5.815014
v 0.927661 0.050896 -5.751288
v 0.959524 0.082759 -5.783151
v 0.408916 -0.076554 -5.751288
v 0.408916 -0.076554 -5.878738
v 0.408916 0.050896 -5.815014
v 0.408916 0.050896 -5.751288
v 0.408916 0.050896 -5.878738
v 0.408916 -0.076554 -5.878738
v 0.281465 -0.076554 -5.878738
v 0.345190 0.050896 -5.878738
v 0.408916 0.050896 -5.878738
v 0.281465 0.050896 -5.878738
v 0.281465 -0.076554 -5.878738
v 0.281465 -0.076554 -5.751288
v 0.281465 0.050896 -5.815014
v 0.281465 0.050896 -5.878738
v 0.281465 0.050896 -5.751288
v 0.408916 -0.076554 -5.751288
v 0.281465 -0.076554 -5.751288
v 0.281465 -0.076554 -5.878738
v 0.408916 -0.076554 -5.878738
v 0.345190 0.050896 -5.815014
v 0.313328 0.082759 -5.846876
v 0.281465 0.050896 -5.815014
v 0.313328 0.082759 -5.846876
v 0.345190 0.050896 -5.815014
v 0.345190 0.050896 -5.878738
v 0.313328 0.082759 -5.846876
v 0.345190 0.050896 -5.878738
v 0.281465 0.050896 -5.878738
v 0.281465 0.050896 -5.878738
v 0.281465 0.050896 -5.815014
v 0.313328 0.082759 -5.846876
v 0.408916 0.050896 -5.815014
v 0.377053 0.082759 -5.846876
v 0.377053 0.082759 -5.846876
v 0.408916 0.050896 -5.815014
v 0.408916 0.050896 -5.878738
v 0.408916 0.050896 -5.878738
v 0.377053 0.082759 -5.846876
v 0.345190 0.050896 -5.815014
v 0.377053 0.082759 -5.846876
v 0.345190 0.050896 -5.878738
v 0.408916 0.050896 -5.751288
v 0.377053 0.082759 -5.783151
v 0.345190 0.050896 -5.751288
v 0.408916 0.050896 -5.751288
v 0.377053 0.082759 -5.783151
v 0.377053 0.082759 -5.783151
v 0.408916 0.050896 -5.815014
v 0.345190 0.050896 -5.815014
v 0.345190 0.050896 -5.751288
v 0.377053 0.082759 -5.783151
v 0.281465 0.050896 -5.751288
v 0.313328 0.082759 -5.783151
v 0.313328 0.082759 -5.783151
v 0.345190 0.050896 -5.751288
v 0.313328 0.082759 -5.783151
v 0.281465 0.050896 -5.815014
v 0.281465 0.050896 -5.751288
v 0.313328 0.082759 -5.783151
v 0.397236 -0.096338 -5.241486
v 0.397236 -0.096338 -5.368937
v 0.397236 0.031113 -5.305212
v 0.397236 0.031113 -5.241486
v 0.397236 0.031113 -5.368937
v 0.269786 -0.096338 -5.368937
v 0.269786 -0.096338 -5.241486
v 0.269786 0.031113 -5.305212
v 0.269786 0.031113 -5.368937
v 0.269786 0.031113 -5.241486
v 0.397236 -0.096338 -5.241486
v 0.269786 -0.096338 -5.241486
v 0.269786 -0.096338 -5.368937
v 0.397236 -0.096338 -5.368937
v 0.333511 0.031113 -5.305212
v 0.301648 0.062975 -5.337074
v 0.269786 0.031113 -5.305212
v 0.301648 0.062975 -5.337074
v 0.333511 0.031113 -5.305212
v 0.333511 0.031113 -5.368937
v 0.301648 0.062975 -5.337074
v 0.333511 0.031113 -5.368937
v 0.269786 0.031113 -5.368937
v 0.269786 0.031113 -5.368937
v 0.269786 0.031113 -5.305212
v 0.301648 0.062975 -5.337074
v 0.397236 0.031113 -5.305212
v 0.365374 0.062975 -5.337074
v 0.365374 0.062975 -5.337074
v 0.397236 0.031113 -5.305212
v 0.397236 0.031113 -5.368937
v 0.397236 0.031113 -5.368937
v 0.365374 0.062975 -5.337074
v 0.333511 0.031113 -5.305212
v 0.365374 0.062975 -5.337074
v 0.333511 0.031113 -5.368937
v 0.397236 0.031113 -5.241486
v 0.365374 0.062975 -5.273349
v 0.333511 0.031113 -5.241486
v 0.397236 0.031113 -5.241486
v 0.365374 0.062975 -5.273349
v 0.365374 0.062975 -5.273349
v 0.397236 0.031113 -5.305212
v 0.333511 0.031113 -5.305212
v 0.333511 0.031113 -5.241486
v 0.365374 0.062975 -5.273349
v 0.269786 0.031113 -5.241486
v 0.301648 0.062975 -5.273349
v 0.301648 0.062975 -5.273349
v 0.333511 0.031113 -5.241486
v 0.301648 0.062975 -5.273349
v 0.269786 0.031113 -5.305212
v 0.269786 0.031113 -5.241486
v 0.301648 0.062975 -5.273349
v 1.033322 -0.096338 -5.241486
v 1.033322 -0.096338 -5.368937
v 1.033322 0.031113 -5.305212
v 1.033322 0.031113 -5.241486
v 1.033322 0.031113 -5.368937
v 0.905871 -0.096338 -5.368937
v 0.905871 -0.096338 -5.241486
v 0.905871 0.031113 -5.305212
v 0.905871 0.031113 -5.368937
v 0.905871 0.031113 -5.241486
v 1.033322 -0.096338 -5.241486
v 0.905871 -0.096338 -5.241486
v 0.905871 -0.096338 -5.368937
v 1.033322 -0.096338 -5.368937
v 0.969596 0.031113 -5.305212
v 0.937734 0.062975 -5.337074
v 0.905871 0.031113 -5.305212
v 0.937734 0.062975 -5.337074
v 0.969596 0.031113 -5.305212
v 0.969596 0.031113 -5.368937
v 0.937734 0.062975 -5.337074
v 0.969596 0.031113 -5.368937
v 0.905871 0.031113 -5.368937
v 0.905871 0.031113 -5.368937
v 0.905871 0.031113 -5.305212
v 0.905871 0.031113 -5.368937
v 1.033322 0.031113 -5.305212
v 1.001459 0.062975 -5.337074
v 1.001459 0.062975 -5.337074
v 1.033322 0.031113 -5.305212
v 1.033322 0.031113 -5.368937
v 1.033322 0.031113 -5.368937
v 1.001459 0.062975 -5.337074
v 0.969596 0.031113 -5.305212
v 1.001459 0.062975 -5.337074
v 0.969596 0.031113 -5.368937
v 1.033322 0.031113 -5.241486
v 1.001459 0.062975 -5.273349
v 0.969596 0.031113 -5.241486
v 1.033322 0.031113 -5.241486
v 1.001459 0.062975 -5.273349
v 1.001459 0.062975 -5.273349
v 1.033322 0.031113 -5.305212
v 0.969596 0.031113 -5.305212
v 0.969596 0.031113 -5.241486
v 1.001459 0.062975 -5.273349
v 0.905871 0.031113 -5.241486
v 0.937734 0.062975 -5.273349
v 0.937734 0.062975 -5.273349
v 0.969596 0.031113 -5.241486
v 0.937734 0.062975 -5.273349
v 0.905871 0.031113 -5.305212
v 0.905871 0.031113 -5.241486
v 0.937734 0.062975 -5.273349
v 1.022490 -0.096338 -4.731684
v 1.022490 -0.096338 -4.859135
v 1.022490 0.031113 -4.795410
v 1.022490 0.031113 -4.731684
v 1.022490 0.031113 -4.859135
v 0.895039 -0.096338 -4.859135
v 0.895039 -0.096338 -4.731684
v 0.895039 0.031113 -4.795410
v 0.895039 0.031113 -4.859135
v 0.895039 0.031113 -4.731684
v 1.022490 -0.096338 -4.731684
v 0.895039 -0.096338 -4.731684
v 0.895039 -0.096338 -4.859135
v 1.022490 -0.096338 -4.859135
v 0.958765 0.031113 -4.795410
v 0.926902 0.062975 -4.827272
v 0.895039 0.031113 -4.795410
v 0.926902 0.062975 -4.827272
v 0.958765 0.031113 -4.795410
v 0.958765 0.031113 -4.859135
v 0.926902 0.062975 -4.827272
v 0.958765 0.031113 -4.859135
v 0.895039 0.031113 -4.859135
v 0.895039 0.031113 -4.859135
v 0.895039 0.031113 -4.795410
v 0.926902 0.062975 -4.827272
v 1.022490 0.031113 -4.795410
v 0.990627 0.062975 -4.827272
v 0.990627 0.062975 -4.827272
v 1.022490 0.031113 -4.795410
v 1.022490 0.031113 -4.859135
v 1.022490 0.031113 -4.859135
v 0.990627 0.062975 -4.827272
v 0.958765 0.031113 -4.795410
v 0.990627 0.062975 -4.827272
v 0.958765 0.031113 -4.859135
v 1.022490 0.031113 -4.731684
v 0.990627 0.062975 -4.763547
v 0.958765 0.031113 -4.731684
v 1.022490 0.031113 -4.731684
v 0.990627 0.062975 -4.763547
v 0.990627 0.062975 -4.763547
v 1.022490 0.031113 -4.795410
v 0.958765 0.031113 -4.795410
v 0.958765 0.031113 -4.731684
v 0.990627 0.062975 -4.763547
v 0.895039 0.031113 -4.731684
v 0.926902 0.062975 -4.763547
v 0.926902 0.062975 -4.763547
v 0.958765 0.031113 -4.731684
v 0.926902 0.062975 -4.763547
v 0.895039 0.031113 -4.795410
v 0.895039 0.031113 -4.731684
v 0.926902 0.062975 -4.763547
v 0.397236 -0.096338 -4.731684
v 0.397236 -0.096338 -4.859135
v 0.397236 0.031113 -4.795410
v 0.397236 0.031113 -4.731684
v 0.397236 0.031113 -4.859135
v 0.269786 -0.096338 -4.859135
v 0.269786 -0.096338 -4.731684
v 0.269786 0.031113 -4.795410
v 0.269786 0.031113 -4.859135
v 0.269786 0.031113 -4.731684
v 0.397236 -0.096338 -4.731684
v 0.269786 -0.096338 -4.731684
v 0.269786 -0.096338 -4.859135
v 0.397236 -0.096338 -4.859135
v 0.333511 0.031113 -4.795410
v 0.301648 0.062975 -4.827272
v 0.269786 0.031113 -4.795410
v 0.301648 0.062975 -4.827272
v 0.333511 0.031113 -4.795410
v 0.333511 0.031113 -4.859135
v 0.301648 0.062975 -4.827272
v 0.333511 0.031113 -4.859135
v 0.269786 0.031113 -4.859135
v 0.269786 0.031113 -4.859135
v 0.269786 0.031113 -4.795410
v 0.301648 0.062975 -4.827272
v 0.397236 0.031113 -4.795410
v 0.365374 0.062975 -4.827272
v 0.365374 0.062975 -4.827272
v 0.397236 0.031113 -4.795410
v 0.397236 0.031113 -4.859135
v 0.397236 0.031113 -4.859135
v 0.365374 0.062975 -4.827272
v 0.333511 0.031113 -4.795410
v 0.365374 0.062975 -4.827272
v 0.333511 0.031113 -4.859135
v 0.397236 0.031113 -4.731684
v 0.365374 0.062975 -4.763547
v 0.333511 0.031113 -4.731684
v 0.397236 0.031113 -4.731684
v 0.365374 0.062975 -4.763547
v 0.365374 0.062975 -4.763547
v 0.397236 0.031113 -4.795410
v 0.333511 0.031113 -4.795410
v 0.333511 0.031113 -4.731684
v 0.365374 0.062975 -4.763547
v 0.269786 0.031113 -4.731684
v 0.301648 0.062975 -4.763547
v 0.301648 0.062975 -4.763547
v 0.333511 0.031113 -4.731684
v 0.301648 0.062975 -4.763547
v 0.269786 0.031113 -4.795410
v 0.269786 0.031113 -4.731684
v 0.301648 0.062975 -4.763547
v 0.384168 -0.122897 -4.221882
v 0.384168 -0.122897 -4.349333
v 0.384168 0.004554 -4.285607
v 0.384168 0.004554 -4.221882
v 0.384168 0.004554 -4.349333
v 0.256718 -0.122897 -4.349333
v 0.256718 -0.122897 -4.221882
v 0.256718 0.004554 -4.285607
v 0.256718 0.004554 -4.349333
v 0.256718 0.004554 -4.221882
v 0.384168 -0.122897 -4.221882
v 0.256718 -0.122897 -4.221882
v 0.256718 -0.122897 -4.349333
v 0.384168 -0.122897 -4.349333
v 0.320443 0.004554 -4.285607
v 0.288580 0.036417 -4.317470
v 0.256718 0.004554 -4.285607
v 0.288580 0.036417 -4.317470
v 0.320443 0.004554 -4.285607
v 0.320443 0.004554 -4.349333
v 0.288580 0.036417 -4.317470
v 0.320443 0.004554 -4.349333
v 0.256718 0.004554 -4.349333
v 0.256718 0.004554 -4.349333
v 0.256718 0.004554 -4.285607
v 0.288580 0.036417 -4.317470
v 0.384168 0.004554 -4.285607
v 0.352305 0.036417 -4.317470
v 0.352305 0.036417 -4.317470
v 0.384168 0.004554 -4.285607
v 0.384168 0.004554 -4.349333
v 0.384168 0.004554 -4.349333
v 0.352305 0.036417 -4.317470
v 0.320443 0.004554 -4.285607
v 0.352305 0.036417 -4.317470
v 0.320443 0.004554 -4.349333
v 0.384168 0.004554 -4.221882
v 0.352305 0.036417 -4.253745
v 0.320443 0.004554 -4.221882
v 0.384168 0.004554 -4.221882
v 0.352305 0.036417 -4.253745
v 0.352305 0.036417 -4.253745
v 0.384168 0.004554 -4.285607
v 0.320443 0.004554 -4.285607
v 0.320443 0.004554 -4.221882
v 0.352305 0.036417 -4.253745
v 0.256718 0.004554 -4.221882
v 0.288580 0.036417 -4.253745
v 0.288580 0.036417 -4.253745
v 0.320443 0.004554 -4.221882
v 0.288580 0.036417 -4.253745
v 0.256718 0.004554 -4.285607
v 0.256718 0.004554 -4.221882
v 0.288580 0.036417 -4.253745
v 1.022490 -0.122897 -4.221882
v 1.022490 -0.122897 -4.349333
v 1.022490 0.004554 -4.285607
v 1.022490 0.004554 -4.221882
v 1.022490 0.004554 -4.349333
v 0.895039 -0.122897 -4.349333
v 0.895039 -0.122897 -4.221882
v 0.895039 0.004554 -4.285607
v 0.895039 0.004554 -4.349333
v 0.895039 0.004554 -4.221882
v 1.022490 -0.122897 -4.221882
v 0.895039 -0.122897 -4.221882
v 0.895039 -0.122897 -4.349333
v 1.022490 -0.122897 -4.349333
v 0.958765 0.004554 -4.285607
v 0.926902 0.036417 -4.317470
v 0.895039 0.004554 -4.285607
v 0.926902 0.036417 -4.317470
v 0.958765 0.004554 -4.285607
v 0.958765 0.004554 -4.349333
v 0.926902 0.036417 -4.317470
v 0.958765 0.004554 -4.349333
v 0.895039 0.004554 -4.349333
v 0.895039 0.004554 -4.349333
v 0.895039 0.004554 -4.285607
v 0.926902 0.036417 -4.317470
v 1.022490 0.004554 -4.285607
v 0.990627 0.036417 -4.317470
v 0.990627 0.036417 -4.317470
v 1.022490 0.004554 -4.285607
v 1.022490 0.004554 -4.349333
v 1.022490 0.004554 -4.349333
v 0.990627 0.036417 -4.317470
v 0.958765 0.004554 -4.285607
v 0.990627 0.036417 -4.317470
v 0.958765 0.004554 -4.349333
v 1.022490 0.004554 -4.221882
v 0.990627 0.036417 -4.253745
v 0.958765 0.004554 -4.221882
v 1.022490 0.004554 -4.221882
v 0.990627 0.036417 -4.253745
v 0.990627 0.036417 -4.253745
v 1.022490 0.004554 -4.285607
v 0.958765 0.004554 -4.285607
v 0.958765 0.004554 -4.221882
v 0.990627 0.036417 -4.253745
v 0.895039 0.004554 -4.221882
v 0.926902 0.036417 -4.253745
v 0.926902 0.036417 -4.253745
v 0.958765 0.004554 -4.221882
v 0.926902 0.036417 -4.253745
v 0.895039 0.004554 -4.285607
v 0.895039 0.004554 -4.221882
v 0.926902 0.036417 -4.253745
v 0.384168 -0.137030 -3.712080
v 0.384168 -0.137030 -3.839531
v 0.384168 -0.009580 -3.775805
v 0.384168 -0.009580 -3.712080
v 0.384168 -0.009580 -3.839531
v 0.256718 -0.137030 -3.839531
v 0.256718 -0.137030 -3.712080
v 0.256718 -0.009580 -3.775805
v 0.256718 -0.009580 -3.839531
v 0.256718 -0.009580 -3.712080
v 0.384168 -0.137030 -3.712080
v 0.256718 -0.137030 -3.712080
v 0.256718 -0.137030 -3.839531
v 0.384168 -0.137030 -3.839531
v 0.320443 -0.009580 -3.775805
v 0.288580 0.022283 -3.807668
v 0.256718 -0.009580 -3.775805
v 0.288580 0.022283 -3.807668
v 0.320443 -0.009580 -3.775805
v 0.320443 -0.009580 -3.839531
v 0.288580 0.022283 -3.807668
v 0.320443 -0.009580 -3.839531
v 0.256718 -0.009580 -3.839531
v 0.256718 -0.009580 -3.839531
v 0.256718 -0.009580 -3.775805
v 0.288580 0.022283 -3.807668
v 0.384168 -0.009580 -3.775805
v 0.352305 0.022283 -3.807668
v 0.352305 0.022283 -3.807668
v 0.384168 -0.009580 -3.775805
v 0.384168 -0.009580 -3.839531
v 0.384168 -0.009580 -3.839531
v 0.352305 0.022283 -3.807668
v 0.320443 -0.009580 -3.775805
v 0.352305 0.022283 -3.807668
v 0.320443 -0.009580 -3.839531
v 0.384168 -0.009580 -3.712080
v 0.352305 0.022283 -3.743943
v 0.320443 -0.009580 -3.712080
v 0.384168 -0.009580 -3.712080
v 0.352305 0.022283 -3.743943
v 0.352305 0.022283 -3.743943
v 0.384168 -0.009580 -3.775805
v 0.320443 -0.009580 -3.775805
v 0.320443 -0.009580 -3.712080
v 0.352305 0.022283 -3.743943
v 0.256718 -0.009580 -3.712080
v 0.288580 0.022283 -3.743943
v 0.288580 0.022283 -3.743943
v 0.320443 -0.009580 -3.712080
v 0.288580 0.022283 -3.743943
v 0.256718 -0.009580 -3.775805
v 0.256718 -0.009580 -3.712080
v 0.288580 0.022283 -3.743943
v 1.022490 -0.137030 -3.712080
v 1.022490 -0.137030 -3.839531
v 1.022490 -0.009580 -3.775805
v 1.022490 -0.009580 -3.712080
v 1.022490 -0.009580 -3.839531
v 0.895039 -0.137030 -3.839531
v 0.895039 -0.137030 -3.712080
v 0.895039 -0.009580 -3.775805
v 0.895039 -0.009580 -3.839531
v 0.895039 -0.009580 -3.712080
v 1.022490 -0.137030 -3.712080
v 0.895039 -0.137030 -3.712080
v 0.895039 -0.137030 -3.839531
v 1.022490 -0.137030 -3.839531
v 0.958765 -0.009580 -3.775805
v 0.926902 0.022283 -3.807668
v 0.895039 -0.009580 -3.775805
v 0.926902 0.022283 -3.807668
v 0.958765 -0.009580 -3.775805
v 0.958765 -0.009580 -3.839531
v 0.926902 0.022283 -3.807668
v 0.958765 -0.009580 -3.839531
v 0.895039 -0.009580 -3.839531
v 0.895039 -0.009580 -3.839531
v 0.895039 -0.009580 -3.775805
v 0.926902 0.022283 -3.807668
v 1.022490 -0.009580 -3.775805
v 0.990627 0.022283 -3.807668
v 0.990627 0.022283 -3.807668
v 1.022490 -0.009580 -3.775805
v 1.022490 -0.009580 -3.839531
v 1.022490 -0.009580 -3.839531
v 0.990627 0.022283 -3.807668
v 0.958765 -0.009580 -3.775805
v 0.990627 0.022283 -3.807668
v 0.958765 -0.009580 -3.839531
v 1.022490 -0.009580 -3.712080
v 0.990627 0.022283 -3.743943
v 0.958765 -0.009580 -3.712080
v 1.022490 -0.009580 -3.712080
v 0.990627 0.022283 -3.743943
v 0.990627 0.022283 -3.743943
v 1.022490 -0.009580 -3.775805
v 0.958765 -0.009580 -3.775805
v 0.958765 -0.009580 -3.712080
v 0.990627 0.022283 -3.743943
v 0.895039 -0.009580 -3.712080
v 0.926902 0.022283 -3.743943
v 0.926902 0.022283 -3.743943
v 0.958765 -0.009580 -3.712080
v 0.926902 0.022283 -3.743943
v 0.895039 -0.009580 -3.775805
v 0.895039 -0.009580 -3.712080
v 0.926902 0.022283 -3.743943
v 1.022490 -0.160963 -3.202278
v 1.022490 -0.160963 -3.329729
v 1.022490 -0.033512 -3.266004
v 1.022490 -0.033512 -3.202278
v 1.022490 -0.033512 -3.329729
v 0.895039 -0.160963 -3.329729
v 0.895039 -0.160963 -3.202278
v 0.895039 -0.033512 -3.266004
v 0.895039 -0.033512 -3.329729
v 0.895039 -0.033512 -3.202278
v 1.022490 -0.160963 -3.202278
v 0.895039 -0.160963 -3.202278
v 0.895039 -0.160963 -3.329729
v 1.022490 -0.160963 -3.329729
v 0.958765 -0.033512 -3.266004
v 0.926902 -0.001650 -3.297866
v 0.895039 -0.033512 -3.266004
v 0.926902 -0.001650 -3.297866
v 0.958765 -0.033512 -3.266004
v 0.958765 -0.033512 -3.329729
v 0.926902 -0.001650 -3.297866
v 0.958765 -0.033512 -3.329729
v 0.895039 -0.033512 -3.329729
v 0.895039 -0.033512 -3.329729
v 0.895039 -0.033512 -3.266004
v 0.926902 -0.001650 -3.297866
v 1.022490 -0.033512 -3.266004
v 0.990627 -0.001650 -3.297866
v 0.990627 -0.001650 -3.297866
v 1.022490 -0.033512 -3.266004
v 1.022490 -0.033512 -3.329729
v 1.022490 -0.033512 -3.329729
v 0.990627 -0.001650 -3.297866
v 0.958765 -0.033512 -3.266004
v 0.990627 -0.001650 -3.297866
v 0.958765 -0.033512 -3.329729
v 1.022490 -0.033512 -3.202278
v 0.990627 -0.001650 -3.234141
v 0.958765 -0.033512 -3.202278
v 1.022490 -0.033512 -3.202278
v 0.990627 -0.001650 -3.234141
v 0.990627 -0.001650 -3.234141
v 1.022490 -0.033512 -3.266004
v 0.958765 -0.033512 -3.266004
v 0.958765 -0.033512 -3.202278
v 0.990627 -0.001650 -3.234141
v 0.895039 -0.033512 -3.202278
v 0.926902 -0.001650 -3.234141
v 0.926902 -0.001650 -3.234141
v 0.958765 -0.033512 -3.202278
v 0.926902 -0.001650 -3.234141
v 0.895039 -0.033512 -3.266004
v 0.895039 -0.033512 -3.202278
v 0.926902 -0.001650 -3.234141
v 0.384168 -0.160963 -3.202278
v 0.384168 -0.160963 -3.329729
v 0.384168 -0.033512 -3.266004
v 0.384168 -0.033512 -3.202278
v 0.384168 -0.033512 -3.329729
v 0.256718 -0.160963 -3.329729
v 0.256718 -0.160963 -3.202278
v 0.256718 -0.033512 -3.266004
v 0.256718 -0.033512 -3.329729
v 0.256718 -0.033512 -3.202278
v 0.384168 -0.160963 -3.202278
v 0.256718 -0.160963 -3.202278
v 0.256718 -0.160963 -3.329729
v 0.384168 -0.160963 -3.329729
v 0.320443 -0.033512 -3.266004
v 0.288580 -0.001650 -3.297866
v 0.256718 -0.033512 -3.266004
v 0.288580 -0.001650 -3.297866
v 0.320443 -0.033512 -3.266004
v 0.320443 -0.033512 -3.329729
v 0.288580 -0.001650 -3.297866
v 0.320443 -0.033512 -3.329729
v 0.256718 -0.033512 -3.329729
v 0.256718 -0.033512 -3.329729
v 0.256718 -0.033512 -3.266004
v 0.288580 -0.001650 -3.297866
v 0.384168 -0.033512 -3.266004
v 0.352305 -0.001650 -3.297866
v 0.352305 -0.001650 -3.297866
v 0.384168 -0.033512 -3.266004
v 0.384168 -0.033512 -3.329729
v 0.384168 -0.033512 -3.329729
v 0.352305 -0.001650 -3.297866
v 0.320443 -0.033512 -3.266004
v 0.352305 -0.001650 -3.297866
v 0.320443 -0.033512 -3.329729
v 0.384168 -0.033512 -3.202278
v 0.352305 -0.001650 -3.234141
v 0.320443 -0.033512 -3.202278
v 0.384168 -0.033512 -3.202278
v 0.352305 -0.001650 -3.234141
v 0.352305 -0.001650 -3.234141
v 0.384168 -0.033512 -3.266004
v 0.320443 -0.033512 -3.266004
v 0.320443 -0.033512 -3.202278
v 0.352305 -0.001650 -3.234141
v 0.256718 -0.033512 -3.202278
v 0.288580 -0.001650 -3.234141
v 0.288580 -0.001650 -3.234141
v 0.320443 -0.033512 -3.202278
v 0.288580 -0.001650 -3.234141
v 0.256718 -0.033512 -3.266004
v 0.256718 -0.033512 -3.202278
v 0.288580 -0.001650 -3.234141
v 1.022490 -0.187373 -2.692477
v 1.022490 -0.187373 -2.819927
v 1.022490 -0.059922 -2.756202
v 1.022490 -0.059922 -2.692477
v 1.022490 -0.059922 -2.819927
v 0.895039 -0.187373 -2.819927
v 0.895039 -0.187373 -2.692477
v 0.895039 -0.059922 -2.756202
v 0.895039 -0.059922 -2.819927
v 0.895039 -0.059922 -2.692477
v 1.022490 -0.187373 -2.692477
v 0.895039 -0.187373 -2.692477
v 0.895039 -0.187373 -2.819927
v 1.022490 -0.187373 -2.819927
v 0.958765 -0.059922 -2.756202
v 0.926902 -0.028059 -2.788064
v 0.895039 -0.059922 -2.756202
v 0.926902 -0.028059 -2.788064
v 0.958765 -0.059922 -2.756202
v 0.958765 -0.059922 -2.819927
v 0.926902 -0.028059 -2.788064
v 0.958765 -0.059922 -2.819927
v 0.895039 -0.059922 -2.819927
v 0.895039 -0.059922 -2.819927
v 0.895039 -0.059922 -2.756202
v 0.926902 -0.028059 -2.788064
v 1.022490 -0.059922 -2.756202
v 0.990627 -0.028059 -2.788064
v 0.990627 -0.028059 -2.788064
v 1.022490 -0.059922 -2.756202
v 1.022490 -0.059922 -2.819927
v 1.022490 -0.059922 -2.819927
v 0.990627 -0.028059 -2.788064
v 0.958765 -0.059922 -2.756202
v 0.990627 -0.028059 -2.788064
v 0.958765 -0.059922 -2.819927
v 1.022490 -0.059922 -2.692477
v 0.990627 -0.028059 -2.724339
v 0.958765 -0.059922 -2.692477
v 1.022490 -0.059922 -2.692477
v 0.990627 -0.028059 -2.724339
v 0.990627 -0.028059 -2.724339
v 1.022490 -0.059922 -2.756202
v 0.958765 -0.059922 -2.756202
v 0.958765 -0.059922 -2.692477
v 0.990627 -0.028059 -2.724339
v 0.895039 -0.059922 -2.692477
v 0.926902 -0.028059 -2.724339
v 0.926902 -0.028059 -2.724339
v 0.958765 -0.059922 -2.692477
v 0.926902 -0.028059 -2.724339
v 0.895039 -0.059922 -2.756202
v 0.895039 -0.059922 -2.692477
v 0.926902 -0.028059 -2.724339
v 0.384168 -0.187373 -2.692477
v 0.384168 -0.187373 -2.819927
v 0.384168 -0.059922 -2.756202
v 0.384168 -0.059922 -2.692477
v 0.384168 -0.059922 -2.819927
v 0.256718 -0.187373 -2.819927
v 0.256718 -0.187373 -2.692477
v 0.256718 -0.059922 -2.756202
v 0.256718 -0.059922 -2.819927
v 0.256718 -0.059922 -2.692477
v 0.384168 -0.187373 -2.692477
v 0.256718 -0.187373 -2.692477
v 0.256718 -0.187373 -2.819927
v 0.384168 -0.187373 -2.819927
v 0.320443 -0.059922 -2.756202
v 0.288580 -0.028059 -2.788064
v 0.256718 -0.059922 -2.756202
v 0.288580 -0.028059 -2.788064
v 0.320443 -0.059922 -2.756202
v 0.320443 -0.059922 -2.819927
v 0.288580 -0.028059 -2.788064
v 0.320443 -0.059922 -2.819927
v 0.256718 -0.059922 -2.819927
v 0.256718 -0.059922 -2.819927
v 0.256718 -0.059922 -2.756202
v 0.288580 -0.028059 -2.788064
v 0.384168 -0.059922 -2.756202
v 0.352305 -0.028059 -2.788064
v 0.352305 -0.028059 -2.788064
v 0.384168 -0.059922 -2.756202
v 0.384168 -0.059922 -2.819927
v 0.384168 -0.059922 -2.819927
v 0.352305 -0.028059 -2.788064
v 0.320443 -0.059922 -2.756202
v 0.352305 -0.028059 -2.788064
v 0.320443 -0.059922 -2.819927
v 0.384168 -0.059922 -2.692477
v 0.352305 -0.028059 -2.724339
v 0.320443 -0.059922 -2.692477
v 0.384168 -0.059922 -2.692477
v 0.352305 -0.028059 -2.724339
v 0.352305 -0.028059 -2.724339
v 0.384168 -0.059922 -2.756202
v 0.320443 -0.059922 -2.756202
v 0.320443 -0.059922 -2.692477
v 0.352305 -0.028059 -2.724339
v 0.256718 -0.059922 -2.692477
v 0.288580 -0.028059 -2.724339
v 0.288580 -0.028059 -2.724339
v 0.320443 -0.059922 -2.692477
v 0.288580 -0.028059 -2.724339
v 0.256718 -0.059922 -2.756202
v 0.256718 -0.059922 -2.692477
v 0.288580 -0.028059 -2.724339
v 1.022490 -0.216569 -2.182675
v 1.022490 -0.216569 -2.310125
v 1.022490 -0.089118 -2.246400
v 1.022490 -0.089118 -2.182675
v 1.022490 -0.089118 -2.310125
v 0.895039 -0.216569 -2.310125
v 0.895039 -0.216569 -2.182675
v 0.895039 -0.089118 -2.246400
v 0.895039 -0.089118 -2.310125
v 0.895039 -0.089118 -2.182675
v 1.022490 -0.216569 -2.182675
v 0.895039 -0.216569 -2.182675
v 0.895039 -0.216569 -2.310125
v 1.022490 -0.216569 -2.310125
v 0.958765 -0.089118 -2.246400
v 0.926902 -0.057256 -2.278262
v 0.895039 -0.089118 -2.246400
v 0.926902 -0.057256 -2.278262
v 0.958765 -0.089118 -2.246400
v 0.958765 -0.089118 -2.310125
v 0.926902 -0.057256 -2.278262
v 0.958765 -0.089118 -2.310125
v 0.895039 -0.089118 -2.310125
v 0.895039 -0.089118 -2.310125
v 0.895039 -0.089118 -2.246400
v 0.926902 -0.057256 -2.278262
v 1.022490 -0.089118 -2.246400
v 0.990627 -0.057256 -2.278262
v 0.990627 -0.057256 -2.278262
v 1.022490 -0.089118 -2.246400
v 1.022490 -0.089118 -2.310125
v 1.022490 -0.089118 -2.310125
v 0.990627 -0.057256 -2.278262
v 0.958765 -0.089118 -2.246400
v 0.990627 -0.057256 -2.278262
v 0.958765 -0.089118 -2.310125
v 1.022490 -0.089118 -2.182675
v 0.990627 -0.057256 -2.214537
v 0.958765 -0.089118 -2.182675
v 1.022490 -0.089118 -2.182675
v 0.990627 -0.057256 -2.214537
v 0.990627 -0.057256 -2.214537
v 1.022490 -0.089118 -2.246400
v 0.958765 -0.089118 -2.246400
v 0.958765 -0.089118 -2.182675
v 0.990627 -0.057256 -2.214537
v 0.895039 -0.089118 -2.182675
v 0.926902 -0.057256 -2.214537
v 0.926902 -0.057256 -2.214537
v 0.958765 -0.089118 -2.182675
v 0.926902 -0.057256 -2.214537
v 0.895039 -0.089118 -2.246400
v 0.895039 -0.089118 -2.182675
v 0.926902 -0.057256 -2.214537
v 0.384168 -0.216569 -2.182675
v 0.384168 -0.216569 -2.310125
v 0.384168 -0.089118 -2.246400
v 0.384168 -0.089118 -2.182675
v 0.384168 -0.089118 -2.310125
v 0.256718 -0.216569 -2.310125
v 0.256718 -0.216569 -2.182675
v 0.256718 -0.089118 -2.246400
v 0.256718 -0.089118 -2.310125
v 0.256718 -0.089118 -2.182675
v 0.384168 -0.216569 -2.182675
v 0.256718 -0.216569 -2.182675
v 0.256718 -0.216569 -2.310125
v 0.384168 -0.216569 -2.310125
v 0.320443 -0.089118 -2.246400
v 0.288580 -0.057256 -2.278262
v 0.256718 -0.089118 -2.246400
v 0.288580 -0.057256 -2.278262
v 0.320443 -0.089118 -2.246400
v 0.320443 -0.089118 -2.310125
v 0.288580 -0.057256 -2.278262
v 0.320443 -0.089118 -2.310125
v 0.256718 -0.089118 -2.310125
v 0.256718 -0.089118 -2.310125
v 0.256718 -0.089118 -2.246400
v 0.288580 -0.057256 -2.278262
v 0.384168 -0.089118 -2.246400
v 0.352305 -0.057256 -2.278262
v 0.352305 -0.057256 -2.278262
v 0.384168 -0.089118 -2.246400
v 0.384168 -0.089118 -2.310125
v 0.384168 -0.089118 -2.310125
v 0.352305 -0.057256 -2.278262
v 0.320443 -0.089118 -2.246400
v 0.352305 -0.057256 -2.278262
v 0.320443 -0.089118 -2.310125
v 0.384168 -0.089118 -2.182675
v 0.352305 -0.057256 -2.214537
v 0.320443 -0.089118 -2.182675
v 0.384168 -0.089118 -2.182675
v 0.352305 -0.057256 -2.214537
v 0.352305 -0.057256 -2.214537
v 0.384168 -0.089118 -2.246400
v 0.320443 -0.089118 -2.246400
v 0.320443 -0.089118 -2.182675
v 0.352305 -0.057256 -2.214537
v 0.256718 -0.089118 -2.182675
v 0.288580 -0.057256 -2.214537
v 0.288580 -0.057256 -2.214537
v 0.320443 -0.089118 -2.182675
v 0.288580 -0.057256 -2.214537
v 0.256718 -0.089118 -2.246400
v 0.256718 -0.089118 -2.182675
v 0.288580 -0.057256 -2.214537
v 1.022490 -0.259208 -1.672872
v 1.022490 -0.259208 -1.800323
v 1.022490 -0.131757 -1.736598
v 1.022490 -0.131757 -1.672872
v 1.022490 -0.131757 -1.800323
v 0.895039 -0.259208 -1.800323
v 0.895039 -0.259208 -1.672872
v 0.895039 -0.131757 -1.736598
v 0.895039 -0.131757 -1.800323
v 0.895039 -0.131757 -1.672872
v 1.022490 -0.259208 -1.672872
v 0.895039 -0.259208 -1.672872
v 0.895039 -0.259208 -1.800323
v 1.022490 -0.259208 -1.800323
v 0.958765 -0.131757 -1.736598
v 0.926902 -0.099895 -1.768460
v 0.895039 -0.131757 -1.736598
v 0.926902 -0.099895 -1.768460
v 0.958765 -0.131757 -1.736598
v 0.958765 -0.131757 -1.800323
v 0.926902 -0.099895 -1.768460
v 0.958765 -0.131757 -1.800323
v 0.895039 -0.131757 -1.800323
v 0.895039 -0.131757 -1.800323
v 0.895039 -0.131757 -1.736598
v 0.926902 -0.099895 -1.768460
v 1.022490 -0.131757 -1.736598
v 0.990627 -0.099895 -1.768460
v 0.990627 -0.099895 -1.768460
v 1.022490 -0.131757 -1.736598
v 1.022490 -0.131757 -1.800323
v 1.022490 -0.131757 -1.800323
v 0.990627 -0.099895 -1.768460
v 0.958765 -0.131757 -1.736598
v 0.990627 -0.099895 -1.768460
v 0.958765 -0.131757 -1.800323
v 1.022490 -0.131757 -1.672872
v 0.990627 -0.099895 -1.704735
v 0.958765 -0.131757 -1.672872
v 1.022490 -0.131757 -1.672872
v 0.990627 -0.099895 -1.704735
v 0.990627 -0.099895 -1.704735
v 1.022490 -0.131757 -1.736598
v 0.958765 -0.131757 -1.736598
v 0.958765 -0.131757 -1.672872
v 0.990627 -0.099895 -1.704735
v 0.895039 -0.131757 -1.672872
v 0.926902 -0.099895 -1.704735
v 0.926902 -0.099895 -1.704735
v 0.958765 -0.131757 -1.672872
v 0.926902 -0.099895 -1.704735
v 0.895039 -0.131757 -1.736598
v 0.895039 -0.131757 -1.672872
v 0.926902 -0.099895 -1.704735
v 0.384168 -0.259208 -1.672872
v 0.384168 -0.259208 -1.800323
v 0.384168 -0.131757 -1.736598
v 0.384168 -0.131757 -1.672872
v 0.384168 -0.131757 -1.800323
v 0.256718 -0.259208 -1.800323
v 0.256718 -0.259208 -1.672872
v 0.256718 -0.131757 -1.736598
v 0.256718 -0.131757 -1.800323
v 0.256718 -0.131757 -1.672872
v 0.384168 -0.259208 -1.672872
v 0.256718 -0.259208 -1.672872
v 0.256718 -0.259208 -1.800323
v 0.384168 -0.259208 -1.800323
v 0.320443 -0.131757 -1.736598
v 0.288580 -0.099895 -1.768460
v 0.256718 -0.131757 -1.736598
v 0.288580 -0.099895 -1.768460
v 0.320443 -0.131757 -1.736598
v 0.320443 -0.131757 -1.800323
v 0.288580 -0.099895 -1.768460
v 0.320443 -0.131757 -1.800323
v 0.256718 -0.131757 -1.800323
v 0.256718 -0.131757 -1.800323
v 0.256718 -0.131757 -1.736598
v 0.288580 -0.099895 -1.768460
v 0.384168 -0.131757 -1.736598
v 0.352305 -0.099895 -1.768460
v 0.352305 -0.099895 -1.768460
v 0.384168 -0.131757 -1.736598
v 0.384168 -0.131757 -1.800323
v 0.384168 -0.131757 -1.800323
v 0.352305 -0.099895 -1.768460
v 0.320443 -0.131757 -1.736598
v 0.352305 -0.099895 -1.768460
v 0.320443 -0.131757 -1.800323
v 0.384168 -0.131757 -1.672872
v 0.352305 -0.099895 -1.704735
v 0.320443 -0.131757 -1.672872
v 0.384168 -0.131757 -1.672872
v 0.352305 -0.099895 -1.704735
v 0.352305 -0.099895 -1.704735
v 0.384168 -0.131757 -1.736598
v 0.320443 -0.131757 -1.736598
v 0.320443 -0.131757 -1.672872
v 0.352305 -0.099895 -1.704735
v 0.256718 -0.131757 -1.672872
v 0.288580 -0.099895 -1.704735
v 0.288580 -0.099895 -1.704735
v 0.320443 -0.131757 -1.672872
v 0.288580 -0.099895 -1.704735
v 0.256718 -0.131757 -1.736598
v 0.256718 -0.131757 -1.672872
v 0.288580 -0.099895 -1.704735
v 1.055112 -0.076554 -5.623838
v 1.055112 0.050896 -5.687563
v 1.055112 0.050896 -5.623838
v 0.927661 -0.076554 -5.623838
v 0.927661 0.050896 -5.687563
v 0.927661 0.050896 -5.623838
v 1.055112 -0.076554 -5.623838
v 0.927661 -0.076554 -5.623838
v 0.991386 0.050896 -5.687563
v 0.959524 0.082759 -5.719426
v 0.927661 0.050896 -5.687563
v 0.959524 0.082759 -5.719426
v 0.991386 0.050896 -5.687563
v 0.959524 0.082759 -5.719426
v 0.991386 0.050896 -5.751288
v 0.927661 0.050896 -5.751288
v 0.927661 0.050896 -5.687563
v 0.959524 0.082759 -5.719426
v 1.055112 0.050896 -5.687563
v 1.023249 0.082759 -5.719426
v 1.023249 0.082759 -5.719426
v 1.055112 0.050896 -5.687563
v 1.055112 0.050896 -5.751288
v 1.023249 0.082759 -5.719426
v 0.991386 0.050896 -5.687563
v 1.023249 0.082759 -5.719426
v 1.055112 0.050896 -5.623838
v 1.023249 0.082759 -5.655700
v 0.991386 0.050896 -5.623838
v 1.055112 0.050896 -5.623838
v 1.023249 0.082759 -5.655700
v 1.023249 0.082759 -5.655700
v 1.055112 0.050896 -5.687563
v 0.991386 0.050896 -5.687563
v 0.991386 0.050896 -5.623838
v 1.023249 0.082759 -5.655700
v 0.927661 0.050896 -5.623838
v 0.959524 0.082759 -5.655700
v 0.959524 0.082759 -5.655700
v 0.991386 0.050896 -5.623838
v 0.959524 0.082759 -5.655700
v 0.927661 0.050896 -5.687563
v 0.927661 0.050896 -5.623838
v 0.959524 0.082759 -5.655700
v 0.408916 -0.076554 -5.623838
v 0.408916 0.050896 -5.687563
v 0.408916 0.050896 -5.623838
v 0.281465 -0.076554 -5.623838
v 0.281465 0.050896 -5.687563
v 0.281465 0.050896 -5.623838
v 0.408916 -0.076554 -5.623838
v 0.281465 -0.076554 -5.623838
v 0.345190 0.050896 -5.687563
v 0.313328 0.082759 -5.719426
v 0.281465 0.050896 -5.687563
v 0.313328 0.082759 -5.719426
v 0.345190 0.050896 -5.687563
v 0.313328 0.082759 -5.719426
v 0.345190 0.050896 -5.751288
v 0.281465 0.050896 -5.751288
v 0.281465 0.050896 -5.687563
v 0.313328 0.082759 -5.719426
v 0.408916 0.050896 -5.687563
v 0.377053 0.082759 -5.719426
v 0.377053 0.082759 -5.719426
v 0.408916 0.050896 -5.687563
v 0.408916 0.050896 -5.751288
v 0.377053 0.082759 -5.719426
v 0.345190 0.050896 -5.687563
v 0.377053 0.082759 -5.719426
v 0.408916 0.050896 -5.623838
v 0.377053 0.082759 -5.655700
v 0.345190 0.050896 -5.623838
v 0.408916 0.050896 -5.623838
v 0.377053 0.082759 -5.655700
v 0.377053 0.082759 -5.655700
v 0.408916 0.050896 -5.687563
v 0.345190 0.050896 -5.687563
v 0.345190 0.050896 -5.623838
v 0.377053 0.082759 -5.655700
v 0.281465 0.050896 -5.623838
v 0.313328 0.082759 -5.655700
v 0.313328 0.082759 -5.655700
v 0.345190 0.050896 -5.623838
v 0.313328 0.082759 -5.655700
v 0.281465 0.050896 -5.687563
v 0.281465 0.050896 -5.623838
v 0.313328 0.082759 -5.655700
v 0.397236 -0.096338 -5.114036
v 0.397236 0.031113 -5.177761
v 0.397236 0.031113 -5.114036
v 0.269786 -0.096338 -5.114036
v 0.269786 0.031113 -5.177761
v 0.269786 0.031113 -5.114036
v 0.397236 -0.096338 -5.114036
v 0.269786 -0.096338 -5.114036
v 0.333511 0.031113 -5.177761
v 0.301648 0.062975 -5.209624
v 0.269786 0.031113 -5.177761
v 0.301648 0.062975 -5.209624
v 0.333511 0.031113 -5.177761
v 0.301648 0.062975 -5.209624
v 0.333511 0.031113 -5.241486
v 0.269786 0.031113 -5.241486
v 0.269786 0.031113 -5.177761
v 0.301648 0.062975 -5.209624
v 0.397236 0.031113 -5.177761
v 0.365374 0.062975 -5.209624
v 0.365374 0.062975 -5.209624
v 0.397236 0.031113 -5.177761
v 0.397236 0.031113 -5.241486
v 0.365374 0.062975 -5.209624
v 0.333511 0.031113 -5.177761
v 0.365374 0.062975 -5.209624
v 0.397236 0.031113 -5.114036
v 0.365374 0.062975 -5.145898
v 0.333511 0.031113 -5.114036
v 0.397236 0.031113 -5.114036
v 0.365374 0.062975 -5.145898
v 0.365374 0.062975 -5.145898
v 0.397236 0.031113 -5.177761
v 0.333511 0.031113 -5.177761
v 0.333511 0.031113 -5.114036
v 0.365374 0.062975 -5.145898
v 0.269786 0.031113 -5.114036
v 0.301648 0.062975 -5.145898
v 0.301648 0.062975 -5.145898
v 0.333511 0.031113 -5.114036
v 0.301648 0.062975 -5.145898
v 0.269786 0.031113 -5.177761
v 0.269786 0.031113 -5.114036
v 0.301648 0.062975 -5.145898
v 1.033322 -0.096338 -5.114036
v 1.033322 0.031113 -5.177761
v 1.033322 0.031113 -5.114036
v 0.905871 -0.096338 -5.114036
v 0.905871 0.031113 -5.177761
v 0.905871 0.031113 -5.114036
v 1.033322 -0.096338 -5.114036
v 0.905871 -0.096338 -5.114036
v 0.969596 0.031113 -5.177761
v 0.937734 0.062975 -5.209624
v 0.905871 0.031113 -5.177761
v 0.937734 0.062975 -5.209624
v 0.969596 0.031113 -5.177761
v 0.937734 0.062975 -5.209624
v 0.969596 0.031113 -5.241486
v 0.905871 0.031113 -5.241486
v 0.905871 0.031113 -5.177761
v 0.937734 0.062975 -5.209624
v 1.033322 0.031113 -5.177761
v 1.001459 0.062975 -5.209624
v 1.001459 0.062975 -5.209624
v 1.033322 0.031113 -5.177761
v 1.033322 0.031113 -5.241486
v 1.001459 0.062975 -5.209624
v 0.969596 0.031113 -5.177761
v 1.001459 0.062975 -5.209624
v 1.033322 0.031113 -5.114036
v 1.001459 0.062975 -5.145898
v 0.969596 0.031113 -5.114036
v 1.033322 0.031113 -5.114036
v 1.001459 0.062975 -5.145898
v 1.001459 0.062975 -5.145898
v 1.033322 0.031113 -5.177761
v 0.969596 0.031113 -5.177761
v 0.969596 0.031113 -5.114036
v 1.001459 0.062975 -5.145898
v 0.905871 0.031113 -5.114036
v 0.937734 0.062975 -5.145898
v 0.937734 0.062975 -5.145898
v 0.969596 0.031113 -5.114036
v 0.937734 0.062975 -5.145898
v 0.905871 0.031113 -5.177761
v 0.905871 0.031113 -5.114036
v 0.937734 0.062975 -5.145898
v 1.022490 -0.096338 -4.604233
v 1.022490 0.031113 -4.667959
v 1.022490 0.031113 -4.604233
v 0.895039 -0.096338 -4.604233
v 0.895039 0.031113 -4.667959
v 0.895039 0.031113 -4.604233
v 1.022490 -0.096338 -4.604233
v 0.895039 -0.096338 -4.604233
v 0.958765 0.031113 -4.667959
v 0.926902 0.062975 -4.699821
v 0.895039 0.031113 -4.667959
v 0.926902 0.062975 -4.699821
v 0.958765 0.031113 -4.667959
v 0.926902 0.062975 -4.699821
v 0.958765 0.031113 -4.731684
v 0.895039 0.031113 -4.731684
v 0.895039 0.031113 -4.667959
v 0.926902 0.062975 -4.699821
v 1.022490 0.031113 -4.667959
v 0.990627 0.062975 -4.699821
v 0.990627 0.062975 -4.699821
v 1.022490 0.031113 -4.667959
v 1.022490 0.031113 -4.731684
v 0.990627 0.062975 -4.699821
v 0.958765 0.031113 -4.667959
v 0.990627 0.062975 -4.699821
v 1.022490 0.031113 -4.604233
v 0.990627 0.062975 -4.636096
v 0.958765 0.031113 -4.604233
v 1.022490 0.031113 -4.604233
v 0.990627 0.062975 -4.636096
v 0.990627 0.062975 -4.636096
v 1.022490 0.031113 -4.667959
v 0.958765 0.031113 -4.667959
v 0.958765 0.031113 -4.604233
v 0.990627 0.062975 -4.636096
v 0.895039 0.031113 -4.604233
v 0.926902 0.062975 -4.636096
v 0.926902 0.062975 -4.636096
v 0.958765 0.031113 -4.604233
v 0.926902 0.062975 -4.636096
v 0.895039 0.031113 -4.667959
v 0.895039 0.031113 -4.604233
v 0.926902 0.062975 -4.636096
v 0.397236 -0.096338 -4.604233
v 0.397236 0.031113 -4.667959
v 0.397236 0.031113 -4.604233
v 0.269786 -0.096338 -4.604233
v 0.269786 0.031113 -4.667959
v 0.269786 0.031113 -4.604233
v 0.397236 -0.096338 -4.604233
v 0.269786 -0.096338 -4.604233
v 0.333511 0.031113 -4.667959
v 0.301648 0.062975 -4.699821
v 0.269786 0.031113 -4.667959
v 0.301648 0.062975 -4.699821
v 0.333511 0.031113 -4.667959
v 0.301648 0.062975 -4.699821
v 0.333511 0.031113 -4.731684
v 0.269786 0.031113 -4.731684
v 0.269786 0.031113 -4.667959
v 0.301648 0.062975 -4.699821
v 0.397236 0.031113 -4.667959
v 0.365374 0.062975 -4.699821
v 0.365374 0.062975 -4.699821
v 0.397236 0.031113 -4.667959
v 0.397236 0.031113 -4.731684
v 0.365374 0.062975 -4.699821
v 0.333511 0.031113 -4.667959
v 0.365374 0.062975 -4.699821
v 0.397236 0.031113 -4.604233
v 0.365374 0.062975 -4.636096
v 0.333511 0.031113 -4.604233
v 0.397236 0.031113 -4.604233
v 0.365374 0.062975 -4.636096
v 0.365374 0.062975 -4.636096
v 0.397236 0.031113 -4.667959
v 0.333511 0.031113 -4.667959
v 0.333511 0.031113 -4.604233
v 0.365374 0.062975 -4.636096
v 0.269786 0.031113 -4.604233
v 0.301648 0.062975 -4.636096
v 0.301648 0.062975 -4.636096
v 0.333511 0.031113 -4.604233
v 0.301648 0.062975 -4.636096
v 0.269786 0.031113 -4.667959
v 0.269786 0.031113 -4.604233
v 0.301648 0.062975 -4.636096
v 1.022490 -0.122896 -4.094432
v 1.022490 0.004554 -4.158157
v 1.022490 0.004554 -4.094432
v 0.895039 -0.122896 -4.094432
v 0.895039 0.004554 -4.158157
v 0.895039 0.004554 -4.094432
v 1.022490 -0.122896 -4.094432
v 0.895039 -0.122896 -4.094432
v 0.958765 0.004554 -4.158157
v 0.926902 0.036417 -4.190020
v 0.895039 0.004554 -4.158157
v 0.926902 0.036417 -4.190020
v 0.958765 0.004554 -4.158157
v 0.926902 0.036417 -4.190020
v 0.958765 0.004554 -4.221882
v 0.895039 0.004554 -4.221882
v 0.895039 0.004554 -4.158157
v 0.926902 0.036417 -4.190020
v 1.022490 0.004554 -4.158157
v 0.990627 0.036417 -4.190020
v 0.990627 0.036417 -4.190020
v 1.022490 0.004554 -4.158157
v 1.022490 0.004554 -4.221882
v 0.990627 0.036417 -4.190020
v 0.958765 0.004554 -4.158157
v 0.990627 0.036417 -4.190020
v 1.022490 0.004554 -4.094432
v 0.990627 0.036417 -4.126295
v 0.958765 0.004554 -4.094432
v 1.022490 0.004554 -4.094432
v 0.990627 0.036417 -4.126295
v 0.990627 0.036417 -4.126295
v 1.022490 0.004554 -4.158157
v 0.958765 0.004554 -4.158157
v 0.958765 0.004554 -4.094432
v 0.990627 0.036417 -4.126295
v 0.895039 0.004554 -4.094432
v 0.926902 0.036417 -4.126295
v 0.926902 0.036417 -4.126295
v 0.958765 0.004554 -4.094432
v 0.926902 0.036417 -4.126295
v 0.895039 0.004554 -4.158157
v 0.895039 0.004554 -4.094432
v 0.926902 0.036417 -4.126295
v 0.384168 -0.122896 -4.094432
v 0.384168 0.004554 -4.158157
v 0.384168 0.004554 -4.094432
v 0.256718 -0.122896 -4.094432
v 0.256718 0.004554 -4.158157
v 0.256718 0.004554 -4.094432
v 0.384168 -0.122896 -4.094432
v 0.256718 -0.122896 -4.094432
v 0.320443 0.004554 -4.158157
v 0.288580 0.036417 -4.190020
v 0.256718 0.004554 -4.158157
v 0.288580 0.036417 -4.190020
v 0.320443 0.004554 -4.158157
v 0.288580 0.036417 -4.190020
v 0.320443 0.004554 -4.221882
v 0.256718 0.004554 -4.221882
v 0.256718 0.004554 -4.158157
v 0.288580 0.036417 -4.190020
v 0.384168 0.004554 -4.158157
v 0.352305 0.036417 -4.190020
v 0.352305 0.036417 -4.190020
v 0.384168 0.004554 -4.158157
v 0.384168 0.004554 -4.221882
v 0.352305 0.036417 -4.190020
v 0.320443 0.004554 -4.158157
v 0.352305 0.036417 -4.190020
v 0.384168 0.004554 -4.094432
v 0.352305 0.036417 -4.126295
v 0.320443 0.004554 -4.094432
v 0.384168 0.004554 -4.094432
v 0.352305 0.036417 -4.126295
v 0.352305 0.036417 -4.126295
v 0.384168 0.004554 -4.158157
v 0.320443 0.004554 -4.158157
v 0.320443 0.004554 -4.094432
v 0.352305 0.036417 -4.126295
v 0.256718 0.004554 -4.094432
v 0.288580 0.036417 -4.126295
v 0.288580 0.036417 -4.126295
v 0.320443 0.004554 -4.094432
v 0.288580 0.036417 -4.126295
v 0.256718 0.004554 -4.158157
v 0.256718 0.004554 -4.094432
v 0.288580 0.036417 -4.126295
v 1.022490 -0.137030 -3.584630
v 1.022490 -0.009580 -3.648355
v 1.022490 -0.009580 -3.584630
v 0.895039 -0.137030 -3.584630
v 0.895039 -0.009580 -3.648355
v 0.895039 -0.009580 -3.584630
v 1.022490 -0.137030 -3.584630
v 0.895039 -0.137030 -3.584630
v 0.958765 -0.009580 -3.648355
v 0.926902 0.022283 -3.680218
v 0.895039 -0.009580 -3.648355
v 0.926902 0.022283 -3.680218
v 0.958765 -0.009580 -3.648355
v 0.926902 0.022283 -3.680218
v 0.958765 -0.009580 -3.712080
v 0.895039 -0.009580 -3.712080
v 0.895039 -0.009580 -3.648355
v 0.926902 0.022283 -3.680218
v 1.022490 -0.009580 -3.648355
v 0.990627 0.022283 -3.680218
v 0.990627 0.022283 -3.680218
v 1.022490 -0.009580 -3.648355
v 1.022490 -0.009580 -3.712080
v 0.990627 0.022283 -3.680218
v 0.958765 -0.009580 -3.648355
v 0.990627 0.022283 -3.680218
v 1.022490 -0.009580 -3.584630
v 0.990627 0.022283 -3.616493
v 0.958765 -0.009580 -3.584630
v 1.022490 -0.009580 -3.584630
v 0.990627 0.022283 -3.616493
v 0.990627 0.022283 -3.616493
v 1.022490 -0.009580 -3.648355
v 0.958765 -0.009580 -3.648355
v 0.958765 -0.009580 -3.584630
v 0.990627 0.022283 -3.616493
v 0.895039 -0.009580 -3.584630
v 0.926902 0.022283 -3.616493
v 0.926902 0.022283 -3.616493
v 0.958765 -0.009580 -3.584630
v 0.926902 0.022283 -3.616493
v 0.895039 -0.009580 -3.648355
v 0.895039 -0.009580 -3.584630
v 0.926902 0.022283 -3.616493
v 0.384168 -0.137030 -3.584630
v 0.384168 -0.009580 -3.648355
v 0.384168 -0.009580 -3.584630
v 0.256718 -0.137030 -3.584630
v 0.256718 -0.009580 -3.648355
v 0.256718 -0.009580 -3.584630
v 0.384168 -0.137030 -3.584630
v 0.256718 -0.137030 -3.584630
v 0.320443 -0.009580 -3.648355
v 0.288580 0.022283 -3.680218
v 0.256718 -0.009580 -3.648355
v 0.288580 0.022283 -3.680218
v 0.320443 -0.009580 -3.648355
v 0.288580 0.022283 -3.680218
v 0.320443 -0.009580 -3.712080
v 0.256718 -0.009580 -3.712080
v 0.256718 -0.009580 -3.648355
v 0.288580 0.022283 -3.680218
v 0.384168 -0.009580 -3.648355
v 0.352305 0.022283 -3.680218
v 0.352305 0.022283 -3.680218
v 0.384168 -0.009580 -3.648355
v 0.384168 -0.009580 -3.712080
v 0.352305 0.022283 -3.680218
v 0.320443 -0.009580 -3.648355
v 0.352305 0.022283 -3.680218
v 0.384168 -0.009580 -3.584630
v 0.352305 0.022283 -3.616493
v 0.320443 -0.009580 -3.584630
v 0.384168 -0.009580 -3.584630
v 0.352305 0.022283 -3.616493
v 0.352305 0.022283 -3.616493
v 0.384168 -0.009580 -3.648355
v 0.320443 -0.009580 -3.648355
v 0.320443 -0.009580 -3.584630
v 0.352305 0.022283 -3.616493
v 0.256718 -0.009580 -3.584630
v 0.288580 0.022283 -3.616493
v 0.288580 0.022283 -3.616493
v 0.320443 -0.009580 -3.584630
v 0.288580 0.022283 -3.616493
v 0.256718 -0.009580 -3.648355
v 0.256718 -0.009580 -3.584630
v 0.288580 0.022283 -3.616493
v 1.022490 -0.160963 -3.074828
v 1.022490 -0.033512 -3.138553
v 1.022490 -0.033512 -3.074828
v 0.895039 -0.160963 -3.074828
v 0.895039 -0.033512 -3.138553
v 0.895039 -0.033512 -3.074828
v 1.022490 -0.160963 -3.074828
v 0.895039 -0.160963 -3.074828
v 0.958765 -0.033512 -3.138553
v 0.926902 -0.001650 -3.170416
v 0.895039 -0.033512 -3.138553
v 0.926902 -0.001650 -3.170416
v 0.958765 -0.033512 -3.138553
v 0.926902 -0.001650 -3.170416
v 0.958765 -0.033512 -3.202278
v 0.895039 -0.033512 -3.202278
v 0.895039 -0.033512 -3.138553
v 0.926902 -0.001650 -3.170416
v 1.022490 -0.033512 -3.138553
v 0.990627 -0.001650 -3.170416
v 0.990627 -0.001650 -3.170416
v 1.022490 -0.033512 -3.138553
v 1.022490 -0.033512 -3.202278
v 0.990627 -0.001650 -3.170416
v 0.958765 -0.033512 -3.138553
v 0.990627 -0.001650 -3.170416
v 1.022490 -0.033512 -3.074828
v 0.990627 -0.001650 -3.106690
v 0.958765 -0.033512 -3.074828
v 1.022490 -0.033512 -3.074828
v 0.990627 -0.001650 -3.106690
v 0.990627 -0.001650 -3.106690
v 1.022490 -0.033512 -3.138553
v 0.958765 -0.033512 -3.138553
v 0.958765 -0.033512 -3.074828
v 0.990627 -0.001650 -3.106690
v 0.895039 -0.033512 -3.074828
v 0.926902 -0.001650 -3.106690
v 0.926902 -0.001650 -3.106690
v 0.958765 -0.033512 -3.074828
v 0.926902 -0.001650 -3.106690
v 0.895039 -0.033512 -3.138553
v 0.895039 -0.033512 -3.074828
v 0.926902 -0.001650 -3.106690
v 0.384168 -0.160963 -3.074828
v 0.384168 -0.033512 -3.138553
v 0.384168 -0.033512 -3.074828
v 0.256718 -0.160963 -3.074828
v 0.256718 -0.033512 -3.138553
v 0.256718 -0.033512 -3.074828
v 0.384168 -0.160963 -3.074828
v 0.256718 -0.160963 -3.074828
v 0.320443 -0.033512 -3.138553
v 0.288580 -0.001650 -3.170416
v 0.256718 -0.033512 -3.138553
v 0.288580 -0.001650 -3.170416
v 0.320443 -0.033512 -3.138553
v 0.288580 -0.001650 -3.170416
v 0.320443 -0.033512 -3.202278
v 0.256718 -0.033512 -3.202278
v 0.256718 -0.033512 -3.138553
v 0.288580 -0.001650 -3.170416
v 0.384168 -0.033512 -3.138553
v 0.352305 -0.001650 -3.170416
v 0.352305 -0.001650 -3.170416
v 0.384168 -0.033512 -3.138553
v 0.384168 -0.033512 -3.202278
v 0.352305 -0.001650 -3.170416
v 0.320443 -0.033512 -3.138553
v 0.352305 -0.001650 -3.170416
v 0.384168 -0.033512 -3.074828
v 0.352305 -0.001650 -3.106690
v 0.320443 -0.033512 -3.074828
v 0.384168 -0.033512 -3.074828
v 0.352305 -0.001650 -3.106690
v 0.352305 -0.001650 -3.106690
v 0.384168 -0.033512 -3.138553
v 0.320443 -0.033512 -3.138553
v 0.320443 -0.033512 -3.074828
v 0.352305 -0.001650 -3.106690
v 0.256718 -0.033512 -3.074828
v 0.288580 -0.001650 -3.106690
v 0.288580 -0.001650 -3.106690
v 0.320443 -0.033512 -3.074828
v 0.288580 -0.001650 -3.106690
v 0.256718 -0.033512 -3.138553
v 0.256718 -0.033512 -3.074828
v 0.288580 -0.001650 -3.106690
v 1.022490 -0.187372 -2.565026
v 1.022490 -0.059922 -2.628751
v 1.022490 -0.059922 -2.565026
v 0.895039 -0.187372 -2.565026
v 0.895039 -0.059922 -2.628751
v 0.895039 -0.059922 -2.565026
v 1.022490 -0.187372 -2.565026
v 0.895039 -0.187372 -2.565026
v 0.958765 -0.059922 -2.628751
v 0.926902 -0.028059 -2.660614
v 0.895039 -0.059922 -2.628751
v 0.926902 -0.028059 -2.660614
v 0.958765 -0.059922 -2.628751
v 0.926902 -0.028059 -2.660614
v 0.958765 -0.059922 -2.692477
v 0.895039 -0.059922 -2.692477
v 0.895039 -0.059922 -2.628751
v 0.926902 -0.028059 -2.660614
v 1.022490 -0.059922 -2.628751
v 0.990627 -0.028059 -2.660614
v 0.990627 -0.028059 -2.660614
v 1.022490 -0.059922 -2.628751
v 1.022490 -0.059922 -2.692477
v 0.990627 -0.028059 -2.660614
v 0.958765 -0.059922 -2.628751
v 0.990627 -0.028059 -2.660614
v 1.022490 -0.059922 -2.565026
v 0.990627 -0.028059 -2.596889
v 0.958765 -0.059922 -2.565026
v 1.022490 -0.059922 -2.565026
v 0.990627 -0.028059 -2.596889
v 0.990627 -0.028059 -2.596889
v 1.022490 -0.059922 -2.628751
v 0.958765 -0.059922 -2.628751
v 0.958765 -0.059922 -2.565026
v 0.990627 -0.028059 -2.596889
v 0.895039 -0.059922 -2.565026
v 0.926902 -0.028059 -2.596889
v 0.926902 -0.028059 -2.596889
v 0.958765 -0.059922 -2.565026
v 0.926902 -0.028059 -2.596889
v 0.895039 -0.059922 -2.628751
v 0.895039 -0.059922 -2.565026
v 0.926902 -0.028059 -2.596889
v 0.384168 -0.187372 -2.565026
v 0.384168 -0.059922 -2.628751
v 0.384168 -0.059922 -2.565026
v 0.256718 -0.187372 -2.565026
v 0.256718 -0.059922 -2.628751
v 0.256718 -0.059922 -2.565026
v 0.384168 -0.187372 -2.565026
v 0.256718 -0.187372 -2.565026
v 0.320443 -0.059922 -2.628751
v 0.288580 -0.028059 -2.660614
v 0.256718 -0.059922 -2.628751
v 0.288580 -0.028059 -2.660614
v 0.320443 -0.059922 -2.628751
v 0.288580 -0.028059 -2.660614
v 0.320443 -0.059922 -2.692477
v 0.256718 -0.059922 -2.692477
v 0.256718 -0.059922 -2.628751
v 0.288580 -0.028059 -2.660614
v 0.384168 -0.059922 -2.628751
v 0.352305 -0.028059 -2.660614
v 0.352305 -0.028059 -2.660614
v 0.384168 -0.059922 -2.628751
v 0.384168 -0.059922 -2.692477
v 0.352305 -0.028059 -2.660614
v 0.320443 -0.059922 -2.628751
v 0.352305 -0.028059 -2.660614
v 0.384168 -0.059922 -2.565026
v 0.352305 -0.028059 -2.596889
v 0.320443 -0.059922 -2.565026
v 0.384168 -0.059922 -2.565026
v 0.352305 -0.028059 -2.596889
v 0.352305 -0.028059 -2.596889
v 0.384168 -0.059922 -2.628751
v 0.320443 -0.059922 -2.628751
v 0.320443 -0.059922 -2.565026
v 0.352305 -0.028059 -2.596889
v 0.256718 -0.059922 -2.565026
v 0.288580 -0.028059 -2.596889
v 0.288580 -0.028059 -2.596889
v 0.320443 -0.059922 -2.565026
v 0.288580 -0.028059 -2.596889
v 0.256718 -0.059922 -2.628751
v 0.256718 -0.059922 -2.565026
v 0.288580 -0.028059 -2.596889
v 1.022490 -0.216569 -2.055224
v 1.022490 -0.089118 -2.118949
v 1.022490 -0.089118 -2.055224
v 0.895039 -0.216569 -2.055224
v 0.895039 -0.089118 -2.118949
v 0.895039 -0.089118 -2.055224
v 1.022490 -0.216569 -2.055224
v 0.895039 -0.216569 -2.055224
v 0.958765 -0.089118 -2.118949
v 0.926902 -0.057256 -2.150812
v 0.895039 -0.089118 -2.118949
v 0.926902 -0.057256 -2.150812
v 0.958765 -0.089118 -2.118949
v 0.926902 -0.057256 -2.150812
v 0.958765 -0.089118 -2.182675
v 0.895039 -0.089118 -2.182675
v 0.895039 -0.089118 -2.118949
v 0.926902 -0.057256 -2.150812
v 1.022490 -0.089118 -2.118949
v 0.990627 -0.057256 -2.150812
v 0.990627 -0.057256 -2.150812
v 1.022490 -0.089118 -2.118949
v 1.022490 -0.089118 -2.182675
v 0.990627 -0.057256 -2.150812
v 0.958765 -0.089118 -2.118949
v 0.990627 -0.057256 -2.150812
v 1.022490 -0.089118 -2.055224
v 0.990627 -0.057256 -2.087087
v 0.958765 -0.089118 -2.055224
v 1.022490 -0.089118 -2.055224
v 0.990627 -0.057256 -2.087087
v 0.990627 -0.057256 -2.087087
v 1.022490 -0.089118 -2.118949
v 0.958765 -0.089118 -2.118949
v 0.958765 -0.089118 -2.055224
v 0.990627 -0.057256 -2.087087
v 0.895039 -0.089118 -2.055224
v 0.926902 -0.057256 -2.087087
v 0.926902 -0.057256 -2.087087
v 0.958765 -0.089118 -2.055224
v 0.926902 -0.057256 -2.087087
v 0.895039 -0.089118 -2.118949
v 0.895039 -0.089118 -2.055224
v 0.926902 -0.057256 -2.087087
v 0.384168 -0.216569 -2.055224
v 0.384168 -0.089118 -2.118949
v 0.384168 -0.089118 -2.055224
v 0.256718 -0.216569 -2.055224
v 0.256718 -0.089118 -2.118949
v 0.256718 -0.089118 -2.055224
v 0.384168 -0.216569 -2.055224
v 0.256718 -0.216569 -2.055224
v 0.320443 -0.089118 -2.118949
v 0.288580 -0.057256 -2.150812
v 0.256718 -0.089118 -2.118949
v 0.288580 -0.057256 -2.150812
v 0.320443 -0.089118 -2.118949
v 0.288580 -0.057256 -2.150812
v 0.320443 -0.089118 -2.182675
v 0.256718 -0.089118 -2.182675
v 0.256718 -0.089118 -2.118949
v 0.288580 -0.057256 -2.150812
v 0.384168 -0.089118 -2.118949
v 0.352305 -0.057256 -2.150812
v 0.352305 -0.057256 -2.150812
v 0.384168 -0.089118 -2.118949
v 0.384168 -0.089118 -2.182675
v 0.352305 -0.057256 -2.150812
v 0.320443 -0.089118 -2.118949
v 0.352305 -0.057256 -2.150812
v 0.384168 -0.089118 -2.055224
v 0.352305 -0.057256 -2.087087
v 0.320443 -0.089118 -2.055224
v 0.384168 -0.089118 -2.055224
v 0.352305 -0.057256 -2.087087
v 0.352305 -0.057256 -2.087087
v 0.384168 -0.089118 -2.118949
v 0.320443 -0.089118 -2.118949
v 0.320443 -0.089118 -2.055224
v 0.352305 -0.057256 -2.087087
v 0.256718 -0.089118 -2.055224
v 0.288580 -0.057256 -2.087087
v 0.288580 -0.057256 -2.087087
v 0.320443 -0.089118 -2.055224
v 0.288580 -0.057256 -2.087087
v 0.256718 -0.089118 -2.118949
v 0.256718 -0.089118 -2.055224
v 0.288580 -0.057256 -2.087087
v 1.022490 -0.259208 -1.545422
v 1.022490 -0.131757 -1.609147
v 1.022490 -0.131757 -1.545422
v 0.895039 -0.259208 -1.545422
v 0.895039 -0.131757 -1.609147
v 0.895039 -0.131757 -1.545422
v 1.022490 -0.259208 -1.545422
v 0.895039 -0.259208 -1.545422
v 0.958765 -0.131757 -1.609147
v 0.926902 -0.099895 -1.641010
v 0.895039 -0.131757 -1.609147
v 0.926902 -0.099895 -1.641010
v 0.958765 -0.131757 -1.609147
v 0.926902 -0.099895 -1.641010
v 0.958765 -0.131757 -1.672872
v 0.895039 -0.131757 -1.672872
v 0.895039 -0.131757 -1.609147
v 0.926902 -0.099895 -1.641010
v 1.022490 -0.131757 -1.609147
v 0.990627 -0.099895 -1.641010
v 0.990627 -0.099895 -1.641010
v 1.022490 -0.131757 -1.609147
v 1.022490 -0.131757 -1.672872
v 0.990627 -0.099895 -1.641010
v 0.958765 -0.131757 -1.609147
v 0.990627 -0.099895 -1.641010
v 1.022490 -0.131757 -1.545422
v 0.990627 -0.099895 -1.577284
v 0.958765 -0.131757 -1.545422
v 1.022490 -0.131757 -1.545422
v 0.990627 -0.099895 -1.577284
v 0.990627 -0.099895 -1.577284
v 1.022490 -0.131757 -1.609147
v 0.958765 -0.131757 -1.609147
v 0.958765 -0.131757 -1.545422
v 0.990627 -0.099895 -1.577284
v 0.895039 -0.131757 -1.545422
v 0.926902 -0.099895 -1.577284
v 0.926902 -0.099895 -1.577284
v 0.958765 -0.131757 -1.545422
v 0.926902 -0.099895 -1.577284
v 0.895039 -0.131757 -1.609147
v 0.895039 -0.131757 -1.545422
v 0.926902 -0.099895 -1.577284
v 0.384168 -0.259208 -1.545422
v 0.384168 -0.131757 -1.609147
v 0.384168 -0.131757 -1.545422
v 0.256718 -0.259208 -1.545422
v 0.256718 -0.131757 -1.609147
v 0.256718 -0.131757 -1.545422
v 0.384168 -0.259208 -1.545422
v 0.256718 -0.259208 -1.545422
v 0.320443 -0.131757 -1.609147
v 0.288580 -0.099895 -1.641010
v 0.256718 -0.131757 -1.609147
v 0.288580 -0.099895 -1.641010
v 0.320443 -0.131757 -1.609147
v 0.288580 -0.099895 -1.641010
v 0.320443 -0.131757 -1.672872
v 0.256718 -0.131757 -1.672872
v 0.256718 -0.131757 -1.609147
v 0.288580 -0.099895 -1.641010
v 0.384168 -0.131757 -1.609147
v 0.352305 -0.099895 -1.641010
v 0.352305 -0.099895 -1.641010
v 0.384168 -0.131757 -1.609147
v 0.384168 -0.131757 -1.672872
v 0.352305 -0.099895 -1.641010
v 0.320443 -0.131757 -1.609147
v 0.352305 -0.099895 -1.641010
v 0.384168 -0.131757 -1.545422
v 0.352305 -0.099895 -1.577284
v 0.320443 -0.131757 -1.545422
v 0.384168 -0.131757 -1.545422
v 0.352305 -0.099895 -1.577284
v 0.352305 -0.099895 -1.577284
v 0.384168 -0.131757 -1.609147
v 0.320443 -0.131757 -1.609147
v 0.320443 -0.131757 -1.545422
v 0.352305 -0.099895 -1.577284
v 0.256718 -0.131757 -1.545422
v 0.288580 -0.099895 -1.577284
v 0.288580 -0.099895 -1.577284
v 0.320443 -0.131757 -1.545422
v 0.288580 -0.099895 -1.577284
v 0.256718 -0.131757 -1.609147
v 0.256718 -0.131757 -1.545422
v 0.288580 -0.099895 -1.577284
v 1.043668 -0.076554 -5.496387
v 1.043668 -0.076554 -5.623838
v 1.043668 0.050896 -5.560112
v 1.043668 0.050896 -5.496387
v 1.043668 0.050896 -5.623838
v 0.916218 -0.076554 -5.623838
v 0.916218 -0.076554 -5.496387
v 0.916218 0.050896 -5.560112
v 0.916218 0.050896 -5.623838
v 0.916218 0.050896 -5.496387
v 1.043668 -0.076554 -5.496387
v 0.916218 -0.076554 -5.496387
v 0.916218 -0.076554 -5.623838
v 1.043668 -0.076554 -5.623838
v 0.979943 0.050896 -5.560112
v 0.948080 0.082759 -5.591975
v 0.916218 0.050896 -5.560112
v 0.948080 0.082759 -5.591975
v 0.979943 0.050896 -5.560112
v 0.979943 0.050896 -5.623838
v 0.948080 0.082759 -5.591975
v 0.979943 0.050896 -5.623838
v 0.916218 0.050896 -5.623838
v 0.916218 0.050896 -5.623838
v 0.916218 0.050896 -5.560112
v 0.948080 0.082759 -5.591975
v 1.043668 0.050896 -5.560112
v 1.011806 0.082759 -5.591975
v 1.011806 0.082759 -5.591975
v 1.043668 0.050896 -5.560112
v 1.043668 0.050896 -5.623838
v 1.043668 0.050896 -5.623838
v 1.011806 0.082759 -5.591975
v 0.979943 0.050896 -5.560112
v 1.011806 0.082759 -5.591975
v 0.979943 0.050896 -5.623838
v 1.043668 0.050896 -5.496387
v 1.011806 0.082759 -5.528250
v 0.979943 0.050896 -5.496387
v 1.043668 0.050896 -5.496387
v 1.011806 0.082759 -5.528250
v 1.011806 0.082759 -5.528250
v 1.043668 0.050896 -5.560112
v 0.979943 0.050896 -5.560112
v 0.979943 0.050896 -5.496387
v 1.011806 0.082759 -5.528250
v 0.916218 0.050896 -5.496387
v 0.948080 0.082759 -5.528250
v 0.948080 0.082759 -5.528250
v 0.979943 0.050896 -5.496387
v 0.948080 0.082759 -5.528250
v 0.916218 0.050896 -5.560112
v 0.916218 0.050896 -5.496387
v 0.948080 0.082759 -5.528250
v 0.408916 -0.076554 -5.496387
v 0.408916 0.050896 -5.560112
v 0.408916 0.050896 -5.496387
v 0.281465 -0.076554 -5.496387
v 0.281465 0.050896 -5.560112
v 0.281465 0.050896 -5.496387
v 0.408916 -0.076554 -5.496387
v 0.281465 -0.076554 -5.496387
v 0.345190 0.050896 -5.560112
v 0.313328 0.082759 -5.591975
v 0.281465 0.050896 -5.560112
v 0.313328 0.082759 -5.591975
v 0.345190 0.050896 -5.560112
v 0.313328 0.082759 -5.591975
v 0.345190 0.050896 -5.623838
v 0.281465 0.050896 -5.623838
v 0.281465 0.050896 -5.560112
v 0.313328 0.082759 -5.591975
v 0.408916 0.050896 -5.560112
v 0.377053 0.082759 -5.591975
v 0.377053 0.082759 -5.591975
v 0.408916 0.050896 -5.560112
v 0.408916 0.050896 -5.623838
v 0.377053 0.082759 -5.591975
v 0.345190 0.050896 -5.560112
v 0.377053 0.082759 -5.591975
v 0.408916 0.050896 -5.496387
v 0.377053 0.082759 -5.528250
v 0.345190 0.050896 -5.496387
v 0.408916 0.050896 -5.496387
v 0.377053 0.082759 -5.528250
v 0.377053 0.082759 -5.528250
v 0.408916 0.050896 -5.560112
v 0.345190 0.050896 -5.560112
v 0.345190 0.050896 -5.496387
v 0.377053 0.082759 -5.528250
v 0.281465 0.050896 -5.496387
v 0.313328 0.082759 -5.528250
v 0.313328 0.082759 -5.528250
v 0.345190 0.050896 -5.496387
v 0.313328 0.082759 -5.528250
v 0.281465 0.050896 -5.560112
v 0.281465 0.050896 -5.496387
v 0.313328 0.082759 -5.528250
v 1.033322 -0.096338 -4.986586
v 1.033322 0.031113 -5.050310
v 1.033322 0.031113 -4.986586
v 0.905871 -0.096338 -4.986586
v 0.905871 0.031113 -5.050310
v 0.905871 0.031113 -4.986586
v 1.033322 -0.096338 -4.986586
v 0.905871 -0.096338 -4.986586
v 0.969596 0.031113 -5.050310
v 0.937734 0.062975 -5.082173
v 0.905871 0.031113 -5.050310
v 0.937734 0.062975 -5.082173
v 0.969596 0.031113 -5.050310
v 0.937734 0.062975 -5.082173
v 0.969596 0.031113 -5.114036
v 0.905871 0.031113 -5.114036
v 0.905871 0.031113 -5.050310
v 0.937734 0.062975 -5.082173
v 1.033322 0.031113 -5.050310
v 1.001459 0.062975 -5.082173
v 1.001459 0.062975 -5.082173
v 1.033322 0.031113 -5.050310
v 1.033322 0.031113 -5.114036
v 1.001459 0.062975 -5.082173
v 0.969596 0.031113 -5.050310
v 1.001459 0.062975 -5.082173
v 1.033322 0.031113 -4.986586
v 1.001459 0.062975 -5.018448
v 0.969596 0.031113 -4.986586
v 1.033322 0.031113 -4.986586
v 1.001459 0.062975 -5.018448
v 1.001459 0.062975 -5.018448
v 1.033322 0.031113 -5.050310
v 0.969596 0.031113 -5.050310
v 0.969596 0.031113 -4.986586
v 1.001459 0.062975 -5.018448
v 0.905871 0.031113 -4.986586
v 0.937734 0.062975 -5.018448
v 0.937734 0.062975 -5.018448
v 0.969596 0.031113 -4.986586
v 0.937734 0.062975 -5.018448
v 0.905871 0.031113 -5.050310
v 0.905871 0.031113 -4.986586
v 0.937734 0.062975 -5.018448
v 0.397236 -0.096338 -4.986586
v 0.397236 0.031113 -5.050310
v 0.397236 0.031113 -4.986586
v 0.269786 -0.096338 -4.986586
v 0.269786 0.031113 -5.050310
v 0.269786 0.031113 -4.986586
v 0.397236 -0.096338 -4.986586
v 0.269786 -0.096338 -4.986586
v 0.333511 0.031113 -5.050310
v 0.301648 0.062975 -5.082173
v 0.269786 0.031113 -5.050310
v 0.301648 0.062975 -5.082173
v 0.333511 0.031113 -5.050310
v 0.301648 0.062975 -5.082173
v 0.333511 0.031113 -5.114036
v 0.269786 0.031113 -5.114036
v 0.269786 0.031113 -5.050310
v 0.301648 0.062975 -5.082173
v 0.397236 0.031113 -5.050310
v 0.365374 0.062975 -5.082173
v 0.365374 0.062975 -5.082173
v 0.397236 0.031113 -5.050310
v 0.397236 0.031113 -5.114036
v 0.365374 0.062975 -5.082173
v 0.333511 0.031113 -5.050310
v 0.365374 0.062975 -5.082173
v 0.397236 0.031113 -4.986586
v 0.365374 0.062975 -5.018448
v 0.333511 0.031113 -4.986586
v 0.397236 0.031113 -4.986586
v 0.365374 0.062975 -5.018448
v 0.365374 0.062975 -5.018448
v 0.397236 0.031113 -5.050310
v 0.333511 0.031113 -5.050310
v 0.333511 0.031113 -4.986586
v 0.365374 0.062975 -5.018448
v 0.269786 0.031113 -4.986586
v 0.301648 0.062975 -5.018448
v 0.301648 0.062975 -5.018448
v 0.333511 0.031113 -4.986586
v 0.301648 0.062975 -5.018448
v 0.269786 0.031113 -5.050310
v 0.269786 0.031113 -4.986586
v 0.301648 0.062975 -5.018448
v 1.022490 -0.096338 -4.476783
v 1.022490 0.031113 -4.540509
v 1.022490 0.031113 -4.476783
v 0.895039 -0.096338 -4.476783
v 0.895039 0.031113 -4.540509
v 0.895039 0.031113 -4.476783
v 1.022490 -0.096338 -4.476783
v 0.895039 -0.096338 -4.476783
v 0.958765 0.031113 -4.540509
v 0.926902 0.062975 -4.572371
v 0.895039 0.031113 -4.540509
v 0.926902 0.062975 -4.572371
v 0.958765 0.031113 -4.540509
v 0.926902 0.062975 -4.572371
v 0.958765 0.031113 -4.604233
v 0.895039 0.031113 -4.604233
v 0.895039 0.031113 -4.540509
v 0.926902 0.062975 -4.572371
v 1.022490 0.031113 -4.540509
v 0.990627 0.062975 -4.572371
v 0.990627 0.062975 -4.572371
v 1.022490 0.031113 -4.540509
v 1.022490 0.031113 -4.604233
v 0.990627 0.062975 -4.572371
v 0.958765 0.031113 -4.540509
v 0.990627 0.062975 -4.572371
v 1.022490 0.031113 -4.476783
v 0.990627 0.062975 -4.508646
v 0.958765 0.031113 -4.476783
v 1.022490 0.031113 -4.476783
v 0.990627 0.062975 -4.508646
v 0.990627 0.062975 -4.508646
v 1.022490 0.031113 -4.540509
v 0.958765 0.031113 -4.540509
v 0.958765 0.031113 -4.476783
v 0.990627 0.062975 -4.508646
v 0.895039 0.031113 -4.476783
v 0.926902 0.062975 -4.508646
v 0.926902 0.062975 -4.508646
v 0.958765 0.031113 -4.476783
v 0.926902 0.062975 -4.508646
v 0.895039 0.031113 -4.540509
v 0.895039 0.031113 -4.476783
v 0.926902 0.062975 -4.508646
v 0.397236 -0.096338 -4.476783
v 0.397236 0.031113 -4.540509
v 0.397236 0.031113 -4.476783
v 0.269786 -0.096338 -4.476783
v 0.269786 0.031113 -4.540509
v 0.269786 0.031113 -4.476783
v 0.397236 -0.096338 -4.476783
v 0.269786 -0.096338 -4.476783
v 0.333511 0.031113 -4.540509
v 0.301648 0.062975 -4.572371
v 0.269786 0.031113 -4.540509
v 0.301648 0.062975 -4.572371
v 0.333511 0.031113 -4.540509
v 0.301648 0.062975 -4.572371
v 0.333511 0.031113 -4.604233
v 0.269786 0.031113 -4.604233
v 0.269786 0.031113 -4.540509
v 0.301648 0.062975 -4.572371
v 0.397236 0.031113 -4.540509
v 0.365374 0.062975 -4.572371
v 0.365374 0.062975 -4.572371
v 0.397236 0.031113 -4.540509
v 0.397236 0.031113 -4.604233
v 0.365374 0.062975 -4.572371
v 0.333511 0.031113 -4.540509
v 0.365374 0.062975 -4.572371
v 0.397236 0.031113 -4.476783
v 0.365374 0.062975 -4.508646
v 0.333511 0.031113 -4.476783
v 0.397236 0.031113 -4.476783
v 0.365374 0.062975 -4.508646
v 0.365374 0.062975 -4.508646
v 0.397236 0.031113 -4.540509
v 0.333511 0.031113 -4.540509
v 0.333511 0.031113 -4.476783
v 0.365374 0.062975 -4.508646
v 0.269786 0.031113 -4.476783
v 0.301648 0.062975 -4.508646
v 0.301648 0.062975 -4.508646
v 0.333511 0.031113 -4.476783
v 0.301648 0.062975 -4.508646
v 0.269786 0.031113 -4.540509
v 0.269786 0.031113 -4.476783
v 0.301648 0.062975 -4.508646
v 1.022490 -0.122896 -3.966981
v 1.022490 0.004554 -4.030706
v 1.022490 0.004554 -3.966981
v 0.895039 -0.122896 -3.966981
v 0.895039 0.004554 -4.030706
v 0.895039 0.004554 -3.966981
v 1.022490 -0.122896 -3.966981
v 0.895039 -0.122896 -3.966981
v 0.958765 0.004554 -4.030706
v 0.926902 0.036417 -4.062569
v 0.895039 0.004554 -4.030706
v 0.926902 0.036417 -4.062569
v 0.958765 0.004554 -4.030706
v 0.926902 0.036417 -4.062569
v 0.958765 0.004554 -4.094432
v 0.895039 0.004554 -4.094432
v 0.895039 0.004554 -4.030706
v 0.926902 0.036417 -4.062569
v 1.022490 0.004554 -4.030706
v 0.990627 0.036417 -4.062569
v 0.990627 0.036417 -4.062569
v 1.022490 0.004554 -4.030706
v 1.022490 0.004554 -4.094432
v 0.990627 0.036417 -4.062569
v 0.958765 0.004554 -4.030706
v 0.990627 0.036417 -4.062569
v 1.022490 0.004554 -3.966981
v 0.990627 0.036417 -3.998844
v 0.958765 0.004554 -3.966981
v 1.022490 0.004554 -3.966981
v 0.990627 0.036417 -3.998844
v 0.990627 0.036417 -3.998844
v 1.022490 0.004554 -4.030706
v 0.958765 0.004554 -4.030706
v 0.958765 0.004554 -3.966981
v 0.990627 0.036417 -3.998844
v 0.895039 0.004554 -3.966981
v 0.926902 0.036417 -3.998844
v 0.926902 0.036417 -3.998844
v 0.958765 0.004554 -3.966981
v 0.926902 0.036417 -3.998844
v 0.895039 0.004554 -4.030706
v 0.895039 0.004554 -3.966981
v 0.926902 0.036417 -3.998844
v 0.384168 -0.122896 -3.966981
v 0.384168 0.004554 -4.030706
v 0.384168 0.004554 -3.966981
v 0.256718 -0.122896 -3.966981
v 0.256718 0.004554 -4.030706
v 0.256718 0.004554 -3.966981
v 0.384168 -0.122896 -3.966981
v 0.256718 -0.122896 -3.966981
v 0.320443 0.004554 -4.030706
v 0.288580 0.036417 -4.062569
v 0.256718 0.004554 -4.030706
v 0.288580 0.036417 -4.062569
v 0.320443 0.004554 -4.030706
v 0.288580 0.036417 -4.062569
v 0.320443 0.004554 -4.094432
v 0.256718 0.004554 -4.094432
v 0.256718 0.004554 -4.030706
v 0.288580 0.036417 -4.062569
v 0.384168 0.004554 -4.030706
v 0.352305 0.036417 -4.062569
v 0.352305 0.036417 -4.062569
v 0.384168 0.004554 -4.030706
v 0.384168 0.004554 -4.094432
v 0.352305 0.036417 -4.062569
v 0.320443 0.004554 -4.030706
v 0.352305 0.036417 -4.062569
v 0.384168 0.004554 -3.966981
v 0.352305 0.036417 -3.998844
v 0.320443 0.004554 -3.966981
v 0.384168 0.004554 -3.966981
v 0.352305 0.036417 -3.998844
v 0.352305 0.036417 -3.998844
v 0.384168 0.004554 -4.030706
v 0.320443 0.004554 -4.030706
v 0.320443 0.004554 -3.966981
v 0.352305 0.036417 -3.998844
v 0.256718 0.004554 -3.966981
v 0.288580 0.036417 -3.998844
v 0.288580 0.036417 -3.998844
v 0.320443 0.004554 -3.966981
v 0.288580 0.036417 -3.998844
v 0.256718 0.004554 -4.030706
v 0.256718 0.004554 -3.966981
v 0.288580 0.036417 -3.998844
v 1.022490 -0.137030 -3.457180
v 1.022490 -0.009580 -3.520905
v 1.022490 -0.009580 -3.457180
v 0.895039 -0.137030 -3.457180
v 0.895039 -0.009580 -3.520905
v 0.895039 -0.009580 -3.457180
v 1.022490 -0.137030 -3.457180
v 0.895039 -0.137030 -3.457180
v 0.958765 -0.009580 -3.520905
v 0.926902 0.022283 -3.552767
v 0.895039 -0.009580 -3.520905
v 0.926902 0.022283 -3.552767
v 0.958765 -0.009580 -3.520905
v 0.926902 0.022283 -3.552767
v 0.958765 -0.009580 -3.584630
v 0.895039 -0.009580 -3.584630
v 0.895039 -0.009580 -3.520905
v 0.926902 0.022283 -3.552767
v 1.022490 -0.009580 -3.520905
v 0.990627 0.022283 -3.552767
v 0.990627 0.022283 -3.552767
v 1.022490 -0.009580 -3.520905
v 1.022490 -0.009580 -3.584630
v 0.990627 0.022283 -3.552767
v 0.958765 -0.009580 -3.520905
v 0.990627 0.022283 -3.552767
v 1.022490 -0.009580 -3.457180
v 0.990627 0.022283 -3.489042
v 0.958765 -0.009580 -3.457180
v 1.022490 -0.009580 -3.457180
v 0.990627 0.022283 -3.489042
v 0.990627 0.022283 -3.489042
v 1.022490 -0.009580 -3.520905
v 0.958765 -0.009580 -3.520905
v 0.958765 -0.009580 -3.457180
v 0.990627 0.022283 -3.489042
v 0.895039 -0.009580 -3.457180
v 0.926902 0.022283 -3.489042
v 0.926902 0.022283 -3.489042
v 0.958765 -0.009580 -3.457180
v 0.926902 0.022283 -3.489042
v 0.895039 -0.009580 -3.520905
v 0.895039 -0.009580 -3.457180
v 0.926902 0.022283 -3.489042
v 0.384168 -0.137030 -3.457180
v 0.384168 -0.009580 -3.520905
v 0.384168 -0.009580 -3.457180
v 0.256718 -0.137030 -3.457180
v 0.256718 -0.009580 -3.520905
v 0.256718 -0.009580 -3.457180
v 0.384168 -0.137030 -3.457180
v 0.256718 -0.137030 -3.457180
v 0.320443 -0.009580 -3.520905
v 0.288580 0.022283 -3.552767
v 0.256718 -0.009580 -3.520905
v 0.288580 0.022283 -3.552767
v 0.320443 -0.009580 -3.520905
v 0.288580 0.022283 -3.552767
v 0.320443 -0.009580 -3.584630
v 0.256718 -0.009580 -3.584630
v 0.256718 -0.009580 -3.520905
v 0.288580 0.022283 -3.552767
v 0.384168 -0.009580 -3.520905
v 0.352305 0.022283 -3.552767
v 0.352305 0.022283 -3.552767
v 0.384168 -0.009580 -3.520905
v 0.384168 -0.009580 -3.584630
v 0.352305 0.022283 -3.552767
v 0.320443 -0.009580 -3.520905
v 0.352305 0.022283 -3.552767
v 0.384168 -0.009580 -3.457180
v 0.352305 0.022283 -3.489042
v 0.320443 -0.009580 -3.457180
v 0.384168 -0.009580 -3.457180
v 0.352305 0.022283 -3.489042
v 0.352305 0.022283 -3.489042
v 0.384168 -0.009580 -3.520905
v 0.320443 -0.009580 -3.520905
v 0.320443 -0.009580 -3.457180
v 0.352305 0.022283 -3.489042
v 0.256718 -0.009580 -3.457180
v 0.288580 0.022283 -3.489042
v 0.288580 0.022283 -3.489042
v 0.320443 -0.009580 -3.457180
v 0.288580 0.022283 -3.489042
v 0.256718 -0.009580 -3.520905
v 0.256718 -0.009580 -3.457180
v 0.288580 0.022283 -3.489042
v 1.022490 -0.160963 -2.947377
v 1.022490 -0.033512 -3.011103
v 1.022490 -0.033512 -2.947377
v 0.895039 -0.160963 -2.947377
v 0.895039 -0.033512 -3.011103
v 0.895039 -0.033512 -2.947377
v 1.022490 -0.160963 -2.947377
v 0.895039 -0.160963 -2.947377
v 0.958765 -0.033512 -3.011103
v 0.926902 -0.001650 -3.042965
v 0.895039 -0.033512 -3.011103
v 0.926902 -0.001650 -3.042965
v 0.958765 -0.033512 -3.011103
v 0.926902 -0.001650 -3.042965
v 0.958765 -0.033512 -3.074828
v 0.895039 -0.033512 -3.074828
v 0.895039 -0.033512 -3.011103
v 0.926902 -0.001650 -3.042965
v 1.022490 -0.033512 -3.011103
v 0.990627 -0.001650 -3.042965
v 0.990627 -0.001650 -3.042965
v 1.022490 -0.033512 -3.011103
v 1.022490 -0.033512 -3.074828
v 0.990627 -0.001650 -3.042965
v 0.958765 -0.033512 -3.011103
v 0.990627 -0.001650 -3.042965
v 1.022490 -0.033512 -2.947377
v 0.990627 -0.001650 -2.979240
v 0.958765 -0.033512 -2.947377
v 1.022490 -0.033512 -2.947377
v 0.990627 -0.001650 -2.979240
v 0.990627 -0.001650 -2.979240
v 1.022490 -0.033512 -3.011103
v 0.958765 -0.033512 -3.011103
v 0.958765 -0.033512 -2.947377
v 0.990627 -0.001650 -2.979240
v 0.895039 -0.033512 -2.947377
v 0.926902 -0.001650 -2.979240
v 0.926902 -0.001650 -2.979240
v 0.958765 -0.033512 -2.947377
v 0.926902 -0.001650 -2.979240
v 0.895039 -0.033512 -3.011103
v 0.895039 -0.033512 -2.947377
v 0.926902 -0.001650 -2.979240
v 0.384168 -0.160963 -2.947377
v 0.384168 -0.033512 -3.011103
v 0.384168 -0.033512 -2.947377
v 0.256718 -0.160963 -2.947377
v 0.256718 -0.033512 -3.011103
v 0.256718 -0.033512 -2.947377
v 0.384168 -0.160963 -2.947377
v 0.256718 -0.160963 -2.947377
v 0.320443 -0.033512 -3.011103
v 0.288580 -0.001650 -3.042965
v 0.256718 -0.033512 -3.011103
v 0.288580 -0.001650 -3.042965
v 0.320443 -0.033512 -3.011103
v 0.288580 -0.001650 -3.042965
v 0.320443 -0.033512 -3.074828
v 0.256718 -0.033512 -3.074828
v 0.256718 -0.033512 -3.011103
v 0.288580 -0.001650 -3.042965
v 0.384168 -0.033512 -3.011103
v 0.352305 -0.001650 -3.042965
v 0.352305 -0.001650 -3.042965
v 0.384168 -0.033512 -3.011103
v 0.384168 -0.033512 -3.074828
v 0.352305 -0.001650 -3.042965
v 0.320443 -0.033512 -3.011103
v 0.352305 -0.001650 -3.042965
v 0.384168 -0.033512 -2.947377
v 0.352305 -0.001650 -2.979240
v 0.320443 -0.033512 -2.947377
v 0.384168 -0.033512 -2.947377
v 0.352305 -0.001650 -2.979240
v 0.352305 -0.001650 -2.979240
v 0.384168 -0.033512 -3.011103
v 0.320443 -0.033512 -3.011103
v 0.320443 -0.033512 -2.947377
v 0.352305 -0.001650 -2.979240
v 0.256718 -0.033512 -2.947377
v 0.288580 -0.001650 -2.979240
v 0.288580 -0.001650 -2.979240
v 0.320443 -0.033512 -2.947377
v 0.288580 -0.001650 -2.979240
v 0.256718 -0.033512 -3.011103
v 0.256718 -0.033512 -2.947377
v 0.288580 -0.001650 -2.979240
v 1.022490 -0.187372 -2.437575
v 1.022490 -0.059922 -2.501301
v 1.022490 -0.059922 -2.437575
v 0.895039 -0.187372 -2.437575
v 0.895039 -0.059922 -2.501301
v 0.895039 -0.059922 -2.437575
v 1.022490 -0.187372 -2.437575
v 0.895039 -0.187372 -2.437575
v 0.958765 -0.059922 -2.501301
v 0.926902 -0.028059 -2.533163
v 0.895039 -0.059922 -2.501301
v 0.926902 -0.028059 -2.533163
v 0.958765 -0.059922 -2.501301
v 0.926902 -0.028059 -2.533163
v 0.958765 -0.059922 -2.565026
v 0.895039 -0.059922 -2.565026
v 0.895039 -0.059922 -2.501301
v 0.926902 -0.028059 -2.533163
v 1.022490 -0.059922 -2.501301
v 0.990627 -0.028059 -2.533163
v 0.990627 -0.028059 -2.533163
v 1.022490 -0.059922 -2.501301
v 1.022490 -0.059922 -2.565026
v 0.990627 -0.028059 -2.533163
v 0.958765 -0.059922 -2.501301
v 0.990627 -0.028059 -2.533163
v 1.022490 -0.059922 -2.437575
v 0.990627 -0.028059 -2.469438
v 0.958765 -0.059922 -2.437575
v 1.022490 -0.059922 -2.437575
v 0.990627 -0.028059 -2.469438
v 0.990627 -0.028059 -2.469438
v 1.022490 -0.059922 -2.501301
v 0.958765 -0.059922 -2.501301
v 0.958765 -0.059922 -2.437575
v 0.990627 -0.028059 -2.469438
v 0.895039 -0.059922 -2.437575
v 0.926902 -0.028059 -2.469438
v 0.926902 -0.028059 -2.469438
v 0.958765 -0.059922 -2.437575
v 0.926902 -0.028059 -2.469438
v 0.895039 -0.059922 -2.501301
v 0.895039 -0.059922 -2.437575
v 0.926902 -0.028059 -2.469438
v 0.384168 -0.187372 -2.437575
v 0.384168 -0.059922 -2.501301
v 0.384168 -0.059922 -2.437575
v 0.256718 -0.187372 -2.437575
v 0.256718 -0.059922 -2.501301
v 0.256718 -0.059922 -2.437575
v 0.384168 -0.187372 -2.437575
v 0.256718 -0.187372 -2.437575
v 0.320443 -0.059922 -2.501301
v 0.288580 -0.028059 -2.533163
v 0.256718 -0.059922 -2.501301
v 0.288580 -0.028059 -2.533163
v 0.320443 -0.059922 -2.501301
v 0.288580 -0.028059 -2.533163
v 0.320443 -0.059922 -2.565026
v 0.256718 -0.059922 -2.565026
v 0.256718 -0.059922 -2.501301
v 0.288580 -0.028059 -2.533163
v 0.384168 -0.059922 -2.501301
v 0.352305 -0.028059 -2.533163
v 0.352305 -0.028059 -2.533163
v 0.384168 -0.059922 -2.501301
v 0.384168 -0.059922 -2.565026
v 0.352305 -0.028059 -2.533163
v 0.320443 -0.059922 -2.501301
v 0.352305 -0.028059 -2.533163
v 0.384168 -0.059922 -2.437575
v 0.352305 -0.028059 -2.469438
v 0.320443 -0.059922 -2.437575
v 0.384168 -0.059922 -2.437575
v 0.352305 -0.028059 -2.469438
v 0.352305 -0.028059 -2.469438
v 0.384168 -0.059922 -2.501301
v 0.320443 -0.059922 -2.501301
v 0.320443 -0.059922 -2.437575
v 0.352305 -0.028059 -2.469438
v 0.256718 -0.059922 -2.437575
v 0.288580 -0.028059 -2.469438
v 0.288580 -0.028059 -2.469438
v 0.320443 -0.059922 -2.437575
v 0.288580 -0.028059 -2.469438
v 0.256718 -0.059922 -2.501301
v 0.256718 -0.059922 -2.437575
v 0.288580 -0.028059 -2.469438
v 1.022490 -0.216569 -1.927774
v 1.022490 -0.089118 -1.991499
v 1.022490 -0.089118 -1.927774
v 0.895039 -0.216569 -1.927774
v 0.895039 -0.089118 -1.991499
v 0.895039 -0.089118 -1.927774
v 1.022490 -0.216569 -1.927774
v 0.895039 -0.216569 -1.927774
v 0.958765 -0.089118 -1.991499
v 0.926902 -0.057256 -2.023361
v 0.895039 -0.089118 -1.991499
v 0.926902 -0.057256 -2.023361
v 0.958765 -0.089118 -1.991499
v 0.926902 -0.057256 -2.023361
v 0.958765 -0.089118 -2.055224
v 0.895039 -0.089118 -2.055224
v 0.895039 -0.089118 -1.991499
v 0.926902 -0.057256 -2.023361
v 1.022490 -0.089118 -1.991499
v 0.990627 -0.057256 -2.023361
v 0.990627 -0.057256 -2.023361
v 1.022490 -0.089118 -1.991499
v 1.022490 -0.089118 -2.055224
v 0.990627 -0.057256 -2.023361
v 0.958765 -0.089118 -1.991499
v 0.990627 -0.057256 -2.023361
v 1.022490 -0.089118 -1.927774
v 0.990627 -0.057256 -1.959636
v 0.958765 -0.089118 -1.927774
v 1.022490 -0.089118 -1.927774
v 0.990627 -0.057256 -1.959636
v 0.990627 -0.057256 -1.959636
v 1.022490 -0.089118 -1.991499
v 0.958765 -0.089118 -1.991499
v 0.958765 -0.089118 -1.927774
v 0.990627 -0.057256 -1.959636
v 0.895039 -0.089118 -1.927774
v 0.926902 -0.057256 -1.959636
v 0.926902 -0.057256 -1.959636
v 0.958765 -0.089118 -1.927774
v 0.926902 -0.057256 -1.959636
v 0.895039 -0.089118 -1.991499
v 0.895039 -0.089118 -1.927774
v 0.926902 -0.057256 -1.959636
v 0.384168 -0.216569 -1.927774
v 0.384168 -0.089118 -1.991499
v 0.384168 -0.089118 -1.927774
v 0.256718 -0.216569 -1.927774
v 0.256718 -0.089118 -1.991499
v 0.256718 -0.089118 -1.927774
v 0.384168 -0.216569 -1.927774
v 0.256718 -0.216569 -1.927774
v 0.320443 -0.089118 -1.991499
v 0.288580 -0.057256 -2.023361
v 0.256718 -0.089118 -1.991499
v 0.288580 -0.057256 -2.023361
v 0.320443 -0.089118 -1.991499
v 0.288580 -0.057256 -2.023361
v 0.320443 -0.089118 -2.055224
v 0.256718 -0.089118 -2.055224
v 0.256718 -0.089118 -1.991499
v 0.288580 -0.057256 -2.023361
v 0.384168 -0.089118 -1.991499
v 0.352305 -0.057256 -2.023361
v 0.352305 -0.057256 -2.023361
v 0.384168 -0.089118 -1.991499
v 0.384168 -0.089118 -2.055224
v 0.352305 -0.057256 -2.023361
v 0.320443 -0.089118 -1.991499
v 0.352305 -0.057256 -2.023361
v 0.384168 -0.089118 -1.927774
v 0.352305 -0.057256 -1.959636
v 0.320443 -0.089118 -1.927774
v 0.384168 -0.089118 -1.927774
v 0.352305 -0.057256 -1.959636
v 0.352305 -0.057256 -1.959636
v 0.384168 -0.089118 -1.991499
v 0.320443 -0.089118 -1.991499
v 0.320443 -0.089118 -1.927774
v 0.352305 -0.057256 -1.959636
v 0.256718 -0.089118 -1.927774
v 0.288580 -0.057256 -1.959636
v 0.288580 -0.057256 -1.959636
v 0.320443 -0.089118 -1.927774
v 0.288580 -0.057256 -1.959636
v 0.256718 -0.089118 -1.991499
v 0.256718 -0.089118 -1.927774
v 0.288580 -0.057256 -1.959636
v 1.022490 -0.259208 -1.417971
v 1.022490 -0.131757 -1.481697
v 1.022490 -0.131757 -1.417971
v 0.895039 -0.259208 -1.417971
v 0.895039 -0.131757 -1.481697
v 0.895039 -0.131757 -1.417971
v 1.022490 -0.259208 -1.417971
v 0.895039 -0.259208 -1.417971
v 0.958765 -0.131757 -1.481697
v 0.926902 -0.099895 -1.513559
v 0.895039 -0.131757 -1.481697
v 0.926902 -0.099895 -1.513559
v 0.958765 -0.131757 -1.481697
v 0.926902 -0.099895 -1.513559
v 0.958765 -0.131757 -1.545422
v 0.895039 -0.131757 -1.545422
v 0.895039 -0.131757 -1.481697
v 0.926902 -0.099895 -1.513559
v 1.022490 -0.131757 -1.481697
v 0.990627 -0.099895 -1.513559
v 0.990627 -0.099895 -1.513559
v 1.022490 -0.131757 -1.481697
v 1.022490 -0.131757 -1.545422
v 0.990627 -0.099895 -1.513559
v 0.958765 -0.131757 -1.481697
v 0.990627 -0.099895 -1.513559
v 1.022490 -0.131757 -1.417971
v 0.990627 -0.099895 -1.449834
v 0.958765 -0.131757 -1.417971
v 1.022490 -0.131757 -1.417971
v 0.990627 -0.099895 -1.449834
v 0.990627 -0.099895 -1.449834
v 1.022490 -0.131757 -1.481697
v 0.958765 -0.131757 -1.481697
v 0.958765 -0.131757 -1.417971
v 0.990627 -0.099895 -1.449834
v 0.895039 -0.131757 -1.417971
v 0.926902 -0.099895 -1.449834
v 0.926902 -0.099895 -1.449834
v 0.958765 -0.131757 -1.417971
v 0.926902 -0.099895 -1.449834
v 0.895039 -0.131757 -1.481697
v 0.895039 -0.131757 -1.417971
v 0.926902 -0.099895 -1.449834
v 0.384168 -0.259208 -1.417971
v 0.384168 -0.131757 -1.481697
v 0.384168 -0.131757 -1.417971
v 0.256718 -0.259208 -1.417971
v 0.256718 -0.131757 -1.481697
v 0.256718 -0.131757 -1.417971
v 0.384168 -0.259208 -1.417971
v 0.256718 -0.259208 -1.417971
v 0.320443 -0.131757 -1.481697
v 0.288580 -0.099895 -1.513559
v 0.256718 -0.131757 -1.481697
v 0.288580 -0.099895 -1.513559
v 0.320443 -0.131757 -1.481697
v 0.288580 -0.099895 -1.513559
v 0.320443 -0.131757 -1.545422
v 0.256718 -0.131757 -1.545422
v 0.256718 -0.131757 -1.481697
v 0.288580 -0.099895 -1.513559
v 0.384168 -0.131757 -1.481697
v 0.352305 -0.099895 -1.513559
v 0.352305 -0.099895 -1.513559
v 0.384168 -0.131757 -1.481697
v 0.384168 -0.131757 -1.545422
v 0.352305 -0.099895 -1.513559
v 0.320443 -0.131757 -1.481697
v 0.352305 -0.099895 -1.513559
v 0.384168 -0.131757 -1.417971
v 0.352305 -0.099895 -1.449834
v 0.320443 -0.131757 -1.417971
v 0.384168 -0.131757 -1.417971
v 0.352305 -0.099895 -1.449834
v 0.352305 -0.099895 -1.449834
v 0.384168 -0.131757 -1.481697
v 0.320443 -0.131757 -1.481697
v 0.320443 -0.131757 -1.417971
v 0.352305 -0.099895 -1.449834
v 0.256718 -0.131757 -1.417971
v 0.288580 -0.099895 -1.449834
v 0.288580 -0.099895 -1.449834
v 0.320443 -0.131757 -1.417971
v 0.288580 -0.099895 -1.449834
v 0.256718 -0.131757 -1.481697
v 0.256718 -0.131757 -1.417971
v 0.288580 -0.099895 -1.449834
v 1.043668 -0.076554 -5.368937
v 1.043668 0.050896 -5.432662
v 1.043668 0.050896 -5.368937
v 0.916218 -0.076554 -5.368937
v 0.916218 0.050896 -5.432662
v 0.916218 0.050896 -5.368937
v 1.043668 -0.076554 -5.368937
v 0.916218 -0.076554 -5.368937
v 0.979943 0.050896 -5.432662
v 0.948080 0.082759 -5.464524
v 0.916218 0.050896 -5.432662
v 0.948080 0.082759 -5.464524
v 0.979943 0.050896 -5.432662
v 0.948080 0.082759 -5.464524
v 0.979943 0.050896 -5.496387
v 0.916218 0.050896 -5.496387
v 0.916218 0.050896 -5.432662
v 0.948080 0.082759 -5.464524
v 1.043668 0.050896 -5.432662
v 1.011806 0.082759 -5.464524
v 1.011806 0.082759 -5.464524
v 1.043668 0.050896 -5.432662
v 1.043668 0.050896 -5.496387
v 1.011806 0.082759 -5.464524
v 0.979943 0.050896 -5.432662
v 1.011806 0.082759 -5.464524
v 1.043668 0.050896 -5.368937
v 1.011806 0.082759 -5.400800
v 0.979943 0.050896 -5.368937
v 1.043668 0.050896 -5.368937
v 1.011806 0.082759 -5.400800
v 1.011806 0.082759 -5.400800
v 1.043668 0.050896 -5.432662
v 0.979943 0.050896 -5.432662
v 0.979943 0.050896 -5.368937
v 1.011806 0.082759 -5.400800
v 0.916218 0.050896 -5.368937
v 0.948080 0.082759 -5.400800
v 0.948080 0.082759 -5.400800
v 0.979943 0.050896 -5.368937
v 0.948080 0.082759 -5.400800
v 0.916218 0.050896 -5.432662
v 0.916218 0.050896 -5.368937
v 0.948080 0.082759 -5.400800
v 0.408916 -0.076554 -5.368937
v 0.408916 0.050896 -5.432662
v 0.408916 0.050896 -5.368937
v 0.281465 -0.076554 -5.368937
v 0.281465 0.050896 -5.432662
v 0.281465 0.050896 -5.368937
v 0.408916 -0.076554 -5.368937
v 0.281465 -0.076554 -5.368937
v 0.345190 0.050896 -5.432662
v 0.313328 0.082759 -5.464524
v 0.281465 0.050896 -5.432662
v 0.313328 0.082759 -5.464524
v 0.345190 0.050896 -5.432662
v 0.313328 0.082759 -5.464524
v 0.345190 0.050896 -5.496387
v 0.281465 0.050896 -5.496387
v 0.281465 0.050896 -5.432662
v 0.313328 0.082759 -5.464524
v 0.408916 0.050896 -5.432662
v 0.377053 0.082759 -5.464524
v 0.377053 0.082759 -5.464524
v 0.408916 0.050896 -5.432662
v 0.408916 0.050896 -5.496387
v 0.377053 0.082759 -5.464524
v 0.345190 0.050896 -5.432662
v 0.377053 0.082759 -5.464524
v 0.408916 0.050896 -5.368937
v 0.377053 0.082759 -5.400800
v 0.345190 0.050896 -5.368937
v 0.408916 0.050896 -5.368937
v 0.377053 0.082759 -5.400800
v 0.377053 0.082759 -5.400800
v 0.408916 0.050896 -5.432662
v 0.345190 0.050896 -5.432662
v 0.345190 0.050896 -5.368937
v 0.377053 0.082759 -5.400800
v 0.281465 0.050896 -5.368937
v 0.313328 0.082759 -5.400800
v 0.313328 0.082759 -5.400800
v 0.345190 0.050896 -5.368937
v 0.313328 0.082759 -5.400800
v 0.281465 0.050896 -5.432662
v 0.281465 0.050896 -5.368937
v 0.313328 0.082759 -5.400800
v 1.033322 -0.096338 -4.859135
v 1.033322 0.031113 -4.922860
v 1.033322 0.031113 -4.859135
v 0.905871 -0.096338 -4.859135
v 0.905871 0.031113 -4.922860
v 0.905871 0.031113 -4.859135
v 1.033322 -0.096338 -4.859135
v 0.905871 -0.096338 -4.859135
v 0.969596 0.031113 -4.922860
v 0.937734 0.062975 -4.954723
v 0.905871 0.031113 -4.922860
v 0.937734 0.062975 -4.954723
v 0.969596 0.031113 -4.922860
v 0.937734 0.062975 -4.954723
v 0.969596 0.031113 -4.986586
v 0.905871 0.031113 -4.986586
v 0.905871 0.031113 -4.922860
v 0.937734 0.062975 -4.954723
v 1.033322 0.031113 -4.922860
v 1.001459 0.062975 -4.954723
v 1.001459 0.062975 -4.954723
v 1.033322 0.031113 -4.922860
v 1.033322 0.031113 -4.986586
v 1.001459 0.062975 -4.954723
v 0.969596 0.031113 -4.922860
v 1.001459 0.062975 -4.954723
v 1.033322 0.031113 -4.859135
v 1.001459 0.062975 -4.890997
v 0.969596 0.031113 -4.859135
v 1.033322 0.031113 -4.859135
v 1.001459 0.062975 -4.890997
v 1.001459 0.062975 -4.890997
v 1.033322 0.031113 -4.922860
v 0.969596 0.031113 -4.922860
v 0.969596 0.031113 -4.859135
v 1.001459 0.062975 -4.890997
v 0.905871 0.031113 -4.859135
v 0.937734 0.062975 -4.890997
v 0.937734 0.062975 -4.890997
v 0.969596 0.031113 -4.859135
v 0.937734 0.062975 -4.890997
v 0.905871 0.031113 -4.922860
v 0.905871 0.031113 -4.859135
v 0.937734 0.062975 -4.890997
v 0.397236 0.031113 -4.922860
v 0.269786 0.031113 -4.922860
v 0.333511 0.031113 -4.922860
v 0.301648 0.062975 -4.954723
v 0.269786 0.031113 -4.922860
v 0.301648 0.062975 -4.954723
v 0.333511 0.031113 -4.922860
v 0.301648 0.062975 -4.954723
v 0.333511 0.031113 -4.986586
v 0.269786 0.031113 -4.986586
v 0.269786 0.031113 -4.922860
v 0.301648 0.062975 -4.954723
v 0.397236 0.031113 -4.922860
v 0.365374 0.062975 -4.954723
v 0.365374 0.062975 -4.954723
v 0.397236 0.031113 -4.922860
v 0.397236 0.031113 -4.986586
v 0.365374 0.062975 -4.954723
v 0.333511 0.031113 -4.922860
v 0.365374 0.062975 -4.954723
v 0.397236 0.031113 -4.859135
v 0.365374 0.062975 -4.890997
v 0.333511 0.031113 -4.859135
v 0.365374 0.062975 -4.890997
v 0.365374 0.062975 -4.890997
v 0.397236 0.031113 -4.922860
v 0.333511 0.031113 -4.922860
v 0.365374 0.062975 -4.890997
v 0.269786 0.031113 -4.859135
v 0.301648 0.062975 -4.890997
v 0.301648 0.062975 -4.890997
v 0.301648 0.062975 -4.890997
v 0.269786 0.031113 -4.922860
v 0.301648 0.062975 -4.890997
v 1.022490 -0.096338 -4.349333
v 1.022490 0.031113 -4.413058
v 1.022490 0.031113 -4.349333
v 0.895039 -0.096338 -4.349333
v 0.895039 0.031113 -4.413058
v 0.895039 0.031113 -4.349333
v 1.022490 -0.096338 -4.349333
v 0.895039 -0.096338 -4.349333
v 0.958765 0.031113 -4.413058
v 0.926902 0.062975 -4.444921
v 0.895039 0.031113 -4.413058
v 0.926902 0.062975 -4.444921
v 0.958765 0.031113 -4.413058
v 0.926902 0.062975 -4.444921
v 0.958765 0.031113 -4.476783
v 0.895039 0.031113 -4.476783
v 0.895039 0.031113 -4.413058
v 0.926902 0.062975 -4.444921
v 1.022490 0.031113 -4.413058
v 0.990627 0.062975 -4.444921
v 0.990627 0.062975 -4.444921
v 1.022490 0.031113 -4.413058
v 1.022490 0.031113 -4.476783
v 0.990627 0.062975 -4.444921
v 0.958765 0.031113 -4.413058
v 0.990627 0.062975 -4.444921
v 1.022490 0.031113 -4.349333
v 0.990627 0.062975 -4.381196
v 0.958765 0.031113 -4.349333
v 1.022490 0.031113 -4.349333
v 0.990627 0.062975 -4.381196
v 0.990627 0.062975 -4.381196
v 1.022490 0.031113 -4.413058
v 0.958765 0.031113 -4.413058
v 0.958765 0.031113 -4.349333
v 0.990627 0.062975 -4.381196
v 0.895039 0.031113 -4.349333
v 0.926902 0.062975 -4.381196
v 0.926902 0.062975 -4.381196
v 0.958765 0.031113 -4.349333
v 0.926902 0.062975 -4.381196
v 0.895039 0.031113 -4.413058
v 0.895039 0.031113 -4.349333
v 0.926902 0.062975 -4.381196
v 0.397236 -0.096338 -4.349333
v 0.397236 0.031113 -4.413058
v 0.397236 0.031113 -4.349333
v 0.269786 -0.096338 -4.349333
v 0.269786 0.031113 -4.413058
v 0.269786 0.031113 -4.349333
v 0.397236 -0.096338 -4.349333
v 0.269786 -0.096338 -4.349333
v 0.333511 0.031113 -4.413058
v 0.301648 0.062975 -4.444921
v 0.269786 0.031113 -4.413058
v 0.301648 0.062975 -4.444921
v 0.333511 0.031113 -4.413058
v 0.301648 0.062975 -4.444921
v 0.333511 0.031113 -4.476783
v 0.269786 0.031113 -4.476783
v 0.269786 0.031113 -4.413058
v 0.301648 0.062975 -4.444921
v 0.397236 0.031113 -4.413058
v 0.365374 0.062975 -4.444921
v 0.365374 0.062975 -4.444921
v 0.397236 0.031113 -4.413058
v 0.397236 0.031113 -4.476783
v 0.365374 0.062975 -4.444921
v 0.333511 0.031113 -4.413058
v 0.365374 0.062975 -4.444921
v 0.397236 0.031113 -4.349333
v 0.365374 0.062975 -4.381196
v 0.333511 0.031113 -4.349333
v 0.397236 0.031113 -4.349333
v 0.365374 0.062975 -4.381196
v 0.365374 0.062975 -4.381196
v 0.397236 0.031113 -4.413058
v 0.333511 0.031113 -4.413058
v 0.333511 0.031113 -4.349333
v 0.365374 0.062975 -4.381196
v 0.269786 0.031113 -4.349333
v 0.301648 0.062975 -4.381196
v 0.301648 0.062975 -4.381196
v 0.333511 0.031113 -4.349333
v 0.301648 0.062975 -4.381196
v 0.269786 0.031113 -4.413058
v 0.269786 0.031113 -4.349333
v 0.301648 0.062975 -4.381196
v 1.022490 -0.122896 -3.839531
v 1.022490 0.004554 -3.903256
v 1.022490 0.004554 -3.839531
v 0.895039 -0.122896 -3.839531
v 0.895039 0.004554 -3.903256
v 0.895039 0.004554 -3.839531
v 1.022490 -0.122896 -3.839531
v 0.895039 -0.122896 -3.839531
v 0.958765 0.004554 -3.903256
v 0.926902 0.036417 -3.935119
v 0.895039 0.004554 -3.903256
v 0.926902 0.036417 -3.935119
v 0.958765 0.004554 -3.903256
v 0.926902 0.036417 -3.935119
v 0.958765 0.004554 -3.966981
v 0.895039 0.004554 -3.966981
v 0.895039 0.004554 -3.903256
v 0.926902 0.036417 -3.935119
v 1.022490 0.004554 -3.903256
v 0.990627 0.036417 -3.935119
v 0.990627 0.036417 -3.935119
v 1.022490 0.004554 -3.903256
v 1.022490 0.004554 -3.966981
v 0.990627 0.036417 -3.935119
v 0.958765 0.004554 -3.903256
v 0.990627 0.036417 -3.935119
v 1.022490 0.004554 -3.839531
v 0.990627 0.036417 -3.871393
v 0.958765 0.004554 -3.839531
v 1.022490 0.004554 -3.839531
v 0.990627 0.036417 -3.871393
v 0.990627 0.036417 -3.871393
v 1.022490 0.004554 -3.903256
v 0.958765 0.004554 -3.903256
v 0.958765 0.004554 -3.839531
v 0.990627 0.036417 -3.871393
v 0.895039 0.004554 -3.839531
v 0.926902 0.036417 -3.871393
v 0.926902 0.036417 -3.871393
v 0.958765 0.004554 -3.839531
v 0.926902 0.036417 -3.871393
v 0.895039 0.004554 -3.903256
v 0.895039 0.004554 -3.839531
v 0.926902 0.036417 -3.871393
v 0.384168 -0.122896 -3.839531
v 0.384168 0.004554 -3.903256
v 0.384168 0.004554 -3.839531
v 0.256718 -0.122896 -3.839531
v 0.256718 0.004554 -3.903256
v 0.256718 0.004554 -3.839531
v 0.384168 -0.122896 -3.839531
v 0.256718 -0.122896 -3.839531
v 0.320443 0.004554 -3.903256
v 0.288580 0.036417 -3.935119
v 0.256718 0.004554 -3.903256
v 0.288580 0.036417 -3.935119
v 0.320443 0.004554 -3.903256
v 0.288580 0.036417 -3.935119
v 0.320443 0.004554 -3.966981
v 0.256718 0.004554 -3.966981
v 0.256718 0.004554 -3.903256
v 0.288580 0.036417 -3.935119
v 0.384168 0.004554 -3.903256
v 0.352305 0.036417 -3.935119
v 0.352305 0.036417 -3.935119
v 0.384168 0.004554 -3.903256
v 0.384168 0.004554 -3.966981
v 0.352305 0.036417 -3.935119
v 0.320443 0.004554 -3.903256
v 0.352305 0.036417 -3.935119
v 0.384168 0.004554 -3.839531
v 0.352305 0.036417 -3.871393
v 0.320443 0.004554 -3.839531
v 0.384168 0.004554 -3.839531
v 0.352305 0.036417 -3.871393
v 0.352305 0.036417 -3.871393
v 0.384168 0.004554 -3.903256
v 0.320443 0.004554 -3.903256
v 0.320443 0.004554 -3.839531
v 0.352305 0.036417 -3.871393
v 0.256718 0.004554 -3.839531
v 0.288580 0.036417 -3.871393
v 0.288580 0.036417 -3.871393
v 0.320443 0.004554 -3.839531
v 0.288580 0.036417 -3.871393
v 0.256718 0.004554 -3.903256
v 0.256718 0.004554 -3.839531
v 0.288580 0.036417 -3.871393
v 1.022490 -0.137030 -3.329729
v 1.022490 -0.009580 -3.393454
v 1.022490 -0.009580 -3.329729
v 0.895039 -0.137030 -3.329729
v 0.895039 -0.009580 -3.393454
v 0.895039 -0.009580 -3.329729
v 1.022490 -0.137030 -3.329729
v 0.895039 -0.137030 -3.329729
v 0.958765 -0.009580 -3.393454
v 0.926902 0.022283 -3.425317
v 0.895039 -0.009580 -3.393454
v 0.926902 0.022283 -3.425317
v 0.958765 -0.009580 -3.393454
v 0.926902 0.022283 -3.425317
v 0.958765 -0.009580 -3.457180
v 0.895039 -0.009580 -3.457180
v 0.895039 -0.009580 -3.393454
v 0.926902 0.022283 -3.425317
v 1.022490 -0.009580 -3.393454
v 0.990627 0.022283 -3.425317
v 0.990627 0.022283 -3.425317
v 1.022490 -0.009580 -3.393454
v 1.022490 -0.009580 -3.457180
v 0.990627 0.022283 -3.425317
v 0.958765 -0.009580 -3.393454
v 0.990627 0.022283 -3.425317
v 1.022490 -0.009580 -3.329729
v 0.990627 0.022283 -3.361592
v 0.958765 -0.009580 -3.329729
v 1.022490 -0.009580 -3.329729
v 0.990627 0.022283 -3.361592
v 0.990627 0.022283 -3.361592
v 1.022490 -0.009580 -3.393454
v 0.958765 -0.009580 -3.393454
v 0.958765 -0.009580 -3.329729
v 0.990627 0.022283 -3.361592
v 0.895039 -0.009580 -3.329729
v 0.926902 0.022283 -3.361592
v 0.926902 0.022283 -3.361592
v 0.958765 -0.009580 -3.329729
v 0.926902 0.022283 -3.361592
v 0.895039 -0.009580 -3.393454
v 0.895039 -0.009580 -3.329729
v 0.926902 0.022283 -3.361592
v 0.384168 -0.137030 -3.329729
v 0.384168 -0.009580 -3.393454
v 0.384168 -0.009580 -3.329729
v 0.256718 -0.137030 -3.329729
v 0.256718 -0.009580 -3.393454
v 0.256718 -0.009580 -3.329729
v 0.384168 -0.137030 -3.329729
v 0.256718 -0.137030 -3.329729
v 0.320443 -0.009580 -3.393454
v 0.288580 0.022283 -3.425317
v 0.256718 -0.009580 -3.393454
v 0.288580 0.022283 -3.425317
v 0.320443 -0.009580 -3.393454
v 0.288580 0.022283 -3.425317
v 0.320443 -0.009580 -3.457180
v 0.256718 -0.009580 -3.457180
v 0.256718 -0.009580 -3.393454
v 0.288580 0.022283 -3.425317
v 0.384168 -0.009580 -3.393454
v 0.352305 0.022283 -3.425317
v 0.352305 0.022283 -3.425317
v 0.384168 -0.009580 -3.393454
v 0.384168 -0.009580 -3.457180
v 0.352305 0.022283 -3.425317
v 0.320443 -0.009580 -3.393454
v 0.352305 0.022283 -3.425317
v 0.384168 -0.009580 -3.329729
v 0.352305 0.022283 -3.361592
v 0.320443 -0.009580 -3.329729
v 0.384168 -0.009580 -3.329729
v 0.352305 0.022283 -3.361592
v 0.352305 0.022283 -3.361592
v 0.384168 -0.009580 -3.393454
v 0.320443 -0.009580 -3.393454
v 0.320443 -0.009580 -3.329729
v 0.352305 0.022283 -3.361592
v 0.256718 -0.009580 -3.329729
v 0.288580 0.022283 -3.361592
v 0.288580 0.022283 -3.361592
v 0.320443 -0.009580 -3.329729
v 0.288580 0.022283 -3.361592
v 0.256718 -0.009580 -3.393454
v 0.256718 -0.009580 -3.329729
v 0.288580 0.022283 -3.361592
v 1.022490 -0.160963 -2.819927
v 1.022490 -0.033512 -2.883652
v 1.022490 -0.033512 -2.819927
v 0.895039 -0.160963 -2.819927
v 0.895039 -0.033512 -2.883652
v 0.895039 -0.033512 -2.819927
v 1.022490 -0.160963 -2.819927
v 0.895039 -0.160963 -2.819927
v 0.958765 -0.033512 -2.883652
v 0.926902 -0.001650 -2.915515
v 0.895039 -0.033512 -2.883652
v 0.926902 -0.001650 -2.915515
v 0.958765 -0.033512 -2.883652
v 0.926902 -0.001650 -2.915515
v 0.958765 -0.033512 -2.947377
v 0.895039 -0.033512 -2.947377
v 0.895039 -0.033512 -2.883652
v 0.926902 -0.001650 -2.915515
v 1.022490 -0.033512 -2.883652
v 0.990627 -0.001650 -2.915515
v 0.990627 -0.001650 -2.915515
v 1.022490 -0.033512 -2.883652
v 1.022490 -0.033512 -2.947377
v 0.990627 -0.001650 -2.915515
v 0.958765 -0.033512 -2.883652
v 0.990627 -0.001650 -2.915515
v 1.022490 -0.033512 -2.819927
v 0.990627 -0.001650 -2.851789
v 0.958765 -0.033512 -2.819927
v 1.022490 -0.033512 -2.819927
v 0.990627 -0.001650 -2.851789
v 0.990627 -0.001650 -2.851789
v 1.022490 -0.033512 -2.883652
v 0.958765 -0.033512 -2.883652
v 0.958765 -0.033512 -2.819927
v 0.990627 -0.001650 -2.851789
v 0.895039 -0.033512 -2.819927
v 0.926902 -0.001650 -2.851789
v 0.926902 -0.001650 -2.851789
v 0.958765 -0.033512 -2.819927
v 0.926902 -0.001650 -2.851789
v 0.895039 -0.033512 -2.883652
v 0.895039 -0.033512 -2.819927
v 0.926902 -0.001650 -2.851789
v 0.384168 -0.160963 -2.819927
v 0.384168 -0.033512 -2.883652
v 0.384168 -0.033512 -2.819927
v 0.256718 -0.160963 -2.819927
v 0.256718 -0.033512 -2.883652
v 0.256718 -0.033512 -2.819927
v 0.384168 -0.160963 -2.819927
v 0.256718 -0.160963 -2.819927
v 0.320443 -0.033512 -2.883652
v 0.288580 -0.001650 -2.915515
v 0.256718 -0.033512 -2.883652
v 0.288580 -0.001650 -2.915515
v 0.320443 -0.033512 -2.883652
v 0.288580 -0.001650 -2.915515
v 0.320443 -0.033512 -2.947377
v 0.256718 -0.033512 -2.947377
v 0.256718 -0.033512 -2.883652
v 0.288580 -0.001650 -2.915515
v 0.384168 -0.033512 -2.883652
v 0.352305 -0.001650 -2.915515
v 0.352305 -0.001650 -2.915515
v 0.384168 -0.033512 -2.883652
v 0.384168 -0.033512 -2.947377
v 0.352305 -0.001650 -2.915515
v 0.320443 -0.033512 -2.883652
v 0.352305 -0.001650 -2.915515
v 0.384168 -0.033512 -2.819927
v 0.352305 -0.001650 -2.851789
v 0.320443 -0.033512 -2.819927
v 0.384168 -0.033512 -2.819927
v 0.352305 -0.001650 -2.851789
v 0.352305 -0.001650 -2.851789
v 0.384168 -0.033512 -2.883652
v 0.320443 -0.033512 -2.883652
v 0.320443 -0.033512 -2.819927
v 0.352305 -0.001650 -2.851789
v 0.256718 -0.033512 -2.819927
v 0.288580 -0.001650 -2.851789
v 0.288580 -0.001650 -2.851789
v 0.320443 -0.033512 -2.819927
v 0.288580 -0.001650 -2.851789
v 0.256718 -0.033512 -2.883652
v 0.256718 -0.033512 -2.819927
v 0.288580 -0.001650 -2.851789
v 1.022490 -0.187372 -2.310125
v 1.022490 -0.059922 -2.373850
v 1.022490 -0.059922 -2.310125
v 0.895039 -0.187372 -2.310125
v 0.895039 -0.059922 -2.373850
v 0.895039 -0.059922 -2.310125
v 1.022490 -0.187372 -2.310125
v 0.895039 -0.187372 -2.310125
v 0.958765 -0.059922 -2.373850
v 0.926902 -0.028059 -2.405713
v 0.895039 -0.059922 -2.373850
v 0.926902 -0.028059 -2.405713
v 0.958765 -0.059922 -2.373850
v 0.926902 -0.028059 -2.405713
v 0.958765 -0.059922 -2.437575
v 0.895039 -0.059922 -2.437575
v 0.895039 -0.059922 -2.373850
v 0.926902 -0.028059 -2.405713
v 1.022490 -0.059922 -2.373850
v 0.990627 -0.028059 -2.405713
v 0.990627 -0.028059 -2.405713
v 1.022490 -0.059922 -2.373850
v 1.022490 -0.059922 -2.437575
v 0.990627 -0.028059 -2.405713
v 0.958765 -0.059922 -2.373850
v 0.990627 -0.028059 -2.405713
v 1.022490 -0.059922 -2.310125
v 0.990627 -0.028059 -2.341987
v 0.958765 -0.059922 -2.310125
v 1.022490 -0.059922 -2.310125
v 0.990627 -0.028059 -2.341987
v 0.990627 -0.028059 -2.341987
v 1.022490 -0.059922 -2.373850
v 0.958765 -0.059922 -2.373850
v 0.958765 -0.059922 -2.310125
v 0.990627 -0.028059 -2.341987
v 0.895039 -0.059922 -2.310125
v 0.926902 -0.028059 -2.341987
v 0.926902 -0.028059 -2.341987
v 0.958765 -0.059922 -2.310125
v 0.926902 -0.028059 -2.341987
v 0.895039 -0.059922 -2.373850
v 0.895039 -0.059922 -2.310125
v 0.926902 -0.028059 -2.341987
v 0.384168 -0.187372 -2.310125
v 0.384168 -0.059922 -2.373850
v 0.384168 -0.059922 -2.310125
v 0.256718 -0.187372 -2.310125
v 0.256718 -0.059922 -2.373850
v 0.256718 -0.059922 -2.310125
v 0.384168 -0.187372 -2.310125
v 0.256718 -0.187372 -2.310125
v 0.320443 -0.059922 -2.373850
v 0.288580 -0.028059 -2.405713
v 0.256718 -0.059922 -2.373850
v 0.288580 -0.028059 -2.405713
v 0.320443 -0.059922 -2.373850
v 0.288580 -0.028059 -2.405713
v 0.320443 -0.059922 -2.437575
v 0.256718 -0.059922 -2.437575
v 0.256718 -0.059922 -2.373850
v 0.288580 -0.028059 -2.405713
v 0.384168 -0.059922 -2.373850
v 0.352305 -0.028059 -2.405713
v 0.352305 -0.028059 -2.405713
v 0.384168 -0.059922 -2.373850
v 0.384168 -0.059922 -2.437575
v 0.352305 -0.028059 -2.405713
v 0.320443 -0.059922 -2.373850
v 0.352305 -0.028059 -2.405713
v 0.384168 -0.059922 -2.310125
v 0.352305 -0.028059 -2.341987
v 0.320443 -0.059922 -2.310125
v 0.384168 -0.059922 -2.310125
v 0.352305 -0.028059 -2.341987
v 0.352305 -0.028059 -2.341987
v 0.384168 -0.059922 -2.373850
v 0.320443 -0.059922 -2.373850
v 0.320443 -0.059922 -2.310125
v 0.352305 -0.028059 -2.341987
v 0.256718 -0.059922 -2.310125
v 0.288580 -0.028059 -2.341987
v 0.288580 -0.028059 -2.341987
v 0.320443 -0.059922 -2.310125
v 0.288580 -0.028059 -2.341987
v 0.256718 -0.059922 -2.373850
v 0.256718 -0.059922 -2.310125
v 0.288580 -0.028059 -2.341987
v 1.022490 -0.216569 -1.800323
v 1.022490 -0.089118 -1.864048
v 1.022490 -0.089118 -1.800323
v 0.895039 -0.216569 -1.800323
v 0.895039 -0.089118 -1.864048
v 0.895039 -0.089118 -1.800323
v 1.022490 -0.216569 -1.800323
v 0.895039 -0.216569 -1.800323
v 0.958765 -0.089118 -1.864048
v 0.926902 -0.057255 -1.895911
v 0.895039 -0.089118 -1.864048
v 0.926902 -0.057255 -1.895911
v 0.958765 -0.089118 -1.864048
v 0.926902 -0.057255 -1.895911
v 0.958765 -0.089118 -1.927774
v 0.895039 -0.089118 -1.927774
v 0.895039 -0.089118 -1.864048
v 0.926902 -0.057255 -1.895911
v 1.022490 -0.089118 -1.864048
v 0.990627 -0.057255 -1.895911
v 0.990627 -0.057255 -1.895911
v 1.022490 -0.089118 -1.864048
v 1.022490 -0.089118 -1.927774
v 0.990627 -0.057255 -1.895911
v 0.958765 -0.089118 -1.864048
v 0.990627 -0.057255 -1.895911
v 1.022490 -0.089118 -1.800323
v 0.990627 -0.057255 -1.832186
v 0.958765 -0.089118 -1.800323
v 1.022490 -0.089118 -1.800323
v 0.990627 -0.057255 -1.832186
v 0.990627 -0.057255 -1.832186
v 1.022490 -0.089118 -1.864048
v 0.958765 -0.089118 -1.864048
v 0.958765 -0.089118 -1.800323
v 0.990627 -0.057255 -1.832186
v 0.895039 -0.089118 -1.800323
v 0.926902 -0.057255 -1.832186
v 0.926902 -0.057255 -1.832186
v 0.958765 -0.089118 -1.800323
v 0.926902 -0.057255 -1.832186
v 0.895039 -0.089118 -1.864048
v 0.895039 -0.089118 -1.800323
v 0.926902 -0.057255 -1.832186
v 0.384168 -0.216569 -1.800323
v 0.384168 -0.089118 -1.864048
v 0.384168 -0.089118 -1.800323
v 0.256718 -0.216569 -1.800323
v 0.256718 -0.089118 -1.864048
v 0.256718 -0.089118 -1.800323
v 0.384168 -0.216569 -1.800323
v 0.256718 -0.216569 -1.800323
v 0.320443 -0.089118 -1.864048
v 0.288580 -0.057255 -1.895911
v 0.256718 -0.089118 -1.864048
v 0.288580 -0.057255 -1.895911
v 0.320443 -0.089118 -1.864048
v 0.288580 -0.057255 -1.895911
v 0.320443 -0.089118 -1.927774
v 0.256718 -0.089118 -1.927774
v 0.256718 -0.089118 -1.864048
v 0.288580 -0.057255 -1.895911
v 0.384168 -0.089118 -1.864048
v 0.352305 -0.057255 -1.895911
v 0.352305 -0.057255 -1.895911
v 0.384168 -0.089118 -1.864048
v 0.384168 -0.089118 -1.927774
v 0.352305 -0.057255 -1.895911
v 0.320443 -0.089118 -1.864048
v 0.352305 -0.057255 -1.895911
v 0.384168 -0.089118 -1.800323
v 0.352305 -0.057255 -1.832186
v 0.320443 -0.089118 -1.800323
v 0.384168 -0.089118 -1.800323
v 0.352305 -0.057255 -1.832186
v 0.352305 -0.057255 -1.832186
v 0.384168 -0.089118 -1.864048
v 0.320443 -0.089118 -1.864048
v 0.320443 -0.089118 -1.800323
v 0.352305 -0.057255 -1.832186
v 0.256718 -0.089118 -1.800323
v 0.288580 -0.057255 -1.832186
v 0.288580 -0.057255 -1.832186
v 0.320443 -0.089118 -1.800323
v 0.288580 -0.057255 -1.832186
v 0.256718 -0.089118 -1.864048
v 0.256718 -0.089118 -1.800323
v 0.288580 -0.057255 -1.832186
v 0.895039 -0.259208 -1.290521
v 1.022490 -0.259208 -1.290521
v 0.958765 -0.131757 -1.290521
v 0.895039 -0.131757 -1.290521
v 1.022490 -0.131757 -1.290521
v 1.022490 -0.259208 -1.290521
v 1.022490 -0.131757 -1.354246
v 1.022490 -0.131757 -1.290521
v 0.895039 -0.259208 -1.290521
v 0.895039 -0.131757 -1.354246
v 0.895039 -0.131757 -1.290521
v 1.022490 -0.259208 -1.290521
v 0.895039 -0.259208 -1.290521
v 0.958765 -0.131757 -1.354246
v 0.926902 -0.099895 -1.386109
v 0.895039 -0.131757 -1.354246
v 0.926902 -0.099895 -1.386109
v 0.958765 -0.131757 -1.354246
v 0.926902 -0.099895 -1.386109
v 0.958765 -0.131757 -1.417971
v 0.895039 -0.131757 -1.417971
v 0.895039 -0.131757 -1.354246
v 0.926902 -0.099895 -1.386109
v 1.022490 -0.131757 -1.354246
v 0.990627 -0.099895 -1.386109
v 0.990627 -0.099895 -1.386109
v 1.022490 -0.131757 -1.354246
v 1.022490 -0.131757 -1.417971
v 0.990627 -0.099895 -1.386109
v 0.958765 -0.131757 -1.354246
v 0.990627 -0.099895 -1.386109
v 1.022490 -0.131757 -1.290521
v 0.990627 -0.099895 -1.322384
v 0.958765 -0.131757 -1.290521
v 1.022490 -0.131757 -1.290521
v 0.990627 -0.099895 -1.322384
v 0.990627 -0.099895 -1.322384
v 1.022490 -0.131757 -1.354246
v 0.958765 -0.131757 -1.354246
v 0.958765 -0.131757 -1.290521
v 0.990627 -0.099895 -1.322384
v 0.895039 -0.131757 -1.290521
v 0.926902 -0.099895 -1.322384
v 0.926902 -0.099895 -1.322384
v 0.958765 -0.131757 -1.290521
v 0.926902 -0.099895 -1.322384
v 0.895039 -0.131757 -1.354246
v 0.895039 -0.131757 -1.290521
v 0.926902 -0.099895 -1.322384
v 0.256718 -0.259208 -1.290521
v 0.384168 -0.259208 -1.290521
v 0.320443 -0.131757 -1.290521
v 0.256718 -0.131757 -1.290521
v 0.384168 -0.131757 -1.290521
v 0.384168 -0.259208 -1.290521
v 0.384168 -0.131757 -1.354246
v 0.384168 -0.131757 -1.290521
v 0.256718 -0.259208 -1.290521
v 0.256718 -0.131757 -1.354246
v 0.256718 -0.131757 -1.290521
v 0.384168 -0.259208 -1.290521
v 0.256718 -0.259208 -1.290521
v 0.320443 -0.131757 -1.354246
v 0.288580 -0.099895 -1.386109
v 0.256718 -0.131757 -1.354246
v 0.288580 -0.099895 -1.386109
v 0.320443 -0.131757 -1.354246
v 0.288580 -0.099895 -1.386109
v 0.320443 -0.131757 -1.417971
v 0.256718 -0.131757 -1.417971
v 0.256718 -0.131757 -1.354246
v 0.288580 -0.099895 -1.386109
v 0.384168 -0.131757 -1.354246
v 0.352305 -0.099895 -1.386109
v 0.352305 -0.099895 -1.386109
v 0.384168 -0.131757 -1.354246
v 0.384168 -0.131757 -1.417971
v 0.352305 -0.099895 -1.386109
v 0.320443 -0.131757 -1.354246
v 0.352305 -0.099895 -1.386109
v 0.384168 -0.131757 -1.290521
v 0.352305 -0.099895 -1.322384
v 0.320443 -0.131757 -1.290521
v 0.384168 -0.131757 -1.290521
v 0.352305 -0.099895 -1.322384
v 0.352305 -0.099895 -1.322384
v 0.384168 -0.131757 -1.354246
v 0.320443 -0.131757 -1.354246
v 0.320443 -0.131757 -1.290521
v 0.352305 -0.099895 -1.322384
v 0.256718 -0.131757 -1.290521
v 0.288580 -0.099895 -1.322384
v 0.288580 -0.099895 -1.322384
v 0.320443 -0.131757 -1.290521
v 0.288580 -0.099895 -1.322384
v 0.256718 -0.131757 -1.354246
v 0.256718 -0.131757 -1.290521
v 0.288580 -0.099895 -1.322384
v 1.033322 0.031113 -5.368937
v 0.937734 0.062975 -5.337074
v 1.022490 -0.131757 -1.800323
v 1.022490 -0.089118 -1.800323
v 0.895039 -0.089118 -1.800323
v 0.895039 -0.131757 -1.800323
v 0.384168 -0.131757 -1.800323
v 0.384168 -0.089118 -1.800323
v 0.256718 -0.089118 -1.800323
v 0.256718 -0.131757 -1.800323
v 1.022490 -0.059922 -2.310125
v 0.895039 -0.059922 -2.310125
v 0.895039 -0.089118 -2.310125
v 1.022490 -0.089118 -2.310125
v 0.384168 -0.089118 -2.310125
v 0.384168 -0.059922 -2.310125
v 0.256718 -0.059922 -2.310125
v 0.256718 -0.089118 -2.310125
v 1.022490 -0.160963 -2.819927
v 1.022490 -0.187373 -2.819927
v 0.895039 -0.160963 -2.819927
v 0.895039 -0.187373 -2.819927
v 1.022490 -0.033512 -2.819927
v 0.895039 -0.033512 -2.819927
v 0.895039 -0.059922 -2.819927
v 1.022490 -0.059922 -2.819927
v 0.384168 -0.059922 -2.819927
v 0.384168 -0.033512 -2.819927
v 0.256718 -0.033512 -2.819927
v 0.256718 -0.059922 -2.819927
v 0.384168 -0.033512 -3.329729
v 0.384168 -0.009580 -3.329729
v 0.256718 -0.009580 -3.329729
v 0.256718 -0.033512 -3.329729
v 1.022490 -0.033512 -3.329729
v 1.022490 -0.009580 -3.329729
v 0.895039 -0.009580 -3.329729
v 0.895039 -0.033512 -3.329729
v 0.895039 -0.137030 -3.839531
v 0.895039 -0.122896 -3.839531
v 1.022490 -0.137030 -3.839531
v 1.022490 -0.122896 -3.839531
v 1.022490 -0.009580 -3.839531
v 1.022490 0.004554 -3.839531
v 0.895039 0.004554 -3.839531
v 0.895039 -0.009580 -3.839531
v 0.384168 -0.009580 -3.839531
v 0.384168 0.004554 -3.839531
v 0.256718 0.004554 -3.839531
v 0.256718 -0.009580 -3.839531
v 0.384168 -0.096338 -4.349333
v 0.384168 -0.109617 -4.349333
v 0.269786 -0.096338 -4.349333
v 0.263252 -0.109617 -4.349333
v 0.384168 -0.122897 -4.349333
v 0.256718 -0.122897 -4.349333
v 0.384168 0.004554 -4.349333
v 0.384168 -0.096338 -4.349333
v 0.397236 -0.096338 -4.349333
v 0.397236 0.031113 -4.349333
v 0.256718 -0.059171 -4.349333
v 0.263252 -0.052532 -4.349333
v 0.256718 0.004554 -4.349333
v 0.263252 0.004554 -4.349333
v 0.269786 -0.045892 -4.349333
v 0.269786 0.004554 -4.349333
v 1.022490 0.004554 -4.349333
v 1.022490 0.031113 -4.349333
v 0.895039 0.031113 -4.349333
v 0.895039 0.004554 -4.349333
v 1.033322 0.031113 -4.859135
v 1.022490 0.031113 -4.859135
v 1.022490 -0.096338 -4.859135
v 1.033322 -0.096338 -4.859135
v 0.339351 -0.076554 -5.368937
v 0.336431 -0.086446 -5.368937
v 0.281465 -0.076554 -5.368937
v 0.275625 -0.086446 -5.368937
v 0.397236 -0.076554 -5.368937
v 0.397236 -0.086446 -5.368937
v 0.333511 -0.096338 -5.368937
v 0.269786 -0.096338 -5.368937
v 0.397236 -0.096338 -5.368937
v 0.342270 0.041004 -5.368937
v 0.339351 0.031113 -5.368937
v 0.397236 0.031113 -5.368937
v 0.403076 0.041004 -5.368937
v 0.281465 0.041004 -5.368937
v 0.281465 0.031113 -5.368937
v 0.345190 0.050896 -5.368937
v 0.408916 0.050896 -5.368937
v 0.281465 0.050896 -5.368937
v 1.033322 -0.076554 -5.368937
v 1.038495 -0.076554 -5.368937
v 1.043668 -0.076554 -5.368937
v 0.916218 0.050896 -5.368937
v 0.916218 0.031113 -5.368937
v 0.974770 0.041004 -5.368937
v 0.916218 -0.076554 -5.368937
v 1.033322 -0.076554 -5.368937
v 1.033322 -0.086446 -5.368937
v 1.033322 -0.096338 -5.368937
v 0.905871 0.031113 -5.368937
v 0.916218 0.031113 -5.368937
v 0.895039 -0.096338 -4.859135
v 0.895039 0.031113 -4.859135
v 0.905871 0.031113 -4.859135
v 0.905871 -0.096338 -4.859135
v 0.397236 -0.022721 -5.368937
v 0.408916 -0.012829 -5.368937
v 0.397236 -0.076554 -5.368937
v 0.408916 -0.076554 -5.368937
v 0.269786 -0.032613 -5.368937
v 0.281465 -0.022721 -5.368937
v 0.269786 0.031113 -5.368937
v 0.281465 0.031113 -5.368937
v 0.895039 -0.122897 -4.349333
v 0.895039 -0.096338 -4.349333
v 1.022490 -0.096338 -4.349333
v 1.022490 -0.122897 -4.349333
v 0.256718 -0.137030 -3.839531
v 0.256718 -0.122896 -3.839531
v 0.384168 -0.122896 -3.839531
v 0.384168 -0.137030 -3.839531
v 0.269786 0.004554 -4.349333
v 0.326977 0.004554 -4.349333
v 0.269786 0.031113 -4.349333
v 0.333511 0.031113 -4.349333
v 1.022490 -0.137030 -3.329729
v 1.022490 -0.160963 -3.329729
v 0.895039 -0.160963 -3.329729
v 0.895039 -0.137030 -3.329729
v 0.256718 -0.160963 -3.329729
v 0.256718 -0.137030 -3.329729
v 0.384168 -0.137030 -3.329729
v 0.384168 -0.160963 -3.329729
v 0.256718 -0.187373 -2.819927
v 0.256718 -0.160963 -2.819927
v 0.384168 -0.160963 -2.819927
v 0.384168 -0.187373 -2.819927
v 0.256718 -0.216569 -2.310125
v 0.256718 -0.187372 -2.310125
v 0.384168 -0.187372 -2.310125
v 0.384168 -0.216569 -2.310125
v 0.256718 -0.259208 -1.800323
v 0.256718 -0.216569 -1.800323
v 0.384168 -0.216569 -1.800323
v 0.384168 -0.259208 -1.800323
v 0.895039 -0.259208 -1.800323
v 0.895039 -0.216569 -1.800323
v 1.022490 -0.216569 -1.800323
v 1.022490 -0.259208 -1.800323
v 0.895039 -0.216569 -2.310125
v 0.895039 -0.187372 -2.310125
v 1.022490 -0.187372 -2.310125
v 1.022490 -0.216569 -2.310125
v 0.942774 0.008235 -3.395318
v 0.942774 0.079781 -3.395318
v 0.342398 0.008235 -3.395318
v 0.342398 0.079781 -3.395318
v 0.377809 -0.071193 -3.456769
v 0.377644 -0.076356 -3.329423
v 0.895097 -0.098066 -3.457190
v 0.894933 -0.103230 -3.329845
v 2.774577 0.560276 -10.237076
v 2.749176 0.560276 -10.190637
v 2.722008 0.529648 -10.235663
v 2.722008 0.650568 -10.235663
v 2.748604 0.621812 -10.191583
v 2.773471 0.621812 -10.237046
v 2.746102 0.560276 -10.282406
v 2.722008 0.529648 -10.235663
v 2.722008 0.650568 -10.235663
v 2.745595 0.621812 -10.281423
v 2.694840 0.560276 -10.280688
v 2.722008 0.529648 -10.235663
v 2.695412 0.621812 -10.279741
v 2.722008 0.650568 -10.235663
v 2.669439 0.560276 -10.234249
v 2.722008 0.529648 -10.235663
v 2.670546 0.621812 -10.234280
v 2.722008 0.650568 -10.235663
v 2.697915 0.560276 -10.188919
v 2.722008 0.529648 -10.235663
v 2.698421 0.621812 -10.189903
v 2.722008 0.650568 -10.235663
v 2.749176 0.560276 -10.190637
v 2.722008 0.529648 -10.235663
v 2.748604 0.621812 -10.191583
v 2.722008 0.650568 -10.235663
v 2.849626 0.560276 -10.284220
v 2.824225 0.560276 -10.237780
v 2.797057 0.529648 -10.282805
v 2.797057 0.650568 -10.282805
v 2.823653 0.621812 -10.238728
v 2.848520 0.621812 -10.284190
v 2.821151 0.560276 -10.329550
v 2.797057 0.529648 -10.282805
v 2.820644 0.621812 -10.328567
v 2.797057 0.650568 -10.282805
v 2.769889 0.560276 -10.327833
v 2.797057 0.529648 -10.282805
v 2.770461 0.621812 -10.326885
v 2.797057 0.650568 -10.282805
v 2.744488 0.560276 -10.281393
v 2.797057 0.529648 -10.282805
v 2.745595 0.621812 -10.281423
v 2.797057 0.650568 -10.282805
v 2.772964 0.560276 -10.236063
v 2.797057 0.529648 -10.282805
v 2.797057 0.650568 -10.282805
v 2.773470 0.621812 -10.237046
v 2.824225 0.560276 -10.237780
v 2.797057 0.529648 -10.282805
v 2.797057 0.650568 -10.282805
v 2.823653 0.621812 -10.238728
v 2.927684 0.560276 -10.241524
v 2.902283 0.560276 -10.195085
v 2.875116 0.529648 -10.240109
v 2.926578 0.621812 -10.241494
v 2.901711 0.621812 -10.196032
v 2.875116 0.650568 -10.240109
v 2.899209 0.560276 -10.286855
v 2.875116 0.529648 -10.240109
v 2.898702 0.621812 -10.285870
v 2.875116 0.650568 -10.240109
v 2.847948 0.560276 -10.285136
v 2.875116 0.529648 -10.240109
v 2.848520 0.621812 -10.284190
v 2.875116 0.650568 -10.240109
v 2.822547 0.560276 -10.238697
v 2.875116 0.529648 -10.240109
v 2.875116 0.650568 -10.240109
v 2.823653 0.621812 -10.238728
v 2.851022 0.560276 -10.193367
v 2.875116 0.529648 -10.240109
v 2.875116 0.650568 -10.240109
v 2.851529 0.621812 -10.194350
v 2.902283 0.560276 -10.195085
v 2.875116 0.529648 -10.240109
v 2.901711 0.621812 -10.196032
v 2.875116 0.650568 -10.240109
v 2.852635 0.560276 -10.194380
v 2.827234 0.560276 -10.147941
v 2.800067 0.529648 -10.192967
v 2.851529 0.621812 -10.194350
v 2.826663 0.621812 -10.148889
v 2.800067 0.650568 -10.192967
v 2.824160 0.560276 -10.239710
v 2.800067 0.529648 -10.192967
v 2.800067 0.650568 -10.192967
v 2.823653 0.621812 -10.238728
v 2.772899 0.560276 -10.237994
v 2.800067 0.529648 -10.192967
v 2.800067 0.650568 -10.192967
v 2.773471 0.621812 -10.237046
v 2.747498 0.560276 -10.191555
v 2.800067 0.529648 -10.192967
v 2.800067 0.650568 -10.192967
v 2.748604 0.621812 -10.191583
v 2.775973 0.560276 -10.146224
v 2.800067 0.529648 -10.192967
v 2.776480 0.621812 -10.147207
v 2.800067 0.650568 -10.192967
v 2.827234 0.560276 -10.147941
v 2.800067 0.529648 -10.192967
v 2.826663 0.621812 -10.148889
v 2.800067 0.650568 -10.192967
v 7.549574 1.019328 -9.403450
v 7.499120 1.019328 -9.387444
v 7.510605 0.988700 -9.438761
v 7.510605 1.109620 -9.438761
v 7.499362 1.080864 -9.388522
v 7.548754 1.080864 -9.404192
v 7.560324 1.019328 -9.455892
v 7.510605 0.988700 -9.438761
v 7.510605 1.109620 -9.438761
v 7.559278 1.080864 -9.455531
v 7.522089 1.019328 -9.490080
v 7.510605 0.988700 -9.438761
v 7.521848 1.080864 -9.488999
v 7.510605 1.109620 -9.438761
v 7.471635 1.019328 -9.474072
v 7.510605 0.988700 -9.438761
v 7.472456 1.080864 -9.473329
v 7.510605 1.109620 -9.438761
v 7.460886 1.019328 -9.421630
v 7.510605 0.988700 -9.438761
v 7.461932 1.080864 -9.421990
v 7.510605 1.109620 -9.438761
v 7.499120 1.019328 -9.387444
v 7.510605 0.988700 -9.438761
v 7.499362 1.080864 -9.388522
v 7.510605 1.109620 -9.438761
v 7.636396 1.019328 -9.385653
v 7.585942 1.019328 -9.369645
v 7.597427 0.988700 -9.420963
v 7.597427 1.109620 -9.420963
v 7.586184 1.080864 -9.370725
v 7.635576 1.080864 -9.386395
v 7.647147 1.019328 -9.438094
v 7.597427 0.988700 -9.420963
v 7.646100 1.080864 -9.437733
v 7.597427 1.109620 -9.420963
v 7.608912 1.019328 -9.472282
v 7.597427 0.988700 -9.420963
v 7.608670 1.080864 -9.471202
v 7.597427 1.109620 -9.420963
v 7.558458 1.019328 -9.456275
v 7.597427 0.988700 -9.420963
v 7.559278 1.080864 -9.455531
v 7.597427 1.109620 -9.420963
v 7.547708 1.019328 -9.403833
v 7.597427 0.988700 -9.420963
v 7.597427 1.109620 -9.420963
v 7.548754 1.080864 -9.404194
v 7.585942 1.019328 -9.369645
v 7.597427 0.988700 -9.420963
v 7.597427 1.109620 -9.420963
v 7.586184 1.080864 -9.370725
v 7.663302 1.019328 -9.300846
v 7.612849 1.019328 -9.284839
v 7.624334 0.988700 -9.336157
v 7.662483 1.080864 -9.301589
v 7.613090 1.080864 -9.285918
v 7.624334 1.109620 -9.336157
v 7.674053 1.019328 -9.353288
v 7.624334 0.988700 -9.336157
v 7.673006 1.080864 -9.352928
v 7.624334 1.109620 -9.336157
v 7.635818 1.019328 -9.387476
v 7.624334 0.988700 -9.336157
v 7.635576 1.080864 -9.386395
v 7.624334 1.109620 -9.336157
v 7.585364 1.019328 -9.371469
v 7.624334 0.988700 -9.336157
v 7.624334 1.109620 -9.336157
v 7.586184 1.080864 -9.370725
v 7.574615 1.019328 -9.319026
v 7.624334 0.988700 -9.336157
v 7.624334 1.109620 -9.336157
v 7.575660 1.080864 -9.319387
v 7.612849 1.019328 -9.284839
v 7.624334 0.988700 -9.336157
v 7.613090 1.080864 -9.285918
v 7.624334 1.109620 -9.336157
v 7.576481 1.019328 -9.318644
v 7.526026 1.019328 -9.302637
v 7.537511 0.988700 -9.353954
v 7.575660 1.080864 -9.319387
v 7.526268 1.080864 -9.303716
v 7.537511 1.109620 -9.353954
v 7.587230 1.019328 -9.371085
v 7.537511 0.988700 -9.353954
v 7.537511 1.109620 -9.353954
v 7.586184 1.080864 -9.370725
v 7.548995 1.019328 -9.405273
v 7.537511 0.988700 -9.353954
v 7.537511 1.109620 -9.353954
v 7.548754 1.080864 -9.404192
v 7.498542 1.019328 -9.389265
v 7.537511 0.988700 -9.353954
v 7.537511 1.109620 -9.353954
v 7.499362 1.080864 -9.388522
v 7.487792 1.019328 -9.336823
v 7.537511 0.988700 -9.353954
v 7.488838 1.080864 -9.337184
v 7.537511 1.109620 -9.353954
v 7.526026 1.019328 -9.302637
v 7.537511 0.988700 -9.353954
v 7.526268 1.080864 -9.303716
v 7.537511 1.109620 -9.353954
v 9.465899 1.092548 -6.584556
v 9.440498 1.092548 -6.538117
v 9.413330 1.061920 -6.583143
v 9.413330 1.182840 -6.583143
v 9.439926 1.154084 -6.539063
v 9.464792 1.154084 -6.584526
v 9.437424 1.092548 -6.629886
v 9.413330 1.061920 -6.583143
v 9.413330 1.182840 -6.583143
v 9.436916 1.154084 -6.628903
v 9.386163 1.092548 -6.628170
v 9.413330 1.061920 -6.583143
v 9.386735 1.154084 -6.627223
v 9.413330 1.182840 -6.583143
v 9.360762 1.092548 -6.581730
v 9.413330 1.061920 -6.583143
v 9.361868 1.154084 -6.581759
v 9.413330 1.182840 -6.583143
v 9.389237 1.092548 -6.536399
v 9.413330 1.061920 -6.583143
v 9.389745 1.154084 -6.537383
v 9.413330 1.182840 -6.583143
v 9.440498 1.092548 -6.538117
v 9.413330 1.061920 -6.583143
v 9.439926 1.154084 -6.539063
v 9.413330 1.182840 -6.583143
v 9.540948 1.092548 -6.631700
v 9.515547 1.092548 -6.585259
v 9.488379 1.061920 -6.630287
v 9.488379 1.182840 -6.630287
v 9.514976 1.154084 -6.586207
v 9.539842 1.154084 -6.631670
v 9.512473 1.092548 -6.677030
v 9.488379 1.061920 -6.630287
v 9.511966 1.154084 -6.676046
v 9.488379 1.182840 -6.630287
v 9.461211 1.092548 -6.675313
v 9.488379 1.061920 -6.630287
v 9.461783 1.154084 -6.674365
v 9.488379 1.182840 -6.630287
v 9.435810 1.092548 -6.628873
v 9.488379 1.061920 -6.630287
v 9.436916 1.154084 -6.628903
v 9.488379 1.182840 -6.630287
v 9.464286 1.092548 -6.583542
v 9.488379 1.061920 -6.630287
v 9.488379 1.182840 -6.630287
v 9.464792 1.154084 -6.584526
v 9.515547 1.092548 -6.585259
v 9.488379 1.061920 -6.630287
v 9.488379 1.182840 -6.630287
v 9.514976 1.154084 -6.586207
v 9.619006 1.092548 -6.589004
v 9.593605 1.092548 -6.542564
v 9.566439 1.061920 -6.587590
v 9.617901 1.154084 -6.588974
v 9.593035 1.154084 -6.543512
v 9.566439 1.182840 -6.587590
v 9.590531 1.092548 -6.634334
v 9.566439 1.061920 -6.587590
v 9.590025 1.154084 -6.633350
v 9.566439 1.182840 -6.587590
v 9.539269 1.092548 -6.632617
v 9.566439 1.061920 -6.587590
v 9.539842 1.154084 -6.631670
v 9.566439 1.182840 -6.587590
v 9.513870 1.092548 -6.586177
v 9.566439 1.061920 -6.587590
v 9.566439 1.182840 -6.587590
v 9.514976 1.154084 -6.586207
v 9.542345 1.092548 -6.540847
v 9.566439 1.061920 -6.587590
v 9.566439 1.182840 -6.587590
v 9.542851 1.154084 -6.541831
v 9.593605 1.092548 -6.542564
v 9.566439 1.061920 -6.587590
v 9.593035 1.154084 -6.543512
v 9.566439 1.182840 -6.587590
v 9.543958 1.092548 -6.541861
v 9.518557 1.092548 -6.495421
v 9.491389 1.061920 -6.540447
v 9.542851 1.154084 -6.541831
v 9.517984 1.154084 -6.496368
v 9.491389 1.182840 -6.540447
v 9.515483 1.092548 -6.587191
v 9.491389 1.061920 -6.540447
v 9.491389 1.182840 -6.540447
v 9.514976 1.154084 -6.586207
v 9.464221 1.092548 -6.585473
v 9.491389 1.061920 -6.540447
v 9.491389 1.182840 -6.540447
v 9.464792 1.154084 -6.584526
v 9.438821 1.092548 -6.539034
v 9.491389 1.061920 -6.540447
v 9.491389 1.182840 -6.540447
v 9.439926 1.154084 -6.539063
v 9.467296 1.092548 -6.493703
v 9.491389 1.061920 -6.540447
v 9.467802 1.154084 -6.494688
v 9.491389 1.182840 -6.540447
v 9.518557 1.092548 -6.495421
v 9.491389 1.061920 -6.540447
v 9.517984 1.154084 -6.496368
v 9.491389 1.182840 -6.540447
v 11.476662 0.677510 -8.080173
v 11.429388 0.677510 -8.056361
v 11.432581 0.646883 -8.108850
v 11.432581 0.767803 -8.108850
v 11.429455 0.739046 -8.057465
v 11.475734 0.739046 -8.080777
v 11.478950 0.677510 -8.133657
v 11.432581 0.646883 -8.108850
v 11.432581 0.767803 -8.108850
v 11.477975 0.739046 -8.133135
v 11.435775 0.677510 -8.161343
v 11.432581 0.646883 -8.108850
v 11.435706 0.739046 -8.160237
v 11.432581 0.767803 -8.108850
v 11.388501 0.677510 -8.137529
v 11.432581 0.646883 -8.108850
v 11.389428 0.739046 -8.136926
v 11.432581 0.767803 -8.108850
v 11.386210 0.677510 -8.084046
v 11.432581 0.646883 -8.108850
v 11.387187 0.739046 -8.084567
v 11.432581 0.767803 -8.108850
v 11.429388 0.677510 -8.056361
v 11.432581 0.646883 -8.108850
v 11.429455 0.739046 -8.057465
v 11.432581 0.767803 -8.108850
v 11.565208 0.677510 -8.076384
v 11.517934 0.677510 -8.052569
v 11.521128 0.646883 -8.105062
v 11.521128 0.767803 -8.105062
v 11.518002 0.739046 -8.053675
v 11.564281 0.739046 -8.076986
v 11.567497 0.677510 -8.129867
v 11.521128 0.646883 -8.105062
v 11.566522 0.739046 -8.129344
v 11.521128 0.767803 -8.105062
v 11.524321 0.677510 -8.157552
v 11.521128 0.646883 -8.105062
v 11.524254 0.739046 -8.156446
v 11.521128 0.767803 -8.105062
v 11.477048 0.677510 -8.133739
v 11.521128 0.646883 -8.105062
v 11.477975 0.739046 -8.133135
v 11.521128 0.767803 -8.105062
v 11.474757 0.677510 -8.080256
v 11.521128 0.646883 -8.105062
v 11.521128 0.767803 -8.105062
v 11.475734 0.739046 -8.080777
v 11.517934 0.677510 -8.052569
v 11.521128 0.646883 -8.105062
v 11.521128 0.767803 -8.105062
v 11.518002 0.739046 -8.053675
v 11.605233 0.677510 -7.996923
v 11.557961 0.677510 -7.973110
v 11.561153 0.646883 -8.025600
v 11.604308 0.739046 -7.997526
v 11.558028 0.739046 -7.974215
v 11.561153 0.767803 -8.025600
v 11.607523 0.677510 -8.050406
v 11.561153 0.646883 -8.025600
v 11.606548 0.739046 -8.049884
v 11.561153 0.767803 -8.025600
v 11.564346 0.677510 -8.078091
v 11.561153 0.646883 -8.025600
v 11.564281 0.739046 -8.076986
v 11.561153 0.767803 -8.025600
v 11.517075 0.677510 -8.054277
v 11.561153 0.646883 -8.025600
v 11.561153 0.767803 -8.025600
v 11.518002 0.739046 -8.053675
v 11.514784 0.677510 -8.000794
v 11.561153 0.646883 -8.025600
v 11.561153 0.767803 -8.025600
v 11.515760 0.739046 -8.001317
v 11.557961 0.677510 -7.973110
v 11.561153 0.646883 -8.025600
v 11.558028 0.739046 -7.974215
v 11.561153 0.767803 -8.025600
v 11.516686 0.677510 -8.000713
v 11.469415 0.677510 -7.976901
v 11.472607 0.646883 -8.029391
v 11.515760 0.739046 -8.001317
v 11.469481 0.739046 -7.978005
v 11.472607 0.767803 -8.029391
v 11.518977 0.677510 -8.054196
v 11.472607 0.646883 -8.029391
v 11.472607 0.767803 -8.029391
v 11.518002 0.739046 -8.053675
v 11.475801 0.677510 -8.081882
v 11.472607 0.646883 -8.029391
v 11.472607 0.767803 -8.029391
v 11.475734 0.739046 -8.080777
v 11.428527 0.677510 -8.058068
v 11.472607 0.646883 -8.029391
v 11.472607 0.767803 -8.029391
v 11.429455 0.739046 -8.057465
v 11.426237 0.677510 -8.004585
v 11.472607 0.646883 -8.029391
v 11.427214 0.739046 -8.005107
v 11.472607 0.767803 -8.029391
v 11.469415 0.677510 -7.976901
v 11.472607 0.646883 -8.029391
v 11.469481 0.739046 -7.978005
v 11.472607 0.767803 -8.029391
v 11.639580 0.517146 -2.509930
v 11.654647 0.517146 -2.459188
v 11.603551 0.486519 -2.471623
v 11.603551 0.607439 -2.471623
v 11.653572 0.578682 -2.459449
v 11.638821 0.578682 -2.509125
v 11.587347 0.517146 -2.521652
v 11.603551 0.486519 -2.471623
v 11.603551 0.607439 -2.471623
v 11.587687 0.578682 -2.520599
v 11.552455 0.517146 -2.484059
v 11.603551 0.486519 -2.471623
v 11.553530 0.578682 -2.483798
v 11.603551 0.607439 -2.471623
v 11.567522 0.517146 -2.433316
v 11.603551 0.486519 -2.471623
v 11.568281 0.578682 -2.434123
v 11.603551 0.607439 -2.471623
v 11.619757 0.517146 -2.421595
v 11.603551 0.486519 -2.471623
v 11.619414 0.578682 -2.422647
v 11.603551 0.607439 -2.471623
v 11.654647 0.517146 -2.459188
v 11.603551 0.486519 -2.471623
v 11.653572 0.578682 -2.459449
v 11.603551 0.607439 -2.471623
v 11.658986 0.517146 -2.596407
v 11.674054 0.517146 -2.545664
v 11.622957 0.486519 -2.558100
v 11.622957 0.607439 -2.558100
v 11.672978 0.578682 -2.545926
v 11.658229 0.578682 -2.595601
v 11.606753 0.517146 -2.608129
v 11.622957 0.486519 -2.558100
v 11.607095 0.578682 -2.607076
v 11.622957 0.607439 -2.558100
v 11.571862 0.517146 -2.570536
v 11.622957 0.486519 -2.558100
v 11.572937 0.578682 -2.570274
v 11.622957 0.607439 -2.558100
v 11.586928 0.517146 -2.519793
v 11.622957 0.486519 -2.558100
v 11.587687 0.578682 -2.520599
v 11.622957 0.607439 -2.558100
v 11.639163 0.517146 -2.508072
v 11.622957 0.486519 -2.558100
v 11.622957 0.607439 -2.558100
v 11.638821 0.578682 -2.509125
v 11.674054 0.517146 -2.545664
v 11.622957 0.486519 -2.558100
v 11.622957 0.607439 -2.558100
v 11.672978 0.578682 -2.545926
v 11.744277 0.517146 -2.621734
v 11.759346 0.517146 -2.570991
v 11.708248 0.486519 -2.583427
v 11.743521 0.578682 -2.620928
v 11.758269 0.578682 -2.571253
v 11.708248 0.607439 -2.583427
v 11.692044 0.517146 -2.633456
v 11.708248 0.486519 -2.583427
v 11.692386 0.578682 -2.632403
v 11.708248 0.607439 -2.583427
v 11.657152 0.517146 -2.595863
v 11.708248 0.486519 -2.583427
v 11.658229 0.578682 -2.595601
v 11.708248 0.607439 -2.583427
v 11.672221 0.517146 -2.545120
v 11.708248 0.486519 -2.583427
v 11.708248 0.607439 -2.583427
v 11.672978 0.578682 -2.545926
v 11.724454 0.517146 -2.533398
v 11.708248 0.486519 -2.583427
v 11.708248 0.607439 -2.583427
v 11.724113 0.578682 -2.534451
v 11.759346 0.517146 -2.570991
v 11.708248 0.486519 -2.583427
v 11.758269 0.578682 -2.571253
v 11.708248 0.607439 -2.583427
v 11.724871 0.517146 -2.535257
v 11.739939 0.517146 -2.484515
v 11.688844 0.486519 -2.496950
v 11.724113 0.578682 -2.534451
v 11.738865 0.578682 -2.484776
v 11.688844 0.607439 -2.496950
v 11.672638 0.517146 -2.546979
v 11.688844 0.486519 -2.496950
v 11.688844 0.607439 -2.496950
v 11.672978 0.578682 -2.545926
v 11.637747 0.517146 -2.509386
v 11.688844 0.486519 -2.496950
v 11.688844 0.607439 -2.496950
v 11.638821 0.578682 -2.509125
v 11.652815 0.517146 -2.458643
v 11.688844 0.486519 -2.496950
v 11.688844 0.607439 -2.496950
v 11.653572 0.578682 -2.459449
v 11.705048 0.517146 -2.446922
v 11.688844 0.486519 -2.496950
v 11.704706 0.578682 -2.447974
v 11.688844 0.607439 -2.496950
v 11.739939 0.517146 -2.484515
v 11.688844 0.486519 -2.496950
v 11.738865 0.578682 -2.484776
v 11.688844 0.607439 -2.496950
v 12.905946 0.514389 0.767902
v 12.952074 0.514389 0.793866
v 12.906720 0.483761 0.820485
v 12.906720 0.604682 0.820485
v 12.951118 0.575925 0.794425
v 12.905961 0.575925 0.769009
v 12.860272 0.514389 0.795825
v 12.906720 0.483761 0.820485
v 12.906720 0.604682 0.820485
v 12.861250 0.575925 0.796344
v 12.861367 0.514389 0.847103
v 12.906720 0.483761 0.820485
v 12.862320 0.575925 0.846543
v 12.906720 0.604682 0.820485
v 12.907495 0.514389 0.873066
v 12.906720 0.483761 0.820485
v 12.907479 0.575925 0.871959
v 12.906720 0.604682 0.820485
v 12.953168 0.514389 0.845144
v 12.906720 0.483761 0.820485
v 12.952190 0.575925 0.844624
v 12.906720 0.604682 0.820485
v 12.952074 0.514389 0.793866
v 12.906720 0.483761 0.820485
v 12.951118 0.575925 0.794425
v 12.906720 0.604682 0.820485
v 12.859716 0.514389 0.692286
v 12.905844 0.514389 0.718249
v 12.860492 0.483761 0.744868
v 12.860492 0.604682 0.744868
v 12.904889 0.575925 0.718809
v 12.859733 0.575925 0.693392
v 12.814044 0.514389 0.720209
v 12.860492 0.483761 0.744868
v 12.815021 0.575925 0.720728
v 12.860492 0.604682 0.744868
v 12.815138 0.514389 0.771487
v 12.860492 0.483761 0.744868
v 12.816092 0.575925 0.770927
v 12.860492 0.604682 0.744868
v 12.861266 0.514389 0.797451
v 12.860492 0.483761 0.744868
v 12.861250 0.575925 0.796344
v 12.860492 0.604682 0.744868
v 12.906940 0.514389 0.769527
v 12.860492 0.483761 0.744868
v 12.860492 0.604682 0.744868
v 12.905961 0.575925 0.769009
v 12.905844 0.514389 0.718249
v 12.860492 0.483761 0.744868
v 12.860492 0.604682 0.744868
v 12.904889 0.575925 0.718809
v 12.903357 0.514389 0.614752
v 12.949485 0.514389 0.640715
v 12.904132 0.483761 0.667334
v 12.903373 0.575925 0.615858
v 12.948529 0.575925 0.641275
v 12.904132 0.604682 0.667334
v 12.857684 0.514389 0.642675
v 12.904132 0.483761 0.667334
v 12.858661 0.575925 0.643194
v 12.904132 0.604682 0.667334
v 12.858779 0.514389 0.693953
v 12.904132 0.483761 0.667334
v 12.859733 0.575925 0.693392
v 12.904132 0.604682 0.667334
v 12.904905 0.514389 0.719915
v 12.904132 0.483761 0.667334
v 12.904132 0.604682 0.667334
v 12.904889 0.575925 0.718809
v 12.950580 0.514389 0.691993
v 12.904132 0.483761 0.667334
v 12.904132 0.604682 0.667334
v 12.949601 0.575925 0.691474
v 12.949485 0.514389 0.640715
v 12.904132 0.483761 0.667334
v 12.948529 0.575925 0.641275
v 12.904132 0.604682 0.667334
v 12.949585 0.514389 0.690367
v 12.995713 0.514389 0.716331
v 12.950360 0.483761 0.742949
v 12.949601 0.575925 0.691473
v 12.994758 0.575925 0.716890
v 12.950360 0.604682 0.742949
v 12.903913 0.514389 0.718290
v 12.950360 0.483761 0.742949
v 12.950360 0.604682 0.742949
v 12.904889 0.575925 0.718809
v 12.905007 0.514389 0.769568
v 12.950360 0.483761 0.742949
v 12.950360 0.604682 0.742949
v 12.905961 0.575925 0.769009
v 12.951135 0.514389 0.795532
v 12.950360 0.483761 0.742949
v 12.950360 0.604682 0.742949
v 12.951118 0.575925 0.794425
v 12.996807 0.514389 0.767609
v 12.950360 0.483761 0.742949
v 12.995831 0.575925 0.767090
v 12.950360 0.604682 0.742949
v 12.995713 0.514389 0.716331
v 12.950360 0.483761 0.742949
v 12.994758 0.575925 0.716890
v 12.950360 0.604682 0.742949
v 22.130943 3.541446 -15.235489
v 25.618229 -0.736377 -4.502730
v 25.618229 3.541448 -4.502731
v 22.130943 -0.736379 -15.235488
v 13.001114 3.541445 -21.868698
v 13.001114 -0.736380 -21.868698
v 1.716025 3.541445 -21.868696
v 1.716025 -0.736380 -21.868696
v -7.413804 3.541446 -15.235488
v -7.413804 -0.736379 -15.235487
v -10.901088 3.541448 -4.502729
v -10.901088 -0.736377 -4.502728
v -7.413803 3.541450 6.230029
v -7.413803 -0.736375 6.230029
v 1.716028 3.541451 12.863236
v 1.716028 -0.736374 12.863237
v 13.001119 3.541451 12.863235
v 13.001119 -0.736374 12.863236
v 22.130947 3.541450 6.230025
v 22.130947 -0.736375 6.230025
v 16.000410 2.656607 -10.781394
v 18.040472 0.517696 -4.502730
v 18.040472 2.656608 -4.502731
v 16.000410 0.517695 -10.781394
v 10.659459 2.656607 -14.661821
v 10.659459 0.517694 -14.661821
v 4.057682 2.656607 -14.661821
v 4.057682 0.517694 -14.661821
v -1.283269 2.656607 -10.781393
v -1.283269 0.517695 -10.781393
v -3.323329 2.656608 -4.502730
v -3.323329 0.517696 -4.502729
v -1.283267 2.656609 1.775933
v -1.283267 0.517697 1.775933
v 4.057683 2.656610 5.656360
v 4.057683 0.517698 5.656361
v 10.659460 2.656610 5.656360
v 10.659460 0.517698 5.656360
v 16.000410 2.656609 1.775931
v 16.000410 0.517697 1.775931
v 5.776234 0.014695 0.396187
v 8.824010 0.014696 0.870286
v 5.911691 0.014695 0.260731
v 5.640777 0.014695 0.396187
v 5.437592 0.014695 0.599373
v 4.557124 0.014695 0.599373
v 4.557124 0.014696 0.870286
v 8.824010 0.014695 0.260731
v 5.880831 0.035014 0.186230
v 5.911693 -0.066578 0.260739
v 5.745375 0.035014 0.321686
v 5.776236 -0.066578 0.396196
v 5.609918 0.035014 0.321686
v 5.640779 -0.066578 0.396196
v 5.406733 0.035014 0.524871
v 5.437594 -0.066578 0.599381
v 4.482623 0.035014 0.524871
v 4.557126 -0.066578 0.599381
v 4.482623 0.035014 0.944787
v 4.557126 -0.066578 0.870294
v 8.898511 0.035014 0.944787
v 8.824012 -0.066578 0.870294
v 8.898511 0.035014 0.186230
v 8.824012 -0.066578 0.260739
v 1.237746 -0.374135 1.006121
v 1.237743 -0.374031 1.006113
v 0.966878 -0.374048 0.938397
v 2.394671 0.159923 -7.053354
v 2.356911 0.170042 -7.062144
v 2.394674 0.159710 -7.053346
v 2.356911 0.170042 -7.062144
v 2.320040 0.179923 -7.070728
v 2.394674 0.159710 -7.053346
v 2.320040 0.179923 -7.070728
v 2.356352 0.130966 -7.062496
v 2.394674 0.159710 -7.053346
v 2.395137 0.078676 -7.053702
v 3.206670 0.331400 -6.976019
v 3.132284 0.310730 -6.985684
v 3.132751 0.229432 -6.986035
v 1.440867 -0.374004 0.396897
v 1.450215 -0.362914 0.357100
v 1.440869 -0.374083 0.396905
v 1.441297 -0.455285 0.396528
v 1.440869 -0.374083 0.396905
v 1.452275 -0.389680 0.348919
v 1.458344 -0.353272 0.322499
v 1.458344 -0.353272 0.322499
v 1.237746 -0.374135 1.006121
v 1.233294 -0.364468 1.041879
v 1.237743 -0.374031 1.006113
v 1.238210 -0.455296 1.005762
v 1.234296 -0.414652 1.035857
v 1.228468 -0.354095 1.080670
v 1.228468 -0.354095 1.080670
v 3.472586 -0.373980 1.006105
v 3.472586 -0.373965 0.396889
v 1.440867 -0.374004 0.396897
v 1.305366 -0.373992 0.329147
v 0.763731 -0.374056 0.802965
v 1.102146 -0.362689 0.193668
v 0.560569 -0.359939 0.599803
v 0.425138 -0.342406 0.396654
v 0.970943 -0.032265 -5.969820
v 0.550825 0.047689 -6.376008
v 0.425697 0.002213 -6.172866
v 1.106705 -0.011252 -6.105346
v 0.747828 0.093541 -6.579165
v 0.952895 0.116037 -6.714589
v 1.374356 0.029122 -6.173094
v 1.296857 0.115654 -6.782307
v 2.125084 0.131908 -6.782307
v 2.322968 0.203236 -6.173094
v 2.259874 0.145915 -6.850070
v 2.787876 0.295805 -6.376238
v 2.327277 0.152917 -6.917837
v 2.923858 0.306614 -6.511672
v 2.394671 0.159923 -7.053354
v 3.133943 0.388997 -9.835929
v 2.389272 0.434418 -10.171467
v 3.201681 0.425405 -10.104419
v 2.456992 0.479938 -10.506989
v 3.269429 0.443604 -10.238694
v 2.592421 0.507260 -10.708286
v 2.795582 0.534578 -10.909597
v 3.337197 0.452694 -10.305845
v 2.998724 0.552797 -11.043799
v 3.472716 0.467341 -10.372990
v 3.337316 0.571358 -11.110903
v 3.743711 0.490370 -10.372582
v 4.014555 0.579257 -11.116919
v 4.217691 0.584053 -11.049234
v 3.879227 0.495640 -10.304852
v 4.420845 0.590034 -10.913863
v 4.217919 0.517534 -9.966312
v 4.894920 0.589696 -10.440002
v 5.030353 0.601079 -10.236946
v 5.369097 1.187553 -2.718954
v 5.233731 1.187540 -3.666811
v 5.165858 1.187580 -3.666813
v 5.572227 1.187569 -2.854375
v 5.369248 1.187521 -3.734570
v 6.520432 1.121083 -3.802580
v 6.114268 1.132443 -4.479589
v 6.655951 1.111025 -3.870339
v 6.317422 1.114580 -4.615025
v 6.520559 1.111019 -4.682736
v 7.265570 1.135069 -4.682736
v 7.671863 1.142319 -3.870339
v 7.468805 1.135055 -4.750481
v 7.874991 1.142335 -4.005757
v 7.672021 1.135046 -4.885959
v 9.500448 1.010669 -5.631213
v 8.891163 1.001119 -6.105100
v 9.703594 1.010683 -6.037501
v 9.026651 0.972611 -6.376074
v 9.703599 1.010685 -7.188829
v 9.026648 0.972607 -6.850240
v 8.958903 0.959120 -7.053488
v 9.635885 1.010682 -7.391953
v 8.484746 0.932791 -7.527648
v 8.552355 0.900179 -8.340071
v 8.281497 0.938560 -7.595397
v 8.349175 0.912856 -8.340071
v 8.146038 0.955919 -7.595397
v 7.942902 0.974599 -7.663107
v 8.078195 0.915355 -8.407815
v 7.739749 0.990930 -7.798544
v 7.942696 0.912888 -8.543316
v 7.265673 1.021468 -8.272621
v 7.807198 0.906742 -8.746558
v 7.130239 1.032283 -8.475771
v 7.062529 1.040386 -8.678908
v 7.807200 0.904348 -8.882097
v 7.062529 1.036430 -9.085233
v 7.874953 0.884830 -9.085344
v 7.130246 1.034153 -9.423825
v 7.265676 1.034197 -9.626969
v 8.010489 0.863610 -9.220876
v 7.468837 1.019872 -9.830131
v 7.671980 1.005116 -9.965557
v 8.010573 0.973390 -10.033278
v 8.281507 0.835030 -9.220877
v 8.484631 0.901507 -10.033278
v 8.687754 0.847791 -9.965566
v 8.890930 0.785153 -9.762389
v 8.552469 0.808364 -9.017677
v 9.026446 0.749041 -9.694634
v 9.297372 0.798313 -8.949965
v 9.161974 0.722922 -9.694635
v 9.568239 0.785534 -9.017678
v 9.297509 0.711075 -9.762401
v 9.974548 0.775875 -9.356273
v 9.433022 0.702550 -9.965670
v 10.177692 0.737020 -10.236681
v 9.433019 0.718348 -10.236616
v 9.500742 0.736932 -10.575207
v 9.636165 0.736940 -10.778352
v 10.313209 0.737001 -10.439960
v 9.839326 0.736949 -10.981514
v 10.042475 0.736961 -11.116940
v 10.381065 0.736976 -11.184659
v 11.329293 0.723915 -10.507713
v 11.871003 0.737000 -11.116943
v 11.600136 0.736984 -11.184659
v 11.532552 0.714101 -10.372211
v 12.074149 0.738553 -10.981514
v 12.209576 0.739134 -10.846087
v 12.345000 0.740104 -10.575233
v 11.668057 0.703467 -10.168959
v 12.345000 0.630838 -8.474397
v 11.600319 0.630747 -8.474316
v 12.277290 0.615439 -8.271860
v 11.532574 0.620495 -8.339206
v 11.667752 0.569263 -7.664071
v 11.058484 0.584580 -7.866479
v 11.532270 0.553882 -7.461433
v 10.990768 0.569181 -7.663941
v 11.464535 0.533365 -7.191249
v 11.464532 0.430868 -3.260591
v 10.990773 0.430769 -2.651085
v 11.532275 0.430867 -2.989629
v 11.667755 0.430862 -2.786405
v 11.193919 0.430777 -2.244794
v 12.345339 0.430785 -2.108821
v 12.480458 0.430874 -8.001430
v 12.345340 0.430777 -8.001427
v 12.480461 0.430872 -1.973702
v 12.751670 0.430777 -0.687042
v 13.631868 0.430863 -0.822290
v 12.887153 0.430772 -0.483825
v 13.699581 0.430868 -0.686875
v 12.954892 0.430770 -0.280591
v 13.767299 0.430868 -0.416000
v 12.887116 0.430791 0.125944
v 13.699581 0.430864 0.532117
v 13.767294 0.430868 0.261241
v 13.631868 0.430857 0.667532
v 13.428722 0.430843 0.870678
v 13.293308 0.430831 0.938386
v 13.022429 0.430820 1.006105
v 11.667957 0.430807 0.329160
v 11.667953 0.430794 0.870648
v 11.803411 0.430794 1.006105
v 10.990676 0.430807 0.329160
v 10.990671 0.430794 0.870648
v 10.855217 0.430807 0.464617
v 10.855213 0.430794 0.735191
v 9.839394 0.430778 0.464617
v 9.839389 0.430764 0.735191
v 11.803416 0.430807 0.193704
v 12.683841 0.430818 0.193704
v 12.954896 0.430774 -0.009611
v 11.058488 0.430771 -2.447947
v 11.668055 0.651264 -8.744486
v 10.516481 0.736976 -10.507715
v 10.177692 0.737023 -9.830288
v 10.109983 0.759470 -9.559418
v 9.771385 0.778600 -9.153109
v 8.823317 0.811972 -8.949962
v 8.417023 0.809109 -9.153118
v 8.755475 0.900198 -8.272363
v 9.635880 1.010676 -5.834365
v 4.827351 1.187530 -2.718955
v 4.624229 1.187513 -2.786663
v 4.353364 1.187501 -3.057527
v 3.061697 0.305907 -6.714820
v 2.587096 0.262495 -6.240807
v 0.411215 -0.009340 -6.088244
v 0.425706 0.002212 -6.172869
v 0.721706 -0.021409 -6.045000
v 0.721706 -0.021409 -6.045000
v 0.954569 -0.038453 -5.935913
v 1.006882 -0.343969 0.049716
v 0.982542 -0.339568 0.011617
v 0.425138 -0.342406 0.396654
v 1.034398 -0.348886 0.092047
v 1.102146 -0.362689 0.193668
v 0.400281 -0.322490 0.250668
v 0.730371 -0.298504 -0.181415
v 0.392609 -0.311167 0.150138
v 0.425138 -0.342406 0.396654
v 0.408216 -0.331805 0.328965
v 0.964543 -0.335364 -0.018026
v 0.425138 -0.342406 0.396654
v 0.982542 -0.339568 0.011617
v 0.730371 -0.298504 -0.181415
v 0.385466 -0.295831 0.005162
v 0.392609 -0.311167 0.150138
v 0.730371 -0.298504 -0.181415
v 0.645483 -0.033264 -5.886918
v 0.397129 -0.018987 -5.893800
v 0.390285 -0.022854 -5.741681
v 0.361980 -0.075326 -3.424105
v 0.361980 -0.075326 -3.424105
v 0.917714 -0.051076 -5.243776
v 0.645483 -0.033264 -5.886918
v 0.404133 -0.014354 -6.002006
v 0.645483 -0.033264 -5.886918
v 0.411215 -0.009340 -6.088244
v 0.645483 -0.033264 -5.886918
v 0.645483 -0.033264 -5.886918
v 0.938810 -0.043398 -5.793550
v 0.946628 -0.041051 -5.875569
v 0.954569 -0.038453 -5.935913
v 0.645483 -0.033264 -5.886918
v 0.645483 -0.033264 -5.886918
v 0.954569 -0.038453 -5.935913
v 0.721706 -0.021409 -6.045000
v 0.931233 -0.045245 -5.668143
v 0.645483 -0.033264 -5.886918
v 0.931233 -0.045245 -5.668143
v 0.917714 -0.051076 -5.243776
v 0.904712 -0.078414 -4.043183
v 0.917714 -0.051076 -5.243776
v 0.361980 -0.075326 -3.424105
v 0.361980 -0.075326 -3.424105
v 0.902209 -0.142857 -2.452091
v 0.904712 -0.078414 -4.043183
v 0.914784 -0.257174 -0.735600
v 0.730371 -0.298504 -0.181415
v 0.920473 -0.279454 -0.490874
v 0.730371 -0.298504 -0.181415
v 0.926955 -0.298407 -0.311232
v 0.730371 -0.298504 -0.181415
v 0.373297 -0.252805 -0.462582
v 0.385466 -0.295831 0.005162
v 0.914784 -0.257174 -0.735600
v 0.373297 -0.252805 -0.462582
v 0.730371 -0.298504 -0.181415
v 0.926955 -0.298407 -0.311232
v 0.730371 -0.298504 -0.181415
v 0.934099 -0.312367 -0.185823
v 0.941773 -0.323931 -0.103796
v 0.951435 -0.330823 -0.052183
v 0.730371 -0.298504 -0.181415
v 0.964543 -0.335364 -0.018026
v 0.951435 -0.330823 -0.052183
v 0.373297 -0.252805 -0.462582
v 0.914784 -0.257174 -0.735600
v 0.360874 -0.126320 -2.287540
v 0.914784 -0.257174 -0.735600
v 0.902209 -0.142857 -2.452091
v 0.360874 -0.126320 -2.287540
v 0.360874 -0.126320 -2.287540
v 0.902209 -0.142857 -2.452091
v 0.361980 -0.075326 -3.424105
v 3.473053 -0.455267 0.396538
v 3.546977 -0.352928 0.322479
v 3.473053 -0.455274 1.005754
v 3.546980 -0.353593 1.080696
v 1.452275 -0.389680 0.348919
v 2.389739 0.353171 -10.171816
v 2.314655 0.454374 -10.178797
v 2.457458 0.398689 -10.507337
v 2.386805 0.500013 -10.536206
v 2.592887 0.426006 -10.708635
v 2.534632 0.527481 -10.755924
v 2.796048 0.453319 -10.909948
v 2.748266 0.554899 -10.967613
v 2.999190 0.471532 -11.044150
v 2.969761 0.573269 -11.113941
v 3.337784 0.490085 -11.111254
v 3.329562 0.591960 -11.185249
v 4.015023 0.497978 -11.117268
v 4.026204 0.599963 -11.191438
v 4.218159 0.502766 -11.049584
v 4.250586 0.604840 -11.116677
v 4.421312 0.508743 -10.914213
v 4.468183 0.610855 -10.971684
v 4.895387 0.508402 -10.440352
v 4.952689 0.610527 -10.487398
v 5.030820 0.519782 -10.237295
v 5.097748 0.621898 -10.269917
v 5.166326 1.106289 -3.667166
v 5.211795 1.208466 -3.741222
v 5.234200 1.106271 -3.667163
v 5.216036 1.208090 -3.741224
v 5.369716 1.106261 -3.734921
v 5.325008 1.207873 -3.795710
v 6.114736 1.051185 -4.479941
v 6.066697 1.152762 -4.537398
v 6.317890 1.033316 -4.615376
v 6.284294 1.135018 -4.682460
v 6.521026 1.029748 -4.683087
v 6.508358 1.131598 -4.757147
v 7.266037 1.053798 -4.683087
v 7.253368 1.155648 -4.757147
v 7.469271 1.053792 -4.750832
v 7.435672 1.155493 -4.817916
v 7.672489 1.053788 -4.886310
v 7.624449 1.155365 -4.943766
v 8.891631 0.919867 -6.105452
v 8.829819 1.021306 -6.149134
v 9.027119 0.891364 -6.376426
v 8.952044 0.992612 -6.393563
v 9.027115 0.891362 -6.850592
v 8.952041 0.992478 -6.838047
v 8.959370 0.877873 -7.053840
v 8.893695 0.978918 -7.013136
v 8.485212 0.851536 -7.527998
v 8.444401 0.952612 -7.462445
v 8.281964 0.857296 -7.595747
v 8.269274 0.958490 -7.520815
v 8.146505 0.874655 -7.595747
v 8.133801 0.975848 -7.520815
v 7.943370 0.893341 -7.663458
v 7.909739 0.994448 -7.595513
v 7.740216 0.909677 -7.798893
v 7.692157 1.010745 -7.740578
v 7.266141 0.940218 -8.272970
v 7.207655 1.041273 -8.225087
v 7.130707 0.951036 -8.476120
v 7.062603 1.052100 -8.442677
v 7.062997 0.959140 -8.679258
v 6.987923 1.060257 -8.666739
v 7.062997 0.955184 -9.085584
v 6.987922 1.056386 -9.092519
v 7.130713 0.952904 -9.424176
v 7.059974 1.054227 -9.452799
v 7.266143 0.952943 -9.627321
v 7.207670 1.054415 -9.674344
v 7.469305 0.938613 -9.830482
v 7.421266 1.040191 -9.887939
v 7.672447 0.923851 -9.965909
v 7.642821 1.025587 -10.035639
v 8.011041 0.892117 -10.033629
v 8.003124 0.993994 -10.107695
v 8.485096 0.820227 -10.033628
v 8.496693 0.922214 -10.107682
v 8.688217 0.766502 -9.965919
v 8.727986 0.868606 -10.030533
v 8.891394 0.703862 -9.762743
v 8.935043 0.805971 -9.823464
v 9.026910 0.667759 -9.694985
v 9.044012 0.769777 -9.769032
v 9.162441 0.641653 -9.694986
v 9.144315 0.743472 -9.769063
v 9.297976 0.629819 -9.762753
v 9.246387 0.731376 -9.820103
v 9.433489 0.621303 -9.966019
v 9.358420 0.722573 -9.988145
v 9.433486 0.637102 -10.236965
v 9.358414 0.738305 -10.243925
v 9.501209 0.655683 -10.575558
v 9.430476 0.757006 -10.604188
v 9.636632 0.655686 -10.778704
v 9.578160 0.757158 -10.825727
v 9.839793 0.655690 -10.981865
v 9.791756 0.757268 -11.039323
v 10.042942 0.655696 -11.117290
v 10.013306 0.757431 -11.187015
v 10.381533 0.655703 -11.185009
v 10.373581 0.757580 -11.259070
v 11.600603 0.655706 -11.185009
v 11.609200 0.757676 -11.259070
v 11.871469 0.655715 -11.117294
v 11.901482 0.757782 -11.186001
v 12.074617 0.657261 -10.981865
v 12.121503 0.759374 -11.039323
v 12.210042 0.657839 -10.846437
v 12.270694 0.759968 -10.890129
v 12.345468 0.658805 -10.575584
v 12.419398 0.760893 -10.592722
v 12.345468 0.549541 -8.474749
v 12.419390 0.651498 -8.462165
v 12.277759 0.534147 -8.272212
v 12.342248 0.635926 -8.231441
v 11.668221 0.487973 -7.664423
v 11.725472 0.589679 -7.616434
v 11.532739 0.472588 -7.461786
v 11.601276 0.574432 -7.430672
v 11.465002 0.452067 -7.191601
v 11.538926 0.554037 -7.181948
v 11.464998 0.349570 -3.260942
v 11.538926 0.451620 -3.269669
v 11.532743 0.349569 -2.989980
v 11.601314 0.451684 -3.020128
v 11.668222 0.349567 -2.786756
v 11.725542 0.451692 -2.833779
v 12.345807 0.349531 -2.109172
v 12.270727 0.451493 -2.288596
v 12.345807 0.349528 -8.001777
v 12.270731 0.451026 -8.075839
v 12.480926 0.349573 -8.001781
v 12.554850 0.451911 -8.075841
v 12.480927 0.349573 -1.974053
v 12.554852 0.451719 -2.004472
v 13.632336 0.349567 -0.822641
v 13.692987 0.451697 -0.866333
v 13.700048 0.349571 -0.687226
v 13.769766 0.451671 -0.712790
v 13.767764 0.349570 -0.416351
v 13.841690 0.451620 -0.425083
v 13.767760 0.349571 0.260890
v 13.841686 0.451540 0.270501
v 13.700048 0.349569 0.531766
v 13.769768 0.451441 0.558209
v 13.632336 0.349566 0.667181
v 13.692988 0.451306 0.711753
v 13.429190 0.349559 0.870328
v 13.472746 0.451128 0.931996
v 13.293775 0.349553 0.938035
v 13.319204 0.450980 1.008768
v 13.022897 0.349549 1.005754
v 13.031493 0.450862 1.080694
v 11.803879 0.349536 1.005754
v 11.772448 0.450623 1.080693
v 11.668421 0.349536 0.870297
v 11.636988 0.450623 0.945236
v 10.991140 0.349536 0.870297
v 10.959706 0.450623 0.945236
v 10.855680 0.349536 0.734840
v 10.824247 0.450623 0.809779
v 9.839856 0.349522 0.734840
v 9.764783 0.450363 0.809778
v 9.839861 0.349529 0.464266
v 9.764785 0.451027 0.390203
v 10.855684 0.349542 0.464266
v 10.824251 0.451286 0.390204
v 10.991143 0.349542 0.328809
v 10.959709 0.451286 0.254748
v 11.668425 0.349542 0.328809
v 11.636992 0.451286 0.254748
v 11.803884 0.349542 0.193353
v 11.772449 0.451286 0.119291
v 12.684309 0.349546 0.193353
v 12.671643 0.451396 0.119292
v 12.887585 0.349535 0.125593
v 12.834175 0.451096 0.065113
v 12.955363 0.349527 -0.009962
v 12.880289 0.450774 -0.027110
v 12.955359 0.349524 -0.280942
v 12.880285 0.450641 -0.268413
v 12.887620 0.349525 -0.484175
v 12.819523 0.450589 -0.450713
v 12.752138 0.349528 -0.687393
v 12.693668 0.450582 -0.639491
v 11.194386 0.349527 -2.245145
v 11.135918 0.450582 -2.197243
v 11.058954 0.349524 -2.448298
v 10.990858 0.450588 -2.414835
v 10.991241 0.349524 -2.651436
v 10.916164 0.450640 -2.638912
v 10.991237 0.487934 -7.664290
v 10.916163 0.589158 -7.675992
v 11.058950 0.503329 -7.866828
v 10.993310 0.604729 -7.906722
v 11.533040 0.539243 -8.339555
v 11.471296 0.640683 -8.383333
v 11.600784 0.549499 -8.474665
v 11.529947 0.650808 -8.500312
v 11.668522 0.570018 -8.744835
v 11.593449 0.671228 -8.753613
v 11.668525 0.622222 -10.169308
v 11.593446 0.723293 -10.146332
v 11.533020 0.632850 -10.372561
v 11.478707 0.733901 -10.318414
v 11.329761 0.642655 -10.508064
v 11.306617 0.743789 -10.433125
v 10.516949 0.655704 -10.508067
v 10.528461 0.757034 -10.433125
v 10.313676 0.655715 -10.440311
v 10.360911 0.757299 -10.377276
v 10.178160 0.655723 -10.237031
v 10.252085 0.757634 -10.214036
v 10.178160 0.655725 -9.830637
v 10.252085 0.757695 -9.821041
v 10.110449 0.678175 -9.559767
v 10.179030 0.780020 -9.528757
v 9.975015 0.694585 -9.356624
v 10.032341 0.796293 -9.308724
v 9.771852 0.697315 -9.153460
v 9.818742 0.798917 -9.095123
v 9.568707 0.704255 -9.018028
v 9.598716 0.805713 -8.948440
v 9.297839 0.717041 -8.950315
v 9.306425 0.818354 -8.875374
v 8.823784 0.730707 -8.950312
v 8.814035 0.831917 -8.875374
v 8.552937 0.727109 -9.018027
v 8.514277 0.828188 -8.950316
v 8.417492 0.727855 -9.153467
v 8.372756 0.828926 -9.091830
v 8.281975 0.753769 -9.221227
v 8.263754 0.854931 -9.146297
v 8.010954 0.782331 -9.221227
v 8.041228 0.883767 -9.146272
v 7.875419 0.803537 -9.085693
v 7.939971 0.905317 -9.045022
v 7.807667 0.823051 -8.882447
v 7.881594 0.925008 -8.869934
v 7.807665 0.825443 -8.746908
v 7.881588 0.927552 -8.769037
v 7.943164 0.831593 -8.543667
v 8.000478 0.933719 -8.590698
v 8.078662 0.834067 -8.408164
v 8.116174 0.936168 -8.474995
v 8.349643 0.831577 -8.340422
v 8.358252 0.933547 -8.414480
v 8.552823 0.818900 -8.340421
v 8.564348 0.920886 -8.414478
v 8.755942 0.818909 -8.272714
v 8.795588 0.921013 -8.337398
v 9.636353 0.929385 -7.392303
v 9.700886 1.031519 -7.432130
v 9.704066 0.929387 -7.189179
v 9.777990 1.031450 -7.200830
v 9.704062 0.929386 -6.037852
v 9.777988 1.031342 -6.025322
v 9.636347 0.929382 -5.834716
v 9.703297 1.031207 -5.801252
v 9.500916 0.929380 -5.631564
v 9.558240 1.031087 -5.583662
v 7.875458 1.061050 -4.006108
v 7.922348 1.162652 -3.947773
v 7.672330 1.061042 -3.870689
v 7.694317 1.162431 -3.795752
v 6.656418 1.029751 -3.870689
v 6.673431 1.131112 -3.795752
v 6.520899 1.039799 -3.802931
v 6.564455 1.141367 -3.741260
v 5.572693 1.106284 -2.854726
v 5.619584 1.207886 -2.796391
v 5.369565 1.106277 -2.719305
v 5.391547 1.207665 -2.644365
v 4.827818 1.106266 -2.719305
v 4.815153 1.207460 -2.644366
v 4.624696 1.106258 -2.787014
v 4.583879 1.207334 -2.721459
v 4.353831 1.106253 -3.057878
v 4.292029 1.207303 -3.013308
v 4.218384 0.436286 -9.966665
v 4.152728 0.537332 -9.925936
v 3.879694 0.414386 -10.305203
v 3.835018 0.515458 -10.243516
v 3.744178 0.409108 -10.372934
v 3.725991 0.510270 -10.298014
v 3.473183 0.386067 -10.373340
v 3.490019 0.487426 -10.298381
v 3.337666 0.371410 -10.306196
v 3.380968 0.472977 -10.244354
v 3.269898 0.362314 -10.239046
v 3.330364 0.464052 -10.194207
v 3.202150 0.344110 -10.104773
v 3.271784 0.445980 -10.078092
v 3.134411 0.307699 -9.836281
v 3.208329 0.409668 -9.826540
v 1.234296 -0.414652 1.035857
v 5.064670 0.527395 -10.135790
v 5.138230 0.629461 -10.148559
v 5.090067 0.611225 -9.280725
v 5.163988 0.713240 -9.281569
v 5.098533 0.863609 -6.918534
v 5.172458 0.965620 -6.918404
v 5.106999 1.074886 -4.564792
v 5.180920 1.176902 -4.565654
v 5.132398 1.106298 -3.735020
v 5.205782 1.208387 -3.753248
v 4.319996 1.106247 -3.125548
v 4.245436 1.207338 -3.106492
v 4.294600 1.068629 -3.997584
v 4.219529 1.169794 -3.995904
v 4.286133 0.838719 -6.478358
v 4.211059 0.939888 -6.477625
v 4.277667 0.592118 -8.967591
v 4.202596 0.693283 -8.965916
v 4.252269 0.449045 -9.865061
v 4.177548 0.550159 -9.851439
v 1.233294 -0.364468 1.041879
v 5.064202 0.608693 -10.135442
v 5.089600 0.692523 -9.280377
v 5.098065 0.944907 -6.918185
v 5.106533 1.156184 -4.564443
v 5.131930 1.187596 -3.734671
v 4.319529 1.187493 -3.125196
v 4.294132 1.149875 -3.997232
v 4.285666 0.919965 -6.478005
v 4.277200 0.673364 -8.967237
v 4.251802 0.530290 -9.864706
v 0.426172 -0.079036 -6.173218
v 0.722175 -0.102681 -6.045342
v 0.426163 -0.079035 -6.173213
v 0.721706 -0.021409 -6.045000
v 0.425706 0.002212 -6.172869
v 2.356911 0.170042 -7.062144
v 1.450215 -0.362914 0.357100
v -39.683449 106.673355 61.359890
v 5.871513 106.673363 76.161591
v -67.837959 40.745605 100.111267
v 5.871519 40.745609 124.060921
v 5.871497 -40.745617 -126.743156
v -67.837982 -40.745613 -102.793495
v -113.392929 -40.745605 -40.092464
v -113.392921 -40.745590 37.410263
v -67.837959 -40.745583 100.111282
v 5.871519 -40.745579 124.060936
v 79.580986 -40.745583 100.111252
v 125.135948 -40.745590 37.410229
v 125.135925 -40.745605 -40.092495
v 79.580956 -40.745613 -102.793503
v 5.871499 -106.673370 -78.843826
v -39.683456 -106.673363 -64.042114
v -67.837959 -106.673363 -25.290752
v -67.837959 -106.673355 22.608561
v -39.683441 -106.673347 61.359921
v 5.871513 -106.673340 76.161606
v 51.426464 -106.673347 61.359909
v 79.580971 -106.673355 22.608541
v 79.580963 -106.673363 -25.290773
v 51.426441 -106.673363 -64.042130
v 5.871499 106.673332 -78.843857
v 5.871502 131.855515 -1.341141
v -39.683460 106.673340 -64.042152
v -67.837967 106.673340 -25.290792
v -67.837967 106.673347 22.608528
v -39.683449 106.673355 61.359890
v 5.871513 106.673363 76.161591
v 51.426472 106.673355 61.359879
v 79.580978 106.673347 22.608511
v 79.580971 106.673340 -25.290812
v 51.426453 106.673340 -64.042168
v 5.871497 40.745571 -126.743172
v -67.837982 40.745575 -102.793510
v -113.392929 40.745583 -40.092480
v -113.392921 40.745598 37.410248
v -67.837959 40.745605 100.111267
v 5.871519 40.745609 124.060921
v 79.580986 40.745605 100.111237
v 125.135948 40.745598 37.410213
v 125.135925 40.745583 -40.092510
v 79.580956 40.745575 -102.793518
v 5.871497 -40.745617 -126.743156
v -67.837982 -40.745613 -102.793495
v 5.871519 -40.745579 124.060936
v 79.580986 -40.745583 100.111252
v 5.871499 -106.673370 -78.843826
v -39.683456 -106.673363 -64.042114
v -67.837959 -106.673363 -25.290752
v -67.837959 -106.673355 22.608561
v -39.683441 -106.673347 61.359921
v 5.871513 -106.673340 76.161606
v 51.426464 -106.673347 61.359909
v 79.580971 -106.673355 22.608541
v 79.580963 -106.673363 -25.290773
v 51.426441 -106.673363 -64.042130
v 5.871502 -131.855515 -1.341098
v 5.871497 40.745571 -126.743172
v -67.837982 40.745575 -102.793510
v -113.392929 40.745583 -40.092480
v -113.392921 40.745598 37.410248
v -67.837959 40.745605 100.111267
v 5.871519 40.745609 124.060921
v 79.580986 40.745605 100.111237
v 125.135948 40.745598 37.410213
v 125.135925 40.745583 -40.092510
v 79.580956 40.745575 -102.793518
v 5.871497 -40.745617 -126.743156
v -67.837982 -40.745613 -102.793495
v -113.392929 -40.745605 -40.092464
v -113.392921 -40.745590 37.410263
v -67.837959 -40.745583 100.111282
v 5.871519 -40.745579 124.060936
v 79.580986 -40.745583 100.111252
v 125.135948 -40.745590 37.410229
v 125.135925 -40.745605 -40.092495
v 79.580956 -40.745613 -102.793503
v 0.297337 0.008235 -3.395318
v 0.297337 0.079781 -3.395318
v 0.319867 0.008235 -3.417848
v 0.319867 0.079781 -3.417848
v 0.319867 0.008235 -3.417848
v 0.319867 0.079781 -3.417848
v 0.342398 0.008235 -3.395318
v 0.342398 0.079781 -3.395318
v 0.342398 0.008235 -3.395318
v 0.342398 0.079781 -3.395318
v 0.319867 0.008235 -3.372788
v 0.319867 0.079781 -3.372788
v 0.319867 0.008235 -3.372788
v 0.319867 0.079781 -3.372788
v 0.297337 0.008235 -3.395318
v 0.297337 0.079781 -3.395318
v 0.319867 0.008235 -3.417848
v 0.319867 0.008235 -3.372788
v 0.297337 0.008235 -3.395318
v 0.342398 0.008235 -3.395318
v 0.297337 0.079781 -3.395318
v 0.342398 0.079781 -3.395318
v 0.319867 0.079781 -3.417848
v 0.319867 0.079781 -3.372788
v 0.942774 0.008235 -3.395318
v 0.942774 0.079781 -3.395318
v 0.965304 0.008235 -3.417848
v 0.965304 0.079781 -3.417848
v 0.965304 0.008235 -3.417848
v 0.965304 0.079781 -3.417848
v 0.987835 0.008235 -3.395318
v 0.987835 0.079781 -3.395318
v 0.987835 0.008235 -3.395318
v 0.987835 0.079781 -3.395318
v 0.965304 0.008235 -3.372788
v 0.965304 0.079781 -3.372788
v 0.965304 0.008235 -3.372788
v 0.965304 0.079781 -3.372788
v 0.942774 0.008235 -3.395318
v 0.942774 0.079781 -3.395318
v 0.965304 0.008235 -3.417848
v 0.965304 0.008235 -3.372788
v 0.942774 0.008235 -3.395318
v 0.987835 0.008235 -3.395318
v 0.942774 0.079781 -3.395318
v 0.987835 0.079781 -3.395318
v 0.965304 0.079781 -3.417848
v 0.965304 0.079781 -3.372788
v 4.969250 1.080037 -4.659076
v 4.972817 1.130713 -4.659076
v 4.946147 1.150228 -4.643157
v 4.936577 1.118938 -4.659076
v 4.969250 1.080037 -4.659076
v 4.946147 1.150228 -4.643157
v 4.946147 1.150228 -4.643157
v 4.887279 1.106671 -4.659076
v 4.936577 1.118938 -4.659076
v 4.914180 1.149766 -4.659076
v 4.887279 1.106671 -4.659076
v 4.946147 1.150228 -4.643157
v 4.914179 1.149766 -4.659076
v 4.946147 1.150228 -4.643157
v 4.887279 1.192860 -4.659076
v 4.946147 1.150228 -4.643157
v 4.936577 1.180593 -4.659076
v 4.887279 1.192860 -4.659076
v 4.946147 1.150228 -4.643157
v 4.969250 1.219494 -4.659076
v 4.936577 1.180593 -4.659076
v 4.946326 1.150286 -4.674994
v 4.914179 1.149766 -4.659076
v 4.887279 1.192860 -4.659076
v 4.936577 1.180593 -4.659076
v 4.946326 1.150286 -4.674994
v 4.887279 1.192860 -4.659076
v 4.914180 1.149766 -4.659076
v 4.946326 1.150286 -4.674994
v 4.887279 1.106671 -4.659076
v 4.946326 1.150286 -4.674994
v 4.936577 1.118938 -4.659076
v 4.887279 1.106671 -4.659076
v 4.936577 1.118938 -4.659076
v 4.946326 1.150286 -4.674994
v 4.969250 1.080037 -4.659076
v 4.946326 1.150286 -4.674994
v 4.972817 1.130713 -4.659076
v 4.969250 1.080037 -4.659076
v 4.972817 1.130713 -4.659076
v 4.946326 1.150286 -4.674994
v 5.019910 1.149766 -4.659076
v 4.946326 1.150286 -4.674994
v 4.969250 1.173728 -4.659076
v 5.019910 1.149766 -4.659076
v 4.946326 1.150286 -4.674994
v 4.969250 1.219494 -4.659076
v 4.969250 1.173728 -4.659076
v 4.936577 1.180593 -4.659076
v 4.969250 1.219494 -4.659076
v 4.946326 1.150286 -4.674994
v 4.969250 1.219494 -4.659076
v 4.946147 1.150228 -4.643157
v 4.969250 1.173728 -4.659076
v 4.946147 1.150228 -4.643157
v 5.019910 1.149766 -4.659076
v 4.969250 1.173728 -4.659076
v 4.946147 1.150228 -4.643157
v 4.972817 1.130713 -4.659076
v 5.019910 1.149766 -4.659076
v 4.430221 1.107327 -5.533588
v 4.426654 1.056651 -5.533588
v 4.453323 1.037137 -5.517670
v 4.462893 1.068426 -5.533588
v 4.430221 1.107327 -5.533588
v 4.453323 1.037137 -5.517670
v 4.453323 1.037137 -5.517670
v 4.512191 1.080693 -5.533588
v 4.462893 1.068426 -5.533588
v 4.485291 1.037599 -5.533588
v 4.512191 1.080693 -5.533588
v 4.453323 1.037137 -5.517670
v 4.485291 1.037599 -5.533588
v 4.453323 1.037137 -5.517670
v 4.512191 0.994504 -5.533588
v 4.453323 1.037137 -5.517670
v 4.462893 1.006771 -5.533588
v 4.512191 0.994504 -5.533588
v 4.453323 1.037137 -5.517670
v 4.430221 0.967871 -5.533588
v 4.462893 1.006771 -5.533588
v 4.453145 1.037079 -5.549506
v 4.485291 1.037599 -5.533588
v 4.512191 0.994504 -5.533588
v 4.462893 1.006771 -5.533588
v 4.453145 1.037079 -5.549506
v 4.512191 0.994504 -5.533588
v 4.485291 1.037599 -5.533588
v 4.453145 1.037079 -5.549506
v 4.512191 1.080693 -5.533588
v 4.453145 1.037079 -5.549506
v 4.462893 1.068426 -5.533588
v 4.512191 1.080693 -5.533588
v 4.462893 1.068426 -5.533588
v 4.453145 1.037079 -5.549506
v 4.430221 1.107327 -5.533588
v 4.453145 1.037079 -5.549506
v 4.426654 1.056651 -5.533588
v 4.430221 1.107327 -5.533588
v 4.426654 1.056651 -5.533588
v 4.453145 1.037079 -5.549506
v 4.379560 1.037599 -5.533588
v 4.453145 1.037079 -5.549506
v 4.430221 1.013636 -5.533588
v 4.379560 1.037599 -5.533588
v 4.453145 1.037079 -5.549506
v 4.430221 0.967871 -5.533588
v 4.430221 1.013636 -5.533588
v 4.462893 1.006771 -5.533588
v 4.430221 0.967870 -5.533588
v 4.453145 1.037079 -5.549506
v 4.430221 0.967871 -5.533588
v 4.453323 1.037137 -5.517670
v 4.430221 1.013636 -5.533588
v 4.453323 1.037137 -5.517670
v 4.379560 1.037599 -5.533588
v 4.430221 1.013636 -5.533588
v 4.453323 1.037137 -5.517670
v 4.426654 1.056651 -5.533588
v 4.379560 1.037599 -5.533588
v 4.977271 0.943405 -6.201156
v 4.980838 0.994081 -6.201156
v 4.954169 1.013595 -6.185237
v 4.944598 0.982306 -6.201156
v 4.977271 0.943405 -6.201156
v 4.954169 1.013595 -6.185237
v 4.954169 1.013595 -6.185237
v 4.895300 0.970039 -6.201156
v 4.944598 0.982306 -6.201156
v 4.922201 1.013133 -6.201156
v 4.895300 0.970039 -6.201156
v 4.954169 1.013595 -6.185237
v 4.922201 1.013133 -6.201156
v 4.954169 1.013595 -6.185237
v 4.895300 1.056228 -6.201156
v 4.954169 1.013595 -6.185237
v 4.944598 1.043961 -6.201156
v 4.895300 1.056228 -6.201156
v 4.954169 1.013595 -6.185237
v 4.977271 1.082862 -6.201156
v 4.944598 1.043961 -6.201156
v 4.954347 1.013653 -6.217074
v 4.922201 1.013133 -6.201156
v 4.895300 1.056228 -6.201156
v 4.944598 1.043961 -6.201156
v 4.954347 1.013653 -6.217074
v 4.895300 1.056228 -6.201156
v 4.922201 1.013133 -6.201156
v 4.954347 1.013653 -6.217074
v 4.895300 0.970039 -6.201156
v 4.954347 1.013653 -6.217074
v 4.944598 0.982306 -6.201156
v 4.895300 0.970039 -6.201156
v 4.944598 0.982306 -6.201156
v 4.954347 1.013653 -6.217074
v 4.977271 0.943405 -6.201156
v 4.954347 1.013653 -6.217074
v 4.980838 0.994081 -6.201156
v 4.977271 0.943405 -6.201156
v 4.980838 0.994081 -6.201156
v 4.954347 1.013653 -6.217074
v 5.027932 1.013133 -6.201156
v 4.954347 1.013653 -6.217074
v 4.977271 1.037096 -6.201156
v 5.027932 1.013133 -6.201156
v 4.954347 1.013653 -6.217074
v 4.977271 1.082862 -6.201156
v 4.977271 1.037096 -6.201156
v 4.944598 1.043961 -6.201156
v 4.977271 1.082862 -6.201156
v 4.954347 1.013653 -6.217074
v 4.977271 1.082862 -6.201156
v 4.954169 1.013595 -6.185237
v 4.977271 1.037096 -6.201156
v 4.954169 1.013595 -6.185237
v 5.027932 1.013133 -6.201156
v 4.977271 1.037096 -6.201156
v 4.954169 1.013595 -6.185237
v 4.980838 0.994081 -6.201156
v 5.027932 1.013133 -6.201156
v 4.422199 0.951557 -7.075667
v 4.418633 0.900881 -7.075667
v 4.445302 0.881366 -7.059749
v 4.454872 0.912656 -7.075667
v 4.422199 0.951557 -7.075667
v 4.445302 0.881366 -7.059749
v 4.445302 0.881366 -7.059749
v 4.504170 0.924923 -7.075667
v 4.454872 0.912656 -7.075667
v 4.477269 0.881828 -7.075667
v 4.504170 0.924923 -7.075667
v 4.445302 0.881366 -7.059749
v 4.477269 0.881828 -7.075667
v 4.445302 0.881366 -7.059749
v 4.504170 0.838734 -7.075667
v 4.445302 0.881366 -7.059749
v 4.454872 0.851001 -7.075667
v 4.504170 0.838734 -7.075667
v 4.445302 0.881366 -7.059749
v 4.422199 0.812100 -7.075667
v 4.454872 0.851001 -7.075667
v 4.445123 0.881308 -7.091586
v 4.477269 0.881828 -7.075667
v 4.504170 0.838734 -7.075667
v 4.454872 0.851001 -7.075667
v 4.445123 0.881308 -7.091586
v 4.504170 0.838734 -7.075667
v 4.477269 0.881828 -7.075667
v 4.445123 0.881308 -7.091586
v 4.504170 0.924923 -7.075667
v 4.445123 0.881308 -7.091586
v 4.454872 0.912656 -7.075667
v 4.504170 0.924923 -7.075667
v 4.454872 0.912656 -7.075667
v 4.445123 0.881308 -7.091586
v 4.422199 0.951557 -7.075667
v 4.445123 0.881308 -7.091586
v 4.418633 0.900881 -7.075667
v 4.422199 0.951557 -7.075667
v 4.418633 0.900881 -7.075667
v 4.445123 0.881308 -7.091586
v 4.371539 0.881828 -7.075667
v 4.445123 0.881308 -7.091586
v 4.422199 0.857866 -7.075667
v 4.371539 0.881828 -7.075667
v 4.445123 0.881308 -7.091586
v 4.422199 0.812100 -7.075667
v 4.422199 0.857866 -7.075667
v 4.454872 0.851001 -7.075667
v 4.422199 0.812100 -7.075667
v 4.445123 0.881308 -7.091586
v 4.422199 0.812100 -7.075667
v 4.445302 0.881366 -7.059749
v 4.422199 0.857866 -7.075667
v 4.445302 0.881366 -7.059749
v 4.371539 0.881828 -7.075667
v 4.422199 0.857866 -7.075667
v 4.445302 0.881366 -7.059749
v 4.418633 0.900881 -7.075667
v 4.371539 0.881828 -7.075667
v 4.977271 0.763065 -7.978051
v 4.980838 0.813741 -7.978051
v 4.954169 0.833255 -7.962133
v 4.944598 0.801966 -7.978051
v 4.977271 0.763065 -7.978051
v 4.954169 0.833255 -7.962133
v 4.954169 0.833255 -7.962133
v 4.895300 0.789699 -7.978051
v 4.944598 0.801966 -7.978051
v 4.922201 0.832793 -7.978051
v 4.895300 0.789699 -7.978051
v 4.954169 0.833255 -7.962133
v 4.922201 0.832793 -7.978051
v 4.954169 0.833255 -7.962133
v 4.895300 0.875888 -7.978051
v 4.954169 0.833255 -7.962133
v 4.944598 0.863620 -7.978051
v 4.895300 0.875888 -7.978051
v 4.954169 0.833255 -7.962133
v 4.977271 0.902521 -7.978051
v 4.944598 0.863620 -7.978051
v 4.954347 0.833313 -7.993969
v 4.922201 0.832793 -7.978051
v 4.895300 0.875888 -7.978051
v 4.944598 0.863620 -7.978051
v 4.954347 0.833313 -7.993969
v 4.895300 0.875888 -7.978051
v 4.922201 0.832793 -7.978051
v 4.954347 0.833313 -7.993969
v 4.895300 0.789699 -7.978051
v 4.954347 0.833313 -7.993969
v 4.944598 0.801966 -7.978051
v 4.895300 0.789699 -7.978051
v 4.944598 0.801966 -7.978051
v 4.954347 0.833313 -7.993969
v 4.977271 0.763065 -7.978051
v 4.954347 0.833313 -7.993969
v 4.980838 0.813741 -7.978051
v 4.977271 0.763065 -7.978051
v 4.980838 0.813741 -7.978051
v 4.954347 0.833313 -7.993969
v 5.027932 0.832793 -7.978051
v 4.954347 0.833313 -7.993969
v 4.977271 0.856755 -7.978051
v 5.027932 0.832793 -7.978051
v 4.954347 0.833313 -7.993969
v 4.977271 0.902521 -7.978051
v 4.977271 0.856755 -7.978051
v 4.944598 0.863620 -7.978051
v 4.977271 0.902521 -7.978051
v 4.954347 0.833313 -7.993969
v 4.977271 0.902521 -7.978051
v 4.954169 0.833255 -7.962133
v 4.977271 0.856755 -7.978051
v 4.954169 0.833255 -7.962133
v 5.027932 0.832793 -7.978051
v 4.977271 0.856755 -7.978051
v 4.954169 0.833255 -7.962133
v 4.980838 0.813741 -7.978051
v 5.027932 0.832793 -7.978051
v 4.422199 0.777648 -8.852564
v 4.418633 0.726972 -8.852564
v 4.445302 0.707458 -8.836646
v 4.454872 0.738747 -8.852564
v 4.422199 0.777648 -8.852564
v 4.445302 0.707458 -8.836646
v 4.445302 0.707458 -8.836646
v 4.504170 0.751014 -8.852564
v 4.454872 0.738747 -8.852564
v 4.477270 0.707920 -8.852564
v 4.504170 0.751014 -8.852564
v 4.445302 0.707458 -8.836646
v 4.477270 0.707920 -8.852564
v 4.445302 0.707458 -8.836646
v 4.504170 0.664825 -8.852564
v 4.445302 0.707458 -8.836646
v 4.454872 0.677092 -8.852564
v 4.504170 0.664825 -8.852564
v 4.445302 0.707458 -8.836646
v 4.422199 0.638191 -8.852564
v 4.454872 0.677092 -8.852564
v 4.445123 0.707400 -8.868482
v 4.477270 0.707920 -8.852564
v 4.504170 0.664825 -8.852564
v 4.454872 0.677092 -8.852564
v 4.445123 0.707400 -8.868482
v 4.504170 0.664825 -8.852564
v 4.477270 0.707920 -8.852564
v 4.445123 0.707400 -8.868482
v 4.504170 0.751014 -8.852564
v 4.445123 0.707400 -8.868482
v 4.454872 0.738747 -8.852564
v 4.504170 0.751014 -8.852564
v 4.454872 0.738747 -8.852564
v 4.445123 0.707400 -8.868482
v 4.422199 0.777648 -8.852564
v 4.445123 0.707400 -8.868482
v 4.418633 0.726972 -8.852564
v 4.422199 0.777648 -8.852564
v 4.418633 0.726972 -8.852564
v 4.445123 0.707400 -8.868482
v 4.371539 0.707920 -8.852564
v 4.445123 0.707400 -8.868482
v 4.422199 0.683957 -8.852564
v 4.371539 0.707920 -8.852564
v 4.445123 0.707400 -8.868482
v 4.422199 0.638191 -8.852564
v 4.422199 0.683957 -8.852564
v 4.454872 0.677092 -8.852564
v 4.422199 0.638191 -8.852564
v 4.445123 0.707400 -8.868482
v 4.422199 0.638191 -8.852564
v 4.445302 0.707458 -8.836646
v 4.422199 0.683957 -8.852564
v 4.445302 0.707458 -8.836646
v 4.371539 0.707920 -8.852564
v 4.422199 0.683957 -8.852564
v 4.445302 0.707458 -8.836646
v 4.418633 0.726972 -8.852564
v 4.371539 0.707920 -8.852564
vn 0.7682 0.6311 -0.1073
vn 0.7706 0.6282 -0.1076
vn 0.7691 0.6300 -0.1074
vn 0.7535 -0.6453 -0.1260
vn -0.1777 -0.6453 0.7430
vn -0.1602 0.6031 0.7814
vn -0.1604 0.6123 0.7742
vn -0.1606 0.6281 0.7613
vn -0.1606 0.6281 0.7614
vn -0.6922 -0.0000 -0.7217
vn -0.1064 -0.6428 -0.7586
vn -0.5320 -0.6428 -0.5512
vn -0.7544 -0.6428 -0.1333
vn -0.6886 -0.6428 0.3356
vn -0.3599 -0.6428 0.6763
vn -0.3598 -0.6428 0.6763
vn 0.1064 -0.6428 0.7586
vn 0.5320 -0.6428 0.5512
vn 0.7544 -0.6428 0.1333
vn 0.6886 -0.6428 -0.3356
vn 0.3599 -0.6428 -0.6763
vn -0.0694 -0.8660 -0.4952
vn -0.3472 -0.8660 -0.3598
vn -0.4924 -0.8660 -0.0870
vn -0.4495 -0.8660 0.2190
vn -0.2349 -0.8660 0.4414
vn 0.0694 -0.8660 0.4952
vn 0.3472 -0.8660 0.3598
vn 0.4924 -0.8660 0.0870
vn 0.4495 -0.8660 -0.2190
vn 0.2349 -0.8660 -0.4414
vn -0.0241 -0.9848 -0.1720
vn -0.1206 -0.9848 -0.1250
vn -0.1206 -0.9848 -0.1249
vn -0.1710 -0.9848 -0.0302
vn -0.1561 -0.9848 0.0761
vn -0.0816 -0.9848 0.1533
vn 0.0241 -0.9848 0.1720
vn 0.1206 -0.9848 0.1250
vn 0.1710 -0.9848 0.0302
vn 0.1561 -0.9848 -0.0761
vn 0.0816 -0.9848 -0.1533
vn -0.0000 -1.0000 -0.0000
vn 0.4697 -0.0000 -0.8828
vn 0.9848 -0.0000 0.1740
vn 0.1389 -0.0000 0.9903
vn -0.8989 -0.0000 0.4381
vn -0.6944 -0.0000 -0.7196
vn -0.1389 -0.0000 -0.9903
vn -0.9848 -0.0000 -0.1740
vn -0.4698 -0.0000 0.8828
vn 0.6944 -0.0000 0.7196
vn 0.8989 -0.0000 -0.4381
vn 0.4698 -0.0000 -0.8828
vn 0.0816 0.9848 -0.1533
vn -0.0241 0.9848 -0.1720
vn -0.1206 0.9848 -0.1250
vn -0.1206 0.9848 -0.1249
vn -0.1710 0.9848 -0.0302
vn -0.1561 0.9848 0.0761
vn -0.0816 0.9848 0.1533
vn 0.0241 0.9848 0.1720
vn 0.1206 0.9848 0.1249
vn 0.1206 0.9848 0.1250
vn 0.1710 0.9848 0.0302
vn 0.1561 0.9848 -0.0761
vn -0.1305 -0.3420 -0.9306
vn -0.6526 -0.3420 -0.6762
vn -0.6525 -0.3420 -0.6762
vn -0.9254 -0.3420 -0.1635
vn -0.8447 -0.3420 0.4117
vn -0.4414 -0.3420 0.8296
vn 0.1305 -0.3420 0.9306
vn 0.6526 -0.3420 0.6762
vn 0.6525 -0.3420 0.6762
vn 0.9254 -0.3420 0.1635
vn 0.8447 -0.3420 -0.4117
vn 0.4414 -0.3420 -0.8296
vn -0.0000 1.0000 -0.0000
vn -0.5320 0.6428 -0.5512
vn -0.7544 0.6428 -0.1333
vn -0.6886 0.6428 0.3356
vn -0.3599 0.6428 0.6763
vn -0.3598 0.6428 0.6763
vn 0.1064 0.6428 0.7586
vn 0.5320 0.6428 0.5512
vn 0.7544 0.6428 0.1333
vn 0.6886 0.6428 -0.3356
vn 0.3599 0.6428 -0.6763
vn -0.1064 0.6428 -0.7586
vn -0.6877 -0.0000 -0.7260
vn 0.6877 -0.0000 0.7260
vn 0.2608 -0.0000 -0.9654
vn 0.7260 -0.0000 -0.6877
vn 0.4841 -0.0000 0.8750
vn -0.7260 -0.0000 0.6877
vn 0.9996 -0.0000 0.0271
vn 0.0271 -0.0000 -0.9996
vn -0.0271 -0.0000 0.9996
vn -0.9996 -0.0000 -0.0271
vn 0.9394 0.3420 0.0254
vn 0.9393 0.3420 0.0254
vn -0.0255 0.3420 0.9393
vn -0.0254 0.3420 0.9393
vn -0.9393 0.3420 -0.0254
vn -0.9394 0.3420 -0.0254
vn 0.0254 0.3420 -0.9393
vn 0.0255 0.3420 -0.9393
vn -0.0270 -0.0000 0.9996
vn 0.9393 0.3421 0.0254
vn -0.0254 0.3420 0.9394
vn 0.0255 0.3420 -0.9394
vn 0.0270 -0.0000 -0.9996
vn 0.0254 0.3421 -0.9393
vn 0.9393 0.3420 0.0255
vn 0.0253 0.3421 -0.9393
vn 0.0254 0.3420 -0.9394
vn 0.6462 0.3420 0.6822
vn 0.6822 0.3420 -0.6462
vn -0.6462 0.3420 -0.6822
vn -0.6822 0.3420 0.6462
vn 0.9394 0.3420 0.0255
vn -0.0254 0.3421 0.9393
vn -0.0818 0.1224 -0.9891
vn -0.0451 0.1187 -0.9919
vn -0.0000 -0.0000 -0.0000
vn -0.0486 0.1387 -0.9891
vn -0.0000 -0.0000 -1.0000
vn -0.0239 0.1456 -0.9891
vn -0.0038 0.1457 -0.9893
vn -0.0203 0.1353 -0.9906
vn -0.0000 -0.0000 1.0000
vn 0.0257 0.1376 -0.9902
vn -0.0179 0.9998 -0.0000
vn 0.0629 0.1324 -0.9892
vn 0.0629 0.1323 -0.9892
vn -0.0384 -0.9993 -0.0000
vn 0.0685 0.1258 -0.9897
vn 0.0445 0.1205 -0.9917
vn 0.0685 0.1257 -0.9897
vn 0.6944 -0.0004 0.7196
vn 0.6915 0.0709 0.7189
vn 0.6945 -0.0000 0.7195
vn -0.4697 -0.0000 0.8828
vn -0.4698 -0.0007 0.8828
vn -0.4698 0.0002 0.8828
vn -0.2225 0.8805 0.4186
vn 0.3405 0.6281 0.6996
vn 0.3526 -0.6453 0.6777
vn 0.3527 -0.6453 0.6777
vn 0.3527 -0.6452 0.6777
vn -0.7615 -0.6453 0.0606
vn -0.7737 0.6281 0.0825
vn -0.7737 0.6282 0.0825
vn -0.9848 0.0001 -0.1740
vn -0.7642 -0.6297 -0.1397
vn -0.5602 0.6282 0.5400
vn -0.5602 0.6281 0.5400
vn -0.5602 0.6281 0.5401
vn -0.5355 -0.6453 0.5448
vn -0.2929 -0.6453 -0.7055
vn -0.2929 -0.6453 -0.7056
vn -0.3176 0.6282 -0.7103
vn -0.1389 -0.0007 -0.9903
vn -0.1388 -0.0000 -0.9903
vn -0.1389 -0.0001 -0.9903
vn -0.0725 0.8407 -0.5365
vn -0.6867 0.6282 -0.3659
vn -0.6836 -0.6453 -0.3410
vn 0.5805 -0.6453 -0.4966
vn 0.5774 0.6282 -0.5215
vn 0.5774 0.6281 -0.5215
vn 0.9019 -0.0000 -0.4320
vn 0.1358 0.6282 -0.7662
vn 0.1130 -0.6453 -0.7555
vn 0.6517 -0.6453 0.3986
vn 0.6745 0.6281 0.3880
vn 0.6744 0.6281 0.3880
vn 0.3359 0.8726 0.3545
vn 0.8459 0.4898 -0.2111
vn 0.4810 0.7913 -0.3775
vn 0.9636 0.2303 -0.1361
vn 0.9246 0.3063 0.2265
vn 0.8274 0.5615 0.0101
vn 0.6291 0.4041 0.6640
vn 0.1394 0.9793 0.1469
vn -0.0347 0.5614 0.8268
vn 0.0927 0.8995 0.4269
vn 0.0460 0.8077 0.5878
vn -0.1994 0.2816 0.9386
vn -0.9819 -0.1882 0.0199
vn -0.7723 0.4553 0.4429
vn -0.7979 0.6010 -0.0465
vn -0.8140 -0.3780 0.4411
vn -0.6817 -0.7005 -0.2113
vn -0.7950 -0.5099 0.3287
vn -0.3520 -0.8592 -0.3714
vn -0.7181 -0.5228 0.4593
vn -0.0017 -0.8078 0.5894
vn -0.3880 -0.1421 0.9106
vn -0.0616 -0.0902 0.9940
vn 0.6427 0.3485 -0.6823
vn 0.9479 0.2821 -0.1479
vn 0.3795 0.3040 -0.8738
vn 0.2433 0.5229 -0.8169
vn -0.0616 -0.1676 -0.9839
vn 0.0342 0.4876 -0.8724
vn -0.2473 -0.2373 -0.9394
vn -0.0531 -0.1290 0.9902
vn -0.2972 -0.2037 0.9328
vn 0.1345 -0.6317 0.7635
vn -0.5146 0.1366 0.8465
vn 0.0462 0.9977 0.0487
vn -0.4032 0.7914 0.4595
vn -0.2566 0.4899 0.8331
vn -0.7161 0.3486 0.6047
vn 0.5136 -0.6650 0.5423
vn 0.3551 -0.6940 0.6263
vn 0.1610 -0.9722 0.1702
vn -0.2173 0.2416 0.9457
vn 0.2488 0.1501 0.9569
vn -0.2396 0.9004 0.3632
vn -0.2867 0.8037 0.5215
vn -0.5320 0.8277 -0.1786
vn -0.2484 0.8694 0.4271
vn -0.2502 0.9619 -0.1102
vn -0.5444 -0.4648 0.6983
vn -0.1741 -0.7005 -0.6921
vn 0.3715 -0.5100 -0.7758
vn 0.4848 -0.3780 -0.7887
vn 0.9303 -0.1424 -0.3380
vn 0.9916 -0.1294 0.0007
vn 0.4298 -0.7806 0.4538
vn 0.6723 0.2099 0.7099
vn 0.5884 -0.8080 0.0303
vn 0.9958 -0.0909 -0.0078
vn 0.7001 0.6814 -0.2135
vn 0.4844 0.4551 -0.7472
vn 0.3935 0.8324 -0.3903
vn 0.8733 0.1364 -0.4677
vn 0.4402 0.8693 -0.2249
vn 0.9562 0.2414 -0.1657
vn 0.0734 -0.1883 -0.9794
vn -0.0029 0.6010 -0.7992
vn 0.9420 0.1498 0.3002
vn 0.3757 0.9003 -0.2197
vn -0.0963 0.9619 -0.2559
vn 0.4976 -0.5232 -0.6919
vn 0.5493 0.6018 0.5798
vn 0.6774 -0.1709 0.7155
vn 0.3403 0.9268 -0.1591
vn -0.2246 0.8954 -0.3844
vn -0.2510 0.6816 0.6873
vn -0.4108 0.8325 0.3718
vn -0.1886 0.2305 0.9546
vn 0.1758 0.3064 0.9355
vn 0.4597 0.7438 0.4853
vn 0.9476 -0.2036 -0.2461
vn -0.8932 0.3042 0.3312
vn -0.8288 0.5231 0.1985
vn 0.0074 0.9999 0.0078
vn 0.6061 -0.6940 0.3886
vn -0.9306 0.3658 0.0160
vn -0.8729 0.4876 -0.0131
vn 0.7551 -0.6316 0.1757
vn 0.5849 0.8073 0.0782
vn 0.4216 0.8994 0.1158
vn 0.7268 -0.4649 -0.5056
vn -0.7460 0.6354 0.1996
vn -0.7555 -0.6219 -0.2061
vn 0.9551 0.2074 0.2114
vn 0.1596 0.2067 0.9653
vn -0.3340 0.8741 -0.3527
vn -0.4363 0.7730 -0.4606
vn -0.2253 0.9448 -0.2379
vn 0.4708 0.7991 0.3737
vn -0.1123 0.9866 -0.1187
vn 0.5078 0.8543 0.1104
vn 0.3476 0.7993 0.4902
vn 0.6758 0.1847 0.7136
vn 0.6757 0.1850 0.7136
vn 0.4587 -0.7862 0.4141
vn -0.1831 -0.9639 -0.1932
vn 0.3883 -0.7863 0.4806
vn -0.4190 -0.9031 -0.0944
vn -0.0716 -0.9032 -0.4233
vn 0.0830 0.8543 0.5131
vn -0.9736 0.2267 -0.0264
vn -0.0264 0.2267 0.9736
vn 0.9736 0.2267 0.0264
vn 0.0264 0.2267 -0.9736
vn -0.0264 -0.2267 0.9736
vn -0.9736 -0.2267 -0.0264
vn 0.0264 -0.2267 -0.9736
vn 0.9736 -0.2267 0.0264
vn -0.9726 -0.1807 0.1465
vn -0.2315 0.9727 0.0141
vn 0.7923 0.2494 -0.5568
vn 0.0512 -0.9041 -0.4243
vn -0.0513 0.9041 0.4243
vn -0.7923 -0.2495 0.5568
vn 0.2315 -0.9727 -0.0141
vn 0.9725 0.1807 -0.1466
vn -0.8638 -0.2726 0.4237
vn -0.5026 0.7579 -0.4159
vn 0.6407 0.0733 -0.7643
vn 0.2795 -0.9572 0.0753
vn -0.2795 0.9572 -0.0753
vn -0.6407 -0.0733 0.7643
vn 0.5026 -0.7579 0.4159
vn 0.8638 0.2726 -0.4237
vn -0.9277 0.3641 -0.0820
vn 0.0468 0.4600 0.8867
vn 0.9971 0.0695 -0.0307
vn 0.0226 -0.0264 -0.9994
vn -0.0226 0.0264 0.9994
vn -0.9971 -0.0695 0.0307
vn -0.0468 -0.4600 -0.8867
vn 0.9277 -0.3641 0.0820
vn -0.9970 0.0625 -0.0466
vn -0.0216 0.8589 0.5116
vn 0.9284 0.2480 -0.2766
vn -0.0469 -0.5485 -0.8348
vn 0.0469 0.5485 0.8348
vn -0.9284 -0.2480 0.2766
vn 0.0216 -0.8589 -0.5116
vn 0.9970 -0.0625 0.0466
vn -0.9732 0.2132 -0.0865
vn 0.0334 0.6876 0.7253
vn 0.9736 0.1780 -0.1427
vn -0.0329 -0.2965 -0.9545
vn 0.0329 0.2965 0.9545
vn -0.9736 -0.1780 0.1427
vn -0.0334 -0.6876 -0.7253
vn 0.9732 -0.2132 0.0865
vn -0.9267 -0.2494 0.2809
vn -0.3658 0.9041 -0.2211
vn 0.7147 0.1808 -0.6757
vn 0.1537 -0.9727 -0.1737
vn -0.1537 0.9727 0.1737
vn -0.7147 -0.1808 0.6757
vn 0.3658 -0.9041 0.2211
vn 0.9268 0.2494 -0.2809
vn -0.9967 -0.0733 0.0337
vn -0.1129 0.9572 0.2665
vn 0.8660 0.2726 -0.4193
vn -0.0179 -0.7579 -0.6521
vn 0.0179 0.7579 0.6521
vn -0.8660 -0.2726 0.4193
vn 0.1129 -0.9572 -0.2665
vn 0.9967 0.0733 -0.0337
vn -0.6385 -0.0695 0.7664
vn -0.8011 0.0264 -0.5980
vn 0.5070 -0.3641 -0.7812
vn 0.6695 -0.4600 0.5832
vn -0.6695 0.4600 -0.5832
vn -0.5070 0.3641 0.7812
vn 0.8011 -0.0264 0.5980
vn 0.6386 0.0695 -0.7664
vn -0.7123 -0.1780 0.6789
vn -0.7315 0.2965 -0.6141
vn 0.5315 -0.2132 -0.8198
vn 0.5507 -0.6876 0.4732
vn -0.5507 0.6876 -0.4732
vn -0.5315 0.2132 0.8198
vn 0.7315 -0.2965 0.6141
vn 0.7123 0.1780 -0.6789
vn -0.7899 -0.2480 0.5608
vn -0.6286 0.5485 -0.5513
vn 0.5776 -0.0625 -0.8139
vn 0.4163 -0.8589 0.2982
vn -0.4163 0.8589 -0.2982
vn -0.5776 0.0625 0.8139
vn 0.6286 -0.5485 0.5513
vn 0.7899 0.2480 -0.5608
vn -0.1772 -0.1780 0.9679
vn -0.9527 0.2965 -0.0668
vn -0.0518 -0.2132 -0.9756
vn 0.7237 -0.6876 0.0591
vn -0.7236 0.6876 -0.0591
vn 0.0518 0.2132 0.9756
vn 0.9527 -0.2965 0.0668
vn 0.1772 0.1780 -0.9679
vn -0.5846 -0.2494 0.7720
vn -0.4259 0.9041 0.0361
vn 0.1810 0.1808 -0.9667
vn 0.0223 -0.9727 -0.2309
vn -0.0223 0.9727 0.2308
vn -0.1810 -0.1808 0.9667
vn 0.4259 -0.9041 -0.0361
vn 0.5846 0.2494 -0.7720
vn -0.0661 -0.0695 0.9954
vn -0.9996 0.0264 -0.0129
vn -0.0490 -0.3642 -0.9300
vn 0.8845 -0.4600 0.0783
vn -0.8845 0.4600 -0.0783
vn 0.0490 0.3641 0.9301
vn 0.9996 -0.0264 0.0129
vn 0.0661 0.0695 -0.9954
vn -0.4498 -0.2726 0.8505
vn -0.6511 0.7579 -0.0410
vn 0.0691 0.0734 -0.9949
vn 0.2704 -0.9572 -0.1034
vn -0.2704 0.9572 0.1034
vn -0.0691 -0.0733 0.9949
vn 0.6511 -0.7579 0.0410
vn 0.4498 0.2726 -0.8505
vn -0.7866 -0.0733 0.6131
vn 0.0653 0.9572 0.2820
vn 0.4541 0.2726 -0.8482
vn -0.3978 -0.7579 -0.5171
vn 0.3978 0.7579 0.5171
vn -0.4541 -0.2726 0.8482
vn -0.0653 -0.9572 -0.2820
vn 0.7866 0.0733 -0.6131
vn -0.7007 -0.1807 0.6902
vn -0.1790 0.9727 0.1474
vn 0.3137 0.2494 -0.9162
vn -0.2079 -0.9041 -0.3734
vn 0.2080 0.9041 0.3734
vn -0.3137 -0.2494 0.9162
vn 0.1790 -0.9727 -0.1475
vn 0.7007 0.1808 -0.6902
vn -0.7988 0.3641 0.4790
vn 0.5590 0.4600 0.6898
vn 0.7886 0.0695 -0.6109
vn -0.5691 -0.0264 -0.8218
vn 0.5691 0.0264 0.8218
vn -0.7886 -0.0695 0.6109
vn -0.5590 -0.4600 -0.6899
vn 0.7988 -0.3641 -0.4790
vn -0.3094 -0.2480 0.9180
vn -0.8326 0.5485 -0.0765
vn -0.0111 -0.0624 -0.9980
vn 0.5120 -0.8589 -0.0035
vn -0.5121 0.8589 0.0035
vn 0.0112 0.0624 0.9980
vn 0.8326 -0.5485 0.0765
vn 0.3094 0.2480 -0.9180
vn -0.8340 0.0624 0.5483
vn 0.2832 0.8589 0.4266
vn 0.5885 0.2480 -0.7695
vn -0.5286 -0.5485 -0.6478
vn 0.5286 0.5485 0.6478
vn -0.5885 -0.2479 0.7695
vn -0.2832 -0.8590 -0.4266
vn 0.8339 -0.0625 -0.5483
vn -0.8381 0.2132 0.5021
vn 0.4533 0.6876 0.5672
vn 0.7038 0.1780 -0.6877
vn -0.5877 -0.2965 -0.7528
vn 0.5877 0.2965 0.7528
vn -0.7038 -0.1780 0.6877
vn -0.4533 -0.6876 -0.5672
vn 0.8381 -0.2132 -0.5021
vn 0.7987 0.3641 -0.4790
vn -0.5591 0.4600 -0.6898
vn -0.7886 0.0695 0.6109
vn 0.5691 -0.0264 0.8218
vn -0.5692 0.0264 -0.8218
vn 0.7886 -0.0695 -0.6109
vn 0.5590 -0.4600 0.6898
vn -0.7987 -0.3641 0.4790
vn 0.7007 -0.1807 -0.6902
vn 0.1790 0.9727 -0.1474
vn -0.3137 0.2495 0.9162
vn 0.2079 -0.9041 0.3734
vn -0.2080 0.9041 -0.3734
vn 0.3137 -0.2493 -0.9162
vn -0.1790 -0.9727 0.1474
vn -0.7007 0.1808 0.6902
vn 0.7899 -0.2480 -0.5608
vn 0.6286 0.5485 0.5513
vn -0.5776 -0.0624 0.8139
vn -0.4163 -0.8589 -0.2982
vn 0.4163 0.8589 0.2982
vn 0.5776 0.0625 -0.8139
vn -0.6286 -0.5485 -0.5513
vn -0.7899 0.2480 0.5608
vn 0.6386 -0.0695 -0.7664
vn 0.8011 0.0264 0.5980
vn -0.5070 -0.3641 0.7812
vn -0.6696 -0.4600 -0.5832
vn 0.6696 0.4600 0.5832
vn 0.5070 0.3641 -0.7812
vn -0.8011 -0.0264 -0.5980
vn -0.6386 0.0695 0.7664
vn 0.9267 -0.2494 -0.2809
vn 0.3658 0.9041 0.2211
vn -0.7147 0.1807 0.6757
vn -0.1537 -0.9727 0.1737
vn 0.1537 0.9727 -0.1737
vn 0.7147 -0.1808 -0.6757
vn -0.3658 -0.9041 -0.2211
vn -0.9267 0.2495 0.2809
vn 0.8638 -0.2726 -0.4237
vn 0.5026 0.7579 0.4159
vn -0.6407 0.0733 0.7643
vn -0.2795 -0.9572 -0.0753
vn 0.2795 0.9572 0.0753
vn 0.6407 -0.0732 -0.7643
vn -0.5026 -0.7579 -0.4159
vn -0.8638 0.2726 0.4237
vn 0.9967 -0.0733 -0.0337
vn 0.1129 0.9572 -0.2665
vn -0.8659 0.2726 0.4193
vn 0.0179 -0.7579 0.6522
vn -0.0179 0.7579 -0.6521
vn 0.8660 -0.2726 -0.4193
vn -0.1129 -0.9572 0.2665
vn -0.9967 0.0733 0.0337
vn 0.8381 0.2132 -0.5021
vn -0.4533 0.6876 -0.5671
vn -0.7038 0.1780 0.6877
vn 0.5877 -0.2965 0.7528
vn -0.5877 0.2965 -0.7528
vn 0.7038 -0.1780 -0.6877
vn 0.4533 -0.6876 0.5672
vn -0.8381 -0.2132 0.5021
vn 0.8339 0.0625 -0.5483
vn -0.2832 0.8590 -0.4266
vn -0.5885 0.2480 0.7695
vn 0.5286 -0.5485 0.6478
vn -0.5286 0.5485 -0.6478
vn 0.5885 -0.2480 -0.7695
vn 0.2832 -0.8589 0.4266
vn -0.8339 -0.0625 0.5483
vn 0.0661 -0.0694 -0.9954
vn 0.9996 0.0264 0.0129
vn 0.0490 -0.3641 0.9301
vn -0.8845 -0.4600 -0.0783
vn 0.8845 0.4600 0.0783
vn -0.0490 0.3641 -0.9301
vn -0.9996 -0.0264 -0.0129
vn -0.0661 0.0695 0.9954
vn 0.3095 -0.2480 -0.9180
vn 0.8326 0.5485 0.0765
vn 0.0111 -0.0624 0.9980
vn -0.5121 -0.8589 0.0034
vn 0.5120 0.8590 -0.0034
vn -0.0111 0.0625 -0.9980
vn -0.8326 -0.5485 -0.0765
vn -0.3094 0.2479 0.9180
vn 0.7866 -0.0733 -0.6131
vn -0.0653 0.9572 -0.2820
vn -0.4541 0.2725 0.8482
vn 0.3978 -0.7579 0.5171
vn -0.3978 0.7579 -0.5171
vn 0.4541 -0.2726 -0.8482
vn 0.0653 -0.9572 0.2820
vn -0.7866 0.0732 0.6131
vn 0.9970 0.0625 0.0466
vn 0.0216 0.8589 -0.5116
vn -0.9284 0.2480 0.2766
vn 0.0469 -0.5485 0.8348
vn -0.0469 0.5485 -0.8348
vn 0.9284 -0.2480 -0.2766
vn -0.0216 -0.8590 0.5116
vn -0.9970 -0.0625 -0.0466
vn 0.9732 0.2132 0.0865
vn -0.0334 0.6876 -0.7253
vn -0.9736 0.1780 0.1427
vn 0.0329 -0.2965 0.9545
vn -0.0329 0.2964 -0.9545
vn 0.9736 -0.1780 -0.1427
vn 0.0334 -0.6876 0.7253
vn -0.9732 -0.2132 -0.0865
vn 0.4498 -0.2726 -0.8505
vn 0.6511 0.7579 0.0410
vn -0.0691 0.0733 0.9949
vn -0.2704 -0.9572 0.1034
vn 0.2704 0.9572 -0.1034
vn 0.0691 -0.0732 -0.9949
vn -0.6511 -0.7579 -0.0410
vn -0.4498 0.2726 0.8505
vn 0.5846 -0.2495 -0.7720
vn 0.4259 0.9041 -0.0361
vn -0.1810 0.1808 0.9667
vn -0.0223 -0.9727 0.2308
vn 0.0223 0.9727 -0.2309
vn 0.1810 -0.1808 -0.9667
vn -0.4259 -0.9041 0.0361
vn -0.5846 0.2495 0.7720
vn 0.9277 0.3641 0.0820
vn -0.0468 0.4600 -0.8867
vn -0.9971 0.0695 0.0307
vn -0.0226 -0.0264 0.9994
vn 0.0226 0.0264 -0.9994
vn 0.9971 -0.0695 -0.0307
vn 0.0468 -0.4600 0.8867
vn -0.9277 -0.3641 -0.0820
vn 0.7123 -0.1780 -0.6789
vn 0.7315 0.2965 0.6140
vn -0.5315 -0.2132 0.8198
vn -0.5507 -0.6876 -0.4732
vn 0.5507 0.6876 0.4732
vn 0.5315 0.2132 -0.8198
vn -0.7315 -0.2965 -0.6141
vn -0.7123 0.1780 0.6789
vn 0.1772 -0.1780 -0.9679
vn 0.9527 0.2965 0.0668
vn 0.0518 -0.2132 0.9756
vn -0.7237 -0.6876 -0.0591
vn 0.7237 0.6876 0.0591
vn -0.0519 0.2132 -0.9756
vn -0.9527 -0.2965 -0.0668
vn -0.1772 0.1780 0.9679
vn 0.9725 -0.1807 -0.1466
vn 0.2315 0.9727 -0.0141
vn -0.7923 0.2494 0.5568
vn -0.0512 -0.9041 0.4243
vn 0.0512 0.9041 -0.4243
vn 0.7923 -0.2495 -0.5568
vn -0.2315 -0.9727 0.0141
vn -0.9725 0.1807 0.1466
vn -0.5953 0.8017 -0.0541
vn -0.8172 0.4032 -0.4119
vn 0.2720 0.8449 0.4607
vn 0.0959 -0.2808 -0.9550
vn 0.1950 0.3439 -0.9185
vn 0.9790 0.1071 0.1734
vn 0.9324 -0.0485 0.3583
vn -0.7534 0.4482 0.4813
vn 0.1586 0.8551 0.4937
vn 0.7799 -0.5835 -0.2263
vn 0.9297 0.1034 0.3534
vn -0.1309 -0.6165 -0.7764
vn 0.5217 0.3891 -0.7592
vn 0.4218 0.4681 -0.7766
vn 0.5518 0.4529 -0.7003
vn 0.1198 0.1072 0.9870
vn -0.2684 -0.5832 0.7667
vn 0.3022 0.1038 0.9476
vn -0.9589 -0.2805 0.0438
vn -0.9276 0.3444 0.1445
vn -0.0212 0.8018 -0.5973
vn 0.5227 0.4471 -0.7259
vn 0.3072 -0.0483 0.9504
vn 0.4843 0.8552 0.1849
vn 0.4451 0.8449 0.2966
vn -0.3666 0.4034 -0.8384
vn -0.7680 -0.6166 -0.1730
vn -0.7865 0.3893 0.4795
vn -0.7981 0.4683 0.3792
vn -0.7292 0.4533 0.5127
vn -0.1657 -0.9183 0.3596
vn -0.1547 -0.9220 0.3548
vn -0.0285 -0.6713 0.7406
vn -0.3198 -0.6448 0.6942
vn -0.1753 0.9080 0.3804
vn -0.1752 0.9081 0.3804
vn -0.0291 0.6546 0.7554
vn -0.1753 0.9080 0.3805
vn 0.1383 -0.9168 0.3745
vn 0.1383 -0.9169 0.3745
vn 0.2269 -0.1885 0.9555
vn 0.5030 -0.6713 0.5444
vn 0.6244 -0.3937 0.6747
vn 0.1463 0.9065 0.3962
vn 0.5130 0.6546 0.5552
vn 0.1463 0.9064 0.3962
vn 0.3596 -0.9183 0.1657
vn 0.7406 -0.6713 0.0285
vn 0.3805 0.9080 0.1753
vn 0.3805 0.9081 0.1752
vn 0.7554 0.6546 0.0291
vn 0.3746 -0.9168 -0.1383
vn 0.3745 -0.9168 -0.1383
vn 0.9555 -0.1884 -0.2268
vn 0.5444 -0.6713 -0.5030
vn 0.6747 -0.3937 -0.6243
vn 0.3962 0.9064 -0.1463
vn 0.3961 0.9065 -0.1462
vn 0.5552 0.6546 -0.5130
vn 0.1657 -0.9183 -0.3596
vn 0.0285 -0.6713 -0.7406
vn 0.1753 0.9080 -0.3805
vn 0.0291 0.6546 -0.7554
vn 0.1753 0.9080 -0.3804
vn -0.1383 -0.9168 -0.3745
vn -0.1383 -0.9168 -0.3746
vn -0.2268 -0.1884 -0.9555
vn -0.5030 -0.6713 -0.5444
vn -0.6243 -0.3937 -0.6747
vn -0.5130 0.6546 -0.5552
vn -0.1463 0.9064 -0.3962
vn -0.1875 0.8985 -0.3969
vn -0.1788 0.8975 -0.4031
vn -0.3745 -0.9168 0.1383
vn -0.7406 -0.6713 -0.0285
vn -0.3745 -0.9169 0.1382
vn -0.8729 -0.3663 0.3223
vn -0.7219 -0.6386 0.2665
vn -0.3962 0.9065 0.1463
vn -0.7554 0.6546 -0.0291
vn -0.7349 0.6216 0.2713
vn 0.9991 -0.0110 0.0400
vn 0.9380 -0.0108 -0.3464
vn 0.8804 0.3453 -0.3251
vn -0.1549 -0.9221 0.3546
vn 0.9504 -0.2746 0.1460
vn 0.8429 -0.4948 0.2113
vn 0.6116 0.2326 0.7562
vn 0.8514 0.3484 0.3922
vn -0.6305 0.3716 -0.6814
vn -0.8514 0.3483 -0.3922
vn -0.9991 -0.0110 -0.0400
vn -0.1460 -0.2745 0.9504
vn -0.2112 -0.4948 0.8430
vn -0.0400 -0.0110 0.9991
vn -0.3257 0.6278 0.7070
vn -0.3922 0.3483 0.8514
vn -0.9380 -0.0108 0.3463
vn -0.8804 0.3453 0.3251
vn -0.9504 -0.2746 -0.1460
vn -0.8429 -0.4948 -0.2112
vn 0.3463 -0.0108 0.9381
vn 0.3250 0.3453 0.8804
vn 0.0400 -0.0110 -0.9991
vn -0.3464 -0.0108 -0.9380
vn -0.3251 0.3453 -0.8804
vn 0.5464 0.2427 0.8016
vn 0.1460 -0.2746 -0.9504
vn 0.2112 -0.4948 -0.8429
vn 0.5683 -0.2739 0.7759
vn 0.4475 -0.4924 0.7465
vn 0.4574 -0.1210 0.8810
vn 0.6797 -0.0110 0.7334
vn 0.1463 0.9065 0.3961
vn 0.3597 -0.9183 0.1657
vn 0.3805 0.9080 0.1752
vn 0.7759 -0.2739 -0.5683
vn 0.7464 -0.4925 -0.4475
vn 0.8810 -0.1210 -0.4574
vn 0.7334 -0.0110 -0.6797
vn 0.3962 0.9065 -0.1463
vn 0.1752 0.9080 -0.3805
vn -0.2519 -0.9284 -0.2732
vn -0.5683 -0.2739 -0.7759
vn -0.4476 -0.4925 -0.7464
vn -0.4574 -0.1210 -0.8810
vn -0.6797 -0.0110 -0.7334
vn 0.1620 0.9139 -0.3722
vn -0.1460 0.9065 -0.3961
vn -0.3596 -0.9183 -0.1657
vn -0.3804 0.9081 -0.1752
vn -0.3805 0.9080 -0.1753
vn -0.3745 -0.9169 0.1383
vn -0.7759 -0.2738 0.5683
vn -0.7465 -0.4924 0.4475
vn -0.9381 -0.0100 0.3463
vn -0.3962 0.9064 0.1463
vn 0.6804 0.3721 -0.6313
vn 0.8717 0.4682 -0.1445
vn 0.7403 0.5896 -0.3230
vn 0.8440 -0.3695 0.3888
vn 0.9082 -0.0108 0.4184
vn 0.8514 0.3483 0.3922
vn 0.6744 0.4081 0.6153
vn -0.4612 0.1016 -0.8815
vn -0.9082 -0.0108 -0.4184
vn -0.8514 0.3484 -0.3922
vn -0.3888 -0.3695 0.8440
vn -0.4184 -0.0108 0.9082
vn -0.4184 -0.0102 0.9082
vn -0.3922 0.3484 0.8514
vn -0.8804 0.3453 0.3250
vn -0.8440 -0.3694 -0.3888
vn 0.2665 0.3561 0.8956
vn -0.2276 0.1672 -0.9593
vn 0.3922 0.3483 -0.8514
vn 0.4184 -0.0108 -0.9082
vn 0.4004 0.2380 -0.8849
vn -0.6932 0.5296 -0.4888
vn 0.3888 -0.3695 -0.8440
vn 0.1771 0.8947 -0.4101
vn 0.8985 0.3844 -0.2121
vn 0.3291 0.4411 -0.8349
vn 0.3440 -0.1314 -0.9297
vn -0.1416 -0.8628 -0.4853
vn -0.1885 -0.7055 -0.6832
vn 0.3159 -0.7055 0.6344
vn 0.0310 -0.3330 0.9424
vn 0.9773 0.2069 0.0460
vn -0.6164 -0.7055 -0.3498
vn 0.6720 -0.7054 0.2252
vn -0.0070 0.2070 0.9783
vn 0.9394 -0.3330 0.0819
vn 0.3498 -0.7054 -0.6165
vn -0.2252 -0.7054 0.6721
vn -0.3698 0.6779 0.6354
vn -0.7412 -0.6257 0.2434
vn 0.2832 -0.6256 -0.7269
vn 0.6545 0.6779 -0.3349
vn 0.6164 -0.7054 0.3498
vn -0.6720 -0.7055 -0.2252
vn -0.0819 0.3330 0.9394
vn -0.9783 -0.2069 -0.0070
vn 0.0459 -0.2070 -0.9773
vn 0.9424 0.3330 -0.0309
vn 0.1885 -0.7055 0.6832
vn -0.3159 -0.7055 -0.6344
vn -0.3498 -0.7055 0.6164
vn 0.2252 -0.7055 -0.6720
vn 0.6832 -0.7055 -0.1885
vn -0.6345 -0.7054 0.3159
vn -0.6832 -0.7054 0.1885
vn 0.6345 -0.7054 -0.3159
vn -0.2831 -0.6257 0.7269
vn -0.6545 0.6778 0.3349
vn -0.9424 -0.3330 0.0309
vn -0.0460 0.2069 0.9773
vn -0.0460 -0.2069 0.9773
vn -0.9424 0.3329 0.0310
vn -0.6545 -0.6778 0.3349
vn -0.2831 0.6257 0.7269
vn 0.6354 0.6779 0.3698
vn 0.2434 -0.6256 0.7412
vn 0.9394 0.3330 0.0819
vn -0.0070 -0.2069 0.9783
vn 0.7269 -0.6257 0.2831
vn 0.3349 0.6778 0.6545
vn -0.9783 0.2069 -0.0070
vn -0.0819 -0.3330 0.9394
vn 0.9424 -0.3330 -0.0309
vn 0.0460 0.2069 -0.9773
vn -0.7412 0.6256 0.2434
vn -0.3699 -0.6778 0.6354
vn 0.6545 -0.6779 -0.3349
vn 0.2831 0.6257 -0.7269
vn 0.3349 -0.6779 0.6545
vn 0.7269 0.6257 0.2832
vn 0.2434 0.6257 0.7411
vn 0.6354 -0.6778 0.3699
vn 0.9773 -0.2069 0.0460
vn 0.0309 0.3330 0.9424
vn -0.0309 -0.3329 -0.9424
vn -0.9773 0.2070 -0.0460
vn -0.6720 0.7055 -0.2252
vn 0.6164 0.7055 0.3498
vn -0.3349 -0.6778 -0.6545
vn -0.7269 0.6257 -0.2832
vn -0.7269 -0.6257 -0.2831
vn -0.3349 0.6779 -0.6545
vn -0.9773 -0.2070 -0.0460
vn -0.0309 0.3330 -0.9424
vn 0.9783 0.2070 0.0070
vn 0.0819 -0.3330 -0.9394
vn -0.6344 0.7055 0.3159
vn 0.6832 0.7055 -0.1885
vn 0.7411 0.6257 -0.2434
vn 0.3698 -0.6779 -0.6354
vn 0.3698 0.6779 -0.6354
vn 0.7412 -0.6256 -0.2434
vn 0.0819 0.3330 -0.9394
vn 0.9783 -0.2070 0.0070
vn -0.2252 0.7054 0.6720
vn 0.3498 0.7055 -0.6164
vn 0.0069 0.2069 -0.9783
vn -0.9394 -0.3330 -0.0819
vn 0.3159 0.7055 0.6344
vn -0.1886 0.7054 -0.6833
vn -0.2434 0.6257 -0.7412
vn -0.6354 -0.6779 -0.3698
vn -0.6354 0.6778 -0.3699
vn -0.2434 -0.6256 -0.7412
vn -0.9394 0.3330 -0.0819
vn 0.0070 -0.2070 -0.9783
vn 0.6720 0.7055 0.2252
vn -0.6164 0.7055 -0.3498
vn 0.6344 0.7055 -0.3159
vn -0.6832 0.7055 0.1885
vn 0.2252 0.7055 -0.6720
vn -0.3498 0.7054 0.6164
vn -0.3159 0.7055 -0.6344
vn 0.1885 0.7054 0.6832
vn -0.1577 -0.9211 0.3560
vn -0.1752 0.9080 0.3804
vn 0.1383 -0.9168 0.3746
vn 0.2269 -0.1884 0.9555
vn 0.6243 -0.3937 0.6747
vn 0.3596 -0.9183 0.1656
vn 0.3745 -0.9169 -0.1383
vn 0.5552 0.6546 -0.5131
vn -0.2269 -0.1884 -0.9555
vn -0.6244 -0.3936 -0.6747
vn -0.5131 0.6546 -0.5552
vn -0.1463 0.9065 -0.3962
vn -0.1839 0.8999 -0.3954
vn -0.1763 0.8992 -0.4004
vn -0.3746 -0.9168 0.1383
vn -0.1573 -0.9219 0.3541
vn 0.5795 0.4390 0.6866
vn -0.6306 0.3716 -0.6814
vn -0.1460 -0.2746 0.9504
vn -0.2112 -0.4948 0.8429
vn -0.3923 0.3484 0.8513
vn -0.8429 -0.4948 -0.2113
vn 0.4701 0.5822 0.6634
vn 0.5683 -0.2738 0.7759
vn 0.7465 -0.4924 -0.4476
vn -0.2519 -0.9284 -0.2733
vn -0.4476 -0.4924 -0.7465
vn 0.1585 0.9064 -0.3915
vn -0.1460 0.9064 -0.3963
vn -0.3804 0.9080 -0.1752
vn -0.9381 -0.0101 0.3463
vn 0.6808 0.3709 -0.6316
vn 0.8717 0.4682 -0.1447
vn 0.6638 0.4288 0.6128
vn -0.4612 0.1015 -0.8815
vn -0.3887 -0.3695 0.8440
vn -0.8804 0.3454 0.3251
vn -0.8440 -0.3695 -0.3888
vn 0.2601 0.4396 0.8597
vn 0.3992 0.0780 -0.9135
vn 0.1658 -0.6421 -0.7484
vn 0.3888 -0.3694 -0.8440
vn 0.3275 -0.5516 -0.7671
vn 0.8673 0.4612 -0.1873
vn -0.3804 0.9080 -0.1753
vn 0.3640 0.3649 -0.8569
vn 0.3197 -0.7031 -0.6352
vn 0.2123 0.6175 -0.7574
vn 0.6720 -0.7055 0.2252
vn -0.0070 0.2069 0.9783
vn 0.3498 -0.7054 -0.6164
vn -0.2252 -0.7055 0.6720
vn -0.3699 0.6778 0.6354
vn 0.2832 -0.6257 -0.7269
vn 0.6545 0.6778 -0.3349
vn 0.6164 -0.7055 0.3498
vn -0.9783 -0.2070 -0.0070
vn 0.1885 -0.7054 0.6833
vn 0.6832 -0.7054 -0.1885
vn -0.6344 -0.7055 0.3159
vn -0.6832 -0.7055 0.1885
vn -0.2832 -0.6256 0.7269
vn -0.6545 0.6779 0.3349
vn -0.0460 0.2070 0.9773
vn -0.9424 0.3330 0.0309
vn -0.6545 -0.6779 0.3349
vn -0.2831 0.6257 0.7268
vn 0.6354 0.6778 0.3698
vn 0.2434 -0.6257 0.7411
vn -0.0069 -0.2069 0.9783
vn 0.7269 -0.6256 0.2832
vn 0.3349 0.6779 0.6545
vn -0.9783 0.2070 -0.0070
vn -0.7411 0.6257 0.2434
vn -0.3698 -0.6779 0.6354
vn 0.6545 -0.6778 -0.3349
vn 0.6354 -0.6779 0.3698
vn 0.9773 -0.2070 0.0460
vn -0.0310 -0.3330 -0.9424
vn -0.6720 0.7054 -0.2252
vn -0.7269 0.6256 -0.2832
vn -0.7269 -0.6257 -0.2832
vn -0.9773 -0.2069 -0.0460
vn 0.6832 0.7054 -0.1885
vn 0.3698 -0.6778 -0.6354
vn 0.3699 0.6778 -0.6354
vn 0.7411 -0.6257 -0.2434
vn -0.2252 0.7055 0.6720
vn 0.3498 0.7054 -0.6164
vn 0.0070 0.2070 -0.9783
vn -0.1885 0.7054 -0.6833
vn -0.2434 0.6257 -0.7411
vn -0.6354 -0.6778 -0.3699
vn -0.6354 0.6778 -0.3698
vn -0.2434 -0.6257 -0.7411
vn 0.0070 -0.2069 -0.9783
vn -0.6164 0.7054 -0.3498
vn -0.6832 0.7054 0.1885
vn 0.2252 0.7054 -0.6720
vn -0.3498 0.7055 0.6164
vn 0.1885 0.7054 0.6833
vn 0.0434 0.9967 0.0688
vn 0.0487 0.9967 0.0652
vn 0.0513 0.9965 0.0652
vn 0.0460 0.9969 0.0639
vn 0.0477 0.9970 0.0604
vn 0.0513 0.9965 0.0654
vn 0.0461 0.9972 0.0593
vn 0.0555 0.9963 0.0652
vn 0.0600 0.9950 0.0795
vn 0.0636 0.9943 0.0859
vn 0.0644 0.9930 0.0986
vn 0.0744 0.9915 0.1066
vn 0.0744 0.9915 0.1067
vn 0.0755 0.9896 0.1224
vn 0.0396 0.9989 0.0257
vn 0.0523 0.9983 0.0276
vn 0.0517 0.9983 0.0276
vn 0.0518 0.9983 0.0276
vn -0.7071 -0.0000 -0.7071
vn 0.7071 -0.0000 -0.7071
vn 0.7071 -0.0000 0.7071
vn -0.7071 -0.0000 0.7071
vn 1.0000 -0.0000 -0.0000
vn -1.0000 -0.0000 -0.0000
vn -0.0000 0.7071 0.7071
vn 0.7071 0.7071 -0.0000
vn -0.0000 0.7071 -0.7071
vn -0.7071 0.7071 -0.0000
vn -0.0000 -0.7071 -0.7071
vn -0.0000 -0.9944 -0.1059
vn -0.0000 0.6588 -0.7523
vn -0.1743 0.9847 -0.0000
vn 0.1453 0.8213 0.5517
vn -0.0000 -0.7071 0.7072
vn -0.0000 -0.7071 -0.7072
vn -0.0000 0.2880 0.9576
vn -0.0000 0.6023 -0.7983
vn -0.0000 0.2880 -0.9576
vn 0.3674 0.3674 0.8544
vn -0.0000 -0.9981 0.0608
vn -0.0000 -0.3330 -0.9429
vn -0.0000 0.6256 0.7801
vn -0.0000 0.6024 -0.7982
vn -0.0000 -0.7072 -0.7071
vn -0.0000 -0.7072 0.7071
vn -0.0000 -0.3329 -0.9430
vn -0.0000 0.6589 -0.7522
vn -0.0000 0.8255 0.5645
vn -0.0004 -0.9982 0.0608
vn -0.0000 -0.0001 -1.0000
vn -0.0000 0.8254 0.5645
vn 0.0519 0.9978 0.0405
vn 0.5030 -0.8641 -0.0148
vn 0.4903 -0.8292 0.2682
vn 0.4763 0.8398 0.2605
vn 0.4875 0.8730 -0.0143
vn 0.1442 -0.5838 -0.7990
vn 0.5031 -0.8641 -0.0149
vn 0.4745 -0.8282 -0.2981
vn 0.4610 0.8389 -0.2896
vn 0.4874 0.8730 -0.0144
vn 0.1378 0.5997 -0.7883
vn -0.4723 -0.4326 -0.7680
vn 0.1443 -0.5838 -0.7990
vn -0.0186 -0.8319 -0.5547
vn -0.4666 0.4546 -0.7587
vn 0.1377 0.5997 -0.7883
vn -0.0180 0.8423 -0.5387
vn -0.9017 -0.4315 0.0271
vn -0.4903 -0.8292 -0.2682
vn -0.8909 0.4535 0.0267
vn -0.4763 0.8398 -0.2605
vn -0.4224 -0.4323 0.7967
vn -0.4745 -0.8282 0.2981
vn -0.4174 0.4543 0.7870
vn -0.4610 0.8389 0.2896
vn 0.0309 -0.3871 0.9215
vn 0.0186 -0.8319 0.5547
vn 0.0306 0.4077 0.9126
vn 0.0180 0.8423 0.5386
vn 0.7649 -0.5827 -0.2748
vn 0.7525 0.5982 -0.2753
vn 0.4224 -0.4323 -0.7967
vn 0.7649 -0.5826 -0.2748
vn 0.4174 0.4543 -0.7870
vn 0.7525 0.5982 -0.2754
vn 0.4610 0.8388 -0.2896
vn -0.0186 -0.8319 -0.5546
vn -0.0180 0.8423 -0.5386
vn -0.7800 -0.5825 -0.2286
vn -0.7677 0.5982 -0.2299
vn -0.2350 -0.8641 0.4450
vn -0.7677 0.5982 -0.2298
vn -0.2277 0.8730 0.4312
vn -0.2350 -0.8641 0.4451
vn 0.0180 0.8423 0.5387
vn -0.2277 0.8730 0.4313
vn 0.9017 -0.4315 -0.0270
vn 0.8107 -0.3823 0.4434
vn 0.4904 -0.8292 0.2682
vn 0.8909 0.4535 -0.0267
vn 0.8030 0.4028 0.4392
vn 0.4609 0.8389 -0.2896
vn -0.1968 -0.5844 -0.7872
vn -0.1895 0.6002 -0.7771
vn -0.5030 -0.8641 0.0148
vn -0.4875 0.8730 0.0143
vn -0.1443 -0.5839 0.7989
vn -0.5031 -0.8641 0.0149
vn -0.4874 0.8730 0.0144
vn -0.1377 0.5997 0.7883
vn -0.1443 -0.5838 0.7990
vn 0.7800 -0.5825 0.2286
vn 0.7677 0.5982 0.2299
vn 0.2350 -0.8641 -0.4451
vn 0.7677 0.5982 0.2298
vn 0.2277 0.8730 -0.4312
vn -0.2631 -0.8641 -0.4290
vn 0.2349 -0.8641 -0.4451
vn 0.2277 0.8730 -0.4313
vn -0.2549 0.8730 -0.4158
vn -0.7649 -0.5827 0.2747
vn -0.2550 0.8730 -0.4157
vn -0.7525 0.5982 0.2753
vn -0.7649 -0.5826 0.2748
vn -0.7525 0.5982 0.2754
vn 0.0186 -0.8319 0.5546
vn 0.3738 -0.8641 0.3370
vn 0.1690 -0.8292 0.5327
vn 0.1642 0.8398 0.5174
vn 0.3622 0.8730 0.3265
vn 0.6565 -0.5838 -0.4777
vn 0.3739 -0.8641 0.3369
vn 0.5490 -0.8282 0.1125
vn 0.5333 0.8389 0.1093
vn 0.6444 0.5997 -0.4745
vn 0.1894 -0.4326 -0.8815
vn 0.3699 -0.8319 -0.4137
vn 0.1871 0.4546 -0.8708
vn 0.6444 0.5996 -0.4745
vn 0.3592 0.8424 -0.4017
vn -0.6704 -0.4315 -0.6036
vn -0.1690 -0.8292 -0.5327
vn -0.6623 0.4535 -0.5964
vn -0.1642 0.8398 -0.5175
vn -0.8559 -0.4323 0.2839
vn -0.5490 -0.8282 -0.1125
vn -0.8456 0.4543 0.2803
vn -0.5333 0.8389 -0.1093
vn -0.6146 -0.3871 0.6873
vn -0.3699 -0.8319 0.4137
vn -0.6086 0.4077 0.6807
vn -0.3593 0.8423 0.4018
vn 0.7427 -0.5826 0.3300
vn 0.1642 0.8398 0.5175
vn 0.7342 0.5982 0.3211
vn 0.8559 -0.4323 -0.2839
vn 0.7428 -0.5826 0.3300
vn 0.8456 0.4543 -0.2803
vn 0.7342 0.5983 0.3210
vn 0.3593 0.8423 -0.4018
vn -0.4058 -0.5825 -0.7043
vn -0.3959 0.5982 -0.6967
vn -0.4775 -0.8641 0.1592
vn -0.3960 0.5982 -0.6967
vn -0.4626 0.8730 0.1542
vn -0.4774 -0.8641 0.1593
vn -0.4626 0.8730 0.1544
vn 0.6704 -0.4315 0.6036
vn 0.2794 -0.3823 0.8808
vn 0.6623 0.4535 0.5964
vn 0.2768 0.4028 0.8724
vn 0.8456 0.4543 -0.2804
vn 0.4018 -0.5844 -0.7050
vn 0.4000 0.6002 -0.6926
vn 0.3592 0.8423 -0.4018
vn -0.3738 -0.8641 -0.3370
vn 0.4019 -0.5844 -0.7050
vn -0.3622 0.8730 -0.3265
vn -0.6564 -0.5839 0.4777
vn -0.3738 -0.8642 -0.3369
vn -0.3623 0.8730 -0.3264
vn -0.6444 0.5997 0.4746
vn -0.6565 -0.5838 0.4777
vn -0.6444 0.5997 0.4745
vn 0.4058 -0.5825 0.7043
vn 0.3959 0.5982 0.6967
vn 0.4775 -0.8641 -0.1592
vn 0.5333 0.8388 0.1093
vn 0.3960 0.5982 0.6967
vn 0.4627 0.8730 -0.1543
vn 0.1064 -0.8641 -0.4919
vn 0.4774 -0.8641 -0.1593
vn 0.4626 0.8730 -0.1543
vn 0.1031 0.8731 -0.4766
vn -0.7427 -0.5827 -0.3301
vn 0.1063 -0.8641 -0.4919
vn 0.1030 0.8730 -0.4767
vn -0.7342 0.5982 -0.3211
vn -0.7427 -0.5826 -0.3300
vn 0.1443 -0.5839 -0.7989
vn 0.4610 0.8389 -0.2895
vn 0.1377 0.5996 -0.7883
vn -0.9017 -0.4315 0.0270
vn -0.4746 -0.8282 0.2981
vn -0.4610 0.8388 0.2896
vn 0.7649 -0.5827 -0.2747
vn 0.7525 0.5983 -0.2753
vn -0.7800 -0.5825 -0.2285
vn -0.4904 -0.8292 -0.2682
vn -0.4610 0.8389 0.2895
vn -0.2349 -0.8641 0.4451
vn 0.9017 -0.4315 -0.0271
vn -0.1896 0.6002 -0.7770
vn -0.4874 0.8731 0.0143
vn -0.1378 0.5997 0.7883
vn 0.7800 -0.5825 0.2285
vn 0.2350 -0.8641 -0.4450
vn -0.2630 -0.8641 -0.4291
vn -0.2549 0.8730 -0.4157
vn -0.7525 0.5983 0.2753
vn 0.4226 -0.8641 0.2733
vn 0.2514 -0.8292 0.4991
vn 0.2442 0.8398 0.4848
vn 0.4094 0.8730 0.2649
vn 0.5723 -0.5839 -0.5759
vn 0.5599 -0.8282 0.0239
vn 0.5439 0.8389 0.0233
vn 0.4095 0.8730 0.2648
vn 0.5609 0.5997 -0.5708
vn 0.0471 -0.4326 -0.9004
vn 0.5723 -0.5838 -0.5758
vn 0.2996 -0.8319 -0.4672
vn 0.0465 0.4546 -0.8895
vn 0.2909 0.8423 -0.4537
vn -0.7577 -0.4315 -0.4896
vn -0.2514 -0.8293 -0.4991
vn -0.7486 0.4535 -0.4837
vn -0.2442 0.8398 -0.4848
vn -0.8000 -0.4323 0.4161
vn -0.5599 -0.8282 -0.0240
vn -0.7904 0.4543 0.4110
vn -0.5439 0.8389 -0.0233
vn -0.4977 -0.3871 0.7762
vn -0.2996 -0.8319 0.4672
vn -0.4929 0.4077 0.7687
vn -0.2909 0.8423 0.4537
vn 0.7857 -0.5826 0.2079
vn 0.2442 0.8398 0.4849
vn 0.7758 0.5982 0.2005
vn 0.8000 -0.4323 -0.4161
vn 0.7857 -0.5826 0.2080
vn 0.5599 -0.8282 0.0240
vn 0.7904 0.4543 -0.4110
vn 0.7759 0.5982 0.2004
vn 0.5439 0.8388 0.0232
vn -0.5124 -0.5825 -0.6309
vn -0.2514 -0.8292 -0.4992
vn -0.5015 0.5982 -0.6250
vn -0.4461 -0.8641 0.2329
vn -0.5124 -0.5825 -0.6310
vn -0.5438 0.8389 -0.0233
vn -0.4322 0.8730 0.2257
vn -0.2995 -0.8319 0.4672
vn -0.4461 -0.8641 0.2331
vn -0.2909 0.8424 0.4537
vn -0.4322 0.8730 0.2258
vn 0.7577 -0.4315 0.4896
vn 0.4157 -0.3823 0.8253
vn 0.2514 -0.8292 0.4992
vn 0.7486 0.4535 0.4837
vn 0.4118 0.4028 0.8175
vn 0.8000 -0.4323 -0.4162
vn 0.5438 0.8389 0.0233
vn 0.2849 -0.5844 -0.7598
vn 0.2995 -0.8319 -0.4672
vn 0.2850 0.6002 -0.7473
vn -0.4226 -0.8641 -0.2734
vn 0.2850 0.6003 -0.7473
vn -0.4094 0.8730 -0.2649
vn -0.5723 -0.5838 0.5759
vn -0.4226 -0.8641 -0.2733
vn -0.4095 0.8730 -0.2648
vn -0.5609 0.5997 0.5708
vn -0.5609 0.5996 0.5708
vn 0.5124 -0.5825 0.6309
vn 0.5015 0.5982 0.6250
vn 0.4118 0.4028 0.8174
vn 0.4461 -0.8641 -0.2330
vn 0.5124 -0.5826 0.6309
vn 0.4323 0.8730 -0.2257
vn 0.0270 -0.8641 -0.5025
vn 0.2996 -0.8319 -0.4671
vn 0.4322 0.8730 -0.2258
vn 0.0261 0.8730 -0.4870
vn -0.7857 -0.5826 -0.2080
vn 0.0269 -0.8641 -0.5026
vn 0.0260 0.8730 -0.4869
vn -0.7758 0.5983 -0.2004
vn -0.8000 -0.4323 0.4162
vn -0.7857 -0.5826 -0.2079
vn -0.5599 -0.8282 -0.0239
vn -0.7758 0.5982 -0.2005
vn -0.5439 0.8388 -0.0233
vn 0.3439 -0.8641 -0.3675
vn 0.5358 -0.8292 -0.1591
vn 0.5204 0.8398 -0.1545
vn 0.3332 0.8730 -0.3561
vn -0.4654 -0.5839 -0.6652
vn 0.3438 -0.8641 -0.3675
vn 0.1227 -0.8282 -0.5468
vn 0.1192 0.8389 -0.5311
vn 0.3331 0.8730 -0.3561
vn -0.4625 0.5997 -0.6531
vn -0.8778 -0.4326 -0.2058
vn -0.4654 -0.5838 -0.6652
vn -0.4068 -0.8319 -0.3775
vn -0.8672 0.4546 -0.2032
vn -0.3950 0.8423 -0.3666
vn -0.6160 -0.4315 0.6590
vn -0.5358 -0.8292 0.1591
vn -0.6086 0.4535 0.6511
vn -0.5204 0.8398 0.1545
vn 0.2679 -0.4323 0.8610
vn -0.1227 -0.8282 0.5468
vn 0.2646 0.4543 0.8507
vn -0.1192 0.8389 0.5311
vn 0.6758 -0.3871 0.6272
vn 0.4068 -0.8319 0.3775
vn 0.6693 0.4077 0.6212
vn 0.3950 0.8423 0.3667
vn 0.3438 -0.5826 -0.7365
vn 0.3347 0.5982 -0.7281
vn -0.2680 -0.4323 -0.8610
vn -0.2646 0.4543 -0.8507
vn -0.3950 0.8423 -0.3667
vn -0.7118 -0.5825 0.3925
vn -0.7039 0.5982 0.3829
vn 0.1503 -0.8641 0.4803
vn -0.7117 -0.5825 0.3926
vn 0.1457 0.8730 0.4654
vn 0.4067 -0.8319 0.3775
vn 0.1504 -0.8641 0.4803
vn 0.3950 0.8423 0.3666
vn 0.6160 -0.4315 -0.6591
vn 0.8858 -0.3823 -0.2631
vn 0.6086 0.4535 -0.6511
vn 0.8774 0.4028 -0.2605
vn -0.2679 -0.4323 -0.8610
vn -0.6974 -0.5844 -0.4148
vn -0.4067 -0.8319 -0.3776
vn -0.6850 0.6002 -0.4129
vn -0.3439 -0.8641 0.3675
vn -0.6974 -0.5844 -0.4149
vn -0.6850 0.6003 -0.4128
vn -0.3332 0.8730 0.3561
vn 0.4654 -0.5838 0.6653
vn -0.3438 -0.8641 0.3676
vn -0.3331 0.8731 0.3561
vn 0.4625 0.5997 0.6531
vn 0.6758 -0.3871 0.6273
vn 0.4654 -0.5838 0.6652
vn 0.7117 -0.5825 -0.3926
vn 0.7039 0.5982 -0.3829
vn -0.1503 -0.8641 -0.4803
vn 0.1192 0.8388 -0.5312
vn 0.7039 0.5982 -0.3830
vn -0.1456 0.8730 -0.4654
vn -0.4898 -0.8641 -0.1155
vn -0.1504 -0.8641 -0.4803
vn -0.3950 0.8424 -0.3666
vn -0.1457 0.8730 -0.4654
vn -0.4746 0.8730 -0.1119
vn -0.3438 -0.5826 0.7365
vn -0.4899 -0.8641 -0.1154
vn -0.4746 0.8731 -0.1118
vn -0.3347 0.5982 0.7281
vn -0.3437 -0.5826 0.7365
vn 0.6692 0.4077 0.6212
vn -0.0087 -0.8641 -0.5032
vn 0.2741 -0.8292 -0.4870
vn 0.2663 0.8398 -0.4731
vn -0.0084 0.8730 -0.4876
vn -0.7971 -0.5838 -0.1540
vn -0.0088 -0.8641 -0.5032
vn -0.2923 -0.8282 -0.4781
vn -0.2839 0.8389 -0.4644
vn -0.0085 0.8730 -0.4876
vn -0.7866 0.5997 -0.1473
vn -0.7737 -0.4326 0.4629
vn -0.5548 -0.8319 0.0118
vn -0.7643 0.4546 0.4574
vn -0.5388 0.8423 0.0115
vn 0.0161 -0.4315 0.9020
vn -0.2741 -0.8292 0.4870
vn 0.0159 0.4535 0.8911
vn -0.2663 0.8398 0.4731
vn 0.7915 -0.4323 0.4320
vn 0.2923 -0.8282 0.4781
vn 0.7819 0.4543 0.4269
vn 0.2839 0.8388 0.4644
vn 0.9218 -0.3871 -0.0196
vn 0.5548 -0.8319 -0.0118
vn 0.9129 0.4077 -0.0195
vn 0.5388 0.8423 -0.0115
vn -0.2655 -0.5826 -0.7682
vn -0.2662 0.5982 -0.7558
vn -0.7915 -0.4323 -0.4320
vn -0.7819 0.4543 -0.4269
vn -0.2380 -0.5825 0.7772
vn -0.2391 0.5982 0.7648
vn 0.4421 -0.8641 0.2404
vn -0.2380 -0.5826 0.7772
vn 0.2839 0.8388 0.4645
vn -0.2392 0.5982 0.7648
vn 0.4284 0.8730 0.2330
vn 0.5548 -0.8319 -0.0119
vn 0.4422 -0.8641 0.2403
vn 0.4285 0.8730 0.2328
vn -0.0161 -0.4315 -0.9020
vn 0.4532 -0.3823 -0.8053
vn 0.2741 -0.8292 -0.4871
vn -0.0159 0.4535 -0.8911
vn 0.4490 0.4028 -0.7976
vn -0.7896 -0.5844 0.1872
vn -0.5548 -0.8319 0.0119
vn -0.7793 0.6002 0.1801
vn 0.0087 -0.8641 0.5032
vn -0.7895 -0.5844 0.1873
vn 0.0084 0.8730 0.4876
vn 0.7971 -0.5839 0.1540
vn 0.0088 -0.8641 0.5032
vn 0.2839 0.8389 0.4644
vn 0.0085 0.8731 0.4875
vn 0.7866 0.5997 0.1473
vn 0.9218 -0.3871 -0.0197
vn 0.7972 -0.5838 0.1539
vn 0.2380 -0.5825 -0.7772
vn 0.2392 0.5982 -0.7648
vn 0.4489 0.4028 -0.7977
vn -0.4421 -0.8641 -0.2404
vn 0.2391 0.5982 -0.7648
vn -0.4284 0.8730 -0.2329
vn -0.4322 -0.8641 0.2578
vn -0.4422 -0.8641 -0.2404
vn -0.4285 0.8730 -0.2329
vn -0.4188 0.8730 0.2498
vn 0.2655 -0.5826 0.7682
vn -0.4321 -0.8641 0.2579
vn -0.4188 0.8730 0.2499
vn 0.2662 0.5982 0.7558
vn 0.2655 -0.5826 0.7681
vn -0.8090 -0.0000 0.5878
vn -0.3090 -0.0000 0.9511
vn 0.3090 -0.0000 0.9511
vn 0.8090 -0.0000 0.5878
vn 0.8090 -0.0000 -0.5878
vn 0.3090 -0.0000 -0.9511
vn -0.3090 -0.0000 -0.9511
vn -0.8090 -0.0000 -0.5878
vn 0.0354 0.9957 0.0855
vn -0.1001 0.9899 -0.1001
vn 0.0586 0.9882 0.1415
vn 0.1001 0.9899 0.1001
vn 0.1001 0.9899 -0.1001
vn -0.1001 0.9899 0.1001
vn -0.3402 0.4582 -0.8212
vn -0.2997 -0.6217 -0.7236
vn -0.2806 0.6799 -0.6775
vn -0.3401 0.4581 -0.8212
vn -0.6639 0.3442 -0.6639
vn -0.4908 -0.7199 -0.4908
vn -0.6639 0.3443 0.6639
vn -0.4908 -0.7198 0.4908
vn 0.6639 0.3443 0.6639
vn 0.4908 -0.7198 0.4908
vn 0.6639 0.3443 -0.6639
vn 0.4908 -0.7199 -0.4908
vn -0.8673 0.0362 0.4965
vn -0.0815 0.9686 0.2350
vn -0.0001 1.0000 0.0002
vn -0.2187 0.0333 0.9752
vn -0.2193 0.0292 0.9752
vn -0.7548 0.4563 0.4712
vn -0.6810 -0.4022 0.6119
vn -0.2283 -0.0056 0.9736
vn -0.7792 -0.5188 0.3518
vn 0.6608 0.4500 0.6007
vn -0.2547 0.8925 0.3723
vn 0.7377 -0.5703 0.3613
vn -0.9685 -0.0541 -0.2433
vn -0.9690 -0.0535 -0.2414
vn -0.3736 -0.5030 -0.7793
vn -0.9732 -0.0042 -0.2299
vn -0.9732 -0.0044 -0.2299
vn -0.4524 0.5053 -0.7348
vn -0.9929 -0.0334 -0.1143
vn -0.9927 -0.0334 -0.1157
vn -0.3694 -0.5756 0.7296
vn -0.9925 -0.0051 -0.1221
vn -0.8674 0.0362 0.4964
vn -0.5929 0.4553 0.6643
vn -0.1007 0.9899 -0.1002
vn -0.1033 0.9892 0.1039
vn -0.0000 0.9973 0.0736
vn 0.0126 0.9998 0.0145
vn 0.0180 0.9996 0.0204
vn 0.0340 0.9987 0.0392
vn 0.0397 0.9981 0.0462
vn 0.0464 0.9974 0.0551
vn 0.0024 0.9837 0.1799
vn -0.0062 0.9779 0.2090
vn 0.0896 0.9669 0.2391
vn -0.0285 0.9786 0.2039
vn 0.0112 0.9781 0.2079
vn 0.0084 0.9840 0.1781
vn -0.0690 0.9889 0.1320
vn 0.0048 0.9901 0.1400
vn -0.1305 0.9911 -0.0255
vn -0.2034 0.9773 -0.0595
vn -0.1811 0.9803 -0.0792
vn -0.1951 0.9767 -0.0898
vn -0.2027 0.9763 -0.0753
vn -0.1728 0.9795 -0.1040
vn -0.0726 0.9973 0.0113
vn -0.1291 0.9887 0.0759
vn 0.1333 0.9834 0.1228
vn -0.1358 0.9871 0.0850
vn 0.1058 0.9790 0.1741
vn -0.1240 0.9912 0.0474
vn 0.0727 0.9788 0.1915
vn 0.0543 0.9788 0.1974
vn -0.1123 0.9936 0.0117
vn 0.0177 0.9777 0.2094
vn -0.0983 0.9951 -0.0073
vn -0.0148 0.9785 0.2055
vn -0.0389 0.9982 -0.0457
vn -0.0478 0.9805 0.1904
vn -0.1068 0.9804 0.1654
vn -0.0024 0.9978 -0.0667
vn -0.1338 0.9812 0.1394
vn 0.0091 0.9958 -0.0912
vn -0.1556 0.9829 0.0983
vn -0.1897 0.9814 0.0290
vn -0.0434 0.9888 -0.1426
vn 0.0262 0.9938 0.1085
vn -0.0391 0.9972 0.0644
vn -0.0700 0.9904 -0.1188
vn 0.0980 0.9916 0.0840
vn -0.0145 0.9926 -0.1208
vn 0.1432 0.9866 0.0786
vn -0.0077 0.9934 -0.1143
vn 0.1032 0.9884 0.1117
vn 0.0157 0.9893 0.1452
vn 0.0013 0.9929 0.1193
vn -0.0586 0.9883 -0.1407
vn 0.0514 0.9932 0.1049
vn -0.0695 0.9899 -0.1237
vn 0.1107 0.9912 0.0724
vn -0.0915 0.9891 -0.1152
vn 0.1261 0.9920 -0.0050
vn -0.1571 0.9871 -0.0306
vn 0.0912 0.9956 -0.0215
vn -0.1734 0.9845 0.0267
vn 0.0745 0.9963 -0.0432
vn 0.0381 0.9961 -0.0798
vn -0.1701 0.9837 0.0576
vn 0.0440 0.9924 -0.1150
vn 0.0095 0.9912 0.1321
vn 0.0985 0.9874 -0.1238
vn 0.0313 0.9944 0.1009
vn 0.1286 0.9817 -0.1404
vn 0.1415 0.9817 -0.1277
vn -0.0215 0.9986 0.0485
vn 0.1640 0.9796 -0.1165
vn -0.0487 0.9985 0.0262
vn 0.1865 0.9774 -0.0993
vn -0.0152 0.9998 -0.0113
vn 0.2098 0.9760 -0.0581
vn 0.2188 0.9755 -0.0214
vn -0.0160 0.9982 -0.0582
vn 0.2213 0.9751 0.0127
vn 0.0367 0.9955 -0.0869
vn 0.2065 0.9750 0.0826
vn 0.1916 0.9736 0.1241
vn 0.0990 0.9941 -0.0435
vn 0.1847 0.9724 0.1422
vn 0.1525 0.9726 0.1754
vn 0.1354 0.9716 0.1942
vn 0.1688 0.9852 -0.0294
vn 0.1560 0.9631 0.2192
vn 0.1162 0.9621 0.2467
vn 0.1269 0.9715 0.2001
vn 0.0824 0.9859 -0.1455
vn 0.1638 0.9814 0.1005
vn 0.0179 0.9828 -0.1840
vn 0.1455 0.9891 0.0209
vn -0.0406 0.9825 -0.1818
vn 0.0799 0.9967 0.0102
vn -0.1154 0.9830 -0.1427
vn 0.0743 0.9970 0.0203
vn -0.1130 0.9933 -0.0236
vn 0.1220 0.9902 0.0674
vn 0.1227 0.9892 0.0798
vn 0.1079 0.9902 0.0886
vn -0.0604 0.9950 -0.0795
vn 0.0888 0.9901 0.1086
vn 0.0562 0.9891 0.1362
vn 0.0159 0.9896 0.1431
vn 0.0472 0.9957 -0.0799
vn -0.0660 0.9873 0.1443
vn -0.0190 0.9882 0.1518
vn 0.0912 0.9950 -0.0417
vn -0.1035 0.9875 0.1189
vn -0.1326 0.9869 0.0919
vn -0.1553 0.9859 0.0621
vn 0.0934 0.9954 0.0203
vn -0.1505 0.9880 0.0351
vn 0.1024 0.9882 0.1139
vn -0.1457 0.9892 -0.0159
vn 0.0789 0.9879 0.1336
vn -0.1136 0.9934 -0.0167
vn 0.1056 0.9845 0.1397
vn -0.1200 0.9925 0.0233
vn 0.1402 0.9873 0.0750
vn -0.1069 0.9938 0.0297
vn -0.1085 0.9936 0.0320
vn 0.1439 0.9895 -0.0123
vn -0.1096 0.9928 0.0485
vn -0.0983 0.9919 0.0807
vn 0.1057 0.9906 -0.0866
vn 0.0049 0.9999 0.0120
vn -0.1041 0.9892 0.1034
vn 0.0985 0.9900 0.1014
vn -0.0879 0.9955 0.0363
vn 0.0933 0.9927 -0.0765
vn -0.1200 0.9890 0.0866
vn 0.1056 0.9931 -0.0516
vn -0.1354 0.9895 0.0501
vn 0.1136 0.9934 -0.0185
vn -0.1439 0.9894 0.0178
vn 0.0607 0.9957 0.0694
vn -0.1339 0.9898 -0.0493
vn -0.1433 0.9895 -0.0175
vn -0.1179 0.9894 -0.0847
vn -0.0844 0.9896 -0.1166
vn -0.0486 0.9902 -0.1310
vn -0.0172 0.9902 -0.1388
vn 0.0358 0.9956 0.0862
vn 0.0346 0.9959 -0.0834
vn 0.0571 0.9888 -0.1381
vn 0.0590 0.9880 0.1427
vn 0.0357 0.9956 0.0863
vn 0.0345 0.9959 -0.0834
vn 0.0995 0.9900 0.1001
vn 0.0974 0.9906 -0.0961
vn 0.0589 0.9880 0.1427
vn 0.0194 0.9929 0.1176
vn 0.1057 0.9941 0.0248
vn 0.1248 0.9903 -0.0610
vn 0.1203 0.9904 0.0685
vn -0.0103 0.9931 -0.1166
vn -0.1565 0.9860 -0.0583
vn -0.1292 0.9823 -0.1358
vn -0.1000 0.9835 -0.1506
vn 0.0292 0.9843 -0.1742
vn 0.1535 0.9867 -0.0543
vn -0.1075 0.9897 0.0940
vn -0.1344 0.9888 -0.0655
vn 0.0225 0.9900 -0.1396
vn 0.0758 0.9895 -0.1228
vn 0.1140 0.9901 -0.0822
vn -0.1774 0.9814 -0.0736
vn -0.2214 0.9729 -0.0672
vn 0.0937 0.9653 0.2438
vn 0.0212 0.9920 0.1247
vn 0.0852 0.9849 0.1508
vn 0.0252 0.9950 0.0965
vn -0.0099 0.9845 0.1749
vn 0.0516 0.9953 0.0820
vn 0.0554 0.9944 0.0897
vn 0.0553 0.9944 0.0895
vn 0.0585 0.9937 0.0959
vn 0.0715 0.9914 0.1096
vn 0.0777 0.9905 0.1133
vn 0.0674 0.9920 0.1066
vn 0.1023 0.9864 0.1289
vn 0.0957 0.9875 0.1249
vn 0.0699 0.9917 0.1077
vn 0.0745 0.9907 0.1137
vn 0.0649 0.9927 0.1013
vn 0.0756 0.9905 0.1151
vn 0.0628 0.9928 0.1019
vn 0.0549 0.9982 0.0250
vn 0.0562 0.9977 0.0370
vn 0.0548 0.9982 0.0248
vn 0.0540 0.9983 0.0233
vn 0.0197 0.9996 0.0193
vn 0.0514 0.9971 0.0560
vn 0.0563 0.9977 0.0370
vn 0.0531 0.9972 0.0524
vn 0.0486 0.9969 0.0620
vn 0.0265 0.9958 0.0875
vn 0.0247 0.9992 0.0309
vn 0.0273 0.9994 0.0227
vn 0.0244 0.9989 0.0388
vn 0.0241 0.9986 0.0462
vn 0.0244 0.9989 0.0389
vn 0.0309 0.9955 0.0896
vn 0.0293 0.9994 0.0165
vn 0.0273 0.9994 0.0226
vn 0.0301 0.9994 0.0154
vn 0.0306 0.9994 0.0147
vn 0.0302 0.9994 0.0152
vn 0.0320 0.9992 0.0231
vn 0.0460 0.9949 0.0895
vn 0.0499 0.9945 0.0919
vn 0.0671 0.9925 0.1023
vn 0.0564 0.9943 0.0900
vn 0.0546 0.9942 0.0923
vn 0.0698 0.9919 0.1064
vn 0.0709 0.9906 0.1171
vn 0.0700 0.9903 0.1201
vn 0.0738 0.9896 0.1231
vn 0.0757 0.9901 0.1180
vn 0.0875 0.9913 0.0982
vn 0.0427 0.9967 0.0688
vn 0.0505 0.9965 0.0660
vn 0.0441 0.9980 0.0448
vn 0.4947 -0.7149 -0.4941
vn 0.6626 0.3492 -0.6625
vn 0.4937 -0.7191 0.4890
vn 0.6626 0.3448 0.6649
vn -0.4524 0.5054 -0.7348
vn -0.0000 -0.5873 -0.8093
vn -0.7906 -0.5962 -0.1394
vn -0.8517 0.5228 -0.0368
vn -0.7123 -0.5991 -0.3656
vn -0.8117 0.5098 -0.2850
vn -0.5838 -0.5921 -0.5555
vn -0.6812 0.5373 -0.4972
vn -0.4713 -0.5919 -0.6538
vn -0.5611 0.5411 -0.6264
vn -0.2746 -0.5959 -0.7547
vn -0.3510 0.5171 -0.7806
vn -0.0648 -0.5895 -0.8052
vn -0.1027 0.5512 -0.8280
vn 0.1346 -0.5924 -0.7943
vn 0.1257 0.5226 -0.8432
vn 0.3659 -0.5893 -0.7203
vn 0.3616 0.5339 -0.7643
vn 0.5178 -0.5874 -0.6219
vn 0.5246 0.5492 -0.6505
vn 0.6335 -0.5874 -0.5035
vn 0.6471 0.5353 -0.5429
vn 0.7391 -0.5884 -0.3278
vn 0.7511 0.5305 -0.3930
vn 0.4000 -0.6480 -0.6481
vn 0.4115 0.7430 -0.5278
vn -0.1851 -0.5988 -0.7792
vn -0.1820 0.6249 -0.7592
vn -0.4842 -0.5960 -0.6406
vn -0.4416 0.6224 -0.6463
vn -0.5368 -0.5932 -0.6000
vn -0.5117 0.5409 -0.6676
vn -0.3731 -0.5943 -0.7125
vn -0.3576 0.5184 -0.7767
vn -0.1239 -0.5939 -0.7949
vn -0.1407 0.5148 -0.8457
vn -0.1187 -0.5936 -0.7960
vn -0.1359 0.6216 -0.7714
vn -0.3540 -0.5935 -0.7227
vn -0.3490 0.6054 -0.7153
vn -0.5298 -0.5933 -0.6061
vn -0.4815 0.6089 -0.6304
vn -0.6829 -0.5971 -0.4208
vn -0.5999 0.6098 -0.5179
vn -0.7833 -0.6035 -0.1489
vn -0.7665 0.6056 -0.2137
vn -0.7850 -0.6013 0.1493
vn -0.7787 0.6200 0.0957
vn -0.6563 -0.6056 0.4499
vn -0.6873 0.6189 0.3802
vn -0.4139 -0.6067 0.6786
vn -0.4158 0.6115 0.6732
vn -0.1792 -0.6006 0.7792
vn -0.0797 0.5826 0.8088
vn -0.1853 -0.5997 0.7785
vn -0.0933 0.5233 0.8470
vn -0.3876 -0.5983 0.7012
vn -0.3417 0.5264 0.7786
vn -0.5314 -0.5979 0.6001
vn -0.5132 0.5363 0.6701
vn -0.6349 -0.5986 0.4884
vn -0.6411 0.5332 0.5520
vn -0.7281 -0.5998 0.3317
vn -0.7565 0.5249 0.3901
vn -0.7901 -0.6009 0.1210
vn -0.8383 0.5259 0.1440
vn -0.7984 -0.5975 -0.0749
vn -0.8409 0.5342 -0.0868
vn -0.7383 -0.6017 -0.3048
vn -0.7954 0.5082 -0.3302
vn -0.6303 -0.5946 -0.4991
vn -0.6405 0.5471 -0.5389
vn -0.5328 -0.5937 -0.6030
vn -0.5147 0.5393 -0.6665
vn -0.3417 -0.5977 -0.7252
vn -0.2991 0.5177 -0.8016
vn -0.1456 -0.5899 -0.7942
vn -0.0232 0.5478 -0.8363
vn 0.0216 -0.5899 -0.8072
vn 0.2138 0.5297 -0.8208
vn 0.3240 -0.5967 -0.7342
vn 0.5382 0.4859 -0.6887
vn 0.3456 -0.5849 -0.7338
vn 0.6165 0.5901 -0.5212
vn 0.0337 -0.5847 -0.8106
vn 0.3603 0.5923 -0.7206
vn -0.2807 -0.5901 -0.7569
vn -0.0890 0.5938 -0.7997
vn -0.5609 -0.6014 -0.5690
vn -0.4811 0.6266 -0.6131
vn -0.7563 -0.6102 -0.2361
vn -0.7512 0.6250 -0.2124
vn -0.7942 -0.5975 -0.1110
vn -0.8425 0.5355 -0.0585
vn -0.7329 -0.6011 -0.3188
vn -0.7944 0.5196 -0.3146
vn -0.6215 -0.5946 -0.5101
vn -0.6523 0.5377 -0.5342
vn -0.5100 -0.5935 -0.6227
vn -0.5346 0.5387 -0.6511
vn -0.3062 -0.5973 -0.7412
vn -0.3290 0.5138 -0.7923
vn -0.0792 -0.5903 -0.8033
vn -0.0831 0.5419 -0.8363
vn 0.0989 -0.5902 -0.8012
vn 0.1026 0.5363 -0.8378
vn 0.3279 -0.5921 -0.7362
vn 0.3436 0.5225 -0.7804
vn 0.5150 -0.5876 -0.6241
vn 0.5297 0.5450 -0.6499
vn 0.6556 -0.5906 -0.4706
vn 0.6886 0.5273 -0.4978
vn 0.7781 -0.5965 -0.1970
vn 0.8350 0.5175 -0.1870
vn 0.8000 -0.5921 0.0967
vn 0.8344 0.5272 0.1607
vn 0.6953 -0.6005 0.3949
vn 0.7216 0.4997 0.4792
vn 0.6455 -0.5915 0.4833
vn 0.5929 0.5963 0.5412
vn 0.7537 -0.5928 0.2838
vn 0.6964 0.6176 0.3655
vn 0.8054 -0.5889 0.0666
vn 0.7943 0.5937 0.1290
vn 0.8008 -0.5893 -0.1069
vn 0.7945 0.6006 -0.0894
vn 0.7374 -0.5915 -0.3261
vn 0.7168 0.6210 -0.3172
vn 0.6258 -0.5875 -0.5131
vn 0.6187 0.6002 -0.5069
vn -0.1783 -0.8856 -0.4288
vn -0.1489 0.9159 -0.3728
vn -0.4882 -0.7205 -0.4925
vn -0.6658 0.3433 -0.6624
vn 0.4951 -0.7153 -0.4932
vn 0.6626 0.3493 -0.6626
vn 0.7277 -0.6163 -0.3012
vn 0.6721 0.6859 -0.2789
vn 0.6546 -0.5906 -0.4719
vn 0.6894 0.5272 -0.4968
vn 0.7585 -0.5882 -0.2807
vn 0.7887 0.5413 -0.2916
vn 0.8018 -0.5893 -0.0989
vn 0.8372 0.5371 -0.1028
vn 0.8013 -0.5902 0.0983
vn 0.8377 0.5363 0.1036
vn 0.7570 -0.5906 0.2796
vn 0.7898 0.5389 0.2929
vn 0.6526 -0.5946 0.4696
vn 0.6909 0.5233 0.4989
vn 0.4698 -0.5965 0.6507
vn 0.4982 0.5215 0.6927
vn 0.2792 -0.5953 0.7534
vn 0.2929 0.5342 0.7930
vn 0.0984 -0.5971 0.7961
vn 0.1032 0.5294 0.8421
vn -0.2976 -0.6265 0.7204
vn -0.3416 0.4536 0.8232
vn -0.2987 -0.6265 0.7199
vn -0.2817 0.6744 0.6825
vn -0.2976 -0.6265 0.7203
vn -0.3417 0.4536 0.8231
vn -0.2820 0.6745 0.6824
vn -0.4869 -0.7247 0.4876
vn -0.6650 0.3392 0.6654
vn -0.4877 -0.7207 -0.4927
vn -0.6651 0.3437 -0.6629
vn -0.3009 -0.6203 -0.7244
vn -0.2784 0.6817 -0.6766
vn -0.2989 -0.6202 -0.7252
vn -0.3410 0.4596 -0.8200
vn -0.3010 -0.6203 -0.7244
vn -0.2785 0.6816 -0.6766
vn -0.3411 0.4596 -0.8200
vn -0.1293 -0.5937 -0.7943
vn -0.1245 0.6153 -0.7784
vn -0.5140 -0.6218 -0.5909
vn -0.4777 0.6798 -0.5565
vn -0.7751 -0.6050 -0.1821
vn -0.7568 0.6286 -0.1791
vn -0.7887 -0.6013 0.1283
vn -0.7846 0.6069 0.1270
vn -0.7184 -0.6003 0.3515
vn -0.7198 0.5983 0.3520
vn -0.6193 -0.5990 0.5077
vn -0.6253 0.5884 0.5127
vn -0.6542 0.5333 0.5363
vn -0.7184 -0.6004 0.3513
vn -0.7651 0.5239 0.3744
vn -0.7898 -0.6014 0.1204
vn -0.8473 0.5113 0.1437
vn -0.7849 -0.6000 -0.1546
vn -0.8519 0.5096 -0.1206
vn -0.6617 -0.6023 -0.4465
vn -0.7491 0.5023 -0.4318
vn -0.6259 -0.5973 -0.5015
vn -0.6732 0.6038 -0.4269
vn -0.7346 -0.5971 -0.3222
vn -0.7715 0.5908 -0.2360
vn -0.7898 -0.5985 -0.1345
vn -0.7950 0.6034 -0.0614
vn -0.7641 -0.6133 0.2003
vn -0.7218 0.6414 0.2600
vn -0.5838 -0.6054 0.5410
vn -0.5322 0.6159 0.5809
vn -0.2504 -0.6138 0.7487
vn -0.1974 0.6509 0.7330
vn 0.1223 -0.5993 0.7912
vn 0.1335 0.6124 0.7792
vn 0.4788 -0.6130 0.6285
vn 0.4572 0.6614 0.5946
vn 0.7617 -0.6051 0.2315
vn 0.7238 0.6545 0.2185
vn 0.7985 -0.5901 0.1192
vn 0.8492 0.5204 0.0902
vn 0.7206 -0.5932 0.3590
vn 0.7917 0.5225 0.3165
vn 0.6109 -0.5911 0.5266
vn 0.6582 0.5505 0.5136
vn 0.5028 -0.5930 0.6289
vn 0.5413 0.5353 0.6484
vn 0.3074 -0.5980 0.7402
vn 0.3598 0.5139 0.7788
vn 0.0789 -0.5966 0.7987
vn 0.1209 0.5321 0.8380
vn -0.1017 -0.5981 0.7949
vn -0.0988 0.5364 0.8382
vn -0.3880 -0.6109 0.6901
vn -0.4333 0.4835 0.7606
vn -0.5123 -0.6009 0.6136
vn -0.4187 0.5549 0.7189
vn -0.2827 -0.6085 0.7415
vn -0.0598 0.6275 0.7763
vn 0.2119 -0.6246 0.7517
vn 0.4048 0.6603 0.6326
vn 0.6342 -0.6035 0.4833
vn 0.6979 0.6332 0.3346
vn 0.7866 -0.5942 0.1677
vn 0.7727 0.6293 0.0837
vn 0.7677 -0.6037 -0.2149
vn 0.7172 0.6549 -0.2383
vn 0.6335 -0.5879 -0.5030
vn 0.6090 0.6025 -0.5158
vn 0.3952 -0.6006 -0.6951
vn 0.3731 0.6544 -0.6577
vn 0.0751 -0.5899 -0.8040
vn 0.1202 0.6151 -0.7792
vn 0.1138 -0.5923 -0.7977
vn 0.1502 0.5129 -0.8452
vn 0.4404 -0.5963 -0.6712
vn 0.4452 0.4897 -0.7497
vn 0.6947 -0.5957 -0.4032
vn 0.7142 0.5238 -0.4643
vn 0.7960 -0.5913 -0.1295
vn 0.8392 0.5265 -0.1359
vn 0.7953 -0.5924 0.1286
vn 0.8397 0.5255 0.1370
vn 0.7241 -0.5922 0.3536
vn 0.7605 0.5318 0.3726
vn 0.6137 -0.5919 0.5225
vn 0.6648 0.5281 0.5283
vn 0.4982 -0.5930 0.6326
vn 0.5401 0.5500 0.6370
vn 0.2380 -0.6100 0.7558
vn 0.2468 0.4891 0.8366
vn 0.1706 -0.6041 0.7784
vn 0.2081 0.6054 0.7682
vn 0.4340 -0.5984 0.6734
vn 0.4919 0.6150 0.6163
vn 0.4997 -0.5931 0.6312
vn 0.5390 0.5487 0.6391
vn 0.2307 -0.6101 0.7580
vn 0.2528 0.4833 0.8382
vn -0.1276 -0.6005 0.7894
vn -0.1376 0.5177 0.8444
vn -0.4175 -0.6070 0.6762
vn -0.4564 0.4971 0.7380
vn -0.6477 -0.6021 0.4669
vn -0.6947 0.5161 0.5009
vn -0.6447 -0.6024 0.4706
vn -0.7064 0.6018 0.3726
vn -0.4446 -0.6011 0.6641
vn -0.4915 0.6036 0.6277
vn -0.1414 -0.6046 0.7839
vn -0.2300 0.6356 0.7370
vn 0.2447 -0.6009 0.7610
vn 0.0974 0.6271 0.7728
vn 0.5203 -0.5925 0.6150
vn 0.3962 0.6067 0.6891
vn 0.6935 -0.5903 0.4131
vn 0.5881 0.6105 0.5305
vn 0.7838 -0.5863 0.2048
vn 0.7204 0.5936 0.3585
vn 0.8073 -0.5881 0.0488
vn 0.8015 0.5796 0.1476
vn -0.5929 0.4553 0.6642
vn 0.0001 -0.5950 0.8038
vn -0.3693 -0.5756 0.7296
vn 0.8024 -0.5884 -0.0998
vn 0.8322 0.5221 -0.1868
vn 0.8093 -0.5857 0.0454
vn 0.8249 0.5609 -0.0708
vn 0.8085 -0.5859 0.0549
vn 0.8195 0.5700 -0.0592
vn 0.8096 -0.5865 0.0245
vn 0.8108 0.5830 -0.0525
vn 0.7823 -0.5953 -0.1834
vn 0.7401 0.6403 -0.2056
vn -0.7689 -0.6057 0.2048
vn -0.8364 0.5095 0.2020
vn -0.8014 -0.5958 0.0534
vn -0.8239 0.5662 -0.0252
vn -0.8014 -0.5951 0.0599
vn -0.8275 0.5591 -0.0509
vn -0.7990 -0.5944 0.0913
vn -0.8193 0.5698 -0.0638
vn -0.7681 -0.5979 0.2292
vn -0.8105 0.5852 0.0237
vn -0.0001 0.9660 -0.2584
vn -0.1991 0.9785 -0.0535
vn -0.1675 0.9812 -0.0959
vn -0.1766 0.9795 -0.0974
vn -0.1638 0.9843 -0.0658
vn -0.1233 0.9923 0.0072
vn 0.1319 0.9899 -0.0529
vn 0.1067 0.9922 -0.0642
vn 0.0893 0.9914 -0.0959
vn 0.0879 0.9888 -0.1206
vn 0.0222 0.9884 -0.1505
vn -0.0691 -0.9973 -0.0263
vn 0.1195 -0.0084 -0.9928
vn -0.0388 0.9627 0.2677
vn -0.0884 -0.9937 0.0693
vn 0.2395 0.9672 0.0848
vn -0.0001 0.9633 0.2685
vn 0.2542 -0.5685 -0.7824
vn 0.6656 0.5685 0.4836
vn 0.7694 0.5878 0.2500
vn 0.7694 0.5878 -0.2500
vn 0.4755 0.5878 -0.6545
vn 0.2542 0.5685 -0.7824
vn -0.6656 0.5685 -0.4836
vn -0.7694 0.5878 -0.2500
vn -0.7694 0.5878 0.2500
vn -0.4755 0.5878 0.6545
vn -0.2542 0.5685 0.7824
vn -0.0000 -0.7804 0.6252
vn 0.3675 -0.7804 0.5058
vn 0.5946 -0.7804 0.1932
vn 0.5946 -0.7804 -0.1932
vn 0.4013 -0.8399 -0.3653
vn -0.1100 -0.8399 -0.5314
vn -0.3675 -0.7804 -0.5058
vn -0.5946 -0.7804 -0.1932
vn -0.5946 -0.7804 0.1932
vn -0.3675 -0.7804 0.5058
vn -0.0000 -0.5878 0.8090
vn 0.4755 -0.5878 0.6545
vn 0.7694 -0.5878 0.2500
vn 0.7694 -0.5878 -0.2500
vn 0.6656 -0.5685 -0.4836
vn -0.2542 -0.5685 -0.7824
vn -0.4755 -0.5878 -0.6545
vn -0.7694 -0.5878 -0.2500
vn -0.7694 -0.5878 0.2500
vn -0.4755 -0.5878 0.6545
vn 0.1100 0.8399 0.5314
vn 0.2542 0.5685 0.7824
vn 0.2234 0.8399 0.4946
vn -0.1100 0.8399 -0.5314
vn -0.2542 0.5685 -0.7824
vn -0.2234 0.8399 -0.4946
vn 0.2939 0.9511 0.0955
vn 0.2939 0.9511 -0.0955
vn 0.1816 0.9511 -0.2500
vn -0.2939 0.9511 -0.0955
vn -0.2939 0.9511 0.0955
vn -0.1816 0.9511 0.2500
vn 0.5878 -0.0000 0.8090
vn 0.9511 -0.0000 0.3090
vn 0.9511 -0.0000 -0.3090
vn 0.5878 -0.0000 -0.8090
vn -0.5878 -0.0000 -0.8090
vn -0.9511 -0.0000 -0.3090
vn -0.9511 -0.0000 0.3090
vn -0.5878 -0.0000 0.8090
vn 0.4933 -0.0347 0.8691
vn -0.3841 -0.3226 0.8651
vn 0.1192 -0.4789 0.8697
vn -0.4323 0.2699 0.8604
vn -0.4266 -0.2663 0.8644
vn 0.1221 0.4907 0.8627
vn -0.3904 0.3279 0.8603
vn -0.4245 -0.2650 -0.8658
vn 0.1225 0.4921 -0.8619
vn -0.4309 0.2690 -0.8614
vn 0.1191 -0.4788 -0.8698
vn -0.3823 -0.3211 -0.8664
vn 0.4957 -0.0349 -0.8678
vn 0.1850 -0.4572 -0.8699
vn 0.1954 0.4130 -0.8895
vn 0.5704 -0.0000 -0.8214
vn -0.3894 0.3270 -0.8611
vn 0.5674 -0.0000 0.8235
vn 0.1947 0.4116 0.8903
vn 0.1849 -0.4570 0.8700
vn -0.4934 0.0347 0.8691
vn 0.3841 0.3226 0.8651
vn -0.1192 0.4789 0.8697
vn 0.4323 -0.2698 0.8604
vn 0.4266 0.2662 0.8644
vn -0.1221 -0.4908 0.8627
vn 0.3904 -0.3279 0.8603
vn 0.4244 0.2649 -0.8658
vn -0.1225 -0.4921 -0.8619
vn 0.4309 -0.2690 -0.8614
vn -0.1191 0.4788 -0.8698
vn 0.3823 0.3211 -0.8665
vn -0.4957 0.0349 -0.8678
vn -0.1850 0.4572 -0.8699
vn -0.1953 -0.4130 -0.8895
vn -0.5704 -0.0000 -0.8214
vn 0.3894 -0.3270 -0.8611
vn -0.5674 -0.0000 0.8235
vn -0.1947 -0.4117 0.8903
vn -0.1849 0.4570 0.8700
vn 0.4934 -0.0347 0.8691
vn -0.4323 0.2698 0.8604
vn -0.4266 -0.2662 0.8644
vn -0.4244 -0.2649 -0.8658
vn 0.1224 0.4921 -0.8619
vn 0.1191 -0.4787 -0.8698
vn -0.3823 -0.3211 -0.8665
vn 0.1953 0.4130 -0.8895
vn 0.5674 -0.0000 0.8234
vn 0.1947 0.4117 0.8903
vn -0.4933 0.0347 0.8691
vn 0.4323 -0.2699 0.8604
vn 0.4266 0.2663 0.8644
vn -0.1221 -0.4907 0.8627
vn 0.3904 -0.3279 0.8602
vn 0.4245 0.2649 -0.8658
vn -0.1224 -0.4921 -0.8619
vn -0.1191 0.4787 -0.8698
vn 0.3823 0.3211 -0.8664
vn -0.1954 -0.4130 -0.8895
vn -0.1947 -0.4116 0.8903
vn 0.4934 -0.0348 0.8691
vn -0.4265 -0.2662 0.8644
vn 0.1221 0.4908 0.8627
vn -0.4244 -0.2650 -0.8658
vt 0.291200 0.476100
vt 0.246800 0.450700
vt 0.204100 0.476000
vt 0.246600 0.450700
vt 0.201900 0.476000
vt 0.263100 0.476200
vt 0.292100 0.476300
vt 0.245900 0.450600
vt 0.202800 0.476300
vt 0.292700 0.476000
vt 0.203100 0.475800
vt 0.246400 0.450800
vt 0.292900 0.476100
vt 0.264100 0.476300
vt 0.147300 0.610000
vt 0.057200 0.711100
vt 0.076200 0.675000
vt 0.123500 0.711100
vt 0.130600 0.675000
vt 0.197300 0.675000
vt 0.204900 0.711100
vt 0.270300 0.711100
vt 0.251000 0.675000
vt 0.294700 0.711100
vt 0.271000 0.675000
vt 0.384400 0.711400
vt 0.382200 0.675600
vt 0.403300 0.675600
vt 0.358600 0.711400
vt 0.450400 0.711400
vt 0.457500 0.675600
vt 0.531500 0.711400
vt 0.524000 0.675600
vt 0.596600 0.711400
vt 0.577400 0.675600
vt 0.621000 0.711400
vt 0.597400 0.675600
vt 0.055000 0.675000
vt 0.031300 0.711100
vt 0.139400 0.653300
vt 0.099700 0.653300
vt 0.188000 0.653300
vt 0.227200 0.653300
vt 0.241800 0.653300
vt 0.426700 0.654100
vt 0.411300 0.654100
vt 0.466200 0.654100
vt 0.514700 0.654100
vt 0.553700 0.654100
vt 0.568300 0.654100
vt 0.084200 0.653300
vt 0.150900 0.644600
vt 0.130600 0.644600
vt 0.175800 0.644600
vt 0.195800 0.644600
vt 0.203300 0.644600
vt 0.457500 0.645500
vt 0.449700 0.645500
vt 0.477700 0.645500
vt 0.502600 0.645500
vt 0.522500 0.645500
vt 0.529900 0.645500
vt 0.122700 0.644600
vt 0.271300 0.335200
vt 0.288700 0.385700
vt 0.289000 0.357900
vt 0.242200 0.326400
vt 0.241300 0.416400
vt 0.213000 0.334700
vt 0.212300 0.407600
vt 0.194800 0.357100
vt 0.194500 0.384900
vt 0.270500 0.408100
vt 0.168700 0.421500
vt 0.317500 0.477600
vt 0.317500 0.421500
vt 0.168700 0.477600
vt 0.168700 0.421400
vt 0.168700 0.478100
vt 0.317500 0.477700
vt 0.168700 0.477700
vt 0.317500 0.421400
vt 0.317500 0.478100
vt 0.317500 0.477500
vt 0.168700 0.477500
vt 0.168800 0.421500
vt 0.168800 0.477700
vt 0.166300 0.476800
vt 0.316700 0.421000
vt 0.316500 0.476800
vt 0.166300 0.420900
vt 0.166000 0.420900
vt 0.166000 0.476600
vt 0.316500 0.476600
vt 0.166800 0.476900
vt 0.166800 0.420900
vt 0.316500 0.476900
vt 0.166000 0.476300
vt 0.166600 0.476200
vt 0.166200 0.420900
vt 0.165900 0.420900
vt 0.165900 0.476300
vt 0.316500 0.476400
vt 0.166500 0.420900
vt 0.166700 0.476200
vt 0.166900 0.476500
vt 0.167100 0.420900
vt 0.167800 0.476900
vt 0.167900 0.421900
vt 0.316600 0.477900
vt 0.315300 0.422200
vt 0.167800 0.477000
vt 0.168200 0.419200
vt 0.317400 0.420200
vt 0.167900 0.476400
vt 0.168300 0.420700
vt 0.316700 0.478200
vt 0.317600 0.420300
vt 0.317700 0.477700
vt 0.167600 0.421600
vt 0.168200 0.478500
vt 0.166800 0.420700
vt 0.316600 0.476700
vt 0.315700 0.421900
vt 0.168000 0.477000
vt 0.167600 0.421300
vt 0.168700 0.477000
vt 0.316500 0.419800
vt 0.316700 0.477100
vt 0.166800 0.420400
vt 0.167400 0.477100
vt 0.316500 0.476200
vt 0.316900 0.419900
vt 0.167200 0.420600
vt 0.167000 0.476100
vt 0.210400 0.772400
vt 0.118300 0.831600
vt 0.118300 0.772400
vt 0.210400 0.831600
vt 0.284400 0.772400
vt 0.284400 0.831600
vt 0.312100 0.772400
vt 0.312100 0.831600
vt 0.370500 0.772100
vt 0.341300 0.830800
vt 0.341300 0.772100
vt 0.370500 0.830800
vt 0.445200 0.772100
vt 0.445200 0.830800
vt 0.537000 0.772100
vt 0.537000 0.830800
vt 0.610700 0.772100
vt 0.610700 0.830800
vt 0.638300 0.772100
vt 0.638300 0.830800
vt 0.043200 0.772400
vt 0.013900 0.831600
vt 0.013900 0.772400
vt 0.043200 0.831600
vt 0.805200 0.943300
vt 0.778700 0.976500
vt 0.784400 0.953200
vt 0.736200 0.988900
vt 0.770500 0.966200
vt 0.693900 0.975800
vt 0.703200 0.966200
vt 0.668100 0.942100
vt 0.689300 0.953200
vt 0.668500 0.900800
vt 0.703200 0.903800
vt 0.695000 0.867500
vt 0.689300 0.890800
vt 0.737500 0.855100
vt 0.703200 0.877900
vt 0.779800 0.868300
vt 0.770500 0.877900
vt 0.805600 0.902500
vt 0.784400 0.890800
vt 0.770500 0.940300
vt 0.770500 0.903800
vt 0.703200 0.940300
vt 0.756500 0.890800
vt 0.717200 0.890800
vt 0.717200 0.953200
vt 0.756500 0.953200
vt 0.792700 0.880800
vt 0.670000 0.970300
vt 0.680800 0.880800
vt 0.803600 0.970300
vt 0.802800 0.884500
vt 0.680000 0.974000
vt 0.690900 0.884500
vt 0.664100 0.960900
vt 0.786800 0.871400
vt 0.797700 0.960900
vt 0.802600 0.895900
vt 0.679800 0.985400
vt 0.690700 0.895900
vt 0.670100 0.951800
vt 0.792900 0.862400
vt 0.803700 0.951800
vt 0.798500 0.880900
vt 0.675700 0.970400
vt 0.686500 0.880900
vt 0.665600 0.966600
vt 0.788400 0.877200
vt 0.799300 0.966600
vt 0.794700 0.875200
vt 0.671900 0.964600
vt 0.682700 0.875200
vt 0.805500 0.964600
vt 0.798300 0.880800
vt 0.675500 0.970300
vt 0.686400 0.880800
vt 0.742200 0.887100
vt 0.732900 0.964100
vt 0.731400 0.887100
vt 0.797600 0.887100
vt 0.684100 0.964100
vt 0.674800 0.887100
vt 0.799100 0.964100
vt 0.678100 0.969000
vt 0.802400 0.892000
vt 0.793000 0.969000
vt 0.668800 0.892000
vt 0.674800 0.964100
vt 0.799100 0.887100
vt 0.789700 0.964100
vt 0.673800 0.890000
vt 0.807400 0.890000
vt 0.683100 0.967000
vt 0.675700 0.967200
vt 0.800000 0.890200
vt 0.790700 0.967200
vt 0.666400 0.890200
vt 0.671100 0.961200
vt 0.795400 0.884100
vt 0.786000 0.961200
vt 0.675300 0.894900
vt 0.808900 0.894900
vt 0.684700 0.971900
vt 0.679300 0.964100
vt 0.670000 0.887100
vt 0.794300 0.964100
vt 0.803600 0.887100
vt 0.792800 0.887100
vt 0.688000 0.960900
vt 0.678600 0.883900
vt 0.802900 0.960900
vt 0.743500 0.889900
vt 0.734200 0.967000
vt 0.732700 0.889900
vt 0.792700 0.969300
vt 0.668400 0.892300
vt 0.791200 0.892300
vt 0.683800 0.965300
vt 0.674400 0.888300
vt 0.798700 0.965300
vt 0.746400 0.888700
vt 0.737100 0.965800
vt 0.735600 0.888700
vt 0.797200 0.888300
vt 0.670900 0.951300
vt 0.795200 0.874300
vt 0.785900 0.951300
vt 0.670300 0.902900
vt 0.803900 0.902900
vt 0.679600 0.980000
vt 0.681000 0.969000
vt 0.805300 0.891900
vt 0.795900 0.969000
vt 0.671600 0.891900
vt 0.973900 0.495300
vt 0.973900 0.834900
vt 0.660400 0.495300
vt 0.660400 0.834900
vt 0.148600 0.446800
vt 0.119800 0.475400
vt 0.110000 0.437100
vt 0.038200 0.475400
vt 0.056400 0.445500
vt 0.119800 0.337600
vt 0.148600 0.366100
vt 0.110000 0.375800
vt 0.009300 0.366100
vt 0.038200 0.337600
vt 0.048000 0.375800
vt 0.101500 0.367500
vt 0.009300 0.446800
vt 0.048000 0.437100
vt 0.056400 0.384200
vt 0.056400 0.428700
vt 0.093000 0.437100
vt 0.101500 0.445500
vt 0.093000 0.375800
vt 0.064900 0.375800
vt 0.101500 0.384200
vt 0.056400 0.367500
vt 0.064900 0.437100
vt 0.845900 0.833100
vt 0.719700 0.833100
vt 0.719700 0.495300
vt 0.845900 0.495300
vt 0.736500 0.855100
vt 0.807100 0.924800
vt 0.665900 0.924800
vt 0.736500 0.994400
vt 0.844200 0.832300
vt 0.719700 0.832300
vt 0.719700 0.775400
vt 0.844200 0.775400
vt 0.482600 0.974000
vt 0.333200 0.974000
vt 0.482600 0.876100
vt 0.333200 0.876100
vt 0.388000 0.991100
vt 0.388000 0.859000
vt 0.427800 0.991100
vt 0.427800 0.859000
vt 0.574200 0.920100
vt 0.580000 0.926700
vt 0.568400 0.926700
vt 0.574200 0.933300
vt 0.571600 0.949100
vt 0.563400 0.949100
vt 0.585000 0.904300
vt 0.556600 0.906900
vt 0.591800 0.906900
vt 0.570100 0.951700
vt 0.585000 0.949100
vt 0.576800 0.949100
vt 0.563400 0.904300
vt 0.578300 0.951700
vt 0.625600 0.868100
vt 0.625600 0.985300
vt 0.610900 0.926700
vt 0.522800 0.985300
vt 0.574200 0.968600
vt 0.522800 0.868100
vt 0.537500 0.926700
vt 0.574200 0.884800
vt 0.640100 0.902500
vt 0.522800 0.951000
vt 0.508300 0.902500
vt 0.515500 0.951000
vt 0.632900 0.902500
vt 0.618300 0.951000
vt 0.625600 0.951000
vt 0.530100 0.951000
vt 0.515500 0.902500
vt 0.632900 0.951000
vt 0.437400 0.884100
vt 0.378500 0.966000
vt 0.378500 0.884100
vt 0.437400 0.966000
vt 0.574200 0.919100
vt 0.574200 0.934400
vt 0.567500 0.926700
vt 0.580900 0.926700
vt 0.578900 0.966300
vt 0.569500 0.966300
vt 0.600200 0.895400
vt 0.548200 0.895400
vt 0.589600 0.962100
vt 0.580100 0.962100
vt 0.558800 0.891300
vt 0.568300 0.962100
vt 0.558800 0.962100
vt 0.589600 0.891300
vt 0.101500 0.428700
vt 0.129900 0.682500
vt 0.132600 0.682500
vt 0.163300 0.682800
vt 0.125400 0.643100
vt 0.134400 0.652300
vt 0.125400 0.617200
vt 0.134400 0.608000
vt 0.159800 0.652300
vt 0.670100 0.926700
vt 0.792900 0.924700
vt 0.803700 0.924500
vt 0.168800 0.643100
vt 0.159800 0.608000
vt 0.168800 0.617200
vt 0.683300 0.994200
vt 0.781900 0.868100
vt 0.790600 0.857000
vt 0.201100 0.630700
vt 0.191100 0.598200
vt 0.200300 0.628100
vt 0.266100 0.440100
vt 0.242500 0.421500
vt 0.218400 0.458400
vt 0.207400 0.449300
vt 0.242100 0.477700
vt 0.277700 0.449300
vt 0.153700 0.610100
vt 0.140900 0.610000
vt 0.242200 0.477700
vt 0.267500 0.439300
vt 0.243700 0.421500
vt 0.219400 0.457700
vt 0.208300 0.448500
vt 0.243300 0.477500
vt 0.279200 0.448500
vt 0.130400 0.617600
vt 0.126300 0.630000
vt 0.128400 0.623800
vt 0.204600 0.476000
vt 0.268900 0.476100
vt 0.292600 0.476100
vt 0.203000 0.475900
vt 0.292800 0.476100
vt 0.291700 0.476300
vt 0.263000 0.476200
vt 0.202000 0.476000
vt 0.278500 0.449300
vt 0.267200 0.458600
vt 0.220000 0.440300
vt 0.209000 0.449300
vt 0.243300 0.477700
vt 0.130200 0.642500
vt 0.140500 0.650300
vt 0.135300 0.646400
vt 0.292200 0.476300
vt 0.230200 0.476100
vt 0.294000 0.476300
vt 0.291300 0.476100
vt 0.202600 0.476300
vt 0.266400 0.440100
vt 0.242700 0.421500
vt 0.218500 0.458400
vt 0.207500 0.449300
vt 0.242400 0.477700
vt 0.278000 0.449300
vt 0.153300 0.650400
vt 0.163700 0.642800
vt 0.158500 0.646600
vt 0.203900 0.476100
vt 0.292600 0.476000
vt 0.266000 0.439700
vt 0.242200 0.421500
vt 0.217900 0.458000
vt 0.206900 0.448800
vt 0.241800 0.477600
vt 0.277600 0.448800
vt 0.167800 0.630400
vt 0.164000 0.617900
vt 0.165900 0.624100
vt 0.716600 0.936600
vt 0.748500 0.901000
vt 0.753200 0.929600
vt 0.758000 0.923300
vt 0.723600 0.951100
vt 0.721900 0.907800
vt 0.726700 0.911200
vt 0.733800 0.907500
vt 0.746400 0.945000
vt 0.740500 0.933500
vt 0.733400 0.936700
vt 0.738300 0.914100
vt 0.734400 0.918200
vt 0.740300 0.914300
vt 0.737200 0.938000
vt 0.741900 0.924200
vt 0.736600 0.930000
vt 0.731900 0.925100
vt 0.731900 0.924200
vt 0.741900 0.925100
vt 0.737300 0.930000
vt 0.748200 0.945800
vt 0.738300 0.943800
vt 0.725800 0.905200
vt 0.730900 0.928800
vt 0.863100 0.855100
vt 0.916100 0.874600
vt 0.833100 0.898700
vt 0.717300 0.911400
vt 0.756500 0.939100
vt 0.734800 0.939900
vt 0.756900 0.947800
vt 0.717000 0.923500
vt 0.754500 0.903400
vt 0.734900 0.889200
vt 0.756400 0.926900
vt 0.719800 0.951500
vt 0.740600 0.958900
vt 0.720400 0.919300
vt 0.742900 0.895100
vt 0.724900 0.888700
vt 0.759400 0.930600
vt 0.739500 0.960700
vt 0.754400 0.943900
vt 0.716300 0.912600
vt 0.757500 0.926100
vt 0.748500 0.903300
vt 0.750000 0.955200
vt 0.711300 0.927300
vt 0.723200 0.923100
vt 0.750700 0.901900
vt 0.731700 0.949900
vt 0.743100 0.942600
vt 0.727900 0.950200
vt 0.745800 0.900900
vt 0.744600 0.911500
vt 0.730400 0.939800
vt 0.729800 0.911500
vt 0.730400 0.931200
vt 0.743000 0.900700
vt 0.743900 0.949700
vt 0.743700 0.890900
vt 0.723100 0.959600
vt 0.721000 0.910700
vt 0.752900 0.952200
vt 0.744600 0.883700
vt 0.739000 0.968500
vt 0.725700 0.909400
vt 0.722600 0.967200
vt 0.722500 0.881900
vt 0.757000 0.935300
vt 0.760500 0.933700
vt 0.738900 0.965400
vt 0.713400 0.898500
vt 0.744400 0.938900
vt 0.729600 0.927200
vt 0.735900 0.912100
vt 0.740200 0.898700
vt 0.754800 0.910900
vt 0.719000 0.951200
vt 0.740900 0.936000
vt 0.718800 0.945000
vt 0.755100 0.906100
vt 0.723800 0.921100
vt 0.745700 0.910200
vt 0.745000 0.948300
vt 0.745800 0.930000
vt 0.728600 0.942000
vt 0.740000 0.909500
vt 0.722600 0.919400
vt 0.736100 0.897400
vt 0.748100 0.941800
vt 0.732400 0.959900
vt 0.716700 0.915400
vt 0.744000 0.893300
vt 0.754100 0.916100
vt 0.736500 0.958400
vt 0.718400 0.931400
vt 0.719700 0.916100
vt 0.755400 0.931400
vt 0.737300 0.958400
vt 0.757200 0.936600
vt 0.720700 0.929600
vt 0.725400 0.901000
vt 0.730900 0.900700
vt 0.743400 0.931200
vt 0.729900 0.949700
vt 0.743400 0.939800
vt 0.729200 0.911500
vt 0.744000 0.911500
vt 0.735100 0.956300
vt 0.736300 0.897600
vt 0.753200 0.932400
vt 0.727800 0.897400
vt 0.758600 0.922500
vt 0.719300 0.955300
vt 0.741500 0.941300
vt 0.717000 0.941100
vt 0.756800 0.909900
vt 0.725800 0.914800
vt 0.750200 0.915000
vt 0.743200 0.946400
vt 0.737800 0.943600
vt 0.728400 0.931700
vt 0.740800 0.905700
vt 0.746200 0.921100
vt 0.740700 0.938900
vt 0.725300 0.918300
vt 0.745900 0.896500
vt 0.744300 0.943300
vt 0.723700 0.937400
vt 0.745600 0.947300
vt 0.722500 0.922500
vt 0.751700 0.904900
vt 0.726300 0.911000
vt 0.751700 0.921900
vt 0.721900 0.936700
vt 0.760800 0.956700
vt 0.735100 0.949100
vt 0.754100 0.898100
vt 0.711300 0.922100
vt 0.706200 0.953000
vt 0.736900 0.898100
vt 0.767700 0.953000
vt 0.748900 0.888700
vt 0.734300 0.960700
vt 0.714400 0.930600
vt 0.733200 0.958900
vt 0.731000 0.895100
vt 0.753400 0.919300
vt 0.733700 0.898700
vt 0.754800 0.951200
vt 0.719000 0.911000
vt 0.732900 0.936000
vt 0.718800 0.906100
vt 0.755100 0.945000
vt 0.716400 0.942000
vt 0.725400 0.903300
vt 0.755200 0.948900
vt 0.724400 0.905500
vt 0.747900 0.914500
vt 0.749400 0.945700
vt 0.749400 0.905400
vt 0.724400 0.945700
vt 0.725900 0.914500
vt 0.720500 0.941900
vt 0.747200 0.905000
vt 0.753300 0.945500
vt 0.746000 0.950200
vt 0.730700 0.942600
vt 0.728100 0.900900
vt 0.723400 0.940800
vt 0.750400 0.910300
vt 0.738300 0.940700
vt 0.762000 0.922900
vt 0.733000 0.946900
vt 0.713500 0.909300
vt 0.726800 0.923500
vt 0.733400 0.899400
vt 0.746300 0.944700
vt 0.747500 0.911000
vt 0.751900 0.936700
vt 0.722200 0.921900
vt 0.754100 0.951500
vt 0.717500 0.926900
vt 0.738900 0.889200
vt 0.719400 0.903400
vt 0.756900 0.923500
vt 0.717000 0.947800
vt 0.739000 0.939900
vt 0.717300 0.939100
vt 0.756500 0.911400
vt 0.729000 0.915500
vt 0.750600 0.916900
vt 0.734700 0.951000
vt 0.756800 0.941100
vt 0.732400 0.941300
vt 0.717000 0.909900
vt 0.723600 0.915000
vt 0.748100 0.914800
vt 0.730700 0.946400
vt 0.751400 0.922600
vt 0.728300 0.947300
vt 0.722100 0.904900
vt 0.729500 0.943300
vt 0.728000 0.896400
vt 0.750200 0.937500
vt 0.718700 0.948900
vt 0.757500 0.942000
vt 0.762600 0.927300
vt 0.723900 0.955200
vt 0.719400 0.943900
vt 0.716300 0.926100
vt 0.757500 0.912600
vt 0.738000 0.912100
vt 0.744300 0.927200
vt 0.729500 0.938900
vt 0.746200 0.919500
vt 0.729700 0.940700
vt 0.727700 0.911900
vt 0.726200 0.929700
vt 0.741000 0.905000
vt 0.742100 0.943300
vt 0.745500 0.931700
vt 0.736000 0.943600
vt 0.733100 0.905700
vt 0.733200 0.938900
vt 0.727600 0.921100
vt 0.748500 0.918300
vt 0.732800 0.905000
vt 0.747600 0.929700
vt 0.731800 0.943300
vt 0.744200 0.940700
vt 0.727700 0.919500
vt 0.746200 0.911900
vt 0.741400 0.906200
vt 0.746100 0.931400
vt 0.727700 0.939700
vt 0.727700 0.931400
vt 0.732400 0.906200
vt 0.746200 0.939700
vt 0.727500 0.944700
vt 0.740400 0.899400
vt 0.747100 0.923500
vt 0.760400 0.909300
vt 0.740900 0.946900
vt 0.711800 0.922900
vt 0.735600 0.940700
vt 0.723400 0.910300
vt 0.750400 0.940800
vt 0.744900 0.915500
vt 0.739200 0.951000
vt 0.723200 0.916900
vt 0.752000 0.907800
vt 0.750300 0.951100
vt 0.715900 0.923300
vt 0.727400 0.945000
vt 0.740100 0.907500
vt 0.747100 0.911200
vt 0.735500 0.914100
vt 0.740500 0.936700
vt 0.733400 0.933500
vt 0.736700 0.938000
vt 0.733500 0.914300
vt 0.739500 0.918200
vt 0.753400 0.941900
vt 0.720600 0.945500
vt 0.726700 0.905000
vt 0.720600 0.922500
vt 0.753300 0.917200
vt 0.748500 0.946100
vt 0.753300 0.922500
vt 0.725400 0.946100
vt 0.720600 0.917300
vt 0.740200 0.912300
vt 0.761300 0.936700
vt 0.712600 0.925000
vt 0.747200 0.947800
vt 0.725300 0.925400
vt 0.748400 0.903200
vt 0.728200 0.910200
vt 0.750000 0.921100
vt 0.728800 0.948300
vt 0.750700 0.959600
vt 0.730200 0.890900
vt 0.752900 0.910700
vt 0.720900 0.952200
vt 0.741500 0.960000
vt 0.729800 0.893300
vt 0.757100 0.915400
vt 0.732700 0.901900
vt 0.741200 0.901900
vt 0.736900 0.949300
vt 0.741200 0.935100
vt 0.732700 0.935100
vt 0.736900 0.916100
vt 0.745800 0.940500
vt 0.728000 0.940500
vt 0.736900 0.910700
vt 0.745800 0.938800
vt 0.728000 0.938800
vt 0.736900 0.912400
vt 0.737500 0.897600
vt 0.738700 0.956300
vt 0.720700 0.932400
vt 0.715200 0.922500
vt 0.746000 0.897400
vt 0.754600 0.955300
vt 0.734900 0.968500
vt 0.729300 0.883700
vt 0.748200 0.909400
vt 0.751400 0.881900
vt 0.751300 0.967200
vt 0.716800 0.935300
vt 0.737800 0.897400
vt 0.751200 0.919400
vt 0.725700 0.941800
vt 0.745300 0.942000
vt 0.728100 0.930000
vt 0.733800 0.909500
vt 0.916200 0.874600
vt 0.863200 0.855100
vt 0.744500 0.900800
vt 0.743300 0.925800
vt 0.738400 0.943700
vt 0.719800 0.898100
vt 0.738800 0.949100
vt 0.713000 0.956700
vt 0.762500 0.922100
vt 0.748500 0.925400
vt 0.726700 0.947800
vt 0.712600 0.936700
vt 0.733700 0.912300
vt 0.761300 0.925000
vt 0.723200 0.901900
vt 0.750700 0.923100
vt 0.742200 0.949900
vt 0.734900 0.965400
vt 0.713400 0.933700
vt 0.760500 0.898500
vt 0.729200 0.950400
vt 0.767200 0.974600
vt 0.720000 0.939900
vt 0.709300 0.874800
vt 0.706700 0.974600
vt 0.764500 0.874900
vt 0.753900 0.939900
vt 0.706200 0.860200
vt 0.767700 0.860200
vt 0.736900 0.990900
vt 0.947000 0.949100
vt 0.955500 0.888500
vt 0.862800 0.968600
vt 0.842400 0.986200
vt 0.955400 0.888600
vt 0.862800 0.968700
vt 0.764100 0.949800
vt 0.709800 0.949800
vt 0.736900 0.901300
vt 0.709800 0.899800
vt 0.764100 0.899800
vt 0.736900 0.951400
vt 0.756300 0.918700
vt 0.717500 0.936200
vt 0.742700 0.904600
vt 0.736900 0.939000
vt 0.700000 0.912100
vt 0.773900 0.912100
vt 0.779500 0.944200
vt 0.700000 0.906900
vt 0.773900 0.906900
vt 0.694400 0.944300
vt 0.699700 0.936000
vt 0.694400 0.915100
vt 0.779500 0.915100
vt 0.762200 0.919800
vt 0.710000 0.940900
vt 0.743200 0.888600
vt 0.699600 0.958800
vt 0.736900 0.892300
vt 0.774200 0.958900
vt 0.730700 0.888600
vt 0.763900 0.940900
vt 0.711600 0.919800
vt 0.697000 0.936000
vt 0.776800 0.915100
vt 0.771600 0.936000
vt 0.756300 0.936200
vt 0.717500 0.918700
vt 0.731200 0.904700
vt 0.137800 0.952000
vt 0.137800 0.977900
vt 0.074600 0.964900
vt 0.011100 0.879200
vt 0.074400 0.866300
vt 0.074400 0.892100
vt 0.074600 0.907800
vt 0.137800 0.894800
vt 0.137800 0.920700
vt 0.074400 0.977900
vt 0.011100 0.964900
vt 0.074400 0.952000
vt 0.137800 0.923400
vt 0.137800 0.949300
vt 0.074600 0.936400
vt 0.074400 0.894800
vt 0.074400 0.920700
vt 0.011100 0.907800
vt 0.074400 0.923400
vt 0.074400 0.949300
vt 0.011100 0.936400
vt 0.137800 0.866300
vt 0.137800 0.892100
vt 0.074600 0.879200
vt 0.727300 0.940700
vt 0.727800 0.902700
vt 0.750800 0.919500
vt 0.751600 0.912600
vt 0.735400 0.938400
vt 0.722100 0.916400
vt 0.728400 0.943500
vt 0.732300 0.908300
vt 0.745900 0.929700
vt 0.744600 0.907800
vt 0.741300 0.943200
vt 0.728000 0.919400
vt 0.730900 0.938600
vt 0.743200 0.915600
vt 0.744800 0.935200
vt 0.727800 0.925600
vt 0.735800 0.933900
vt 0.728400 0.917300
vt 0.745500 0.926300
vt 0.745000 0.914900
vt 0.739900 0.934000
vt 0.727900 0.930200
vt 0.742300 0.942200
vt 0.729900 0.909300
vt 0.741900 0.913200
vt 0.745000 0.913900
vt 0.728900 0.941600
vt 0.734600 0.909400
vt 0.730800 0.917800
vt 0.740400 0.909600
vt 0.738800 0.943200
vt 0.734200 0.902800
vt 0.748400 0.946400
vt 0.725500 0.926600
vt 0.733100 0.951000
vt 0.724500 0.903200
vt 0.749300 0.938100
vt 0.745300 0.902300
vt 0.744800 0.951900
vt 0.728600 0.904200
vt 0.722200 0.941600
vt 0.744100 0.909500
vt 0.751700 0.938000
vt 0.723000 0.909200
vt 0.749800 0.919600
vt 0.740700 0.943400
vt 0.750900 0.935700
vt 0.723700 0.931000
vt 0.728500 0.914300
vt 0.747300 0.940700
vt 0.726600 0.911500
vt 0.743200 0.910200
vt 0.739300 0.903900
vt 0.737500 0.946500
vt 0.732700 0.929700
vt 0.729400 0.905400
vt 0.749700 0.935600
vt 0.725700 0.947600
vt 0.725500 0.946400
vt 0.739600 0.902800
vt 0.748400 0.926600
vt 0.749300 0.903200
vt 0.740800 0.951000
vt 0.724500 0.938100
vt 0.732500 0.943200
vt 0.729300 0.907800
vt 0.745900 0.919400
vt 0.741500 0.908300
vt 0.745400 0.943500
vt 0.727900 0.929700
vt 0.733900 0.934000
vt 0.728900 0.914900
vt 0.745900 0.930200
vt 0.745500 0.917300
vt 0.738100 0.933900
vt 0.728400 0.926300
vt 0.735000 0.943200
vt 0.733500 0.909600
vt 0.743000 0.917800
vt 0.739200 0.909400
vt 0.745000 0.941600
vt 0.728900 0.913900
vt 0.732000 0.913200
vt 0.744000 0.909300
vt 0.731500 0.942200
vt 0.750200 0.931000
vt 0.722900 0.935700
vt 0.745300 0.914300
vt 0.724100 0.919700
vt 0.750800 0.909200
vt 0.733200 0.943400
vt 0.746100 0.902700
vt 0.746600 0.940700
vt 0.723100 0.919500
vt 0.738400 0.938400
vt 0.722200 0.912600
vt 0.751700 0.916400
vt 0.729800 0.909500
vt 0.751700 0.941600
vt 0.722200 0.938000
vt 0.729100 0.951900
vt 0.728600 0.902300
vt 0.745200 0.904300
vt 0.742900 0.938600
vt 0.729100 0.935200
vt 0.730600 0.915600
vt 0.746000 0.925600
vt 0.730600 0.910200
vt 0.747300 0.911500
vt 0.726600 0.940800
vt 0.734500 0.903900
vt 0.741100 0.929700
vt 0.736300 0.946500
vt 0.744400 0.905400
vt 0.748200 0.947600
vt 0.724200 0.935600
vt 0.189200 0.880700
vt 0.190500 0.879700
vt 0.202700 0.892800
vt 0.189200 0.892800
vt 0.196900 0.968600
vt 0.197100 0.966100
vt 0.202700 0.951300
vt 0.202700 0.981500
vt 0.209100 0.879700
vt 0.202700 0.864400
vt 0.209200 0.877300
vt 0.216100 0.908600
vt 0.217100 0.892800
vt 0.217100 0.906500
vt 0.215800 0.966100
vt 0.217100 0.951300
vt 0.217100 0.965000
vt 0.217100 0.880700
vt 0.218400 0.879700
vt 0.230600 0.892800
vt 0.230600 0.981500
vt 0.224800 0.968600
vt 0.225000 0.966100
vt 0.230600 0.951300
vt 0.237100 0.877300
vt 0.237000 0.879700
vt 0.230600 0.864400
vt 0.243900 0.908600
vt 0.244900 0.892800
vt 0.244900 0.906500
vt 0.244900 0.965000
vt 0.243700 0.966100
vt 0.244900 0.951300
vt 0.244900 0.880700
vt 0.246300 0.879700
vt 0.258500 0.892800
vt 0.252900 0.966100
vt 0.258500 0.951300
vt 0.256700 0.958200
vt 0.256500 0.963000
vt 0.258500 0.981500
vt 0.252700 0.968600
vt 0.264900 0.879700
vt 0.258500 0.864400
vt 0.265000 0.877300
vt 0.271900 0.908600
vt 0.272800 0.892800
vt 0.272800 0.906500
vt 0.272800 0.951300
vt 0.272800 0.965000
vt 0.271500 0.966100
vt 0.292700 0.879700
vt 0.286300 0.892800
vt 0.286300 0.864400
vt 0.292800 0.877300
vt 0.299700 0.908600
vt 0.300700 0.892800
vt 0.300700 0.906500
vt 0.299400 0.966100
vt 0.286300 0.951300
vt 0.300700 0.951300
vt 0.300700 0.965000
vt 0.230600 0.922900
vt 0.237100 0.922900
vt 0.238100 0.924900
vt 0.189200 0.877300
vt 0.224900 0.922900
vt 0.223900 0.921000
vt 0.217100 0.939300
vt 0.218000 0.937300
vt 0.272800 0.939300
vt 0.274100 0.937300
vt 0.286300 0.922900
vt 0.197000 0.922900
vt 0.196000 0.921000
vt 0.202700 0.922900
vt 0.189200 0.951300
vt 0.189200 0.939300
vt 0.190100 0.937300
vt 0.292900 0.922900
vt 0.293800 0.924900
vt 0.280600 0.922900
vt 0.279600 0.921000
vt 0.209200 0.922900
vt 0.210200 0.924900
vt 0.258500 0.922900
vt 0.265000 0.922900
vt 0.265900 0.924900
vt 0.252700 0.922900
vt 0.251800 0.921000
vt 0.189200 0.864400
vt 0.195400 0.965000
vt 0.211000 0.880700
vt 0.210900 0.922900
vt 0.209900 0.920900
vt 0.217100 0.910000
vt 0.217100 0.922900
vt 0.217100 0.981500
vt 0.217100 0.968600
vt 0.217100 0.877300
vt 0.217100 0.864400
vt 0.223200 0.965000
vt 0.238900 0.880700
vt 0.238800 0.922900
vt 0.237800 0.920900
vt 0.244900 0.910000
vt 0.244900 0.922900
vt 0.244900 0.968600
vt 0.244900 0.981500
vt 0.244900 0.877300
vt 0.244900 0.864400
vt 0.251100 0.965000
vt 0.266700 0.880700
vt 0.266700 0.922900
vt 0.265700 0.920900
vt 0.272800 0.910000
vt 0.272800 0.922900
vt 0.272800 0.981500
vt 0.272700 0.968300
vt 0.272800 0.968600
vt 0.274100 0.879700
vt 0.272800 0.877300
vt 0.272800 0.864400
vt 0.280700 0.966100
vt 0.279000 0.965000
vt 0.294600 0.880700
vt 0.294600 0.922900
vt 0.293600 0.920900
vt 0.300700 0.910000
vt 0.300700 0.922900
vt 0.300700 0.968600
vt 0.300700 0.981500
vt 0.244900 0.935800
vt 0.244000 0.937200
vt 0.244900 0.939300
vt 0.218000 0.908600
vt 0.223200 0.922900
vt 0.224200 0.924900
vt 0.217100 0.935800
vt 0.272800 0.935800
vt 0.278900 0.922900
vt 0.279700 0.924900
vt 0.189200 0.910000
vt 0.190100 0.908600
vt 0.195300 0.922900
vt 0.189200 0.922900
vt 0.189200 0.906500
vt 0.196300 0.924900
vt 0.189200 0.935800
vt 0.300700 0.935800
vt 0.299700 0.937200
vt 0.300700 0.939300
vt 0.273800 0.908600
vt 0.216100 0.937200
vt 0.271500 0.937200
vt 0.252000 0.924900
vt 0.251100 0.922900
vt 0.245900 0.937300
vt 0.245000 0.935800
vt 0.245900 0.908600
vt 0.272500 0.938800
vt 0.245500 0.936600
vt 0.865600 0.965200
vt 0.865800 0.960900
vt 0.865400 0.961100
vt 0.868700 0.960900
vt 0.868900 0.965200
vt 0.869000 0.961100
vt 0.867800 0.965200
vt 0.867900 0.961100
vt 0.867600 0.961200
vt 0.868700 0.961100
vt 0.869000 0.961200
vt 0.865800 0.961000
vt 0.865400 0.961200
vt 0.866500 0.961000
vt 0.866700 0.965200
vt 0.866800 0.961200
vt 0.865800 0.961100
vt 0.866500 0.961100
vt 0.866900 0.961000
vt 0.866500 0.961200
vt 0.865400 0.961000
vt 0.865800 0.961200
vt 0.868700 0.961000
vt 0.867900 0.961000
vt 0.867600 0.961100
vt 0.866900 0.961100
vt 0.868000 0.960900
vt 0.866900 0.960900
vt 0.865400 0.960900
vt 0.869000 0.960900
vt 0.868700 0.961200
vt 0.869000 0.961000
vt 0.867900 0.961200
vt 0.867600 0.961000
vt 0.867600 0.960900
vt 0.867900 0.960900
vt 0.332000 0.922900
vt 0.332000 0.853300
vt 0.406300 0.922900
vt 0.406300 0.853300
vt 0.480600 0.853300
vt 0.480600 0.922900
vt 0.332000 0.992600
vt 0.406300 0.992600
vt 0.480600 0.992600
vt 0.136000 0.695600
vt 0.136000 0.774100
vt 0.143200 0.695600
vt 0.143200 0.774100
vt 0.128000 0.695600
vt 0.128000 0.774100
vt 0.135100 0.695600
vt 0.135100 0.774100
vt 0.111900 0.695600
vt 0.111900 0.774100
vt 0.119100 0.695600
vt 0.119100 0.774100
vt 0.103900 0.695600
vt 0.103900 0.774100
vt 0.111000 0.695600
vt 0.111000 0.774100
vt 0.119900 0.750500
vt 0.127900 0.734900
vt 0.119900 0.734900
vt 0.127900 0.750500
vt 0.119900 0.695600
vt 0.127900 0.711200
vt 0.127900 0.695600
vt 0.119900 0.711200
vt 0.437500 0.972700
vt 0.437500 0.976300
vt 0.437500 0.974500
vt 0.432500 0.976300
vt 0.435000 0.976300
vt 0.432500 0.972700
vt 0.432500 0.974500
vt 0.435000 0.974500
vt 0.433800 0.975400
vt 0.436200 0.975400
vt 0.436200 0.973600
vt 0.435000 0.972700
vt 0.433800 0.973600
vt 0.412400 0.972700
vt 0.412400 0.976300
vt 0.412400 0.974500
vt 0.407500 0.976300
vt 0.409900 0.976300
vt 0.407500 0.972700
vt 0.407500 0.974500
vt 0.409900 0.974500
vt 0.408700 0.975400
vt 0.411200 0.975400
vt 0.411200 0.973600
vt 0.409900 0.972700
vt 0.408700 0.973600
vt 0.411900 0.958400
vt 0.411900 0.962000
vt 0.411900 0.960200
vt 0.407000 0.962000
vt 0.407000 0.958400
vt 0.407000 0.960200
vt 0.409500 0.960200
vt 0.408200 0.961100
vt 0.409500 0.962000
vt 0.410700 0.961100
vt 0.410700 0.959300
vt 0.409500 0.958400
vt 0.408200 0.959300
vt 0.436600 0.958400
vt 0.436600 0.962000
vt 0.436600 0.960200
vt 0.431700 0.962000
vt 0.431700 0.958400
vt 0.431700 0.960200
vt 0.434200 0.960200
vt 0.432900 0.961100
vt 0.434200 0.962000
vt 0.435400 0.961100
vt 0.435400 0.959300
vt 0.434200 0.958400
vt 0.432900 0.959300
vt 0.436200 0.944000
vt 0.436200 0.947600
vt 0.436200 0.945800
vt 0.431300 0.947600
vt 0.431300 0.944000
vt 0.431300 0.945800
vt 0.433700 0.945800
vt 0.432500 0.946700
vt 0.433700 0.947600
vt 0.435000 0.946700
vt 0.435000 0.944900
vt 0.433700 0.944000
vt 0.432500 0.944900
vt 0.411900 0.944000
vt 0.411900 0.947600
vt 0.411900 0.945800
vt 0.407000 0.947600
vt 0.407000 0.944000
vt 0.407000 0.945800
vt 0.409500 0.945800
vt 0.408200 0.946700
vt 0.409500 0.947600
vt 0.410700 0.946700
vt 0.410700 0.944900
vt 0.409500 0.944000
vt 0.408200 0.944900
vt 0.411400 0.929700
vt 0.411400 0.933300
vt 0.411400 0.931500
vt 0.406500 0.933300
vt 0.406500 0.929700
vt 0.406500 0.931500
vt 0.409000 0.931500
vt 0.407700 0.932400
vt 0.409000 0.933300
vt 0.410200 0.932400
vt 0.410200 0.930600
vt 0.409000 0.929700
vt 0.407700 0.930600
vt 0.436200 0.929700
vt 0.436200 0.933300
vt 0.436200 0.931500
vt 0.431300 0.933300
vt 0.431300 0.929700
vt 0.431300 0.931500
vt 0.433700 0.931500
vt 0.432500 0.932400
vt 0.433700 0.933300
vt 0.435000 0.932400
vt 0.435000 0.930600
vt 0.433700 0.929700
vt 0.432500 0.930600
vt 0.411400 0.915300
vt 0.411400 0.918900
vt 0.411400 0.917100
vt 0.406500 0.918900
vt 0.406500 0.915300
vt 0.406500 0.917100
vt 0.409000 0.917100
vt 0.407700 0.918000
vt 0.409000 0.918900
vt 0.410200 0.918000
vt 0.410200 0.916200
vt 0.409000 0.915300
vt 0.407700 0.916200
vt 0.436200 0.915300
vt 0.436200 0.918900
vt 0.436200 0.917100
vt 0.431300 0.918900
vt 0.431300 0.915300
vt 0.431300 0.917100
vt 0.433700 0.917100
vt 0.432500 0.918000
vt 0.433700 0.918900
vt 0.435000 0.918000
vt 0.435000 0.916200
vt 0.433700 0.915300
vt 0.432500 0.916200
vt 0.436200 0.901000
vt 0.436200 0.904500
vt 0.436200 0.902700
vt 0.431300 0.904500
vt 0.431300 0.901000
vt 0.431300 0.902700
vt 0.433700 0.902700
vt 0.432500 0.903600
vt 0.433700 0.904500
vt 0.435000 0.903600
vt 0.435000 0.901800
vt 0.433700 0.901000
vt 0.432500 0.901800
vt 0.411400 0.901000
vt 0.411400 0.904500
vt 0.411400 0.902700
vt 0.406500 0.904500
vt 0.406500 0.901000
vt 0.406500 0.902700
vt 0.409000 0.902700
vt 0.407700 0.903600
vt 0.409000 0.904500
vt 0.410200 0.903600
vt 0.410200 0.901800
vt 0.409000 0.901000
vt 0.407700 0.901800
vt 0.436200 0.886600
vt 0.436200 0.890200
vt 0.436200 0.888400
vt 0.431300 0.890200
vt 0.431300 0.886600
vt 0.431300 0.888400
vt 0.433700 0.888400
vt 0.432500 0.889300
vt 0.433700 0.890200
vt 0.435000 0.889300
vt 0.435000 0.887500
vt 0.433700 0.886600
vt 0.432500 0.887500
vt 0.411400 0.886600
vt 0.411400 0.890200
vt 0.411400 0.888400
vt 0.406500 0.890200
vt 0.406500 0.886600
vt 0.406500 0.888400
vt 0.409000 0.888400
vt 0.407700 0.889300
vt 0.409000 0.890200
vt 0.410200 0.889300
vt 0.410200 0.887500
vt 0.409000 0.886600
vt 0.407700 0.887500
vt 0.436200 0.872200
vt 0.436200 0.875800
vt 0.436200 0.874000
vt 0.431300 0.875800
vt 0.431300 0.872200
vt 0.431300 0.874000
vt 0.433700 0.874000
vt 0.432500 0.874900
vt 0.433700 0.875800
vt 0.435000 0.874900
vt 0.435000 0.873100
vt 0.433700 0.872200
vt 0.432500 0.873100
vt 0.411400 0.872200
vt 0.411400 0.875800
vt 0.411400 0.874000
vt 0.406500 0.875800
vt 0.406500 0.872200
vt 0.406500 0.874000
vt 0.409000 0.874000
vt 0.407700 0.874900
vt 0.409000 0.875800
vt 0.410200 0.874900
vt 0.410200 0.873100
vt 0.409000 0.872200
vt 0.407700 0.873100
vt 0.436200 0.857900
vt 0.436200 0.861500
vt 0.436200 0.859700
vt 0.431300 0.861500
vt 0.431300 0.857900
vt 0.431300 0.859700
vt 0.433700 0.859700
vt 0.432500 0.860600
vt 0.433700 0.861500
vt 0.435000 0.860600
vt 0.435000 0.858800
vt 0.433700 0.857900
vt 0.432500 0.858800
vt 0.411400 0.857900
vt 0.411400 0.861500
vt 0.411400 0.859700
vt 0.406500 0.861500
vt 0.406500 0.857900
vt 0.406500 0.859700
vt 0.409000 0.859700
vt 0.407700 0.860600
vt 0.409000 0.861500
vt 0.410200 0.860600
vt 0.410200 0.858800
vt 0.409000 0.857900
vt 0.407700 0.858800
vt 0.437500 0.969200
vt 0.437500 0.971000
vt 0.432500 0.969200
vt 0.432500 0.971000
vt 0.435000 0.971000
vt 0.433800 0.971900
vt 0.436200 0.971900
vt 0.436200 0.970100
vt 0.435000 0.969200
vt 0.433800 0.970100
vt 0.412400 0.969200
vt 0.412400 0.971000
vt 0.407500 0.969200
vt 0.407500 0.971000
vt 0.409900 0.971000
vt 0.408700 0.971900
vt 0.411200 0.971900
vt 0.411200 0.970100
vt 0.409900 0.969200
vt 0.408700 0.970100
vt 0.411900 0.954800
vt 0.411900 0.956600
vt 0.407000 0.954800
vt 0.407000 0.956600
vt 0.409500 0.956600
vt 0.408200 0.957500
vt 0.410700 0.957500
vt 0.410700 0.955700
vt 0.409500 0.954800
vt 0.408200 0.955700
vt 0.436600 0.954800
vt 0.436600 0.956600
vt 0.431700 0.954800
vt 0.431700 0.956600
vt 0.434200 0.956600
vt 0.432900 0.957500
vt 0.435400 0.957500
vt 0.435400 0.955700
vt 0.434200 0.954800
vt 0.432900 0.955700
vt 0.436200 0.940400
vt 0.436200 0.942200
vt 0.431300 0.940400
vt 0.431300 0.942200
vt 0.433700 0.942200
vt 0.432500 0.943100
vt 0.435000 0.943100
vt 0.435000 0.941300
vt 0.433700 0.940400
vt 0.432500 0.941300
vt 0.411900 0.940400
vt 0.411900 0.942200
vt 0.407000 0.940400
vt 0.407000 0.942200
vt 0.409500 0.942200
vt 0.408200 0.943100
vt 0.410700 0.943100
vt 0.410700 0.941300
vt 0.409500 0.940400
vt 0.408200 0.941300
vt 0.436200 0.926100
vt 0.436200 0.927900
vt 0.431300 0.926100
vt 0.431300 0.927900
vt 0.433700 0.927900
vt 0.432500 0.928800
vt 0.435000 0.928800
vt 0.435000 0.927000
vt 0.433700 0.926100
vt 0.432500 0.927000
vt 0.411400 0.926100
vt 0.411400 0.927900
vt 0.406500 0.926100
vt 0.406500 0.927900
vt 0.409000 0.927900
vt 0.407700 0.928800
vt 0.410200 0.928800
vt 0.410200 0.927000
vt 0.409000 0.926100
vt 0.407700 0.927000
vt 0.436200 0.911700
vt 0.436200 0.913500
vt 0.431300 0.911700
vt 0.431300 0.913500
vt 0.433700 0.913500
vt 0.432500 0.914400
vt 0.435000 0.914400
vt 0.435000 0.912600
vt 0.433700 0.911700
vt 0.432500 0.912600
vt 0.411400 0.911700
vt 0.411400 0.913500
vt 0.406500 0.911700
vt 0.406500 0.913500
vt 0.409000 0.913500
vt 0.407700 0.914400
vt 0.410200 0.914400
vt 0.410200 0.912600
vt 0.409000 0.911700
vt 0.407700 0.912600
vt 0.436200 0.897400
vt 0.436200 0.899200
vt 0.431300 0.897400
vt 0.431300 0.899200
vt 0.433700 0.899200
vt 0.432500 0.900100
vt 0.435000 0.900100
vt 0.435000 0.898300
vt 0.433700 0.897400
vt 0.432500 0.898300
vt 0.411400 0.897400
vt 0.411400 0.899200
vt 0.406500 0.897400
vt 0.406500 0.899200
vt 0.409000 0.899200
vt 0.407700 0.900100
vt 0.410200 0.900100
vt 0.410200 0.898300
vt 0.409000 0.897400
vt 0.407700 0.898300
vt 0.436200 0.883000
vt 0.436200 0.884800
vt 0.431300 0.883000
vt 0.431300 0.884800
vt 0.433700 0.884800
vt 0.432500 0.885700
vt 0.435000 0.885700
vt 0.435000 0.883900
vt 0.433700 0.883000
vt 0.432500 0.883900
vt 0.411400 0.883000
vt 0.411400 0.884800
vt 0.406500 0.883000
vt 0.406500 0.884800
vt 0.409000 0.884800
vt 0.407700 0.885700
vt 0.410200 0.885700
vt 0.410200 0.883900
vt 0.409000 0.883000
vt 0.407700 0.883900
vt 0.436200 0.868600
vt 0.436200 0.870400
vt 0.431300 0.868600
vt 0.431300 0.870400
vt 0.433700 0.870400
vt 0.432500 0.871300
vt 0.435000 0.871300
vt 0.435000 0.869500
vt 0.433700 0.868600
vt 0.432500 0.869500
vt 0.411400 0.868600
vt 0.411400 0.870400
vt 0.406500 0.868600
vt 0.406500 0.870400
vt 0.409000 0.870400
vt 0.407700 0.871300
vt 0.410200 0.871300
vt 0.410200 0.869500
vt 0.409000 0.868600
vt 0.407700 0.869500
vt 0.436200 0.854300
vt 0.436200 0.856100
vt 0.431300 0.854300
vt 0.431300 0.856100
vt 0.433700 0.856100
vt 0.432500 0.857000
vt 0.435000 0.857000
vt 0.435000 0.855200
vt 0.433700 0.854300
vt 0.432500 0.855200
vt 0.411400 0.854300
vt 0.411400 0.856100
vt 0.406500 0.854300
vt 0.406500 0.856100
vt 0.409000 0.856100
vt 0.407700 0.857000
vt 0.410200 0.857000
vt 0.410200 0.855200
vt 0.409000 0.854300
vt 0.407700 0.855200
vt 0.437000 0.965600
vt 0.437000 0.969200
vt 0.437000 0.967400
vt 0.432100 0.969200
vt 0.432100 0.965600
vt 0.432100 0.967400
vt 0.434600 0.967400
vt 0.433300 0.968300
vt 0.434600 0.969200
vt 0.435800 0.968300
vt 0.435800 0.966500
vt 0.434600 0.965600
vt 0.433300 0.966500
vt 0.412400 0.965600
vt 0.412400 0.967400
vt 0.407500 0.965600
vt 0.407500 0.967400
vt 0.409900 0.967400
vt 0.408700 0.968300
vt 0.411200 0.968300
vt 0.411200 0.966500
vt 0.409900 0.965600
vt 0.408700 0.966500
vt 0.436600 0.951200
vt 0.436600 0.953000
vt 0.431700 0.951200
vt 0.431700 0.953000
vt 0.434200 0.953000
vt 0.432900 0.953900
vt 0.435400 0.953900
vt 0.435400 0.952100
vt 0.434200 0.951200
vt 0.432900 0.952100
vt 0.411900 0.951200
vt 0.411900 0.953000
vt 0.407000 0.951200
vt 0.407000 0.953000
vt 0.409500 0.953000
vt 0.408200 0.953900
vt 0.410700 0.953900
vt 0.410700 0.952100
vt 0.409500 0.951200
vt 0.408200 0.952100
vt 0.436200 0.936800
vt 0.436200 0.938600
vt 0.431300 0.936800
vt 0.431300 0.938600
vt 0.433700 0.938600
vt 0.432500 0.939500
vt 0.435000 0.939500
vt 0.435000 0.937700
vt 0.433700 0.936800
vt 0.432500 0.937700
vt 0.411900 0.936800
vt 0.411900 0.938600
vt 0.407000 0.936800
vt 0.407000 0.938600
vt 0.409500 0.938600
vt 0.408200 0.939500
vt 0.410700 0.939500
vt 0.410700 0.937700
vt 0.409500 0.936800
vt 0.408200 0.937700
vt 0.436200 0.922500
vt 0.436200 0.924300
vt 0.431300 0.922500
vt 0.431300 0.924300
vt 0.433700 0.924300
vt 0.432500 0.925200
vt 0.435000 0.925200
vt 0.435000 0.923400
vt 0.433700 0.922500
vt 0.432500 0.923400
vt 0.411400 0.922500
vt 0.411400 0.924300
vt 0.406500 0.922500
vt 0.406500 0.924300
vt 0.409000 0.924300
vt 0.407700 0.925200
vt 0.410200 0.925200
vt 0.410200 0.923400
vt 0.409000 0.922500
vt 0.407700 0.923400
vt 0.436200 0.908100
vt 0.436200 0.909900
vt 0.431300 0.908100
vt 0.431300 0.909900
vt 0.433700 0.909900
vt 0.432500 0.910800
vt 0.435000 0.910800
vt 0.435000 0.909000
vt 0.433700 0.908100
vt 0.432500 0.909000
vt 0.411400 0.908100
vt 0.411400 0.909900
vt 0.406500 0.908100
vt 0.406500 0.909900
vt 0.409000 0.909900
vt 0.407700 0.910800
vt 0.410200 0.910800
vt 0.410200 0.909000
vt 0.409000 0.908100
vt 0.407700 0.909000
vt 0.436200 0.893800
vt 0.436200 0.895600
vt 0.431300 0.893800
vt 0.431300 0.895600
vt 0.433700 0.895600
vt 0.432500 0.896500
vt 0.435000 0.896500
vt 0.435000 0.894700
vt 0.433700 0.893800
vt 0.432500 0.894700
vt 0.411400 0.893800
vt 0.411400 0.895600
vt 0.406500 0.893800
vt 0.406500 0.895600
vt 0.409000 0.895600
vt 0.407700 0.896500
vt 0.410200 0.896500
vt 0.410200 0.894700
vt 0.409000 0.893800
vt 0.407700 0.894700
vt 0.436200 0.879400
vt 0.436200 0.881200
vt 0.431300 0.879400
vt 0.431300 0.881200
vt 0.433700 0.881200
vt 0.432500 0.882100
vt 0.435000 0.882100
vt 0.435000 0.880300
vt 0.433700 0.879400
vt 0.432500 0.880300
vt 0.411400 0.879400
vt 0.411400 0.881200
vt 0.406500 0.879400
vt 0.406500 0.881200
vt 0.409000 0.881200
vt 0.407700 0.882100
vt 0.410200 0.882100
vt 0.410200 0.880300
vt 0.409000 0.879400
vt 0.407700 0.880300
vt 0.436200 0.865100
vt 0.436200 0.866800
vt 0.431300 0.865100
vt 0.431300 0.866800
vt 0.433700 0.866800
vt 0.432500 0.867700
vt 0.435000 0.867700
vt 0.435000 0.865900
vt 0.433700 0.865100
vt 0.432500 0.865900
vt 0.411400 0.865100
vt 0.411400 0.866800
vt 0.406500 0.865100
vt 0.406500 0.866800
vt 0.409000 0.866800
vt 0.407700 0.867700
vt 0.410200 0.867700
vt 0.410200 0.865900
vt 0.409000 0.865100
vt 0.407700 0.865900
vt 0.436200 0.850700
vt 0.436200 0.852500
vt 0.431300 0.850700
vt 0.431300 0.852500
vt 0.433700 0.852500
vt 0.432500 0.853400
vt 0.435000 0.853400
vt 0.435000 0.851600
vt 0.433700 0.850700
vt 0.432500 0.851600
vt 0.411400 0.850700
vt 0.411400 0.852500
vt 0.406500 0.850700
vt 0.406500 0.852500
vt 0.409000 0.852500
vt 0.407700 0.853400
vt 0.410200 0.853400
vt 0.410200 0.851600
vt 0.409000 0.850700
vt 0.407700 0.851600
vt 0.437000 0.962000
vt 0.437000 0.963800
vt 0.432100 0.962000
vt 0.432100 0.963800
vt 0.434600 0.963800
vt 0.433300 0.964700
vt 0.435800 0.964700
vt 0.435800 0.962900
vt 0.434600 0.962000
vt 0.433300 0.962900
vt 0.412400 0.962000
vt 0.412400 0.963800
vt 0.407500 0.962000
vt 0.407500 0.963800
vt 0.409900 0.963800
vt 0.408700 0.964700
vt 0.411200 0.964700
vt 0.411200 0.962900
vt 0.409900 0.962000
vt 0.408700 0.962900
vt 0.436600 0.947600
vt 0.436600 0.949400
vt 0.431700 0.947600
vt 0.431700 0.949400
vt 0.434200 0.949400
vt 0.432900 0.950300
vt 0.435400 0.950300
vt 0.435400 0.948500
vt 0.434200 0.947600
vt 0.432900 0.948500
vt 0.411900 0.949400
vt 0.407000 0.949400
vt 0.409500 0.949400
vt 0.408200 0.950300
vt 0.410700 0.950300
vt 0.410700 0.948500
vt 0.408200 0.948500
vt 0.436200 0.935100
vt 0.431300 0.935100
vt 0.433700 0.935100
vt 0.432500 0.936000
vt 0.435000 0.936000
vt 0.435000 0.934200
vt 0.432500 0.934200
vt 0.411900 0.933300
vt 0.411900 0.935100
vt 0.407000 0.933300
vt 0.407000 0.935100
vt 0.409500 0.935100
vt 0.408200 0.936000
vt 0.410700 0.936000
vt 0.410700 0.934200
vt 0.409500 0.933300
vt 0.408200 0.934200
vt 0.436200 0.920700
vt 0.431300 0.920700
vt 0.433700 0.920700
vt 0.432500 0.921600
vt 0.435000 0.921600
vt 0.435000 0.919800
vt 0.432500 0.919800
vt 0.411400 0.920700
vt 0.406500 0.920700
vt 0.409000 0.920700
vt 0.407700 0.921600
vt 0.410200 0.921600
vt 0.410200 0.919800
vt 0.407700 0.919800
vt 0.436200 0.906300
vt 0.431300 0.906300
vt 0.433700 0.906300
vt 0.432500 0.907200
vt 0.435000 0.907200
vt 0.435000 0.905400
vt 0.432500 0.905400
vt 0.411400 0.906300
vt 0.406500 0.906300
vt 0.409000 0.906300
vt 0.407700 0.907200
vt 0.410200 0.907200
vt 0.410200 0.905400
vt 0.407700 0.905400
vt 0.436200 0.892000
vt 0.431300 0.892000
vt 0.433700 0.892000
vt 0.432500 0.892900
vt 0.435000 0.892900
vt 0.435000 0.891100
vt 0.432500 0.891100
vt 0.411400 0.892000
vt 0.406500 0.892000
vt 0.409000 0.892000
vt 0.407700 0.892900
vt 0.410200 0.892900
vt 0.410200 0.891100
vt 0.407700 0.891100
vt 0.436200 0.877600
vt 0.431300 0.877600
vt 0.433700 0.877600
vt 0.432500 0.878500
vt 0.435000 0.878500
vt 0.435000 0.876700
vt 0.432500 0.876700
vt 0.411400 0.877600
vt 0.406500 0.877600
vt 0.409000 0.877600
vt 0.407700 0.878500
vt 0.410200 0.878500
vt 0.410200 0.876700
vt 0.407700 0.876700
vt 0.436200 0.863300
vt 0.431300 0.863300
vt 0.433700 0.863300
vt 0.432500 0.864200
vt 0.435000 0.864200
vt 0.435000 0.862400
vt 0.432500 0.862400
vt 0.411400 0.863300
vt 0.406500 0.863300
vt 0.409000 0.863300
vt 0.407700 0.864200
vt 0.410200 0.864200
vt 0.410200 0.862400
vt 0.407700 0.862400
vt 0.431300 0.847100
vt 0.436200 0.847100
vt 0.433700 0.847100
vt 0.436200 0.848900
vt 0.431300 0.848900
vt 0.433700 0.848900
vt 0.432500 0.849800
vt 0.435000 0.849800
vt 0.435000 0.848000
vt 0.432500 0.848000
vt 0.406500 0.847100
vt 0.411400 0.847100
vt 0.409000 0.847100
vt 0.411400 0.848900
vt 0.406500 0.848900
vt 0.409000 0.848900
vt 0.407700 0.849800
vt 0.410200 0.849800
vt 0.410200 0.848000
vt 0.407700 0.848000
vt 0.406700 0.933300
vt 0.409700 0.962000
vt 0.409600 0.962000
vt 0.407200 0.962000
vt 0.409800 0.962000
vt 0.412200 0.962000
vt 0.436800 0.962000
vt 0.434400 0.962000
vt 0.409200 0.933300
vt 0.997300 0.004500
vt 0.998300 0.199700
vt 0.038800 0.006400
vt 0.039800 0.201600
vt 0.344900 0.334000
vt 0.345400 0.478900
vt 0.971800 0.333700
vt 0.972300 0.478700
vt 0.363200 0.901900
vt 0.339500 0.901900
vt 0.339500 0.858800
vt 0.363200 0.987000
vt 0.339500 0.945400
vt 0.363200 0.945400
vt 0.387100 0.901900
vt 0.363200 0.858800
vt 0.387100 0.987000
vt 0.387100 0.945400
vt 0.410000 0.901900
vt 0.387100 0.858800
vt 0.410000 0.945400
vt 0.410000 0.987000
vt 0.433700 0.901900
vt 0.410000 0.858800
vt 0.433700 0.945400
vt 0.433700 0.987000
vt 0.457700 0.901900
vt 0.433700 0.858800
vt 0.457700 0.945400
vt 0.457700 0.987000
vt 0.480600 0.901900
vt 0.457700 0.858800
vt 0.480600 0.945400
vt 0.480600 0.987000
vt 0.001900 0.998600
vt 1.000000 0.578700
vt 1.000000 0.998600
vt 0.001900 0.578700
vt 0.005700 0.579300
vt 0.997300 0.148600
vt 0.997300 0.579300
vt 0.005700 0.148600
vt 0.698400 0.779200
vt 0.031800 0.649200
vt 0.668800 0.816400
vt 0.728100 0.779200
vt 0.772500 0.723500
vt 0.965100 0.723500
vt 0.965100 0.649200
vt 0.031800 0.816400
vt 0.958300 0.329100
vt 0.969400 0.176600
vt 0.871400 0.327200
vt 0.891300 0.176600
vt 0.809300 0.328700
vt 0.826400 0.176400
vt 0.709000 0.326700
vt 0.717600 0.176400
vt 0.294200 0.325600
vt 0.295800 0.175600
vt 0.075800 0.324800
vt 0.118800 0.175600
vt 0.055600 0.338300
vt 0.071400 0.178100
vt 0.990700 0.338300
vt 0.974900 0.178100
vt 0.991300 0.336000
vt 0.947700 0.182200
vt 0.487100 0.336700
vt 0.542500 0.182800
vt 0.053800 0.332300
vt 0.076900 0.181800
vt 0.990700 0.332300
vt 0.981100 0.181800
vt 0.379200 0.166800
vt 0.378700 0.007800
vt 0.231500 0.166700
vt 0.236600 0.007700
vt 0.500600 0.166100
vt 0.496400 0.008900
vt 0.560700 0.166000
vt 0.560200 0.008900
vt 0.623300 0.164600
vt 0.621600 0.008700
vt 0.793300 0.166900
vt 0.800300 0.008500
vt 0.077600 0.165100
vt 0.081000 0.008800
vt 0.005600 0.166300
vt 0.008700 0.008100
vt 0.125300 0.165300
vt 0.122200 0.008900
vt 0.065700 1.000000
vt 0.045500 0.994400
vt 0.151500 0.338900
vt 0.717500 0.164000
vt 0.763500 0.091200
vt 0.900700 0.164900
vt 0.809100 0.009800
vt 0.346200 0.164700
vt 0.506600 0.164900
vt 0.458900 0.014400
vt 0.080800 0.950000
vt 0.456400 0.016000
vt 0.507100 0.164600
vt 0.398200 0.098200
vt 0.343300 0.164700
vt 0.809900 0.008800
vt 0.853500 0.089900
vt 0.714700 0.164000
vt 0.897800 0.164900
vt 0.171100 0.749600
vt 0.171100 0.642100
vt 0.606400 0.642100
vt 0.197300 0.568500
vt 0.186500 0.745300
vt 0.104600 0.744200
vt 0.212900 0.742200
vt 0.257900 0.565900
vt 0.242300 0.741300
vt 0.307600 0.735700
vt 0.453800 0.723500
vt 0.462400 0.854600
vt 0.405200 0.852900
vt 0.495700 0.722200
vt 0.504100 0.854500
vt 0.526400 0.856200
vt 0.575800 0.731400
vt 0.565400 0.847600
vt 0.677200 0.855700
vt 0.710600 0.715600
vt 0.719700 0.862800
vt 0.781100 0.701800
vt 0.793800 0.874600
vt 0.811800 0.699400
vt 0.847700 0.880500
vt 0.748700 0.965200
vt 0.788500 0.882800
vt 0.379000 0.883400
vt 0.789300 0.964900
vt 0.805700 0.883200
vt 0.826500 0.966700
vt 0.820700 0.884600
vt 0.837600 0.887300
vt 0.845400 0.967300
vt 0.864600 0.887600
vt 0.863000 0.966600
vt 0.880700 0.888200
vt 0.898000 0.969500
vt 0.898800 0.889200
vt 0.922100 0.889400
vt 0.941800 0.971000
vt 0.932700 0.890100
vt 0.979600 0.977000
vt 0.981000 0.893700
vt 0.986500 0.891600
vt 0.490100 0.521900
vt 0.510200 0.680600
vt 0.463000 0.680100
vt 0.524400 0.521500
vt 0.593300 0.677300
vt 0.736400 0.510300
vt 0.767500 0.676500
vt 0.802200 0.509000
vt 0.826900 0.672000
vt 0.837200 0.672200
vt 0.971200 0.674400
vt 0.004200 0.824500
vt 0.018300 0.730000
vt 0.004700 0.729100
vt 0.020100 0.824700
vt 0.089900 0.736800
vt 0.362100 0.831500
vt 0.353500 0.743300
vt 0.403000 0.831400
vt 0.456600 0.745100
vt 0.567000 0.848100
vt 0.526700 0.745700
vt 0.547300 0.744400
vt 0.065600 0.643900
vt 0.177100 0.753800
vt 0.080800 0.754800
vt 0.273200 0.636300
vt 0.216300 0.756100
vt 0.322700 0.631900
vt 0.251400 0.751600
vt 0.313500 0.752400
vt 0.340300 0.624300
vt 0.339300 0.752300
vt 0.402900 0.631400
vt 0.426500 0.737800
vt 0.464400 0.634600
vt 0.469500 0.740400
vt 0.496900 0.739100
vt 0.521300 0.628500
vt 0.522300 0.738300
vt 0.554400 0.623900
vt 0.558500 0.735100
vt 0.082900 0.743700
vt 0.098800 0.596200
vt 0.040100 0.608400
vt 0.152300 0.742900
vt 0.138100 0.595000
vt 0.173100 0.592200
vt 0.213300 0.593100
vt 0.277200 0.745900
vt 0.248500 0.591700
vt 0.327300 0.591100
vt 0.344900 0.589300
vt 0.348400 0.741000
vt 0.401800 0.592400
vt 0.421700 0.739500
vt 0.446300 0.592500
vt 0.466900 0.743200
vt 0.484000 0.592100
vt 0.528900 0.747600
vt 0.593600 0.591400
vt 0.637400 0.752600
vt 0.632800 0.587100
vt 0.152100 0.831100
vt 0.176700 0.670500
vt 0.112900 0.673500
vt 0.214600 0.672800
vt 0.278100 0.824500
vt 0.240500 0.670700
vt 0.296900 0.667500
vt 0.327000 0.664100
vt 0.526600 0.825600
vt 0.594600 0.669400
vt 0.568400 0.668800
vt 0.654300 0.819300
vt 0.635700 0.665900
vt 0.662000 0.668200
vt 0.720400 0.666100
vt 0.277800 0.792400
vt 0.525600 0.606700
vt 0.218400 0.598500
vt 0.591200 0.785600
vt 0.548400 0.608900
vt 0.625700 0.795900
vt 0.727800 0.596700
vt 0.225900 0.765900
vt 0.274000 0.597100
vt 0.254500 0.580100
vt 0.245400 0.754900
vt 0.312300 0.621200
vt 0.877100 0.638200
vt 0.963500 0.782100
vt 0.915400 0.617300
vt 0.424300 0.748300
vt 0.509900 0.653000
vt 0.456800 0.649600
vt 0.515300 0.770500
vt 0.670300 0.652000
vt 0.039500 0.743500
vt 0.039700 0.785100
vt 0.673800 0.787100
vt 0.686100 0.743500
vt 0.884000 0.761900
vt 0.966700 0.644500
vt 0.704700 0.649500
vt 0.411900 0.793600
vt 0.429900 0.729000
vt 0.422500 0.730700
vt 0.462300 0.784900
vt 0.467300 0.730700
vt 0.594300 0.795800
vt 0.564200 0.733900
vt 0.527300 0.725200
vt 0.573200 0.731800
vt 0.579600 0.731100
vt 0.584400 0.729400
vt 0.600300 0.731800
vt 0.360200 0.708900
vt 0.360200 0.842300
vt 0.330600 0.875700
vt 0.507900 0.708900
vt 0.507900 0.842300
vt 0.537500 0.742200
vt 0.537500 0.809000
vt 0.759100 0.742200
vt 0.759100 0.809000
vt 0.330600 0.675500
vt 0.823100 0.724500
vt 0.658100 0.796500
vt 0.825500 0.793600
vt 0.525600 0.788200
vt 0.922200 0.761600
vt 0.467800 0.763400
vt 0.758900 0.782400
vt 0.492900 0.787700
vt 0.738100 0.814700
vt 0.355400 0.818000
vt 0.580400 0.745100
vt 0.564500 0.742600
vt 0.486700 0.741000
vt 0.367600 0.739800
vt 0.321100 0.743500
vt 0.234900 0.637500
vt 0.579100 0.849000
vt 0.383300 0.831700
vt 0.996900 0.504400
vt 0.409200 0.536400
vt 0.406500 0.538600
vt 0.408000 0.616900
vt 0.367000 0.967200
vt 0.846500 0.704800
vt 0.869900 0.702900
vt 0.745500 0.710400
vt 0.146800 0.571300
vt 0.650000 0.749600
vt 0.964600 0.899900
vt 0.931200 0.906600
vt 0.932900 0.797300
vt 0.407700 0.773100
vt 0.409700 0.724200
vt 0.303500 0.567900
vt 0.318200 0.567000
vt 0.287900 0.568600
vt 0.328000 0.880800
vt 0.400800 0.798200
vt 0.353500 0.907200
vt 0.292000 0.798100
vt 0.309900 0.852900
vt 0.328500 0.568000
vt 0.307600 0.735800
vt 0.334300 0.714500
vt 0.356900 0.908800
vt 0.892000 0.814300
vt 0.888700 0.905700
vt 0.852700 0.906100
vt 0.220700 0.905400
vt 0.720000 0.676600
vt 0.907400 0.909000
vt 0.864700 0.666500
vt 0.894700 0.661600
vt 0.915700 0.660400
vt 0.837200 0.671300
vt 0.396000 0.685000
vt 0.725000 0.901800
vt 0.458600 0.677200
vt 0.898800 0.684900
vt 0.553700 0.710000
vt 0.483200 0.715200
vt 0.436600 0.713700
vt 0.485700 0.901000
vt 0.387400 0.715600
vt 0.367500 0.716900
vt 0.352200 0.715900
vt 0.922800 0.871500
vt 0.965800 0.707900
vt 0.410500 0.902700
vt 0.112300 0.180100
vt 0.056200 0.334500
vt 0.609900 0.180400
vt 0.676400 0.336500
vt 0.062700 0.338400
vt 0.091700 0.187000
vt 0.968500 0.332800
vt 0.975200 0.181800
vt 0.970900 0.278900
vt 0.987900 0.178300
vt 0.983300 0.339100
vt 0.858700 0.178300
vt 0.856500 0.339100
vt 0.968400 0.178300
vt 0.960500 0.338100
vt 0.867500 0.178200
vt 0.862400 0.338100
vt 0.761200 0.178300
vt 0.754500 0.338100
vt 0.640000 0.178300
vt 0.637200 0.339100
vt 0.407400 0.178300
vt 0.410700 0.338100
vt 0.528600 0.178300
vt 0.526400 0.339100
vt 0.424300 0.178300
vt 0.421700 0.337200
vt 0.195400 0.178300
vt 0.194200 0.339100
vt 0.297800 0.178300
vt 0.301200 0.338200
vt 0.601400 0.179000
vt 0.604100 0.335100
vt 0.580900 0.179100
vt 0.583500 0.335100
vt 0.525000 0.179100
vt 0.528000 0.335100
vt 0.857600 0.179100
vt 0.859300 0.335100
vt 0.759400 0.179000
vt 0.758200 0.335100
vt 0.650100 0.179000
vt 0.648700 0.335100
vt 0.306000 0.179100
vt 0.299100 0.335100
vt 0.196800 0.179100
vt 0.198400 0.335100
vt 0.074600 0.179100
vt 0.072400 0.335100
vt 0.756800 0.179000
vt 0.757900 0.335100
vt 0.966900 0.183300
vt 0.966700 0.333300
vt 0.858900 0.183600
vt 0.858700 0.332700
vt 0.968800 0.184300
vt 0.968900 0.333700
vt 0.751300 0.184300
vt 0.751300 0.333700
vt 0.645100 0.184100
vt 0.645200 0.333800
vt 0.859500 0.184300
vt 0.860400 0.334000
vt 0.753500 0.183900
vt 0.753700 0.334100
vt 0.695600 0.183800
vt 0.695800 0.334000
vt 0.587700 0.184300
vt 0.587900 0.333900
vt 0.473900 0.184000
vt 0.474100 0.333900
vt 0.197300 0.184500
vt 0.197200 0.333700
vt 0.311400 0.184300
vt 0.311100 0.333700
vt 0.417500 0.184300
vt 0.417600 0.333700
vt 0.645300 0.184300
vt 0.645400 0.333700
vt 0.971400 0.184400
vt 0.970300 0.332700
vt 0.865400 0.184400
vt 0.863900 0.332700
vt 0.749500 0.184400
vt 0.746300 0.332700
vt 0.640300 0.184400
vt 0.641400 0.332700
vt 0.536600 0.184400
vt 0.536700 0.332700
vt 0.749300 0.332600
vt 0.535700 0.184400
vt 0.535400 0.332600
vt 0.644300 0.184400
vt 0.644200 0.332700
vt 0.527300 0.184400
vt 0.525600 0.332600
vt 0.422200 0.184400
vt 0.422600 0.332600
vt 0.306200 0.184400
vt 0.306800 0.332600
vt 0.423100 0.184400
vt 0.423000 0.332500
vt 0.305300 0.184400
vt 0.305000 0.332500
vt 0.424900 0.184400
vt 0.423200 0.333100
vt 0.621600 0.184400
vt 0.623400 0.331900
vt 0.542700 0.184400
vt 0.542400 0.331400
vt 0.422600 0.184400
vt 0.424400 0.332000
vt 0.300500 0.184400
vt 0.304800 0.331400
vt 0.472400 0.184400
vt 0.472800 0.331700
vt 0.527900 0.182600
vt 0.530100 0.333700
vt 0.415000 0.182600
vt 0.415200 0.333100
vt 0.309100 0.182600
vt 0.309000 0.333300
vt 0.196800 0.182600
vt 0.197700 0.333300
vt 0.090000 0.182600
vt 0.090200 0.333400
vt 0.858700 0.182600
vt 0.859300 0.332700
vt 0.968200 0.182400
vt 0.969800 0.333400
vt 0.858900 0.182400
vt 0.859900 0.335300
vt 0.415000 0.182500
vt 0.414300 0.335500
vt 0.305100 0.182600
vt 0.306300 0.335500
vt 0.199400 0.182700
vt 0.194000 0.333800
vt 0.975400 0.184700
vt 0.975900 0.332600
vt 0.086300 0.185200
vt 0.086600 0.333700
vt 0.196800 0.186900
vt 0.195000 0.330100
vt 0.306100 0.185100
vt 0.305000 0.333800
vt 0.777700 0.183800
vt 0.707900 0.333600
vt 0.855200 0.180900
vt 0.796100 0.334500
vt 0.975500 0.184600
vt 0.971800 0.334100
vt 0.972100 0.185200
vt 0.963300 0.336600
vt 0.089700 0.182800
vt 0.087800 0.336600
vt 0.093400 0.184600
vt 0.085500 0.336000
vt 0.512700 0.186500
vt 0.512300 0.332800
vt 0.972700 0.186800
vt 0.972700 0.333500
vt 0.862600 0.186800
vt 0.862700 0.333400
vt 0.744500 0.186800
vt 0.745800 0.333400
vt 0.529300 0.183300
vt 0.532100 0.331300
vt 0.423200 0.187100
vt 0.427800 0.333200
vt 0.300700 0.183100
vt 0.305700 0.333200
vt 0.090500 0.186700
vt 0.093000 0.333200
vt 0.185900 0.186600
vt 0.188200 0.333100
vt 0.363700 0.186600
vt 0.362900 0.331300
vt 0.970600 0.186500
vt 0.983200 0.335000
vt 0.853900 0.188400
vt 0.870600 0.333200
vt 0.530300 0.188400
vt 0.531100 0.335000
vt 0.424600 0.188400
vt 0.429600 0.333200
vt 0.427900 0.182900
vt 0.424800 0.331300
vt 0.308500 0.183700
vt 0.308700 0.333500
vt 0.833800 0.182800
vt 0.861500 0.333200
vt 0.745600 0.183600
vt 0.746800 0.333300
vt 0.861200 0.183600
vt 0.860400 0.334200
vt 0.531500 0.183600
vt 0.530700 0.333300
vt 0.641400 0.183600
vt 0.640700 0.334200
vt 0.297200 0.183700
vt 0.297000 0.333200
vt 0.195600 0.183700
vt 0.198700 0.334300
vt 0.080100 0.183700
vt 0.080200 0.333700
vt 0.425400 0.183700
vt 0.424100 0.334000
vt 0.302700 0.183700
vt 0.302100 0.334000
vt 0.195300 0.183700
vt 0.196000 0.333100
vt 0.084700 0.183700
vt 0.084000 0.333100
vt 0.858400 0.186100
vt 0.860900 0.335700
vt 0.304900 0.186100
vt 0.307500 0.335700
vt 0.198100 0.184200
vt 0.199100 0.330200
vt 0.087300 0.184200
vt 0.089500 0.337600
vt 0.971700 0.186700
vt 0.971200 0.334100
vt 0.087000 0.183900
vt 0.088500 0.334300
vt 0.197800 0.183600
vt 0.195400 0.332200
vt 0.414300 0.183300
vt 0.414500 0.334200
vt 0.526200 0.183900
vt 0.530200 0.336300
vt 0.633500 0.185300
vt 0.632700 0.333400
vt 0.087700 0.183400
vt 0.096100 0.333300
vt 0.969500 0.186000
vt 0.968800 0.335100
vt 0.861300 0.185900
vt 0.857700 0.335100
vt 0.749700 0.185900
vt 0.747700 0.333300
vt 0.417200 0.185200
vt 0.417300 0.335900
vt 0.746900 0.185500
vt 0.745400 0.336100
vt 0.859800 0.185300
vt 0.859300 0.336000
vt 0.744100 0.185200
vt 0.746100 0.335900
vt 0.639400 0.185300
vt 0.639000 0.335900
vt 0.743500 0.185300
vt 0.743800 0.335900
vt 0.859500 0.335900
vt 0.742700 0.185300
vt 0.743600 0.335900
vt 0.642200 0.185200
vt 0.641200 0.335900
vt 0.518600 0.185200
vt 0.518400 0.335900
vt 0.744600 0.185300
vt 0.745500 0.335900
vt 0.636100 0.185300
vt 0.636500 0.335900
vt 0.580500 0.185300
vt 0.580900 0.335900
vt 0.516900 0.185300
vt 0.517200 0.335900
vt 0.418000 0.185300
vt 0.418200 0.335900
vt 0.297700 0.185300
vt 0.297700 0.335900
vt 0.136000 0.185300
vt 0.137200 0.335900
vt 0.080600 0.185300
vt 0.081800 0.335900
vt 0.975100 0.185600
vt 0.974500 0.338000
vt 0.846800 0.185600
vt 0.848400 0.338000
vt 0.746300 0.185600
vt 0.747400 0.338100
vt 0.628100 0.185600
vt 0.629200 0.338100
vt 0.517700 0.185400
vt 0.518100 0.337800
vt 0.409000 0.185800
vt 0.409700 0.338400
vt 0.852100 0.185600
vt 0.851600 0.338100
vt 0.735700 0.185600
vt 0.737800 0.338000
vt 0.737500 0.185500
vt 0.297400 0.185300
vt 0.298600 0.337500
vt 0.298200 0.185400
vt 0.297300 0.337700
vt 0.199800 0.185400
vt 0.200100 0.337700
vt 0.078000 0.185300
vt 0.076000 0.337700
vt 0.074700 0.179400
vt 0.074400 0.337400
vt 0.860900 0.179500
vt 0.862400 0.337400
vt 0.744900 0.179500
vt 0.743100 0.337400
vt 0.281400 0.179500
vt 0.283000 0.337400
vt 0.208300 0.179500
vt 0.209300 0.337400
vt 0.638900 0.179500
vt 0.639900 0.337400
vt 0.522900 0.179500
vt 0.522400 0.337400
vt 0.302600 0.179500
vt 0.306500 0.337400
vt 0.186500 0.179600
vt 0.186600 0.337400
vt 0.359700 0.179500
vt 0.360600 0.337400
vt 0.586000 0.183100
vt 0.579000 0.338200
vt 0.308300 0.182900
vt 0.304800 0.336100
vt 0.421300 0.182400
vt 0.420800 0.334200
vt 0.586400 0.183100
vt 0.588900 0.334800
vt 0.696000 0.183500
vt 0.697800 0.334800
vt 0.753700 0.182300
vt 0.760100 0.335800
vt 0.869300 0.182400
vt 0.874200 0.335900
vt 0.963400 0.181900
vt 0.968600 0.334200
vt 0.972400 0.183200
vt 0.970200 0.337700
vt 0.084200 0.181900
vt 0.082000 0.336400
vt 0.077100 0.332600
vt 0.079400 0.242400
vt 0.988900 0.333400
vt 0.081000 0.181800
vt 0.959800 0.182000
vt 0.970300 0.184400
vt 0.971300 0.330900
vt 0.746400 0.186500
vt 0.746100 0.333300
vt 0.532200 0.333400
vt 0.530200 0.184200
vt 0.360200 0.178300
vt 0.361700 0.339100
vt 0.916300 0.178300
vt 0.914000 0.339100
vt 0.527600 0.178300
vt 0.527100 0.338400
vt 0.982100 0.178800
vt 0.982300 0.337400
vt 0.080300 0.177800
vt 0.080600 0.336400
vt 0.971900 0.178400
vt 0.968900 0.336100
vt 0.091000 0.178700
vt 0.088000 0.336400
vt 0.963800 0.179000
vt 0.965100 0.335100
vt 0.636700 0.179100
vt 0.641100 0.335100
vt 0.420100 0.179500
vt 0.419800 0.337400
vt 0.098600 0.179500
vt 0.098300 0.337400
vt 0.085900 0.179100
vt 0.087600 0.336700
vt 0.965900 0.181100
vt 0.967700 0.338700
vt 0.979700 0.184600
vt 0.980000 0.340100
vt 0.079700 0.184900
vt 0.081900 0.338500
vt 0.086700 0.182500
vt 0.087200 0.334200
vt 0.519600 0.183000
vt 0.522900 0.335200
vt 0.616700 0.010500
vt 0.664800 0.168300
vt 0.253700 0.010500
vt 0.213100 0.168300
vt 0.887600 0.013200
vt 0.886800 0.168700
vt 0.946000 0.011700
vt 0.945700 0.169300
vt 0.846800 0.014500
vt 0.852900 0.169100
vt 0.806000 0.012400
vt 0.802700 0.166100
vt 0.748900 0.011700
vt 0.750400 0.164900
vt 0.693700 0.014800
vt 0.691900 0.167000
vt 0.638900 0.013100
vt 0.636500 0.168100
vt 0.566700 0.012100
vt 0.565900 0.163500
vt 0.514400 0.011200
vt 0.513200 0.165700
vt 0.457500 0.011300
vt 0.460500 0.164900
vt 0.403000 0.013900
vt 0.405300 0.166100
vt 0.085400 0.010300
vt 0.084200 0.161400
vt 0.070500 0.010300
vt 0.083300 0.161400
vt 0.115100 0.010300
vt 0.107800 0.161600
vt 0.278800 0.010300
vt 0.324700 0.161600
vt 0.323500 0.010300
vt 0.372000 0.161200
vt 0.368100 0.010300
vt 0.420600 0.161400
vt 0.531100 0.010300
vt 0.536300 0.161700
vt 0.575700 0.010300
vt 0.575800 0.162000
vt 0.620200 0.010300
vt 0.616700 0.162300
vt 0.806900 0.010300
vt 0.818800 0.162300
vt 0.900100 0.010300
vt 0.870300 0.161400
vt 0.420300 0.012600
vt 0.427500 0.165500
vt 0.427200 0.165600
vt 0.494400 0.009400
vt 0.496300 0.161200
vt 0.867900 0.010200
vt 0.857400 0.161600
vt 0.895700 0.007700
vt 0.919900 0.164500
vt 0.971000 0.008300
vt 0.990100 0.164600
vt 0.845100 0.008100
vt 0.865300 0.164600
vt 0.769400 0.008300
vt 0.775200 0.164600
vt 0.693800 0.008400
vt 0.687800 0.164600
vt 0.517500 0.008000
vt 0.493300 0.164500
vt 0.467100 0.008000
vt 0.435000 0.164500
vt 0.441900 0.008200
vt 0.404900 0.164500
vt 0.402700 0.008100
vt 0.371100 0.164500
vt 0.029900 0.008000
vt 0.024400 0.166000
vt 0.017500 0.008000
vt 0.011100 0.166000
vt 0.054700 0.007800
vt 0.051500 0.166100
vt 0.092100 0.008000
vt 0.090800 0.166000
vt 0.134900 0.008100
vt 0.131500 0.166000
vt 0.200800 0.007900
vt 0.197800 0.165800
vt 0.270000 0.008800
vt 0.267000 0.165800
vt 0.311200 0.008500
vt 0.317200 0.165700
vt 0.341600 0.008700
vt 0.359200 0.165700
vt 0.375800 0.009100
vt 0.386800 0.165700
vt 0.400800 0.009900
vt 0.403600 0.165700
vt 0.425700 0.010200
vt 0.418700 0.165700
vt 0.456100 0.010100
vt 0.446600 0.165800
vt 0.483300 0.009800
vt 0.477500 0.165700
vt 0.515600 0.009800
vt 0.499700 0.165700
vt 0.551300 0.009900
vt 0.526800 0.165700
vt 0.577600 0.009800
vt 0.566000 0.165800
vt 0.614900 0.009700
vt 0.606700 0.165900
vt 0.664200 0.009400
vt 0.672800 0.166000
vt 0.755100 0.009500
vt 0.761600 0.166000
vt 0.709100 0.009500
vt 0.708000 0.165900
vt 0.797700 0.009300
vt 0.802000 0.166100
vt 0.837100 0.008800
vt 0.829400 0.166100
vt 0.872900 0.008500
vt 0.856600 0.166200
vt 0.962900 0.008700
vt 0.979600 0.166100
vt 0.357300 0.009400
vt 0.308800 0.163600
vt 0.240300 0.009400
vt 0.257600 0.163600
vt 0.713700 0.009400
vt 0.718200 0.163600
vt 0.795600 0.009500
vt 0.800600 0.163600
vt 0.027700 0.006000
vt 0.022200 0.166000
vt 0.009200 0.006200
vt 0.008200 0.166000
vt 0.038100 0.005600
vt 0.046500 0.166200
vt 0.047500 0.005600
vt 0.054800 0.166200
vt 0.066500 0.005600
vt 0.071300 0.166200
vt 0.161200 0.005600
vt 0.143800 0.166100
vt 0.180000 0.005600
vt 0.181600 0.166200
vt 0.253300 0.006200
vt 0.289600 0.167600
vt 0.253300 0.006300
vt 0.289600 0.171300
vt 0.340900 0.005600
vt 0.332900 0.166200
vt 0.432400 0.005700
vt 0.539600 0.167000
vt 0.328900 0.005700
vt 0.422300 0.167200
vt 0.535800 0.005700
vt 0.649400 0.166600
vt 0.048800 0.006600
vt 0.032100 0.165400
vt 0.032600 0.006600
vt 0.014800 0.165400
vt 0.065000 0.006500
vt 0.050400 0.165500
vt 0.113500 0.006400
vt 0.103200 0.165500
vt 0.145900 0.006300
vt 0.139900 0.165500
vt 0.210600 0.006200
vt 0.208800 0.165500
vt 0.534200 0.006000
vt 0.542600 0.165600
vt 0.501800 0.006000
vt 0.510200 0.165600
vt 0.696000 0.006000
vt 0.704700 0.165600
vt 0.728400 0.006000
vt 0.737100 0.165600
vt 0.054600 0.007500
vt 0.035200 0.164000
vt 0.054600 0.007400
vt 0.035200 0.158900
vt 0.971000 0.005800
vt 0.990700 0.165600
vt 0.318000 0.007800
vt 0.310000 0.166000
vt 0.353100 0.007800
vt 0.345100 0.166000
vt 0.528800 0.007800
vt 0.520700 0.166000
vt 0.563900 0.007800
vt 0.555900 0.166000
vt 0.792200 0.007800
vt 0.789000 0.166900
vt 0.844900 0.007600
vt 0.831200 0.164600
vt 0.862500 0.007500
vt 0.843100 0.162100
vt 0.226700 0.005800
vt 0.245000 0.165600
vt 0.226700 0.005900
vt 0.242900 0.005800
vt 0.259500 0.165600
vt 0.275300 0.005900
vt 0.289600 0.165600
vt 0.813400 0.006200
vt 0.841600 0.164100
vt 0.055600 0.006200
vt 0.083900 0.164100
vt 0.879300 0.006200
vt 0.912200 0.164100
vt 0.912200 0.006200
vt 0.948500 0.164500
vt 0.612800 0.008900
vt 0.567900 0.166400
vt 0.477900 0.008700
vt 0.487500 0.165800
vt 0.637800 0.009000
vt 0.596400 0.166500
vt 0.810000 0.008400
vt 0.807800 0.165900
vt 0.855600 0.008200
vt 0.848500 0.165700
vt 0.910900 0.008300
vt 0.901500 0.165900
vt 0.251600 0.011000
vt 0.243800 0.164100
vt 0.012600 0.008400
vt 0.012800 0.163400
vt 0.959700 0.007600
vt 0.922400 0.165400
vt 0.986600 0.007600
vt 0.944000 0.165400
vt 0.919300 0.007500
vt 0.890100 0.165400
vt 0.853900 0.007500
vt 0.744500 0.164900
vt 0.801400 0.007500
vt 0.713200 0.164800
vt 0.739300 0.007600
vt 0.692900 0.164700
vt 0.688500 0.007600
vt 0.678900 0.164900
vt 0.661500 0.007600
vt 0.651300 0.164900
vt 0.628300 0.007600
vt 0.611300 0.164800
vt 0.588100 0.007500
vt 0.570100 0.164700
vt 0.534400 0.007500
vt 0.515300 0.164600
vt 0.449300 0.007400
vt 0.423100 0.164300
vt 0.385300 0.007400
vt 0.370500 0.164300
vt 0.358500 0.007300
vt 0.345700 0.164300
vt 0.331300 0.007400
vt 0.323300 0.164300
vt 0.277300 0.007500
vt 0.276300 0.164300
vt 0.204600 0.007500
vt 0.254200 0.164300
vt 0.169600 0.007500
vt 0.231000 0.164300
vt 0.144700 0.007600
vt 0.206400 0.164300
vt 0.704300 0.009400
vt 0.709200 0.163700
vt 0.658600 0.009400
vt 0.681400 0.163600
vt 0.750000 0.009400
vt 0.736300 0.163700
vt 0.841600 0.009400
vt 0.821600 0.164100
vt 0.910500 0.009400
vt 0.882400 0.163800
vt 0.979100 0.009400
vt 0.950500 0.164300
vt 0.629600 0.012900
vt 0.636400 0.162200
vt 0.235100 0.012900
vt 0.294200 0.162700
vt 0.743000 0.012100
vt 0.737700 0.160800
vt 0.102800 0.009100
vt 0.058900 0.162800
vt 0.091600 0.009100
vt 0.046400 0.162800
vt 0.125300 0.009100
vt 0.083200 0.163000
vt 0.352000 0.009200
vt 0.358000 0.161200
vt 0.385700 0.009100
vt 0.396200 0.161400
vt 0.569900 0.009100
vt 0.566900 0.163200
vt 0.592400 0.009100
vt 0.585200 0.163000
vt 0.738200 0.009200
vt 0.743900 0.162200
vt 0.771900 0.009200
vt 0.782100 0.162400
vt 0.843800 0.009200
vt 0.878600 0.163000
vt 0.877500 0.009100
vt 0.917400 0.163200
vt 0.958200 0.009100
vt 0.966200 0.163500
vt 0.461600 0.011100
vt 0.452400 0.166400
vt 0.523800 0.011200
vt 0.524900 0.166300
vt 0.398500 0.011100
vt 0.400000 0.166500
vt 0.271800 0.011100
vt 0.278300 0.166800
vt 0.203300 0.011100
vt 0.234900 0.167200
vt 0.149000 0.011100
vt 0.193900 0.167600
vt 0.096500 0.011100
vt 0.128200 0.167700
vt 0.759600 0.010800
vt 0.730000 0.166800
vt 0.658200 0.010700
vt 0.652800 0.166600
vt 0.992700 0.011000
vt 0.974200 0.167600
vt 0.870600 0.167700
vt 0.922900 0.086600
vt 0.971100 0.011900
vt 0.649400 0.166000
vt 0.342000 0.007900
vt 0.345000 0.161100
vt 0.062800 0.012400
vt 0.064300 0.164800
vt 0.016000 0.012500
vt 0.016100 0.166100
vt 0.205700 0.012200
vt 0.214200 0.163400
vt 0.358500 0.012000
vt 0.339600 0.162200
vt 0.374900 0.012000
vt 0.356600 0.161200
vt 0.063100 0.010300
vt 0.082000 0.161400
vt 0.963800 0.009100
vt 0.974000 0.163500
vt 0.914300 0.011400
vt 0.918100 0.166000
vt 0.941100 0.011500
vt 0.945100 0.165800
vt 0.761100 0.011400
vt 0.763400 0.166000
vt 0.632300 0.011000
vt 0.633300 0.166500
vt 0.536300 0.011000
vt 0.536400 0.166500
vt 0.005100 0.411100
vt 0.026900 0.421600
vt 0.408400 0.775900
vt 0.045400 0.427800
vt 0.087300 0.339100
vt 0.077400 0.184900
vt 0.992000 0.339900
vt 0.992000 0.264500
vt 0.992000 0.184000
vt 0.988200 0.009500
vt 0.988300 0.090300
vt 0.988400 0.169200
vt 0.028900 0.010100
vt 0.019500 0.094200
vt 0.011200 0.167300
vt 0.986600 0.891700
vt 0.980200 0.976900
vt 0.987400 0.978900
vt 0.992200 0.891900
vt 0.477200 0.786700
vt 0.513600 0.566000
vt 0.629000 0.564400
vt 0.587900 0.786400
vt 0.964300 0.557400
vt 0.909000 0.778400
vt 0.408800 0.867800
vt 0.463400 0.753400
vt 0.797600 0.729600
vt 0.724000 0.858800
vt 0.234800 0.665300
vt 0.289300 0.535000
vt 0.402100 0.526000
vt 0.346700 0.651300
vt 0.440500 0.529200
vt 0.427400 0.662000
vt 0.998100 0.004600
vt 0.792200 0.992900
vt 0.017000 0.002700
vt 0.198700 0.991100
vt 0.198000 0.007000
vt 0.010100 0.995200
vt 0.798600 0.006300
vt 0.996600 0.995700
vt 0.010100 0.995100
vt 0.798600 0.006600
vt 0.996800 0.995700
vt 0.197900 0.005200
vt 0.009800 0.995100
vt 0.198000 0.007100
vt 0.010200 0.995200
vt 0.798700 0.006400
vt 0.997900 0.995700
vt 0.198100 0.007000
vt 0.010400 0.995100
vt 0.798800 0.006600
vt 0.998200 0.995700
vt 0.197900 0.005100
vt 0.010000 0.995100
vt 0.854200 0.006600
vt 0.497500 0.990600
vt 0.273700 0.006600
vt 0.854100 0.006600
vt 0.497500 0.990500
vt 0.020700 0.004600
vt 0.206200 0.992900
vt 0.995900 0.006400
vt 0.790800 0.992900
vt 0.996400 0.006400
vt 0.791000 0.992900
vt 0.997000 0.006400
vt 0.791400 0.992900
vt 0.020800 0.004600
vt 0.997400 0.006400
vt 0.791700 0.992900
vt 0.997800 0.006400
vt 0.791900 0.992900
vt 0.801600 0.005200
vt 0.996100 0.999100
vt 0.200400 0.005200
vt 0.003800 0.999100
vt 0.802100 0.005200
vt 0.996900 0.999100
vt 0.200900 0.005200
vt 0.004600 0.999100
vt 0.100000 0.200000
vt 0.000000 0.000000
vt 0.000000 0.200000
vt 0.200000 0.200000
vt 0.100000 0.000000
vt 0.300000 0.200000
vt 0.200000 0.000000
vt 0.400000 0.200000
vt 0.300000 0.000000
vt 0.500000 0.200000
vt 0.400000 0.000000
vt 0.600000 0.200000
vt 0.500000 0.000000
vt 0.700000 0.200000
vt 0.600000 0.000000
vt 0.800000 0.200000
vt 0.700000 0.000000
vt 0.900000 0.200000
vt 0.800000 0.000000
vt 1.000000 0.200000
vt 0.900000 0.000000
vt 1.000000 0.000000
vt 1.000000 1.000000
vt 0.000000 1.000000
vt 0.109200 0.716600
vt 0.129100 0.716600
vt 0.136000 0.737400
vt 0.117400 0.717800
vt 0.137300 0.717800
vt 0.110400 0.738300
vt 0.135900 0.736500
vt 0.109400 0.715500
vt 0.129300 0.715500
vt 0.116100 0.715900
vt 0.136000 0.715900
vt 0.109300 0.736100
vt 0.129300 0.715800
vt 0.135800 0.736300
vt 0.109400 0.715800
vt 0.109500 0.736200
vt 0.116000 0.715800
vt 0.135900 0.715800
vt 0.134800 0.738200
vt 0.108200 0.717900
vt 0.128100 0.717900
vt 0.135800 0.715600
vt 0.129300 0.736200
vt 0.109400 0.736200
vt 0.116000 0.736200
vt 0.135900 0.736200
vt 0.116100 0.736200
vt 0.109300 0.715800
vt 0.136100 0.736200
vt 0.136000 0.715500
vt 0.129300 0.736500
vt 0.109400 0.736500
vt 0.117400 0.734200
vt 0.110500 0.713600
vt 0.137300 0.734200
vt 0.136100 0.714600
vt 0.129100 0.735400
vt 0.109200 0.735400
vt 0.117500 0.731500
vt 0.110700 0.710600
vt 0.137400 0.731500
vt 0.133800 0.708600
vt 0.129600 0.731200
vt 0.107600 0.731200
vt 0.109100 0.716900
vt 0.136200 0.735000
vt 0.118300 0.735000
vt 0.128100 0.734100
vt 0.108200 0.734100
vt 0.134700 0.713800
vt 0.136300 0.716900
vt 0.109100 0.735100
vt 0.118300 0.716900
vt 0.133800 0.743500
vt 0.107600 0.720800
vt 0.129600 0.720800
vt 0.110700 0.741400
vt 0.117500 0.720500
vt 0.137500 0.720500
s 1
usemtl Material.002
f 1/1/1 2/2/2 3/1/3
f 2/2/2 4/3/2 3/1/3
f 5/4/4 6/5/4 7/6/4
f 8/7/4 5/4/4 7/6/4
f 9/8/5 10/9/5 11/10/5
f 12/11/6 13/11/7 14/12/8
f 15/13/9 14/12/8 16/14/9
f 13/11/7 16/14/9 14/12/8
f 17/15/10 18/15/10 19/15/10
f 20/16/11 21/17/11 22/18/11
f 22/18/11 21/17/11 23/19/11
f 24/20/12 25/18/12 26/19/12
f 25/18/12 24/20/12 27/21/12
f 28/22/13 29/20/13 30/23/13
f 28/22/13 31/21/13 29/20/13
f 32/24/14 33/23/14 34/25/14
f 32/24/14 35/22/14 33/23/14
f 36/26/15 37/27/15 38/28/15
f 36/26/15 39/29/16 37/27/15
f 40/30/17 41/28/17 42/31/17
f 40/30/17 43/26/17 41/28/17
f 44/32/18 45/31/18 46/33/18
f 44/32/18 47/30/18 45/31/18
f 48/34/19 49/33/19 50/35/19
f 48/34/19 51/32/19 49/33/19
f 52/36/20 53/35/20 54/37/20
f 52/36/20 55/34/20 53/35/20
f 56/16/21 57/38/21 58/17/21
f 56/16/21 59/39/21 57/38/21
f 60/17/22 61/40/22 62/19/22
f 63/41/22 61/40/22 60/17/22
f 64/19/23 65/42/23 66/20/23
f 65/42/23 64/19/23 67/40/23
f 68/20/24 69/43/24 70/23/24
f 71/42/24 69/43/24 68/20/24
f 72/23/25 73/44/25 74/25/25
f 75/43/25 73/44/25 72/23/25
f 76/27/26 77/45/26 78/28/26
f 79/46/26 77/45/26 76/27/26
f 80/28/27 81/47/27 82/31/27
f 83/45/27 81/47/27 80/28/27
f 84/31/28 85/48/28 86/33/28
f 87/47/28 85/48/28 84/31/28
f 88/33/29 89/49/29 90/35/29
f 91/48/29 89/49/29 88/33/29
f 92/35/30 93/50/30 94/37/30
f 95/49/30 93/50/30 92/35/30
f 96/38/31 97/41/31 98/17/31
f 99/51/31 97/41/31 96/38/31
f 100/41/32 101/52/32 102/40/32
f 101/52/32 100/41/32 103/53/32
f 104/40/33 105/54/33 106/42/33
f 105/54/33 104/40/33 107/52/34
f 108/42/35 109/55/35 110/43/35
f 109/55/35 108/42/35 111/54/35
f 112/43/36 113/56/36 114/44/36
f 113/56/36 112/43/36 115/55/36
f 116/46/37 117/57/37 118/45/37
f 117/57/37 116/46/37 119/58/37
f 120/45/38 121/59/38 122/47/38
f 121/59/38 120/45/38 123/57/38
f 124/47/39 125/60/39 126/48/39
f 125/60/39 124/47/39 127/59/39
f 128/48/40 129/61/40 130/49/40
f 129/61/40 128/48/40 131/60/40
f 132/49/41 133/62/41 134/50/41
f 133/62/41 132/49/41 135/61/41
f 136/51/42 137/53/42 138/41/42
f 137/53/42 136/51/42 139/63/42
f 140/64/43 141/65/43 142/66/43
f 143/67/43 144/68/43 140/64/43
f 145/69/43 146/70/43 143/67/43
f 147/71/43 148/72/43 145/69/43
f 146/70/43 145/69/43 148/72/43
f 144/68/43 143/67/43 146/70/43
f 149/73/43 140/64/43 144/68/43
f 141/65/43 140/64/43 149/73/43
f 150/74/44 151/75/44 152/76/44
f 151/75/44 150/74/44 153/77/44
f 154/78/45 155/79/45 156/76/45
f 157/80/45 156/76/45 155/79/45
f 158/74/46 159/81/46 160/82/46
f 161/83/46 160/82/46 159/81/46
f 162/74/47 163/84/47 164/76/47
f 163/84/47 162/74/47 165/85/47
f 166/86/48 167/87/48 168/76/48
f 169/80/48 168/76/48 167/87/48
f 170/88/49 171/89/49 172/90/49
f 171/89/49 170/88/49 173/91/49
f 174/90/48 175/92/48 176/93/48
f 175/92/48 174/90/48 177/89/48
f 178/93/50 179/92/50 180/94/50
f 181/89/50 180/94/50 179/92/50
f 182/95/47 183/96/47 184/97/47
f 185/89/47 184/97/47 183/96/47
f 186/97/51 187/92/51 188/98/51
f 187/92/51 186/97/51 189/89/51
f 190/99/46 191/100/46 192/94/46
f 193/89/46 192/94/46 191/100/46
f 194/94/52 195/101/52 196/102/52
f 195/101/52 194/94/52 197/89/52
f 198/102/45 199/89/45 200/103/45
f 199/89/45 198/102/45 201/101/45
f 202/104/53 203/94/53 204/89/53
f 203/94/53 202/104/53 205/105/53
f 206/89/44 207/106/54 208/107/54
f 207/106/54 206/89/44 209/94/44
f 210/108/55 211/109/55 212/110/55
f 213/111/55 212/110/55 211/109/55
f 214/110/56 215/111/56 216/112/56
f 217/113/56 216/112/56 215/111/56
f 218/114/57 219/115/58 220/116/58
f 219/115/58 218/114/57 221/117/57
f 222/116/59 223/115/59 224/118/59
f 225/119/59 224/118/59 223/115/59
f 226/118/60 227/119/60 228/120/60
f 229/121/60 228/120/60 227/119/60
f 230/122/61 231/123/61 232/124/61
f 231/123/61 230/122/61 233/125/61
f 234/124/62 235/123/62 236/126/62
f 237/127/62 236/126/62 235/123/62
f 238/128/63 239/129/64 240/130/64
f 241/131/64 240/130/64 239/129/64
f 242/130/65 243/132/65 244/133/65
f 243/132/65 242/130/65 245/131/65
f 246/133/66 247/132/66 248/134/66
f 249/135/66 248/134/66 247/132/66
f 250/136/48 251/137/48 252/138/48
f 251/137/48 250/136/48 253/139/48
f 254/140/50 255/139/50 256/136/50
f 255/139/50 254/140/50 257/141/50
f 258/142/47 259/141/47 260/140/47
f 259/141/47 258/142/47 261/143/47
f 262/144/51 263/145/51 264/146/51
f 263/145/51 262/144/51 265/147/51
f 266/148/46 267/147/46 268/144/46
f 267/147/46 266/148/46 269/149/46
f 270/150/52 271/149/52 272/148/52
f 271/149/52 270/150/52 273/151/52
f 274/152/45 275/151/45 276/150/45
f 275/151/45 274/152/45 277/153/45
f 278/154/53 279/153/53 280/152/53
f 279/153/53 278/154/53 281/155/53
f 282/156/54 283/157/54 284/158/54
f 283/157/54 282/156/54 285/159/54
f 286/138/49 287/159/49 288/156/49
f 287/159/49 286/138/49 289/137/49
f 290/18/67 291/156/67 292/16/67
f 291/156/67 290/18/67 293/138/67
f 294/21/68 295/138/68 296/18/69
f 295/138/68 294/21/68 297/136/68
f 298/136/70 299/22/70 300/140/70
f 299/22/70 298/136/70 301/21/70
f 302/140/71 303/24/71 304/142/71
f 303/24/71 302/140/71 305/22/71
f 306/146/72 307/26/72 308/144/72
f 307/26/72 306/146/72 309/29/72
f 310/144/73 311/30/73 312/148/73
f 311/30/73 310/144/73 313/26/73
f 314/148/74 315/32/74 316/150/75
f 315/32/74 314/148/74 317/30/74
f 318/150/76 319/34/76 320/152/76
f 319/34/76 318/150/76 321/32/76
f 322/152/77 323/36/77 324/154/77
f 323/36/77 322/152/77 325/34/77
f 326/158/78 327/16/78 328/156/78
f 327/16/78 326/158/78 329/39/78
f 330/160/79 331/161/79 332/162/79
f 331/161/79 333/163/79 334/164/79
f 333/163/79 335/165/79 336/166/79
f 335/165/79 337/167/79 338/168/79
f 337/167/79 339/169/79 340/170/79
f 339/169/79 341/171/79 342/172/79
f 341/171/79 343/173/79 344/174/79
f 343/173/79 345/175/79 346/176/79
f 345/175/79 347/177/79 348/178/79
f 347/177/79 330/160/79 349/179/79
f 349/179/79 350/180/79 347/177/79
f 340/170/79 351/181/79 337/167/79
f 352/182/79 353/183/79 343/173/79
f 354/184/79 355/185/79 333/163/79
f 344/174/79 342/172/79 341/171/79
f 353/183/79 344/174/79 343/173/79
f 342/172/79 340/170/79 339/169/79
f 351/181/79 338/168/79 337/167/79
f 336/166/79 354/184/79 333/163/79
f 338/168/79 336/166/79 335/165/79
f 332/162/79 349/179/79 330/160/79
f 334/164/79 332/162/79 331/161/79
f 355/185/79 334/164/79 333/163/79
f 346/176/79 352/182/79 343/173/79
f 348/178/79 346/176/79 345/175/79
f 350/180/79 348/178/79 347/177/79
f 356/186/12 357/187/12 358/188/12
f 357/187/12 356/186/12 359/189/12
f 360/190/13 361/191/13 362/192/13
f 361/193/13 360/194/13 363/195/13
f 364/196/14 365/197/14 366/198/14
f 365/199/14 364/200/14 367/201/14
f 368/202/15 369/203/15 370/204/15
f 369/205/15 368/206/15 371/207/15
f 372/208/17 373/209/17 374/210/17
f 373/209/17 372/208/17 375/211/17
f 376/212/18 377/213/18 378/214/18
f 377/187/18 376/186/18 379/189/18
f 380/190/19 381/191/19 382/192/19
f 381/193/19 380/194/19 383/195/19
f 384/196/20 385/197/20 386/198/20
f 385/199/20 384/200/20 387/201/20
f 388/202/21 389/203/21 390/204/21
f 389/205/21 388/206/21 391/207/21
f 392/208/11 393/209/11 394/210/11
f 393/209/11 392/208/11 395/211/11
f 396/215/80 397/216/80 398/217/80
f 398/218/80 399/219/80 400/220/80
f 397/221/80 399/219/80 398/218/80
f 401/222/81 402/223/81 403/224/81
f 404/225/81 402/223/81 401/222/81
f 405/226/82 406/227/82 407/228/82
f 408/229/82 406/230/82 405/231/82
f 409/232/83 410/233/83 411/234/83
f 412/235/84 410/233/83 409/232/83
f 413/236/85 414/237/85 415/238/85
f 416/239/85 414/240/85 413/241/85
f 417/242/86 418/243/86 419/244/86
f 420/245/86 419/244/86 421/246/86
f 419/244/86 418/243/86 421/246/86
f 422/247/87 423/248/87 424/249/87
f 425/250/87 424/251/87 426/252/87
f 424/253/87 423/254/87 426/255/87
f 427/256/88 428/257/88 429/258/88
f 430/259/88 429/260/88 431/261/88
f 429/258/88 428/257/88 431/262/88
f 432/263/89 433/264/89 434/265/89
f 435/266/89 433/267/89 432/268/89
f 436/269/90 437/270/90 438/271/90
f 439/272/90 437/270/90 436/269/90
f 440/273/91 441/274/91 442/275/91
f 443/276/91 442/275/91 441/274/91
f 444/273/92 445/274/92 446/276/92
f 446/276/92 447/275/92 444/273/92
f 448/276/93 449/275/94 450/274/95
f 451/273/94 450/274/95 449/275/94
f 452/273/96 453/274/96 454/276/96
f 454/276/96 455/275/96 452/273/96
f 456/277/79 457/278/79 458/279/79
f 457/278/79 459/280/79 460/281/79
f 461/282/79 462/283/79 463/284/79
f 462/283/79 456/277/79 458/279/79
f 464/285/79 465/286/79 466/287/79
f 465/286/79 461/282/79 467/288/79
f 459/280/79 468/289/79 469/290/79
f 468/289/79 464/285/79 466/287/79
f 470/291/79 471/292/79 466/287/79
f 472/293/79 473/294/79 460/281/79
f 473/294/79 458/279/79 457/278/79
f 463/284/79 467/288/79 461/282/79
f 467/288/79 474/295/79 475/296/79
f 476/297/79 463/284/79 458/279/79
f 475/296/79 477/298/79 467/288/79
f 477/298/79 466/287/79 465/286/79
f 470/291/79 475/296/79 474/295/79
f 469/290/79 460/281/79 459/280/79
f 460/281/79 478/299/79 472/293/79
f 457/278/79 460/281/79 473/294/79
f 463/284/79 462/283/79 458/279/79
f 465/286/79 467/288/79 477/298/79
f 469/290/79 468/289/79 466/287/79
f 466/287/79 471/292/79 469/290/79
f 479/300/97 480/301/97 481/302/97
f 482/303/97 479/300/97 481/302/97
f 483/301/98 484/302/98 485/300/98
f 486/303/98 485/300/98 484/302/98
f 487/303/99 488/300/99 489/301/99
f 489/301/99 490/302/99 487/303/99
f 491/304/79 492/305/79 493/306/79
f 492/305/79 494/307/79 493/306/79
f 495/308/100 496/309/100 497/310/100
f 497/310/100 498/311/100 495/308/100
f 499/301/97 500/302/97 501/300/97
f 502/303/97 501/300/97 500/302/97
f 503/303/100 504/300/100 505/301/100
f 505/301/100 506/302/100 503/303/100
f 507/300/99 508/301/99 509/302/99
f 510/303/99 507/300/99 509/302/99
f 511/304/79 512/305/79 513/306/79
f 512/305/79 514/307/79 513/306/79
f 515/308/98 516/309/98 517/310/98
f 517/310/98 518/311/98 515/308/98
f 519/303/98 520/300/98 521/301/98
f 521/301/98 522/302/98 519/303/98
f 523/300/100 524/301/100 525/302/100
f 526/303/100 523/300/100 525/302/100
f 527/301/99 528/302/99 529/300/99
f 530/303/99 529/300/99 528/302/99
f 531/304/79 532/305/79 533/306/79
f 532/305/79 534/307/79 533/306/79
f 535/308/97 536/309/97 537/310/97
f 537/310/97 538/311/97 535/308/97
f 539/303/97 540/300/97 541/301/97
f 541/301/97 542/302/97 539/303/97
f 543/300/98 544/301/98 545/302/98
f 546/303/98 543/300/98 545/302/98
f 547/301/100 548/302/100 549/300/100
f 550/303/100 549/300/100 548/302/100
f 551/304/79 552/305/79 553/306/79
f 552/305/79 554/307/79 553/306/79
f 555/308/99 556/309/99 557/310/99
f 557/310/99 558/311/99 555/308/99
f 559/312/94 560/313/94 561/314/94
f 560/313/94 562/315/94 561/314/94
f 563/312/91 564/313/91 565/315/91
f 566/314/91 563/312/91 565/315/91
f 567/312/96 568/313/96 569/314/96
f 568/313/96 570/315/96 569/314/96
f 571/312/92 572/313/92 573/315/92
f 574/314/92 571/312/92 573/315/92
f 575/316/99 576/317/99 577/318/99
f 578/319/99 577/318/99 576/317/99
f 579/316/100 580/319/100 581/318/100
f 580/319/100 579/316/100 582/317/100
f 583/316/98 584/319/98 585/318/98
f 584/319/98 583/316/98 586/317/98
f 587/316/97 588/317/97 589/318/97
f 590/319/97 589/318/97 588/317/97
f 591/320/79 592/321/79 593/322/79
f 593/322/79 592/321/79 594/323/79
f 595/324/101 596/325/101 597/326/102
f 598/327/102 597/328/102 596/329/101
f 599/330/103 600/331/103 601/332/104
f 601/327/104 602/328/104 599/333/103
f 603/333/105 604/329/106 605/327/105
f 605/327/105 606/328/105 603/333/105
f 607/330/107 608/331/108 609/332/107
f 609/327/107 610/328/107 607/333/107
f 611/316/109 612/317/109 613/318/109
f 614/319/109 613/318/109 612/317/109
f 615/316/100 616/317/100 617/318/100
f 618/319/100 617/318/100 616/317/100
f 619/316/98 620/317/98 621/318/98
f 622/319/98 621/318/98 620/317/98
f 623/316/97 624/319/97 625/318/97
f 624/319/97 623/316/97 626/317/97
f 627/320/79 628/321/79 629/322/79
f 629/322/79 628/321/79 630/323/79
f 631/324/110 632/325/102 633/326/102
f 634/327/101 633/328/102 632/329/102
f 635/333/104 636/329/103 637/327/111
f 637/327/111 638/328/111 635/333/104
f 639/333/106 640/329/106 641/327/105
f 641/327/105 642/328/105 639/333/106
f 643/324/112 644/325/112 645/326/112
f 646/327/112 645/328/112 644/329/112
f 647/316/99 648/317/99 649/318/99
f 650/319/99 649/318/99 648/317/99
f 651/316/100 652/317/100 653/318/100
f 654/319/100 653/318/100 652/317/100
f 655/316/113 656/317/113 657/318/113
f 658/319/113 657/318/113 656/317/113
f 659/316/97 660/319/97 661/318/97
f 660/319/97 659/316/97 662/317/97
f 663/320/79 664/321/79 665/322/79
f 665/322/79 664/321/79 666/323/79
f 667/330/102 668/331/110 669/332/102
f 669/327/102 670/328/102 667/333/102
f 671/330/111 672/331/111 673/332/104
f 673/327/104 674/328/104 671/333/111
f 675/324/105 676/325/105 677/326/105
f 678/327/105 677/328/105 676/329/105
f 679/324/108 680/325/107 681/326/114
f 682/327/114 681/328/114 680/329/107
f 683/316/99 684/317/99 685/318/99
f 686/319/99 685/318/99 684/317/99
f 687/316/100 688/319/100 689/318/100
f 688/319/100 687/316/100 690/317/100
f 691/316/98 692/319/98 693/318/98
f 692/319/98 691/316/98 694/317/98
f 695/316/97 696/317/97 697/318/97
f 698/319/97 697/318/97 696/317/97
f 699/320/79 700/321/79 701/322/79
f 701/322/79 700/321/79 702/323/79
f 703/333/115 704/329/115 705/328/102
f 706/327/102 705/328/102 704/329/115
f 707/333/104 708/329/111 709/327/104
f 709/327/104 710/328/104 707/333/104
f 711/324/105 712/325/105 713/326/106
f 714/327/106 713/328/106 712/329/105
f 715/333/116 716/329/114 717/328/107
f 718/327/117 717/328/107 716/329/114
f 719/334/79 720/335/79 721/336/79
f 720/335/79 722/337/79 723/338/79
f 722/337/79 724/339/79 725/340/79
f 724/339/79 719/334/79 726/341/79
f 726/341/79 725/340/79 724/339/79
f 725/340/79 723/338/79 722/337/79
f 723/338/79 721/336/79 720/335/79
f 721/336/79 726/341/79 719/334/79
f 727/342/118 728/343/118 729/344/118
f 728/345/118 727/346/118 730/347/118
f 731/342/119 732/348/119 733/344/119
f 734/349/119 733/350/119 732/351/119
f 735/342/120 736/348/120 737/344/120
f 738/349/120 737/350/120 736/351/120
f 739/342/121 740/348/121 741/344/121
f 742/349/121 741/350/121 740/351/121
f 743/352/99 744/353/99 745/354/99
f 744/353/99 743/352/99 746/355/99
f 747/352/100 748/353/100 749/354/100
f 748/353/100 747/352/100 750/355/100
f 751/352/98 752/353/98 753/354/98
f 752/353/98 751/352/98 754/355/98
f 755/352/97 756/355/97 757/354/97
f 758/353/97 757/354/97 756/355/97
f 759/356/79 760/357/79 761/358/79
f 760/357/79 759/356/79 762/359/79
f 763/360/122 764/361/101 765/362/102
f 766/363/102 765/362/102 764/361/101
f 767/364/104 768/365/123 769/366/104
f 769/363/104 770/362/104 767/360/104
f 771/364/105 772/365/105 773/366/105
f 773/363/105 774/362/105 771/360/105
f 775/367/108 776/368/108 777/369/107
f 778/363/107 777/362/107 776/361/108
f 478/299/79 471/292/79 779/370/79
f 472/293/79 478/299/79 779/370/79
f 476/297/79 458/279/79 779/370/79
f 474/295/79 476/297/79 470/291/79
f 780/371/124 781/372/43 782/373/125
f 783/374/126 784/374/126 785/374/126
f 786/375/127 787/375/128 788/375/128
f 789/376/129 790/376/128 791/376/128
f 792/377/130 793/377/128 794/377/128
f 795/378/131 796/378/132 797/378/132
f 798/379/133 799/380/134 800/381/135
f 451/382/94 450/382/95 801/382/132
f 802/383/126 803/383/126 804/383/126
f 449/384/94 448/384/93 805/384/128
f 806/385/136 807/386/137 808/387/138
f 809/388/139 810/389/140 811/390/79
f 812/76/52 813/391/52 814/392/141
f 815/393/52 816/81/52 817/394/52
f 816/81/52 818/74/52 817/394/52
f 818/74/52 812/76/52 814/392/141
f 814/392/141 817/394/52 818/74/52
f 816/81/52 815/393/52 819/395/142
f 813/391/52 812/76/52 820/396/52
f 812/76/52 821/80/52 820/396/52
f 821/397/52 816/398/52 819/15/142
f 822/399/143 820/396/52 821/80/52
f 819/15/142 822/15/143 821/397/52
f 823/76/144 824/400/51 825/401/145
f 826/402/51 827/85/146 828/403/51
f 827/85/146 829/74/51 828/403/51
f 829/74/51 823/76/144 825/401/145
f 825/401/145 828/403/51 829/74/51
f 827/85/146 826/402/51 830/404/147
f 824/400/51 823/76/144 831/405/144
f 823/76/144 832/84/144 831/405/144
f 832/406/144 827/407/146 830/408/147
f 830/404/147 831/405/144 832/84/144
f 833/1/148 834/2/148 835/409/148
f 836/8/149 837/9/149 838/410/150
f 839/411/151 836/8/149 838/410/150
f 840/12/152 841/412/152 842/413/152
f 843/414/153 844/4/154 845/415/154
f 844/4/154 846/416/154 845/415/154
f 847/76/50 848/80/50 849/417/50
f 848/80/50 850/418/50 849/417/50
f 851/419/50 852/86/50 853/401/155
f 852/86/50 847/76/50 853/401/155
f 849/417/50 853/401/155 847/76/50
f 854/87/50 852/86/50 855/420/50
f 852/86/50 851/419/50 855/420/50
f 850/418/50 848/80/50 856/421/156
f 848/422/50 854/423/50 856/424/156
f 855/420/50 856/421/156 854/87/50
f 857/425/157 858/4/157 859/426/158
f 858/4/157 860/416/159 859/426/158
f 861/12/160 862/412/160 863/427/160
f 864/2/161 865/3/162 866/426/161
f 867/428/161 864/2/161 866/426/161
f 868/411/163 869/8/163 870/429/163
f 871/76/49 872/430/49 873/431/164
f 874/432/165 875/81/166 876/433/49
f 875/81/166 877/74/49 876/433/49
f 877/74/49 871/76/49 873/431/164
f 873/431/164 876/433/49 877/74/49
f 875/81/166 874/432/165 878/434/167
f 872/430/49 871/76/49 879/435/49
f 871/76/49 880/80/49 879/435/49
f 880/436/49 875/437/166 878/438/167
f 878/434/167 879/435/49 880/80/49
f 881/1/168 882/2/168 883/439/168
f 884/4/169 885/5/169 886/6/169
f 887/7/169 884/4/169 886/6/169
f 888/8/170 889/9/170 890/440/170
f 891/13/171 892/12/172 893/14/172
f 892/12/172 894/11/172 893/14/172
f 895/76/53 896/441/53 897/442/53
f 898/443/53 899/77/53 900/444/53
f 899/77/53 901/74/53 900/444/53
f 901/74/53 895/76/53 897/442/53
f 897/442/53 900/444/53 901/74/53
f 899/77/53 898/443/53 902/445/173
f 896/441/53 895/76/53 903/446/53
f 895/76/53 904/75/53 903/446/53
f 904/447/53 899/448/53 902/449/173
f 902/445/173 903/446/53 904/75/53
f 905/1/174 906/2/174 907/3/174
f 908/4/175 909/5/175 910/6/175
f 911/7/175 908/4/175 910/6/175
f 912/8/176 913/9/176 914/440/176
f 915/13/177 916/12/177 917/14/177
f 916/12/177 918/11/178 917/14/177
f 919/450/179 920/451/180 921/452/181
f 920/453/180 919/454/179 922/455/182
f 923/456/183 922/457/182 919/458/179
f 922/459/182 923/460/183 924/461/184
f 925/462/185 924/463/184 923/464/183
f 924/465/184 925/466/185 926/467/186
f 927/468/187 926/469/186 925/470/185
f 926/471/186 927/472/187 928/473/188
f 929/474/189 928/473/188 927/472/187
f 928/475/188 929/476/189 930/477/190
f 931/478/191 932/479/192 933/480/193
f 932/481/192 931/482/191 934/483/194
f 935/484/195 934/485/194 931/486/191
f 934/487/194 935/488/195 936/489/196
f 937/490/197 936/491/196 935/492/195
f 936/493/196 937/494/197 938/495/198
f 939/496/199 938/497/198 937/498/197
f 938/499/198 939/500/199 940/501/200
f 941/502/201 940/503/200 939/504/199
f 942/505/202 920/506/180 943/507/203
f 920/508/180 942/509/202 921/510/181
f 944/511/204 921/512/181 942/513/202
f 921/512/181 944/511/204 945/514/205
f 946/515/206 945/516/205 944/517/204
f 945/518/205 946/519/206 947/520/207
f 948/521/208 947/522/207 946/523/206
f 940/524/200 936/525/196 938/526/198
f 936/527/196 940/528/200 934/529/194
f 949/530/209 934/531/194 940/532/200
f 934/533/194 949/534/209 950/535/210
f 951/536/211 950/537/210 949/538/209
f 950/539/210 951/540/211 952/541/212
f 953/542/213 921/543/181 945/544/205
f 921/545/181 953/546/213 919/547/179
f 954/548/214 919/549/179 953/550/213
f 919/551/179 954/552/214 955/553/215
f 956/554/216 955/555/215 954/556/214
f 955/557/215 956/558/216 930/559/190
f 957/560/217 958/561/218 959/562/219
f 958/563/218 957/564/217 960/565/220
f 961/566/221 960/567/220 957/568/217
f 960/569/220 961/570/221 962/571/222
f 963/572/223 962/573/222 961/574/221
f 962/575/222 963/576/223 964/577/224
f 965/578/225 962/579/222 966/580/226
f 962/581/222 965/582/225 960/583/220
f 952/584/212 960/585/220 965/586/225
f 960/587/220 952/588/212 967/589/227
f 951/590/211 967/589/227 952/588/212
f 968/591/228 937/592/197 935/593/195
f 937/594/197 968/595/228 969/596/229
f 970/597/230 969/598/229 968/599/228
f 969/600/229 970/601/230 971/602/231
f 972/603/232 971/604/231 970/605/230
f 973/606/233 939/607/199 937/608/197
f 939/609/199 973/610/233 974/611/234
f 975/612/235 974/613/234 973/614/233
f 974/615/234 975/616/235 976/617/236
f 971/618/231 976/619/236 975/620/235
f 977/621/237 978/622/238 979/623/239
f 978/624/238 977/625/237 980/626/240
f 981/627/241 980/628/240 977/629/237
f 980/630/240 981/631/241 982/632/242
f 983/633/243 970/634/230 968/635/228
f 970/636/230 983/637/243 978/638/238
f 984/639/244 978/640/238 983/641/243
f 978/642/238 984/643/244 979/644/239
f 982/645/242 985/646/245 957/647/217
f 985/648/245 982/649/242 986/650/246
f 981/651/241 986/652/246 982/653/242
f 986/654/246 981/655/241 987/656/247
f 937/657/197 975/496/235 973/658/233
f 975/607/235 937/659/197 988/660/248
f 969/661/229 988/662/248 937/663/197
f 988/664/248 969/665/229 971/666/231
f 985/667/245 989/668/249 990/669/250
f 989/670/249 985/671/245 991/672/251
f 986/673/246 991/674/251 985/675/245
f 991/676/251 986/677/246 992/678/252
f 961/679/221 989/680/249 963/681/223
f 989/682/249 961/683/221 990/684/250
f 957/685/217 990/686/250 961/687/221
f 990/688/250 957/689/217 985/690/245
f 993/691/253 952/692/212 965/693/225
f 952/694/212 993/695/253 932/696/192
f 994/697/254 932/698/192 993/699/253
f 932/700/192 994/701/254 933/702/193
f 995/703/255 919/704/179 955/705/215
f 919/706/179 995/707/255 996/708/256
f 927/709/187 996/710/256 995/711/255
f 996/712/256 927/713/187 925/714/185
f 974/715/234 941/716/201 939/717/199
f 941/718/201 974/719/234 997/720/257
f 976/721/236 997/722/257 974/723/234
f 998/724/258 978/725/238 980/726/240
f 978/727/238 998/728/258 970/729/230
f 972/730/232 970/731/230 998/732/258
f 954/733/214 999/734/259 956/735/216
f 999/734/259 954/733/214 1000/736/260
f 953/737/213 1000/738/260 954/739/214
f 996/740/256 923/741/183 919/742/179
f 923/743/183 996/744/256 925/745/185
f 1001/746/261 991/747/251 992/748/252
f 991/749/251 1001/750/261 989/751/249
f 1002/752/262 957/753/217 959/754/219
f 957/755/217 1002/756/262 982/757/242
f 1000/758/260 1003/759/263 999/760/259
f 1003/761/263 1000/762/260 1004/763/264
f 1005/764/265 998/765/258 980/766/240
f 998/767/258 1005/768/265 972/769/232
f 1006/770/266 1007/771/267 943/477/203
f 1007/772/267 1006/773/266 924/774/184
f 1008/775/268 980/776/240 982/777/242
f 980/776/240 1008/775/268 1005/778/265
f 950/779/210 932/780/192 934/607/194
f 932/781/192 950/782/210 952/783/212
f 975/784/235 988/785/248 971/786/231
f 1004/787/264 1009/788/269 1003/789/263
f 1007/772/267 924/774/184 926/790/186
f 948/791/208 946/792/206 968/793/228
f 948/794/208 935/795/195 1010/796/270
f 968/797/228 935/798/195 948/799/208
f 922/800/182 924/801/184 1011/802/271
f 1011/802/271 920/803/180 922/800/182
f 1006/770/266 943/477/203 920/803/180
f 929/476/189 927/804/187 1012/805/272
f 1012/805/272 955/803/215 929/476/189
f 930/477/190 929/476/189 955/803/215
f 1006/770/266 920/803/180 1011/802/271
f 1011/802/271 924/801/184 1006/770/266
f 995/800/255 955/803/215 1012/805/272
f 1012/805/272 927/804/187 995/800/255
f 1013/806/273 1014/807/273 1015/808/274
f 1014/809/273 1013/810/273 1016/811/275
f 1017/812/276 1018/813/277 1019/814/278
f 1018/815/277 1017/816/276 1020/817/279
f 1021/818/280 1020/819/279 1017/820/276
f 1020/819/279 1021/818/280 1022/821/281
f 1023/822/282 1022/823/281 1021/824/280
f 1024/825/283 1025/826/284 1026/827/285
f 1025/828/284 1024/829/283 1023/830/282
f 1027/831/286 1023/832/282 1024/833/283
f 1023/834/282 1021/835/280 1025/836/284
f 1018/837/277 1020/838/279 1028/839/287
f 1029/840/288 1030/841/288 1031/842/288
f 1032/843/289 1033/844/289 1034/845/289
f 1035/846/290 1036/847/290 1037/848/290
f 1038/849/291 1039/850/291 1040/851/291
f 1041/852/292 1042/853/292 1043/854/292
f 1044/855/293 1045/856/293 1046/857/293
f 1047/858/294 1048/859/294 1049/860/294
f 1050/861/295 1051/862/295 1052/863/295
f 1053/840/288 1054/841/288 1055/842/288
f 1056/843/289 1057/844/289 1058/845/289
f 1059/846/290 1060/847/290 1061/848/290
f 1062/849/291 1063/850/291 1064/851/291
f 1065/852/292 1066/853/292 1067/854/292
f 1068/855/293 1069/856/293 1070/857/293
f 1071/858/294 1072/859/294 1073/860/294
f 1074/861/295 1075/862/295 1076/863/295
f 1077/840/288 1078/841/288 1079/842/288
f 1080/857/289 1081/855/289 1082/856/289
f 1083/846/290 1084/847/290 1085/848/290
f 1086/862/291 1087/863/291 1088/861/291
f 1089/852/292 1090/853/292 1091/854/292
f 1092/844/293 1093/845/293 1094/843/293
f 1095/858/294 1096/859/294 1097/860/294
f 1098/851/295 1099/849/295 1100/850/295
f 1101/840/288 1102/841/288 1103/842/288
f 1104/857/289 1105/855/289 1106/856/289
f 1107/846/290 1108/847/290 1109/848/290
f 1110/862/291 1111/863/291 1112/861/291
f 1113/852/292 1114/853/292 1115/854/292
f 1116/844/293 1117/845/293 1118/843/293
f 1119/858/294 1120/859/294 1121/860/294
f 1122/851/295 1123/849/295 1124/850/295
f 1125/840/288 1126/841/288 1127/842/288
f 1128/843/289 1129/844/289 1130/845/289
f 1131/846/290 1132/847/290 1133/848/290
f 1134/862/291 1135/863/291 1136/861/291
f 1137/852/292 1138/853/292 1139/854/292
f 1140/855/293 1141/856/293 1142/857/293
f 1143/858/294 1144/859/294 1145/860/294
f 1146/851/295 1147/849/295 1148/850/295
f 1149/840/288 1150/841/288 1151/842/288
f 1152/857/289 1153/855/289 1154/856/289
f 1155/846/290 1156/847/290 1157/848/290
f 1158/862/291 1159/863/291 1160/861/291
f 1161/852/292 1162/853/292 1163/854/292
f 1164/844/293 1165/845/293 1166/843/293
f 1167/858/294 1168/859/294 1169/860/294
f 1170/851/295 1171/849/295 1172/850/295
f 1173/852/288 1174/853/288 1175/854/288
f 1176/857/289 1177/855/289 1178/856/289
f 1179/846/290 1180/847/290 1181/848/290
f 1182/862/291 1183/863/291 1184/861/291
f 1185/840/292 1186/841/292 1187/842/292
f 1188/844/293 1189/845/293 1190/843/293
f 1191/858/294 1192/859/294 1193/860/294
f 1194/851/295 1195/849/295 1196/850/295
f 1197/852/288 1198/853/288 1199/854/288
f 1200/857/289 1201/855/289 1202/856/289
f 1203/846/290 1204/847/290 1205/848/290
f 1206/862/291 1207/863/291 1208/861/291
f 1209/840/292 1210/841/292 1211/842/292
f 1212/844/293 1213/845/293 1214/843/293
f 1215/858/294 1216/859/294 1217/860/294
f 1218/851/295 1219/849/295 1220/850/295
f 1221/851/296 1222/849/296 1223/850/296
f 1224/843/297 1225/844/297 1226/845/297
f 1227/854/298 1228/852/298 1229/853/298
f 1230/856/299 1231/857/299 1232/855/299
f 1233/840/300 1234/841/300 1235/842/300
f 1236/858/301 1237/859/301 1238/860/301
f 1239/861/302 1240/862/302 1241/863/302
f 1242/847/303 1243/848/303 1244/846/303
f 1245/851/304 1246/849/304 1247/850/304
f 1248/843/305 1249/844/305 1250/845/305
f 1251/854/306 1252/852/306 1253/853/306
f 1254/856/307 1255/857/307 1256/855/307
f 1257/840/308 1258/841/308 1259/842/308
f 1260/858/309 1261/859/309 1262/860/309
f 1263/861/310 1264/862/310 1265/863/310
f 1266/847/311 1267/848/311 1268/846/311
f 1269/851/312 1270/849/312 1271/850/312
f 1272/843/313 1273/844/313 1274/845/313
f 1275/854/314 1276/852/314 1277/853/314
f 1278/856/315 1279/857/315 1280/855/315
f 1281/840/316 1282/841/316 1283/842/316
f 1284/858/317 1285/859/317 1286/860/317
f 1287/861/318 1288/862/318 1289/863/318
f 1290/847/319 1291/848/319 1292/846/319
f 1293/851/320 1294/849/320 1295/850/320
f 1296/843/321 1297/844/321 1298/845/321
f 1299/854/322 1300/852/322 1301/853/322
f 1302/856/323 1303/857/323 1304/855/323
f 1305/840/324 1306/841/324 1307/842/324
f 1308/858/325 1309/859/325 1310/860/325
f 1311/861/326 1312/862/326 1313/863/326
f 1314/847/327 1315/848/327 1316/846/327
f 1317/851/328 1318/849/328 1319/850/328
f 1320/843/329 1321/844/329 1322/845/329
f 1323/854/330 1324/852/330 1325/853/330
f 1326/856/331 1327/857/331 1328/855/331
f 1329/840/332 1330/841/332 1331/842/332
f 1332/858/333 1333/859/333 1334/860/333
f 1335/861/334 1336/862/334 1337/863/334
f 1338/847/335 1339/848/335 1340/846/335
f 1341/851/336 1342/849/336 1343/850/336
f 1344/843/337 1345/844/337 1346/845/337
f 1347/854/338 1348/852/338 1349/853/338
f 1350/856/339 1351/857/339 1352/855/339
f 1353/840/340 1354/841/340 1355/842/340
f 1356/858/341 1357/859/341 1358/860/341
f 1359/861/342 1360/862/342 1361/863/342
f 1362/847/343 1363/848/343 1364/846/343
f 1365/851/344 1366/849/344 1367/850/344
f 1368/843/345 1369/844/345 1370/845/345
f 1371/854/346 1372/852/346 1373/853/346
f 1374/856/347 1375/857/347 1376/855/347
f 1377/840/348 1378/841/348 1379/842/348
f 1380/858/349 1381/859/349 1382/860/349
f 1383/861/350 1384/862/350 1385/863/350
f 1386/847/351 1387/848/351 1388/846/351
f 1389/851/352 1390/849/352 1391/850/352
f 1392/843/353 1393/844/353 1394/845/353
f 1395/854/354 1396/852/354 1397/853/354
f 1398/856/355 1399/857/355 1400/855/355
f 1401/840/356 1402/841/356 1403/842/356
f 1404/858/357 1405/859/357 1406/860/357
f 1407/861/358 1408/862/358 1409/863/358
f 1410/847/359 1411/848/359 1412/846/359
f 1413/851/360 1414/849/360 1415/850/360
f 1416/843/361 1417/844/361 1418/845/361
f 1419/854/362 1420/852/362 1421/853/362
f 1422/856/363 1423/857/363 1424/855/363
f 1425/840/364 1426/841/364 1427/842/364
f 1428/858/365 1429/859/365 1430/860/365
f 1431/861/366 1432/862/366 1433/863/366
f 1434/847/367 1435/848/367 1436/846/367
f 1437/851/368 1438/849/368 1439/850/368
f 1440/843/369 1441/844/369 1442/845/369
f 1443/854/370 1444/852/370 1445/853/370
f 1446/856/371 1447/857/371 1448/855/371
f 1449/840/372 1450/841/372 1451/842/372
f 1452/858/373 1453/859/373 1454/860/373
f 1455/861/374 1456/862/374 1457/863/374
f 1458/847/375 1459/848/375 1460/846/375
f 1461/851/376 1462/849/376 1463/850/376
f 1464/843/377 1465/844/377 1466/845/377
f 1467/854/378 1468/852/378 1469/853/378
f 1470/856/379 1471/857/379 1472/855/379
f 1473/840/380 1474/841/380 1475/842/380
f 1476/858/381 1477/859/381 1478/860/381
f 1479/861/382 1480/862/382 1481/863/382
f 1482/847/383 1483/848/383 1484/846/383
f 1485/851/384 1486/849/384 1487/850/384
f 1488/843/385 1489/844/385 1490/845/385
f 1491/854/386 1492/852/386 1493/853/386
f 1494/856/387 1495/857/387 1496/855/387
f 1497/840/388 1498/841/388 1499/842/388
f 1500/858/389 1501/859/389 1502/860/389
f 1503/861/390 1504/862/390 1505/863/390
f 1506/847/391 1507/848/391 1508/846/391
f 1509/851/392 1510/849/392 1511/850/392
f 1512/843/393 1513/844/393 1514/845/393
f 1515/854/394 1516/852/394 1517/853/394
f 1518/856/395 1519/857/395 1520/855/395
f 1521/840/396 1522/841/396 1523/842/396
f 1524/858/397 1525/859/397 1526/860/397
f 1527/861/398 1528/862/398 1529/863/398
f 1530/847/399 1531/848/399 1532/846/399
f 1533/851/400 1534/849/400 1535/850/400
f 1536/843/401 1537/844/401 1538/845/401
f 1539/854/402 1540/852/402 1541/853/402
f 1542/856/403 1543/857/403 1544/855/403
f 1545/840/404 1546/841/404 1547/842/404
f 1548/858/405 1549/859/405 1550/860/405
f 1551/861/406 1552/862/406 1553/863/406
f 1554/847/407 1555/848/407 1556/846/407
f 1557/851/408 1558/849/408 1559/850/408
f 1560/843/409 1561/844/409 1562/845/409
f 1563/854/410 1564/852/410 1565/853/410
f 1566/856/411 1567/857/411 1568/855/411
f 1569/840/412 1570/841/412 1571/842/412
f 1572/858/413 1573/859/413 1574/860/413
f 1575/861/414 1576/862/414 1577/863/414
f 1578/847/415 1579/848/415 1580/846/415
f 1581/851/416 1582/849/416 1583/850/416
f 1584/843/417 1585/844/417 1586/845/417
f 1587/854/418 1588/852/418 1589/853/418
f 1590/856/419 1591/857/419 1592/855/419
f 1593/840/420 1594/841/420 1595/842/420
f 1596/858/421 1597/859/421 1598/860/421
f 1599/861/422 1600/862/422 1601/863/422
f 1602/847/423 1603/848/423 1604/846/423
f 1605/851/424 1606/849/424 1607/850/424
f 1608/843/425 1609/844/425 1610/845/425
f 1611/854/426 1612/852/426 1613/853/426
f 1614/856/427 1615/857/427 1616/855/427
f 1617/840/428 1618/841/428 1619/842/428
f 1620/858/429 1621/859/429 1622/860/429
f 1623/861/430 1624/862/430 1625/863/430
f 1626/847/431 1627/848/431 1628/846/431
f 1629/851/432 1630/849/432 1631/850/432
f 1632/843/433 1633/844/433 1634/845/433
f 1635/854/434 1636/852/434 1637/853/434
f 1638/856/435 1639/857/435 1640/855/435
f 1641/840/436 1642/841/436 1643/842/436
f 1644/858/437 1645/859/437 1646/860/437
f 1647/861/438 1648/862/438 1649/863/438
f 1650/847/439 1651/848/439 1652/846/439
f 1653/851/440 1654/849/440 1655/850/440
f 1656/843/441 1657/844/441 1658/845/441
f 1659/854/442 1660/852/442 1661/853/442
f 1662/856/443 1663/857/443 1664/855/443
f 1665/840/444 1666/841/444 1667/842/444
f 1668/858/445 1669/859/445 1670/860/445
f 1671/861/446 1672/862/446 1673/863/446
f 1674/847/447 1675/848/447 1676/846/447
f 1677/851/448 1678/849/448 1679/850/448
f 1680/843/449 1681/844/449 1682/845/449
f 1683/854/450 1684/852/450 1685/853/450
f 1686/856/451 1687/857/451 1688/855/451
f 1689/840/452 1690/841/452 1691/842/452
f 1692/858/453 1693/859/453 1694/860/453
f 1695/861/454 1696/862/454 1697/863/454
f 1698/847/455 1699/848/455 1700/846/455
f 1701/851/456 1702/849/456 1703/850/456
f 1704/843/457 1705/844/457 1706/845/457
f 1707/854/458 1708/852/458 1709/853/458
f 1710/856/459 1711/857/459 1712/855/459
f 1713/840/460 1714/841/460 1715/842/460
f 1716/858/461 1717/859/461 1718/860/461
f 1719/861/462 1720/862/462 1721/863/462
f 1722/847/463 1723/848/463 1724/846/463
f 1725/851/464 1726/849/464 1727/850/464
f 1728/843/465 1729/844/465 1730/845/465
f 1731/854/466 1732/852/466 1733/853/466
f 1734/856/467 1735/857/467 1736/855/467
f 1737/840/468 1738/841/468 1739/842/468
f 1740/858/469 1741/859/469 1742/860/469
f 1743/861/470 1744/862/470 1745/863/470
f 1746/847/471 1747/848/471 1748/846/471
f 1749/851/472 1750/849/472 1751/850/472
f 1752/843/473 1753/844/473 1754/845/473
f 1755/854/474 1756/852/474 1757/853/474
f 1758/856/475 1759/857/475 1760/855/475
f 1761/840/476 1762/841/476 1763/842/476
f 1764/858/477 1765/859/477 1766/860/477
f 1767/861/478 1768/862/478 1769/863/478
f 1770/847/479 1771/848/479 1772/846/479
f 1773/851/480 1774/849/480 1775/850/480
f 1776/843/481 1777/844/481 1778/845/481
f 1779/854/482 1780/852/482 1781/853/482
f 1782/856/483 1783/857/483 1784/855/483
f 1785/840/484 1786/841/484 1787/842/484
f 1788/858/485 1789/859/485 1790/860/485
f 1791/861/486 1792/862/486 1793/863/486
f 1794/847/487 1795/848/487 1796/846/487
f 1797/851/488 1798/849/488 1799/850/488
f 1800/843/489 1801/844/489 1802/845/489
f 1803/854/490 1804/852/490 1805/853/490
f 1806/856/491 1807/857/491 1808/855/491
f 1809/840/492 1810/841/492 1811/842/492
f 1812/858/493 1813/859/493 1814/860/493
f 1815/861/494 1816/862/494 1817/863/494
f 1818/847/495 1819/848/495 1820/846/495
f 1821/851/496 1822/849/496 1823/850/496
f 1824/843/497 1825/844/497 1826/845/497
f 1827/854/498 1828/852/498 1829/853/498
f 1830/856/499 1831/857/499 1832/855/499
f 1833/840/500 1834/841/500 1835/842/500
f 1836/858/501 1837/859/501 1838/860/501
f 1839/861/502 1840/862/502 1841/863/502
f 1842/847/503 1843/848/503 1844/846/503
f 1845/851/504 1846/849/504 1847/850/504
f 1848/843/505 1849/844/505 1850/845/505
f 1851/854/506 1852/852/506 1853/853/506
f 1854/856/507 1855/857/507 1856/855/507
f 1857/840/508 1858/841/508 1859/842/508
f 1860/858/509 1861/859/509 1862/860/509
f 1863/861/510 1864/862/510 1865/863/510
f 1866/847/511 1867/848/511 1868/846/511
f 1869/851/512 1870/849/512 1871/850/512
f 1872/843/513 1873/844/513 1874/845/513
f 1875/854/514 1876/852/514 1877/853/514
f 1878/856/515 1879/857/515 1880/855/515
f 1881/840/516 1882/841/516 1883/842/516
f 1884/858/517 1885/859/517 1886/860/517
f 1887/861/518 1888/862/518 1889/863/518
f 1890/847/519 1891/848/519 1892/846/519
f 1893/851/520 1894/849/520 1895/850/520
f 1896/843/521 1897/844/521 1898/845/521
f 1899/854/522 1900/852/522 1901/853/522
f 1902/856/523 1903/857/523 1904/855/523
f 1905/840/524 1906/841/524 1907/842/524
f 1908/858/525 1909/859/525 1910/860/525
f 1911/861/526 1912/862/526 1913/863/526
f 1914/847/527 1915/848/527 1916/846/527
f 1917/851/528 1918/849/528 1919/850/528
f 1920/843/529 1921/844/529 1922/845/529
f 1923/854/530 1924/852/530 1925/853/530
f 1926/856/531 1927/857/531 1928/855/531
f 1929/840/532 1930/841/532 1931/842/532
f 1932/858/533 1933/859/533 1934/860/533
f 1935/861/534 1936/862/534 1937/863/534
f 1938/847/535 1939/848/535 1940/846/535
f 1941/851/536 1942/849/536 1943/850/536
f 1944/843/537 1945/844/537 1946/845/537
f 1947/854/538 1948/852/538 1949/853/538
f 1950/856/539 1951/857/539 1952/855/539
f 1953/840/540 1954/841/540 1955/842/540
f 1956/858/541 1957/859/541 1958/860/541
f 1959/861/542 1960/862/542 1961/863/542
f 1962/847/543 1963/848/543 1964/846/543
f 1965/851/544 1966/849/544 1967/850/544
f 1968/843/545 1969/844/545 1970/845/545
f 1971/854/546 1972/852/546 1973/853/546
f 1974/856/547 1975/857/547 1976/855/547
f 1977/840/548 1978/841/548 1979/842/548
f 1980/858/549 1981/859/549 1982/860/549
f 1983/861/550 1984/862/550 1985/863/550
f 1986/847/551 1987/848/551 1988/846/551
f 1989/851/552 1990/849/552 1991/850/552
f 1992/843/553 1993/844/553 1994/845/553
f 1995/854/554 1996/852/554 1997/853/554
f 1998/856/555 1999/857/555 2000/855/555
f 2001/840/556 2002/841/556 2003/842/556
f 2004/858/557 2005/859/557 2006/860/557
f 2007/861/558 2008/862/558 2009/863/558
f 2010/847/559 2011/848/559 2012/846/559
f 2013/851/560 2014/849/560 2015/850/560
f 2016/843/561 2017/844/561 2018/845/561
f 2019/854/562 2020/852/562 2021/853/562
f 2022/856/563 2023/857/563 2024/855/563
f 2025/840/564 2026/841/564 2027/842/564
f 2028/858/565 2029/859/565 2030/860/565
f 2031/861/566 2032/862/566 2033/863/566
f 2034/847/567 2035/848/567 2036/846/567
f 2037/851/568 2038/849/568 2039/850/568
f 2040/843/569 2041/844/569 2042/845/569
f 2043/854/570 2044/852/570 2045/853/570
f 2046/856/571 2047/857/571 2048/855/571
f 2049/840/572 2050/841/572 2051/842/572
f 2052/858/573 2053/859/573 2054/860/573
f 2055/861/574 2056/862/574 2057/863/574
f 2058/847/575 2059/848/575 2060/846/575
f 2061/851/576 2062/849/576 2063/850/576
f 2064/843/577 2065/844/577 2066/845/577
f 2067/854/578 2068/852/578 2069/853/578
f 2070/856/579 2071/857/579 2072/855/579
f 2073/840/580 2074/841/580 2075/842/580
f 2076/858/581 2077/859/581 2078/860/581
f 2079/861/582 2080/862/582 2081/863/582
f 2082/847/583 2083/848/583 2084/846/583
f 2085/851/584 2086/849/584 2087/850/584
f 2088/843/585 2089/844/585 2090/845/585
f 2091/854/586 2092/852/586 2093/853/586
f 2094/856/587 2095/857/587 2096/855/587
f 2097/840/588 2098/841/588 2099/842/588
f 2100/858/589 2101/859/589 2102/860/589
f 2103/861/590 2104/862/590 2105/863/590
f 2106/847/591 2107/848/591 2108/846/591
f 2109/851/592 2110/849/592 2111/850/592
f 2112/843/593 2113/844/593 2114/845/593
f 2115/854/594 2116/852/594 2117/853/594
f 2118/856/595 2119/857/595 2120/855/595
f 2121/840/596 2122/841/596 2123/842/596
f 2124/858/597 2125/859/597 2126/860/597
f 2127/861/598 2128/862/598 2129/863/598
f 2130/847/599 2131/848/599 2132/846/599
f 2133/851/600 2134/849/600 2135/850/600
f 2136/843/601 2137/844/601 2138/845/601
f 2139/854/602 2140/852/602 2141/853/602
f 2142/856/603 2143/857/603 2144/855/603
f 2145/840/604 2146/841/604 2147/842/604
f 2148/858/605 2149/859/605 2150/860/605
f 2151/861/606 2152/862/606 2153/863/606
f 2154/847/607 2155/848/607 2156/846/607
f 2157/851/608 2158/849/608 2159/850/608
f 2160/843/609 2161/844/609 2162/845/609
f 2163/854/610 2164/852/610 2165/853/610
f 2166/856/611 2167/857/611 2168/855/611
f 2169/840/612 2170/841/612 2171/842/612
f 2172/858/613 2173/859/613 2174/860/613
f 2175/861/614 2176/862/614 2177/863/614
f 2178/847/615 2179/848/615 2180/846/615
f 2181/864/616 2182/865/617 2183/866/618
f 2182/867/617 2181/868/616 2184/869/619
f 2185/870/620 2184/871/619 2181/872/616
f 2184/873/619 2185/874/620 2186/875/621
f 2187/876/622 2186/875/621 2185/874/620
f 2186/877/621 2187/878/622 2181/879/616
f 2188/880/623 2181/881/616 2187/882/622
f 2181/883/616 2188/884/623 2185/885/620
f 2189/886/624 2185/887/620 2188/888/623
f 2185/889/620 2189/890/624 2187/891/622
f 2188/892/623 2187/893/622 2189/894/624
f 2190/895/625 2186/896/621 2191/897/626
f 2186/898/621 2190/899/625 2184/900/619
f 2192/901/627 2184/902/619 2190/903/625
f 2184/904/619 2192/905/627 2182/906/617
f 2183/907/618 2186/908/621 2181/909/616
f 2186/910/621 2183/911/618 2191/912/626
f 2193/913/628 2194/914/628 2195/915/628
f 2196/916/629 2197/917/629 2198/918/629
f 2199/919/630 2200/920/630 2201/921/630
f 2202/922/631 2203/923/632 2204/924/633
f 2203/925/632 2202/926/631 2205/927/634
f 2206/928/635 2205/929/634 2202/930/631
f 2205/931/634 2206/932/635 2207/933/636
f 2208/934/637 2207/935/636 2206/936/635
f 2207/937/636 2208/938/637 2209/939/638
f 2210/940/639 2209/941/638 2208/942/637
f 2209/943/638 2210/944/639 2206/945/635
f 2208/946/637 2206/947/635 2210/948/639
f 2211/949/640 2202/950/631 2204/951/633
f 2202/952/631 2211/953/640 2207/954/636
f 2212/955/641 2207/956/636 2211/957/640
f 2207/958/636 2212/959/641 2205/960/634
f 2213/961/642 2205/962/634 2212/963/641
f 2205/964/634 2213/965/642 2203/966/632
f 2202/930/631 2209/967/638 2206/928/635
f 2209/968/638 2202/969/631 2207/970/636
f 2214/971/643 2215/972/643 2216/973/643
f 2217/974/644 2218/975/644 2219/976/644
f 2220/977/645 2221/978/645 2222/979/645
f 2223/980/646 2224/981/647 2225/982/648
f 2225/982/648 2226/983/649 2223/980/646
f 2227/984/650 2228/985/651 2229/986/652
f 2229/986/652 2230/987/653 2227/984/650
f 2231/988/654 2225/982/648 2232/989/654
f 2232/989/654 2233/990/655 2231/988/654
f 2234/991/656 2225/982/648 2235/992/657
f 2235/992/657 2236/993/658 2234/991/656
f 2237/994/659 2229/986/652 2238/995/660
f 2238/995/660 2239/996/661 2237/994/659
f 2235/992/657 2240/997/662 2241/998/662
f 2241/998/662 2242/999/663 2235/992/657
f 2243/1000/664 2244/1001/665 2245/1002/664
f 2245/1002/664 2246/1003/666 2243/1000/664
f 2247/1004/667 2248/1005/667 2242/999/663
f 2242/999/663 2249/1006/668 2247/1004/667
f 2250/1007/669 2242/999/663 2251/1008/670
f 2251/1008/670 2252/1009/671 2250/1007/669
f 2253/1010/672 2254/1011/673 2246/1003/666
f 2246/1003/666 2255/1012/674 2253/1010/672
f 2251/1008/670 2256/1013/675 2257/1014/675
f 2257/1014/675 2258/1015/676 2251/1008/670
f 2259/1016/677 2260/1017/678 2261/1018/679
f 2259/1016/677 2262/1019/679 2263/1020/677
f 2263/1020/677 2264/1021/677 2259/1016/677
f 2265/1022/680 2258/1015/676 2266/1023/680
f 2266/1023/680 2267/1024/681 2265/1022/680
f 2268/1025/682 2258/1015/676 2269/1026/683
f 2269/1026/683 2270/1027/684 2268/1025/682
f 2271/1028/685 2272/1029/686 2273/1030/687
f 2273/1030/687 2274/1030/688 2260/1017/678
f 2271/1028/685 2273/1030/687 2260/1017/678
f 2275/1031/689 2276/1032/690 2277/1033/689
f 2277/1033/689 2278/1034/691 2275/1031/689
f 2279/1035/692 2276/1032/690 2280/1036/693
f 2280/1036/693 2281/1037/692 2279/1035/692
f 2282/1038/694 2283/1039/695 2284/1040/696
f 2284/1040/696 2285/1041/694 2282/1038/694
f 2246/1003/666 2286/1042/697 2287/1043/698
f 2246/1003/666 2287/1043/698 2288/1044/699
f 2246/1003/666 2288/1044/699 2255/1012/674
f 2289/1045/646 2290/981/700 2224/981/647
f 2291/1046/701 2292/1047/702 2235/992/657
f 2291/1046/701 2235/992/657 2242/999/663
f 2291/1046/701 2242/999/663 2286/1042/697
f 2238/995/660 2293/1048/703 2294/1049/704
f 2271/1028/685 2295/1050/705 2296/1051/706
f 2271/1028/685 2296/1051/706 2297/1052/707
f 2271/1028/685 2297/1052/707 2283/1039/695
f 2298/1053/708 2299/1054/709 2226/983/649
f 2298/1053/708 2226/983/649 2225/982/648
f 2298/1053/708 2225/982/648 2300/1055/710
f 2301/1056/711 2302/1057/712 2303/1058/712
f 2283/1039/695 2297/1052/707 2304/1059/713
f 2283/1039/695 2304/1059/713 2305/1060/714
f 2283/1039/695 2305/1060/714 2284/1040/696
f 2306/1061/715 2307/1062/716 2269/1026/683
f 2306/1061/715 2269/1026/683 2276/1032/690
f 2306/1061/715 2276/1032/690 2297/1052/707
f 2229/986/652 2300/1055/710 2308/1063/717
f 2229/986/652 2308/1063/717 2309/1064/718
f 2229/986/652 2309/1064/718 2238/995/660
f 2260/1017/678 2310/1065/719 2311/1066/720
f 2311/1066/720 2312/1067/721 2260/1017/678
f 2293/1048/703 2313/1048/722 2294/1049/704
f 2314/1068/723 2315/1069/724 2251/1008/670
f 2314/1068/723 2251/1008/670 2258/1015/676
f 2314/1068/723 2258/1015/676 2310/1065/719
f 2225/982/648 2290/981/700 2289/1045/646
f 2289/1045/646 2316/1070/646 2225/982/648
f 2317/1071/653 2301/1056/711 2229/986/652
f 2229/986/652 2228/985/651 2317/1071/653
f 2235/992/657 2225/982/648 2231/988/654
f 2231/988/654 2318/1072/654 2235/992/657
f 2319/1073/725 2320/1074/726 2225/982/648
f 2225/982/648 2234/991/656 2319/1073/725
f 2234/991/656 2321/1075/727 2322/1076/728
f 2322/1076/728 2319/1073/725 2234/991/656
f 2308/1063/717 2300/1055/710 2225/982/648
f 2225/982/648 2320/1074/726 2308/1063/717
f 2323/1077/659 2229/986/652 2237/994/659
f 2237/994/659 2324/1078/729 2323/1077/659
f 2241/998/662 2325/1079/730 2326/1080/662
f 2326/1080/662 2242/999/663 2241/998/662
f 2245/1002/664 2327/1081/731 2238/995/660
f 2238/995/660 2246/1003/666 2245/1002/664
f 2328/1082/668 2251/1008/670 2242/999/663
f 2242/999/663 2248/1005/667 2328/1082/668
f 2329/1083/732 2330/1084/733 2242/999/663
f 2242/999/663 2250/1007/669 2329/1083/732
f 2329/1083/732 2250/1007/669 2331/1085/734
f 2331/1085/734 2332/1086/735 2329/1083/732
f 2242/999/663 2330/1084/733 2287/1043/698
f 2287/1043/698 2286/1042/697 2242/999/663
f 2333/1087/736 2334/1088/736 2246/1003/666
f 2246/1003/666 2254/1011/673 2333/1087/736
f 2257/1014/675 2335/1089/675 2336/1090/675
f 2336/1090/675 2258/1015/676 2257/1014/675
f 2259/1016/677 2337/1091/737 2255/1012/674
f 2255/1012/674 2260/1017/678 2259/1016/677
f 2265/1022/680 2338/1092/738 2269/1026/683
f 2269/1026/683 2258/1015/676 2265/1022/680
f 2339/1093/739 2340/1094/740 2258/1015/676
f 2258/1015/676 2268/1025/682 2339/1093/739
f 2339/1093/739 2268/1025/682 2341/1095/741
f 2341/1095/741 2342/1096/742 2339/1093/739
f 2258/1015/676 2340/1094/740 2311/1066/720
f 2311/1066/720 2310/1065/719 2258/1015/676
f 2343/1097/686 2260/1017/678 2274/1030/688
f 2343/1097/686 2274/1030/688 2344/1098/743
f 2343/1097/686 2344/1098/743 2345/1099/744
f 2346/1100/745 2347/1101/745 2348/1102/745
f 2348/1102/745 2276/1032/690 2346/1100/745
f 2349/1103/746 2350/1104/747 2271/1028/685
f 2271/1028/685 2283/1039/695 2349/1103/746
f 2275/1031/689 2351/1105/748 2280/1036/693
f 2280/1036/693 2276/1032/690 2275/1031/689
f 2352/1106/749 2353/1107/750 2276/1032/690
f 2276/1032/690 2279/1035/692 2352/1106/749
f 2279/1035/692 2354/1108/692 2355/1109/751
f 2355/1109/751 2352/1106/749 2279/1035/692
f 2304/1059/713 2297/1052/707 2276/1032/690
f 2276/1032/690 2353/1107/750 2304/1059/713
f 2282/1038/694 2356/1110/752 2357/1111/694
f 2357/1111/694 2283/1039/695 2282/1038/694
f 2288/1044/699 2329/1083/732 2332/1086/735
f 2288/1044/699 2332/1086/735 2358/1112/753
f 2288/1044/699 2358/1112/753 2359/1113/754
f 2360/1114/755 2255/1012/674 2288/1044/699
f 2288/1044/699 2359/1113/754 2360/1114/755
f 2321/1075/727 2361/1115/756 2362/1116/757
f 2362/1116/757 2322/1076/728 2321/1075/727
f 2235/992/657 2292/1047/702 2362/1116/757
f 2362/1116/757 2361/1115/756 2235/992/657
f 2361/1115/756 2236/993/658 2235/992/657
f 2286/1042/697 2246/1003/666 2363/1117/758
f 2363/1117/758 2291/1046/701 2286/1042/697
f 2362/1116/757 2294/1049/704 2364/1118/759
f 2364/1118/759 2322/1076/728 2362/1116/757
f 2363/1117/758 2246/1003/666 2238/995/660
f 2238/995/660 2294/1049/704 2362/1116/757
f 2363/1117/758 2238/995/660 2362/1116/757
f 2296/1051/706 2365/1119/760 2342/1096/742
f 2296/1051/706 2342/1096/742 2366/1120/761
f 2296/1051/706 2366/1120/761 2367/1121/762
f 2367/1121/762 2306/1061/715 2297/1052/707
f 2297/1052/707 2296/1051/706 2367/1121/762
f 2368/1122/763 2369/1123/763 2370/1124/764
f 2370/1124/764 2371/1125/765 2368/1122/763
f 2226/983/649 2299/1054/709 2370/1124/764
f 2370/1124/764 2369/1123/763 2226/983/649
f 2369/1123/763 2372/1126/763 2226/983/649
f 2300/1055/710 2229/986/652 2373/1127/766
f 2373/1127/766 2298/1053/708 2300/1055/710
f 2370/1124/764 2303/1058/712 2374/1128/712
f 2374/1128/712 2371/1125/765 2370/1124/764
f 2373/1127/766 2229/986/652 2301/1056/711
f 2301/1056/711 2303/1058/712 2370/1124/764
f 2373/1127/766 2301/1056/711 2370/1124/764
f 2355/1109/751 2375/1129/767 2376/1130/714
f 2355/1109/751 2376/1130/714 2305/1060/714
f 2355/1109/751 2305/1060/714 2352/1106/749
f 2376/1130/714 2377/1131/714 2284/1040/696
f 2284/1040/696 2305/1060/714 2376/1130/714
f 2342/1096/742 2341/1095/741 2378/1132/768
f 2378/1132/768 2366/1120/761 2342/1096/742
f 2269/1026/683 2307/1062/716 2366/1120/761
f 2366/1120/761 2378/1132/768 2269/1026/683
f 2378/1132/768 2270/1027/684 2269/1026/683
f 2322/1076/728 2364/1118/759 2379/1133/718
f 2322/1076/728 2379/1133/718 2309/1064/718
f 2322/1076/728 2309/1064/718 2319/1073/725
f 2238/995/660 2309/1064/718 2379/1133/718
f 2379/1133/718 2380/1048/769 2238/995/660
f 2312/1067/721 2339/1093/739 2342/1096/742
f 2312/1067/721 2342/1096/742 2365/1119/760
f 2312/1067/721 2365/1119/760 2381/1134/770
f 2295/1050/705 2271/1028/685 2260/1017/678
f 2260/1017/678 2312/1067/721 2381/1134/770
f 2295/1050/705 2260/1017/678 2381/1134/770
f 2310/1065/719 2260/1017/678 2382/1135/771
f 2382/1135/771 2314/1068/723 2310/1065/719
f 2332/1086/735 2383/1136/772 2384/1137/773
f 2332/1086/735 2384/1137/773 2385/1138/774
f 2332/1086/735 2385/1138/774 2358/1112/753
f 2382/1135/771 2260/1017/678 2255/1012/674
f 2255/1012/674 2384/1137/773 2383/1136/772
f 2382/1135/771 2255/1012/674 2383/1136/772
f 2331/1085/734 2386/1139/775 2383/1136/772
f 2383/1136/772 2332/1086/735 2331/1085/734
f 2251/1008/670 2315/1069/724 2383/1136/772
f 2383/1136/772 2386/1139/775 2251/1008/670
f 2386/1139/775 2252/1009/671 2251/1008/670
f 2381/1134/770 2387/1140/776 2295/1050/705
f 2388/1118/777 2364/1118/759 2294/1049/704
f 2262/1019/679 2260/1017/678 2263/1020/677
f 2261/1018/679 2260/1017/678 2262/1019/679
f 2259/1016/677 2261/1018/679 2262/1019/679
f 2338/1092/738 2346/1100/745 2276/1032/690
f 2276/1032/690 2269/1026/683 2338/1092/738
f 2283/1039/695 2389/1077/747 2390/1099/747
f 2390/1099/747 2349/1103/746 2283/1039/695
f 2224/981/647 2290/981/700 2225/982/648
f 2391/1137/778 2392/1137/779 2384/1137/773
f 2384/1137/773 2255/1012/674 2391/1137/778
f 2380/1048/769 2293/1048/703 2238/995/660
f 2313/1048/722 2293/1048/703 2380/1048/769
f 2344/1098/743 2274/1030/688 2273/1030/687
f 2273/1030/687 2345/1099/744 2344/1098/743
f 2364/1118/759 2388/1118/777 2313/1048/722
f 2313/1048/722 2380/1048/769 2364/1118/759
f 2391/1137/778 2255/1012/674 2360/1114/755
f 2360/1114/755 2392/1137/779 2391/1137/778
f 2384/1137/773 2392/1137/779 2393/1141/780
f 2385/1138/774 2384/1137/773 2393/1141/780
f 2385/1138/774 2393/1141/780 2358/1112/753
f 2394/1142/781 2330/1143/733 2329/1144/732
f 2395/1145/782 2396/1146/782 2397/1147/782
f 2398/1148/783 2399/1149/783 2400/1150/783
f 2401/1151/784 2402/1146/784 2403/1152/784
f 2404/1142/785 2315/1153/724 2314/1154/723
f 2405/1155/786 2406/1156/786 2407/1157/786
f 2408/1142/787 2409/1158/787 2410/1154/787
f 2411/1159/788 2412/1156/788 2413/1157/788
f 2414/1156/789 2292/1160/702 2291/1161/701
f 2415/1162/790 2416/1142/790 2417/1163/790
f 2418/1161/791 2419/1156/791 2420/1160/791
f 2421/1146/792 2422/1152/792 2423/1164/792
f 2424/1148/793 2381/1165/770 2365/1150/760
f 2425/1162/794 2426/1142/794 2427/1163/794
f 2428/1142/795 2299/1153/709 2298/1154/708
f 2429/1155/796 2430/1156/796 2431/1157/796
f 2432/1166/797 2433/1148/797 2434/1165/797
f 2435/1146/798 2436/1147/798 2437/1164/798
f 2438/1142/799 2439/1153/799 2440/1144/799
f 2441/1155/800 2442/1156/800 2443/1167/800
f 2444/1148/801 2353/1168/750 2352/1166/749
f 2445/1145/802 2446/1146/802 2447/1147/802
f 2448/1156/803 2307/1160/716 2306/1161/715
f 2449/1164/804 2450/1146/804 2451/1152/804
f 2452/1156/805 2320/1169/726 2319/1159/725
f 2453/1170/806 2454/1142/806 2455/1158/806
f 2456/1146/807 2340/1171/740 2339/1151/739
f 2457/1170/808 2458/1142/808 2459/1158/808
f 2460/1172/809 2461/1146/809 2462/1173/809
f 2463/1148/810 2464/1174/810 2465/1175/810
f 2466/1150/811 2467/1148/811 2468/1149/811
f 2469/1146/812 2470/1152/812 2471/1151/812
f 2472/1159/813 2473/1156/813 2474/1160/813
f 2475/1146/814 2476/1147/814 2477/1164/814
f 2478/1151/815 2479/1146/815 2480/1171/815
f 2481/1148/816 2321/1149/727 2234/1176/656
f 2482/1156/817 2483/1160/817 2484/1161/817
f 2485/1162/818 2486/1142/818 2487/1163/818
f 2488/1142/819 2489/1153/819 2490/1144/819
f 2491/1164/820 2492/1146/820 2493/1147/820
f 2494/1156/821 2495/1160/821 2496/1161/821
f 2359/1162/754 2497/1142/822 2360/1163/755
f 2498/1161/823 2499/1156/823 2500/1167/823
f 2501/1148/824 2502/1174/824 2503/1166/824
f 2504/1142/825 2505/1158/825 2506/1154/825
f 2507/1151/826 2508/1146/826 2509/1152/826
f 2510/1151/827 2511/1146/827 2512/1171/827
f 2513/1148/828 2514/1149/828 2515/1176/828
f 2516/1156/829 2517/1169/829 2518/1159/829
f 2268/1170/682 2519/1142/830 2341/1158/741
f 2520/1156/831 2521/1169/831 2522/1159/831
f 2250/1170/669 2523/1142/832 2331/1158/734
f 2524/1156/833 2525/1169/833 2526/1159/833
f 2527/1170/834 2528/1142/834 2529/1158/834
f 2530/1142/835 2531/1153/835 2532/1144/835
f 2533/1155/836 2534/1156/836 2535/1167/836
f 2536/1146/837 2537/1147/837 2538/1172/837
f 2539/1148/838 2540/1174/838 2541/1166/838
f 2542/1148/839 2543/1165/839 2544/1150/839
f 2545/1146/840 2546/1152/840 2547/1164/840
f 2548/1146/841 2549/1171/841 2550/1151/841
f 2551/1148/842 2552/1149/842 2553/1176/842
f 2554/1146/843 2555/1173/843 2556/1172/843
f 2557/1148/844 2558/1174/844 2559/1175/844
f 2560/1156/845 2561/1160/845 2562/1159/845
f 2563/1148/846 2564/1149/846 2565/1175/846
f 2566/1142/847 2567/1158/847 2568/1154/847
f 2569/1156/848 2570/1157/848 2571/1159/848
f 2572/1148/849 2573/1177/849 2574/1166/849
f 2575/1146/850 2576/1147/850 2577/1145/850
f 2578/1156/851 2579/1169/851 2580/1159/851
f 2581/1142/852 2582/1158/852 2583/1170/852
f 2584/1156/853 2585/1160/853 2586/1161/853
f 2587/1142/854 2588/1163/854 2589/1162/854
f 2590/1142/855 2591/1153/855 2592/1144/855
f 2593/1148/856 2594/1149/856 2595/1175/856
f 2596/1148/857 2597/1165/857 2598/1150/857
f 2599/1146/858 2600/1152/858 2601/1164/858
f 2602/1156/859 2603/1167/859 2604/1161/859
f 2605/1142/860 2606/1163/860 2607/1144/860
f 2608/1156/861 2609/1169/861 2610/1159/861
f 2611/1148/862 2612/1149/862 2613/1176/862
f 2614/1146/863 2615/1171/863 2616/1151/863
f 2617/1148/864 2618/1149/864 2619/1176/864
f 2620/1146/865 2621/1173/865 2622/1172/865
f 2623/1148/866 2624/1174/866 2625/1175/866
f 2626/1146/867 2627/1173/867 2628/1151/867
f 2629/1148/868 2630/1149/868 2631/1175/868
f 2632/1148/869 2633/1165/869 2634/1150/869
f 2635/1146/870 2636/1152/870 2637/1164/870
f 2638/1156/871 2639/1169/871 2640/1159/871
f 2641/1148/872 2642/1149/872 2643/1176/872
f 2644/1148/873 2645/1165/873 2646/1150/873
f 2647/1142/874 2648/1163/874 2649/1162/874
f 2650/1156/875 2651/1169/875 2652/1159/875
f 2653/1142/876 2654/1158/876 2655/1170/876
f 2656/980/646 2657/981/877 2658/982/648
f 2658/982/648 2659/983/649 2656/980/646
f 2660/984/653 2661/985/878 2662/986/652
f 2662/986/652 2663/987/653 2660/984/653
f 2664/988/654 2658/982/648 2665/989/654
f 2665/989/654 2666/990/879 2664/988/654
f 2667/991/880 2658/982/648 2668/992/657
f 2668/992/657 2669/993/881 2667/991/880
f 2670/994/659 2662/986/652 2671/995/660
f 2671/995/660 2672/996/661 2670/994/659
f 2668/992/657 2673/997/882 2674/998/662
f 2674/998/662 2675/999/663 2668/992/657
f 2676/1000/664 2677/1001/731 2678/1002/664
f 2678/1002/664 2679/1003/666 2676/1000/664
f 2680/1004/668 2681/1005/883 2675/999/663
f 2675/999/663 2682/1006/668 2680/1004/668
f 2683/1007/669 2675/999/663 2684/1008/670
f 2684/1008/670 2685/1009/671 2683/1007/669
f 2686/1010/672 2687/1011/673 2679/1003/666
f 2679/1003/666 2688/1012/884 2686/1010/672
f 2684/1008/670 2689/1013/675 2690/1014/675
f 2690/1014/675 2691/1015/676 2684/1008/670
f 2692/1016/677 2693/1017/678 2694/1018/677
f 2692/1016/677 2695/1019/679 2696/1020/677
f 2696/1020/677 2697/1021/677 2692/1016/677
f 2698/1022/680 2691/1015/676 2699/1023/680
f 2699/1023/680 2700/1024/680 2698/1022/680
f 2701/1025/885 2691/1015/676 2702/1026/683
f 2702/1026/683 2703/1027/886 2701/1025/885
f 2704/1028/887 2705/1029/888 2706/1030/889
f 2706/1030/889 2707/1030/890 2693/1017/678
f 2704/1028/887 2706/1030/889 2693/1017/678
f 2708/1031/689 2709/1032/690 2710/1033/891
f 2710/1033/891 2711/1034/891 2708/1031/689
f 2712/1035/692 2709/1032/690 2713/1036/693
f 2713/1036/693 2714/1037/692 2712/1035/692
f 2715/1038/694 2716/1039/695 2717/1040/696
f 2717/1040/696 2718/1041/694 2715/1038/694
f 2679/1003/666 2719/1042/697 2720/1043/698
f 2679/1003/666 2720/1043/698 2721/1044/699
f 2679/1003/666 2721/1044/699 2688/1012/884
f 2722/1045/646 2723/981/892 2657/981/877
f 2724/1046/701 2725/1047/702 2668/992/657
f 2724/1046/701 2668/992/657 2675/999/663
f 2724/1046/701 2675/999/663 2719/1042/697
f 2671/995/660 2726/1048/893 2727/1049/704
f 2704/1028/887 2728/1050/894 2729/1051/706
f 2704/1028/887 2729/1051/706 2730/1052/707
f 2704/1028/887 2730/1052/707 2716/1039/695
f 2731/1053/895 2732/1054/896 2659/983/649
f 2731/1053/895 2659/983/649 2658/982/648
f 2731/1053/895 2658/982/648 2733/1055/710
f 2734/1056/711 2735/1057/897 2736/1058/712
f 2716/1039/695 2730/1052/707 2737/1059/713
f 2716/1039/695 2737/1059/713 2738/1060/767
f 2716/1039/695 2738/1060/767 2717/1040/696
f 2739/1061/715 2740/1062/898 2702/1026/683
f 2739/1061/715 2702/1026/683 2709/1032/690
f 2739/1061/715 2709/1032/690 2730/1052/707
f 2662/986/652 2733/1055/710 2741/1063/717
f 2662/986/652 2741/1063/717 2742/1064/718
f 2662/986/652 2742/1064/718 2671/995/660
f 2693/1017/678 2743/1065/719 2744/1066/720
f 2744/1066/720 2745/1067/721 2693/1017/678
f 2726/1048/893 2746/1048/899 2727/1049/704
f 2747/1068/723 2748/1069/724 2684/1008/670
f 2747/1068/723 2684/1008/670 2691/1015/676
f 2747/1068/723 2691/1015/676 2743/1065/719
f 2658/982/648 2723/981/892 2722/1045/646
f 2722/1045/646 2749/1070/646 2658/982/648
f 2750/1071/653 2734/1056/711 2662/986/652
f 2662/986/652 2661/985/878 2750/1071/653
f 2668/992/657 2658/982/648 2664/988/654
f 2664/988/654 2751/1072/655 2668/992/657
f 2752/1073/900 2753/1074/726 2658/982/648
f 2658/982/648 2667/991/880 2752/1073/900
f 2667/991/880 2754/1075/727 2755/1076/728
f 2755/1076/728 2752/1073/900 2667/991/880
f 2741/1063/717 2733/1055/710 2658/982/648
f 2658/982/648 2753/1074/726 2741/1063/717
f 2756/1077/659 2662/986/652 2670/994/659
f 2670/994/659 2757/1078/661 2756/1077/659
f 2674/998/662 2758/1079/882 2759/1080/662
f 2759/1080/662 2675/999/663 2674/998/662
f 2678/1002/664 2760/1081/731 2671/995/660
f 2671/995/660 2679/1003/666 2678/1002/664
f 2761/1082/668 2684/1008/670 2675/999/663
f 2675/999/663 2681/1005/883 2761/1082/668
f 2762/1083/732 2763/1084/901 2675/999/663
f 2675/999/663 2683/1007/669 2762/1083/732
f 2762/1083/732 2683/1007/669 2764/1085/734
f 2764/1085/734 2765/1086/735 2762/1083/732
f 2675/999/663 2763/1084/901 2720/1043/698
f 2720/1043/698 2719/1042/697 2675/999/663
f 2766/1087/736 2767/1088/672 2679/1003/666
f 2679/1003/666 2687/1011/673 2766/1087/736
f 2690/1014/675 2768/1089/675 2769/1090/675
f 2769/1090/675 2691/1015/676 2690/1014/675
f 2692/1016/677 2770/1091/737 2688/1012/884
f 2688/1012/884 2693/1017/678 2692/1016/677
f 2698/1022/680 2771/1092/902 2702/1026/683
f 2702/1026/683 2691/1015/676 2698/1022/680
f 2772/1093/739 2773/1094/903 2691/1015/676
f 2691/1015/676 2701/1025/885 2772/1093/739
f 2772/1093/739 2701/1025/885 2774/1095/741
f 2774/1095/741 2775/1096/742 2772/1093/739
f 2691/1015/676 2773/1094/903 2744/1066/720
f 2744/1066/720 2743/1065/719 2691/1015/676
f 2776/1097/686 2693/1017/678 2707/1030/890
f 2776/1097/686 2707/1030/890 2777/1098/904
f 2776/1097/686 2777/1098/904 2778/1099/905
f 2779/1100/745 2780/1101/745 2781/1102/745
f 2781/1102/745 2709/1032/690 2779/1100/745
f 2782/1103/906 2783/1104/747 2704/1028/887
f 2704/1028/887 2716/1039/695 2782/1103/906
f 2708/1031/689 2784/1105/891 2713/1036/693
f 2713/1036/693 2709/1032/690 2708/1031/689
f 2785/1106/749 2786/1107/750 2709/1032/690
f 2709/1032/690 2712/1035/692 2785/1106/749
f 2712/1035/692 2787/1108/692 2788/1109/907
f 2788/1109/907 2785/1106/749 2712/1035/692
f 2737/1059/713 2730/1052/707 2709/1032/690
f 2709/1032/690 2786/1107/750 2737/1059/713
f 2715/1038/694 2789/1110/694 2790/1111/752
f 2790/1111/752 2716/1039/695 2715/1038/694
f 2721/1044/699 2762/1083/732 2765/1086/735
f 2721/1044/699 2765/1086/735 2791/1112/908
f 2721/1044/699 2791/1112/908 2792/1113/909
f 2793/1114/755 2688/1012/884 2721/1044/699
f 2721/1044/699 2792/1113/909 2793/1114/755
f 2754/1075/727 2794/1115/756 2795/1116/757
f 2795/1116/757 2755/1076/728 2754/1075/727
f 2668/992/657 2725/1047/702 2795/1116/757
f 2795/1116/757 2794/1115/756 2668/992/657
f 2794/1115/756 2669/993/881 2668/992/657
f 2719/1042/697 2679/1003/666 2796/1117/704
f 2796/1117/704 2724/1046/701 2719/1042/697
f 2795/1116/757 2727/1049/704 2797/1118/910
f 2797/1118/910 2755/1076/728 2795/1116/757
f 2796/1117/704 2679/1003/666 2671/995/660
f 2671/995/660 2727/1049/704 2795/1116/757
f 2796/1117/704 2671/995/660 2795/1116/757
f 2729/1051/706 2798/1119/911 2775/1096/742
f 2729/1051/706 2775/1096/742 2799/1120/761
f 2729/1051/706 2799/1120/761 2800/1121/762
f 2800/1121/762 2739/1061/715 2730/1052/707
f 2730/1052/707 2729/1051/706 2800/1121/762
f 2801/1122/763 2802/1123/763 2803/1124/764
f 2803/1124/764 2804/1125/765 2801/1122/763
f 2659/983/649 2732/1054/896 2803/1124/764
f 2803/1124/764 2802/1123/763 2659/983/649
f 2802/1123/763 2805/1126/912 2659/983/649
f 2733/1055/710 2662/986/652 2806/1127/766
f 2806/1127/766 2731/1053/895 2733/1055/710
f 2803/1124/764 2736/1058/712 2807/1128/712
f 2807/1128/712 2804/1125/765 2803/1124/764
f 2806/1127/766 2662/986/652 2734/1056/711
f 2734/1056/711 2736/1058/712 2803/1124/764
f 2806/1127/766 2734/1056/711 2803/1124/764
f 2788/1109/907 2808/1129/913 2809/1130/714
f 2788/1109/907 2809/1130/714 2738/1060/767
f 2788/1109/907 2738/1060/767 2785/1106/749
f 2809/1130/714 2810/1131/714 2717/1040/696
f 2717/1040/696 2738/1060/767 2809/1130/714
f 2775/1096/742 2774/1095/741 2811/1132/914
f 2811/1132/914 2799/1120/761 2775/1096/742
f 2702/1026/683 2740/1062/898 2799/1120/761
f 2799/1120/761 2811/1132/914 2702/1026/683
f 2811/1132/914 2703/1027/886 2702/1026/683
f 2755/1076/728 2797/1118/910 2812/1133/718
f 2755/1076/728 2812/1133/718 2742/1064/718
f 2755/1076/728 2742/1064/718 2752/1073/900
f 2671/995/660 2742/1064/718 2812/1133/718
f 2812/1133/718 2813/1048/915 2671/995/660
f 2745/1067/721 2772/1093/739 2775/1096/742
f 2745/1067/721 2775/1096/742 2798/1119/911
f 2745/1067/721 2798/1119/911 2814/1134/770
f 2728/1050/894 2704/1028/887 2693/1017/678
f 2693/1017/678 2745/1067/721 2814/1134/770
f 2728/1050/894 2693/1017/678 2814/1134/770
f 2743/1065/719 2693/1017/678 2815/1135/771
f 2815/1135/771 2747/1068/723 2743/1065/719
f 2765/1086/735 2816/1136/772 2817/1137/916
f 2765/1086/735 2817/1137/916 2818/1138/917
f 2765/1086/735 2818/1138/917 2791/1112/908
f 2815/1135/771 2693/1017/678 2688/1012/884
f 2688/1012/884 2817/1137/916 2816/1136/772
f 2815/1135/771 2688/1012/884 2816/1136/772
f 2764/1085/734 2819/1139/918 2816/1136/772
f 2816/1136/772 2765/1086/735 2764/1085/734
f 2684/1008/670 2748/1069/724 2816/1136/772
f 2816/1136/772 2819/1139/918 2684/1008/670
f 2819/1139/918 2685/1009/671 2684/1008/670
f 2814/1134/770 2820/1140/919 2728/1050/894
f 2821/1118/920 2797/1118/910 2727/1049/704
f 2695/1019/679 2693/1017/678 2696/1020/677
f 2694/1018/677 2693/1017/678 2695/1019/679
f 2692/1016/677 2694/1018/677 2695/1019/679
f 2771/1092/902 2779/1100/745 2709/1032/690
f 2709/1032/690 2702/1026/683 2771/1092/902
f 2716/1039/695 2822/1077/747 2823/1099/921
f 2823/1099/921 2782/1103/906 2716/1039/695
f 2657/981/877 2723/981/892 2658/982/648
f 2824/1137/922 2825/1137/923 2817/1137/916
f 2817/1137/916 2688/1012/884 2824/1137/922
f 2813/1048/915 2726/1048/893 2671/995/660
f 2746/1048/899 2726/1048/893 2813/1048/915
f 2777/1098/904 2707/1030/890 2706/1030/889
f 2706/1030/889 2778/1099/905 2777/1098/904
f 2797/1118/910 2821/1118/920 2746/1048/899
f 2746/1048/899 2813/1048/915 2797/1118/910
f 2824/1137/922 2688/1012/884 2793/1114/755
f 2793/1114/755 2825/1137/923 2824/1137/922
f 2817/1137/916 2825/1137/923 2826/1141/924
f 2818/1138/917 2817/1137/916 2826/1141/924
f 2818/1138/917 2826/1141/924 2791/1112/908
f 2827/1142/781 2763/1143/901 2762/1144/732
f 2828/1145/782 2829/1146/782 2830/1147/782
f 2831/1148/783 2832/1149/783 2833/1150/783
f 2834/1151/784 2835/1146/784 2836/1152/784
f 2837/1142/785 2748/1153/724 2747/1154/723
f 2838/1155/925 2839/1156/925 2840/1157/925
f 2841/1142/926 2842/1158/926 2843/1154/926
f 2844/1159/788 2845/1156/788 2846/1157/788
f 2847/1156/927 2725/1160/702 2724/1161/701
f 2848/1162/928 2849/1142/928 2850/1163/928
f 2851/1161/929 2852/1156/929 2853/1160/929
f 2854/1146/792 2855/1152/792 2856/1164/792
f 2857/1148/930 2814/1165/770 2798/1150/911
f 2858/1162/931 2859/1142/931 2860/1163/931
f 2861/1142/932 2732/1153/896 2731/1154/895
f 2862/1155/796 2863/1156/796 2864/1157/796
f 2865/1166/797 2866/1148/797 2867/1165/797
f 2868/1146/933 2869/1147/933 2870/1164/933
f 2871/1142/799 2872/1153/799 2873/1144/799
f 2874/1155/800 2875/1156/800 2876/1167/800
f 2877/1148/934 2786/1168/750 2785/1166/749
f 2878/1145/802 2879/1146/802 2880/1147/802
f 2881/1156/803 2740/1160/898 2739/1161/715
f 2882/1164/804 2883/1146/804 2884/1152/804
f 2885/1156/935 2753/1169/726 2752/1159/900
f 2886/1170/936 2887/1142/936 2888/1158/936
f 2889/1146/937 2773/1171/903 2772/1151/739
f 2890/1170/808 2891/1142/808 2892/1158/808
f 2893/1172/938 2894/1146/938 2895/1173/938
f 2896/1148/939 2897/1174/939 2898/1175/939
f 2899/1150/811 2900/1148/811 2901/1149/811
f 2902/1146/940 2903/1152/940 2904/1151/940
f 2905/1159/813 2906/1156/813 2907/1160/813
f 2908/1146/941 2909/1147/941 2910/1164/941
f 2911/1151/942 2912/1146/942 2913/1171/942
f 2914/1148/943 2754/1149/727 2667/1176/880
f 2915/1156/944 2916/1160/944 2917/1161/944
f 2918/1162/945 2919/1142/945 2920/1163/945
f 2921/1142/819 2922/1153/819 2923/1144/819
f 2924/1164/946 2925/1146/946 2926/1147/946
f 2927/1156/947 2928/1160/947 2929/1161/947
f 2792/1162/909 2930/1142/948 2793/1163/755
f 2931/1161/949 2932/1156/949 2933/1167/949
f 2934/1148/824 2935/1174/824 2936/1166/824
f 2937/1142/825 2938/1158/825 2939/1154/825
f 2940/1151/826 2941/1146/826 2942/1152/826
f 2943/1151/950 2944/1146/950 2945/1171/950
f 2946/1148/951 2947/1149/951 2948/1176/951
f 2949/1156/952 2950/1169/952 2951/1159/952
f 2701/1170/885 2952/1142/830 2774/1158/741
f 2953/1156/831 2954/1169/831 2955/1159/831
f 2683/1170/669 2956/1142/832 2764/1158/734
f 2957/1156/833 2958/1169/833 2959/1159/833
f 2960/1170/953 2961/1142/953 2962/1158/953
f 2963/1142/954 2964/1153/954 2965/1144/954
f 2966/1155/836 2967/1156/836 2968/1167/836
f 2969/1146/955 2970/1147/955 2971/1172/955
f 2972/1148/838 2973/1174/838 2974/1166/838
f 2975/1148/956 2976/1165/956 2977/1150/956
f 2978/1146/840 2979/1152/840 2980/1164/840
f 2981/1146/841 2982/1171/841 2983/1151/841
f 2984/1148/957 2985/1149/957 2986/1176/957
f 2987/1146/958 2988/1173/958 2989/1172/958
f 2990/1148/844 2991/1174/844 2992/1175/844
f 2993/1156/959 2994/1160/959 2995/1159/959
f 2996/1148/846 2997/1149/846 2998/1175/846
f 2999/1142/847 3000/1158/847 3001/1154/847
f 3002/1156/848 3003/1157/848 3004/1159/848
f 3005/1148/849 3006/1177/849 3007/1166/849
f 3008/1146/960 3009/1147/960 3010/1145/960
f 3011/1156/851 3012/1169/851 3013/1159/851
f 3014/1142/961 3015/1158/961 3016/1170/961
f 3017/1156/962 3018/1160/962 3019/1161/962
f 3020/1142/963 3021/1163/963 3022/1162/963
f 3023/1142/855 3024/1153/855 3025/1144/855
f 3026/1148/856 3027/1149/856 3028/1175/856
f 3029/1148/964 3030/1165/964 3031/1150/964
f 3032/1146/965 3033/1152/965 3034/1164/965
f 3035/1156/966 3036/1167/966 3037/1161/966
f 3038/1142/860 3039/1163/860 3040/1144/860
f 3041/1156/861 3042/1169/861 3043/1159/861
f 3044/1148/967 3045/1149/967 3046/1176/967
f 3047/1146/968 3048/1171/968 3049/1151/968
f 3050/1148/969 3051/1149/969 3052/1176/969
f 3053/1146/970 3054/1173/970 3055/1172/970
f 3056/1148/971 3057/1174/971 3058/1175/971
f 3059/1146/867 3060/1173/867 3061/1151/867
f 3062/1148/972 3063/1149/972 3064/1175/972
f 3065/1148/869 3066/1165/869 3067/1150/869
f 3068/1146/973 3069/1152/973 3070/1164/973
f 3071/1156/871 3072/1169/871 3073/1159/871
f 3074/1148/974 3075/1149/974 3076/1176/974
f 3077/1148/975 3078/1165/975 3079/1150/975
f 3080/1142/976 3081/1163/976 3082/1162/976
f 3083/1156/875 3084/1169/875 3085/1159/875
f 3086/1142/977 3087/1158/977 3088/1170/977
f 3515/1211/1000 3516/1212/1000 3517/1213/1000
f 3517/1213/1000 3518/1211/1000 3515/1211/1000
f 3516/1212/1000 3519/1212/1000 3517/1213/1000
f 3520/1212/128 3521/1214/128 3522/1215/128
f 3522/1215/128 3523/1212/128 3520/1212/128
f 3521/1214/128 3524/1214/128 3522/1215/128
f 3525/1214/1001 3526/1216/1001 3527/1217/1001
f 3527/1217/1001 3528/1214/1001 3525/1214/1001
f 3526/1216/1001 3529/1216/1001 3527/1217/1001
f 3530/1211/43 3531/1216/43 3532/1214/43
f 3533/1212/43 3530/1211/43 3532/1214/43
f 3534/1218/1002 3535/1219/1002 3536/1217/1002
f 3537/1219/1003 3538/1218/1003 3539/1215/1003
f 3540/1219/1004 3541/1215/1004 3542/1214/1004
f 3543/1214/1005 3544/1217/1005 3545/1219/1005
f 3546/1213/1002 3547/1220/1002 3534/1218/1002
f 3548/1220/1003 3549/1213/1003 3550/1212/1003
f 3551/1212/1004 3541/1215/1004 3552/1220/1004
f 3553/1218/1005 3554/1220/1005 3555/1215/1005
f 3556/1211/1002 3557/1221/1002 3558/1222/1002
f 3559/1211/1003 3549/1213/1003 3560/1221/1003
f 3561/1221/1004 3562/1213/1004 3563/1218/1004
f 3564/1222/1005 3565/1221/1005 3553/1218/1005
f 3566/1216/1002 3558/1222/1002 3567/1223/1002
f 3568/1223/1003 3569/1222/1003 3538/1218/1003
f 3570/1223/1004 3563/1218/1004 3571/1217/1004
f 3572/1216/1005 3573/1223/1005 3544/1217/1005
f 3574/1224/1000 3575/1225/1000 3576/1226/1000
f 3576/1226/1000 3577/1224/1000 3574/1224/1000
f 3575/1225/1000 3578/1225/1000 3576/1226/1000
f 3579/1225/128 3580/1227/128 3581/1228/128
f 3581/1228/128 3582/1225/128 3579/1225/128
f 3580/1227/128 3583/1227/128 3581/1228/128
f 3584/1227/1001 3585/1229/1001 3586/1230/1001
f 3586/1230/1001 3587/1227/1001 3584/1227/1001
f 3585/1229/1001 3588/1229/1001 3586/1230/1001
f 3589/1224/43 3590/1229/43 3591/1227/43
f 3592/1225/43 3589/1224/43 3591/1227/43
f 3593/1231/1002 3594/1232/1002 3595/1230/1002
f 3596/1232/1003 3597/1231/1003 3598/1228/1003
f 3599/1232/1004 3600/1228/1004 3601/1227/1004
f 3602/1227/1005 3603/1230/1005 3604/1232/1005
f 3605/1226/1002 3606/1233/1002 3593/1231/1002
f 3607/1233/1003 3608/1226/1003 3609/1225/1003
f 3610/1225/1004 3600/1228/1004 3611/1233/1004
f 3612/1231/1005 3613/1233/1005 3614/1228/1005
f 3615/1224/1002 3616/1234/1002 3617/1235/1002
f 3618/1224/1003 3608/1226/1003 3619/1234/1003
f 3620/1234/1004 3621/1226/1004 3622/1231/1004
f 3623/1235/1005 3624/1234/1005 3612/1231/1005
f 3625/1229/1002 3617/1235/1002 3626/1236/1002
f 3627/1236/1003 3628/1235/1003 3597/1231/1003
f 3629/1236/1004 3622/1231/1004 3630/1230/1004
f 3631/1229/1005 3632/1236/1005 3603/1230/1005
f 3633/1237/1000 3634/1238/1000 3635/1239/1000
f 3635/1239/1000 3636/1237/1000 3633/1237/1000
f 3634/1238/1000 3637/1238/1000 3635/1239/1000
f 3638/1240/1001 3639/1241/1001 3640/1242/1001
f 3640/1242/1001 3641/1240/1001 3638/1240/1001
f 3639/1241/1001 3642/1241/1001 3640/1242/1001
f 3643/1237/43 3644/1241/43 3645/1240/43
f 3646/1238/43 3643/1237/43 3645/1240/43
f 3647/1243/1002 3648/1244/1002 3649/1242/1002
f 3650/1244/1003 3651/1243/1003 3652/1245/1003
f 3653/1244/1004 3654/1245/1004 3655/1240/1004
f 3656/1240/1005 3657/1242/1005 3658/1244/1005
f 3659/1239/1002 3660/1246/1002 3647/1243/1002
f 3661/1246/1003 3662/1239/1003 3663/1238/1003
f 3664/1238/1004 3654/1245/1004 3665/1246/1004
f 3666/1243/1005 3667/1246/1005 3668/1245/1005
f 3669/1237/1002 3670/1247/1002 3671/1248/1002
f 3672/1237/1003 3662/1239/1003 3673/1247/1003
f 3674/1247/1004 3675/1239/1004 3676/1243/1004
f 3677/1248/1005 3678/1247/1005 3666/1243/1005
f 3679/1241/1002 3671/1248/1002 3680/1249/1002
f 3681/1249/1003 3682/1248/1003 3651/1243/1003
f 3683/1249/1004 3676/1243/1004 3684/1242/1004
f 3685/1241/1005 3686/1249/1005 3657/1242/1005
f 3687/1250/1000 3688/1251/1000 3689/1252/1000
f 3689/1252/1000 3690/1250/1000 3687/1250/1000
f 3688/1251/1000 3691/1251/1000 3689/1252/1000
f 3692/1253/1001 3693/1254/1001 3694/1255/1001
f 3694/1255/1001 3695/1253/1001 3692/1253/1001
f 3693/1254/1001 3696/1254/1001 3694/1255/1001
f 3697/1250/43 3698/1254/43 3699/1253/1006
f 3700/1251/1007 3697/1250/43 3699/1253/1006
f 3701/1256/1002 3702/1257/1002 3703/1255/1002
f 3704/1257/1003 3705/1256/1003 3706/1258/1003
f 3707/1257/1004 3708/1258/1004 3709/1253/1008
f 3710/1253/79 3711/1255/1005 3712/1253/1009
f 3713/1252/1002 3714/1259/1002 3701/1256/1002
f 3715/1259/1003 3716/1252/1003 3717/1251/1010
f 3718/1251/1004 3708/1258/1004 3719/1259/1004
f 3720/1256/1005 3721/1259/1005 3722/1258/1005
f 3723/1250/1002 3724/1260/1002 3725/1261/1002
f 3726/1250/1003 3716/1252/1003 3727/1260/1003
f 3728/1260/1004 3729/1252/1004 3730/1256/1004
f 3731/1261/1005 3732/1260/1005 3720/1256/1005
f 3733/1254/1002 3725/1261/1002 3734/1262/1002
f 3735/1262/1003 3736/1261/1003 3705/1256/1003
f 3737/1262/1004 3730/1256/1004 3738/1255/1004
f 3739/1254/1005 3740/1262/1005 3711/1255/1005
f 3741/1263/1000 3742/1264/1000 3743/1265/1000
f 3743/1265/1000 3744/1263/1000 3741/1263/1000
f 3742/1264/1000 3745/1264/1000 3743/1265/1000
f 3746/1266/1001 3747/1267/1001 3748/1268/1001
f 3748/1268/1001 3749/1266/1001 3746/1266/1001
f 3747/1267/1001 3750/1267/1001 3748/1268/1001
f 3751/1263/43 3752/1267/43 3753/1266/43
f 3754/1264/43 3751/1263/43 3753/1266/43
f 3755/1269/1002 3756/1270/1002 3757/1268/1002
f 3758/1270/1003 3759/1269/1003 3760/1271/1003
f 3761/1270/1004 3762/1271/1004 3763/1266/1004
f 3764/1266/1005 3765/1268/1005 3766/1270/1005
f 3767/1265/1002 3768/1272/1002 3755/1269/1002
f 3769/1272/1003 3770/1265/1003 3771/1264/1003
f 3772/1264/1004 3762/1271/1004 3773/1272/1004
f 3774/1269/1005 3775/1272/1005 3776/1271/1005
f 3777/1263/1002 3778/1273/1002 3779/1274/1002
f 3780/1263/1003 3770/1265/1003 3781/1273/1003
f 3782/1273/1004 3783/1265/1004 3784/1269/1004
f 3785/1274/1005 3786/1273/1005 3774/1269/1005
f 3787/1267/1002 3779/1274/1002 3788/1275/1002
f 3789/1275/1003 3790/1274/1003 3759/1269/1003
f 3791/1275/1004 3784/1269/1004 3792/1268/1004
f 3793/1267/1005 3794/1275/1005 3765/1268/1005
f 3795/1276/1000 3796/1277/1000 3797/1278/1000
f 3797/1278/1000 3798/1276/1000 3795/1276/1000
f 3796/1277/1000 3799/1277/1000 3797/1278/1000
f 3800/1279/1001 3801/1280/1001 3802/1281/1001
f 3802/1281/1001 3803/1279/1001 3800/1279/1001
f 3801/1280/1001 3804/1280/1001 3802/1281/1001
f 3805/1276/43 3806/1280/43 3807/1279/43
f 3808/1277/43 3805/1276/43 3807/1279/43
f 3809/1282/1002 3810/1283/1002 3811/1281/1002
f 3812/1283/1003 3813/1282/1003 3814/1284/1003
f 3815/1283/1004 3816/1284/1004 3817/1279/1004
f 3818/1279/1005 3819/1281/1005 3820/1283/1005
f 3821/1278/1002 3822/1285/1002 3809/1282/1002
f 3823/1285/1003 3824/1278/1003 3825/1277/1003
f 3826/1277/1004 3816/1284/1004 3827/1285/1004
f 3828/1282/1005 3829/1285/1005 3830/1284/1005
f 3831/1276/1002 3832/1286/1002 3833/1287/1002
f 3834/1276/1003 3824/1278/1003 3835/1286/1003
f 3836/1286/1004 3837/1278/1004 3838/1282/1004
f 3839/1287/1005 3840/1286/1005 3828/1282/1005
f 3841/1280/1002 3833/1287/1002 3842/1288/1002
f 3843/1288/1003 3844/1287/1003 3813/1282/1003
f 3845/1288/1004 3838/1282/1004 3846/1281/1004
f 3847/1280/1005 3848/1288/1005 3819/1281/1005
f 3849/1289/1000 3850/1290/1000 3851/1291/1000
f 3851/1291/1000 3852/1289/1000 3849/1289/1000
f 3850/1290/1000 3853/1290/1000 3851/1291/1000
f 3854/1292/1001 3855/1293/1001 3856/1294/1001
f 3856/1294/1001 3857/1292/1001 3854/1292/1001
f 3855/1293/1001 3858/1293/1001 3856/1294/1001
f 3859/1289/43 3860/1293/43 3861/1292/43
f 3862/1290/43 3859/1289/43 3861/1292/43
f 3863/1295/1002 3864/1296/1002 3865/1294/1002
f 3866/1296/1003 3867/1295/1003 3868/1297/1003
f 3869/1296/1004 3870/1297/1004 3871/1292/1004
f 3872/1292/1005 3873/1294/1005 3874/1296/1005
f 3875/1291/1002 3876/1298/1002 3863/1295/1002
f 3877/1298/1003 3878/1291/1003 3879/1290/1003
f 3880/1290/1004 3870/1297/1004 3881/1298/1004
f 3882/1295/1005 3883/1298/1005 3884/1297/1005
f 3885/1289/1002 3886/1299/1002 3887/1300/1002
f 3888/1289/1003 3878/1291/1003 3889/1299/1003
f 3890/1299/1004 3891/1291/1004 3892/1295/1004
f 3893/1300/1005 3894/1299/1005 3882/1295/1005
f 3895/1293/1002 3887/1300/1002 3896/1301/1002
f 3897/1301/1003 3898/1300/1003 3867/1295/1003
f 3899/1301/1004 3892/1295/1004 3900/1294/1004
f 3901/1293/1005 3902/1301/1005 3873/1294/1005
f 3903/1302/1000 3904/1303/1000 3905/1304/1000
f 3905/1304/1000 3906/1302/1000 3903/1302/1000
f 3904/1303/1000 3907/1303/1000 3905/1304/1000
f 3908/1305/1001 3909/1306/1001 3910/1307/1001
f 3910/1307/1001 3911/1305/1001 3908/1305/1001
f 3909/1306/1001 3912/1306/1001 3910/1307/1001
f 3913/1302/43 3914/1306/43 3915/1305/43
f 3916/1303/43 3913/1302/43 3915/1305/43
f 3917/1308/1002 3918/1309/1002 3919/1307/1002
f 3920/1309/1003 3921/1308/1003 3922/1310/1003
f 3923/1309/1004 3924/1310/1004 3925/1305/1004
f 3926/1305/1005 3927/1307/1005 3928/1309/1005
f 3929/1304/1002 3930/1311/1002 3917/1308/1002
f 3931/1311/1003 3932/1304/1003 3933/1303/1003
f 3934/1303/1004 3924/1310/1004 3935/1311/1004
f 3936/1308/1005 3937/1311/1005 3938/1310/1005
f 3939/1302/1002 3940/1312/1002 3941/1313/1002
f 3942/1302/1003 3932/1304/1003 3943/1312/1003
f 3944/1312/1004 3945/1304/1004 3946/1308/1004
f 3947/1313/1005 3948/1312/1005 3936/1308/1005
f 3949/1306/1002 3941/1313/1002 3950/1314/1002
f 3951/1314/1003 3952/1313/1003 3921/1308/1003
f 3953/1314/1004 3946/1308/1004 3954/1307/1004
f 3955/1306/1005 3956/1314/1005 3927/1307/1005
f 3957/1315/1000 3958/1316/1000 3959/1317/1000
f 3959/1317/1000 3960/1315/1000 3957/1315/1000
f 3958/1316/1000 3961/1316/1000 3959/1317/1000
f 3962/1318/1001 3963/1319/1001 3964/1320/1001
f 3964/1320/1001 3965/1318/1001 3962/1318/1001
f 3963/1319/1001 3966/1319/1001 3964/1320/1001
f 3967/1315/43 3968/1319/43 3969/1318/43
f 3970/1316/43 3967/1315/43 3969/1318/43
f 3971/1321/1002 3972/1322/1002 3973/1320/1002
f 3974/1322/1003 3975/1321/1003 3976/1323/1003
f 3977/1322/1004 3978/1323/1004 3979/1318/1004
f 3980/1318/1005 3981/1320/1005 3982/1322/1005
f 3983/1317/1002 3984/1324/1002 3971/1321/1002
f 3985/1324/1003 3986/1317/1003 3987/1316/1003
f 3988/1316/1004 3978/1323/1004 3989/1324/1004
f 3990/1321/1005 3991/1324/1005 3992/1323/1005
f 3993/1315/1002 3994/1325/1002 3995/1326/1002
f 3996/1315/1003 3986/1317/1003 3997/1325/1003
f 3998/1325/1004 3999/1317/1004 4000/1321/1004
f 4001/1326/1005 4002/1325/1005 3990/1321/1005
f 4003/1319/1002 3995/1326/1002 4004/1327/1002
f 4005/1327/1003 4006/1326/1003 3975/1321/1003
f 4007/1327/1004 4000/1321/1004 4008/1320/1004
f 4009/1319/1005 4010/1327/1005 3981/1320/1005
f 4011/1328/1000 4012/1329/1000 4013/1330/1000
f 4013/1330/1000 4014/1328/1000 4011/1328/1000
f 4012/1329/1000 4015/1329/1000 4013/1330/1000
f 4016/1331/1001 4017/1332/1001 4018/1333/1001
f 4018/1333/1001 4019/1331/1001 4016/1331/1001
f 4017/1332/1001 4020/1332/1001 4018/1333/1001
f 4021/1328/43 4022/1332/43 4023/1331/43
f 4024/1329/43 4021/1328/43 4023/1331/43
f 4025/1334/1002 4026/1335/1002 4027/1333/1002
f 4028/1335/1003 4029/1334/1003 4030/1336/1003
f 4031/1335/1004 4032/1336/1004 4033/1331/1004
f 4034/1331/1005 4035/1333/1005 4036/1335/1005
f 4037/1330/1002 4038/1337/1002 4025/1334/1002
f 4039/1337/1003 4040/1330/1003 4041/1329/1003
f 4042/1329/1004 4032/1336/1004 4043/1337/1004
f 4044/1334/1005 4045/1337/1005 4046/1336/1005
f 4047/1328/1002 4048/1338/1002 4049/1339/1002
f 4050/1328/1003 4040/1330/1003 4051/1338/1003
f 4052/1338/1004 4053/1330/1004 4054/1334/1004
f 4055/1339/1005 4056/1338/1005 4044/1334/1005
f 4057/1332/1002 4049/1339/1002 4058/1340/1002
f 4059/1340/1003 4060/1339/1003 4029/1334/1003
f 4061/1340/1004 4054/1334/1004 4062/1333/1004
f 4063/1332/1005 4064/1340/1005 4035/1333/1005
f 4065/1341/1000 4066/1342/1000 4067/1343/1000
f 4067/1343/1000 4068/1341/1000 4065/1341/1000
f 4066/1342/1000 4069/1342/1000 4067/1343/1000
f 4070/1344/1001 4071/1345/1001 4072/1346/1001
f 4072/1346/1001 4073/1344/1001 4070/1344/1001
f 4071/1345/1001 4074/1345/1001 4072/1346/1001
f 4075/1341/43 4076/1345/43 4077/1344/43
f 4078/1342/43 4075/1341/43 4077/1344/43
f 4079/1347/1002 4080/1348/1002 4081/1346/1002
f 4082/1348/1003 4083/1347/1003 4084/1349/1003
f 4085/1348/1004 4086/1349/1004 4087/1344/1004
f 4088/1344/1005 4089/1346/1005 4090/1348/1005
f 4091/1343/1002 4092/1350/1002 4079/1347/1002
f 4093/1350/1003 4094/1343/1003 4095/1342/1003
f 4096/1342/1004 4086/1349/1004 4097/1350/1004
f 4098/1347/1005 4099/1350/1005 4100/1349/1005
f 4101/1341/1002 4102/1351/1002 4103/1352/1002
f 4104/1341/1003 4094/1343/1003 4105/1351/1003
f 4106/1351/1004 4107/1343/1004 4108/1347/1004
f 4109/1352/1005 4110/1351/1005 4098/1347/1005
f 4111/1345/1002 4103/1352/1002 4112/1353/1002
f 4113/1353/1003 4114/1352/1003 4083/1347/1003
f 4115/1353/1004 4108/1347/1004 4116/1346/1004
f 4117/1345/1005 4118/1353/1005 4089/1346/1005
f 4119/1354/1000 4120/1355/1000 4121/1356/1000
f 4121/1356/1000 4122/1354/1000 4119/1354/1000
f 4120/1355/1000 4123/1355/1000 4121/1356/1000
f 4124/1357/1001 4125/1358/1001 4126/1359/1001
f 4126/1359/1001 4127/1357/1001 4124/1357/1001
f 4125/1358/1001 4128/1358/1001 4126/1359/1001
f 4129/1354/43 4130/1358/43 4131/1357/43
f 4132/1355/43 4129/1354/43 4131/1357/43
f 4133/1360/1002 4134/1361/1002 4135/1359/1002
f 4136/1361/1003 4137/1360/1003 4138/1362/1003
f 4139/1361/1004 4140/1362/1004 4141/1357/1004
f 4142/1357/1005 4143/1359/1005 4144/1361/1005
f 4145/1356/1002 4146/1363/1002 4133/1360/1002
f 4147/1363/1003 4148/1356/1003 4149/1355/1003
f 4150/1355/1004 4140/1362/1004 4151/1363/1004
f 4152/1360/1005 4153/1363/1005 4154/1362/1005
f 4155/1354/1002 4156/1364/1002 4157/1365/1002
f 4158/1354/1003 4148/1356/1003 4159/1364/1003
f 4160/1364/1004 4161/1356/1004 4162/1360/1004
f 4163/1365/1005 4164/1364/1005 4152/1360/1005
f 4165/1358/1002 4157/1365/1002 4166/1366/1002
f 4167/1366/1003 4168/1365/1003 4137/1360/1003
f 4169/1366/1004 4162/1360/1004 4170/1359/1004
f 4171/1358/1005 4172/1366/1005 4143/1359/1005
f 4173/1367/1000 4174/1368/1000 4175/1369/1000
f 4175/1369/1000 4176/1367/1000 4173/1367/1000
f 4174/1368/1000 4177/1368/1000 4175/1369/1000
f 4178/1370/1001 4179/1371/1001 4180/1372/1001
f 4180/1372/1001 4181/1370/1001 4178/1370/1001
f 4179/1371/1001 4182/1371/1001 4180/1372/1001
f 4183/1367/43 4184/1371/43 4185/1370/43
f 4186/1368/43 4183/1367/43 4185/1370/43
f 4187/1373/1002 4188/1374/1002 4189/1372/1002
f 4190/1374/1003 4191/1373/1003 4192/1375/1003
f 4193/1374/1004 4194/1375/1004 4195/1370/1004
f 4196/1370/1005 4197/1372/1005 4198/1374/1005
f 4199/1369/1002 4200/1376/1002 4187/1373/1002
f 4201/1376/1003 4202/1369/1003 4203/1368/1003
f 4204/1368/1004 4194/1375/1004 4205/1376/1004
f 4206/1373/1005 4207/1376/1005 4208/1375/1005
f 4209/1367/1002 4210/1377/1002 4211/1378/1002
f 4212/1367/1003 4202/1369/1003 4213/1377/1003
f 4214/1377/1004 4215/1369/1004 4216/1373/1004
f 4217/1378/1005 4218/1377/1005 4206/1373/1005
f 4219/1371/1002 4211/1378/1002 4220/1379/1002
f 4221/1379/1003 4222/1378/1003 4191/1373/1003
f 4223/1379/1004 4216/1373/1004 4224/1372/1004
f 4225/1371/1005 4226/1379/1005 4197/1372/1005
f 4227/1380/1000 4228/1381/1000 4229/1382/1000
f 4229/1382/1000 4230/1380/1000 4227/1380/1000
f 4228/1381/1000 4231/1381/1000 4229/1382/1000
f 4232/1383/1001 4233/1384/1001 4234/1385/1001
f 4234/1385/1001 4235/1383/1001 4232/1383/1001
f 4233/1384/1001 4236/1384/1001 4234/1385/1001
f 4237/1380/43 4238/1384/43 4239/1383/43
f 4240/1381/43 4237/1380/43 4239/1383/43
f 4241/1386/1002 4242/1387/1002 4243/1385/1002
f 4244/1387/1003 4245/1386/1003 4246/1388/1003
f 4247/1387/1004 4248/1388/1004 4249/1383/1004
f 4250/1383/1005 4251/1385/1005 4252/1387/1005
f 4253/1382/1002 4254/1389/1002 4241/1386/1002
f 4255/1389/1003 4256/1382/1003 4257/1381/1003
f 4258/1381/1004 4248/1388/1004 4259/1389/1004
f 4260/1386/1005 4261/1389/1005 4262/1388/1005
f 4263/1380/1002 4264/1390/1002 4265/1391/1002
f 4266/1380/1003 4256/1382/1003 4267/1390/1003
f 4268/1390/1004 4269/1382/1004 4270/1386/1004
f 4271/1391/1005 4272/1390/1005 4260/1386/1005
f 4273/1384/1002 4265/1391/1002 4274/1392/1002
f 4275/1392/1003 4276/1391/1003 4245/1386/1003
f 4277/1392/1004 4270/1386/1004 4278/1385/1004
f 4279/1384/1005 4280/1392/1005 4251/1385/1005
f 4281/1393/1000 4282/1394/1000 4283/1395/1000
f 4283/1395/1000 4284/1393/1000 4281/1393/1000
f 4282/1394/1000 4285/1394/1000 4283/1395/1000
f 4286/1396/1001 4287/1397/1001 4288/1398/1001
f 4288/1398/1001 4289/1396/1001 4286/1396/1001
f 4287/1397/1001 4290/1397/1001 4288/1398/1001
f 4291/1393/43 4292/1397/43 4293/1396/43
f 4294/1394/43 4291/1393/43 4293/1396/43
f 4295/1399/1002 4296/1400/1002 4297/1398/1002
f 4298/1400/1003 4299/1399/1003 4300/1401/1003
f 4301/1400/1004 4302/1401/1004 4303/1396/1004
f 4304/1396/1005 4305/1398/1005 4306/1400/1005
f 4307/1395/1002 4308/1402/1002 4295/1399/1002
f 4309/1402/1003 4310/1395/1003 4311/1394/1003
f 4312/1394/1004 4302/1401/1004 4313/1402/1004
f 4314/1399/1005 4315/1402/1005 4316/1401/1005
f 4317/1393/1002 4318/1403/1002 4319/1404/1002
f 4320/1393/1003 4310/1395/1003 4321/1403/1003
f 4322/1403/1004 4323/1395/1004 4324/1399/1004
f 4325/1404/1005 4326/1403/1005 4314/1399/1005
f 4327/1397/1002 4319/1404/1002 4328/1405/1002
f 4329/1405/1003 4330/1404/1003 4299/1399/1003
f 4331/1405/1004 4324/1399/1004 4332/1398/1004
f 4333/1397/1005 4334/1405/1005 4305/1398/1005
f 4335/1406/1000 4336/1407/1000 4337/1408/1000
f 4337/1408/1000 4338/1406/1000 4335/1406/1000
f 4336/1407/1000 4339/1407/1000 4337/1408/1000
f 4340/1409/1001 4341/1410/1001 4342/1411/1001
f 4342/1411/1001 4343/1409/1001 4340/1409/1001
f 4341/1410/1001 4344/1410/1001 4342/1411/1001
f 4345/1406/43 4346/1410/43 4347/1409/43
f 4348/1407/43 4345/1406/43 4347/1409/43
f 4349/1412/1002 4350/1413/1002 4351/1411/1002
f 4352/1413/1003 4353/1412/1003 4354/1414/1003
f 4355/1413/1004 4356/1414/1004 4357/1409/1004
f 4358/1409/1005 4359/1411/1005 4360/1413/1005
f 4361/1408/1002 4362/1415/1002 4349/1412/1002
f 4363/1415/1003 4364/1408/1003 4365/1407/1003
f 4366/1407/1004 4356/1414/1004 4367/1415/1004
f 4368/1412/1005 4369/1415/1005 4370/1414/1005
f 4371/1406/1002 4372/1416/1002 4373/1417/1002
f 4374/1406/1003 4364/1408/1003 4375/1416/1003
f 4376/1416/1004 4377/1408/1004 4378/1412/1004
f 4379/1417/1005 4380/1416/1005 4368/1412/1005
f 4381/1410/1002 4373/1417/1002 4382/1418/1002
f 4383/1418/1003 4384/1417/1003 4353/1412/1003
f 4385/1418/1004 4378/1412/1004 4386/1411/1004
f 4387/1410/1005 4388/1418/1005 4359/1411/1005
f 4389/1419/1000 4390/1420/1000 4391/1421/1000
f 4391/1421/1000 4392/1419/1000 4389/1419/1000
f 4390/1420/1000 4393/1420/1000 4391/1421/1000
f 4394/1422/1001 4395/1423/1001 4396/1424/1001
f 4396/1424/1001 4397/1422/1001 4394/1422/1001
f 4395/1423/1001 4398/1423/1001 4396/1424/1001
f 4399/1419/43 4400/1423/43 4401/1422/43
f 4402/1420/43 4399/1419/43 4401/1422/43
f 4403/1425/1002 4404/1426/1002 4405/1424/1002
f 4406/1426/1003 4407/1425/1003 4408/1427/1003
f 4409/1426/1004 4410/1427/1004 4411/1422/1004
f 4412/1422/1005 4413/1424/1005 4414/1426/1005
f 4415/1421/1002 4416/1428/1002 4403/1425/1002
f 4417/1428/1003 4418/1421/1003 4419/1420/1003
f 4420/1420/1004 4410/1427/1004 4421/1428/1004
f 4422/1425/1005 4423/1428/1005 4424/1427/1005
f 4425/1419/1002 4426/1429/1002 4427/1430/1002
f 4428/1419/1003 4418/1421/1003 4429/1429/1003
f 4430/1429/1004 4431/1421/1004 4432/1425/1004
f 4433/1430/1005 4434/1429/1005 4422/1425/1005
f 4435/1423/1002 4427/1430/1002 4436/1431/1002
f 4437/1431/1003 4438/1430/1003 4407/1425/1003
f 4439/1431/1004 4432/1425/1004 4440/1424/1004
f 4441/1423/1005 4442/1431/1005 4413/1424/1005
f 4443/1432/1000 4444/1433/1000 4445/1434/1000
f 4445/1434/1000 4446/1432/1000 4443/1432/1000
f 4444/1433/1000 4447/1433/1000 4445/1434/1000
f 4448/1435/1001 4449/1436/1001 4450/1437/1001
f 4450/1437/1001 4451/1435/1001 4448/1435/1001
f 4449/1436/1001 4452/1436/1001 4450/1437/1001
f 4453/1432/43 4454/1436/43 4455/1435/43
f 4456/1433/43 4453/1432/43 4455/1435/43
f 4457/1438/1002 4458/1439/1002 4459/1437/1002
f 4460/1439/1003 4461/1438/1003 4462/1440/1003
f 4463/1439/1004 4464/1440/1004 4465/1435/1004
f 4466/1435/1005 4467/1437/1005 4468/1439/1005
f 4469/1434/1002 4470/1441/1002 4457/1438/1002
f 4471/1441/1003 4472/1434/1003 4473/1433/1003
f 4474/1433/1004 4464/1440/1004 4475/1441/1004
f 4476/1438/1005 4477/1441/1005 4478/1440/1005
f 4479/1432/1002 4480/1442/1002 4481/1443/1002
f 4482/1432/1003 4472/1434/1003 4483/1442/1003
f 4484/1442/1004 4485/1434/1004 4486/1438/1004
f 4487/1443/1005 4488/1442/1005 4476/1438/1005
f 4489/1436/1002 4481/1443/1002 4490/1444/1002
f 4491/1444/1003 4492/1443/1003 4461/1438/1003
f 4493/1444/1004 4486/1438/1004 4494/1437/1004
f 4495/1436/1005 4496/1444/1005 4467/1437/1005
f 4497/1445/1000 3515/1211/1000 4498/1446/1000
f 4498/1446/1000 4499/1445/1000 4497/1445/1000
f 3515/1211/1000 3518/1211/1000 4498/1446/1000
f 3526/1216/1001 4500/1447/1001 4501/1448/1001
f 4501/1448/1001 3529/1216/1001 3526/1216/1001
f 4500/1447/1001 4502/1447/1001 4501/1448/1001
f 4503/1445/1011 4504/1447/1012 3531/1216/43
f 3530/1211/43 4503/1445/1011 3531/1216/43
f 4505/1449/1002 4506/1450/1002 4507/1448/1002
f 4508/1450/1003 4509/1449/1003 3569/1222/1003
f 4510/1450/1004 4511/1222/1004 4512/1216/1004
f 3572/1216/1005 4513/1448/1005 4514/1450/1005
f 4515/1446/1002 4516/1451/1002 4505/1449/1002
f 4517/1451/1003 4518/1446/1003 3559/1211/1003
f 4519/1211/1004 4511/1222/1004 4520/1451/1004
f 4521/1449/1005 4522/1451/1005 3564/1222/1005
f 4523/1445/1013 4524/1452/1002 4525/1453/1002
f 4526/1445/1003 4518/1446/1003 4527/1452/1003
f 4528/1452/1004 4529/1446/1004 4530/1449/1004
f 4531/1453/1005 4532/1452/1005 4521/1449/1005
f 4533/1447/1014 4525/1453/1002 4534/1454/1002
f 4535/1454/1003 4536/1453/1003 4509/1449/1003
f 4537/1454/1004 4530/1449/1004 4538/1448/1004
f 4539/1447/1005 4540/1454/1005 4513/1448/1005
f 4541/1455/1000 3574/1224/1000 4542/1456/1000
f 4542/1456/1000 4543/1455/1000 4541/1455/1000
f 3574/1224/1000 3577/1224/1000 4542/1456/1000
f 3585/1229/1001 4544/1457/1001 4545/1458/1001
f 4545/1458/1001 3588/1229/1001 3585/1229/1001
f 4544/1457/1001 4546/1457/1001 4545/1458/1001
f 4547/1455/43 4548/1457/43 3590/1229/43
f 3589/1224/43 4547/1455/43 3590/1229/43
f 4549/1459/1002 4550/1460/1002 4551/1458/1002
f 4552/1460/1003 4553/1459/1003 3628/1235/1003
f 4554/1460/1004 4555/1235/1004 4556/1229/1004
f 3631/1229/1005 4557/1458/1005 4558/1460/1005
f 4559/1456/1002 4560/1461/1002 4549/1459/1002
f 4561/1461/1003 4562/1456/1003 3618/1224/1003
f 4563/1224/1004 4555/1235/1004 4564/1461/1004
f 4565/1459/1005 4566/1461/1005 3623/1235/1005
f 4567/1455/1002 4568/1462/1002 4569/1463/1002
f 4570/1455/1003 4562/1456/1003 4571/1462/1003
f 4572/1462/1004 4573/1456/1004 4574/1459/1004
f 4575/1463/1005 4576/1462/1005 4565/1459/1005
f 4577/1457/1002 4569/1463/1002 4578/1464/1002
f 4579/1464/1003 4580/1463/1003 4553/1459/1003
f 4581/1464/1004 4574/1459/1004 4582/1458/1004
f 4583/1457/1005 4584/1464/1005 4557/1458/1005
f 4585/1465/1000 3633/1237/1000 4586/1466/1000
f 4586/1466/1000 4587/1465/1000 4585/1465/1000
f 3633/1237/1000 3636/1237/1000 4586/1466/1000
f 3639/1241/1001 4588/1467/1001 4589/1468/1001
f 4589/1468/1001 3642/1241/1001 3639/1241/1001
f 4588/1467/1001 4590/1467/1001 4589/1468/1001
f 4591/1465/43 4592/1467/43 3644/1241/43
f 3643/1237/43 4591/1465/43 3644/1241/43
f 4593/1469/1002 4594/1470/1002 4595/1468/1002
f 4596/1470/1003 4597/1469/1003 3682/1248/1003
f 4598/1470/1004 4599/1248/1004 4600/1241/1004
f 3685/1241/1005 4601/1468/1005 4602/1470/1005
f 4603/1466/1002 4604/1471/1002 4593/1469/1002
f 4605/1471/1003 4606/1466/1003 3672/1237/1003
f 4607/1237/1004 4599/1248/1004 4608/1471/1004
f 4609/1469/1005 4610/1471/1005 3677/1248/1005
f 4611/1465/1002 4612/1472/1002 4613/1473/1002
f 4614/1465/1003 4606/1466/1003 4615/1472/1003
f 4616/1472/1004 4617/1466/1004 4618/1469/1004
f 4619/1473/1005 4620/1472/1005 4609/1469/1005
f 4621/1467/1002 4613/1473/1002 4622/1474/1002
f 4623/1474/1003 4624/1473/1003 4597/1469/1003
f 4625/1474/1004 4618/1469/1004 4626/1468/1004
f 4627/1467/1005 4628/1474/1005 4601/1468/1005
f 4629/1475/1000 3687/1250/1000 4630/1476/1000
f 4630/1476/1000 4631/1475/1000 4629/1475/1000
f 3687/1250/1000 3690/1250/1000 4630/1476/1000
f 3693/1254/1001 4632/1477/1001 4633/1478/1001
f 4633/1478/1001 3696/1254/1001 3693/1254/1001
f 4632/1477/1001 4634/1477/1001 4633/1478/1001
f 4635/1475/43 4636/1477/43 3698/1254/43
f 3697/1250/43 4635/1475/43 3698/1254/43
f 4637/1479/1002 4638/1480/1002 4639/1478/1002
f 4640/1480/1003 4641/1479/1003 3736/1261/1003
f 4642/1480/1004 4643/1261/1004 4644/1254/1004
f 3739/1254/1005 4645/1478/1005 4646/1480/1005
f 4647/1476/1002 4648/1481/1002 4637/1479/1002
f 4649/1481/1003 4650/1476/1003 3726/1250/1003
f 4651/1250/1004 4643/1261/1004 4652/1481/1004
f 4653/1479/1005 4654/1481/1005 3731/1261/1005
f 4655/1475/1002 4656/1482/1002 4657/1483/1002
f 4658/1475/1003 4650/1476/1003 4659/1482/1003
f 4660/1482/1004 4661/1476/1004 4662/1479/1004
f 4663/1483/1005 4664/1482/1005 4653/1479/1005
f 4665/1477/1002 4657/1483/1002 4666/1484/1002
f 4667/1484/1003 4668/1483/1003 4641/1479/1003
f 4669/1484/1004 4662/1479/1004 4670/1478/1004
f 4671/1477/1005 4672/1484/1005 4645/1478/1005
f 4673/1485/1000 3741/1263/1000 4674/1486/1000
f 4674/1486/1000 4675/1485/1000 4673/1485/1000
f 3741/1263/1000 3744/1263/1000 4674/1486/1000
f 3747/1267/1001 4676/1487/1001 4677/1488/1001
f 4677/1488/1001 3750/1267/1001 3747/1267/1001
f 4676/1487/1001 4678/1487/1001 4677/1488/1001
f 4679/1485/43 4680/1487/43 3752/1267/43
f 3751/1263/43 4679/1485/43 3752/1267/43
f 4681/1489/1002 4682/1490/1002 4683/1488/1002
f 4684/1490/1003 4685/1489/1003 3790/1274/1003
f 4686/1490/1004 4687/1274/1004 4688/1267/1004
f 3793/1267/1005 4689/1488/1005 4690/1490/1005
f 4691/1486/1002 4692/1491/1002 4681/1489/1002
f 4693/1491/1003 4694/1486/1003 3780/1263/1003
f 4695/1263/1004 4687/1274/1004 4696/1491/1004
f 4697/1489/1005 4698/1491/1005 3785/1274/1005
f 4699/1485/1002 4700/1492/1002 4701/1493/1002
f 4702/1485/1003 4694/1486/1003 4703/1492/1003
f 4704/1492/1004 4705/1486/1004 4706/1489/1004
f 4707/1493/1005 4708/1492/1005 4697/1489/1005
f 4709/1487/1002 4701/1493/1002 4710/1494/1002
f 4711/1494/1003 4712/1493/1003 4685/1489/1003
f 4713/1494/1004 4706/1489/1004 4714/1488/1004
f 4715/1487/1005 4716/1494/1005 4689/1488/1005
f 4717/1495/1000 3795/1276/1000 4718/1496/1000
f 4718/1496/1000 4719/1495/1000 4717/1495/1000
f 3795/1276/1000 3798/1276/1000 4718/1496/1000
f 3801/1280/1001 4720/1497/1001 4721/1498/1001
f 4721/1498/1001 3804/1280/1001 3801/1280/1001
f 4720/1497/1001 4722/1497/1001 4721/1498/1001
f 4723/1495/43 4724/1497/43 3806/1280/43
f 3805/1276/43 4723/1495/43 3806/1280/43
f 4725/1499/1002 4726/1500/1002 4727/1498/1002
f 4728/1500/1003 4729/1499/1003 3844/1287/1003
f 4730/1500/1004 4731/1287/1004 4732/1280/1004
f 3847/1280/1005 4733/1498/1005 4734/1500/1005
f 4735/1496/1002 4736/1501/1002 4725/1499/1002
f 4737/1501/1003 4738/1496/1003 3834/1276/1003
f 4739/1276/1004 4731/1287/1004 4740/1501/1004
f 4741/1499/1005 4742/1501/1005 3839/1287/1005
f 4743/1495/1002 4744/1502/1002 4745/1503/1002
f 4746/1495/1003 4738/1496/1003 4747/1502/1003
f 4748/1502/1004 4749/1496/1004 4750/1499/1004
f 4751/1503/1005 4752/1502/1005 4741/1499/1005
f 4753/1497/1002 4745/1503/1002 4754/1504/1002
f 4755/1504/1003 4756/1503/1003 4729/1499/1003
f 4757/1504/1004 4750/1499/1004 4758/1498/1004
f 4759/1497/1005 4760/1504/1005 4733/1498/1005
f 4761/1505/1000 3903/1302/1000 4762/1506/1000
f 4762/1506/1000 4763/1505/1000 4761/1505/1000
f 3903/1302/1000 3906/1302/1000 4762/1506/1000
f 3909/1306/1001 4764/1507/1001 4765/1508/1001
f 4765/1508/1001 3912/1306/1001 3909/1306/1001
f 4764/1507/1001 4766/1507/1001 4765/1508/1001
f 4767/1505/43 4768/1507/43 3914/1306/43
f 3913/1302/43 4767/1505/43 3914/1306/43
f 4769/1509/1002 4770/1510/1002 4771/1508/1002
f 4772/1510/1003 4773/1509/1003 3952/1313/1003
f 4774/1510/1004 4775/1313/1004 4776/1306/1004
f 3955/1306/1005 4777/1508/1005 4778/1510/1005
f 4779/1506/1002 4780/1511/1002 4769/1509/1002
f 4781/1511/1003 4782/1506/1003 3942/1302/1003
f 4783/1302/1004 4775/1313/1004 4784/1511/1004
f 4785/1509/1005 4786/1511/1005 3947/1313/1005
f 4787/1505/1002 4788/1512/1002 4789/1513/1002
f 4790/1505/1003 4782/1506/1003 4791/1512/1003
f 4792/1512/1004 4793/1506/1004 4794/1509/1004
f 4795/1513/1005 4796/1512/1005 4785/1509/1005
f 4797/1507/1002 4789/1513/1002 4798/1514/1002
f 4799/1514/1003 4800/1513/1003 4773/1509/1003
f 4801/1514/1004 4794/1509/1004 4802/1508/1004
f 4803/1507/1005 4804/1514/1005 4777/1508/1005
f 4805/1515/1000 3849/1289/1000 4806/1516/1000
f 4806/1516/1000 4807/1515/1000 4805/1515/1000
f 3849/1289/1000 3852/1289/1000 4806/1516/1000
f 3855/1293/1001 4808/1517/1001 4809/1518/1001
f 4809/1518/1001 3858/1293/1001 3855/1293/1001
f 4808/1517/1001 4810/1517/1001 4809/1518/1001
f 4811/1515/43 4812/1517/43 3860/1293/43
f 3859/1289/43 4811/1515/43 3860/1293/43
f 4813/1519/1002 4814/1520/1002 4815/1518/1002
f 4816/1520/1003 4817/1519/1003 3898/1300/1003
f 4818/1520/1004 4819/1300/1004 4820/1293/1004
f 3901/1293/1005 4821/1518/1005 4822/1520/1005
f 4823/1516/1002 4824/1521/1002 4813/1519/1002
f 4825/1521/1003 4826/1516/1003 3888/1289/1003
f 4827/1289/1004 4819/1300/1004 4828/1521/1004
f 4829/1519/1005 4830/1521/1005 3893/1300/1005
f 4831/1515/1002 4832/1522/1002 4833/1523/1002
f 4834/1515/1003 4826/1516/1003 4835/1522/1003
f 4836/1522/1004 4837/1516/1004 4838/1519/1004
f 4839/1523/1005 4840/1522/1005 4829/1519/1005
f 4841/1517/1002 4833/1523/1002 4842/1524/1002
f 4843/1524/1003 4844/1523/1003 4817/1519/1003
f 4845/1524/1004 4838/1519/1004 4846/1518/1004
f 4847/1517/1005 4848/1524/1005 4821/1518/1005
f 4849/1525/1000 4011/1328/1000 4850/1526/1000
f 4850/1526/1000 4851/1525/1000 4849/1525/1000
f 4011/1328/1000 4014/1328/1000 4850/1526/1000
f 4017/1332/1001 4852/1527/1001 4853/1528/1001
f 4853/1528/1001 4020/1332/1001 4017/1332/1001
f 4852/1527/1001 4854/1527/1001 4853/1528/1001
f 4855/1525/43 4856/1527/43 4022/1332/43
f 4021/1328/43 4855/1525/43 4022/1332/43
f 4857/1529/1002 4858/1530/1002 4859/1528/1002
f 4860/1530/1003 4861/1529/1003 4060/1339/1003
f 4862/1530/1004 4863/1339/1004 4864/1332/1004
f 4063/1332/1005 4865/1528/1005 4866/1530/1005
f 4867/1526/1002 4868/1531/1002 4857/1529/1002
f 4869/1531/1003 4870/1526/1003 4050/1328/1003
f 4871/1328/1004 4863/1339/1004 4872/1531/1004
f 4873/1529/1005 4874/1531/1005 4055/1339/1005
f 4875/1525/1002 4876/1532/1002 4877/1533/1002
f 4878/1525/1003 4870/1526/1003 4879/1532/1003
f 4880/1532/1004 4881/1526/1004 4882/1529/1004
f 4883/1533/1005 4884/1532/1005 4873/1529/1005
f 4885/1527/1002 4877/1533/1002 4886/1534/1002
f 4887/1534/1003 4888/1533/1003 4861/1529/1003
f 4889/1534/1004 4882/1529/1004 4890/1528/1004
f 4891/1527/1005 4892/1534/1005 4865/1528/1005
f 4893/1535/1000 3957/1315/1000 4894/1536/1000
f 4894/1536/1000 4895/1535/1000 4893/1535/1000
f 3957/1315/1000 3960/1315/1000 4894/1536/1000
f 3963/1319/1001 4896/1537/1001 4897/1538/1001
f 4897/1538/1001 3966/1319/1001 3963/1319/1001
f 4896/1537/1001 4898/1537/1001 4897/1538/1001
f 4899/1535/43 4900/1537/43 3968/1319/43
f 3967/1315/43 4899/1535/43 3968/1319/43
f 4901/1539/1002 4902/1540/1002 4903/1538/1002
f 4904/1540/1003 4905/1539/1003 4006/1326/1003
f 4906/1540/1004 4907/1326/1004 4908/1319/1004
f 4009/1319/1005 4909/1538/1005 4910/1540/1005
f 4911/1536/1002 4912/1541/1002 4901/1539/1002
f 4913/1541/1003 4914/1536/1003 3996/1315/1003
f 4915/1315/1004 4907/1326/1004 4916/1541/1004
f 4917/1539/1005 4918/1541/1005 4001/1326/1005
f 4919/1535/1002 4920/1542/1002 4921/1543/1002
f 4922/1535/1003 4914/1536/1003 4923/1542/1003
f 4924/1542/1004 4925/1536/1004 4926/1539/1004
f 4927/1543/1005 4928/1542/1005 4917/1539/1005
f 4929/1537/1002 4921/1543/1002 4930/1544/1002
f 4931/1544/1003 4932/1543/1003 4905/1539/1003
f 4933/1544/1004 4926/1539/1004 4934/1538/1004
f 4935/1537/1005 4936/1544/1005 4909/1538/1005
f 4937/1545/1000 4065/1341/1000 4938/1546/1000
f 4938/1546/1000 4939/1545/1000 4937/1545/1000
f 4065/1341/1000 4068/1341/1000 4938/1546/1000
f 4071/1345/1001 4940/1547/1001 4941/1548/1001
f 4941/1548/1001 4074/1345/1001 4071/1345/1001
f 4940/1547/1001 4942/1547/1001 4941/1548/1001
f 4943/1545/43 4944/1547/43 4076/1345/43
f 4075/1341/43 4943/1545/43 4076/1345/43
f 4945/1549/1002 4946/1550/1002 4947/1548/1002
f 4948/1550/1003 4949/1549/1003 4114/1352/1003
f 4950/1550/1004 4951/1352/1004 4952/1345/1004
f 4117/1345/1005 4953/1548/1005 4954/1550/1005
f 4955/1546/1002 4956/1551/1002 4945/1549/1002
f 4957/1551/1003 4958/1546/1003 4104/1341/1003
f 4959/1341/1004 4951/1352/1004 4960/1551/1004
f 4961/1549/1005 4962/1551/1005 4109/1352/1005
f 4963/1545/1002 4964/1552/1002 4965/1553/1002
f 4966/1545/1003 4958/1546/1003 4967/1552/1003
f 4968/1552/1004 4969/1546/1004 4970/1549/1004
f 4971/1553/1005 4972/1552/1005 4961/1549/1005
f 4973/1547/1002 4965/1553/1002 4974/1554/1002
f 4975/1554/1003 4976/1553/1003 4949/1549/1003
f 4977/1554/1004 4970/1549/1004 4978/1548/1004
f 4979/1547/1005 4980/1554/1005 4953/1548/1005
f 4981/1555/1000 4119/1354/1000 4982/1556/1000
f 4982/1556/1000 4983/1555/1000 4981/1555/1000
f 4119/1354/1000 4122/1354/1000 4982/1556/1000
f 4125/1358/1001 4984/1557/1001 4985/1558/1001
f 4985/1558/1001 4128/1358/1001 4125/1358/1001
f 4984/1557/1001 4986/1557/1001 4985/1558/1001
f 4987/1555/43 4988/1557/43 4130/1358/43
f 4129/1354/43 4987/1555/43 4130/1358/43
f 4989/1559/1002 4990/1560/1002 4991/1558/1002
f 4992/1560/1003 4993/1559/1003 4168/1365/1003
f 4994/1560/1004 4995/1365/1004 4996/1358/1004
f 4171/1358/1005 4997/1558/1005 4998/1560/1005
f 4999/1556/1002 5000/1561/1002 4989/1559/1002
f 5001/1561/1003 5002/1556/1003 4158/1354/1003
f 5003/1354/1004 4995/1365/1004 5004/1561/1004
f 5005/1559/1005 5006/1561/1005 4163/1365/1005
f 5007/1555/1002 5008/1562/1002 5009/1563/1002
f 5010/1555/1003 5002/1556/1003 5011/1562/1003
f 5012/1562/1004 5013/1556/1004 5014/1559/1004
f 5015/1563/1005 5016/1562/1005 5005/1559/1005
f 5017/1557/1002 5009/1563/1002 5018/1564/1002
f 5019/1564/1003 5020/1563/1003 4993/1559/1003
f 5021/1564/1004 5014/1559/1004 5022/1558/1004
f 5023/1557/1005 5024/1564/1005 4997/1558/1005
f 5025/1565/1000 4173/1367/1000 5026/1566/1000
f 5026/1566/1000 5027/1565/1000 5025/1565/1000
f 4173/1367/1000 4176/1367/1000 5026/1566/1000
f 4179/1371/1001 5028/1567/1001 5029/1568/1001
f 5029/1568/1001 4182/1371/1001 4179/1371/1001
f 5028/1567/1001 5030/1567/1001 5029/1568/1001
f 5031/1565/43 5032/1567/43 4184/1371/43
f 4183/1367/43 5031/1565/43 4184/1371/43
f 5033/1569/1002 5034/1570/1002 5035/1568/1002
f 5036/1570/1003 5037/1569/1003 4222/1378/1003
f 5038/1570/1004 5039/1378/1004 5040/1371/1004
f 4225/1371/1005 5041/1568/1005 5042/1570/1005
f 5043/1566/1002 5044/1571/1002 5033/1569/1002
f 5045/1571/1003 5046/1566/1003 4212/1367/1003
f 5047/1367/1004 5039/1378/1004 5048/1571/1004
f 5049/1569/1005 5050/1571/1005 4217/1378/1005
f 5051/1565/1002 5052/1572/1002 5053/1573/1002
f 5054/1565/1003 5046/1566/1003 5055/1572/1003
f 5056/1572/1004 5057/1566/1004 5058/1569/1004
f 5059/1573/1005 5060/1572/1005 5049/1569/1005
f 5061/1567/1002 5053/1573/1002 5062/1574/1002
f 5063/1574/1003 5064/1573/1003 5037/1569/1003
f 5065/1574/1004 5058/1569/1004 5066/1568/1004
f 5067/1567/1005 5068/1574/1005 5041/1568/1005
f 5069/1575/1000 4227/1380/1000 5070/1576/1000
f 5070/1576/1000 5071/1575/1000 5069/1575/1000
f 4227/1380/1000 4230/1380/1000 5070/1576/1000
f 4233/1384/1001 5072/1577/1001 5073/1578/1001
f 5073/1578/1001 4236/1384/1001 4233/1384/1001
f 5072/1577/1001 5074/1577/1001 5073/1578/1001
f 5075/1575/43 5076/1577/43 4238/1384/43
f 4237/1380/43 5075/1575/43 4238/1384/43
f 5077/1579/1002 5078/1580/1002 5079/1578/1002
f 5080/1580/1003 5081/1579/1003 4276/1391/1003
f 5082/1580/1004 5083/1391/1004 5084/1384/1004
f 4279/1384/1005 5085/1578/1005 5086/1580/1005
f 5087/1576/1002 5088/1581/1002 5077/1579/1002
f 5089/1581/1003 5090/1576/1003 4266/1380/1003
f 5091/1380/1004 5083/1391/1004 5092/1581/1004
f 5093/1579/1005 5094/1581/1005 4271/1391/1005
f 5095/1575/1002 5096/1582/1002 5097/1583/1002
f 5098/1575/1003 5090/1576/1003 5099/1582/1003
f 5100/1582/1004 5101/1576/1004 5102/1579/1004
f 5103/1583/1005 5104/1582/1005 5093/1579/1005
f 5105/1577/1002 5097/1583/1002 5106/1584/1002
f 5107/1584/1003 5108/1583/1003 5081/1579/1003
f 5109/1584/1004 5102/1579/1004 5110/1578/1004
f 5111/1577/1005 5112/1584/1005 5085/1578/1005
f 5113/1585/1000 4281/1393/1000 5114/1586/1000
f 5114/1586/1000 5115/1585/1000 5113/1585/1000
f 4281/1393/1000 4284/1393/1000 5114/1586/1000
f 4287/1397/1001 5116/1587/1001 5117/1588/1001
f 5117/1588/1001 4290/1397/1001 4287/1397/1001
f 5116/1587/1001 5118/1587/1001 5117/1588/1001
f 5119/1585/43 5120/1587/43 4292/1397/43
f 4291/1393/43 5119/1585/43 4292/1397/43
f 5121/1589/1002 5122/1590/1002 5123/1588/1002
f 5124/1590/1003 5125/1589/1003 4330/1404/1003
f 5126/1590/1004 5127/1404/1004 5128/1397/1004
f 4333/1397/1005 5129/1588/1005 5130/1590/1005
f 5131/1586/1002 5132/1591/1002 5121/1589/1002
f 5133/1591/1003 5134/1586/1003 4320/1393/1003
f 5135/1393/1004 5127/1404/1004 5136/1591/1004
f 5137/1589/1005 5138/1591/1005 4325/1404/1005
f 5139/1585/1002 5140/1592/1002 5141/1593/1002
f 5142/1585/1003 5134/1586/1003 5143/1592/1003
f 5144/1592/1004 5145/1586/1004 5146/1589/1004
f 5147/1593/1005 5148/1592/1005 5137/1589/1005
f 5149/1587/1002 5141/1593/1002 5150/1594/1002
f 5151/1594/1003 5152/1593/1003 5125/1589/1003
f 5153/1594/1004 5146/1589/1004 5154/1588/1004
f 5155/1587/1005 5156/1594/1005 5129/1588/1005
f 5157/1595/1000 4335/1406/1000 5158/1596/1000
f 5158/1596/1000 5159/1595/1000 5157/1595/1000
f 4335/1406/1000 4338/1406/1000 5158/1596/1000
f 4341/1410/1001 5160/1597/1001 5161/1598/1001
f 5161/1598/1001 4344/1410/1001 4341/1410/1001
f 5160/1597/1001 5162/1597/1001 5161/1598/1001
f 5163/1595/43 5164/1597/43 4346/1410/43
f 4345/1406/43 5163/1595/43 4346/1410/43
f 5165/1599/1002 5166/1600/1002 5167/1598/1002
f 5168/1600/1003 5169/1599/1003 4384/1417/1003
f 5170/1600/1004 5171/1417/1004 5172/1410/1004
f 4387/1410/1005 5173/1598/1005 5174/1600/1005
f 5175/1596/1002 5176/1601/1002 5165/1599/1002
f 5177/1601/1003 5178/1596/1003 4374/1406/1003
f 5179/1406/1004 5171/1417/1004 5180/1601/1004
f 5181/1599/1005 5182/1601/1005 4379/1417/1005
f 5183/1595/1002 5184/1602/1002 5185/1603/1002
f 5186/1595/1003 5178/1596/1003 5187/1602/1003
f 5188/1602/1004 5189/1596/1004 5190/1599/1004
f 5191/1603/1005 5192/1602/1005 5181/1599/1005
f 5193/1597/1002 5185/1603/1002 5194/1604/1002
f 5195/1604/1003 5196/1603/1003 5169/1599/1003
f 5197/1604/1004 5190/1599/1004 5198/1598/1004
f 5199/1597/1005 5200/1604/1005 5173/1598/1005
f 5201/1605/1000 4389/1419/1000 5202/1606/1000
f 5202/1606/1000 5203/1605/1000 5201/1605/1000
f 4389/1419/1000 4392/1419/1000 5202/1606/1000
f 4395/1423/1001 5204/1607/1001 5205/1608/1001
f 5205/1608/1001 4398/1423/1001 4395/1423/1001
f 5204/1607/1001 5206/1607/1001 5205/1608/1001
f 5207/1605/43 5208/1607/43 4400/1423/43
f 4399/1419/43 5207/1605/43 4400/1423/43
f 5209/1609/1002 5210/1610/1002 5211/1608/1002
f 5212/1610/1003 5213/1609/1003 4438/1430/1003
f 5214/1610/1004 5215/1430/1004 5216/1423/1004
f 4441/1423/1005 5217/1608/1005 5218/1610/1005
f 5219/1606/1002 5220/1611/1002 5209/1609/1002
f 5221/1611/1003 5222/1606/1003 4428/1419/1003
f 5223/1419/1004 5215/1430/1004 5224/1611/1004
f 5225/1609/1005 5226/1611/1005 4433/1430/1005
f 5227/1605/1002 5228/1612/1002 5229/1613/1002
f 5230/1605/1003 5222/1606/1003 5231/1612/1003
f 5232/1612/1004 5233/1606/1004 5234/1609/1004
f 5235/1613/1005 5236/1612/1005 5225/1609/1005
f 5237/1607/1002 5229/1613/1002 5238/1614/1002
f 5239/1614/1003 5240/1613/1003 5213/1609/1003
f 5241/1614/1004 5234/1609/1004 5242/1608/1004
f 5243/1607/1005 5244/1614/1005 5217/1608/1005
f 5245/1615/1000 4443/1432/1000 5246/1616/1000
f 5246/1616/1000 5247/1615/1000 5245/1615/1000
f 4443/1432/1000 4446/1432/1000 5246/1616/1000
f 4449/1436/1001 5248/1617/1001 5249/1618/1001
f 5249/1618/1001 4452/1436/1001 4449/1436/1001
f 5248/1617/1001 5250/1617/1001 5249/1618/1001
f 5251/1615/43 5252/1617/43 4454/1436/43
f 4453/1432/43 5251/1615/43 4454/1436/43
f 5253/1619/1002 5254/1620/1002 5255/1618/1002
f 5256/1620/1003 5257/1619/1003 4492/1443/1003
f 5258/1620/1004 5259/1443/1004 5260/1436/1004
f 4495/1436/1005 5261/1618/1005 5262/1620/1005
f 5263/1616/1002 5264/1621/1002 5253/1619/1002
f 5265/1621/1003 5266/1616/1003 4482/1432/1003
f 5267/1432/1004 5259/1443/1004 5268/1621/1004
f 5269/1619/1005 5270/1621/1005 4487/1443/1005
f 5271/1615/1002 5272/1622/1002 5273/1623/1002
f 5274/1615/1003 5266/1616/1003 5275/1622/1003
f 5276/1622/1004 5277/1616/1004 5278/1619/1004
f 5279/1623/1005 5280/1622/1005 5269/1619/1005
f 5281/1617/1002 5273/1623/1002 5282/1624/1002
f 5283/1624/1003 5284/1623/1003 5257/1619/1003
f 5285/1624/1004 5278/1619/1004 5286/1618/1004
f 5287/1617/1005 5288/1624/1005 5261/1618/1005
f 5289/1625/1000 5290/1626/1000 5291/1627/1000
f 5291/1627/1000 5292/1625/1000 5289/1625/1000
f 5290/1626/1000 5293/1626/1000 5291/1627/1000
f 5294/1628/1001 5295/1629/1001 5296/1630/1001
f 5296/1630/1001 5297/1628/1001 5294/1628/1001
f 5295/1629/1001 5298/1629/1001 5296/1630/1001
f 5299/1625/43 5300/1629/43 5301/1628/1012
f 5302/1626/1011 5299/1625/43 5301/1628/1012
f 5303/1631/1002 5304/1632/1002 5305/1630/1002
f 5306/1632/1003 5307/1631/1003 5308/1633/1003
f 5309/1632/1004 5310/1633/1004 5311/1628/1015
f 5312/1628/1005 5313/1630/1005 5314/1632/1005
f 5315/1627/1002 5316/1634/1002 5303/1631/1002
f 5317/1634/1003 5318/1627/1003 5319/1626/1016
f 5320/1626/1004 5310/1633/1004 5321/1634/1004
f 5322/1631/1005 5323/1634/1005 5324/1633/1005
f 5325/1625/1002 5326/1635/1002 5327/1636/1002
f 5328/1625/1003 5318/1627/1003 5329/1635/1003
f 5330/1635/1004 5331/1627/1004 5332/1631/1004
f 5333/1636/1005 5334/1635/1005 5322/1631/1005
f 5335/1629/1002 5327/1636/1002 5336/1637/1002
f 5337/1637/1003 5338/1636/1003 5307/1631/1003
f 5339/1637/1004 5332/1631/1004 5340/1630/1004
f 5341/1629/1005 5342/1637/1005 5313/1630/1005
f 5343/1638/1000 4541/1455/1000 5344/1639/1000
f 5344/1639/1000 5345/1638/1000 5343/1638/1000
f 4541/1455/1000 4543/1455/1000 5344/1639/1000
f 4544/1457/1001 5346/1640/1001 5347/1641/1001
f 5347/1641/1001 4546/1457/1001 4544/1457/1001
f 5346/1640/1001 5348/1640/1001 5347/1641/1001
f 5349/1638/43 5350/1640/43 4548/1457/43
f 4547/1455/43 5349/1638/43 4548/1457/43
f 5351/1642/1002 5352/1643/1002 5353/1641/1002
f 5354/1643/1003 5355/1642/1003 4580/1463/1003
f 5356/1643/1004 5357/1463/1004 5358/1457/1004
f 4583/1457/1005 5359/1641/1005 5360/1643/1005
f 5361/1639/1002 5362/1644/1002 5351/1642/1002
f 5363/1644/1003 5364/1639/1003 4570/1455/1003
f 5365/1455/1004 5357/1463/1004 5366/1644/1004
f 5367/1642/1005 5368/1644/1005 4575/1463/1005
f 5369/1638/1002 5370/1645/1002 5371/1646/1002
f 5372/1638/1003 5364/1639/1003 5373/1645/1003
f 5374/1645/1004 5375/1639/1004 5376/1642/1004
f 5377/1646/1005 5378/1645/1005 5367/1642/1005
f 5379/1640/1002 5371/1646/1002 5380/1647/1002
f 5381/1647/1003 5382/1646/1003 5355/1642/1003
f 5383/1647/1004 5376/1642/1004 5384/1641/1004
f 5385/1640/1005 5386/1647/1005 5359/1641/1005
f 5387/1648/1000 4629/1475/1000 5388/1649/1000
f 5388/1649/1000 5389/1648/1000 5387/1648/1000
f 4629/1475/1000 4631/1475/1000 5388/1649/1000
f 4632/1477/1001 5390/1650/1001 5391/1651/1001
f 5391/1651/1001 4634/1477/1001 4632/1477/1001
f 5390/1650/1001 5392/1650/1001 5391/1651/1001
f 5393/1648/43 5394/1650/43 4636/1477/43
f 4635/1475/43 5393/1648/43 4636/1477/43
f 5395/1652/1002 5396/1653/1002 5397/1651/1002
f 5398/1653/1003 5399/1652/1003 4668/1483/1003
f 5400/1653/1004 5401/1483/1004 5402/1477/1004
f 4671/1477/1005 5403/1651/1005 5404/1653/1005
f 5405/1649/1002 5406/1654/1002 5395/1652/1002
f 5407/1654/1003 5408/1649/1003 4658/1475/1003
f 5409/1475/1004 5401/1483/1004 5410/1654/1004
f 5411/1652/1005 5412/1654/1005 4663/1483/1005
f 5413/1648/1002 5414/1655/1002 5415/1656/1002
f 5416/1648/1003 5408/1649/1003 5417/1655/1003
f 5418/1655/1004 5419/1649/1004 5420/1652/1004
f 5421/1656/1005 5422/1655/1005 5411/1652/1005
f 5423/1650/1002 5415/1656/1002 5424/1657/1002
f 5425/1657/1003 5426/1656/1003 5399/1652/1003
f 5427/1657/1004 5420/1652/1004 5428/1651/1004
f 5429/1650/1005 5430/1657/1005 5403/1651/1005
f 5431/1658/1000 4585/1465/1000 5432/1659/1000
f 5432/1659/1000 5433/1658/1000 5431/1658/1000
f 4585/1465/1000 4587/1465/1000 5432/1659/1000
f 4588/1467/1001 5434/1660/1001 5435/1661/1001
f 5435/1661/1001 4590/1467/1001 4588/1467/1001
f 5434/1660/1001 5436/1660/1001 5435/1661/1001
f 5437/1658/43 5438/1660/43 4592/1467/43
f 4591/1465/43 5437/1658/43 4592/1467/43
f 5439/1662/1002 5440/1663/1002 5441/1661/1002
f 5442/1663/1003 5443/1662/1003 4624/1473/1003
f 5444/1663/1004 5445/1473/1004 5446/1467/1004
f 4627/1467/1005 5447/1661/1005 5448/1663/1005
f 5449/1659/1002 5450/1664/1002 5439/1662/1002
f 5451/1664/1003 5452/1659/1003 4614/1465/1003
f 5453/1465/1004 5445/1473/1004 5454/1664/1004
f 5455/1662/1005 5456/1664/1005 4619/1473/1005
f 5457/1658/1002 5458/1665/1002 5459/1666/1002
f 5460/1658/1003 5452/1659/1003 5461/1665/1003
f 5462/1665/1004 5463/1659/1004 5464/1662/1004
f 5465/1666/1005 5466/1665/1005 5455/1662/1005
f 5467/1660/1002 5459/1666/1002 5468/1667/1002
f 5469/1667/1003 5470/1666/1003 5443/1662/1003
f 5471/1667/1004 5464/1662/1004 5472/1661/1004
f 5473/1660/1005 5474/1667/1005 5447/1661/1005
f 5475/1668/1000 4673/1485/1000 5476/1669/1000
f 5476/1669/1000 5477/1668/1000 5475/1668/1000
f 4673/1485/1000 4675/1485/1000 5476/1669/1000
f 4676/1487/1001 5478/1670/1001 5479/1671/1001
f 5479/1671/1001 4678/1487/1001 4676/1487/1001
f 5478/1670/1001 5480/1670/1001 5479/1671/1001
f 5481/1668/43 5482/1670/43 4680/1487/43
f 4679/1485/43 5481/1668/43 4680/1487/43
f 5483/1672/1002 5484/1673/1002 5485/1671/1002
f 5486/1673/1003 5487/1672/1003 4712/1493/1003
f 5488/1673/1004 5489/1493/1004 5490/1487/1004
f 4715/1487/1005 5491/1671/1005 5492/1673/1005
f 5493/1669/1002 5494/1674/1002 5483/1672/1002
f 5495/1674/1003 5496/1669/1003 4702/1485/1003
f 5497/1485/1004 5489/1493/1004 5498/1674/1004
f 5499/1672/1005 5500/1674/1005 4707/1493/1005
f 5501/1668/1002 5502/1675/1002 5503/1676/1002
f 5504/1668/1003 5496/1669/1003 5505/1675/1003
f 5506/1675/1004 5507/1669/1004 5508/1672/1004
f 5509/1676/1005 5510/1675/1005 5499/1672/1005
f 5511/1670/1002 5503/1676/1002 5512/1677/1002
f 5513/1677/1003 5514/1676/1003 5487/1672/1003
f 5515/1677/1004 5508/1672/1004 5516/1671/1004
f 5517/1670/1005 5518/1677/1005 5491/1671/1005
f 5519/1678/1000 4717/1495/1000 5520/1679/1000
f 5520/1679/1000 5521/1678/1000 5519/1678/1000
f 4717/1495/1000 4719/1495/1000 5520/1679/1000
f 4720/1497/1001 5522/1680/1001 5523/1681/1001
f 5523/1681/1001 4722/1497/1001 4720/1497/1001
f 5522/1680/1001 5524/1680/1001 5523/1681/1001
f 5525/1678/43 5526/1680/43 4724/1497/43
f 4723/1495/43 5525/1678/43 4724/1497/43
f 5527/1682/1002 5528/1683/1002 5529/1681/1002
f 5530/1683/1003 5531/1682/1003 4756/1503/1003
f 5532/1683/1004 5533/1503/1004 5534/1497/1004
f 4759/1497/1005 5535/1681/1005 5536/1683/1005
f 5537/1679/1002 5538/1684/1002 5527/1682/1002
f 5539/1684/1003 5540/1679/1003 4746/1495/1003
f 5541/1495/1004 5533/1503/1004 5542/1684/1004
f 5543/1682/1005 5544/1684/1005 4751/1503/1005
f 5545/1678/1002 5546/1685/1002 5547/1686/1002
f 5548/1678/1003 5540/1679/1003 5549/1685/1003
f 5550/1685/1004 5551/1679/1004 5552/1682/1004
f 5553/1686/1005 5554/1685/1005 5543/1682/1005
f 5555/1680/1002 5547/1686/1002 5556/1687/1002
f 5557/1687/1003 5558/1686/1003 5531/1682/1003
f 5559/1687/1004 5552/1682/1004 5560/1681/1004
f 5561/1680/1005 5562/1687/1005 5535/1681/1005
f 5563/1688/1000 4761/1505/1000 5564/1689/1000
f 5564/1689/1000 5565/1688/1000 5563/1688/1000
f 4761/1505/1000 4763/1505/1000 5564/1689/1000
f 4764/1507/1001 5566/1690/1001 5567/1691/1001
f 5567/1691/1001 4766/1507/1001 4764/1507/1001
f 5566/1690/1001 5568/1690/1001 5567/1691/1001
f 5569/1688/43 5570/1690/43 4768/1507/43
f 4767/1505/43 5569/1688/43 4768/1507/43
f 5571/1692/1002 5572/1693/1002 5573/1691/1002
f 5574/1693/1003 5575/1692/1003 4800/1513/1003
f 5576/1693/1004 5577/1513/1004 5578/1507/1004
f 4803/1507/1005 5579/1691/1005 5580/1693/1005
f 5581/1689/1002 5582/1694/1002 5571/1692/1002
f 5583/1694/1003 5584/1689/1003 4790/1505/1003
f 5585/1505/1004 5577/1513/1004 5586/1694/1004
f 5587/1692/1005 5588/1694/1005 4795/1513/1005
f 5589/1688/1002 5590/1695/1002 5591/1696/1002
f 5592/1688/1003 5584/1689/1003 5593/1695/1003
f 5594/1695/1004 5595/1689/1004 5596/1692/1004
f 5597/1696/1005 5598/1695/1005 5587/1692/1005
f 5599/1690/1002 5591/1696/1002 5600/1697/1002
f 5601/1697/1003 5602/1696/1003 5575/1692/1003
f 5603/1697/1004 5596/1692/1004 5604/1691/1004
f 5605/1690/1005 5606/1697/1005 5579/1691/1005
f 5607/1698/1000 4805/1515/1000 5608/1699/1000
f 5608/1699/1000 5609/1698/1000 5607/1698/1000
f 4805/1515/1000 4807/1515/1000 5608/1699/1000
f 4808/1517/1001 5610/1700/1001 5611/1701/1001
f 5611/1701/1001 4810/1517/1001 4808/1517/1001
f 5610/1700/1001 5612/1700/1001 5611/1701/1001
f 5613/1698/43 5614/1700/43 4812/1517/43
f 4811/1515/43 5613/1698/43 4812/1517/43
f 5615/1702/1002 5616/1703/1002 5617/1701/1002
f 5618/1703/1003 5619/1702/1003 4844/1523/1003
f 5620/1703/1004 5621/1523/1004 5622/1517/1004
f 4847/1517/1005 5623/1701/1005 5624/1703/1005
f 5625/1699/1002 5626/1704/1002 5615/1702/1002
f 5627/1704/1003 5628/1699/1003 4834/1515/1003
f 5629/1515/1004 5621/1523/1004 5630/1704/1004
f 5631/1702/1005 5632/1704/1005 4839/1523/1005
f 5633/1698/1002 5634/1705/1002 5635/1706/1002
f 5636/1698/1003 5628/1699/1003 5637/1705/1003
f 5638/1705/1004 5639/1699/1004 5640/1702/1004
f 5641/1706/1005 5642/1705/1005 5631/1702/1005
f 5643/1700/1002 5635/1706/1002 5644/1707/1002
f 5645/1707/1003 5646/1706/1003 5619/1702/1003
f 5647/1707/1004 5640/1702/1004 5648/1701/1004
f 5649/1700/1005 5650/1707/1005 5623/1701/1005
f 5651/1708/1000 4849/1525/1000 5652/1709/1000
f 5652/1709/1000 5653/1708/1000 5651/1708/1000
f 4849/1525/1000 4851/1525/1000 5652/1709/1000
f 4852/1527/1001 5654/1710/1001 5655/1711/1001
f 5655/1711/1001 4854/1527/1001 4852/1527/1001
f 5654/1710/1001 5656/1710/1001 5655/1711/1001
f 5657/1708/43 5658/1710/43 4856/1527/43
f 4855/1525/43 5657/1708/43 4856/1527/43
f 5659/1712/1002 5660/1713/1002 5661/1711/1002
f 5662/1713/1003 5663/1712/1003 4888/1533/1003
f 5664/1713/1004 5665/1533/1004 5666/1527/1004
f 4891/1527/1005 5667/1711/1005 5668/1713/1005
f 5669/1709/1002 5670/1714/1002 5659/1712/1002
f 5671/1714/1003 5672/1709/1003 4878/1525/1003
f 5673/1525/1004 5665/1533/1004 5674/1714/1004
f 5675/1712/1005 5676/1714/1005 4883/1533/1005
f 5677/1708/1002 5678/1715/1002 5679/1716/1002
f 5680/1708/1003 5672/1709/1003 5681/1715/1003
f 5682/1715/1004 5683/1709/1004 5684/1712/1004
f 5685/1716/1005 5686/1715/1005 5675/1712/1005
f 5687/1710/1002 5679/1716/1002 5688/1717/1002
f 5689/1717/1003 5690/1716/1003 5663/1712/1003
f 5691/1717/1004 5684/1712/1004 5692/1711/1004
f 5693/1710/1005 5694/1717/1005 5667/1711/1005
f 5695/1718/1000 4893/1535/1000 5696/1719/1000
f 5696/1719/1000 5697/1718/1000 5695/1718/1000
f 4893/1535/1000 4895/1535/1000 5696/1719/1000
f 4896/1537/1001 5698/1720/1001 5699/1721/1001
f 5699/1721/1001 4898/1537/1001 4896/1537/1001
f 5698/1720/1001 5700/1720/1001 5699/1721/1001
f 5701/1718/43 5702/1720/43 4900/1537/43
f 4899/1535/43 5701/1718/43 4900/1537/43
f 5703/1722/1002 5704/1723/1002 5705/1721/1002
f 5706/1723/1003 5707/1722/1003 4932/1543/1003
f 5708/1723/1004 5709/1543/1004 5710/1537/1004
f 4935/1537/1005 5711/1721/1005 5712/1723/1005
f 5713/1719/1002 5714/1724/1002 5703/1722/1002
f 5715/1724/1003 5716/1719/1003 4922/1535/1003
f 5717/1535/1004 5709/1543/1004 5718/1724/1004
f 5719/1722/1005 5720/1724/1005 4927/1543/1005
f 5721/1718/1002 5722/1725/1002 5723/1726/1002
f 5724/1718/1003 5716/1719/1003 5725/1725/1003
f 5726/1725/1004 5727/1719/1004 5728/1722/1004
f 5729/1726/1005 5730/1725/1005 5719/1722/1005
f 5731/1720/1002 5723/1726/1002 5732/1727/1002
f 5733/1727/1003 5734/1726/1003 5707/1722/1003
f 5735/1727/1004 5728/1722/1004 5736/1721/1004
f 5737/1720/1005 5738/1727/1005 5711/1721/1005
f 5739/1728/1000 4937/1545/1000 5740/1729/1000
f 5740/1729/1000 5741/1728/1000 5739/1728/1000
f 4937/1545/1000 4939/1545/1000 5740/1729/1000
f 4940/1547/1001 5742/1730/1001 5743/1731/1001
f 5743/1731/1001 4942/1547/1001 4940/1547/1001
f 5742/1730/1001 5744/1730/1001 5743/1731/1001
f 5745/1728/43 5746/1730/43 4944/1547/43
f 4943/1545/43 5745/1728/43 4944/1547/43
f 5747/1732/1002 5748/1733/1002 5749/1731/1002
f 5750/1733/1003 5751/1732/1003 4976/1553/1003
f 5752/1733/1004 5753/1553/1004 5754/1547/1004
f 4979/1547/1005 5755/1731/1005 5756/1733/1005
f 5757/1729/1002 5758/1734/1002 5747/1732/1002
f 5759/1734/1003 5760/1729/1003 4966/1545/1003
f 5761/1545/1004 5753/1553/1004 5762/1734/1004
f 5763/1732/1005 5764/1734/1005 4971/1553/1005
f 5765/1728/1002 5766/1735/1002 5767/1736/1002
f 5768/1728/1003 5760/1729/1003 5769/1735/1003
f 5770/1735/1004 5771/1729/1004 5772/1732/1004
f 5773/1736/1005 5774/1735/1005 5763/1732/1005
f 5775/1730/1002 5767/1736/1002 5776/1737/1002
f 5777/1737/1003 5778/1736/1003 5751/1732/1003
f 5779/1737/1004 5772/1732/1004 5780/1731/1004
f 5781/1730/1005 5782/1737/1005 5755/1731/1005
f 5783/1738/1000 4981/1555/1000 5784/1739/1000
f 5784/1739/1000 5785/1738/1000 5783/1738/1000
f 4981/1555/1000 4983/1555/1000 5784/1739/1000
f 4984/1557/1001 5786/1740/1001 5787/1741/1001
f 5787/1741/1001 4986/1557/1001 4984/1557/1001
f 5786/1740/1001 5788/1740/1001 5787/1741/1001
f 5789/1738/43 5790/1740/43 4988/1557/43
f 4987/1555/43 5789/1738/43 4988/1557/43
f 5791/1742/1002 5792/1743/1002 5793/1741/1002
f 5794/1743/1003 5795/1742/1003 5020/1563/1003
f 5796/1743/1004 5797/1563/1004 5798/1557/1004
f 5023/1557/1005 5799/1741/1005 5800/1743/1005
f 5801/1739/1002 5802/1744/1002 5791/1742/1002
f 5803/1744/1003 5804/1739/1003 5010/1555/1003
f 5805/1555/1004 5797/1563/1004 5806/1744/1004
f 5807/1742/1005 5808/1744/1005 5015/1563/1005
f 5809/1738/1002 5810/1745/1002 5811/1746/1002
f 5812/1738/1003 5804/1739/1003 5813/1745/1003
f 5814/1745/1004 5815/1739/1004 5816/1742/1004
f 5817/1746/1005 5818/1745/1005 5807/1742/1005
f 5819/1740/1002 5811/1746/1002 5820/1747/1002
f 5821/1747/1003 5822/1746/1003 5795/1742/1003
f 5823/1747/1004 5816/1742/1004 5824/1741/1004
f 5825/1740/1005 5826/1747/1005 5799/1741/1005
f 5827/1748/1000 5025/1565/1000 5828/1749/1000
f 5828/1749/1000 5829/1748/1000 5827/1748/1000
f 5025/1565/1000 5027/1565/1000 5828/1749/1000
f 5028/1567/1001 5830/1750/1001 5831/1751/1001
f 5831/1751/1001 5030/1567/1001 5028/1567/1001
f 5830/1750/1001 5832/1750/1001 5831/1751/1001
f 5833/1748/43 5834/1750/43 5032/1567/43
f 5031/1565/43 5833/1748/43 5032/1567/43
f 5835/1752/1002 5836/1753/1002 5837/1751/1002
f 5838/1753/1003 5839/1752/1003 5064/1573/1003
f 5840/1753/1004 5841/1573/1004 5842/1567/1004
f 5067/1567/1005 5843/1751/1005 5844/1753/1005
f 5845/1749/1002 5846/1754/1002 5835/1752/1002
f 5847/1754/1003 5848/1749/1003 5054/1565/1003
f 5849/1565/1004 5841/1573/1004 5850/1754/1004
f 5851/1752/1005 5852/1754/1005 5059/1573/1005
f 5853/1748/1002 5854/1755/1002 5855/1756/1002
f 5856/1748/1003 5848/1749/1003 5857/1755/1003
f 5858/1755/1004 5859/1749/1004 5860/1752/1004
f 5861/1756/1005 5862/1755/1005 5851/1752/1005
f 5863/1750/1002 5855/1756/1002 5864/1757/1002
f 5865/1757/1003 5866/1756/1003 5839/1752/1003
f 5867/1757/1004 5860/1752/1004 5868/1751/1004
f 5869/1750/1005 5870/1757/1005 5843/1751/1005
f 5871/1758/1000 5069/1575/1000 5872/1759/1000
f 5872/1759/1000 5873/1758/1000 5871/1758/1000
f 5069/1575/1000 5071/1575/1000 5872/1759/1000
f 5072/1577/1001 5874/1760/1001 5875/1761/1001
f 5875/1761/1001 5074/1577/1001 5072/1577/1001
f 5874/1760/1001 5876/1760/1001 5875/1761/1001
f 5877/1758/43 5878/1760/43 5076/1577/43
f 5075/1575/43 5877/1758/43 5076/1577/43
f 5879/1762/1002 5880/1763/1002 5881/1761/1002
f 5882/1763/1003 5883/1762/1003 5108/1583/1003
f 5884/1763/1004 5885/1583/1004 5886/1577/1004
f 5111/1577/1005 5887/1761/1005 5888/1763/1005
f 5889/1759/1002 5890/1764/1002 5879/1762/1002
f 5891/1764/1003 5892/1759/1003 5098/1575/1003
f 5893/1575/1004 5885/1583/1004 5894/1764/1004
f 5895/1762/1005 5896/1764/1005 5103/1583/1005
f 5897/1758/1002 5898/1765/1002 5899/1766/1002
f 5900/1758/1003 5892/1759/1003 5901/1765/1003
f 5902/1765/1004 5903/1759/1004 5904/1762/1004
f 5905/1766/1005 5906/1765/1005 5895/1762/1005
f 5907/1760/1002 5899/1766/1002 5908/1767/1002
f 5909/1767/1003 5910/1766/1003 5883/1762/1003
f 5911/1767/1004 5904/1762/1004 5912/1761/1004
f 5913/1760/1005 5914/1767/1005 5887/1761/1005
f 5915/1768/1000 5113/1585/1000 5916/1769/1000
f 5916/1769/1000 5917/1768/1000 5915/1768/1000
f 5113/1585/1000 5115/1585/1000 5916/1769/1000
f 5116/1587/1001 5918/1770/1001 5919/1771/1001
f 5919/1771/1001 5118/1587/1001 5116/1587/1001
f 5918/1770/1001 5920/1770/1001 5919/1771/1001
f 5921/1768/43 5922/1770/43 5120/1587/43
f 5119/1585/43 5921/1768/43 5120/1587/43
f 5923/1772/1002 5924/1773/1002 5925/1771/1002
f 5926/1773/1003 5927/1772/1003 5152/1593/1003
f 5928/1773/1004 5929/1593/1004 5930/1587/1004
f 5155/1587/1005 5931/1771/1005 5932/1773/1005
f 5933/1769/1002 5934/1774/1002 5923/1772/1002
f 5935/1774/1003 5936/1769/1003 5142/1585/1003
f 5937/1585/1004 5929/1593/1004 5938/1774/1004
f 5939/1772/1005 5940/1774/1005 5147/1593/1005
f 5941/1768/1002 5942/1775/1002 5943/1776/1002
f 5944/1768/1003 5936/1769/1003 5945/1775/1003
f 5946/1775/1004 5947/1769/1004 5948/1772/1004
f 5949/1776/1005 5950/1775/1005 5939/1772/1005
f 5951/1770/1002 5943/1776/1002 5952/1777/1002
f 5953/1777/1003 5954/1776/1003 5927/1772/1003
f 5955/1777/1004 5948/1772/1004 5956/1771/1004
f 5957/1770/1005 5958/1777/1005 5931/1771/1005
f 5959/1778/1000 5157/1595/1000 5960/1779/1000
f 5960/1779/1000 5961/1778/1000 5959/1778/1000
f 5157/1595/1000 5159/1595/1000 5960/1779/1000
f 5160/1597/1001 5962/1780/1001 5963/1781/1001
f 5963/1781/1001 5162/1597/1001 5160/1597/1001
f 5962/1780/1001 5964/1780/1001 5963/1781/1001
f 5965/1778/43 5966/1780/43 5164/1597/43
f 5163/1595/43 5965/1778/43 5164/1597/43
f 5967/1782/1002 5968/1783/1002 5969/1781/1002
f 5970/1783/1003 5971/1782/1003 5196/1603/1003
f 5972/1783/1004 5973/1603/1004 5974/1597/1004
f 5199/1597/1005 5975/1781/1005 5976/1783/1005
f 5977/1779/1002 5978/1784/1002 5967/1782/1002
f 5979/1784/1003 5980/1779/1003 5186/1595/1003
f 5981/1595/1004 5973/1603/1004 5982/1784/1004
f 5983/1782/1005 5984/1784/1005 5191/1603/1005
f 5985/1778/1002 5986/1785/1002 5987/1786/1002
f 5988/1778/1003 5980/1779/1003 5989/1785/1003
f 5990/1785/1004 5991/1779/1004 5992/1782/1004
f 5993/1786/1005 5994/1785/1005 5983/1782/1005
f 5995/1780/1002 5987/1786/1002 5996/1787/1002
f 5997/1787/1003 5998/1786/1003 5971/1782/1003
f 5999/1787/1004 5992/1782/1004 6000/1781/1004
f 6001/1780/1005 6002/1787/1005 5975/1781/1005
f 6003/1788/1000 5201/1605/1000 6004/1789/1000
f 6004/1789/1000 6005/1788/1000 6003/1788/1000
f 5201/1605/1000 5203/1605/1000 6004/1789/1000
f 5204/1607/1001 6006/1790/1001 6007/1791/1001
f 6007/1791/1001 5206/1607/1001 5204/1607/1001
f 6006/1790/1001 6008/1790/1001 6007/1791/1001
f 6009/1788/43 6010/1790/43 5208/1607/43
f 5207/1605/43 6009/1788/43 5208/1607/43
f 6011/1792/1002 6012/1793/1002 6013/1791/1002
f 6014/1793/1003 6015/1792/1003 5240/1613/1003
f 6016/1793/1004 6017/1613/1004 6018/1607/1004
f 5243/1607/1005 6019/1791/1005 6020/1793/1005
f 6021/1789/1002 6022/1794/1002 6011/1792/1002
f 6023/1794/1003 6024/1789/1003 5230/1605/1003
f 6025/1605/1004 6017/1613/1004 6026/1794/1004
f 6027/1792/1005 6028/1794/1005 5235/1613/1005
f 6029/1788/1002 6030/1795/1002 6031/1796/1002
f 6032/1788/1003 6024/1789/1003 6033/1795/1003
f 6034/1795/1004 6035/1789/1004 6036/1792/1004
f 6037/1796/1005 6038/1795/1005 6027/1792/1005
f 6039/1790/1002 6031/1796/1002 6040/1797/1002
f 6041/1797/1003 6042/1796/1003 6015/1792/1003
f 6043/1797/1004 6036/1792/1004 6044/1791/1004
f 6045/1790/1005 6046/1797/1005 6019/1791/1005
f 6047/1798/1000 5245/1615/1000 6048/1799/1000
f 6048/1799/1000 6049/1798/1000 6047/1798/1000
f 5245/1615/1000 5247/1615/1000 6048/1799/1000
f 5248/1617/1001 6050/1800/1001 6051/1801/1001
f 6051/1801/1001 5250/1617/1001 5248/1617/1001
f 6050/1800/1001 6052/1800/1001 6051/1801/1001
f 6053/1798/43 6054/1800/43 5252/1617/43
f 5251/1615/43 6053/1798/43 5252/1617/43
f 6055/1802/1002 6056/1803/1002 6057/1801/1002
f 6058/1803/1003 6059/1802/1003 5284/1623/1003
f 6060/1803/1004 6061/1623/1004 6062/1617/1004
f 5287/1617/1005 6063/1801/1005 6064/1803/1005
f 6065/1799/1002 6066/1804/1002 6055/1802/1002
f 6067/1804/1003 6068/1799/1003 5274/1615/1003
f 6069/1615/1004 6061/1623/1004 6070/1804/1004
f 6071/1802/1005 6072/1804/1005 5279/1623/1005
f 6073/1798/1002 6074/1805/1002 6075/1806/1002
f 6076/1798/1003 6068/1799/1003 6077/1805/1003
f 6078/1805/1004 6079/1799/1004 6080/1802/1004
f 6081/1806/1005 6082/1805/1005 6071/1802/1005
f 6083/1800/1002 6075/1806/1002 6084/1807/1002
f 6085/1807/1003 6086/1806/1003 6059/1802/1003
f 6087/1807/1004 6080/1802/1004 6088/1801/1004
f 6089/1800/1005 6090/1807/1005 6063/1801/1005
f 6091/1808/1000 5289/1625/1000 6092/1809/1000
f 6092/1809/1000 6093/1808/1000 6091/1808/1000
f 5289/1625/1000 5292/1625/1000 6092/1809/1000
f 5295/1629/1001 6094/1810/1001 6095/1811/1001
f 6095/1811/1001 5298/1629/1001 5295/1629/1001
f 6094/1810/1001 6096/1810/1001 6095/1811/1001
f 6097/1808/1017 6098/1810/1018 5300/1629/43
f 5299/1625/43 6097/1808/1017 5300/1629/43
f 6099/1812/1002 6100/1813/1002 6101/1811/1002
f 6102/1813/1003 6103/1812/1003 5338/1636/1003
f 6104/1813/1004 6105/1636/1004 6106/1629/1004
f 5341/1629/1005 6107/1811/1005 6108/1813/1005
f 6109/1809/1002 6110/1814/1002 6099/1812/1002
f 6111/1814/1003 6112/1809/1003 5328/1625/1003
f 6113/1625/1004 6105/1636/1004 6114/1814/1004
f 6115/1812/1005 6116/1814/1005 5333/1636/1005
f 6117/1808/1013 6118/1815/1002 6119/1816/1002
f 6120/1808/1003 6112/1809/1003 6121/1815/1003
f 6122/1815/1004 6123/1809/1004 6124/1812/1004
f 6125/1816/1005 6126/1815/1005 6115/1812/1005
f 6127/1810/1019 6119/1816/1002 6128/1817/1002
f 6129/1817/1003 6130/1816/1003 6103/1812/1003
f 6131/1817/1004 6124/1812/1004 6132/1811/1004
f 6133/1810/1005 6134/1817/1005 6107/1811/1005
f 6135/1818/1000 5343/1638/1000 6136/1819/1000
f 6136/1819/1000 6137/1818/1000 6135/1818/1000
f 5343/1638/1000 5345/1638/1000 6136/1819/1000
f 5346/1640/1001 6138/1820/1001 6139/1821/1001
f 6139/1821/1001 5348/1640/1001 5346/1640/1001
f 6138/1820/1001 6140/1820/1001 6139/1821/1001
f 6141/1818/43 6142/1820/43 5350/1640/43
f 5349/1638/43 6141/1818/43 5350/1640/43
f 6143/1822/1002 6144/1823/1002 6145/1821/1002
f 6146/1823/1003 6147/1822/1003 5382/1646/1003
f 6148/1823/1004 6149/1646/1004 6150/1640/1004
f 5385/1640/1005 6151/1821/1005 6152/1823/1005
f 6153/1819/1002 6154/1824/1002 6143/1822/1002
f 6155/1824/1003 6156/1819/1003 5372/1638/1003
f 6157/1638/1004 6149/1646/1004 6158/1824/1004
f 6159/1822/1005 6160/1824/1005 5377/1646/1005
f 6161/1818/1002 6162/1825/1002 6163/1826/1002
f 6164/1818/1003 6156/1819/1003 6165/1825/1003
f 6166/1825/1004 6167/1819/1004 6168/1822/1004
f 6169/1826/1005 6170/1825/1005 6159/1822/1005
f 6171/1820/1002 6163/1826/1002 6172/1827/1002
f 6173/1827/1003 6174/1826/1003 6147/1822/1003
f 6175/1827/1004 6168/1822/1004 6176/1821/1004
f 6177/1820/1005 6178/1827/1005 6151/1821/1005
f 6179/1828/1000 5387/1648/1000 6180/1829/1000
f 6180/1829/1000 6181/1828/1000 6179/1828/1000
f 5387/1648/1000 5389/1648/1000 6180/1829/1000
f 5390/1650/1001 6182/1830/1001 6183/1831/1001
f 6183/1831/1001 5392/1650/1001 5390/1650/1001
f 6182/1830/1001 6184/1830/1001 6183/1831/1001
f 6185/1828/43 6186/1830/43 5394/1650/43
f 5393/1648/43 6185/1828/43 5394/1650/43
f 6187/1832/1002 6188/1833/1002 6189/1831/1002
f 6190/1833/1003 6191/1832/1003 5426/1656/1003
f 6192/1833/1004 6193/1656/1004 6194/1650/1004
f 5429/1650/1005 6195/1831/1005 6196/1833/1005
f 6197/1829/1002 6198/1834/1002 6187/1832/1002
f 6199/1834/1003 6200/1829/1003 5416/1648/1003
f 6201/1648/1004 6193/1656/1004 6202/1834/1004
f 6203/1832/1005 6204/1834/1005 5421/1656/1005
f 6205/1828/1002 6206/1835/1002 6207/1836/1002
f 6208/1828/1003 6200/1829/1003 6209/1835/1003
f 6210/1835/1004 6211/1829/1004 6212/1832/1004
f 6213/1836/1005 6214/1835/1005 6203/1832/1005
f 6215/1830/1002 6207/1836/1002 6216/1837/1002
f 6217/1837/1003 6218/1836/1003 6191/1832/1003
f 6219/1837/1004 6212/1832/1004 6220/1831/1004
f 6221/1830/1005 6222/1837/1005 6195/1831/1005
f 3796/1277/1000 5431/1658/1000 6223/1838/1000
f 6223/1838/1000 3799/1277/1000 3796/1277/1000
f 5431/1658/1000 5433/1658/1000 6223/1838/1000
f 5434/1660/1001 3800/1279/1001 6224/1839/1001
f 6224/1839/1001 5436/1660/1001 5434/1660/1001
f 3800/1279/1001 3803/1279/1001 6224/1839/1001
f 3808/1277/43 3807/1279/43 5438/1660/43
f 5437/1658/43 3808/1277/43 5438/1660/43
f 6225/1840/1002 6226/1841/1002 6227/1839/1002
f 6228/1841/1003 6229/1840/1003 5470/1666/1003
f 6230/1841/1004 6231/1666/1004 6232/1660/1004
f 5473/1660/1005 6233/1839/1005 6234/1841/1005
f 6235/1838/1002 6236/1842/1002 6225/1840/1002
f 6237/1842/1003 6238/1838/1003 5460/1658/1003
f 6239/1658/1004 6231/1666/1004 6240/1842/1004
f 6241/1840/1005 6242/1842/1005 5465/1666/1005
f 6243/1277/1002 6244/1843/1002 6245/1284/1002
f 3825/1277/1003 6238/1838/1003 6246/1843/1003
f 6247/1843/1004 6248/1838/1004 6249/1840/1004
f 3830/1284/1005 6250/1843/1005 6241/1840/1005
f 6251/1279/1002 6245/1284/1002 6252/1844/1002
f 6253/1844/1003 3814/1284/1003 6229/1840/1003
f 6254/1844/1004 6249/1840/1004 6255/1839/1004
f 3818/1279/1005 6256/1844/1005 6233/1839/1005
f 6257/1303/1000 5475/1668/1000 6258/1845/1000
f 6258/1845/1000 6259/1303/1000 6257/1303/1000
f 5475/1668/1000 5477/1668/1000 6258/1845/1000
f 5478/1670/1001 6260/1305/1001 6261/1846/1001
f 6261/1846/1001 5480/1670/1001 5478/1670/1001
f 6260/1305/1001 6262/1305/1001 6261/1846/1001
f 6263/1303/43 6264/1305/43 5482/1670/43
f 5481/1668/43 6263/1303/43 5482/1670/43
f 6265/1847/1002 6266/1848/1002 6267/1846/1002
f 6268/1848/1003 6269/1847/1003 5514/1676/1003
f 6270/1848/1004 6271/1676/1004 6272/1670/1004
f 5517/1670/1005 6273/1846/1005 6274/1848/1005
f 6275/1845/1002 6276/1849/1002 6265/1847/1002
f 6277/1849/1003 6278/1845/1003 5504/1668/1003
f 6279/1668/1004 6271/1676/1004 6280/1849/1004
f 6281/1847/1005 6282/1849/1005 5509/1676/1005
f 6283/1303/1002 6284/1850/1002 6285/1310/1002
f 6286/1303/1003 6278/1845/1003 6287/1850/1003
f 6288/1850/1004 6289/1845/1004 6290/1847/1004
f 6291/1310/1005 6292/1850/1005 6281/1847/1005
f 6293/1305/1002 6285/1310/1002 6294/1851/1002
f 6295/1851/1003 6296/1310/1003 6269/1847/1003
f 6297/1851/1004 6290/1847/1004 6298/1846/1004
f 6299/1305/1005 6300/1851/1005 6273/1846/1005
f 6301/1852/1000 5519/1678/1000 6302/1853/1000
f 6302/1853/1000 6303/1852/1000 6301/1852/1000
f 5519/1678/1000 5521/1678/1000 6302/1853/1000
f 5522/1680/1001 6304/1854/1001 6305/1855/1001
f 6305/1855/1001 5524/1680/1001 5522/1680/1001
f 6304/1854/1001 6306/1854/1001 6305/1855/1001
f 6307/1852/43 6308/1854/43 5526/1680/43
f 5525/1678/43 6307/1852/43 5526/1680/43
f 6309/1856/1002 6310/1857/1002 6311/1855/1002
f 6312/1857/1003 6313/1856/1003 5558/1686/1003
f 6314/1857/1004 6315/1686/1004 6316/1680/1004
f 5561/1680/1005 6317/1855/1005 6318/1857/1005
f 6319/1853/1002 6320/1858/1002 6309/1856/1002
f 6321/1858/1003 6322/1853/1003 5548/1678/1003
f 6323/1678/1004 6315/1686/1004 6324/1858/1004
f 6325/1856/1005 6326/1858/1005 5553/1686/1005
f 6327/1852/1002 6328/1859/1002 6329/1860/1002
f 6330/1852/1003 6322/1853/1003 6331/1859/1003
f 6332/1859/1004 6333/1853/1004 6334/1856/1004
f 6335/1860/1005 6336/1859/1005 6325/1856/1005
f 6337/1854/1002 6329/1860/1002 6338/1861/1002
f 6339/1861/1003 6340/1860/1003 6313/1856/1003
f 6341/1861/1004 6334/1856/1004 6342/1855/1004
f 6343/1854/1005 6344/1861/1005 6317/1855/1005
f 6345/1329/1000 5563/1688/1000 6346/1862/1000
f 6346/1862/1000 6347/1329/1000 6345/1329/1000
f 5563/1688/1000 5565/1688/1000 6346/1862/1000
f 5566/1690/1001 6348/1331/1001 6349/1863/1001
f 6349/1863/1001 5568/1690/1001 5566/1690/1001
f 6348/1331/1001 6350/1331/1001 6349/1863/1001
f 6351/1329/43 6352/1331/43 5570/1690/43
f 5569/1688/43 6351/1329/43 5570/1690/43
f 6353/1864/1002 6354/1865/1002 6355/1863/1002
f 6356/1865/1003 6357/1864/1003 5602/1696/1003
f 6358/1865/1004 6359/1696/1004 6360/1690/1004
f 5605/1690/1005 6361/1863/1005 6362/1865/1005
f 6363/1862/1002 6364/1866/1002 6353/1864/1002
f 6365/1866/1003 6366/1862/1003 5592/1688/1003
f 6367/1688/1004 6359/1696/1004 6368/1866/1004
f 6369/1864/1005 6370/1866/1005 5597/1696/1005
f 6371/1329/1002 6372/1867/1002 6373/1336/1002
f 6374/1329/1003 6366/1862/1003 6375/1867/1003
f 6376/1867/1004 6377/1862/1004 6378/1864/1004
f 6379/1336/1005 6380/1867/1005 6369/1864/1005
f 6381/1331/1002 6373/1336/1002 6382/1868/1002
f 6383/1868/1003 6384/1336/1003 6357/1864/1003
f 6385/1868/1004 6378/1864/1004 6386/1863/1004
f 6387/1331/1005 6388/1868/1005 6361/1863/1005
f 6389/1316/1000 5607/1698/1000 6390/1869/1000
f 6390/1869/1000 6391/1316/1000 6389/1316/1000
f 5607/1698/1000 5609/1698/1000 6390/1869/1000
f 5610/1700/1001 6392/1318/1001 6393/1870/1001
f 6393/1870/1001 5612/1700/1001 5610/1700/1001
f 6392/1318/1001 6394/1318/1001 6393/1870/1001
f 6395/1316/43 6396/1318/43 5614/1700/43
f 5613/1698/43 6395/1316/43 5614/1700/43
f 6397/1871/1002 6398/1872/1002 6399/1870/1002
f 6400/1872/1003 6401/1871/1003 5646/1706/1003
f 6402/1872/1004 6403/1706/1004 6404/1700/1004
f 5649/1700/1005 6405/1870/1005 6406/1872/1005
f 6407/1869/1002 6408/1873/1002 6397/1871/1002
f 6409/1873/1003 6410/1869/1003 5636/1698/1003
f 6411/1698/1004 6403/1706/1004 6412/1873/1004
f 6413/1871/1005 6414/1873/1005 5641/1706/1005
f 6415/1316/1002 6416/1874/1002 6417/1323/1002
f 6418/1316/1003 6410/1869/1003 6419/1874/1003
f 6420/1874/1004 6421/1869/1004 6422/1871/1004
f 6423/1323/1005 6424/1874/1005 6413/1871/1005
f 6425/1318/1002 6417/1323/1002 6426/1875/1002
f 6427/1875/1003 6428/1323/1003 6401/1871/1003
f 6429/1875/1004 6422/1871/1004 6430/1870/1004
f 6431/1318/1005 6432/1875/1005 6405/1870/1005
f 6433/1342/1000 5651/1708/1000 6434/1876/1000
f 6434/1876/1000 6435/1342/1000 6433/1342/1000
f 5651/1708/1000 5653/1708/1000 6434/1876/1000
f 5654/1710/1001 6436/1344/1001 6437/1877/1001
f 6437/1877/1001 5656/1710/1001 5654/1710/1001
f 6436/1344/1001 6438/1344/1001 6437/1877/1001
f 6439/1342/43 6440/1344/43 5658/1710/43
f 5657/1708/43 6439/1342/43 5658/1710/43
f 6441/1878/1002 6442/1879/1002 6443/1877/1002
f 6444/1879/1003 6445/1878/1003 5690/1716/1003
f 6446/1879/1004 6447/1716/1004 6448/1710/1004
f 5693/1710/1005 6449/1877/1005 6450/1879/1005
f 6451/1876/1002 6452/1880/1002 6441/1878/1002
f 6453/1880/1003 6454/1876/1003 5680/1708/1003
f 6455/1708/1004 6447/1716/1004 6456/1880/1004
f 6457/1878/1005 6458/1880/1005 5685/1716/1005
f 6459/1342/1002 6460/1881/1002 6461/1349/1002
f 6462/1342/1003 6454/1876/1003 6463/1881/1003
f 6464/1881/1004 6465/1876/1004 6466/1878/1004
f 6467/1349/1005 6468/1881/1005 6457/1878/1005
f 6469/1344/1002 6461/1349/1002 6470/1882/1002
f 6471/1882/1003 6472/1349/1003 6445/1878/1003
f 6473/1882/1004 6466/1878/1004 6474/1877/1004
f 6475/1344/1005 6476/1882/1005 6449/1877/1005
f 6477/1355/1000 5695/1718/1000 6478/1883/1000
f 6478/1883/1000 6479/1355/1000 6477/1355/1000
f 5695/1718/1000 5697/1718/1000 6478/1883/1000
f 5698/1720/1001 6480/1357/1001 6481/1884/1001
f 6481/1884/1001 5700/1720/1001 5698/1720/1001
f 6480/1357/1001 6482/1357/1001 6481/1884/1001
f 6483/1355/43 6484/1357/43 5702/1720/43
f 5701/1718/43 6483/1355/43 5702/1720/43
f 6485/1885/1002 6486/1886/1002 6487/1884/1002
f 6488/1886/1003 6489/1885/1003 5734/1726/1003
f 6490/1886/1004 6491/1726/1004 6492/1720/1004
f 5737/1720/1005 6493/1884/1005 6494/1886/1005
f 6495/1883/1002 6496/1887/1002 6485/1885/1002
f 6497/1887/1003 6498/1883/1003 5724/1718/1003
f 6499/1718/1004 6491/1726/1004 6500/1887/1004
f 6501/1885/1005 6502/1887/1005 5729/1726/1005
f 6503/1355/1002 6504/1888/1002 6505/1362/1002
f 6506/1355/1003 6498/1883/1003 6507/1888/1003
f 6508/1888/1004 6509/1883/1004 6510/1885/1004
f 6511/1362/1005 6512/1888/1005 6501/1885/1005
f 6513/1357/1002 6505/1362/1002 6514/1889/1002
f 6515/1889/1003 6516/1362/1003 6489/1885/1003
f 6517/1889/1004 6510/1885/1004 6518/1884/1004
f 6519/1357/1005 6520/1889/1005 6493/1884/1005
f 6521/1368/1000 5739/1728/1000 6522/1890/1000
f 6522/1890/1000 6523/1368/1000 6521/1368/1000
f 5739/1728/1000 5741/1728/1000 6522/1890/1000
f 5742/1730/1001 6524/1370/1001 6525/1891/1001
f 6525/1891/1001 5744/1730/1001 5742/1730/1001
f 6524/1370/1001 6526/1370/1001 6525/1891/1001
f 6527/1368/43 6528/1370/43 5746/1730/43
f 5745/1728/43 6527/1368/43 5746/1730/43
f 6529/1892/1002 6530/1893/1002 6531/1891/1002
f 6532/1893/1003 6533/1892/1003 5778/1736/1003
f 6534/1893/1004 6535/1736/1004 6536/1730/1004
f 5781/1730/1005 6537/1891/1005 6538/1893/1005
f 6539/1890/1002 6540/1894/1002 6529/1892/1002
f 6541/1894/1003 6542/1890/1003 5768/1728/1003
f 6543/1728/1004 6535/1736/1004 6544/1894/1004
f 6545/1892/1005 6546/1894/1005 5773/1736/1005
f 6547/1368/1002 6548/1895/1002 6549/1375/1002
f 6550/1368/1003 6542/1890/1003 6551/1895/1003
f 6552/1895/1004 6553/1890/1004 6554/1892/1004
f 6555/1375/1005 6556/1895/1005 6545/1892/1005
f 6557/1370/1002 6549/1375/1002 6558/1896/1002
f 6559/1896/1003 6560/1375/1003 6533/1892/1003
f 6561/1896/1004 6554/1892/1004 6562/1891/1004
f 6563/1370/1005 6564/1896/1005 6537/1891/1005
f 6565/1381/1000 5783/1738/1000 6566/1897/1000
f 6566/1897/1000 6567/1381/1000 6565/1381/1000
f 5783/1738/1000 5785/1738/1000 6566/1897/1000
f 5786/1740/1001 6568/1383/1001 6569/1898/1001
f 6569/1898/1001 5788/1740/1001 5786/1740/1001
f 6568/1383/1001 6570/1383/1001 6569/1898/1001
f 6571/1381/43 6572/1383/43 5790/1740/43
f 5789/1738/43 6571/1381/43 5790/1740/43
f 6573/1899/1002 6574/1900/1002 6575/1898/1002
f 6576/1900/1003 6577/1899/1003 5822/1746/1003
f 6578/1900/1004 6579/1746/1004 6580/1740/1004
f 5825/1740/1005 6581/1898/1005 6582/1900/1005
f 6583/1897/1002 6584/1901/1002 6573/1899/1002
f 6585/1901/1003 6586/1897/1003 5812/1738/1003
f 6587/1738/1004 6579/1746/1004 6588/1901/1004
f 6589/1899/1005 6590/1901/1005 5817/1746/1005
f 6591/1381/1002 6592/1902/1002 6593/1388/1002
f 6594/1381/1003 6586/1897/1003 6595/1902/1003
f 6596/1902/1004 6597/1897/1004 6598/1899/1004
f 6599/1388/1005 6600/1902/1005 6589/1899/1005
f 6601/1383/1002 6593/1388/1002 6602/1903/1002
f 6603/1903/1003 6604/1388/1003 6577/1899/1003
f 6605/1903/1004 6598/1899/1004 6606/1898/1004
f 6607/1383/1005 6608/1903/1005 6581/1898/1005
f 6609/1394/1000 5827/1748/1000 6610/1904/1000
f 6610/1904/1000 6611/1394/1000 6609/1394/1000
f 5827/1748/1000 5829/1748/1000 6610/1904/1000
f 5830/1750/1001 6612/1396/1001 6613/1905/1001
f 6613/1905/1001 5832/1750/1001 5830/1750/1001
f 6612/1396/1001 6614/1396/1001 6613/1905/1001
f 6615/1394/43 6616/1396/43 5834/1750/43
f 5833/1748/43 6615/1394/43 5834/1750/43
f 6617/1906/1002 6618/1907/1002 6619/1905/1002
f 6620/1907/1003 6621/1906/1003 5866/1756/1003
f 6622/1907/1004 6623/1756/1004 6624/1750/1004
f 5869/1750/1005 6625/1905/1005 6626/1907/1005
f 6627/1904/1002 6628/1908/1002 6617/1906/1002
f 6629/1908/1003 6630/1904/1003 5856/1748/1003
f 6631/1748/1004 6623/1756/1004 6632/1908/1004
f 6633/1906/1005 6634/1908/1005 5861/1756/1005
f 6635/1394/1002 6636/1909/1002 6637/1401/1002
f 6638/1394/1003 6630/1904/1003 6639/1909/1003
f 6640/1909/1004 6641/1904/1004 6642/1906/1004
f 6643/1401/1005 6644/1909/1005 6633/1906/1005
f 6645/1396/1002 6637/1401/1002 6646/1910/1002
f 6647/1910/1003 6648/1401/1003 6621/1906/1003
f 6649/1910/1004 6642/1906/1004 6650/1905/1004
f 6651/1396/1005 6652/1910/1005 6625/1905/1005
f 6653/1407/1000 5871/1758/1000 6654/1911/1000
f 6654/1911/1000 6655/1407/1000 6653/1407/1000
f 5871/1758/1000 5873/1758/1000 6654/1911/1000
f 5874/1760/1001 6656/1409/1001 6657/1912/1001
f 6657/1912/1001 5876/1760/1001 5874/1760/1001
f 6656/1409/1001 6658/1409/1001 6657/1912/1001
f 6659/1407/43 6660/1409/43 5878/1760/43
f 5877/1758/43 6659/1407/43 5878/1760/43
f 6661/1913/1002 6662/1914/1002 6663/1912/1002
f 6664/1914/1003 6665/1913/1003 5910/1766/1003
f 6666/1914/1004 6667/1766/1004 6668/1760/1004
f 5913/1760/1005 6669/1912/1005 6670/1914/1005
f 6671/1911/1002 6672/1915/1002 6661/1913/1002
f 6673/1915/1003 6674/1911/1003 5900/1758/1003
f 6675/1758/1004 6667/1766/1004 6676/1915/1004
f 6677/1913/1005 6678/1915/1005 5905/1766/1005
f 6679/1407/1002 6680/1916/1002 6681/1414/1002
f 6682/1407/1003 6674/1911/1003 6683/1916/1003
f 6684/1916/1004 6685/1911/1004 6686/1913/1004
f 6687/1414/1005 6688/1916/1005 6677/1913/1005
f 6689/1409/1002 6681/1414/1002 6690/1917/1002
f 6691/1917/1003 6692/1414/1003 6665/1913/1003
f 6693/1917/1004 6686/1913/1004 6694/1912/1004
f 6695/1409/1005 6696/1917/1005 6669/1912/1005
f 6697/1420/1000 5915/1768/1000 6698/1918/1000
f 6698/1918/1000 6699/1420/1000 6697/1420/1000
f 5915/1768/1000 5917/1768/1000 6698/1918/1000
f 5918/1770/1001 6700/1422/1001 6701/1919/1001
f 6701/1919/1001 5920/1770/1001 5918/1770/1001
f 6700/1422/1001 6702/1422/1001 6701/1919/1001
f 6703/1420/43 6704/1422/43 5922/1770/43
f 5921/1768/43 6703/1420/43 5922/1770/43
f 6705/1920/1002 6706/1921/1002 6707/1919/1002
f 6708/1921/1003 6709/1920/1003 5954/1776/1003
f 6710/1921/1004 6711/1776/1004 6712/1770/1004
f 5957/1770/1005 6713/1919/1005 6714/1921/1005
f 6715/1918/1002 6716/1922/1002 6705/1920/1002
f 6717/1922/1003 6718/1918/1003 5944/1768/1003
f 6719/1768/1004 6711/1776/1004 6720/1922/1004
f 6721/1920/1005 6722/1922/1005 5949/1776/1005
f 6723/1420/1002 6724/1923/1002 6725/1427/1002
f 6726/1420/1003 6718/1918/1003 6727/1923/1003
f 6728/1923/1004 6729/1918/1004 6730/1920/1004
f 6731/1427/1005 6732/1923/1005 6721/1920/1005
f 6733/1422/1002 6725/1427/1002 6734/1924/1002
f 6735/1924/1003 6736/1427/1003 6709/1920/1003
f 6737/1924/1004 6730/1920/1004 6738/1919/1004
f 6739/1422/1005 6740/1924/1005 6713/1919/1005
f 6741/1433/1000 5959/1778/1000 6742/1925/1000
f 6742/1925/1000 6743/1433/1000 6741/1433/1000
f 5959/1778/1000 5961/1778/1000 6742/1925/1000
f 5962/1780/1001 6744/1435/1001 6745/1926/1001
f 6745/1926/1001 5964/1780/1001 5962/1780/1001
f 6744/1435/1001 6746/1435/1001 6745/1926/1001
f 6747/1433/43 6748/1435/43 5966/1780/43
f 5965/1778/43 6747/1433/43 5966/1780/43
f 6749/1927/1002 6750/1928/1002 6751/1926/1002
f 6752/1928/1003 6753/1927/1003 5998/1786/1003
f 6754/1928/1004 6755/1786/1004 6756/1780/1004
f 6001/1780/1005 6757/1926/1005 6758/1928/1005
f 6759/1925/1002 6760/1929/1002 6749/1927/1002
f 6761/1929/1003 6762/1925/1003 5988/1778/1003
f 6763/1778/1004 6755/1786/1004 6764/1929/1004
f 6765/1927/1005 6766/1929/1005 5993/1786/1005
f 6767/1433/1002 6768/1930/1002 6769/1440/1002
f 6770/1433/1003 6762/1925/1003 6771/1930/1003
f 6772/1930/1004 6773/1925/1004 6774/1927/1004
f 6775/1440/1005 6776/1930/1005 6765/1927/1005
f 6777/1435/1002 6769/1440/1002 6778/1931/1002
f 6779/1931/1003 6780/1440/1003 6753/1927/1003
f 6781/1931/1004 6774/1927/1004 6782/1926/1004
f 6783/1435/1005 6784/1931/1005 6757/1926/1005
f 6785/1932/132 6786/1933/132 6787/1934/132
f 6787/1934/132 6788/1932/132 6785/1932/132
f 6786/1933/132 6789/1933/132 6787/1934/132
f 6790/1933/1000 6003/1788/1000 6791/1935/1000
f 6791/1935/1000 6792/1933/1000 6790/1933/1000
f 6003/1788/1000 6005/1788/1000 6791/1935/1000
f 6006/1790/1001 6793/1932/1001 6794/1936/1001
f 6794/1936/1001 6008/1790/1001 6006/1790/1001
f 6793/1932/1001 6795/1932/1001 6794/1936/1001
f 6796/1933/43 6797/1932/43 6010/1790/43
f 6009/1788/43 6796/1933/43 6010/1790/43
f 6798/1937/1002 6799/1938/1002 6800/1936/1002
f 6801/1938/1003 6802/1937/1003 6042/1796/1003
f 6803/1938/1004 6804/1796/1004 6805/1790/1004
f 6045/1790/1005 6806/1936/1005 6807/1938/1005
f 6808/1935/1002 6809/1939/1002 6798/1937/1002
f 6810/1939/1003 6811/1935/1003 6032/1788/1003
f 6812/1788/1004 6804/1796/1004 6813/1939/1004
f 6814/1937/1005 6815/1939/1005 6037/1796/1005
f 6816/1933/1002 6817/1940/1002 6818/1934/1002
f 6819/1933/1003 6811/1935/1003 6820/1940/1003
f 6821/1940/1004 6822/1935/1004 6823/1937/1004
f 6824/1934/1005 6825/1940/1005 6814/1937/1005
f 6826/1932/1002 6818/1934/1002 6827/1941/1002
f 6828/1941/1003 6829/1934/1003 6802/1937/1003
f 6830/1941/1004 6823/1937/1004 6831/1936/1004
f 6832/1932/1005 6833/1941/1005 6806/1936/1005
f 6834/1942/132 6835/1943/132 6836/1944/132
f 6836/1944/132 6837/1942/132 6834/1942/132
f 6835/1943/132 6838/1943/132 6836/1944/132
f 6839/1943/1000 6047/1798/1000 6840/1945/1000
f 6840/1945/1000 6841/1943/1000 6839/1943/1000
f 6047/1798/1000 6049/1798/1000 6840/1945/1000
f 6050/1800/1001 6842/1942/1001 6843/1946/1001
f 6843/1946/1001 6052/1800/1001 6050/1800/1001
f 6842/1942/1001 6844/1942/1001 6843/1946/1001
f 6845/1943/43 6846/1942/43 6054/1800/43
f 6053/1798/43 6845/1943/43 6054/1800/43
f 6847/1947/1002 6848/1948/1002 6849/1946/1002
f 6850/1948/1003 6851/1947/1003 6086/1806/1003
f 6852/1948/1004 6853/1806/1004 6854/1800/1004
f 6089/1800/1005 6855/1946/1005 6856/1948/1005
f 6857/1945/1002 6858/1949/1002 6847/1947/1002
f 6859/1949/1003 6860/1945/1003 6076/1798/1003
f 6861/1798/1004 6853/1806/1004 6862/1949/1004
f 6863/1947/1005 6864/1949/1005 6081/1806/1005
f 6865/1943/1002 6866/1950/1002 6867/1944/1002
f 6868/1943/1003 6860/1945/1003 6869/1950/1003
f 6870/1950/1004 6871/1945/1004 6872/1947/1004
f 6873/1944/1005 6874/1950/1005 6863/1947/1005
f 6875/1942/1002 6867/1944/1002 6876/1951/1002
f 6877/1951/1003 6878/1944/1003 6851/1947/1003
f 6879/1951/1004 6872/1947/1004 6880/1946/1004
f 6881/1942/1005 6882/1951/1005 6855/1946/1005
f 5311/1628/1015 4533/1447/1020 5301/1628/1021
f 5301/1628/1021 4533/1447/1020 4504/1447/1021
f 4523/1445/1013 5319/1626/1016 4503/1445/1022
f 4503/1445/1022 5319/1626/1016 5302/1626/1022
f 3700/1251/1007 3699/1253/1006 6098/1810/1023
f 3699/1253/1006 3709/1253/1024 6098/1810/1023
f 6127/1810/1019 3717/1251/1010 6883/1251/1025
f 3717/1251/1010 6097/1808/1026 6117/1808/1013
f 6883/1251/1025 3717/1251/1010 6117/1808/1013
f 6127/1810/1019 6883/1251/1025 6117/1808/1013
f 3712/1253/1009 3711/1255/1005 6884/1257/1005
f 3710/1253/79 3712/1253/1009 6884/1257/1005
f 6885/1420/132 6886/1420/132 6887/1422/132
f 6885/1420/132 6887/1422/132 6888/1422/132
f 6889/1433/132 6890/1433/132 6891/1435/132
f 6889/1433/132 6891/1435/132 6892/1435/132
f 6893/1394/132 6894/1396/132 6895/1396/132
f 6893/1394/132 6895/1396/132 6896/1394/132
f 6897/1407/132 6898/1407/132 6899/1409/132
f 6897/1407/132 6899/1409/132 6900/1409/132
f 6901/1368/128 6902/1368/128 6903/1370/128
f 6903/1370/128 6902/1368/128 6904/1370/128
f 6905/1368/132 6906/1370/132 6907/1370/132
f 6905/1368/132 6907/1370/132 6908/1368/132
f 6909/1381/132 6910/1381/132 6911/1383/132
f 6909/1381/132 6911/1383/132 6912/1383/132
f 6913/1355/132 6914/1355/132 6915/1357/132
f 6913/1355/132 6915/1357/132 6916/1357/132
f 6917/1342/132 6918/1342/132 6919/1344/132
f 6917/1342/132 6919/1344/132 6920/1344/132
f 6921/1331/128 6922/1331/128 6923/1329/128
f 6923/1329/128 6922/1331/128 6924/1329/128
f 6925/1329/132 6926/1329/132 6927/1331/132
f 6925/1329/132 6927/1331/132 6928/1331/132
f 6929/1316/132 6930/1316/132 6931/1318/132
f 6929/1316/132 6931/1318/132 6932/1318/132
f 6933/1290/128 6934/1290/128 6935/1854/128
f 6935/1854/128 6934/1290/128 6936/1952/128
f 6934/1290/128 6937/1290/128 6936/1952/128
f 6936/1952/128 6937/1290/128 6938/1292/128
f 6939/1290/132 6940/1290/132 6941/1852/132
f 6939/1290/132 6941/1852/132 6942/1852/132
f 6943/1292/128 6944/1952/128 6938/1292/128
f 6938/1292/128 6944/1952/128 6936/1952/128
f 6945/1292/128 6946/1952/128 6943/1292/128
f 6943/1292/128 6946/1952/128 6944/1952/128
f 6944/1952/128 6947/1854/128 6936/1952/128
f 6936/1952/128 6947/1854/128 6935/1854/128
f 6946/1952/128 6948/1854/128 6944/1952/128
f 6944/1952/128 6948/1854/128 6947/1854/128
f 6949/1303/132 6950/1303/132 6951/1305/132
f 6949/1303/132 6951/1305/132 6952/1305/132
f 6953/1828/132 6954/1264/132 6955/1264/132
f 6953/1828/132 6955/1264/132 6956/1828/132
f 6957/1953/128 6958/1954/128 6959/1820/1027
f 6959/1820/1027 6958/1954/128 6960/1955/128
f 6961/1238/128 6962/1238/128 6957/1953/128
f 6957/1953/128 6962/1238/128 6958/1954/128
f 6958/1954/128 6963/1245/128 6960/1955/128
f 6960/1955/128 6963/1245/128 6964/1240/128
f 6962/1238/128 6965/1238/128 6958/1954/128
f 6958/1954/128 6965/1238/128 6963/1245/128
f 6966/1956/132 6967/1953/132 6968/1238/132
f 6966/1956/132 6968/1238/132 6969/1957/132
f 6970/1820/132 6971/1820/132 6967/1953/132
f 6970/1820/132 6967/1953/132 6966/1956/132
f 6972/1826/132 6966/1956/132 6969/1957/132
f 6972/1826/132 6969/1957/132 6973/1818/132
f 6974/1820/132 6970/1820/132 6966/1956/132
f 6974/1820/132 6966/1956/132 6972/1826/132
f 6883/1251/1028 6975/1251/132 6976/1958/132
f 6976/1958/132 6977/1808/132 6883/1251/1028
f 6978/1810/132 6979/1810/132 6980/1959/132
f 6979/1810/132 6883/1251/1028 6980/1959/132
f 6981/1810/128 6982/1251/128 6983/1251/128
f 6983/1251/128 6984/1251/128 6981/1810/128
f 6985/1253/128 6986/1810/128 6981/1810/128
f 6987/1266/128 6988/1266/128 6989/1830/128
f 6987/1266/128 6989/1830/128 6990/1830/128
f 6991/1238/132 6992/1818/132 6968/1238/132
f 6968/1238/132 6992/1818/132 6973/1818/132
f 6993/1238/132 6994/1818/132 6991/1238/132
f 6991/1238/132 6994/1818/132 6992/1818/132
f 6995/1240/128 6996/1820/128 6959/1820/128
f 6995/1240/128 6959/1820/128 6964/1240/128
f 6997/1240/128 6998/1820/128 6996/1820/128
f 6997/1240/128 6996/1820/128 6995/1240/128
f 6999/1305/128 7000/1305/128 7001/1303/128
f 6999/1305/128 7001/1303/128 7002/1303/128
f 7003/1318/128 7004/1318/128 7005/1316/128
f 7003/1318/128 7005/1316/128 7006/1316/128
f 7007/1854/132 7008/1960/132 7009/1854/132
f 7009/1854/132 7008/1960/132 7010/1860/132
f 7008/1960/132 6939/1290/132 7010/1860/132
f 7010/1860/132 6939/1290/132 6942/1852/132
f 7011/1342/128 7012/1342/128 7013/1344/128
f 7011/1342/128 7013/1344/128 7014/1344/128
f 7015/1357/128 7016/1357/128 7017/1355/128
f 7015/1357/128 7017/1355/128 7018/1355/128
f 7019/1383/128 7020/1383/128 7021/1381/128
f 7019/1383/128 7021/1381/128 7022/1381/128
f 7023/1409/128 7024/1409/128 7025/1407/128
f 7023/1409/128 7025/1407/128 7026/1407/128
f 7027/1435/128 7028/1435/128 7029/1433/128
f 7027/1435/128 7029/1433/128 7030/1433/128
f 7031/1422/128 7032/1422/128 7033/1420/128
f 7031/1422/128 7033/1420/128 7034/1420/128
f 7035/1396/128 7036/1396/128 7037/1394/128
f 7035/1396/128 7037/1394/128 7038/1394/128
f 7039/1961/132 7040/1962/132 7041/1963/132
f 7041/1963/132 7040/1962/132 7042/1964/132
f 7043/1965/1029 7044/1966/1029 7045/1967/1029
f 7045/1967/1029 7044/1966/1029 7046/1968/1029
f 7047/1969/1030 7048/1970/1031 7049/1971/1031
f 7050/1972/1032 7051/1973/1032 7052/1974/1033
f 7053/1975/1034 7047/1969/1035 7054/1976/1036
f 7055/1977/1037 7052/1974/1038 7056/1978/1039
f 7057/1979/1040 7053/1975/1041 7058/1980/1042
f 7059/1981/1043 7056/1978/1044 7053/1975/1041
f 7059/1981/1043 7053/1975/1041 7057/1979/1040
f 7060/1982/1045 7056/1978/1044 7059/1981/1043
f 7061/1983/1046 7057/1979/1040 7062/1984/1047
f 7063/1985/1048 7059/1981/1043 7057/1979/1040
f 7063/1985/1048 7057/1979/1040 7061/1983/1046
f 7064/1986/1049 7059/1981/1043 7063/1985/1048
f 7065/1987/1050 7061/1983/1046 7066/1988/1051
f 7067/1989/1052 7063/1985/1048 7061/1983/1046
f 7067/1989/1052 7061/1983/1046 7065/1987/1050
f 7068/1990/1053 7063/1985/1048 7067/1989/1052
f 7069/1991/1054 7065/1987/1050 7070/1992/1055
f 7071/1993/1056 7067/1989/1052 7065/1987/1050
f 7071/1993/1056 7065/1987/1050 7069/1991/1054
f 7072/1994/1057 7067/1989/1052 7071/1993/1056
f 7073/1969/1058 7074/1970/1031 7075/1971/1031
f 7076/1972/1032 7077/1973/1032 7078/1974/1059
f 7079/1975/1060 7073/1969/1061 7080/1976/1036
f 7081/1978/1062 7078/1974/1063 7073/1969/1061
f 7081/1978/1062 7073/1969/1061 7079/1975/1060
f 7082/1977/1064 7078/1974/1063 7081/1978/1062
f 7083/1979/1040 7079/1975/1060 7084/1980/1065
f 7085/1981/1043 7081/1978/1062 7079/1975/1060
f 7085/1981/1043 7079/1975/1060 7083/1979/1040
f 7086/1982/1066 7081/1978/1062 7085/1981/1043
f 7087/1983/1067 7083/1979/1040 7088/1984/1047
f 7089/1985/1068 7085/1981/1043 7083/1979/1040
f 7089/1985/1068 7083/1979/1040 7087/1983/1067
f 7090/1986/1049 7085/1981/1043 7089/1985/1068
f 7091/1987/1069 7087/1983/1067 7092/1988/1051
f 7093/1990/1053 7089/1985/1070 7094/1989/1071
f 7095/1991/1055 7091/1987/1072 7096/1992/1055
f 7097/1994/1073 7094/1989/1074 7098/1993/1073
f 7099/1969/1075 7100/1970/1076 7101/1971/1077
f 7102/1974/1078 7103/1973/1079 7100/1970/1076
f 7102/1974/1078 7100/1970/1076 7099/1969/1075
f 7104/1972/1032 7103/1973/1079 7102/1974/1078
f 7105/1975/1060 7099/1969/1075 7106/1976/1036
f 7107/1978/1062 7102/1974/1078 7099/1969/1075
f 7107/1978/1062 7099/1969/1075 7105/1975/1060
f 7108/1977/1080 7102/1974/1078 7107/1978/1062
f 7109/1979/1081 7105/1975/1060 7110/1980/1065
f 7111/1981/1082 7107/1978/1062 7105/1975/1060
f 7111/1981/1082 7105/1975/1060 7109/1979/1081
f 7112/1982/1066 7107/1978/1062 7111/1981/1082
f 7113/1983/1083 7109/1979/1081 7114/1984/1047
f 7115/1986/1049 7111/1981/1082 7116/1985/1084
f 7117/1987/1085 7113/1983/1086 7118/1988/1051
f 7119/1990/1053 7116/1985/1087 7120/1989/1088
f 7121/1991/1054 7117/1987/1089 7122/1992/1055
f 7123/1993/1056 7120/1989/1088 7117/1987/1089
f 7123/1993/1056 7117/1987/1089 7121/1991/1054
f 7124/1994/1057 7120/1989/1088 7123/1993/1056
f 7125/1969/1090 7126/1970/1076 7127/1971/1031
f 7128/1974/1091 7129/1973/1079 7126/1970/1076
f 7128/1974/1091 7126/1970/1076 7125/1969/1090
f 7130/1972/1032 7129/1973/1079 7128/1974/1091
f 7131/1975/1092 7125/1969/1090 7132/1976/1036
f 7133/1977/1037 7128/1974/1093 7134/1978/1094
f 7135/1979/1095 7131/1975/1096 7136/1980/1042
f 7137/1982/1066 7134/1978/1097 7138/1981/1098
f 7139/1983/1099 7135/1979/1095 7140/1984/1047
f 7141/1986/1049 7138/1981/1100 7142/1985/1101
f 7143/1987/1050 7139/1983/1102 7144/1988/1051
f 7145/1989/1052 7142/1985/1103 7139/1983/1102
f 7145/1989/1052 7139/1983/1102 7143/1987/1050
f 7146/1990/1053 7142/1985/1103 7145/1989/1052
f 7147/1991/1054 7143/1987/1050 7148/1992/1104
f 7149/1993/1056 7145/1989/1052 7143/1987/1050
f 7149/1993/1056 7143/1987/1050 7147/1991/1054
f 7150/1994/1057 7145/1989/1052 7149/1993/1056
f 7151/1969/1105 7152/1970/1106 7153/1971/1106
f 7154/1972/1107 7155/1973/1107 7156/1974/1108
f 7157/1975/1109 7151/1969/1110 7158/1976/1111
f 7159/1977/1112 7156/1974/1108 7160/1978/1113
f 7161/1979/1114 7157/1975/1109 7162/1980/1115
f 7163/1981/1116 7160/1978/1117 7157/1975/1109
f 7163/1981/1116 7157/1975/1109 7161/1979/1114
f 7164/1982/1118 7160/1978/1117 7163/1981/1116
f 7165/1983/1119 7161/1979/1114 7166/1984/1120
f 7167/1985/1121 7163/1981/1116 7161/1979/1114
f 7167/1985/1121 7161/1979/1114 7165/1983/1119
f 7168/1986/1122 7163/1981/1116 7167/1985/1121
f 7169/1987/1123 7165/1983/1119 7170/1988/1124
f 7171/1989/1125 7167/1985/1121 7165/1983/1119
f 7171/1989/1125 7165/1983/1119 7169/1987/1123
f 7172/1990/1126 7167/1985/1121 7171/1989/1125
f 7173/1991/1127 7169/1987/1123 7174/1992/1128
f 7175/1993/1129 7171/1989/1125 7169/1987/1123
f 7175/1993/1129 7169/1987/1123 7173/1991/1127
f 7176/1994/1130 7171/1989/1125 7175/1993/1129
f 7177/1969/1131 7178/1970/1106 7179/1971/1106
f 7180/1972/1132 7181/1973/1132 7182/1974/1133
f 7183/1975/1134 7177/1969/1135 7184/1976/1111
f 7185/1978/1136 7182/1974/1137 7177/1969/1135
f 7185/1978/1136 7177/1969/1135 7183/1975/1134
f 7186/1977/1112 7182/1974/1137 7185/1978/1136
f 7187/1979/1114 7183/1975/1134 7188/1980/1115
f 7189/1981/1116 7185/1978/1136 7183/1975/1134
f 7189/1981/1116 7183/1975/1134 7187/1979/1114
f 7190/1982/1138 7185/1978/1136 7189/1981/1116
f 7191/1983/1139 7187/1979/1114 7192/1984/1120
f 7193/1985/1140 7189/1981/1116 7187/1979/1114
f 7193/1985/1140 7187/1979/1114 7191/1983/1139
f 7194/1986/1122 7189/1981/1116 7193/1985/1140
f 7195/1987/1141 7191/1983/1139 7196/1988/1124
f 7197/1990/1126 7193/1985/1142 7198/1989/1143
f 7199/1991/1128 7195/1987/1144 7200/1992/1128
f 7201/1994/1130 7198/1989/1145 7202/1993/1130
f 7203/1969/1146 7204/1970/1147 7205/1971/1106
f 7206/1974/1148 7207/1973/1149 7204/1970/1147
f 7206/1974/1148 7204/1970/1147 7203/1969/1146
f 7208/1972/1132 7207/1973/1149 7206/1974/1148
f 7209/1975/1134 7203/1969/1146 7210/1976/1111
f 7211/1978/1150 7206/1974/1148 7203/1969/1146
f 7211/1978/1150 7203/1969/1146 7209/1975/1134
f 7212/1977/1112 7206/1974/1148 7211/1978/1150
f 7213/1979/1151 7209/1975/1134 7214/1980/1115
f 7215/1981/1152 7211/1978/1150 7209/1975/1134
f 7215/1981/1152 7209/1975/1134 7213/1979/1151
f 7216/1982/1153 7211/1978/1150 7215/1981/1152
f 7217/1983/1154 7213/1979/1155 7218/1984/1120
f 7219/1986/1122 7215/1981/1152 7220/1985/1156
f 7221/1987/1157 7217/1983/1158 7222/1988/1124
f 7223/1990/1126 7220/1985/1159 7224/1989/1160
f 7225/1991/1127 7221/1987/1161 7226/1992/1128
f 7227/1993/1129 7224/1989/1162 7221/1987/1161
f 7227/1993/1129 7221/1987/1161 7225/1991/1127
f 7228/1994/1130 7224/1989/1162 7227/1993/1129
f 7229/1969/1163 7230/1970/1147 7231/1971/1106
f 7232/1974/1164 7233/1973/1149 7230/1970/1147
f 7232/1974/1164 7230/1970/1147 7229/1969/1163
f 7234/1972/1107 7233/1973/1149 7232/1974/1164
f 7235/1975/1165 7229/1969/1163 7236/1976/1111
f 7237/1977/1166 7232/1974/1167 7238/1978/1168
f 7239/1979/1169 7235/1975/1170 7240/1980/1115
f 7241/1982/1153 7238/1978/1171 7242/1981/1172
f 7243/1983/1173 7239/1979/1174 7244/1984/1120
f 7245/1986/1122 7242/1981/1175 7246/1985/1176
f 7247/1987/1123 7243/1983/1177 7248/1988/1124
f 7249/1989/1125 7246/1985/1176 7243/1983/1177
f 7249/1989/1125 7243/1983/1177 7247/1987/1123
f 7250/1990/1126 7246/1985/1176 7249/1989/1125
f 7251/1991/1127 7247/1987/1123 7252/1992/1128
f 7253/1993/1129 7249/1989/1125 7247/1987/1123
f 7253/1993/1129 7247/1987/1123 7251/1991/1127
f 7254/1994/1130 7249/1989/1125 7253/1993/1129
f 7255/1969/1030 7256/1970/1031 7257/1971/1031
f 7258/1972/1032 7259/1973/1032 7260/1974/1033
f 7261/1975/1178 7255/1969/1035 7262/1976/1036
f 7263/1977/1179 7260/1974/1038 7264/1978/1044
f 7265/1979/1040 7261/1975/1041 7266/1980/1042
f 7267/1981/1043 7264/1978/1180 7261/1975/1041
f 7267/1981/1043 7261/1975/1041 7265/1979/1040
f 7268/1982/1045 7264/1978/1180 7267/1981/1043
f 7269/1983/1181 7265/1979/1040 7270/1984/1047
f 7271/1985/1048 7267/1981/1043 7265/1979/1040
f 7271/1985/1048 7265/1979/1040 7269/1983/1181
f 7272/1986/1049 7267/1981/1043 7271/1985/1048
f 7273/1987/1050 7269/1983/1181 7274/1988/1182
f 7275/1989/1052 7271/1985/1048 7269/1983/1181
f 7275/1989/1052 7269/1983/1181 7273/1987/1050
f 7276/1990/1183 7271/1985/1048 7275/1989/1052
f 7277/1991/1054 7273/1987/1050 7278/1992/1055
f 7279/1993/1056 7275/1989/1052 7273/1987/1050
f 7279/1993/1056 7273/1987/1050 7277/1991/1054
f 7280/1994/1073 7275/1989/1052 7279/1993/1056
f 7281/1969/1184 7282/1970/1031 7283/1971/1031
f 7284/1972/1032 7285/1973/1032 7286/1974/1185
f 7287/1975/1060 7281/1969/1061 7288/1976/1036
f 7289/1978/1062 7286/1974/1063 7281/1969/1061
f 7289/1978/1062 7281/1969/1061 7287/1975/1060
f 7290/1977/1064 7286/1974/1063 7289/1978/1062
f 7291/1979/1040 7287/1975/1060 7292/1980/1042
f 7293/1981/1043 7289/1978/1062 7287/1975/1060
f 7293/1981/1043 7287/1975/1060 7291/1979/1040
f 7294/1982/1066 7289/1978/1062 7293/1981/1043
f 7295/1983/1186 7291/1979/1040 7296/1984/1187
f 7297/1985/1070 7293/1981/1043 7291/1979/1040
f 7297/1985/1070 7291/1979/1040 7295/1983/1186
f 7298/1986/1049 7293/1981/1043 7297/1985/1070
f 7299/1987/1069 7295/1983/1067 7300/1988/1051
f 7301/1990/1188 7297/1985/1068 7302/1989/1071
f 7303/1991/1055 7299/1987/1189 7304/1992/1055
f 7305/1994/1057 7302/1989/1074 7306/1993/1057
f 7307/1969/1190 7308/1970/1076 7309/1971/1031
f 7310/1974/1078 7311/1973/1079 7308/1970/1076
f 7310/1974/1078 7308/1970/1076 7307/1969/1190
f 7312/1972/1032 7311/1973/1079 7310/1974/1078
f 7313/1975/1060 7307/1969/1190 7314/1976/1036
f 7315/1978/1062 7310/1974/1078 7307/1969/1190
f 7315/1978/1062 7307/1969/1190 7313/1975/1060
f 7316/1977/1179 7310/1974/1078 7315/1978/1062
f 7317/1979/1081 7313/1975/1060 7318/1980/1042
f 7319/1981/1082 7315/1978/1062 7313/1975/1060
f 7319/1981/1082 7313/1975/1060 7317/1979/1081
f 7320/1982/1066 7315/1978/1062 7319/1981/1082
f 7321/1983/1083 7317/1979/1081 7322/1984/1047
f 7323/1986/1049 7319/1981/1191 7324/1985/1192
f 7325/1987/1085 7321/1983/1083 7326/1988/1051
f 7327/1990/1188 7324/1985/1087 7328/1989/1193
f 7329/1991/1054 7325/1987/1089 7330/1992/1055
f 7331/1993/1056 7328/1989/1088 7325/1987/1089
f 7331/1993/1056 7325/1987/1089 7329/1991/1054
f 7332/1994/1057 7328/1989/1088 7331/1993/1056
f 7333/1969/1194 7334/1970/1076 7335/1971/1077
f 7336/1974/1093 7337/1973/1079 7334/1970/1076
f 7336/1974/1093 7334/1970/1076 7333/1969/1194
f 7338/1972/1032 7337/1973/1079 7336/1974/1093
f 7339/1975/1195 7333/1969/1090 7340/1976/1036
f 7341/1977/1179 7336/1974/1091 7342/1978/1094
f 7343/1979/1196 7339/1975/1096 7344/1980/1042
f 7345/1982/1066 7342/1978/1097 7346/1981/1197
f 7347/1983/1102 7343/1979/1095 7348/1984/1047
f 7349/1986/1049 7346/1981/1100 7350/1985/1198
f 7351/1987/1050 7347/1983/1102 7352/1988/1051
f 7353/1989/1052 7350/1985/1103 7347/1983/1102
f 7353/1989/1052 7347/1983/1102 7351/1987/1050
f 7354/1990/1053 7350/1985/1103 7353/1989/1052
f 7355/1991/1054 7351/1987/1050 7356/1992/1055
f 7357/1993/1056 7353/1989/1052 7351/1987/1050
f 7357/1993/1056 7351/1987/1050 7355/1991/1054
f 7358/1994/1073 7353/1989/1052 7357/1993/1056
f 7359/1969/1199 7360/1970/1200 7361/1971/1200
f 7362/1972/1201 7363/1973/1201 7364/1974/1202
f 7365/1975/1203 7359/1969/1199 7366/1976/1204
f 7367/1977/1205 7364/1974/1206 7368/1978/1207
f 7369/1979/1208 7365/1975/1209 7370/1980/1210
f 7371/1981/1211 7368/1978/1207 7365/1975/1209
f 7371/1981/1211 7365/1975/1209 7369/1979/1208
f 7372/1982/1212 7368/1978/1207 7371/1981/1211
f 7373/1983/1213 7369/1979/1208 7374/1984/1214
f 7375/1985/1215 7371/1981/1211 7369/1979/1208
f 7375/1985/1215 7369/1979/1208 7373/1983/1213
f 7376/1986/1216 7371/1981/1211 7375/1985/1215
f 7377/1987/1217 7373/1983/1213 7378/1988/1218
f 7379/1989/1219 7375/1985/1215 7373/1983/1213
f 7379/1989/1219 7373/1983/1213 7377/1987/1217
f 7380/1990/1220 7375/1985/1215 7379/1989/1219
f 7381/1991/1221 7377/1987/1217 7382/1992/1222
f 7383/1993/1223 7379/1989/1219 7377/1987/1217
f 7383/1993/1223 7377/1987/1217 7381/1991/1221
f 7384/1994/1224 7379/1989/1219 7383/1993/1223
f 7385/1969/1225 7386/1970/1200 7387/1971/1200
f 7388/1972/1226 7389/1973/1226 7390/1974/1227
f 7391/1975/1228 7385/1969/1229 7392/1976/1230
f 7393/1978/1231 7390/1974/1232 7385/1969/1229
f 7393/1978/1231 7385/1969/1229 7391/1975/1228
f 7394/1977/1233 7390/1974/1232 7393/1978/1231
f 7395/1979/1208 7391/1975/1228 7396/1980/1210
f 7397/1981/1211 7393/1978/1231 7391/1975/1228
f 7397/1981/1211 7391/1975/1228 7395/1979/1208
f 7398/1982/1212 7393/1978/1231 7397/1981/1211
f 7399/1983/1234 7395/1979/1208 7400/1984/1235
f 7401/1985/1236 7397/1981/1211 7395/1979/1208
f 7401/1985/1236 7395/1979/1208 7399/1983/1234
f 7402/1986/1216 7397/1981/1211 7401/1985/1236
f 7403/1987/1237 7399/1983/1238 7404/1988/1218
f 7405/1990/1239 7401/1985/1236 7406/1989/1240
f 7407/1991/1241 7403/1987/1242 7408/1992/1241
f 7409/1994/1243 7406/1989/1244 7410/1993/1243
f 7411/1969/1245 7412/1970/1246 7413/1971/1247
f 7414/1974/1248 7415/1973/1249 7412/1970/1246
f 7414/1974/1248 7412/1970/1246 7411/1969/1245
f 7416/1972/1201 7415/1973/1249 7414/1974/1248
f 7417/1975/1250 7411/1969/1245 7418/1976/1204
f 7419/1978/1231 7414/1974/1248 7411/1969/1245
f 7419/1978/1231 7411/1969/1245 7417/1975/1250
f 7420/1977/1251 7414/1974/1248 7419/1978/1231
f 7421/1979/1252 7417/1975/1250 7422/1980/1253
f 7423/1981/1254 7419/1978/1231 7417/1975/1250
f 7423/1981/1254 7417/1975/1250 7421/1979/1252
f 7424/1982/1212 7419/1978/1231 7423/1981/1254
f 7425/1983/1255 7421/1979/1252 7426/1984/1235
f 7427/1986/1216 7423/1981/1256 7428/1985/1257
f 7429/1987/1258 7425/1983/1259 7430/1988/1218
f 7431/1990/1220 7428/1985/1260 7432/1989/1261
f 7433/1991/1221 7429/1987/1258 7434/1992/1222
f 7435/1993/1223 7432/1989/1262 7429/1987/1258
f 7435/1993/1223 7429/1987/1258 7433/1991/1221
f 7436/1994/1224 7432/1989/1262 7435/1993/1223
f 7437/1969/1263 7438/1970/1246 7439/1971/1247
f 7440/1974/1264 7441/1973/1265 7438/1970/1246
f 7440/1974/1264 7438/1970/1246 7437/1969/1263
f 7442/1972/1201 7441/1973/1265 7440/1974/1264
f 7443/1975/1266 7437/1969/1267 7444/1976/1204
f 7445/1977/1251 7440/1974/1264 7446/1978/1268
f 7447/1979/1269 7443/1975/1266 7448/1980/1270
f 7449/1982/1212 7446/1978/1271 7450/1981/1272
f 7451/1983/1273 7447/1979/1274 7452/1984/1235
f 7453/1986/1216 7450/1981/1275 7454/1985/1276
f 7455/1987/1277 7451/1983/1278 7456/1988/1279
f 7457/1989/1219 7454/1985/1280 7451/1983/1278
f 7457/1989/1219 7451/1983/1278 7455/1987/1277
f 7458/1990/1281 7454/1985/1280 7457/1989/1219
f 7459/1991/1221 7455/1987/1277 7460/1992/1241
f 7461/1993/1223 7457/1989/1219 7455/1987/1277
f 7461/1993/1223 7455/1987/1277 7459/1991/1221
f 7462/1994/1243 7457/1989/1219 7461/1993/1223
f 7463/1969/1282 7464/1970/1283 7465/1971/1283
f 7466/1972/1284 7467/1973/1284 7468/1974/1285
f 7469/1975/1286 7463/1969/1287 7470/1976/1288
f 7471/1977/1289 7468/1974/1290 7472/1978/1291
f 7473/1979/1292 7469/1975/1293 7474/1980/1294
f 7475/1981/1295 7472/1978/1291 7469/1975/1293
f 7475/1981/1295 7469/1975/1293 7473/1979/1292
f 7476/1982/1296 7472/1978/1291 7475/1981/1295
f 7477/1983/1297 7473/1979/1292 7478/1984/1298
f 7479/1985/1299 7475/1981/1295 7473/1979/1292
f 7479/1985/1299 7473/1979/1292 7477/1983/1297
f 7480/1986/1300 7475/1981/1295 7479/1985/1299
f 7481/1987/1301 7477/1983/1297 7482/1988/1302
f 7483/1989/1303 7479/1985/1299 7477/1983/1297
f 7483/1989/1303 7477/1983/1297 7481/1987/1301
f 7484/1990/1304 7479/1985/1299 7483/1989/1303
f 7485/1991/1305 7481/1987/1301 7486/1992/1306
f 7487/1993/1307 7483/1989/1303 7481/1987/1301
f 7487/1993/1307 7481/1987/1301 7485/1991/1305
f 7488/1994/1308 7483/1989/1303 7487/1993/1307
f 7489/1969/1309 7490/1970/1283 7491/1971/1283
f 7492/1972/1284 7493/1973/1284 7494/1974/1310
f 7495/1975/1311 7489/1969/1309 7496/1976/1288
f 7497/1978/1312 7494/1974/1310 7489/1969/1309
f 7497/1978/1312 7489/1969/1309 7495/1975/1311
f 7498/1977/1289 7494/1974/1310 7497/1978/1312
f 7499/1979/1292 7495/1975/1311 7500/1980/1294
f 7501/1981/1295 7497/1978/1312 7495/1975/1311
f 7501/1981/1295 7495/1975/1311 7499/1979/1292
f 7502/1982/1313 7497/1978/1312 7501/1981/1295
f 7503/1983/1314 7499/1979/1292 7504/1984/1298
f 7505/1985/1315 7501/1981/1295 7499/1979/1292
f 7505/1985/1315 7499/1979/1292 7503/1983/1314
f 7506/1986/1300 7501/1981/1295 7505/1985/1315
f 7507/1987/1316 7503/1983/1317 7508/1988/1302
f 7509/1990/1304 7505/1985/1315 7510/1989/1318
f 7511/1991/1319 7507/1987/1320 7512/1992/1319
f 7513/1994/1321 7510/1989/1318 7514/1993/1321
f 7515/1969/1322 7516/1970/1323 7517/1971/1283
f 7518/1974/1324 7519/1973/1325 7516/1970/1323
f 7518/1974/1324 7516/1970/1323 7515/1969/1322
f 7520/1972/1284 7519/1973/1325 7518/1974/1324
f 7521/1975/1326 7515/1969/1322 7522/1976/1288
f 7523/1978/1312 7518/1974/1324 7515/1969/1322
f 7523/1978/1312 7515/1969/1322 7521/1975/1326
f 7524/1977/1289 7518/1974/1324 7523/1978/1312
f 7525/1979/1327 7521/1975/1326 7526/1980/1328
f 7527/1981/1329 7523/1978/1312 7521/1975/1326
f 7527/1981/1329 7521/1975/1326 7525/1979/1327
f 7528/1982/1313 7523/1978/1312 7527/1981/1329
f 7529/1983/1330 7525/1979/1331 7530/1984/1298
f 7531/1986/1300 7527/1981/1332 7532/1985/1333
f 7533/1987/1334 7529/1983/1335 7534/1988/1302
f 7535/1990/1304 7532/1985/1336 7536/1989/1337
f 7537/1991/1338 7533/1987/1339 7538/1992/1319
f 7539/1993/1307 7536/1989/1337 7533/1987/1339
f 7539/1993/1307 7533/1987/1339 7537/1991/1338
f 7540/1994/1321 7536/1989/1337 7539/1993/1307
f 7541/1969/1340 7542/1970/1323 7543/1971/1283
f 7544/1974/1341 7545/1973/1325 7542/1970/1323
f 7544/1974/1341 7542/1970/1323 7541/1969/1340
f 7546/1972/1284 7545/1973/1325 7544/1974/1341
f 7547/1975/1342 7541/1969/1340 7548/1976/1288
f 7549/1977/1343 7544/1974/1344 7550/1978/1345
f 7551/1979/1346 7547/1975/1347 7552/1980/1294
f 7553/1982/1348 7550/1978/1349 7554/1981/1350
f 7555/1983/1351 7551/1979/1352 7556/1984/1298
f 7557/1986/1300 7554/1981/1353 7558/1985/1354
f 7559/1987/1301 7555/1983/1355 7560/1988/1302
f 7561/1989/1303 7558/1985/1354 7555/1983/1355
f 7561/1989/1303 7555/1983/1355 7559/1987/1301
f 7562/1990/1304 7558/1985/1354 7561/1989/1303
f 7563/1991/1305 7559/1987/1301 7564/1992/1306
f 7565/1993/1356 7561/1989/1303 7559/1987/1301
f 7565/1993/1356 7559/1987/1301 7563/1991/1305
f 7566/1994/1308 7561/1989/1303 7565/1993/1356
f 7567/1969/1357 7568/1970/1358 7569/1971/1358
f 7570/1972/1359 7571/1973/1359 7572/1974/1360
f 7573/1975/1361 7567/1969/1362 7574/1976/1363
f 7575/1977/1364 7572/1974/1365 7576/1978/1366
f 7577/1979/1367 7573/1975/1361 7578/1980/1368
f 7579/1981/1369 7576/1978/1366 7573/1975/1361
f 7579/1981/1369 7573/1975/1361 7577/1979/1367
f 7580/1982/1370 7576/1978/1366 7579/1981/1369
f 7581/1983/1371 7577/1979/1367 7582/1984/1372
f 7583/1985/1373 7579/1981/1369 7577/1979/1367
f 7583/1985/1373 7577/1979/1367 7581/1983/1371
f 7584/1986/1374 7579/1981/1369 7583/1985/1373
f 7585/1987/1375 7581/1983/1371 7586/1988/1376
f 7587/1989/1377 7583/1985/1373 7581/1983/1371
f 7587/1989/1377 7581/1983/1371 7585/1987/1375
f 7588/1990/1378 7583/1985/1373 7587/1989/1377
f 7589/1991/1379 7585/1987/1375 7590/1992/1380
f 7591/1993/1381 7587/1989/1377 7585/1987/1375
f 7591/1993/1381 7585/1987/1375 7589/1991/1379
f 7592/1994/1382 7587/1989/1377 7591/1993/1381
f 7593/1969/1383 7594/1970/1358 7595/1971/1358
f 7596/1972/1359 7597/1973/1359 7598/1974/1384
f 7599/1975/1385 7593/1969/1383 7600/1976/1363
f 7601/1978/1386 7598/1974/1384 7593/1969/1383
f 7601/1978/1386 7593/1969/1383 7599/1975/1385
f 7602/1977/1364 7598/1974/1384 7601/1978/1386
f 7603/1979/1367 7599/1975/1385 7604/1980/1368
f 7605/1981/1369 7601/1978/1386 7599/1975/1385
f 7605/1981/1369 7599/1975/1385 7603/1979/1367
f 7606/1982/1370 7601/1978/1386 7605/1981/1369
f 7607/1983/1387 7603/1979/1367 7608/1984/1372
f 7609/1985/1388 7605/1981/1369 7603/1979/1367
f 7609/1985/1388 7603/1979/1367 7607/1983/1387
f 7610/1986/1374 7605/1981/1369 7609/1985/1388
f 7611/1987/1389 7607/1983/1390 7612/1988/1376
f 7613/1990/1391 7609/1985/1392 7614/1989/1393
f 7615/1991/1394 7611/1987/1395 7616/1992/1394
f 7617/1994/1382 7614/1989/1396 7618/1993/1382
f 7619/1969/1397 7620/1970/1398 7621/1971/1399
f 7622/1974/1400 7623/1973/1401 7620/1970/1398
f 7622/1974/1400 7620/1970/1398 7619/1969/1397
f 7624/1972/1359 7623/1973/1401 7622/1974/1400
f 7625/1975/1385 7619/1969/1397 7626/1976/1363
f 7627/1978/1386 7622/1974/1400 7619/1969/1397
f 7627/1978/1386 7619/1969/1397 7625/1975/1385
f 7628/1977/1364 7622/1974/1400 7627/1978/1386
f 7629/1979/1402 7625/1975/1385 7630/1980/1403
f 7631/1981/1404 7627/1978/1386 7625/1975/1385
f 7631/1981/1404 7625/1975/1385 7629/1979/1402
f 7632/1982/1370 7627/1978/1386 7631/1981/1404
f 7633/1983/1405 7629/1979/1406 7634/1984/1372
f 7635/1986/1374 7631/1981/1404 7636/1985/1407
f 7637/1987/1408 7633/1983/1409 7638/1988/1376
f 7639/1990/1410 7636/1985/1411 7640/1989/1412
f 7641/1991/1413 7637/1987/1414 7642/1992/1380
f 7643/1993/1381 7640/1989/1412 7637/1987/1414
f 7643/1993/1381 7637/1987/1414 7641/1991/1413
f 7644/1994/1382 7640/1989/1412 7643/1993/1381
f 7645/1969/1415 7646/1970/1398 7647/1971/1399
f 7648/1974/1416 7649/1973/1417 7646/1970/1398
f 7648/1974/1416 7646/1970/1398 7645/1969/1415
f 7650/1972/1359 7649/1973/1417 7648/1974/1416
f 7651/1975/1418 7645/1969/1415 7652/1976/1363
f 7653/1977/1364 7648/1974/1419 7654/1978/1420
f 7655/1979/1421 7651/1975/1422 7656/1980/1368
f 7657/1982/1370 7654/1978/1423 7658/1981/1424
f 7659/1983/1425 7655/1979/1426 7660/1984/1372
f 7661/1986/1374 7658/1981/1427 7662/1985/1428
f 7663/1987/1375 7659/1983/1429 7664/1988/1376
f 7665/1989/1377 7662/1985/1428 7659/1983/1429
f 7665/1989/1377 7659/1983/1429 7663/1987/1375
f 7666/1990/1410 7662/1985/1428 7665/1989/1377
f 7667/1991/1379 7663/1987/1375 7668/1992/1380
f 7669/1993/1381 7665/1989/1377 7663/1987/1375
f 7669/1993/1381 7663/1987/1375 7667/1991/1379
f 7670/1994/1382 7665/1989/1377 7669/1993/1381
usemtl Material.007
f 3089/1178/978 3090/1179/978 3091/1180/978
f 3092/1181/978 3091/1180/978 3090/1179/978
f 3091/1180/978 3093/1182/978 3094/1183/978
f 3093/1182/978 3091/1180/978 3092/1181/978
f 3095/1184/978 3089/1178/978 3096/1185/978
f 3091/1180/978 3096/1185/978 3089/1178/978
f 3096/1185/978 3094/1183/978 3097/1186/978
f 3094/1183/978 3096/1185/978 3091/1180/978
f 3098/1178/979 3099/1179/979 3100/1180/979
f 3101/1181/979 3100/1180/979 3099/1179/979
f 3100/1180/979 3102/1182/979 3103/1183/979
f 3102/1182/979 3100/1180/979 3101/1181/979
f 3104/1184/979 3098/1178/979 3105/1185/979
f 3100/1180/979 3105/1185/979 3098/1178/979
f 3105/1185/979 3103/1183/979 3106/1186/979
f 3103/1183/979 3105/1185/979 3100/1180/979
f 3107/1178/980 3108/1179/980 3109/1180/980
f 3110/1181/980 3109/1180/980 3108/1179/980
f 3109/1180/980 3111/1182/980 3112/1183/980
f 3111/1182/980 3109/1180/980 3110/1181/980
f 3113/1184/980 3107/1178/980 3114/1185/980
f 3109/1180/980 3114/1185/980 3107/1178/980
f 3114/1185/980 3112/1183/980 3115/1186/980
f 3112/1183/980 3114/1185/980 3109/1180/980
f 3116/1178/981 3117/1179/981 3118/1180/981
f 3119/1181/981 3118/1180/981 3117/1179/981
f 3118/1180/981 3120/1182/981 3121/1183/981
f 3120/1182/981 3118/1180/981 3119/1181/981
f 3122/1184/981 3116/1178/981 3123/1185/981
f 3118/1180/981 3123/1185/981 3116/1178/981
f 3123/1185/981 3121/1183/981 3124/1186/981
f 3121/1183/981 3123/1185/981 3118/1180/981
f 3125/1178/982 3126/1179/982 3127/1180/982
f 3128/1181/982 3127/1180/982 3126/1179/982
f 3127/1180/982 3129/1182/982 3130/1183/982
f 3129/1182/982 3127/1180/982 3128/1181/982
f 3131/1184/982 3125/1178/982 3132/1185/982
f 3127/1180/982 3132/1185/982 3125/1178/982
f 3132/1185/982 3130/1183/982 3133/1186/982
f 3130/1183/982 3132/1185/982 3127/1180/982
f 3134/1178/983 3135/1179/983 3136/1180/983
f 3137/1181/983 3136/1180/983 3135/1179/983
f 3136/1180/983 3138/1182/983 3139/1183/983
f 3138/1182/983 3136/1180/983 3137/1181/983
f 3140/1184/983 3134/1178/983 3141/1185/983
f 3136/1180/983 3141/1185/983 3134/1178/983
f 3141/1185/983 3139/1183/983 3142/1186/983
f 3139/1183/983 3141/1185/983 3136/1180/983
f 3143/1178/984 3144/1179/984 3145/1180/984
f 3146/1181/984 3145/1180/984 3144/1179/984
f 3145/1180/984 3147/1182/984 3148/1183/984
f 3147/1182/984 3145/1180/984 3146/1181/984
f 3149/1184/984 3143/1178/984 3150/1185/984
f 3145/1180/984 3150/1185/984 3143/1178/984
f 3150/1185/984 3148/1183/984 3151/1186/984
f 3148/1183/984 3150/1185/984 3145/1180/984
f 3152/1178/985 3153/1179/985 3154/1180/985
f 3155/1181/985 3154/1180/985 3153/1179/985
f 3154/1180/985 3156/1182/985 3157/1183/985
f 3156/1182/985 3154/1180/985 3155/1181/985
f 3158/1184/985 3152/1178/985 3159/1185/985
f 3154/1180/985 3159/1185/985 3152/1178/985
f 3159/1185/985 3157/1183/985 3160/1186/985
f 3157/1183/985 3159/1185/985 3154/1180/985
f 3161/1178/986 3162/1179/986 3163/1180/986
f 3164/1181/986 3163/1180/986 3162/1179/986
f 3163/1180/986 3165/1182/986 3166/1183/986
f 3165/1182/986 3163/1180/986 3164/1181/986
f 3167/1184/986 3161/1178/986 3168/1185/986
f 3163/1180/986 3168/1185/986 3161/1178/986
f 3168/1185/986 3166/1183/986 3169/1186/986
f 3166/1183/986 3168/1185/986 3163/1180/986
f 3170/1178/987 3171/1179/987 3172/1180/987
f 3173/1181/987 3172/1180/987 3171/1179/987
f 3172/1180/987 3174/1182/987 3175/1183/987
f 3174/1182/987 3172/1180/987 3173/1181/987
f 3176/1184/987 3170/1178/987 3177/1185/987
f 3172/1180/987 3177/1185/987 3170/1178/987
f 3177/1185/987 3175/1183/987 3178/1186/987
f 3175/1183/987 3177/1185/987 3172/1180/987
f 3179/1178/988 3180/1179/988 3181/1180/988
f 3182/1181/988 3181/1180/988 3180/1179/988
f 3181/1180/988 3183/1182/988 3184/1183/988
f 3183/1182/988 3181/1180/988 3182/1181/988
f 3185/1184/988 3179/1178/988 3186/1185/988
f 3181/1180/988 3186/1185/988 3179/1178/988
f 3186/1185/988 3184/1183/988 3187/1186/988
f 3184/1183/988 3186/1185/988 3181/1180/988
f 3188/1178/989 3189/1179/989 3190/1180/989
f 3191/1181/989 3190/1180/989 3189/1179/989
f 3190/1180/989 3192/1182/989 3193/1183/990
f 3192/1182/989 3190/1180/989 3191/1181/989
f 3194/1184/990 3188/1178/989 3195/1185/990
f 3190/1180/989 3195/1185/990 3188/1178/989
f 3195/1185/990 3193/1183/990 3196/1186/990
f 3193/1183/990 3195/1185/990 3190/1180/989
f 3197/1178/991 3198/1179/991 3199/1180/991
f 3200/1181/991 3199/1180/991 3198/1179/991
f 3199/1180/991 3201/1182/991 3202/1183/991
f 3201/1182/991 3199/1180/991 3200/1181/991
f 3203/1184/991 3197/1178/991 3204/1185/991
f 3199/1180/991 3204/1185/991 3197/1178/991
f 3204/1185/991 3202/1183/991 3205/1186/991
f 3202/1183/991 3204/1185/991 3199/1180/991
f 3206/1178/79 3207/1179/79 3208/1180/79
f 3209/1181/79 3208/1180/79 3207/1179/79
f 3208/1180/79 3210/1182/79 3211/1183/79
f 3210/1182/79 3208/1180/79 3209/1181/79
f 3212/1184/79 3206/1178/79 3213/1185/79
f 3208/1180/79 3213/1185/79 3206/1178/79
f 3213/1185/79 3211/1183/79 3214/1186/79
f 3211/1183/79 3213/1185/79 3208/1180/79
f 3215/1178/79 3216/1179/79 3217/1180/79
f 3218/1181/79 3217/1180/79 3216/1179/79
f 3217/1180/79 3219/1182/79 3220/1183/79
f 3219/1182/79 3217/1180/79 3218/1181/79
f 3221/1184/79 3215/1178/79 3222/1185/79
f 3217/1180/79 3222/1185/79 3215/1178/79
f 3222/1185/79 3220/1183/79 3223/1186/79
f 3220/1183/79 3222/1185/79 3217/1180/79
f 3224/1178/79 3225/1179/79 3226/1180/79
f 3227/1181/79 3226/1180/79 3225/1179/79
f 3226/1180/79 3228/1182/79 3229/1183/79
f 3228/1182/79 3226/1180/79 3227/1181/79
f 3230/1184/79 3224/1178/79 3231/1185/79
f 3226/1180/79 3231/1185/79 3224/1178/79
f 3231/1185/79 3229/1183/79 3232/1186/79
f 3229/1183/79 3231/1185/79 3226/1180/79
f 3233/1178/79 3234/1179/79 3235/1180/79
f 3236/1181/79 3235/1180/79 3234/1179/79
f 3235/1180/79 3237/1182/79 3238/1183/79
f 3237/1182/79 3235/1180/79 3236/1181/79
f 3239/1184/79 3233/1178/79 3240/1185/79
f 3235/1180/79 3240/1185/79 3233/1178/79
f 3240/1185/79 3238/1183/79 3241/1186/79
f 3238/1183/79 3240/1185/79 3235/1180/79
f 3242/1178/79 3243/1179/79 3244/1180/79
f 3245/1181/79 3244/1180/79 3243/1179/79
f 3244/1180/79 3246/1182/79 3247/1183/79
f 3246/1182/79 3244/1180/79 3245/1181/79
f 3248/1184/79 3242/1178/79 3249/1185/79
f 3244/1180/79 3249/1185/79 3242/1178/79
f 3249/1185/79 3247/1183/79 3250/1186/79
f 3247/1183/79 3249/1185/79 3244/1180/79
f 3251/1178/79 3252/1179/79 3253/1180/79
f 3254/1181/79 3253/1180/79 3252/1179/79
f 3253/1180/79 3255/1182/79 3256/1183/79
f 3255/1182/79 3253/1180/79 3254/1181/79
f 3257/1184/79 3251/1178/79 3258/1185/79
f 3253/1180/79 3258/1185/79 3251/1178/79
f 3258/1185/79 3256/1183/79 3259/1186/79
f 3256/1183/79 3258/1185/79 3253/1180/79
f 3260/1178/79 3261/1179/79 3262/1180/79
f 3263/1181/79 3262/1180/79 3261/1179/79
f 3262/1180/79 3264/1182/79 3265/1183/79
f 3264/1182/79 3262/1180/79 3263/1181/79
f 3266/1184/79 3260/1178/79 3267/1185/79
f 3262/1180/79 3267/1185/79 3260/1178/79
f 3267/1185/79 3265/1183/79 3268/1186/79
f 3265/1183/79 3267/1185/79 3262/1180/79
f 3269/1178/79 3270/1179/79 3271/1180/79
f 3272/1181/79 3271/1180/79 3270/1179/79
f 3271/1180/79 3273/1182/79 3274/1183/79
f 3273/1182/79 3271/1180/79 3272/1181/79
f 3275/1184/79 3269/1178/79 3276/1185/79
f 3271/1180/79 3276/1185/79 3269/1178/79
f 3276/1185/79 3274/1183/79 3277/1186/79
f 3274/1183/79 3276/1185/79 3271/1180/79
f 3278/1178/79 3279/1179/79 3280/1180/79
f 3281/1181/79 3280/1180/79 3279/1179/79
f 3280/1180/79 3282/1182/79 3283/1183/79
f 3282/1182/79 3280/1180/79 3281/1181/79
f 3284/1184/79 3278/1178/79 3285/1185/79
f 3280/1180/79 3285/1185/79 3278/1178/79
f 3285/1185/79 3283/1183/79 3286/1186/79
f 3283/1183/79 3285/1185/79 3280/1180/79
f 3287/1178/79 3288/1179/79 3289/1180/79
f 3290/1181/79 3289/1180/79 3288/1179/79
f 3289/1180/79 3291/1182/79 3292/1183/79
f 3291/1182/79 3289/1180/79 3290/1181/79
f 3293/1184/79 3287/1178/79 3294/1185/79
f 3289/1180/79 3294/1185/79 3287/1178/79
f 3294/1185/79 3292/1183/79 3295/1186/79
f 3292/1183/79 3294/1185/79 3289/1180/79
f 3296/1178/992 3297/1179/992 3298/1180/992
f 3299/1181/992 3298/1180/992 3297/1179/992
f 3298/1180/992 3300/1182/992 3301/1183/992
f 3300/1182/992 3298/1180/992 3299/1181/992
f 3302/1184/992 3296/1178/992 3303/1185/992
f 3298/1180/992 3303/1185/992 3296/1178/992
f 3303/1185/992 3301/1183/992 3304/1186/992
f 3301/1183/992 3303/1185/992 3298/1180/992
f 3305/1178/993 3306/1179/993 3307/1180/993
f 3308/1181/993 3307/1180/993 3306/1179/993
f 3307/1180/993 3309/1182/993 3310/1183/993
f 3309/1182/993 3307/1180/993 3308/1181/993
f 3311/1184/993 3305/1178/993 3312/1185/993
f 3307/1180/993 3312/1185/993 3305/1178/993
f 3312/1185/993 3310/1183/993 3313/1186/993
f 3310/1183/993 3312/1185/993 3307/1180/993
f 3314/1178/993 3315/1179/993 3316/1180/993
f 3317/1181/993 3316/1180/993 3315/1179/993
f 3316/1180/993 3318/1182/993 3319/1183/993
f 3318/1182/993 3316/1180/993 3317/1181/993
f 3320/1184/993 3314/1178/993 3321/1185/993
f 3316/1180/993 3321/1185/993 3314/1178/993
f 3321/1185/993 3319/1183/993 3322/1186/993
f 3319/1183/993 3321/1185/993 3316/1180/993
f 3323/1178/994 3324/1179/994 3325/1180/994
f 3326/1181/995 3325/1180/994 3324/1179/994
f 3325/1180/994 3327/1182/995 3328/1183/994
f 3327/1182/995 3325/1180/994 3326/1181/995
f 3329/1184/995 3323/1178/994 3330/1185/995
f 3325/1180/994 3330/1185/995 3323/1178/994
f 3330/1185/995 3328/1183/994 3331/1186/995
f 3328/1183/994 3330/1185/995 3325/1180/994
f 3332/1178/79 3333/1179/79 3334/1180/79
f 3335/1181/79 3334/1180/79 3333/1179/79
f 3334/1180/79 3336/1182/79 3337/1183/79
f 3336/1182/79 3334/1180/79 3335/1181/79
f 3338/1184/79 3332/1178/79 3339/1185/79
f 3334/1180/79 3339/1185/79 3332/1178/79
f 3339/1185/79 3337/1183/79 3340/1186/79
f 3337/1183/79 3339/1185/79 3334/1180/79
f 3341/1178/79 3342/1179/79 3343/1180/79
f 3344/1181/79 3343/1180/79 3342/1179/79
f 3343/1180/79 3345/1182/79 3346/1183/79
f 3345/1182/79 3343/1180/79 3344/1181/79
f 3347/1184/79 3341/1178/79 3348/1185/79
f 3343/1180/79 3348/1185/79 3341/1178/79
f 3348/1185/79 3346/1183/79 3349/1186/79
f 3346/1183/79 3348/1185/79 3343/1180/79
f 3350/1178/79 3351/1179/79 3352/1180/79
f 3353/1181/79 3352/1180/79 3351/1179/79
f 3352/1180/79 3354/1182/79 3355/1183/79
f 3354/1182/79 3352/1180/79 3353/1181/79
f 3356/1184/79 3350/1178/79 3357/1185/79
f 3352/1180/79 3357/1185/79 3350/1178/79
f 3357/1185/79 3355/1183/79 3358/1186/79
f 3355/1183/79 3357/1185/79 3352/1180/79
f 3359/1178/79 3360/1179/79 3361/1180/79
f 3362/1181/79 3361/1180/79 3360/1179/79
f 3361/1180/79 3363/1182/79 3364/1183/79
f 3363/1182/79 3361/1180/79 3362/1181/79
f 3365/1184/79 3359/1178/79 3366/1185/79
f 3361/1180/79 3366/1185/79 3359/1178/79
f 3366/1185/79 3364/1183/79 3367/1186/79
f 3364/1183/79 3366/1185/79 3361/1180/79
f 3368/1178/79 3369/1179/79 3370/1180/79
f 3371/1181/79 3370/1180/79 3369/1179/79
f 3370/1180/79 3372/1182/79 3373/1183/79
f 3372/1182/79 3370/1180/79 3371/1181/79
f 3374/1184/79 3368/1178/79 3375/1185/79
f 3370/1180/79 3375/1185/79 3368/1178/79
f 3375/1185/79 3373/1183/79 3376/1186/79
f 3373/1183/79 3375/1185/79 3370/1180/79
f 3377/1178/79 3378/1179/79 3379/1180/79
f 3380/1181/79 3379/1180/79 3378/1179/79
f 3379/1180/79 3381/1182/79 3382/1183/79
f 3381/1182/79 3379/1180/79 3380/1181/79
f 3383/1184/79 3377/1178/79 3384/1185/79
f 3379/1180/79 3384/1185/79 3377/1178/79
f 3384/1185/79 3382/1183/79 3385/1186/79
f 3382/1183/79 3384/1185/79 3379/1180/79
f 3386/1178/79 3387/1179/79 3388/1180/79
f 3389/1181/79 3388/1180/79 3387/1179/79
f 3388/1180/79 3390/1182/79 3391/1183/79
f 3390/1182/79 3388/1180/79 3389/1181/79
f 3392/1184/79 3386/1178/79 3393/1185/79
f 3388/1180/79 3393/1185/79 3386/1178/79
f 3393/1185/79 3391/1183/79 3394/1186/79
f 3391/1183/79 3393/1185/79 3388/1180/79
f 3395/1178/79 3396/1179/79 3397/1180/79
f 3398/1181/79 3397/1180/79 3396/1179/79
f 3397/1180/79 3399/1182/79 3400/1183/79
f 3399/1182/79 3397/1180/79 3398/1181/79
f 3401/1184/79 3395/1178/79 3402/1185/79
f 3397/1180/79 3402/1185/79 3395/1178/79
f 3402/1185/79 3400/1183/79 3403/1186/79
f 3400/1183/79 3402/1185/79 3397/1180/79
f 3404/1178/79 3405/1179/79 3406/1180/79
f 3407/1181/79 3406/1180/79 3405/1179/79
f 3406/1180/79 3408/1182/79 3409/1183/79
f 3408/1182/79 3406/1180/79 3407/1181/79
f 3410/1184/79 3404/1178/79 3411/1185/79
f 3406/1180/79 3411/1185/79 3404/1178/79
f 3411/1185/79 3409/1183/79 3412/1186/79
f 3409/1183/79 3411/1185/79 3406/1180/79
f 3413/1178/79 3414/1179/79 3415/1180/79
f 3416/1181/79 3415/1180/79 3414/1179/79
f 3415/1180/79 3417/1182/79 3418/1183/79
f 3417/1182/79 3415/1180/79 3416/1181/79
f 3419/1184/79 3413/1178/79 3420/1185/79
f 3415/1180/79 3420/1185/79 3413/1178/79
f 3420/1185/79 3418/1183/79 3421/1186/79
f 3418/1183/79 3420/1185/79 3415/1180/79
f 3422/1178/79 3423/1179/79 3424/1180/79
f 3425/1181/79 3424/1180/79 3423/1179/79
f 3424/1180/79 3426/1182/79 3427/1183/79
f 3426/1182/79 3424/1180/79 3425/1181/79
f 3428/1184/79 3422/1178/79 3429/1185/79
f 3424/1180/79 3429/1185/79 3422/1178/79
f 3429/1185/79 3427/1183/79 3430/1186/79
f 3427/1183/79 3429/1185/79 3424/1180/79
f 3431/1178/79 3432/1179/79 3433/1180/79
f 3434/1181/79 3433/1180/79 3432/1179/79
f 3433/1180/79 3435/1182/79 3436/1183/79
f 3435/1182/79 3433/1180/79 3434/1181/79
f 3437/1184/79 3431/1178/79 3438/1185/79
f 3433/1180/79 3438/1185/79 3431/1178/79
f 3438/1185/79 3436/1183/79 3439/1186/79
f 3436/1183/79 3438/1185/79 3433/1180/79
f 3440/1178/79 3441/1179/79 3442/1180/79
f 3443/1181/79 3442/1180/79 3441/1179/79
f 3442/1180/79 3444/1182/79 3445/1183/79
f 3444/1182/79 3442/1180/79 3443/1181/79
f 3446/1184/79 3440/1178/79 3447/1185/79
f 3442/1180/79 3447/1185/79 3440/1178/79
f 3447/1185/79 3445/1183/79 3448/1186/79
f 3445/1183/79 3447/1185/79 3442/1180/79
f 3449/1178/79 3450/1179/79 3451/1180/79
f 3452/1181/79 3451/1180/79 3450/1179/79
f 3451/1180/79 3453/1182/79 3454/1183/79
f 3453/1182/79 3451/1180/79 3452/1181/79
f 3455/1184/79 3449/1178/79 3456/1185/79
f 3451/1180/79 3456/1185/79 3449/1178/79
f 3456/1185/79 3454/1183/79 3457/1186/79
f 3454/1183/79 3456/1185/79 3451/1180/79
f 3458/1178/79 3459/1179/79 3460/1180/79
f 3461/1181/79 3460/1180/79 3459/1179/79
f 3460/1180/79 3462/1182/79 3463/1183/79
f 3462/1182/79 3460/1180/79 3461/1181/79
f 3464/1184/79 3458/1178/79 3465/1185/79
f 3460/1180/79 3465/1185/79 3458/1178/79
f 3465/1185/79 3463/1183/79 3466/1186/79
f 3463/1183/79 3465/1185/79 3460/1180/79
usemtl Material.001
f 3467/1187/996 3468/1188/996 3469/1189/996
f 3470/1190/996 3469/1189/996 3468/1188/996
f 3471/1191/997 3472/1192/997 3473/1193/997
f 3474/1194/997 3473/1193/997 3472/1192/997
f 3475/1195/998 3476/1196/998 3477/1197/998
f 3478/1198/998 3477/1197/998 3476/1196/998
f 3479/1199/999 3480/1200/999 3481/1201/999
f 3482/1202/999 3481/1201/999 3480/1200/999
f 3483/1203/43 3484/1204/43 3485/1205/43
f 3486/1206/43 3484/1204/43 3483/1203/43
f 3487/1207/79 3488/1208/79 3489/1209/79
f 3488/1208/79 3487/1207/79 3490/1210/79
f 3491/1187/996 3492/1188/996 3493/1189/996
f 3494/1190/996 3493/1189/996 3492/1188/996
f 3495/1191/997 3496/1192/997 3497/1193/997
f 3498/1194/997 3497/1193/997 3496/1192/997
f 3499/1195/998 3500/1196/998 3501/1197/998
f 3502/1198/998 3501/1197/998 3500/1196/998
f 3503/1199/999 3504/1200/999 3505/1201/999
f 3506/1202/999 3505/1201/999 3504/1200/999
f 3507/1203/43 3508/1204/43 3509/1205/43
f 3510/1206/43 3508/1204/43 3507/1203/43
f 3511/1207/79 3512/1208/79 3513/1209/79
f 3512/1208/79 3511/1207/79 3514/1210/79
f 7711/2003/1438 7712/2004/1439 7713/2005/1440
f 7714/2006/1440 7715/2007/1438 7711/2003/1438
f 7716/2008/1441 7717/2009/1442 7715/2007/1438
f 7712/2004/1439 7715/2007/1438 7717/2009/1442
f 7718/2010/1443 7713/2005/1440 7712/2004/1439
f 7711/2003/1438 7715/2007/1438 7712/2004/1439
f 7719/2011/1444 7720/2012/1445 7721/2013/1446
f 7722/2014/1445 7721/2013/1446 7720/2012/1445
f 7721/2013/1446 7722/2014/1445 7723/2015/1447
f 7724/2016/1445 7723/2015/1447 7722/2014/1445
f 7723/2015/1447 7724/2016/1445 7725/2017/1446
f 7726/2018/1445 7725/2017/1446 7724/2016/1445
f 7725/2017/1446 7726/2018/1445 7727/2019/1448
f 7728/2020/1449 7727/2019/1448 7726/2018/1445
f 7727/2019/1448 7728/2020/1449 7729/2021/1450
f 7730/2022/1451 7729/2021/1450 7728/2020/1449
f 7729/2023/1450 7730/2024/1451 7731/2025/1452
f 7732/2026/1453 7731/2025/1452 7730/2024/1451
f 7731/2027/1452 7732/2028/1453 7733/2029/1454
f 7734/2030/1455 7733/2029/1454 7732/2028/1453
f 7733/2031/1454 7734/2032/1455 7719/2033/1444
f 7720/2034/1445 7719/2033/1444 7734/2032/1455
f 7721/2035/1446 7711/2036/1438 7719/2037/1444
f 7713/2038/1440 7719/2037/1444 7711/2036/1438
f 7723/2039/1447 7714/2040/1440 7721/2035/1446
f 7711/2036/1438 7721/2035/1446 7714/2040/1440
f 7725/2041/1446 7715/2042/1438 7723/2039/1447
f 7714/2040/1440 7723/2039/1447 7715/2042/1438
f 7727/2043/1448 7716/2044/1441 7725/2041/1446
f 7715/2042/1438 7725/2041/1446 7716/2044/1441
f 7729/2045/1450 7717/2046/1442 7727/2043/1448
f 7716/2044/1441 7727/2043/1448 7717/2046/1442
f 7731/2047/1452 7712/2048/1439 7729/2049/1450
f 7717/2050/1442 7729/2049/1450 7712/2048/1439
f 7733/2051/1454 7718/2052/1443 7731/2047/1452
f 7712/2048/1439 7731/2047/1452 7718/2052/1443
f 7719/2037/1444 7713/2038/1440 7733/2051/1454
f 7718/2052/1443 7733/2051/1454 7713/2038/1440
f 7735/2053/1456 7736/2053/1457 7737/2054/1458
f 7738/2055/1459 7739/2055/1459 7740/2055/1459
f 7741/2055/1460 7742/2055/1460 7743/2055/1460
f 7744/2056/1461 7745/2057/1462 7746/2058/1463
f 7746/2058/1463 7745/2057/1462 7747/2059/1464
f 7748/2060/1465 7749/2061/1466 7750/2062/1467
f 7751/2063/1468 7752/2063/1469 7753/2063/1468
f 7754/2064/1470 7755/2065/1471 7756/2066/1472
f 7756/2066/1472 7755/2065/1471 7757/2067/1473
f 7758/2063/1469 7753/2063/1468 7752/2063/1469
f 7759/2053/1474 7760/2053/1475 7761/2053/1474
f 7762/2068/1476 7763/2069/1477 7735/2070/1478
f 7763/2069/1477 7764/2071/1479 7735/2070/1478
f 7765/2053/1475 7760/2053/1475 7759/2053/1474
f 7766/2072/1480 7767/2073/1481 7768/2074/1482
f 7769/2075/1483 7737/2076/1458 7736/2077/1457
f 7769/2075/1483 7770/2078/1484 7737/2076/1458
f 7771/2079/1485 7772/2080/1486 7770/2078/1484
f 7771/2079/1485 7773/2081/1487 7772/2080/1486
f 7774/2082/1488 7775/2083/1489 7776/2084/1490
f 7777/2085/1491 7778/2086/1492 7775/2083/1489
f 7777/2085/1491 7779/2087/1493 7778/2086/1492
f 7780/2088/1494 7781/2089/1495 7779/2087/1493
f 7780/2088/1494 7782/2090/1496 7781/2089/1495
f 7783/2091/1497 7784/2092/1498 7782/2090/1496
f 7785/2093/1499 7786/2094/1500 7784/2092/1498
f 7787/2095/1501 7788/2096/1502 7786/2094/1500
f 7789/2097/1503 7790/2098/1504 7788/2099/1502
f 7791/2100/1505 7792/2101/1506 7790/2098/1504
f 7793/2102/1507 7794/2103/1508 7792/2101/1506
f 7793/2102/1507 7795/2104/1509 7794/2103/1508
f 7796/2105/1510 7797/2106/1511 7795/2104/1509
f 7798/2107/1512 7799/2108/1513 7797/2106/1511
f 7800/2109/1514 7801/2110/1515 7799/2108/1513
f 7800/2109/1514 7802/2111/1516 7801/2110/1515
f 7803/2112/1517 7804/2113/1518 7802/2111/1516
f 7805/2114/1519 7806/2115/1520 7804/2113/1518
f 7805/2114/1519 7807/2116/1521 7806/2115/1520
f 7808/2117/1522 7809/2118/1523 7810/2119/1524
f 7811/2120/1525 7812/2121/1526 7809/2118/1523
f 7813/2122/1527 7814/2123/1528 7812/2121/1526
f 7815/2124/1529 7816/2125/1530 7814/2123/1528
f 7815/2124/1529 7817/2126/1531 7816/2125/1530
f 7815/2124/1529 7818/2127/1532 7817/2126/1531
f 7819/2128/1533 7820/2129/1534 7818/2130/1532
f 7821/2131/1535 7822/2132/1536 7820/2129/1534
f 7823/2133/1537 7824/2134/1538 7822/2132/1536
f 7825/2135/1539 7826/2136/1540 7824/2134/1538
f 7827/2137/1541 7828/2138/1542 7826/2136/1540
f 7827/2137/1541 7829/2139/1543 7828/2138/1542
f 7830/2140/1544 7831/2141/1545 7829/2142/1543
f 7832/2143/1546 7833/2144/1547 7831/2141/1545
f 7834/2145/1548 7835/2146/1549 7833/2144/1547
f 7834/2145/1548 7836/2147/1550 7835/2146/1549
f 7837/2148/1551 7838/2149/1552 7836/2147/1550
f 7839/2150/1553 7840/2151/1554 7838/2149/1552
f 7841/2152/1555 7842/2153/1556 7840/2151/1554
f 7841/2152/1555 7843/2154/1557 7842/2153/1556
f 7844/2155/1558 7845/2156/1559 7843/2154/1557
f 7846/2157/1560 7847/2158/1561 7845/2156/1559
f 7846/2159/1560 7848/2160/1562 7847/2161/1561
f 7849/2162/1563 7850/2163/1564 7848/2160/1562
f 7849/2162/1563 7851/2164/1565 7850/2163/1564
f 7849/2162/1563 7852/2165/1566 7851/2164/1565
f 7853/2166/1567 7854/2167/1568 7852/2165/1566
f 7853/2166/1567 7855/2168/1569 7854/2167/1568
f 7853/2166/1567 7856/2169/1570 7855/2168/1569
f 7857/2170/1571 7858/2171/1572 7856/2169/1570
f 7859/2172/1573 7860/2173/1574 7858/2171/1572
f 7861/2174/1575 7862/2175/1576 7860/2173/1574
f 7863/2176/1577 7864/2177/1578 7862/2175/1576
f 7865/2178/1579 7866/2179/1580 7864/2177/1578
f 7865/2180/1579 7867/2181/1581 7866/2182/1580
f 7865/2180/1579 7868/2183/1582 7867/2181/1581
f 7869/2184/1583 7870/2185/1584 7868/2183/1582
f 7869/2184/1583 7871/2186/1585 7870/2185/1584
f 7869/2184/1583 7872/2187/1586 7871/2186/1585
f 7873/2188/1587 7874/2189/1588 7875/2190/1589
f 7876/2191/1590 7877/2192/1591 7874/2189/1588
f 7876/2191/1590 7878/2193/1592 7877/2192/1591
f 7876/2191/1590 7879/2194/1593 7878/2193/1592
f 7880/2195/1594 7881/2196/1595 7879/2197/1593
f 7882/2198/1596 7883/2199/1597 7881/2196/1595
f 7884/2200/1598 7885/2201/1599 7883/2199/1597
f 7886/2202/1600 7887/2203/1601 7885/2204/1599
f 7888/2205/1602 7889/2206/1603 7887/2203/1601
f 7888/2205/1602 7890/2207/1604 7889/2206/1603
f 7891/2208/1605 7892/2209/1606 7890/2207/1604
f 7891/2210/1605 7893/2211/1607 7892/2212/1606
f 7894/2213/1608 7895/2214/1609 7893/2211/1607
f 7896/2215/1610 7897/2216/1611 7895/2217/1609
f 7895/2217/1609 7898/2218/1612 7896/2215/1610
f 7899/2219/1613 7900/2220/1614 7898/2221/1612
f 7901/2222/1615 7902/2223/1616 7900/2224/1614
f 7903/2225/1617 7904/2226/1618 7902/2223/1616
f 7905/2227/1619 7906/2228/1620 7907/2229/1621
f 7905/2227/1619 7908/2230/1622 7906/2228/1620
f 7905/2227/1619 7909/2231/1623 7908/2230/1622
f 7905/2227/1619 7910/2232/1624 7909/2231/1623
f 7905/2227/1619 7911/2233/1625 7910/2232/1624
f 7912/2234/1626 7913/2235/1627 7914/2236/1628
f 7915/2237/1629 7916/2238/1628 7913/2235/1627
f 7917/2239/1630 7918/2240/1631 7916/2238/1628
f 7919/2241/1632 7920/2242/1633 7918/2240/1631
f 7918/2240/1631 7917/2239/1630 7919/2241/1632
f 7916/2238/1628 7915/2237/1629 7917/2239/1630
f 7913/2235/1627 7912/2234/1626 7915/2237/1629
f 7914/2236/1628 7921/2243/1634 7912/2234/1626
f 7914/2244/1628 7922/2245/1635 7921/2246/1634
f 7911/2233/1625 7905/2227/1619 7922/2245/1635
f 7907/2229/1621 7923/2247/1636 7905/2227/1619
f 7904/2226/1618 7903/2225/1617 7923/2247/1636
f 7902/2223/1616 7901/2222/1615 7903/2225/1617
f 7900/2220/1614 7899/2219/1613 7901/2248/1615
f 7898/2221/1612 7894/2213/1608 7899/2219/1613
f 7893/2211/1607 7924/2249/1637 7894/2213/1608
f 7893/2211/1607 7891/2210/1605 7924/2249/1637
f 7890/2207/1604 7888/2205/1602 7891/2208/1605
f 7887/2203/1601 7886/2202/1600 7888/2205/1602
f 7885/2201/1599 7884/2200/1598 7886/2250/1600
f 7883/2199/1597 7882/2198/1596 7884/2200/1598
f 7881/2196/1595 7925/2251/1638 7882/2198/1596
f 7881/2196/1595 7880/2195/1594 7925/2251/1638
f 7879/2194/1593 7876/2191/1590 7880/2252/1594
f 7874/2189/1588 7873/2188/1587 7876/2191/1590
f 7872/2187/1586 7926/2253/1639 7873/2188/1587
f 7872/2187/1586 7869/2184/1583 7926/2253/1639
f 7868/2183/1582 7865/2180/1579 7869/2184/1583
f 7864/2177/1578 7927/2254/1640 7865/2178/1579
f 7864/2177/1578 7928/2255/1641 7927/2254/1640
f 7864/2177/1578 7863/2176/1577 7928/2255/1641
f 7862/2175/1576 7929/2256/1642 7863/2176/1577
f 7862/2175/1576 7861/2174/1575 7929/2256/1642
f 7860/2173/1574 7859/2172/1573 7861/2174/1575
f 7858/2171/1572 7930/2257/1643 7859/2172/1573
f 7858/2171/1572 7857/2170/1571 7930/2257/1643
f 7856/2169/1570 7931/2258/1644 7857/2170/1571
f 7856/2169/1570 7853/2166/1567 7931/2258/1644
f 7852/2165/1566 7849/2162/1563 7853/2166/1567
f 7848/2160/1562 7846/2159/1560 7849/2162/1563
f 7845/2156/1559 7844/2155/1558 7846/2157/1560
f 7843/2154/1557 7841/2152/1555 7844/2155/1558
f 7840/2151/1554 7839/2150/1553 7841/2152/1555
f 7838/2149/1552 7837/2148/1551 7839/2150/1553
f 7836/2147/1550 7834/2145/1548 7837/2148/1551
f 7833/2144/1547 7832/2143/1546 7834/2145/1548
f 7831/2141/1545 7932/2259/1645 7832/2143/1546
f 7831/2141/1545 7830/2140/1544 7932/2259/1645
f 7829/2139/1543 7827/2137/1541 7830/2260/1544
f 7826/2136/1540 7825/2135/1539 7827/2137/1541
f 7824/2134/1538 7933/2261/1646 7825/2135/1539
f 7824/2134/1538 7823/2133/1537 7933/2261/1646
f 7822/2132/1536 7821/2131/1535 7823/2133/1537
f 7820/2129/1534 7819/2128/1533 7821/2131/1535
f 7818/2127/1532 7815/2124/1529 7819/2262/1533
f 7814/2123/1528 7813/2122/1527 7815/2124/1529
f 7812/2121/1526 7811/2120/1525 7813/2122/1527
f 7809/2118/1523 7808/2117/1522 7811/2120/1525
f 7810/2119/1524 7934/2263/1647 7808/2117/1522
f 7810/2119/1524 7935/2264/1648 7934/2263/1647
f 7810/2119/1524 7936/2265/1649 7935/2264/1648
f 7804/2113/1518 7803/2112/1517 7805/2114/1519
f 7802/2111/1516 7800/2109/1514 7803/2112/1517
f 7799/2108/1513 7798/2107/1512 7800/2109/1514
f 7797/2106/1511 7796/2105/1510 7798/2107/1512
f 7795/2104/1509 7793/2102/1507 7796/2105/1510
f 7792/2101/1506 7791/2100/1505 7793/2102/1507
f 7790/2098/1504 7789/2097/1503 7791/2100/1505
f 7788/2099/1502 7749/2266/1466 7789/2097/1503
f 7788/2096/1502 7937/2267/1650 7749/2268/1466
f 7788/2096/1502 7787/2095/1501 7937/2267/1650
f 7786/2094/1500 7785/2093/1499 7787/2095/1501
f 7784/2092/1498 7938/2269/1651 7785/2093/1499
f 7784/2092/1498 7783/2091/1497 7938/2269/1651
f 7782/2090/1496 7780/2088/1494 7783/2091/1497
f 7779/2087/1493 7777/2085/1491 7780/2088/1494
f 7775/2083/1489 7774/2082/1488 7777/2085/1491
f 7770/2078/1484 7769/2075/1483 7771/2079/1485
f 7736/2077/1457 7768/2270/1482 7769/2075/1483
f 7922/2245/1635 7914/2244/1628 7911/2233/1625
f 7768/2074/1482 7736/2271/1457 7766/2072/1480
f 7873/2188/1587 7875/2190/1589 7872/2187/1586
f 7923/2247/1636 7907/2229/1621 7904/2226/1618
f 7898/2221/1612 7895/2214/1609 7894/2213/1608
f 7776/2272/1652 7939/2273/1653 7940/2272/1654
f 7941/2274/1655 7940/2272/1654 7939/2273/1653
f 7942/2275/1656 7943/2276/1656 7774/2082/1488
f 7944/2277/1657 7945/2278/1657 7946/2081/1658
f 7947/2279/1659 7946/2081/1658 7948/2079/1660
f 7944/2277/1657 7946/2081/1658 7947/2279/1659
f 7949/2280/1661 7950/2281/1662 7951/2282/1663
f 7952/2283/1664 7950/2281/1662 7953/2284/1665
f 7953/2284/1665 7950/2281/1662 7949/2280/1661
f 7954/2285/1666 7955/2286/1667 7956/2278/1668
f 7954/2287/1666 7957/2281/1669 7955/2283/1667
f 7958/2288/1670 7959/2282/1670 7960/2281/1670
f 7961/2289/1671 7962/2290/1672 7963/2291/1673
f 7961/2289/1671 7963/2291/1673 7964/2292/1674
f 7965/2292/1675 7966/2293/1675 7967/2289/1675
f 7968/2294/1676 7962/2290/1677 7969/2289/1678
f 7968/2294/1676 7969/2289/1678 7970/2273/1679
f 7939/2273/1653 7971/2289/1680 7941/2274/1655
f 7972/2289/1681 7973/2295/1682 7974/2296/1683
f 7975/2297/1684 7976/2289/1684 7974/2296/1685
f 7977/2289/1686 7978/2297/1686 7979/2274/1686
f 7980/2298/1687 7973/2295/1688 7981/2289/1689
f 7982/2298/1690 7981/2289/1691 7983/2293/1690
f 7984/2299/1692 7985/2293/1692 7986/2292/1692
f 7987/2300/1029 7988/2301/1029 7989/2302/1029
f 7990/2303/1693 7991/2281/1693 7992/2304/1694
f 7993/2281/1695 7994/2305/1695 7992/2304/1694
f 7995/2281/1696 7996/2306/1696 7997/2288/1696
f 7998/2303/1697 7999/2306/1697 8000/2281/1697
f 8001/2305/1698 8002/2281/1699 8003/2307/1700
f 8004/2308/1701 8003/2307/1700 8002/2281/1699
f 8004/2308/1701 8002/2281/1699 8005/2309/1702
f 8006/2281/1703 8007/2287/1703 8008/2309/1703
f 8009/2306/1704 8010/2303/1704 8011/2310/1704
f 8012/2303/1705 8013/2311/1705 8014/2310/1705
f 8015/2312/1706 8016/2301/1706 8017/2300/1706
f 8018/2313/1707 8019/2314/1708 8020/2315/1709
f 8021/2316/1710 8020/2315/1709 8019/2314/1708
f 8019/2317/1708 8018/2318/1707 7757/2319/1711
f 7754/2320/1470 8022/2321/1712 8018/2318/1707
f 8018/2318/1707 8022/2321/1712 7757/2319/1711
f 8023/2322/1713 8024/2323/1714 8025/2324/1715
f 8026/2325/1716 8025/2324/1715 8024/2323/1714
f 8025/2324/1715 8026/2325/1716 8027/2326/1717
f 8028/2327/1718 8027/2326/1717 8026/2325/1716
f 8027/2326/1717 8028/2327/1718 8029/2328/1719
f 8030/2329/1720 8029/2328/1719 8028/2327/1718
f 8029/2328/1719 8030/2329/1720 8031/2330/1721
f 8032/2331/1722 8031/2330/1721 8030/2329/1720
f 8031/2330/1721 8032/2331/1722 8033/2332/1723
f 8034/2333/1724 8033/2332/1723 8032/2331/1722
f 8033/2332/1723 8034/2333/1724 8035/2334/1725
f 8036/2335/1726 8035/2334/1725 8034/2333/1724
f 8035/2334/1725 8036/2335/1726 8037/2336/1727
f 8038/2337/1728 8037/2336/1727 8036/2335/1726
f 8037/2336/1727 8038/2337/1728 8039/2338/1729
f 8040/2339/1730 8039/2338/1729 8038/2337/1728
f 8039/2338/1729 8040/2339/1730 8041/2340/1731
f 8042/2341/1732 8041/2340/1731 8040/2339/1730
f 8041/2340/1731 8042/2341/1732 8043/2342/1733
f 8044/2343/1734 8043/2342/1733 8042/2341/1732
f 8045/2344/1735 8046/2345/1736 8047/2346/1737
f 8048/2347/1738 8047/2346/1737 8046/2345/1736
f 8047/2346/1737 8048/2347/1738 8049/2348/1739
f 8050/2349/1740 8049/2348/1739 8048/2347/1738
f 8049/2348/1739 8050/2349/1740 8051/2350/1741
f 8052/2351/1742 8051/2350/1741 8050/2349/1740
f 8051/2350/1741 8052/2351/1742 8053/2352/1743
f 8054/2353/1744 8053/2352/1743 8052/2351/1742
f 8053/2352/1743 8054/2353/1744 8055/2354/1745
f 8056/2355/1746 8055/2354/1745 8054/2353/1744
f 8055/2354/1745 8056/2355/1746 8057/2356/1747
f 8058/2357/1748 8057/2356/1747 8056/2355/1746
f 8057/2356/1747 8058/2357/1748 8059/2358/1749
f 8060/2359/1750 8059/2358/1749 8058/2357/1748
f 8059/2358/1749 8060/2359/1750 8061/2360/1751
f 8062/2361/1752 8061/2360/1751 8060/2359/1750
f 8061/2360/1751 8062/2361/1752 8063/2362/1753
f 8064/2363/1754 8063/2362/1753 8062/2361/1752
f 8063/2364/1753 8064/2365/1754 8065/2366/1755
f 8066/2367/1756 8065/2366/1755 8064/2365/1754
f 8065/2368/1755 8066/2369/1756 8067/2370/1757
f 8068/2371/1758 8067/2370/1757 8066/2369/1756
f 8067/2370/1757 8068/2371/1758 8069/2372/1759
f 8070/2373/1760 8069/2372/1759 8068/2371/1758
f 8069/2372/1759 8070/2373/1760 8071/2374/1761
f 8072/2375/1762 8071/2374/1761 8070/2373/1760
f 8071/2374/1761 8072/2375/1762 8073/2376/1763
f 8074/2377/1764 8073/2376/1763 8072/2375/1762
f 8073/2376/1763 8074/2377/1764 8075/2378/1765
f 8076/2379/1766 8075/2378/1765 8074/2377/1764
f 8075/2378/1765 8076/2379/1766 8077/2380/1767
f 8078/2381/1768 8077/2380/1767 8076/2379/1766
f 8077/2380/1767 8078/2381/1768 8079/2382/1769
f 8080/2383/1770 8079/2382/1769 8078/2381/1768
f 8079/2382/1769 8080/2383/1770 8081/2384/1771
f 8082/2385/1772 8081/2384/1771 8080/2383/1770
f 8081/2384/1771 8082/2385/1772 8083/2386/1773
f 8084/2387/1774 8083/2386/1773 8082/2385/1772
f 8083/2386/1773 8084/2387/1774 8085/2388/1775
f 8086/2389/1776 8085/2388/1775 8084/2387/1774
f 8085/2388/1775 8086/2389/1776 8087/2390/1777
f 8088/2391/1778 8087/2390/1777 8086/2389/1776
f 8087/2392/1777 8088/2393/1778 8089/2394/1779
f 8090/2395/1780 8089/2394/1779 8088/2393/1778
f 8089/2394/1779 8090/2395/1780 8091/2396/1781
f 8092/2397/1782 8091/2396/1781 8090/2395/1780
f 8091/2396/1781 8092/2397/1782 8093/2398/1783
f 8094/2399/1784 8093/2398/1783 8092/2397/1782
f 8093/2398/1783 8094/2399/1784 8095/2400/1785
f 8096/2401/1786 8095/2400/1785 8094/2399/1784
f 8095/2400/1785 8096/2401/1786 8097/2396/1787
f 8098/2402/1788 8097/2396/1787 8096/2401/1786
f 8097/2396/1787 8098/2402/1788 8099/2403/1789
f 8100/2404/1790 8099/2403/1789 8098/2402/1788
f 8099/2403/1789 8100/2404/1790 8101/2405/1791
f 8102/2406/1792 8101/2405/1791 8100/2404/1790
f 8101/2405/1791 8102/2406/1792 8103/2407/1793
f 8104/2408/1794 8103/2407/1793 8102/2406/1792
f 8103/2407/1793 8104/2408/1794 8105/2409/1795
f 8106/2410/1796 8105/2409/1795 8104/2408/1794
f 8105/2409/1795 8106/2410/1796 8107/2411/1797
f 8108/2412/1798 8107/2411/1797 8106/2410/1796
f 8107/2411/1797 8108/2412/1798 8109/2413/1799
f 8110/2414/1800 8109/2413/1799 8108/2412/1798
f 8109/2413/1799 8110/2414/1800 8111/2415/1801
f 8112/2416/1802 8111/2415/1801 8110/2414/1800
f 8111/2415/1801 8112/2416/1802 8113/2417/1803
f 8114/2418/1804 8113/2417/1803 8112/2416/1802
f 8113/2417/1803 8114/2418/1804 8115/2419/1805
f 8116/2420/1806 8115/2419/1805 8114/2418/1804
f 8115/2419/1805 8116/2420/1806 8117/2421/1807
f 8118/2422/1808 8117/2421/1807 8116/2420/1806
f 8117/2421/1807 8118/2422/1808 8119/2423/1809
f 8120/2424/1810 8119/2423/1809 8118/2422/1808
f 8119/2423/1809 8120/2424/1810 8121/2425/1811
f 8122/2426/1812 8121/2425/1811 8120/2424/1810
f 8121/2425/1811 8122/2426/1812 8123/2427/1813
f 8124/2428/1814 8123/2427/1813 8122/2426/1812
f 8125/2429/1815 8126/2430/1816 8127/2431/1817
f 8128/2432/1818 8127/2431/1817 8126/2430/1816
f 8127/2431/1817 8128/2432/1818 8129/2433/1819
f 8130/2434/1820 8129/2433/1819 8128/2432/1818
f 8129/2433/1819 8130/2434/1820 8131/2435/1821
f 8132/2436/1822 8131/2435/1821 8130/2434/1820
f 8131/2435/1821 8132/2436/1822 8133/2437/1823
f 8134/2438/1824 8133/2437/1823 8132/2436/1822
f 8133/2437/1823 8134/2438/1824 8135/2439/1825
f 8136/2440/1826 8135/2439/1825 8134/2438/1824
f 8135/2441/1825 8136/2442/1826 8137/2443/1827
f 8138/2444/1828 8137/2443/1827 8136/2442/1826
f 8137/2443/1827 8138/2444/1828 8139/2445/1829
f 8140/2446/1830 8139/2445/1829 8138/2444/1828
f 8139/2445/1829 8140/2446/1830 8141/2447/1831
f 8142/2448/1832 8141/2447/1831 8140/2446/1830
f 8141/2447/1831 8142/2448/1832 8143/2449/1833
f 8144/2450/1834 8143/2449/1833 8142/2448/1832
f 8143/2451/1833 8144/2452/1834 8145/2453/1835
f 8146/2454/1836 8145/2453/1835 8144/2452/1834
f 8145/2453/1835 8146/2454/1836 8147/2455/1837
f 8148/2456/1838 8147/2455/1837 8146/2454/1836
f 8147/2455/1837 8148/2456/1838 8149/2457/1839
f 8150/2458/1840 8149/2457/1839 8148/2456/1838
f 8149/2457/1839 8150/2458/1840 8151/2459/1841
f 8152/2460/1842 8151/2459/1841 8150/2458/1840
f 8153/2461/1843 8154/2462/1844 8155/2463/1845
f 8156/2464/1846 8155/2463/1845 8154/2462/1844
f 8151/2465/1841 8152/2466/1842 8153/2467/1843
f 8154/2468/1844 8153/2467/1843 8152/2466/1842
f 8155/2463/1845 8156/2464/1846 8157/2469/1847
f 8158/2470/1848 8157/2469/1847 8156/2464/1846
f 8157/2469/1847 8158/2470/1848 8159/2471/1849
f 8160/2472/1850 8159/2471/1849 8158/2470/1848
f 8159/2473/1849 8160/2474/1850 8161/2475/1851
f 8162/2476/1852 8161/2475/1851 8160/2474/1850
f 8161/2475/1851 8162/2476/1852 8163/2477/1853
f 8164/2478/1854 8163/2477/1853 8162/2476/1852
f 8165/2479/1855 8166/2480/1856 8167/2481/1857
f 8168/2482/1858 8167/2481/1857 8166/2480/1856
f 8167/2481/1857 8168/2482/1858 8169/2483/1859
f 8170/2484/1860 8169/2483/1859 8168/2482/1858
f 8169/2483/1859 8170/2484/1860 8171/2485/1861
f 8172/2486/1862 8171/2485/1861 8170/2484/1860
f 8171/2485/1861 8172/2486/1862 8173/2487/1863
f 8174/2488/1864 8173/2487/1863 8172/2486/1862
f 8173/2487/1863 8174/2488/1864 8175/2489/1865
f 8176/2490/1866 8175/2489/1865 8174/2488/1864
f 8177/2491/1867 8178/2492/1868 8179/2493/1869
f 8180/2494/1870 8179/2493/1869 8178/2492/1868
f 8179/2493/1869 8180/2494/1870 8181/2495/1871
f 8182/2496/1872 8181/2495/1871 8180/2494/1870
f 8181/2495/1871 8182/2496/1872 8183/2497/1869
f 8184/2498/1873 8183/2497/1869 8182/2496/1872
f 8185/2499/1874 8186/2500/1875 8187/2501/1876
f 8188/2502/1877 8187/2501/1876 8186/2500/1875
f 8183/2497/1869 8184/2498/1873 8185/2503/1874
f 8186/2504/1875 8185/2503/1874 8184/2498/1873
f 8187/2501/1876 8188/2502/1877 8189/2505/1878
f 8190/2506/1879 8189/2505/1878 8188/2502/1877
f 8189/2505/1878 8190/2506/1879 8191/2507/1880
f 8192/2508/1881 8191/2507/1880 8190/2506/1879
f 8191/2507/1880 8192/2508/1881 8193/2509/1882
f 8194/2510/1883 8193/2509/1882 8192/2508/1881
f 8193/2509/1882 8194/2510/1883 8195/2511/1880
f 8196/2512/1884 8195/2511/1880 8194/2510/1883
f 8195/2511/1880 8196/2512/1884 8197/2513/1885
f 8198/2514/1886 8197/2513/1885 8196/2512/1884
f 8197/2513/1885 8198/2514/1886 8199/2515/1887
f 8200/2516/1888 8199/2515/1887 8198/2514/1886
f 8199/2515/1887 8200/2516/1888 8201/2517/1889
f 8202/2518/1890 8201/2517/1889 8200/2516/1888
f 8201/2519/1889 8202/2520/1890 8203/2521/1891
f 8204/2522/1892 8203/2521/1891 8202/2520/1890
f 8203/2521/1891 8204/2522/1892 8205/2523/1893
f 8206/2524/1894 8205/2523/1893 8204/2522/1892
f 8205/2523/1893 8206/2524/1894 8207/2525/1895
f 8208/2526/1896 8207/2525/1895 8206/2524/1894
f 8207/2527/1895 8208/2528/1896 8209/2529/1895
f 8210/2530/1897 8209/2529/1895 8208/2528/1896
f 8209/2529/1895 8210/2530/1897 8211/2531/1898
f 8212/2532/1899 8211/2531/1898 8210/2530/1897
f 8211/2531/1898 8212/2532/1899 8213/2533/1900
f 8214/2534/1901 8213/2533/1900 8212/2532/1899
f 8213/2535/1900 8214/2536/1901 8215/2537/1902
f 8216/2538/1903 8215/2537/1902 8214/2536/1901
f 8215/2537/1902 8216/2538/1903 8217/2539/1904
f 8218/2540/1905 8217/2539/1904 8216/2538/1903
f 8217/2539/1904 8218/2540/1905 8219/2541/1906
f 8220/2542/1907 8219/2541/1906 8218/2540/1905
f 8219/2541/1906 8220/2542/1907 8221/2543/1908
f 8222/2544/1909 8221/2543/1908 8220/2542/1907
f 8221/2543/1908 8222/2544/1909 8223/2545/1910
f 8224/2546/1911 8223/2545/1910 8222/2544/1909
f 8223/2545/1910 8224/2546/1911 8225/2547/1912
f 8226/2548/1913 8225/2547/1912 8224/2546/1911
f 8225/2549/1912 8226/2550/1913 8227/2551/1914
f 8228/2552/1915 8227/2551/1914 8226/2550/1913
f 8227/2551/1914 8228/2552/1915 8229/2553/1916
f 8230/2554/1917 8229/2553/1916 8228/2552/1915
f 8229/2555/1916 8230/2556/1917 8231/2557/1918
f 8232/2558/1919 8231/2557/1918 8230/2556/1917
f 8231/2557/1918 8232/2558/1919 8233/2559/1920
f 8234/2560/1921 8233/2559/1920 8232/2558/1919
f 8233/2559/1920 8234/2560/1921 8235/2561/1922
f 8236/2562/1923 8235/2561/1922 8234/2560/1921
f 8235/2561/1922 8236/2562/1923 8237/2563/1924
f 8238/2564/1925 8237/2563/1924 8236/2562/1923
f 8237/2563/1924 8238/2564/1925 8239/2565/1926
f 8240/2566/1927 8239/2565/1926 8238/2564/1925
f 8239/2565/1926 8240/2566/1927 8241/2559/1928
f 8242/2567/1929 8241/2559/1928 8240/2566/1927
f 8241/2559/1928 8242/2567/1929 8243/2568/1930
f 8244/2569/1931 8243/2568/1930 8242/2567/1929
f 8243/2568/1930 8244/2569/1931 8245/2570/1932
f 8246/2571/1933 8245/2570/1932 8244/2569/1931
f 8245/2570/1932 8246/2571/1933 8247/2572/1934
f 8248/2573/1935 8247/2572/1934 8246/2571/1933
f 8247/2572/1934 8248/2573/1935 8249/2574/1936
f 8250/2575/1937 8249/2574/1936 8248/2573/1935
f 8249/2574/1936 8250/2575/1937 8251/2576/1938
f 8252/2577/1939 8251/2576/1938 8250/2575/1937
f 8251/2576/1938 8252/2577/1939 8253/2578/1940
f 8254/2579/1941 8253/2578/1940 8252/2577/1939
f 8253/2578/1940 8254/2579/1941 8255/2580/1942
f 8256/2581/1943 8255/2580/1942 8254/2579/1941
f 8255/2580/1942 8256/2581/1943 8257/2582/1944
f 8258/2583/1945 8257/2582/1944 8256/2581/1943
f 8257/2582/1944 8258/2583/1945 8259/2584/1946
f 8260/2585/1947 8259/2584/1946 8258/2583/1945
f 8259/2584/1946 8260/2585/1947 8261/2586/1948
f 8262/2587/1949 8261/2586/1948 8260/2585/1947
f 8261/2586/1948 8262/2587/1949 8263/2588/1950
f 8264/2589/1951 8263/2588/1950 8262/2587/1949
f 8263/2590/1950 8264/2591/1951 8265/2592/1952
f 8266/2593/1953 8265/2592/1952 8264/2591/1951
f 8265/2592/1952 8266/2593/1953 8267/2594/1954
f 8268/2595/1955 8267/2594/1954 8266/2593/1953
f 8267/2594/1954 8268/2595/1955 8269/2596/1956
f 8270/2597/1957 8269/2596/1956 8268/2595/1955
f 8269/2596/1956 8270/2597/1957 8271/2598/1958
f 8272/2599/1959 8271/2598/1958 8270/2597/1957
f 8271/2598/1958 8272/2599/1959 8273/2600/1960
f 8274/2601/1961 8273/2600/1960 8272/2599/1959
f 8273/2600/1960 8274/2601/1961 8275/2602/1962
f 8276/2603/1963 8275/2602/1962 8274/2601/1961
f 8275/2602/1962 8276/2603/1963 8277/2604/1964
f 8278/2605/1965 8277/2604/1964 8276/2603/1963
f 8277/2606/1964 8278/2605/1965 8279/2607/1966
f 8280/2608/1967 8279/2609/1966 8278/2605/1965
f 8279/2607/1966 8280/2610/1967 8281/2611/1968
f 8282/2612/1969 8281/2611/1968 8280/2610/1967
f 8281/2611/1968 8282/2612/1969 8283/2613/1970
f 8284/2614/1971 8283/2613/1970 8282/2612/1969
f 8283/2615/1970 8284/2616/1971 8285/2617/1972
f 8286/2618/1973 8285/2617/1972 8284/2616/1971
f 8285/2617/1972 8286/2618/1973 8287/2619/1974
f 8288/2620/1975 8287/2619/1974 8286/2618/1973
f 8287/2619/1974 8288/2620/1975 8289/2621/1976
f 8290/2622/1977 8289/2621/1976 8288/2620/1975
f 8289/2621/1976 8290/2622/1977 8291/2623/1978
f 8292/2624/1979 8291/2623/1978 8290/2622/1977
f 8291/2623/1978 8292/2624/1979 8293/2625/1980
f 8294/2626/1981 8293/2625/1980 8292/2624/1979
f 8293/2625/1980 8294/2626/1981 8295/2627/1982
f 8296/2628/1983 8295/2627/1982 8294/2626/1981
f 8295/2627/1982 8296/2628/1983 8297/2629/1984
f 8298/2630/1985 8297/2629/1984 8296/2628/1983
f 8297/2629/1984 8298/2630/1985 8299/2631/1986
f 8300/2632/1987 8299/2631/1986 8298/2630/1985
f 8299/2631/1986 8300/2632/1987 8301/2633/1988
f 8302/2634/1989 8301/2633/1988 8300/2632/1987
f 8303/2635/1990 8304/2636/1991 8305/2637/1992
f 8306/2638/1993 8305/2637/1992 8304/2636/1991
f 8305/2637/1992 8306/2638/1993 8307/2639/1994
f 8308/2640/1995 8307/2639/1994 8306/2638/1993
f 8307/2639/1994 8308/2640/1995 8309/2641/1996
f 8310/2642/1997 8309/2641/1996 8308/2640/1995
f 8309/2641/1996 8310/2642/1997 8311/2643/1998
f 8312/2644/1999 8311/2643/1998 8310/2642/1997
f 8311/2643/1998 8312/2644/1999 8313/2645/2000
f 8314/2646/2001 8313/2645/2000 8312/2644/1999
f 8313/2645/2000 8314/2646/2001 8315/2647/2002
f 8316/2648/2003 8315/2647/2002 8314/2646/2001
f 8315/2647/2002 8316/2648/2003 8317/2649/2004
f 8318/2650/2005 8317/2649/2004 8316/2648/2003
f 8317/2651/2004 8318/2652/2005 7750/2653/1467
f 7748/2654/1465 7750/2653/1467 8318/2652/2005
f 8175/2489/1865 8176/2490/1866 8177/2491/1867
f 8178/2492/1868 8177/2491/1867 8176/2490/1866
f 7764/2655/2006 8319/2656/2007 8021/2657/1710
f 8319/2656/2007 7762/2658/2008 8021/2657/1710
f 7762/2658/2008 8020/2659/1709 8021/2657/1710
f 8123/2427/1813 8124/2428/1814 8125/2660/1815
f 8126/2661/1816 8125/2660/1815 8124/2428/1814
f 8163/2662/1853 8164/2663/1854 8165/2479/1855
f 8166/2664/1856 8165/2665/1855 8164/2478/1854
f 8043/2342/1733 8044/2343/1734 8320/2666/2009
f 8321/2667/2010 8320/2666/2009 8044/2343/1734
f 8320/2668/2009 8321/2669/2010 8322/2670/2011
f 8323/2671/2012 8322/2670/2011 8321/2669/2010
f 8322/2672/2011 8323/2673/2012 8324/2674/2013
f 8325/2675/2014 8324/2674/2013 8323/2673/2012
f 8324/2676/2013 8325/2677/2014 8326/2678/2015
f 8327/2679/2016 8326/2678/2015 8325/2677/2014
f 8326/2680/2015 8327/2681/2016 8328/2682/2017
f 8329/2683/2018 8328/2682/2017 8327/2681/2016
f 8328/2682/2017 8329/2683/2018 8045/2344/1735
f 8046/2345/1736 8045/2344/1735 8329/2683/2018
f 8301/2633/1988 8302/2634/1989 8330/2684/2019
f 8331/2685/2020 8330/2684/2019 8302/2634/1989
f 8330/2684/2019 8331/2685/2020 8332/2686/2021
f 8333/2687/2022 8332/2686/2021 8331/2685/2020
f 8332/2688/2021 8333/2689/2022 8334/2690/2023
f 8335/2691/2024 8334/2690/2023 8333/2689/2022
f 8334/2692/2023 8335/2693/2024 8336/2694/2025
f 8337/2695/2026 8336/2694/2025 8335/2693/2024
f 8336/2696/2025 8337/2697/2026 8338/2698/2027
f 8339/2699/2028 8338/2698/2027 8337/2697/2026
f 8338/2698/2027 8339/2699/2028 8303/2635/1990
f 8304/2636/1991 8303/2635/1990 8339/2699/2028
f 7766/2700/1480 8021/2701/1710 7767/2702/1481
f 8019/2703/1708 7767/2702/1481 8021/2701/1710
f 7792/2704/1506 8026/2705/1716 7790/2706/1504
f 8024/2707/1714 7790/2706/1504 8026/2705/1716
f 7794/2708/1508 8028/2709/1718 7792/2704/1506
f 8026/2705/1716 7792/2704/1506 8028/2709/1718
f 7795/2710/1509 8030/2711/1720 7794/2708/1508
f 8028/2709/1718 7794/2708/1508 8030/2711/1720
f 7797/2712/1511 8032/2713/1722 7795/2710/1509
f 8030/2711/1720 7795/2710/1509 8032/2713/1722
f 7799/2714/1513 8034/2715/1724 7797/2712/1511
f 8032/2713/1722 7797/2712/1511 8034/2715/1724
f 7801/2716/1515 8036/2717/1726 7799/2714/1513
f 8034/2715/1724 7799/2714/1513 8036/2717/1726
f 7802/2718/1516 8038/2719/1728 7801/2716/1515
f 8036/2717/1726 7801/2716/1515 8038/2719/1728
f 7804/2720/1518 8040/2721/1730 7802/2718/1516
f 8038/2719/1728 7802/2718/1516 8040/2721/1730
f 7806/2722/1520 8042/2723/1732 7804/2720/1518
f 8040/2721/1730 7804/2720/1518 8042/2723/1732
f 7807/2724/1521 8044/2725/1734 7806/2722/1520
f 8042/2723/1732 7806/2722/1520 8044/2725/1734
f 7809/2726/1523 8048/2727/1738 7810/2728/1524
f 8046/2729/1736 7810/2728/1524 8048/2727/1738
f 7812/2730/1526 8050/2731/1740 7809/2726/1523
f 8048/2727/1738 7809/2726/1523 8050/2731/1740
f 7814/2732/1528 8052/2733/1742 7812/2730/1526
f 8050/2731/1740 7812/2730/1526 8052/2733/1742
f 7816/2734/1530 8054/2735/1744 7814/2732/1528
f 8052/2733/1742 7814/2732/1528 8054/2735/1744
f 7817/2736/1531 8056/2737/1746 7816/2734/1530
f 8054/2735/1744 7816/2734/1530 8056/2737/1746
f 7818/2738/1532 8058/2739/1748 7817/2736/1531
f 8056/2737/1746 7817/2736/1531 8058/2739/1748
f 7820/2740/1534 8060/2741/1750 7818/2738/1532
f 8058/2739/1748 7818/2738/1532 8060/2741/1750
f 7822/2742/1536 8062/2743/1752 7820/2740/1534
f 8060/2741/1750 7820/2740/1534 8062/2743/1752
f 7824/2744/1538 8064/2745/1754 7822/2742/1536
f 8062/2743/1752 7822/2742/1536 8064/2745/1754
f 7826/2746/1540 8066/2747/1756 7824/2744/1538
f 8064/2745/1754 7824/2744/1538 8066/2747/1756
f 7828/2748/1542 8068/2749/1758 7826/2748/1540
f 8066/2750/1756 7826/2748/1540 8068/2749/1758
f 7829/2751/1543 8070/2752/1760 7828/2748/1542
f 8068/2749/1758 7828/2748/1542 8070/2752/1760
f 7831/2753/1545 8072/2754/1762 7829/2751/1543
f 8070/2752/1760 7829/2751/1543 8072/2754/1762
f 7833/2755/1547 8074/2756/1764 7831/2757/1545
f 8072/2758/1762 7831/2757/1545 8074/2756/1764
f 7835/2759/1549 8076/2760/1766 7833/2755/1547
f 8074/2756/1764 7833/2755/1547 8076/2760/1766
f 7836/2761/1550 8078/2762/1768 7835/2759/1549
f 8076/2760/1766 7835/2759/1549 8078/2762/1768
f 7838/2763/1552 8080/2764/1770 7836/2761/1550
f 8078/2762/1768 7836/2761/1550 8080/2764/1770
f 7840/2765/1554 8082/2766/1772 7838/2763/1552
f 8080/2764/1770 7838/2763/1552 8082/2766/1772
f 7842/2767/1556 8084/2768/1774 7840/2765/1554
f 8082/2766/1772 7840/2765/1554 8084/2768/1774
f 7843/2769/1557 8086/2770/1776 7842/2767/1556
f 8084/2768/1774 7842/2767/1556 8086/2770/1776
f 7845/2771/1559 8088/2772/1778 7843/2769/1557
f 8086/2770/1776 7843/2769/1557 8088/2772/1778
f 7847/2773/1561 8090/2774/1780 7845/2775/1559
f 8088/2776/1778 7845/2775/1559 8090/2774/1780
f 7848/2777/1562 8092/2778/1782 7847/2773/1561
f 8090/2774/1780 7847/2773/1561 8092/2778/1782
f 7850/2779/1564 8094/2780/1784 7848/2777/1562
f 8092/2778/1782 7848/2777/1562 8094/2780/1784
f 7851/2781/1565 8096/2782/1786 7850/2779/1564
f 8094/2780/1784 7850/2779/1564 8096/2782/1786
f 7852/2783/1566 8098/2784/1788 7851/2781/1565
f 8096/2782/1786 7851/2781/1565 8098/2784/1788
f 7854/2785/1568 8100/2786/1790 7852/2783/1566
f 8098/2784/1788 7852/2783/1566 8100/2786/1790
f 7855/2787/1569 8102/2788/1792 7854/2785/1568
f 8100/2786/1790 7854/2785/1568 8102/2788/1792
f 7856/2789/1570 8104/2790/1794 7855/2787/1569
f 8102/2788/1792 7855/2787/1569 8104/2790/1794
f 7858/2791/1572 8106/2792/1796 7856/2789/1570
f 8104/2790/1794 7856/2789/1570 8106/2792/1796
f 7860/2793/1574 8108/2794/1798 7858/2791/1572
f 8106/2792/1796 7858/2791/1572 8108/2794/1798
f 7862/2795/1576 8110/2796/1800 7860/2793/1574
f 8108/2794/1798 7860/2793/1574 8110/2796/1800
f 7864/2797/1578 8112/2798/1802 7862/2795/1576
f 8110/2796/1800 7862/2795/1576 8112/2798/1802
f 7866/2799/1580 8114/2800/1804 7864/2797/1578
f 8112/2798/1802 7864/2797/1578 8114/2800/1804
f 7867/2801/1581 8116/2802/1806 7866/2799/1580
f 8114/2800/1804 7866/2799/1580 8116/2802/1806
f 7868/2803/1582 8118/2804/1808 7867/2801/1581
f 8116/2802/1806 7867/2801/1581 8118/2804/1808
f 7870/2805/1584 8120/2806/1810 7868/2803/1582
f 8118/2804/1808 7868/2803/1582 8120/2806/1810
f 7871/2807/1585 8122/2808/1812 7870/2805/1584
f 8120/2806/1810 7870/2805/1584 8122/2808/1812
f 7872/2809/1586 8124/2810/1814 7871/2807/1585
f 8122/2808/1812 7871/2807/1585 8124/2810/1814
f 7874/2811/1588 8128/2812/1818 7875/2813/1589
f 8126/2814/1816 7875/2813/1589 8128/2812/1818
f 7877/2815/1591 8130/2816/1820 7874/2811/1588
f 8128/2812/1818 7874/2811/1588 8130/2816/1820
f 7878/2817/1592 8132/2818/1822 7877/2815/1591
f 8130/2816/1820 7877/2815/1591 8132/2818/1822
f 7879/2819/1593 8134/2820/1824 7878/2817/1592
f 8132/2818/1822 7878/2817/1592 8134/2820/1824
f 7881/2821/1595 8136/2822/1826 7879/2819/1593
f 8134/2820/1824 7879/2819/1593 8136/2822/1826
f 7883/2823/1597 8138/2824/1828 7881/2825/1595
f 8136/2826/1826 7881/2825/1595 8138/2824/1828
f 7885/2827/1599 8140/2828/1830 7883/2823/1597
f 8138/2824/1828 7883/2823/1597 8140/2828/1830
f 7887/2829/1601 8142/2830/1832 7885/2827/1599
f 8140/2828/1830 7885/2827/1599 8142/2830/1832
f 7889/2831/1603 8144/2832/1834 7887/2833/1601
f 8142/2834/1832 7887/2833/1601 8144/2832/1834
f 7890/2835/1604 8146/2836/1836 7889/2831/1603
f 8144/2832/1834 7889/2831/1603 8146/2836/1836
f 7892/2837/1606 8148/2838/1838 7890/2835/1604
f 8146/2836/1836 7890/2835/1604 8148/2838/1838
f 7893/2839/1607 8150/2840/1840 7892/2837/1606
f 8148/2838/1838 7892/2837/1606 8150/2840/1840
f 7895/2841/1609 8152/2842/1842 7893/2839/1607
f 8150/2840/1840 7893/2839/1607 8152/2842/1842
f 7896/2843/1610 8156/2844/1846 7897/2841/1611
f 8154/2842/1844 7897/2841/1611 8156/2844/1846
f 7897/2845/1611 8154/2846/1844 7895/2847/1609
f 8152/2848/1842 7895/2847/1609 8154/2846/1844
f 7898/2843/1612 8158/2844/1848 7896/2843/1610
f 8156/2844/1846 7896/2843/1610 8158/2844/1848
f 7900/2849/1614 8160/2850/1850 7898/2843/1612
f 8158/2844/1848 7898/2843/1612 8160/2850/1850
f 7902/2851/1616 8162/2852/1852 7900/2853/1614
f 8160/2854/1850 7900/2853/1614 8162/2852/1852
f 7904/2855/1618 8164/2856/1854 7902/2851/1616
f 8162/2852/1852 7902/2851/1616 8164/2856/1854
f 7906/2857/1620 8168/2858/1858 7907/2859/1621
f 8166/2860/1856 7907/2859/1621 8168/2858/1858
f 7908/2861/1622 8170/2862/1860 7906/2857/1620
f 8168/2858/1858 7906/2857/1620 8170/2862/1860
f 7909/2863/1623 8172/2864/1862 7908/2861/1622
f 8170/2862/1860 7908/2861/1622 8172/2864/1862
f 7910/2865/1624 8174/2866/1864 7909/2863/1623
f 8172/2864/1862 7909/2863/1623 8174/2866/1864
f 7911/2867/1625 8176/2868/1866 7910/2865/1624
f 8174/2866/1864 7910/2865/1624 8176/2868/1866
f 7913/2869/1627 8180/2870/1870 7914/2871/1628
f 8178/2872/1868 7914/2871/1628 8180/2870/1870
f 7916/2873/1628 8182/2874/1872 7913/2869/1627
f 8180/2870/1870 7913/2869/1627 8182/2874/1872
f 7918/2875/1631 8184/2876/1873 7916/2873/1628
f 8182/2874/1872 7916/2873/1628 8184/2876/1873
f 7919/2877/1632 8188/2878/1877 7920/2879/1633
f 8186/2880/1875 7920/2879/1633 8188/2878/1877
f 7920/2881/1633 8186/2882/1875 7918/2875/1631
f 8184/2876/1873 7918/2875/1631 8186/2882/1875
f 7917/2883/1630 8190/2884/1879 7919/2877/1632
f 8188/2878/1877 7919/2877/1632 8190/2884/1879
f 7915/2885/1629 8192/2886/1881 7917/2883/1630
f 8190/2884/1879 7917/2883/1630 8192/2886/1881
f 7912/2887/1626 8194/2888/1883 7915/2885/1629
f 8192/2886/1881 7915/2885/1629 8194/2888/1883
f 7921/2889/1634 8196/2890/1884 7912/2887/1626
f 8194/2888/1883 7912/2887/1626 8196/2890/1884
f 7922/2891/1635 8198/2892/1886 7921/2889/1634
f 8196/2890/1884 7921/2889/1634 8198/2892/1886
f 7905/2893/1619 8200/2894/1888 7922/2891/1635
f 8198/2892/1886 7922/2891/1635 8200/2894/1888
f 7923/2895/1636 8202/2896/1890 7905/2893/1619
f 8200/2894/1888 7905/2893/1619 8202/2896/1890
f 7903/2897/1617 8204/2898/1892 7923/2899/1636
f 8202/2898/1890 7923/2899/1636 8204/2898/1892
f 7901/2900/1615 8206/2901/1894 7903/2897/1617
f 8204/2898/1892 7903/2897/1617 8206/2901/1894
f 7899/2902/1613 8208/2903/1896 7901/2900/1615
f 8206/2901/1894 7901/2900/1615 8208/2903/1896
f 7894/2904/1608 8210/2905/1897 7899/2906/1613
f 8208/2907/1896 7899/2906/1613 8210/2905/1897
f 7924/2908/1637 8212/2909/1899 7894/2904/1608
f 8210/2905/1897 7894/2904/1608 8212/2909/1899
f 7891/2910/1605 8214/2911/1901 7924/2908/1637
f 8212/2909/1899 7924/2908/1637 8214/2911/1901
f 7888/2912/1602 8216/2913/1903 7891/2914/1605
f 8214/2915/1901 7891/2914/1605 8216/2913/1903
f 7886/2916/1600 8218/2917/1905 7888/2912/1602
f 8216/2913/1903 7888/2912/1602 8218/2917/1905
f 7884/2918/1598 8220/2919/1907 7886/2916/1600
f 8218/2917/1905 7886/2916/1600 8220/2919/1907
f 7882/2920/1596 8222/2921/1909 7884/2918/1598
f 8220/2919/1907 7884/2918/1598 8222/2921/1909
f 7925/2922/1638 8224/2923/1911 7882/2920/1596
f 8222/2921/1909 7882/2920/1596 8224/2923/1911
f 7880/2924/1594 8226/2925/1913 7925/2926/1638
f 8224/2927/1911 7925/2926/1638 8226/2925/1913
f 7876/2928/1590 8228/2929/1915 7880/2930/1594
f 8226/2931/1913 7880/2930/1594 8228/2929/1915
f 7873/2932/1587 8230/2933/1917 7876/2928/1590
f 8228/2929/1915 7876/2928/1590 8230/2933/1917
f 7926/2934/1639 8232/2935/1919 7873/2932/1587
f 8230/2933/1917 7873/2932/1587 8232/2935/1919
f 7869/2936/1583 8234/2937/1921 7926/2934/1639
f 8232/2935/1919 7926/2934/1639 8234/2937/1921
f 7865/2938/1579 8236/2939/1923 7869/2936/1583
f 8234/2937/1921 7869/2936/1583 8236/2939/1923
f 7927/2938/1640 8238/2939/1925 7865/2938/1579
f 8236/2939/1923 7865/2938/1579 8238/2939/1925
f 7928/2940/1641 8240/2941/1927 7927/2938/1640
f 8238/2939/1925 7927/2938/1640 8240/2941/1927
f 7863/2942/1577 8242/2943/1929 7928/2940/1641
f 8240/2941/1927 7928/2940/1641 8242/2943/1929
f 7929/2944/1642 8244/2945/1931 7863/2942/1577
f 8242/2943/1929 7863/2942/1577 8244/2945/1931
f 7861/2946/1575 8246/2947/1933 7929/2944/1642
f 8244/2945/1931 7929/2944/1642 8246/2947/1933
f 7859/2948/1573 8248/2949/1935 7861/2946/1575
f 8246/2947/1933 7861/2946/1575 8248/2949/1935
f 7930/2950/1643 8250/2951/1937 7859/2948/1573
f 8248/2949/1935 7859/2948/1573 8250/2951/1937
f 7857/2952/1571 8252/2953/1939 7930/2950/1643
f 8250/2951/1937 7930/2950/1643 8252/2953/1939
f 7931/2954/1644 8254/2955/1941 7857/2952/1571
f 8252/2953/1939 7857/2952/1571 8254/2955/1941
f 7853/2956/1567 8256/2957/1943 7931/2954/1644
f 8254/2955/1941 7931/2954/1644 8256/2957/1943
f 7849/2958/1563 8258/2959/1945 7853/2956/1567
f 8256/2957/1943 7853/2956/1567 8258/2959/1945
f 7846/2960/1560 8260/2961/1947 7849/2958/1563
f 8258/2959/1945 7849/2958/1563 8260/2961/1947
f 7844/2962/1558 8262/2963/1949 7846/2960/1560
f 8260/2961/1947 7846/2960/1560 8262/2963/1949
f 7841/2964/1555 8264/2965/1951 7844/2962/1558
f 8262/2963/1949 7844/2962/1558 8264/2965/1951
f 7839/2966/1553 8266/2967/1953 7841/2968/1555
f 8264/2969/1951 7841/2968/1555 8266/2967/1953
f 7837/2970/1551 8268/2971/1955 7839/2966/1553
f 8266/2967/1953 7839/2966/1553 8268/2971/1955
f 7834/2972/1548 8270/2973/1957 7837/2970/1551
f 8268/2971/1955 7837/2970/1551 8270/2973/1957
f 7832/2974/1546 8272/2975/1959 7834/2972/1548
f 8270/2973/1957 7834/2972/1548 8272/2975/1959
f 7932/2976/1645 8274/2977/1961 7832/2974/1546
f 8272/2975/1959 7832/2974/1546 8274/2977/1961
f 7830/2978/1544 8276/2979/1963 7932/2980/1645
f 8274/2981/1961 7932/2980/1645 8276/2979/1963
f 7827/2982/1541 8278/2983/1965 7830/2978/1544
f 8276/2979/1963 7830/2978/1544 8278/2983/1965
f 7825/2982/1539 8280/2983/1967 7827/2982/1541
f 8278/2983/1965 7827/2982/1541 8280/2983/1967
f 7933/2984/1646 8282/2985/1969 7825/2986/1539
f 8280/2987/1967 7825/2986/1539 8282/2985/1969
f 7823/2988/1537 8284/2989/1971 7933/2984/1646
f 8282/2985/1969 7933/2984/1646 8284/2989/1971
f 7821/2990/1535 8286/2991/1973 7823/2988/1537
f 8284/2989/1971 7823/2988/1537 8286/2991/1973
f 7819/2992/1533 8288/2993/1975 7821/2990/1535
f 8286/2991/1973 7821/2990/1535 8288/2993/1975
f 7815/2994/1529 8290/2995/1977 7819/2992/1533
f 8288/2993/1975 7819/2992/1533 8290/2995/1977
f 7813/2996/1527 8292/2997/1979 7815/2994/1529
f 8290/2995/1977 7815/2994/1529 8292/2997/1979
f 7811/2998/1525 8294/2999/1981 7813/2996/1527
f 8292/2997/1979 7813/2996/1527 8294/2999/1981
f 7808/3000/1522 8296/3001/1983 7811/2998/1525
f 8294/2999/1981 7811/2998/1525 8296/3001/1983
f 7934/3002/1647 8298/3003/1985 7808/3000/1522
f 8296/3001/1983 7808/3000/1522 8298/3003/1985
f 7935/3004/1648 8300/3005/1987 7934/3002/1647
f 8298/3003/1985 7934/3002/1647 8300/3005/1987
f 7936/3006/1649 8302/3007/1989 7935/3004/1648
f 8300/3005/1987 7935/3004/1648 8302/3007/1989
f 7803/3008/1517 8306/3009/1993 7805/3010/1519
f 8304/3011/1991 7805/3010/1519 8306/3009/1993
f 7800/3012/1514 8308/3013/1995 7803/3008/1517
f 8306/3009/1993 7803/3008/1517 8308/3013/1995
f 7798/3014/1512 8310/3015/1997 7800/3012/1514
f 8308/3013/1995 7800/3012/1514 8310/3015/1997
f 7796/3016/1510 8312/3017/1999 7798/3014/1512
f 8310/3015/1997 7798/3014/1512 8312/3017/1999
f 7793/3018/1507 8314/3019/2001 7796/3016/1510
f 8312/3017/1999 7796/3016/1510 8314/3019/2001
f 7791/3020/1505 8316/3021/2003 7793/3018/1507
f 8314/3019/2001 7793/3018/1507 8316/3021/2003
f 7789/3022/1503 8318/3023/2005 7791/3024/1505
f 8316/3025/2003 7791/3024/1505 8318/3023/2005
f 7749/3026/1466 7748/3027/1465 7789/3022/1503
f 8318/3023/2005 7789/3022/1503 7748/3027/1465
f 7914/2871/1628 8178/2872/1868 7911/2867/1625
f 8176/2868/1866 7911/2867/1625 8178/2872/1868
f 7764/3028/2006 8021/2701/1710 8340/3029/2029
f 8021/2701/1710 7766/2700/1480 8340/3029/2029
f 7766/2700/1480 7736/3030/1457 8340/3029/2029
f 7875/2813/1589 8126/2814/1816 7872/2809/1586
f 8124/2810/1814 7872/2809/1586 8126/2814/1816
f 7907/2859/1621 8166/2860/1856 7904/2859/1618
f 8164/2856/1854 7904/2855/1618 8166/3031/1856
f 8341/3032/2030 8321/3033/2010 7807/2724/1521
f 8044/2725/1734 7807/2724/1521 8321/3033/2010
f 8342/3034/2031 8323/3035/2012 8341/3036/2030
f 8321/3037/2010 8341/3036/2030 8323/3035/2012
f 8343/3038/2032 8325/3039/2014 8342/3034/2031
f 8323/3035/2012 8342/3034/2031 8325/3039/2014
f 8344/3040/2033 8327/3041/2016 8343/3038/2032
f 8325/3039/2014 8343/3038/2032 8327/3041/2016
f 8345/3042/2034 8329/3043/2018 8344/3040/2033
f 8327/3041/2016 8344/3040/2033 8329/3043/2018
f 7810/2728/1524 8046/2729/1736 8345/3044/2034
f 8329/3045/2018 8345/3044/2034 8046/2729/1736
f 8346/3046/2035 8331/3047/2020 7936/3006/1649
f 8302/3007/1989 7936/3006/1649 8331/3047/2020
f 8347/3048/2036 8333/3049/2022 8346/3050/2035
f 8331/3051/2020 8346/3050/2035 8333/3049/2022
f 8348/3052/2037 8335/3053/2024 8347/3048/2036
f 8333/3049/2022 8347/3048/2036 8335/3053/2024
f 8349/3054/2038 8337/3055/2026 8348/3052/2037
f 8335/3053/2024 8348/3052/2037 8337/3055/2026
f 8350/3056/2039 8339/3057/2028 8349/3054/2038
f 8337/3055/2026 8349/3054/2038 8339/3057/2028
f 7805/3010/1519 8304/3011/1991 8350/3056/2039
f 8339/3057/2028 8350/3056/2039 8304/3011/1991
f 8351/3058/2040 8352/3059/2041 8353/3058/2040
f 8354/3060/2042 7774/2082/1488 8355/2084/2043
f 7776/3058/1490 8355/3058/2043 7774/3061/1488
f 8024/3062/1714 8023/3063/1713 7744/3064/1461
f 7744/3064/1461 8023/3063/1713 7745/3065/1462
f 7745/3065/1462 8023/3063/1713 7747/3066/1464
f 7788/3067/1502 7790/2706/1504 8356/3068/2044
f 7790/2706/1504 8024/2707/1714 8356/3068/2044
f 8356/3068/2044 8024/2707/1714 7744/3069/1461
f 7768/3070/1482 7767/2702/1481 8357/3071/2045
f 7767/2702/1481 8019/2703/1708 8357/3071/2045
f 8357/3071/2045 8019/2703/1708 7757/3072/1711
f 7807/3073/1521 7805/3074/1519 8350/3075/2039
f 8341/3076/2030 7807/3073/1521 8350/3075/2039
f 8341/3077/2030 8350/3078/2039 8349/3079/2038
f 8341/3077/2030 8349/3079/2038 8342/3080/2031
f 8342/3080/2031 8349/3079/2038 8348/3081/2037
f 8342/3080/2031 8348/3081/2037 8343/3082/2032
f 8343/3083/2032 8348/3084/2037 8347/3085/2036
f 8343/3083/2032 8347/3085/2036 8344/3086/2033
f 8344/3087/2033 8347/3088/2036 8346/3089/2035
f 8344/3087/2033 8346/3089/2035 8345/3090/2034
f 8345/3090/2034 8346/3089/2035 7936/3091/1649
f 8345/3090/2034 7936/3091/1649 7810/3092/1524
f 8486/3166/2097 8487/3167/2097 8488/3168/2097
f 8489/3169/2098 8490/3170/2098 8491/3171/2098
f 8492/3172/2099 8493/3173/2099 8494/3174/2099
f 8495/3175/2100 8496/3176/2100 8497/3177/2100
f 8498/3178/2101 8499/3179/2101 8500/3180/2101
f 8501/3181/2102 8502/3182/2102 8503/3183/2102
f 8504/3184/2103 8505/3185/2103 8506/3186/2103
f 8507/3187/2104 8508/3188/2104 8509/3189/2104
f 8510/3190/2105 8511/3180/2105 8512/3191/2105
f 8513/3192/2106 8514/3193/2106 8515/3194/2106
f 8516/3195/2107 8517/3196/2107 8518/3197/2107
f 8519/3198/2108 8520/3199/2108 8521/3200/2108
f 8522/3201/2109 8523/3202/2109 8524/3203/2109
f 8525/3204/2110 8526/3205/2110 8527/3206/2110
f 8528/3207/2111 8529/3208/2111 8530/3209/2111
f 8531/3210/2112 8532/3211/2112 8533/3212/2112
f 8534/3213/2113 8535/3214/2113 8536/3215/2113
f 8537/3216/2114 8538/3217/2114 8539/3218/2114
f 8540/3219/2115 8541/3220/2115 8542/3221/2115
f 8543/3222/2116 8544/3223/2116 8545/3224/2116
f 8546/3166/2117 8547/3167/2117 8548/3168/2117
f 8549/3169/2118 8550/3170/2118 8551/3171/2118
f 8552/3172/2119 8553/3173/2119 8554/3174/2119
f 8555/3175/2120 8556/3176/2120 8557/3177/2120
f 8558/3178/2121 8559/3179/2121 8560/3180/2121
f 8561/3181/2122 8562/3182/2122 8563/3183/2122
f 8564/3184/2123 8565/3185/2123 8566/3186/2123
f 8567/3187/2124 8568/3188/2124 8569/3189/2124
f 8570/3190/2125 8571/3180/2125 8572/3191/2125
f 8573/3192/2126 8574/3193/2126 8575/3194/2126
f 8576/3195/2127 8577/3196/2127 8578/3197/2127
f 8579/3198/2128 8580/3199/2128 8581/3200/2128
f 8582/3201/2129 8583/3202/2129 8584/3203/2129
f 8585/3204/2130 8586/3205/2130 8587/3206/2130
f 8588/3207/2131 8589/3208/2131 8590/3209/2131
f 8591/3210/2132 8592/3211/2132 8593/3212/2132
f 8594/3213/2133 8595/3214/2133 8596/3215/2133
f 8597/3216/2134 8598/3217/2134 8599/3218/2134
f 8600/3219/2135 8601/3220/2135 8602/3221/2135
f 8603/3222/2136 8604/3223/2136 8605/3224/2136
f 8606/3166/2137 8607/3167/2137 8608/3168/2137
f 8609/3169/2098 8610/3170/2098 8611/3171/2098
f 8612/3172/2099 8613/3173/2099 8614/3174/2099
f 8615/3175/2138 8616/3176/2138 8617/3177/2138
f 8618/3178/2139 8619/3179/2139 8620/3180/2139
f 8621/3181/2102 8622/3182/2102 8623/3183/2102
f 8624/3184/2103 8625/3185/2103 8626/3186/2103
f 8627/3187/2140 8628/3188/2140 8629/3189/2140
f 8630/3190/2141 8631/3180/2141 8632/3191/2141
f 8633/3192/2106 8634/3193/2106 8635/3194/2106
f 8636/3195/2142 8637/3196/2142 8638/3197/2142
f 8639/3198/2143 8640/3199/2143 8641/3200/2143
f 8642/3201/2109 8643/3202/2109 8644/3203/2109
f 8645/3204/2110 8646/3205/2110 8647/3206/2110
f 8648/3207/2144 8649/3208/2144 8650/3209/2144
f 8651/3210/2112 8652/3211/2112 8653/3212/2112
f 8654/3213/2113 8655/3214/2113 8656/3215/2113
f 8657/3216/2145 8658/3217/2145 8659/3218/2145
f 8660/3219/2146 8661/3220/2146 8662/3221/2146
f 8663/3222/2116 8664/3223/2116 8665/3224/2116
f 8666/3166/2147 8667/3167/2147 8668/3168/2147
f 8669/3169/2118 8670/3170/2118 8671/3171/2118
f 8672/3172/2119 8673/3173/2119 8674/3174/2119
f 8675/3175/2148 8676/3176/2148 8677/3177/2148
f 8678/3178/2149 8679/3179/2149 8680/3180/2149
f 8681/3181/2150 8682/3182/2150 8683/3183/2150
f 8684/3184/2151 8685/3185/2151 8686/3186/2151
f 8687/3187/2152 8688/3188/2152 8689/3189/2152
f 8690/3190/2153 8691/3180/2153 8692/3191/2153
f 8693/3192/2126 8694/3193/2126 8695/3194/2126
f 8696/3195/2154 8697/3196/2154 8698/3197/2154
f 8699/3198/2155 8700/3199/2155 8701/3200/2155
f 8702/3201/2129 8703/3202/2129 8704/3203/2129
f 8705/3204/2130 8706/3205/2130 8707/3206/2130
f 8708/3207/2156 8709/3208/2156 8710/3209/2156
f 8711/3210/2132 8712/3211/2132 8713/3212/2132
f 8714/3213/2133 8715/3214/2133 8716/3215/2133
f 8717/3216/2134 8718/3217/2134 8719/3218/2134
f 8720/3219/2157 8721/3220/2157 8722/3221/2157
f 8723/3222/2136 8724/3223/2136 8725/3224/2136
f 8726/3166/2158 8727/3167/2158 8728/3168/2158
f 8729/3169/2098 8730/3170/2098 8731/3171/2098
f 8732/3172/2099 8733/3173/2099 8734/3174/2099
f 8735/3175/2138 8736/3176/2138 8737/3177/2138
f 8738/3178/2159 8739/3179/2159 8740/3180/2159
f 8741/3181/2160 8742/3182/2160 8743/3183/2160
f 8744/3184/2103 8745/3185/2103 8746/3186/2103
f 8747/3187/2161 8748/3188/2161 8749/3189/2161
f 8750/3190/2141 8751/3180/2141 8752/3191/2141
f 8753/3192/2106 8754/3193/2106 8755/3194/2106
f 8756/3195/2142 8757/3196/2142 8758/3197/2142
f 8759/3198/2143 8760/3199/2143 8761/3200/2143
f 8762/3201/2109 8763/3202/2109 8764/3203/2109
f 8765/3204/2110 8766/3205/2110 8767/3206/2110
f 8768/3207/2144 8769/3208/2144 8770/3209/2144
f 8771/3210/2112 8772/3211/2112 8773/3212/2112
f 8774/3213/2113 8775/3214/2113 8776/3215/2113
f 8777/3216/2145 8778/3217/2145 8779/3218/2145
f 8780/3219/2146 8781/3220/2146 8782/3221/2146
f 8783/3222/2116 8784/3223/2116 8785/3224/2116
f 8786/3166/2147 8787/3167/2147 8788/3168/2147
f 8789/3169/2118 8790/3170/2118 8791/3171/2118
f 8792/3172/2119 8793/3173/2119 8794/3174/2119
f 8795/3175/2120 8796/3176/2120 8797/3177/2120
f 8798/3178/2149 8799/3179/2149 8800/3180/2149
f 8801/3181/2150 8802/3182/2150 8803/3183/2150
f 8804/3184/2123 8805/3185/2123 8806/3186/2123
f 8807/3187/2124 8808/3188/2124 8809/3189/2124
f 8810/3190/2153 8811/3180/2153 8812/3191/2153
f 8813/3192/2126 8814/3193/2126 8815/3194/2126
f 8816/3195/2127 8817/3196/2127 8818/3197/2127
f 8819/3198/2128 8820/3199/2128 8821/3200/2128
f 8822/3201/2129 8823/3202/2129 8824/3203/2129
f 8825/3204/2130 8826/3205/2130 8827/3206/2130
f 8828/3207/2131 8829/3208/2131 8830/3209/2131
f 8831/3210/2132 8832/3211/2132 8833/3212/2132
f 8834/3213/2133 8835/3214/2133 8836/3215/2133
f 8837/3216/2134 8838/3217/2134 8839/3218/2134
f 8840/3219/2157 8841/3220/2157 8842/3221/2157
f 8843/3222/2136 8844/3223/2136 8845/3224/2136
usemtl Material.003
f 7671/1995/1430 7672/1996/1001 7673/1997/1001
f 7674/1998/1430 7672/1996/1001 7671/1995/1430
f 7675/1995/1431 7674/1996/1430 7671/1997/1430
f 7676/1998/1431 7674/1996/1430 7675/1995/1431
f 7677/1995/1432 7676/1996/1431 7675/1997/1431
f 7678/1998/1432 7676/1996/1431 7677/1995/1432
f 7679/1995/1433 7678/1996/1432 7677/1997/1432
f 7680/1998/1433 7678/1996/1432 7679/1995/1433
f 7681/1995/1000 7680/1996/1433 7679/1997/1433
f 7682/1998/1000 7680/1996/1433 7681/1995/1000
f 7683/1995/1434 7682/1996/1000 7681/1997/1000
f 7684/1998/1434 7682/1996/1000 7683/1995/1434
f 7685/1995/1435 7684/1996/1434 7683/1997/1434
f 7686/1998/1435 7684/1996/1434 7685/1995/1435
f 7687/1995/1436 7686/1996/1435 7685/1997/1435
f 7688/1998/1436 7686/1996/1435 7687/1995/1436
f 7689/1995/1437 7688/1996/1436 7687/1997/1436
f 7690/1998/1437 7688/1996/1436 7689/1995/1437
f 7673/1995/1001 7690/1996/1437 7689/1997/1437
f 7672/1998/1001 7690/1996/1437 7673/1995/1001
f 7691/1999/1430 7692/2000/1001 7693/2001/1001
f 7694/2002/1430 7692/2000/1001 7691/1999/1430
f 7695/1999/1431 7694/2000/1430 7691/2001/1430
f 7696/2002/1431 7694/2000/1430 7695/1999/1431
f 7697/1999/1432 7696/2000/1431 7695/2001/1431
f 7698/2002/1432 7696/2000/1431 7697/1999/1432
f 7699/1999/1433 7698/2000/1432 7697/2001/1432
f 7700/2002/1433 7698/2000/1432 7699/1999/1433
f 7701/1999/1000 7700/2000/1433 7699/2001/1433
f 7702/2002/1000 7700/2000/1433 7701/1999/1000
f 7703/1999/1434 7702/2000/1000 7701/2001/1000
f 7704/2002/1434 7702/2000/1000 7703/1999/1434
f 7705/1999/1435 7704/2000/1434 7703/2001/1434
f 7706/2002/1435 7704/2000/1434 7705/1999/1435
f 7707/1999/1436 7706/2000/1435 7705/2001/1435
f 7708/2002/1436 7706/2000/1435 7707/1999/1436
f 7709/1999/1437 7708/2000/1436 7707/2001/1436
f 7710/2002/1437 7708/2000/1436 7709/1999/1437
f 7693/1999/1001 7710/2000/1437 7709/2001/1437
f 7692/2002/1001 7710/2000/1437 7693/1999/1001
usemtl Material.010
f 8360/3093/2046 8358/3094/2046 8361/3095/2046
f 8361/3095/2046 8358/3094/2046 8359/3096/2046
usemtl Material.009
f 8373/3097/2047 8363/3098/2047 8374/3099/2048
f 8374/3099/2048 8363/3098/2047 8364/3100/2048
f 8374/3099/2048 8364/3100/2048 8375/3097/2049
f 8375/3097/2049 8364/3100/2048 8365/3101/2049
f 8375/3097/2049 8365/3101/2049 8376/3102/2050
f 8376/3102/2050 8365/3101/2049 8366/3103/2050
f 8376/3102/2050 8366/3103/2050 8377/3104/2051
f 8377/3104/2051 8366/3103/2050 8367/3105/2051
f 8378/3106/2052 8368/3107/2052 8379/3108/2053
f 8379/3108/2053 8368/3107/2052 8369/3109/2053
f 8379/3108/2053 8369/3109/2053 8380/3110/2054
f 8380/3110/2054 8369/3109/2053 8370/3111/2054
f 8380/3110/2054 8370/3111/2054 8381/3112/2055
f 8381/3112/2055 8370/3111/2054 8371/3113/2055
f 8381/3112/2055 8371/3113/2055 8372/3114/2056
f 8372/3114/2056 8371/3113/2055 8362/3115/2056
usemtl Material.008
f 8382/3116/2057 8383/3117/43 8384/3118/2058
f 8384/3119/2058 8383/3117/43 8385/3118/2059
f 8385/3116/2059 8383/3120/43 8386/3118/2060
f 8386/3116/2060 8383/3117/43 8387/3118/2061
f 8387/3119/2061 8383/3117/43 8388/3118/2062
f 8388/3116/2062 8383/3117/43 8389/3118/2063
f 8389/3119/2063 8383/3117/43 8390/3118/2064
f 8390/3116/2064 8383/3120/43 8391/3118/2065
f 8391/3116/2065 8383/3117/43 8392/3118/2066
f 8392/3119/2066 8383/3117/43 8382/3118/2057
f 8393/3121/2067 8382/3122/2057 8394/3123/2068
f 8394/3123/2068 8382/3122/2057 8384/3124/2058
f 8394/3123/2068 8384/3124/2058 8395/3121/2069
f 8395/3121/2069 8384/3124/2058 8385/3122/2059
f 8395/3121/2069 8385/3122/2059 8396/3125/2070
f 8396/3125/2070 8385/3122/2059 8386/3126/2060
f 8396/3125/2070 8386/3126/2060 8397/3121/2071
f 8397/3121/2071 8386/3126/2060 8387/3122/2061
f 8398/3121/2072 8388/3122/2062 8399/3127/2073
f 8399/3127/2073 8388/3122/2062 8389/3128/2063
f 8399/3127/2073 8389/3128/2063 8400/3129/2074
f 8400/3129/2074 8389/3128/2063 8390/3122/2064
f 8400/3129/2074 8390/3122/2064 8401/3130/2075
f 8401/3130/2075 8390/3122/2064 8391/3131/2065
f 8401/3130/2075 8391/3131/2065 8402/3129/2076
f 8402/3129/2076 8391/3131/2065 8392/3122/2066
f 8402/3129/2076 8392/3122/2066 8393/3132/2067
f 8393/3132/2067 8392/3122/2066 8382/3133/2057
usemtl Material.011
f 8407/3134/2077 8403/3135/2078 8408/3136/2079
f 8408/3136/2079 8403/3135/2078 8404/3137/2078
f 8412/3138/2080 8405/3139/2081 8413/3140/2082
f 8413/3140/2082 8405/3139/2081 8406/3141/2081
f 8408/3142/2079 8417/3143/79 8407/3144/2077
f 8409/3145/2083 8417/3146/79 8408/3142/2079
f 8410/3147/2084 8417/3148/79 8409/3145/2083
f 8411/3149/2085 8417/3150/79 8410/3147/2084
f 8412/3151/2080 8417/3152/79 8411/3149/2085
f 8413/3153/2082 8417/3154/79 8412/3151/2080
f 8414/3155/2086 8417/3156/79 8413/3153/2082
f 8415/3157/2087 8417/3158/79 8414/3155/2086
f 8416/3159/2088 8417/3160/79 8415/3157/2087
f 8407/3161/2077 8417/3162/79 8416/3159/2088
usemtl Material.012
f 8428/3163/132 8418/3164/132 8429/3143/2089
f 8429/3143/2089 8418/3164/132 8419/3165/2089
f 8429/3163/2089 8419/3164/2089 8430/3143/2090
f 8430/3143/2090 8419/3164/2089 8420/3165/2090
f 8430/3163/2090 8420/3164/2090 8431/3143/2091
f 8431/3143/2091 8420/3164/2090 8421/3165/2091
f 8431/3163/2091 8421/3164/2091 8432/3143/2092
f 8432/3143/2092 8421/3164/2091 8422/3165/2092
f 8432/3163/2092 8422/3164/2092 8433/3143/128
f 8433/3143/128 8422/3164/2092 8423/3165/128
f 8433/3163/128 8423/3164/128 8434/3143/2093
f 8434/3143/2093 8423/3164/128 8424/3165/2093
f 8434/3163/2093 8424/3164/2093 8435/3143/2094
f 8435/3143/2094 8424/3164/2093 8425/3165/2094
f 8435/3163/2094 8425/3164/2094 8436/3143/2095
f 8436/3143/2095 8425/3164/2094 8426/3165/2095
f 8436/3163/2095 8426/3164/2095 8437/3143/2096
f 8437/3143/2096 8426/3164/2095 8427/3165/2096
f 8437/3163/2096 8427/3164/2096 8428/3143/132
f 8428/3143/132 8427/3164/2096 8418/3165/132
usemtl Material.013
f 8438/1187/996 8439/1188/996 8440/1189/996
f 8441/1190/996 8440/1189/996 8439/1188/996
f 8442/1191/997 8443/1192/997 8444/1193/997
f 8445/1194/997 8444/1193/997 8443/1192/997
f 8446/1195/998 8447/1196/998 8448/1197/998
f 8449/1198/998 8448/1197/998 8447/1196/998
f 8450/1199/999 8451/1200/999 8452/1201/999
f 8453/1202/999 8452/1201/999 8451/1200/999
f 8454/1203/43 8455/1204/43 8456/1205/43
f 8457/1206/43 8455/1204/43 8454/1203/43
f 8458/1207/79 8459/1208/79 8460/1209/79
f 8459/1208/79 8458/1207/79 8461/1210/79
f 8462/1187/996 8463/1188/996 8464/1189/996
f 8465/1190/996 8464/1189/996 8463/1188/996
f 8466/1191/997 8467/1192/997 8468/1193/997
f 8469/1194/997 8468/1193/997 8467/1192/997
f 8470/1195/998 8471/1196/998 8472/1197/998
f 8473/1198/998 8472/1197/998 8471/1196/998
f 8474/1199/999 8475/1200/999 8476/1201/999
f 8477/1202/999 8476/1201/999 8475/1200/999
f 8478/1203/43 8479/1204/43 8480/1205/43
f 8481/1206/43 8479/1204/43 8478/1203/43
f 8482/1207/79 8483/1208/79 8484/1209/79
f 8483/1208/79 8482/1207/79 8485/1210/79
