# Blender 4.2.2 LTS
# www.blender.org
mtllib escenario3.mtl
o fleur5.prm.000
v -0.256461 -0.500953 -0.489991
v -0.008122 -0.548959 -0.563825
v -0.265077 -0.548959 -0.714646
v 0.318477 -0.525042 0.216805
v 0.120355 -0.550528 0.229384
v 0.284798 -0.591259 0.214942
v -0.030466 -0.537147 0.313174
v 0.152204 -0.501801 0.537622
v 0.148972 -0.569386 0.506523
v -0.111363 -0.503311 0.677031
v 0.152204 -0.501801 0.537622
v -0.030466 -0.537147 0.313174
v -0.127483 -0.484473 -0.014106
v -0.425467 -0.498354 0.034817
v -0.407677 -0.487967 0.355038
v 0.306833 -0.218959 0.789073
v 0.302944 0.089684 0.742401
v 0.357394 0.101027 0.816298
v -1.040596 -0.500675 0.238276
v -1.276840 -0.548682 0.234893
v -1.063915 -0.548681 0.506666
v 0.472272 -0.560341 0.207041
v 0.443234 -0.649105 0.201026
v 0.438783 -0.641484 -0.008186
v 0.438783 -0.641484 -0.008186
v 0.472272 -0.551745 -0.016398
v 0.472272 -0.560341 0.207041
v 0.472272 -0.560341 0.207041
v 0.284798 -0.591259 0.214942
v 0.443234 -0.649105 0.201026
v 0.284798 -0.591259 0.214942
v 0.472272 -0.560341 0.207041
v 0.318477 -0.525042 0.216805
v 0.472272 -0.551745 -0.016398
v 0.304693 -0.549479 -0.200737
v 0.318477 -0.525042 0.216805
v 0.472272 -0.560341 0.207041
v 0.438783 -0.641484 -0.008186
v 0.323048 -0.638297 -0.221849
v 0.304693 -0.549479 -0.200737
v 0.304693 -0.549479 -0.200737
v 0.472272 -0.551745 -0.016398
v 0.438783 -0.641484 -0.008186
v 0.323048 -0.638297 -0.221849
v 0.064871 -0.638297 -0.342036
v 0.019807 -0.548959 -0.318042
v 0.019807 -0.548959 -0.318042
v 0.304693 -0.549479 -0.200737
v 0.323048 -0.638297 -0.221849
v 0.064871 -0.638297 -0.342036
v -0.037510 -0.638297 -0.546796
v -0.008122 -0.548959 -0.563825
v -0.008122 -0.548959 -0.563825
v 0.019807 -0.548959 -0.318042
v 0.064871 -0.638297 -0.342036
v -0.037510 -0.638297 -0.546796
v -0.282333 -0.638297 -0.680336
v -0.265077 -0.548959 -0.714646
v -0.265077 -0.548959 -0.714646
v -0.008122 -0.548959 -0.563825
v -0.037510 -0.638297 -0.546796
v -0.282333 -0.638297 -0.680336
v -0.558316 -0.638298 -0.729301
v -0.561134 -0.548959 -0.753748
v -0.561134 -0.548959 -0.753748
v -0.265077 -0.548959 -0.714646
v -0.282333 -0.638297 -0.680336
v -0.558316 -0.638298 -0.729301
v -0.812042 -0.638298 -0.764912
v -0.812504 -0.548959 -0.725819
v -0.812504 -0.548959 -0.725819
v -0.561134 -0.548959 -0.753748
v -0.558316 -0.638298 -0.729301
v -0.812042 -0.638298 -0.764912
v -0.994547 -0.638298 -0.867293
v -1.035943 -0.548959 -0.781679
v -1.035943 -0.548959 -0.781679
v -0.812504 -0.548959 -0.725819
v -0.812042 -0.638298 -0.764912
v -0.994547 -0.638298 -0.867293
v -1.101379 -0.638298 -1.023089
v -1.114147 -0.548959 -1.005117
v -1.114147 -0.548959 -1.005117
v -1.035943 -0.548959 -0.781679
v -0.994547 -0.638298 -0.867293
v -1.101379 -0.638298 -1.023089
v -1.359556 -0.638298 -1.214497
v -1.367088 -0.548959 -1.164701
v -1.367088 -0.548959 -1.164701
v -1.114147 -0.548959 -1.005117
v -1.101379 -0.638298 -1.023089
v -1.367088 -0.548959 -0.829840
v -1.035943 -0.548959 -0.781679
v -1.114147 -0.548959 -1.005117
v -1.367088 -0.548959 -1.164701
v -1.092596 -0.481894 -0.534466
v -0.825744 -0.517390 -0.485543
v -0.812504 -0.548959 -0.725819
v -1.367088 -0.548959 -0.578695
v -0.558893 -0.526591 -0.485543
v -0.561134 -0.548959 -0.753748
v -0.171958 -0.483321 -0.263167
v 0.019807 -0.548959 -0.318042
v 0.070564 -0.533806 -0.041701
v 0.120355 -0.550528 0.229384
v -0.449786 -0.548681 0.628801
v 0.148972 -0.569386 0.506523
v 0.307213 -0.471116 0.677031
v 0.359643 -0.623646 0.593953
v 0.307213 -0.471116 0.677031
v 0.148972 -0.569386 0.506523
v 0.152204 -0.501801 0.537622
v 0.306833 -0.482771 0.789073
v 0.307213 -0.471116 0.677031
v 0.306833 -0.482771 0.789073
v 0.395849 -0.638297 0.791358
v 0.359643 -0.623646 0.593953
v 0.359643 -0.623646 0.593953
v 0.307213 -0.471116 0.677031
v 0.306833 -0.482771 0.789073
v 1.264757 0.068369 0.678655
v 1.260545 0.077613 0.345941
v 1.293509 -0.220326 0.354179
v 1.231244 -0.220326 0.675124
v 1.281603 0.067079 0.004804
v 1.346880 -0.220326 -0.002345
v 1.210007 0.043292 -0.302641
v 1.258823 -0.220327 -0.323290
v 1.134199 0.041141 -0.496373
v 1.113840 -0.220327 -0.440579
v 1.012063 0.070027 -0.677471
v 0.965304 -0.220327 -0.620134
v 0.772003 0.001611 -0.816453
v 0.746500 -0.256115 -0.751212
v 0.489827 -0.030433 -0.951223
v 0.474644 -0.330206 -0.876227
v 0.136055 -0.080804 -1.005974
v 0.138283 -0.342706 -0.960120
v -0.475549 -0.500953 -0.235449
v -0.789577 -0.480447 -0.234649
v -1.082482 -0.480064 -0.265615
v -1.352648 -0.548682 -0.332603
v -1.326681 -0.218959 -0.552742
v -1.330570 0.097368 -0.595525
v -1.338349 0.082339 -0.323273
v -1.299456 -0.218959 -0.296047
v -1.404467 -0.210500 -0.844440
v -1.365574 0.066981 -0.859999
v -0.750949 -0.461576 0.023891
v -0.737853 -0.456805 0.312942
v -1.043886 -0.500675 0.019452
v -1.340014 -0.548682 -0.065701
v -1.272231 -0.218959 -0.004348
v -1.338349 0.053291 -0.070467
v -1.245006 0.008252 0.232899
v -1.174998 -0.218959 0.267905
v -0.763167 -0.558880 0.582474
v -0.471031 -0.218959 0.715176
v -0.459363 0.072240 0.684061
v -0.128771 0.091882 0.726843
v -0.120992 -0.218959 0.761848
v -0.770508 -0.218959 0.645168
v -0.766619 0.043021 0.617943
v -1.003868 -0.218959 0.544047
v -1.038872 0.008080 0.509041
v -1.404467 -0.202041 -1.163364
v -1.377241 0.066106 -1.171145
v -0.221929 -0.053389 -1.001763
v -0.232635 -0.358031 -0.930616
v -0.537797 -0.050656 -1.132322
v -0.510823 -0.318704 -1.073925
v -0.628842 -0.298326 -1.415338
v -0.651510 -0.017543 -1.414496
v -1.400577 0.043021 -1.412282
v -1.330569 -0.202041 -1.412281
v 0.494549 -0.245447 1.664417
v 0.131044 -0.148400 2.134834
v 0.639951 -0.154877 1.852583
v 0.056795 -0.064675 2.068889
v 0.473166 -0.035859 2.305894
v -0.121271 -0.130630 1.595992
v 1.041026 -0.307992 0.998030
v 0.996291 -0.004146 0.994819
v 1.264757 0.068369 0.678655
v 1.231244 -0.220326 0.675124
v 0.828116 -0.392577 1.275254
v 0.751141 -0.080732 1.236764
v 0.584356 -0.252930 1.459144
v 0.539065 -0.133842 1.702380
v -0.114169 -0.064666 1.665565
v 0.447505 -0.340986 2.408532
v 0.131044 -0.148400 2.134834
v 0.473166 -0.035859 2.305894
v 0.639951 -0.154877 1.852583
v 1.046219 -0.301024 1.903903
v 1.007732 0.018680 1.873966
v 1.046219 -0.301024 1.903903
v 0.639951 -0.154877 1.852583
v 0.721203 -0.434824 1.844032
v 1.046219 -0.301024 1.903903
v 1.349852 -0.168223 2.096346
v 1.328471 0.091160 2.130558
v 1.007732 0.018680 1.873966
v 1.195899 0.040649 2.502614
v 1.204452 -0.254316 2.596699
v 0.879436 -0.007364 2.459850
v 0.866605 -0.282075 2.566764
v 0.879436 -0.007364 2.459850
v 0.447505 -0.340986 2.408532
v 0.473166 -0.035859 2.305894
v 0.447505 -0.340986 2.408532
v 0.879436 -0.007364 2.459850
v 0.866605 -0.282075 2.566764
v -0.032889 -0.207825 1.396261
v 0.076304 -0.263199 1.207476
v 0.205643 -0.215193 0.995100
v 0.306833 -0.218959 0.789073
v 0.357394 0.101027 0.816298
v 0.246513 0.021162 1.029390
v 0.092556 -0.034821 1.211105
v 0.014583 -0.046078 1.382518
v -1.397940 -0.317254 -2.287591
v -1.386589 -0.129921 -2.337401
v -1.634726 -0.120888 -2.189163
v -1.625972 -0.355168 -2.164453
v -1.905420 -0.117505 -2.082819
v -1.867685 -0.347672 -2.077801
v -1.828079 -0.016282 -1.670333
v -1.826640 -0.348638 -1.639981
v -1.999944 -0.353316 -1.831527
v -1.969871 -0.084546 -1.821793
v -1.531868 0.009031 -1.591934
v -1.484184 -0.317254 -1.621577
v 0.044224 -0.100717 -1.873353
v 0.029540 -0.356504 -1.881694
v -0.225856 -0.339681 -1.831527
v -0.249028 -0.102514 -1.802457
v -0.468413 -0.301499 -1.718835
v -0.542604 -0.061363 -1.661403
v 0.111632 -0.364851 -2.118846
v 0.137678 -0.117813 -2.134380
v -0.013782 -0.099850 -2.260059
v -0.070794 -0.365425 -2.246544
v -0.200690 -0.112627 -2.392184
v -0.234977 -0.375913 -2.383363
v -0.651510 -0.017543 -1.414496
v -0.628842 -0.298326 -1.415338
v -0.274808 -0.118839 -2.579091
v -0.303386 -0.387591 -2.565789
v -1.400577 0.043021 -1.412282
v -1.330569 -0.202041 -1.412281
v -1.265681 -0.317254 -2.524744
v -1.225461 -0.134500 -2.533976
v 1.288890 -0.179040 2.372485
v 1.349852 -0.168223 2.096346
v 1.204452 -0.254316 2.596699
v 1.252239 0.062115 2.344498
v 1.328471 0.091160 2.130558
v 1.195899 0.040649 2.502614
v 0.523416 0.015730 -7.039237
v 0.382087 0.036684 -7.437313
v 0.466884 -0.156003 -7.451446
v 0.462952 -0.243436 -7.037440
v 0.475334 -0.068931 -6.956132
v 0.523416 0.015730 -7.039237
v 1.044536 0.232621 -7.855730
v 0.438619 0.119359 -7.785925
v 0.688300 0.003765 -6.725956
v 0.655044 -0.027575 -6.706707
v 0.719628 -0.155334 -6.668293
v -0.502989 0.123989 -6.052779
v -1.065545 0.352892 -6.430359
v -0.892117 0.180216 -5.820252
v -0.349525 0.288990 -6.449976
v -0.947798 0.427140 -7.254330
v -2.075821 0.391837 -3.644749
v -1.437845 0.104436 -3.689545
v -1.485300 0.185467 -4.102400
v -1.712906 0.358523 -5.694723
v -1.342937 0.231629 -5.094196
v -1.129391 0.215508 -5.563997
v -0.232497 0.125267 -6.095489
v 0.037994 0.089109 -6.275815
v 1.926834 -0.650799 -6.108828
v 2.290001 -0.638298 -6.412126
v 1.830796 -0.662628 -6.412126
v 2.563570 -0.625255 -6.715005
v 2.739647 -0.566382 -6.335066
v 2.916432 -0.548949 -6.601107
v 1.012521 -0.115827 -2.869862
v 1.153130 -0.126390 -2.731809
v 1.104275 0.126846 -2.811355
v 0.538473 -0.137962 -3.098236
v 0.497505 0.015436 -2.963694
v 0.607998 -0.063400 -3.016961
v 0.145752 0.100211 -2.976722
v 0.261109 0.143283 -2.630746
v -0.071807 0.186169 -2.708838
v 0.129587 0.209360 -2.034785
v 0.544705 0.155102 -2.203298
v 1.220559 0.302500 -9.106348
v 1.166896 0.491916 -9.543052
v 0.621275 0.425909 -9.008638
v 2.979323 0.152705 -5.999195
v 2.594999 0.052736 -5.634414
v 3.097112 0.336974 -5.518922
v 2.340955 -0.018520 -4.956963
v 2.262787 0.010457 -4.514013
v 2.762904 0.289267 -4.693635
v 2.406095 -0.008812 -5.308716
v 2.145535 0.012274 -4.064551
v 1.995714 0.038418 -3.686742
v 2.496902 0.278675 -3.568244
v 1.391968 0.259034 -2.995313
v 1.505536 0.091930 -2.836030
v 1.937616 0.213612 -2.947573
v -0.763683 0.473274 -8.241057
v -0.349304 0.429079 -7.920811
v 0.021991 0.450814 -8.552663
v -0.531694 0.308931 -7.262902
v -0.147376 0.142043 -6.741781
v -0.505643 0.101776 -7.328037
v 0.054307 -0.044032 -6.752541
v -0.064645 -0.182478 -6.763873
v -0.147376 0.142043 -6.741781
v 0.185104 0.099440 -6.555798
v 0.338479 -0.155334 -6.512721
v 0.297769 -0.015496 -6.589289
v 2.073881 -0.344719 -3.699768
v 2.185202 -0.269843 -4.116668
v 1.949896 -0.351517 -4.218480
v 1.127056 -0.033622 -2.376911
v 1.477090 0.122464 -2.365465
v 1.450170 0.085193 -2.392997
v 1.477090 0.122464 -2.365465
v 1.490023 0.173977 -2.133427
v 1.708381 0.220650 -2.530608
v 1.017364 0.193112 -2.108766
v 0.809523 -0.005598 -2.386496
v 0.553885 0.011833 -2.571120
v 3.252907 -0.124269 -6.403055
v 2.719539 -0.172988 -6.151241
v 2.943154 -0.166804 -6.039904
v 0.819523 -0.211597 -6.635830
v 1.027490 -0.348469 -6.824886
v 1.018068 0.023121 -6.749511
v 1.460900 -0.346702 -6.725956
v 1.456189 0.041162 -6.641158
v 1.018068 0.023121 -6.749511
v 1.018068 0.023121 -6.749511
v 1.027490 -0.348469 -6.824886
v 1.460900 -0.346702 -6.725956
v 1.018068 0.023121 -6.749511
v 1.037930 0.193279 -7.287619
v 0.688300 0.003765 -6.725956
v 1.456189 0.041162 -6.641158
v 1.612647 0.204127 -7.155500
v 0.819523 -0.211597 -6.635830
v 0.688300 0.003765 -6.725956
v 0.719628 -0.155334 -6.668293
v 0.688300 0.003765 -6.725956
v 0.819523 -0.211597 -6.635830
v 1.018068 0.023121 -6.749511
v 1.579618 0.247629 -7.915183
v 0.466884 -0.156003 -7.451446
v 0.462952 -0.243436 -7.037440
v 0.523416 0.015730 -7.039237
v 0.523416 0.015730 -7.039237
v 0.475334 -0.068931 -6.956132
v 0.270538 -0.016663 -6.825644
v 0.270538 -0.016663 -6.825644
v 0.282747 0.129218 -6.847232
v 0.523416 0.015730 -7.039237
v 0.282747 0.129218 -6.847232
v 0.437474 0.118220 -6.694141
v 0.528127 -0.206644 -7.743526
v 0.627058 0.158125 -8.087427
v 0.697722 -0.223018 -7.997918
v 0.989803 0.152123 -8.370084
v 0.980381 -0.225329 -8.242888
v 1.314860 0.114646 -8.440749
v 1.328993 -0.247836 -8.355953
v 1.762403 0.118492 -8.398352
v 1.738848 -0.227563 -8.318266
v 2.106304 0.119513 -8.261734
v 2.101593 -0.214331 -8.205202
v 2.459628 0.125706 -7.941386
v 2.478471 -0.236119 -7.974362
v 2.619801 0.092871 -7.682282
v 2.671621 -0.276712 -7.691706
v 2.648067 0.027447 -7.182920
v 2.714020 -0.303340 -7.164076
v 2.591534 -0.003973 -6.721245
v 2.638644 -0.326255 -6.678845
v 2.094881 0.249999 -7.578280
v 2.121304 0.193432 -7.010170
v 1.809512 0.038685 -6.382055
v 2.313586 -0.004845 -6.415031
v 2.299454 -0.382236 -6.377344
v 1.847200 -0.358482 -6.443297
v 1.460900 -0.346702 -6.725956
v 0.437474 0.118220 -6.694141
v 0.452811 0.004474 -6.701525
v 0.655044 -0.027575 -6.706707
v 0.655044 -0.027575 -6.706707
v 0.688300 0.003765 -6.725956
v 0.437474 0.118220 -6.694141
v 0.308237 -0.206847 -6.444341
v 0.037994 0.089109 -6.275815
v 0.094483 -0.325799 -6.170201
v 0.094483 -0.325799 -6.170201
v -0.232497 0.125267 -6.095489
v -0.201040 -0.312238 -5.996365
v -0.232497 0.125267 -6.095489
v 0.094483 -0.325799 -6.170201
v 0.037994 0.089109 -6.275815
v -0.586958 -0.298204 -5.996365
v -0.201040 -0.312238 -5.996365
v -0.943737 -0.309700 -5.807736
v -1.229194 -0.229192 -5.522280
v -1.405658 -0.218560 -5.075931
v -1.461572 0.237615 -4.643383
v -1.525031 -0.215976 -4.650342
v -1.545791 -0.225671 -4.069048
v -1.434618 -0.268364 -3.624857
v -1.361918 0.006563 -3.248218
v -1.311956 -0.291686 -3.250414
v -1.211330 0.003619 -2.854182
v -1.186041 -0.313020 -2.867645
v -1.225461 -0.134500 -2.533976
v -1.265681 -0.317254 -2.524744
v 2.103356 -0.697900 -4.113034
v 2.010852 -0.697900 -3.750133
v 2.073881 -0.344719 -3.699768
v 2.073881 -0.344719 -3.699768
v 1.949896 -0.351517 -4.218480
v 2.103356 -0.697900 -4.113034
v 2.103356 -0.697900 -4.113034
v 1.949896 -0.351517 -4.218480
v 2.073848 -0.340799 -4.687030
v 2.073848 -0.340799 -4.687030
v 2.250923 -0.638272 -4.575314
v 2.103356 -0.697900 -4.113034
v -2.056203 0.323665 -4.713874
v -1.634439 0.299634 -2.722751
v 0.185104 0.099440 -6.555798
v 2.408465 -0.599310 -6.064991
v 1.926834 -0.650799 -6.108828
v 2.408465 -0.599310 -6.064991
v 2.290001 -0.638298 -6.412126
v 3.075865 -0.527471 -7.097056
v 2.622192 -0.594269 -7.135128
v 3.046928 -0.499294 -7.670901
v 2.606565 -0.557280 -7.633661
v 2.840586 -0.476760 -8.151521
v 2.426784 -0.536096 -7.906998
v 2.355290 -0.484436 -8.514926
v 2.104364 -0.529823 -8.131714
v 1.835531 -0.518721 -8.721203
v 1.752633 -0.526340 -8.258728
v 1.241486 -0.507129 -8.751057
v 1.352051 -0.506202 -8.297809
v 0.774185 -0.500907 -8.664637
v 1.039401 -0.487657 -8.268499
v 0.328302 -0.464478 -8.398964
v 0.687669 -0.441187 -8.063322
v 0.032676 -0.402244 -7.913675
v 0.482493 -0.391080 -7.799524
v -0.001385 -0.315526 -7.384171
v 0.414100 -0.325815 -7.457564
v 0.531359 -0.159149 -6.591448
v 0.736822 -0.105262 -6.257317
v 0.999656 -0.116708 -6.341593
v 0.719628 -0.155334 -6.668293
v 0.819523 -0.211597 -6.635830
v 1.058210 -0.181245 -6.378530
v 0.964760 -0.054383 -5.729856
v 1.233012 -0.074947 -5.828209
v 1.291920 -0.139319 -5.859788
v 1.279683 -0.030489 -5.252596
v 1.351596 -0.114249 -5.259879
v 1.031830 -0.021806 -5.216865
v 1.271904 -0.027956 -4.669205
v 1.335332 -0.102807 -4.674856
v 1.020450 -0.005128 -4.651604
v 1.264126 -0.048442 -4.148042
v 1.327748 -0.113470 -4.153005
v 0.986675 -0.013526 -4.172029
v 1.178561 -0.076835 -3.587987
v 1.240135 -0.149915 -3.584079
v 0.908844 -0.050628 -3.635870
v 0.829962 -0.088583 -3.103321
v 1.055424 -0.109018 -3.096640
v 1.133988 -0.148711 -3.182251
v 1.055424 -0.109018 -3.096640
v 1.012521 -0.115827 -2.869862
v 1.104275 0.126846 -2.811355
v 1.104275 0.126846 -2.811355
v 1.103303 0.186401 -3.074431
v 1.055424 -0.109018 -3.096640
v 1.103303 0.186401 -3.074431
v 1.448542 0.089485 -3.237280
v 1.133988 -0.148711 -3.182251
v 1.133988 -0.148711 -3.182251
v 1.055424 -0.109018 -3.096640
v 1.103303 0.186401 -3.074431
v 1.153130 -0.126390 -2.731809
v 1.499598 -0.154336 -2.762273
v 1.473486 0.068221 -2.815043
v 1.473486 0.068221 -2.815043
v 1.104275 0.126846 -2.811355
v 1.153130 -0.126390 -2.731809
v 1.471930 -0.161099 -2.435787
v 1.141072 -0.126390 -2.433291
v 1.127056 -0.033622 -2.376911
v 1.127056 -0.033622 -2.376911
v 1.450170 0.085193 -2.392997
v 1.471930 -0.161099 -2.435787
v 1.141072 -0.126390 -2.433291
v 0.834776 -0.095986 -2.410178
v 1.127056 -0.033622 -2.376911
v 0.595740 -0.073809 -2.594052
v 0.618505 -0.053039 -3.681329
v 0.607998 -0.063400 -3.016961
v 0.568139 -0.125238 -3.696921
v 0.538473 -0.137962 -3.098236
v -0.199488 -0.016291 -2.944153
v 0.538473 -0.137962 -3.098236
v 0.588468 -0.333925 -3.091616
v 0.227812 -0.346426 -2.882816
v 0.227812 -0.346426 -2.882816
v 0.145752 0.100211 -2.976722
v 0.538473 -0.137962 -3.098236
v 0.145752 0.100211 -2.976722
v 0.227812 -0.346426 -2.882816
v -0.090134 -0.362759 -2.873325
v -0.090134 -0.362759 -2.873325
v -0.199488 -0.016291 -2.944153
v 0.145752 0.100211 -2.976722
v 0.666869 -0.068806 -9.067259
v 0.621275 0.425909 -9.008638
v 0.021991 0.450814 -8.552663
v 0.021991 0.450814 -8.552663
v 0.048044 -0.034360 -8.682938
v 0.666869 -0.068806 -9.067259
v 1.266153 -0.079539 -9.171484
v 1.220559 0.302500 -9.106348
v 0.621275 0.425909 -9.008638
v 0.621275 0.425909 -9.008638
v 0.666869 -0.068806 -9.067259
v 1.266153 -0.079539 -9.171484
v 1.943607 0.272992 -9.073778
v 2.340033 0.532571 -9.611256
v 2.627572 0.305570 -8.800193
v 3.144859 0.597495 -9.311152
v 3.194286 0.421023 -8.298618
v 3.806453 0.597495 -8.710943
v 3.559067 0.460116 -7.705850
v 4.140660 0.597495 -7.940221
v 3.598149 0.296876 -7.080510
v 4.161121 0.440932 -6.883034
v 3.337591 0.238827 -6.409573
v 3.792810 0.345928 -6.166878
v 1.728642 0.051535 -3.419670
v 1.448542 0.089485 -3.237280
v 1.505536 0.091930 -2.836030
v 1.104275 0.126846 -2.811355
v 1.473486 0.068221 -2.815043
v 1.104275 0.126846 -2.811355
v 1.505536 0.091930 -2.836030
v 1.473486 0.068221 -2.815043
v 1.450170 0.085193 -2.392997
v 1.450170 0.085193 -2.392997
v 1.477090 0.122464 -2.365465
v 1.505536 0.091930 -2.836030
v 1.103303 0.186401 -3.074431
v 1.448542 0.089485 -3.237280
v 1.728642 0.051535 -3.419670
v 1.767726 -0.288437 -3.354531
v 1.767726 -0.288437 -3.354531
v 1.429000 -0.288597 -3.107000
v 1.448542 0.089485 -3.237280
v 1.429000 -0.288597 -3.107000
v 1.133988 -0.148711 -3.182251
v 1.448542 0.089485 -3.237280
v 1.728642 0.051535 -3.419670
v 1.995714 0.038418 -3.686742
v 2.073881 -0.344719 -3.699768
v 2.073881 -0.344719 -3.699768
v 1.767726 -0.288437 -3.354531
v 1.728642 0.051535 -3.419670
v 1.995714 0.038418 -3.686742
v 2.145535 0.012274 -4.064551
v 2.185202 -0.269843 -4.116668
v 2.185202 -0.269843 -4.116668
v 2.073881 -0.344719 -3.699768
v 1.995714 0.038418 -3.686742
v 2.145535 0.012274 -4.064551
v 2.262787 0.010457 -4.514013
v 2.303793 -0.264726 -4.565251
v 2.303793 -0.264726 -4.565251
v 2.185202 -0.269843 -4.116668
v 2.145535 0.012274 -4.064551
v 2.262787 0.010457 -4.514013
v 2.340955 -0.018520 -4.956963
v 2.293481 -0.255650 -4.967430
v 2.293481 -0.255650 -4.967430
v 2.303793 -0.264726 -4.565251
v 2.262787 0.010457 -4.514013
v 2.340955 -0.018520 -4.956963
v 2.406095 -0.008812 -5.308716
v 2.370823 -0.231042 -5.348982
v 2.370823 -0.231042 -5.348982
v 2.406095 -0.008812 -5.308716
v 2.594999 0.052736 -5.634414
v 2.551288 -0.192170 -5.653195
v 2.551288 -0.192170 -5.653195
v 2.370823 -0.231042 -5.348982
v 2.406095 -0.008812 -5.308716
v 2.594999 0.052736 -5.634414
v 2.979323 0.152705 -5.999195
v 2.943154 -0.166804 -6.039904
v 2.943154 -0.166804 -6.039904
v 2.551288 -0.192170 -5.653195
v 2.594999 0.052736 -5.634414
v 2.979323 0.152705 -5.999195
v 3.337591 0.238827 -6.409573
v 3.252907 -0.124269 -6.403055
v 2.943154 -0.166804 -6.039904
v 3.337591 0.238827 -6.409573
v 3.598149 0.296876 -7.080510
v 3.493924 -0.060068 -7.008852
v 3.493924 -0.060068 -7.008852
v 3.252907 -0.124269 -6.403055
v 3.337591 0.238827 -6.409573
v 3.598149 0.296876 -7.080510
v 3.559067 0.460116 -7.705850
v 3.506952 0.025348 -7.673275
v 3.506952 0.025348 -7.673275
v 3.493924 -0.060068 -7.008852
v 3.598149 0.296876 -7.080510
v 3.559067 0.460116 -7.705850
v 3.194286 0.421023 -8.298618
v 3.265935 0.031841 -8.285586
v 3.265935 0.031841 -8.285586
v 3.506952 0.025348 -7.673275
v 3.559067 0.460116 -7.705850
v 3.194286 0.421023 -8.298618
v 2.627572 0.305570 -8.800193
v 2.699222 -0.050740 -8.819729
v 2.699222 -0.050740 -8.819729
v 3.265935 0.031841 -8.285586
v 3.194286 0.421023 -8.298618
v 2.627572 0.305570 -8.800193
v 1.943607 0.272992 -9.073778
v 2.015257 -0.159268 -9.119371
v 2.015257 -0.159268 -9.119371
v 2.699222 -0.050740 -8.819729
v 2.627572 0.305570 -8.800193
v 1.943607 0.272992 -9.073778
v 1.220559 0.302500 -9.106348
v 1.266153 -0.079539 -9.171484
v 1.266153 -0.079539 -9.171484
v 2.015257 -0.159268 -9.119371
v 1.943607 0.272992 -9.073778
v 0.021991 0.450814 -8.552663
v -0.349304 0.429079 -7.920811
v -0.389110 0.055724 -7.980306
v -0.389110 0.055724 -7.980306
v 0.048044 -0.034360 -8.682938
v 0.021991 0.450814 -8.552663
v -0.389110 0.055724 -7.980306
v -0.064645 -0.182478 -6.763873
v -0.505643 0.101776 -7.328037
v -0.147376 0.142043 -6.741781
v -0.147376 0.142043 -6.741781
v 0.282747 0.129218 -6.847232
v 0.270538 -0.016663 -6.825644
v 0.270538 -0.016663 -6.825644
v 0.054307 -0.044032 -6.752541
v -0.147376 0.142043 -6.741781
v 0.437474 0.118220 -6.694141
v 0.185104 0.099440 -6.555798
v 0.297769 -0.015496 -6.589289
v 0.297769 -0.015496 -6.589289
v 0.452811 0.004474 -6.701525
v 0.437474 0.118220 -6.694141
v 0.447378 -0.126391 -6.193801
v 0.338479 -0.155334 -6.512721
v 0.308237 -0.206847 -6.444341
v 0.389118 -0.176997 -6.132021
v 0.185104 0.099440 -6.555798
v 0.037994 0.089109 -6.275815
v 0.308237 -0.206847 -6.444341
v 0.308237 -0.206847 -6.444341
v 0.338479 -0.155334 -6.512721
v 0.185104 0.099440 -6.555798
v 0.704070 -0.036469 -4.179157
v 0.652427 -0.102863 -4.188022
v 0.758520 -0.031437 -4.661427
v 0.701305 -0.086341 -4.666935
v 0.766299 -0.050250 -5.182589
v 0.698573 -0.121881 -5.184337
v 0.649620 -0.081408 -5.625967
v 0.576248 -0.130386 -5.597366
v 3.286576 -0.460181 -6.451212
v 2.865329 -0.486460 -6.043583
v 2.719539 -0.172988 -6.151241
v 2.719539 -0.172988 -6.151241
v 3.252907 -0.124269 -6.403055
v 3.286576 -0.460181 -6.451212
v 2.865329 -0.486460 -6.043583
v 2.475641 -0.530228 -5.659818
v 2.315674 -0.225329 -5.747377
v 2.315674 -0.225329 -5.747377
v 2.719539 -0.172988 -6.151241
v 2.865329 -0.486460 -6.043583
v 2.475641 -0.530228 -5.659818
v 2.270464 -0.575395 -5.347168
v 2.133283 -0.295633 -5.434708
v 2.133283 -0.295633 -5.434708
v 2.315674 -0.225329 -5.747377
v 2.475641 -0.530228 -5.659818
v 2.475641 -0.530228 -5.659818
v 1.879622 -0.665613 -5.542928
v 2.270464 -0.575395 -5.347168
v 1.842444 -0.672390 -5.148853
v 2.231383 -0.615829 -4.936815
v 2.270464 -0.575395 -5.347168
v 2.231383 -0.615829 -4.936815
v 2.113742 -0.327912 -5.037358
v 2.113742 -0.327912 -5.037358
v 2.133283 -0.295633 -5.434708
v 2.270464 -0.575395 -5.347168
v 2.231383 -0.615829 -4.936815
v 2.250923 -0.638272 -4.575314
v 2.073848 -0.340799 -4.687030
v 2.073848 -0.340799 -4.687030
v 2.113742 -0.327912 -5.037358
v 2.231383 -0.615829 -4.936815
v 2.303793 -0.264726 -4.565251
v 2.073848 -0.340799 -4.687030
v 1.490023 0.173977 -2.133427
v 1.477090 0.122464 -2.365465
v -0.071807 0.186169 -2.708838
v -0.199488 -0.016291 -2.944153
v -0.282969 -0.126746 -2.795166
v -0.274808 -0.118839 -2.579091
v 0.568139 -0.125238 -3.696921
v 0.588468 -0.333925 -3.091616
v 0.538473 -0.137962 -3.098236
v 2.315674 -0.225329 -5.747377
v 2.551288 -0.192170 -5.653195
v 2.133283 -0.295633 -5.434708
v 2.370823 -0.231042 -5.348982
v -0.090134 -0.362759 -2.873325
v -0.272132 -0.375544 -2.754971
v -0.303386 -0.387591 -2.565789
v 2.113742 -0.327912 -5.037358
v 2.293481 -0.255650 -4.967430
v -0.071807 0.186169 -2.708838
v -0.274808 -0.118839 -2.579091
v -0.200690 -0.112627 -2.392184
v -1.225461 -0.134500 -2.533976
v -1.634439 0.299634 -2.722751
v -1.386589 -0.129921 -2.337401
v -1.634726 -0.120888 -2.189163
v -2.096977 0.121527 -1.169155
v -1.531868 0.009031 -1.591934
v -1.828079 -0.016282 -1.670333
v -1.400577 0.043021 -1.412282
v -1.377241 0.066106 -1.171145
v -1.365574 0.066981 -0.859999
v -1.330570 0.097368 -0.595525
v -0.013782 -0.099850 -2.260059
v 0.134527 0.045716 -2.404283
v 0.306130 -0.132405 -2.054146
v 0.137678 -0.117813 -2.134380
v -2.250894 0.191758 -2.404588
v -1.905420 -0.117505 -2.082819
v -2.536216 0.089525 -1.712683
v -1.969871 -0.084546 -1.821793
v -0.508103 -0.698019 -6.005817
v -0.312645 -0.698019 -5.855644
v -0.118782 -0.698019 -5.706698
v 0.075377 -0.698019 -5.557525
v -0.088285 -0.698019 -4.853069
v -0.309733 -0.698019 -4.873201
v -0.298265 -0.698019 -4.784015
v -0.275358 -0.698019 -4.952493
v -0.242706 -0.698019 -4.563914
v -0.155507 -0.698019 -4.377768
v -0.024244 -0.698019 -4.582672
v 1.163821 -0.698019 -4.676228
v 1.178313 -0.698019 -4.902878
v 0.815411 -0.698019 -4.739217
v 1.811687 -0.698018 -4.559100
v 2.074893 -0.698018 -4.511514
v 1.897000 -0.698018 -4.796143
v 0.405066 -0.698018 -3.094342
v 0.210574 -0.698018 -2.924710
v 0.559244 -0.698018 -2.924710
v -0.376595 -0.698019 -4.326749
v -0.315979 -0.698019 -4.127268
v -0.735658 -0.698019 -4.266397
v -0.977742 -0.698019 -4.084574
v -0.593492 -0.698019 -4.027648
v -0.679411 -0.698019 -5.641887
v -0.370184 -0.698019 -5.450457
v -0.452578 -0.698019 -4.495091
v 0.786176 -0.698018 -3.190868
v 0.517405 -0.698018 -3.306553
v 0.342268 -0.698019 -3.604390
v 0.490309 -0.698019 -3.669575
v 0.478020 -0.698019 -3.983873
v 0.595577 -0.698019 -4.128025
v 0.311738 -0.698019 -4.162611
v 0.865709 -0.698019 -4.295390
v 0.872904 -0.698019 -4.415154
v 1.244347 -0.698018 -4.323951
v 1.539911 -0.698018 -4.251380
v 1.542143 -0.698019 -4.685613
v 0.609507 -0.698019 -3.842537
v 0.716980 -0.698018 -3.559199
v 0.585741 -0.698018 -3.440754
v 0.753499 -0.698018 -3.364810
v 1.330985 -0.698018 -3.746517
v 1.340597 -0.698018 -3.856121
v 1.117563 -0.698018 -3.891389
v 1.151578 -0.698018 -4.123790
v 0.853765 -0.698019 -4.096566
v -0.161999 -0.698019 -5.321579
v -0.002896 -0.698019 -5.223085
v 0.114455 -0.698019 -4.275384
v 0.239038 -0.698019 -4.468820
v 0.509435 -0.698019 -4.504399
v 1.548330 -0.698018 -4.917109
v 1.862408 -0.698018 -4.172195
v 2.103356 -0.698018 -4.113034
v 1.753387 -0.698018 -3.790846
v 2.010852 -0.698018 -3.750133
v 1.592574 -0.698018 -3.568949
v 1.797380 -0.698018 -3.429925
v 1.289267 -0.698018 -3.336065
v 1.434478 -0.698018 -3.166644
v 1.000419 -0.698018 -3.010098
v 0.284569 -0.698019 -3.371972
v 0.039806 -0.698019 -3.408581
v 0.089616 -0.698019 -3.778598
v -0.031351 -0.698019 -4.048995
v -0.873549 -0.698019 -4.604871
v -1.148518 -0.698019 -4.504401
v -0.915232 -0.698019 -4.926049
v -1.184097 -0.698019 -4.952692
v -0.862871 -0.698019 -5.264743
v -1.105824 -0.698020 -5.393866
v -0.899468 -0.698020 -5.778114
v -0.561157 -0.698019 -5.104389
v -0.584103 -0.698019 -4.898145
v -0.534854 -0.698019 -4.706210
v 1.180225 -0.698018 -3.463287
v 1.039400 -0.698018 -3.627591
v 1.970454 -0.533063 1.911828
v 1.939555 -0.507757 1.912129
v 1.911488 -0.506713 2.138147
v 1.748427 -0.508306 2.031991
v 1.755367 -0.638296 2.008101
v 1.587831 -0.606179 1.844489
v 1.748427 -0.508306 2.031991
v 1.756743 -0.507757 1.854399
v 1.720604 -0.527926 1.853040
v 3.256393 -0.407416 1.758454
v 3.169472 -0.407416 1.306307
v 3.344190 -0.407416 1.106246
v 3.118428 -0.496068 1.118787
v 3.169472 -0.407416 1.306307
v 3.118428 -0.496068 1.118787
v 3.101704 -0.494889 1.570315
v 3.005544 -0.431940 0.830311
v 2.767023 -0.479960 0.699795
v 2.817536 -0.478635 0.862997
v 2.909970 -0.467325 0.472675
v 2.767023 -0.479960 0.699795
v 3.005544 -0.431940 0.830311
v 2.795888 -0.461525 0.863364
v 2.817536 -0.478635 0.862997
v 2.767023 -0.479960 0.699795
v 2.007898 -0.473890 1.520615
v 1.969411 -0.478511 1.583156
v 2.008722 -0.507487 1.560581
v 1.889597 -0.638296 2.122355
v 1.684345 -0.638296 2.308757
v 2.060542 -0.740720 2.323543
v 1.843527 -0.638296 2.573855
v 2.060542 -0.740720 2.323543
v 1.684345 -0.638296 2.308757
v 2.621130 -0.496195 0.879030
v 2.641941 -0.466671 0.877797
v 2.646752 -0.479960 0.699795
v 1.749060 -0.676977 1.616634
v 1.483347 -0.580461 1.641182
v 1.587831 -0.606179 1.844489
v 1.822990 -0.675029 1.303315
v 1.646681 -0.486530 1.081017
v 1.509608 -0.532438 1.392390
v 2.369058 -0.735435 1.022366
v 2.489982 -0.584499 0.821698
v 2.178066 -0.551985 0.841546
v 2.798151 -0.496992 0.866702
v 2.609056 -0.751427 1.033105
v 2.909387 -0.544821 0.867937
v 2.860212 -0.690275 1.419946
v 3.018087 -0.489273 1.904782
v 3.101704 -0.494889 1.570315
v 2.060542 -0.740720 2.323543
v 1.843527 -0.638296 2.573855
v 2.232092 -0.613012 2.494277
v 2.642668 -0.523389 0.880626
v 2.609056 -0.751427 1.033105
v 2.798151 -0.496992 0.866702
v 2.355037 -0.677151 1.318340
v 2.487625 -0.752478 1.405983
v 2.609056 -0.751427 1.033105
v 2.369058 -0.735435 1.022366
v 2.013093 -0.695045 1.113212
v 1.822990 -0.675029 1.303315
v 2.369058 -0.735435 1.022366
v 1.822990 -0.675029 1.303315
v 2.098094 -0.761153 1.347912
v 2.098094 -0.761153 1.347912
v 1.882837 -0.671270 1.789135
v 2.115185 -0.743994 1.591990
v 1.882837 -0.671270 1.789135
v 2.153910 -0.743608 1.926433
v 2.115185 -0.743994 1.591990
v 2.153910 -0.743608 1.926433
v 2.417943 -0.782219 1.683523
v 2.115185 -0.743994 1.591990
v 1.262836 -0.466454 2.347580
v 1.461677 -0.455560 2.397458
v 1.496537 -0.462699 2.240335
v 1.496537 -0.462699 2.240335
v 1.294223 -0.477446 2.143400
v 1.262836 -0.466454 2.347580
v 1.204419 -0.453575 2.558221
v 1.449065 -0.422549 2.575485
v 1.461677 -0.455560 2.397458
v 1.461677 -0.455560 2.397458
v 1.262836 -0.466454 2.347580
v 1.204419 -0.453575 2.558221
v 1.461677 -0.455560 2.397458
v 1.713587 -0.482457 2.337882
v 1.633900 -0.490536 2.197878
v 1.633900 -0.490536 2.197878
v 1.496537 -0.462699 2.240335
v 1.461677 -0.455560 2.397458
v 1.713587 -0.482457 2.337882
v 1.911488 -0.506713 2.138147
v 1.748427 -0.508306 2.031991
v 1.748427 -0.508306 2.031991
v 1.633900 -0.490536 2.197878
v 1.713587 -0.482457 2.337882
v 1.889597 -0.638296 2.122355
v 1.755367 -0.638296 2.008101
v 1.748427 -0.508306 2.031991
v 1.911488 -0.506713 2.138147
v 1.939555 -0.507757 1.912129
v 1.748427 -0.508306 2.031991
v 1.756743 -0.507757 1.854399
v 1.748427 -0.508306 2.031991
v 1.939555 -0.507757 1.912129
v 1.970454 -0.533063 1.911828
v 1.889597 -0.638296 2.122355
v 1.941835 -0.566785 1.913308
v 2.194462 -0.463246 2.527725
v 2.545652 -0.472502 2.448290
v 2.520569 -0.569714 2.368853
v 2.859214 -0.478780 2.306142
v 2.859216 -0.550290 2.172354
v 3.114244 -0.431161 2.059473
v 3.018087 -0.489273 1.904782
v 3.101704 -0.494889 1.570315
v 3.306563 -0.407416 1.449073
v 3.169472 -0.407416 1.306307
v 3.344190 -0.407416 1.106246
v 3.231308 -0.432058 0.893023
v 2.909387 -0.544821 0.867937
v 2.909387 -0.544821 0.867937
v 3.118428 -0.496068 1.118787
v 3.344190 -0.407416 1.106246
v 2.767023 -0.479960 0.699795
v 2.646752 -0.479960 0.699795
v 2.641941 -0.466671 0.877797
v 2.641941 -0.466671 0.877797
v 2.795888 -0.461525 0.863364
v 2.767023 -0.479960 0.699795
v 2.767023 -0.479960 0.699795
v 2.634745 -0.490232 0.514097
v 2.646752 -0.479960 0.699795
v 2.634745 -0.490232 0.514097
v 2.767023 -0.479960 0.699795
v 2.909970 -0.467325 0.472675
v 2.817536 -0.478635 0.862997
v 2.793486 -0.467973 1.052722
v 2.774944 -0.489432 1.040750
v 2.798151 -0.496992 0.866702
v 2.795888 -0.461525 0.863364
v 2.771834 -0.447473 1.046176
v 2.793486 -0.467973 1.052722
v 2.793486 -0.467973 1.052722
v 2.817536 -0.478635 0.862997
v 2.795888 -0.461525 0.863364
v 2.679692 -0.472798 1.246762
v 2.669726 -0.499573 1.226145
v 2.771834 -0.447473 1.046176
v 2.664697 -0.441825 1.228224
v 2.679692 -0.472798 1.246762
v 2.679692 -0.472798 1.246762
v 2.793486 -0.467973 1.052722
v 2.771834 -0.447473 1.046176
v 2.495900 -0.471840 1.365618
v 2.494299 -0.495418 1.338885
v 2.664697 -0.441825 1.228224
v 2.494768 -0.446983 1.344695
v 2.495900 -0.471840 1.365618
v 2.495900 -0.471840 1.365618
v 2.679692 -0.472798 1.246762
v 2.664697 -0.441825 1.228224
v 2.494768 -0.446983 1.344695
v 2.306128 -0.456466 1.411452
v 2.308897 -0.489330 1.432097
v 2.308897 -0.489330 1.432097
v 2.495900 -0.471840 1.365618
v 2.494768 -0.446983 1.344695
v 2.308897 -0.489330 1.432097
v 2.318895 -0.509842 1.408248
v 2.145739 -0.496195 1.470294
v 2.141457 -0.522768 1.444479
v 2.306128 -0.456466 1.411452
v 2.138659 -0.466543 1.451529
v 2.145739 -0.496195 1.470294
v 2.145739 -0.496195 1.470294
v 2.308897 -0.489330 1.432097
v 2.306128 -0.456466 1.411452
v 2.008722 -0.507487 1.560581
v 1.984597 -0.539258 1.548659
v 2.138659 -0.466543 1.451529
v 2.007898 -0.473890 1.520615
v 2.008722 -0.507487 1.560581
v 2.008722 -0.507487 1.560581
v 2.145739 -0.496195 1.470294
v 2.138659 -0.466543 1.451529
v 1.969117 -0.526633 1.699389
v 1.944156 -0.558858 1.697489
v 1.969411 -0.478511 1.583156
v 1.939556 -0.495627 1.700452
v 1.969117 -0.526633 1.699389
v 1.969117 -0.526633 1.699389
v 2.008722 -0.507487 1.560581
v 1.969411 -0.478511 1.583156
v 1.970454 -0.533063 1.911828
v 1.941835 -0.566785 1.913308
v 1.939556 -0.495627 1.700452
v 1.939555 -0.507757 1.912129
v 1.970454 -0.533063 1.911828
v 1.970454 -0.533063 1.911828
v 1.969117 -0.526633 1.699389
v 1.939556 -0.495627 1.700452
v 2.153910 -0.743608 1.926433
v 2.060542 -0.740720 2.323543
v 2.372326 -0.726128 2.098365
v 2.060542 -0.740720 2.323543
v 2.153910 -0.743608 1.926433
v 1.889597 -0.638296 2.122355
v 1.889597 -0.638296 2.122355
v 1.882837 -0.671270 1.789135
v 1.755367 -0.638296 2.008101
v 1.882837 -0.671270 1.789135
v 1.889597 -0.638296 2.122355
v 2.153910 -0.743608 1.926433
v 1.684345 -0.638296 2.308757
v 1.483071 -0.638296 2.408175
v 1.457965 -0.638296 2.574729
v 1.843527 -0.638296 2.573855
v 1.756743 -0.507757 1.854399
v 1.939556 -0.495627 1.700452
v 1.747121 -0.479173 1.666776
v 1.939556 -0.495627 1.700452
v 1.756743 -0.507757 1.854399
v 1.939555 -0.507757 1.912129
v 1.747121 -0.479173 1.666776
v 1.969411 -0.478511 1.583156
v 1.785608 -0.460792 1.459909
v 1.969411 -0.478511 1.583156
v 1.747121 -0.479173 1.666776
v 1.939556 -0.495627 1.700452
v 1.785608 -0.460792 1.459909
v 2.007898 -0.473890 1.520615
v 1.929934 -0.446358 1.305962
v 2.007898 -0.473890 1.520615
v 1.929934 -0.446358 1.305962
v 2.138659 -0.466543 1.451529
v 2.112746 -0.444332 1.228988
v 2.138659 -0.466543 1.451529
v 1.929934 -0.446358 1.305962
v 2.007898 -0.473890 1.520615
v 2.112746 -0.444332 1.228988
v 2.306128 -0.456466 1.411452
v 2.305181 -0.450301 1.200123
v 2.306128 -0.456466 1.411452
v 2.112746 -0.444332 1.228988
v 2.138659 -0.466543 1.451529
v 2.305181 -0.450301 1.200123
v 2.494768 -0.446983 1.344695
v 2.487993 -0.455390 1.137582
v 2.494768 -0.446983 1.344695
v 2.305181 -0.450301 1.200123
v 2.306128 -0.456466 1.411452
v 2.487993 -0.455390 1.137582
v 2.664697 -0.441825 1.228224
v 2.556439 -0.456627 1.091410
v 2.664697 -0.441825 1.228224
v 2.487993 -0.455390 1.137582
v 2.494768 -0.446983 1.344695
v 2.556439 -0.456627 1.091410
v 2.771834 -0.447473 1.046176
v 2.598643 -0.458880 1.022122
v 2.771834 -0.447473 1.046176
v 2.556439 -0.456627 1.091410
v 2.664697 -0.441825 1.228224
v 2.771834 -0.447473 1.046176
v 2.795888 -0.461525 0.863364
v 2.641941 -0.466671 0.877797
v 2.641941 -0.466671 0.877797
v 2.598643 -0.458880 1.022122
v 2.771834 -0.447473 1.046176
v 2.621130 -0.496195 0.879030
v 2.579711 -0.487397 1.017983
v 2.598643 -0.458880 1.022122
v 2.598643 -0.458880 1.022122
v 2.641941 -0.466671 0.877797
v 2.621130 -0.496195 0.879030
v 2.579711 -0.487397 1.017983
v 2.542301 -0.485488 1.071427
v 2.556439 -0.456627 1.091410
v 2.556439 -0.456627 1.091410
v 2.598643 -0.458880 1.022122
v 2.579711 -0.487397 1.017983
v 2.542301 -0.485488 1.071427
v 2.480840 -0.484041 1.115519
v 2.487993 -0.455390 1.137582
v 2.487993 -0.455390 1.137582
v 2.556439 -0.456627 1.091410
v 2.542301 -0.485488 1.071427
v 2.480840 -0.484041 1.115519
v 2.301804 -0.475200 1.175642
v 2.305181 -0.450301 1.200123
v 2.305181 -0.450301 1.200123
v 2.487993 -0.455390 1.137582
v 2.480840 -0.484041 1.115519
v 2.301804 -0.475200 1.175642
v 2.106734 -0.468494 1.206372
v 2.112746 -0.444332 1.228988
v 2.112746 -0.444332 1.228988
v 2.305181 -0.450301 1.200123
v 2.301804 -0.475200 1.175642
v 2.106734 -0.468494 1.206372
v 1.914338 -0.470993 1.285202
v 1.929934 -0.446358 1.305962
v 1.929934 -0.446358 1.305962
v 2.112746 -0.444332 1.228988
v 2.106734 -0.468494 1.206372
v 1.914338 -0.470993 1.285202
v 1.762023 -0.484348 1.442859
v 1.785608 -0.460792 1.459909
v 1.785608 -0.460792 1.459909
v 1.929934 -0.446358 1.305962
v 1.914338 -0.470993 1.285202
v 1.762023 -0.484348 1.442859
v 1.709916 -0.496413 1.661979
v 1.747121 -0.479173 1.666776
v 1.747121 -0.479173 1.666776
v 1.785608 -0.460792 1.459909
v 1.762023 -0.484348 1.442859
v 1.709916 -0.496413 1.661979
v 1.720604 -0.527926 1.853040
v 1.756743 -0.507757 1.854399
v 1.756743 -0.507757 1.854399
v 1.747121 -0.479173 1.666776
v 1.709916 -0.496413 1.661979
v 1.755367 -0.638296 2.008101
v 1.749060 -0.676977 1.616634
v 1.587831 -0.606179 1.844489
v 1.749060 -0.676977 1.616634
v 1.749060 -0.676977 1.616634
v 1.822990 -0.675029 1.303315
v 1.509608 -0.532438 1.392390
v 1.509608 -0.532438 1.392390
v 1.483347 -0.580461 1.641182
v 1.749060 -0.676977 1.616634
v 1.822990 -0.675029 1.303315
v 2.013093 -0.695045 1.113212
v 1.874658 -0.516509 0.878409
v 1.874658 -0.516509 0.878409
v 1.646681 -0.486530 1.081017
v 1.822990 -0.675029 1.303315
v 2.013093 -0.695045 1.113212
v 2.369058 -0.735435 1.022366
v 2.178066 -0.551985 0.841546
v 2.178066 -0.551985 0.841546
v 1.874658 -0.516509 0.878409
v 2.013093 -0.695045 1.113212
v 2.489982 -0.584499 0.821698
v 2.369058 -0.735435 1.022366
v 2.609056 -0.751427 1.033105
v 2.609056 -0.751427 1.033105
v 2.642668 -0.523389 0.880626
v 2.489982 -0.584499 0.821698
v 2.609056 -0.751427 1.033105
v 2.832309 -0.683381 1.129335
v 3.118428 -0.496068 1.118787
v 3.118428 -0.496068 1.118787
v 2.909387 -0.544821 0.867937
v 2.609056 -0.751427 1.033105
v 2.832309 -0.683381 1.129335
v 2.860212 -0.690275 1.419946
v 3.101704 -0.494889 1.570315
v 3.101704 -0.494889 1.570315
v 3.118428 -0.496068 1.118787
v 2.832309 -0.683381 1.129335
v 2.860212 -0.690275 1.419946
v 2.692212 -0.738825 1.845262
v 2.859216 -0.550290 2.172354
v 2.859216 -0.550290 2.172354
v 3.018087 -0.489273 1.904782
v 2.860212 -0.690275 1.419946
v 2.692212 -0.738825 1.845262
v 2.372326 -0.726128 2.098365
v 2.520569 -0.569714 2.368853
v 2.060542 -0.740720 2.323543
v 2.232092 -0.613012 2.494277
v 2.060542 -0.740720 2.323543
v 2.520569 -0.569714 2.368853
v 2.372326 -0.726128 2.098365
v 2.621130 -0.496195 0.879030
v 2.642668 -0.523389 0.880626
v 2.598576 -0.519865 1.022184
v 2.579711 -0.487397 1.017983
v 2.559125 -0.513678 1.094125
v 2.542301 -0.485488 1.071427
v 2.494147 -0.509216 1.135896
v 2.480840 -0.484041 1.115519
v 2.306176 -0.501919 1.198553
v 2.301804 -0.475200 1.175642
v 2.118204 -0.498215 1.231042
v 2.106734 -0.468494 1.206372
v 1.930232 -0.499691 1.307623
v 1.914338 -0.470993 1.285202
v 1.784032 -0.510935 1.467746
v 1.762023 -0.484348 1.442859
v 1.742260 -0.530134 1.669641
v 1.709916 -0.496413 1.661979
v 1.758505 -0.566785 1.855293
v 1.720604 -0.527926 1.853040
v 2.290010 -0.685461 1.303232
v 2.330105 -0.692193 1.259248
v 2.369058 -0.735435 1.022366
v 2.369058 -0.735435 1.022366
v 2.098094 -0.761153 1.347912
v 2.290010 -0.685461 1.303232
v 2.290010 -0.685461 1.303232
v 2.098094 -0.761153 1.347912
v 2.487625 -0.752478 1.405983
v 2.487625 -0.752478 1.405983
v 2.355037 -0.677151 1.318340
v 2.290010 -0.685461 1.303232
v 2.609056 -0.751427 1.033105
v 2.369058 -0.735435 1.022366
v 2.330105 -0.692193 1.259248
v 2.330105 -0.692193 1.259248
v 2.355037 -0.677151 1.318340
v 2.609056 -0.751427 1.033105
v 2.860212 -0.690275 1.419946
v 2.832309 -0.683381 1.129335
v 2.609056 -0.751427 1.033105
v 2.609056 -0.751427 1.033105
v 2.487625 -0.752478 1.405983
v 2.860212 -0.690275 1.419946
v 2.487625 -0.752478 1.405983
v 2.115185 -0.743994 1.591990
v 2.417943 -0.782219 1.683523
v 2.115185 -0.743994 1.591990
v 2.487625 -0.752478 1.405983
v 2.098094 -0.761153 1.347912
v 2.487625 -0.752478 1.405983
v 2.417943 -0.782219 1.683523
v 2.692212 -0.738825 1.845262
v 2.692212 -0.738825 1.845262
v 2.860212 -0.690275 1.419946
v 2.487625 -0.752478 1.405983
v 2.098094 -0.761153 1.347912
v 1.749060 -0.676977 1.616634
v 1.882837 -0.671270 1.789135
v 1.749060 -0.676977 1.616634
v 2.098094 -0.761153 1.347912
v 1.822990 -0.675029 1.303315
v -1.105824 -0.697901 -5.393865
v -0.899468 -0.697901 -5.778113
v -1.178459 -0.605941 -5.562110
v -0.508103 -0.697901 -6.005816
v -0.377710 -0.723576 -5.849885
v -0.195011 -0.697901 -6.041395
v -0.209375 -0.723576 -5.634072
v 0.075377 -0.697901 -5.557524
v 0.046923 -0.697901 -5.849270
v 0.239038 -0.697901 -4.468819
v 0.509435 -0.697901 -4.504398
v 0.251265 -0.657304 -4.769639
v 1.771793 -0.723575 -4.378037
v 2.074894 -0.697900 -4.511513
v 1.897001 -0.697900 -4.796142
v 2.074894 -0.697900 -4.511513
v 2.103356 -0.697900 -4.113033
v 2.250923 -0.638272 -4.575314
v 2.103356 -0.697900 -4.113033
v 0.420800 -0.723575 -3.268759
v 0.210574 -0.697900 -2.924709
v 0.559244 -0.697900 -2.924709
v 0.039806 -0.697901 -3.408581
v -0.375897 -0.649768 -3.175169
v -0.462497 -0.660915 -3.572581
v -0.977742 -0.697901 -4.084573
v -1.148518 -0.697901 -4.504400
v -1.153986 -0.638299 -4.093056
v 0.039806 -0.697901 -3.408581
v -0.209695 -0.667199 -3.810512
v 0.089616 -0.697901 -3.778597
v -0.593493 -0.697901 -4.027647
v -0.315979 -0.697901 -4.127267
v 0.390587 -0.742078 -3.519102
v 0.248148 -0.765031 -3.851455
v 0.089616 -0.697901 -3.778597
v -0.330232 -0.770372 -4.308979
v -0.593493 -0.697901 -4.027647
v -0.315979 -0.697901 -4.127267
v 0.489197 -0.671372 -5.780849
v 0.347925 -0.671392 -5.230631
v -0.714379 -0.723576 -5.577960
v -0.800704 -0.723576 -5.336250
v -0.330231 -0.729152 -5.275823
v -0.387757 -0.783614 -4.457215
v -0.185176 -0.834258 -4.407550
v -0.192111 -0.783458 -4.550690
v 0.853765 -0.697900 -4.096565
v 1.025077 -0.753155 -4.447099
v 0.558920 -0.739845 -4.382356
v 1.383334 -0.723575 -4.188130
v 1.560296 -0.723575 -4.567954
v 1.297002 -0.733437 -4.593852
v 0.425124 -0.760636 -4.106122
v 0.036651 -0.814041 -4.201072
v 1.117563 -0.697900 -3.891388
v 0.489197 -0.655378 -4.948088
v 1.054285 -0.638298 -5.342162
v 1.455795 -0.679347 -5.267808
v 0.823789 -0.649840 -5.104230
v 1.842444 -0.672390 -5.148852
v -1.064762 -0.638298 -3.698982
v -1.579042 -0.546751 -4.643703
v -1.184097 -0.697901 -4.952691
v -1.432487 -0.567467 -5.122447
v -0.899468 -0.697901 -5.778113
v -1.105824 -0.697901 -5.393865
v -0.002896 -0.697901 -5.223084
v 0.075377 -0.697901 -5.557524
v -0.002896 -0.697901 -5.223084
v 0.310759 -0.659803 -6.018790
v 0.046923 -0.697901 -5.849270
v -0.088285 -0.697901 -4.853068
v -0.386343 -0.763217 -4.917572
v -0.088285 -0.697901 -4.853068
v -0.024244 -0.697901 -4.582671
v -0.024244 -0.697901 -4.582671
v 0.217935 -0.765207 -4.378039
v 0.239038 -0.697901 -4.468819
v 0.509435 -0.697901 -4.504398
v 0.815411 -0.697901 -4.739216
v 0.815411 -0.697901 -4.739216
v 1.178313 -0.697901 -4.902877
v 1.178313 -0.697901 -4.902877
v 1.548331 -0.697900 -4.917109
v 1.548331 -0.697900 -4.917109
v 1.897001 -0.697900 -4.796142
v 2.231383 -0.615829 -4.936815
v 1.707049 -0.723575 -3.963677
v 2.010852 -0.697900 -3.750132
v 1.543031 -0.723575 -3.700385
v 1.797380 -0.697900 -3.429924
v 1.189096 -0.723575 -3.441409
v 1.434478 -0.697900 -3.166643
v 0.800632 -0.723575 -3.298972
v 1.000419 -0.697900 -3.010098
v -0.130980 -0.638298 -2.924709
v 0.210574 -0.697900 -2.924709
v -0.783439 -0.766729 -4.598169
v -0.856816 -0.744589 -4.960735
v -1.184097 -0.697901 -4.952691
v -1.148518 -0.697901 -4.504400
v -0.977742 -0.697901 -4.084573
v -0.662584 -0.752078 -4.425518
v -0.031351 -0.697901 -4.048995
v 0.062371 -0.637564 -6.197180
v -0.195011 -0.697901 -6.041395
v -0.031351 -0.697901 -4.048995
v 0.117700 -0.804691 -4.297377
v 0.439413 -0.746464 -4.243625
v 1.039400 -0.697900 -3.627590
v 0.716980 -0.697900 -3.559198
v 0.609507 -0.697901 -3.842536
v 3.539369 -0.166565 -2.111225
v 3.549287 -0.166565 -2.131974
v 3.541564 -0.129576 -2.123194
v 3.536621 -0.115188 -2.128601
v 3.541564 -0.129576 -2.123194
v 3.535573 -0.126048 -2.136818
v 3.535573 -0.126048 -2.136818
v 3.527420 -0.126048 -2.125422
v 3.536621 -0.115188 -2.128601
v 3.536621 -0.115188 -2.128601
v 3.527420 -0.126048 -2.125422
v 3.541564 -0.129576 -2.123194
v 3.506961 -0.182174 -2.121139
v 3.541657 -0.182174 -2.094305
v 3.539369 -0.166565 -2.111225
v 3.539369 -0.166565 -2.111225
v 3.518309 -0.166565 -2.124180
v 3.506961 -0.182174 -2.121139
v 3.506961 -0.182174 -2.121139
v 3.518309 -0.166565 -2.124180
v 3.535018 -0.166565 -2.148138
v 3.535018 -0.166565 -2.148138
v 3.530995 -0.182174 -2.160381
v 3.506961 -0.182174 -2.121139
v 3.541657 -0.182174 -2.094305
v 3.560438 -0.182173 -2.137705
v 3.549287 -0.166565 -2.131974
v 3.549287 -0.166565 -2.131974
v 3.539369 -0.166565 -2.111225
v 3.541657 -0.182174 -2.094305
v 3.560438 -0.182173 -2.137705
v 3.530995 -0.182174 -2.160381
v 3.535018 -0.166565 -2.148138
v 3.535018 -0.166565 -2.148138
v 3.549287 -0.166565 -2.131974
v 3.560438 -0.182173 -2.137705
v 3.518309 -0.166565 -2.124180
v 3.539369 -0.166565 -2.111225
v 3.541564 -0.129576 -2.123194
v 3.541564 -0.129576 -2.123194
v 3.527420 -0.126048 -2.125422
v 3.518309 -0.166565 -2.124180
v 3.518309 -0.166565 -2.124180
v 3.527420 -0.126048 -2.125422
v 3.535573 -0.126048 -2.136818
v 3.535573 -0.126048 -2.136818
v 3.535018 -0.166565 -2.148138
v 3.518309 -0.166565 -2.124180
v 3.549287 -0.166565 -2.131974
v 3.535018 -0.166565 -2.148138
v 3.535573 -0.126048 -2.136818
v 3.535573 -0.126048 -2.136818
v 3.541564 -0.129576 -2.123194
v 3.549287 -0.166565 -2.131974
v 3.716250 0.321324 -1.991888
v 3.716250 0.321324 -2.661608
v 4.385971 0.321324 -1.991888
v 4.385971 0.321324 -2.661608
v 1.739961 -0.335225 1.969469
v 1.777041 -0.354566 2.048172
v 1.748427 -0.508306 2.031991
v 3.139330 -0.285927 1.833709
v 3.135149 -0.276543 1.591221
v 3.256393 -0.407416 1.758454
v 3.231308 -0.432058 0.893023
v 3.005544 -0.431940 0.830311
v 2.909387 -0.544821 0.867937
v 3.227128 -0.297269 0.989183
v 3.252212 -0.316646 0.859577
v 3.231308 -0.432058 0.893023
v 2.646752 -0.479960 0.699795
v 2.506784 -0.312528 0.770957
v 2.489982 -0.584499 0.821698
v 1.646681 -0.486530 1.081017
v 1.554797 -0.264613 0.842854
v 1.466999 -0.269865 1.085341
v 2.751600 -0.228431 0.818233
v 2.641432 -0.228431 0.946027
v 2.506784 -0.312528 0.770957
v 2.506784 -0.312528 0.770957
v 2.632451 -0.312737 0.498236
v 2.751600 -0.228431 0.818233
v 1.760093 -0.154210 1.161954
v 1.672582 -0.181071 1.443665
v 1.361678 -0.317081 1.676604
v 1.370840 -0.308474 1.407264
v 2.273739 -0.593297 1.345999
v 2.318895 -0.509842 1.408248
v 2.141457 -0.522768 1.444479
v 2.363649 -0.597611 1.227554
v 2.306176 -0.501919 1.198553
v 2.494147 -0.509216 1.135896
v 2.252438 -0.596890 1.255732
v 2.290010 -0.685461 1.303232
v 2.273739 -0.593297 1.345999
v 2.353939 -0.628814 2.021421
v 2.153910 -0.743608 1.926433
v 2.372326 -0.726128 2.098365
v 2.359689 -0.636118 1.795281
v 2.417943 -0.782219 1.683523
v 2.153910 -0.743608 1.926433
v 2.153910 -0.743608 1.926433
v 2.353939 -0.628814 2.021421
v 2.359689 -0.636118 1.795281
v 2.385982 -0.477332 1.950855
v 2.396102 -0.194148 1.891819
v 2.375123 -0.492926 1.854818
v 2.447227 -0.497151 1.881482
v 2.375123 -0.492926 1.854818
v 2.396102 -0.194148 1.891819
v 1.483071 -0.638296 2.408175
v 1.684345 -0.638296 2.308757
v 1.713587 -0.482457 2.337882
v 1.713587 -0.482457 2.337882
v 1.461677 -0.455560 2.397458
v 1.483071 -0.638296 2.408175
v 1.483071 -0.638296 2.408175
v 1.449065 -0.422549 2.575485
v 1.457965 -0.638296 2.574729
v 1.449065 -0.422549 2.575485
v 1.483071 -0.638296 2.408175
v 1.461677 -0.455560 2.397458
v 1.684345 -0.638296 2.308757
v 1.889597 -0.638296 2.122355
v 1.911488 -0.506713 2.138147
v 1.911488 -0.506713 2.138147
v 1.713587 -0.482457 2.337882
v 1.684345 -0.638296 2.308757
v 1.889597 -0.638296 2.122355
v 1.970454 -0.533063 1.911828
v 1.911488 -0.506713 2.138147
v 1.748427 -0.508306 2.031991
v 1.587831 -0.606179 1.844489
v 1.545008 -0.327616 1.883141
v 1.545008 -0.327616 1.883141
v 1.739961 -0.335225 1.969469
v 1.748427 -0.508306 2.031991
v 1.457965 -0.638296 2.574729
v 1.828680 -0.513077 2.551205
v 1.843527 -0.638296 2.573855
v 1.828680 -0.513077 2.551205
v 1.457965 -0.638296 2.574729
v 1.449065 -0.422549 2.575485
v 1.453816 -0.335288 2.603384
v 1.835415 -0.343916 2.608664
v 1.828680 -0.513077 2.551205
v 1.828680 -0.513077 2.551205
v 1.449065 -0.422549 2.575485
v 1.453816 -0.335288 2.603384
v 1.508380 -0.227254 2.404100
v 1.782126 -0.215605 2.351760
v 1.835415 -0.343916 2.608664
v 1.453816 -0.335288 2.603384
v 1.835415 -0.343916 2.608664
v 2.240452 -0.291772 2.577896
v 2.194462 -0.463246 2.527725
v 2.194462 -0.463246 2.527725
v 1.828680 -0.513077 2.551205
v 1.835415 -0.343916 2.608664
v 1.828680 -0.513077 2.551205
v 2.194462 -0.463246 2.527725
v 2.232092 -0.613012 2.494277
v 2.232092 -0.613012 2.494277
v 1.843527 -0.638296 2.573855
v 1.828680 -0.513077 2.551205
v 2.194462 -0.463246 2.527725
v 2.545652 -0.472502 2.448290
v 2.520569 -0.569714 2.368853
v 2.232092 -0.613012 2.494277
v 2.240452 -0.291772 2.577896
v 2.587460 -0.291772 2.494279
v 2.855033 -0.291772 2.356312
v 2.859214 -0.478780 2.306142
v 3.068255 -0.291771 2.138909
v 3.114244 -0.431161 2.059473
v 3.306563 -0.407416 1.449073
v 3.169472 -0.407416 1.306307
v 3.030628 -0.265311 1.386361
v 2.905204 -0.262638 1.214947
v 2.905204 -0.262638 1.214947
v 3.059894 -0.277976 1.118788
v 3.344190 -0.407416 1.106246
v 3.344190 -0.407416 1.106246
v 3.169472 -0.407416 1.306307
v 2.905204 -0.262638 1.214947
v 3.059894 -0.277976 1.118788
v 3.227128 -0.297269 0.989183
v 3.231308 -0.432058 0.893023
v 3.231308 -0.432058 0.893023
v 3.344190 -0.407416 1.106246
v 3.059894 -0.277976 1.118788
v 3.252212 -0.316646 0.859577
v 3.038990 -0.316656 0.809407
v 3.005544 -0.431940 0.830311
v 3.005544 -0.431940 0.830311
v 3.231308 -0.432058 0.893023
v 3.252212 -0.316646 0.859577
v 2.817536 -0.478635 0.862997
v 2.798151 -0.496992 0.866702
v 2.909387 -0.544821 0.867937
v 2.909387 -0.544821 0.867937
v 3.005544 -0.431940 0.830311
v 2.817536 -0.478635 0.862997
v 3.005544 -0.431940 0.830311
v 3.038990 -0.316656 0.809407
v 2.973863 -0.336867 0.442687
v 2.973863 -0.336867 0.442687
v 2.909970 -0.467325 0.472675
v 3.005544 -0.431940 0.830311
v 2.489982 -0.584499 0.821698
v 2.642668 -0.523389 0.880626
v 2.621130 -0.496195 0.879030
v 2.621130 -0.496195 0.879030
v 2.646752 -0.479960 0.699795
v 2.489982 -0.584499 0.821698
v 2.634745 -0.490232 0.514097
v 2.632451 -0.312737 0.498236
v 2.506784 -0.312528 0.770957
v 2.506784 -0.312528 0.770957
v 2.646752 -0.479960 0.699795
v 2.634745 -0.490232 0.514097
v 1.587831 -0.606179 1.844489
v 1.483347 -0.580461 1.641182
v 1.361678 -0.317081 1.676604
v 1.361678 -0.317081 1.676604
v 1.545008 -0.327616 1.883141
v 1.587831 -0.606179 1.844489
v 1.483347 -0.580461 1.641182
v 1.509608 -0.532438 1.392390
v 1.370840 -0.308474 1.407264
v 1.370840 -0.308474 1.407264
v 1.361678 -0.317081 1.676604
v 1.483347 -0.580461 1.641182
v 1.509608 -0.532438 1.392390
v 1.646681 -0.486530 1.081017
v 1.466999 -0.269865 1.085341
v 1.466999 -0.269865 1.085341
v 1.370840 -0.308474 1.407264
v 1.509608 -0.532438 1.392390
v 1.874658 -0.516509 0.878409
v 1.820526 -0.281038 0.682088
v 2.178066 -0.551985 0.841546
v 2.158243 -0.302020 0.691489
v 2.178066 -0.551985 0.841546
v 2.489982 -0.584499 0.821698
v 2.506784 -0.312528 0.770957
v 2.506784 -0.312528 0.770957
v 2.158243 -0.302020 0.691489
v 2.178066 -0.551985 0.841546
v 2.641432 -0.228431 0.946027
v 2.302117 -0.179029 0.923993
v 2.506784 -0.312528 0.770957
v 2.006868 -0.164011 0.990094
v 1.852634 -0.166038 1.646690
v 1.545008 -0.327616 1.883141
v 1.852634 -0.166038 1.646690
v 2.064155 -0.170788 1.849398
v 1.739961 -0.335225 1.969469
v 1.739961 -0.335225 1.969469
v 1.545008 -0.327616 1.883141
v 1.852634 -0.166038 1.646690
v 2.064155 -0.170788 1.849398
v 2.024495 -0.182491 2.153459
v 1.777041 -0.354566 2.048172
v 1.777041 -0.354566 2.048172
v 1.739961 -0.335225 1.969469
v 2.064155 -0.170788 1.849398
v 2.125849 -0.129370 2.294473
v 2.407877 -0.130234 2.210746
v 2.707532 -0.126796 2.082952
v 2.897020 -0.149962 1.853805
v 2.822106 -0.149962 1.510083
v 2.566518 -0.223596 1.214835
v 2.993968 -0.213768 0.976874
v 3.059894 -0.277976 1.118788
v 3.252212 -0.316646 0.859577
v 3.227128 -0.297269 0.989183
v 2.993968 -0.213768 0.976874
v 2.751600 -0.228431 0.818233
v 3.038990 -0.316656 0.809407
v 3.038990 -0.316656 0.809407
v 3.252212 -0.316646 0.859577
v 2.993968 -0.213768 0.976874
v 3.038990 -0.316656 0.809407
v 2.751600 -0.228431 0.818233
v 2.632451 -0.312737 0.498236
v 2.632451 -0.312737 0.498236
v 2.973863 -0.336867 0.442687
v 3.038990 -0.316656 0.809407
v 2.372326 -0.726128 2.098365
v 2.118204 -0.498215 1.231042
v 2.252438 -0.596890 1.255732
v 2.273739 -0.593297 1.345999
v 2.273739 -0.593297 1.345999
v 2.141457 -0.522768 1.444479
v 2.118204 -0.498215 1.231042
v 2.273739 -0.593297 1.345999
v 2.385974 -0.597336 1.332891
v 2.494299 -0.495418 1.338885
v 2.494299 -0.495418 1.338885
v 2.318895 -0.509842 1.408248
v 2.273739 -0.593297 1.345999
v 2.494299 -0.495418 1.338885
v 2.385974 -0.597336 1.332891
v 2.363649 -0.597611 1.227554
v 2.363649 -0.597611 1.227554
v 2.494147 -0.509216 1.135896
v 2.494299 -0.495418 1.338885
v 2.363649 -0.597611 1.227554
v 2.252438 -0.596890 1.255732
v 2.118204 -0.498215 1.231042
v 2.118204 -0.498215 1.231042
v 2.306176 -0.501919 1.198553
v 2.363649 -0.597611 1.227554
v 2.273739 -0.593297 1.345999
v 2.290010 -0.685461 1.303232
v 2.355037 -0.677151 1.318340
v 2.355037 -0.677151 1.318340
v 2.385974 -0.597336 1.332891
v 2.273739 -0.593297 1.345999
v 2.290010 -0.685461 1.303232
v 2.252438 -0.596890 1.255732
v 2.363649 -0.597611 1.227554
v 2.363649 -0.597611 1.227554
v 2.330105 -0.692193 1.259248
v 2.290010 -0.685461 1.303232
v 2.385974 -0.597336 1.332891
v 2.355037 -0.677151 1.318340
v 2.330105 -0.692193 1.259248
v 2.330105 -0.692193 1.259248
v 2.363649 -0.597611 1.227554
v 2.385974 -0.597336 1.332891
v 2.692212 -0.738825 1.845262
v 2.417943 -0.782219 1.683523
v 2.359689 -0.636118 1.795281
v 2.359689 -0.636118 1.795281
v 2.508945 -0.633237 1.876628
v 2.692212 -0.738825 1.845262
v 2.353939 -0.628814 2.021421
v 2.385982 -0.477332 1.950855
v 2.375123 -0.492926 1.854818
v 2.375123 -0.492926 1.854818
v 2.359689 -0.636118 1.795281
v 2.353939 -0.628814 2.021421
v 2.447227 -0.497151 1.881482
v 2.508945 -0.633237 1.876628
v 2.359689 -0.636118 1.795281
v 2.359689 -0.636118 1.795281
v 2.375123 -0.492926 1.854818
v 2.447227 -0.497151 1.881482
v 2.887578 -0.296112 0.210609
v 2.884435 -0.468129 0.044359
v 2.846108 -0.470279 0.252964
v 3.019859 -0.314241 -0.442337
v 2.992343 -0.433165 -0.438227
v 2.995340 -0.447845 -0.288355
v 2.807185 -0.367891 -0.719030
v 2.809500 -0.445872 -0.752957
v 2.947381 -0.429596 -0.600089
v 2.609254 -0.371101 -0.820195
v 2.548708 -0.487981 -0.923794
v 2.809500 -0.445872 -0.752957
v 2.807185 -0.367891 -0.719030
v 2.609254 -0.371101 -0.820195
v 2.809500 -0.445872 -0.752957
v 2.498009 -0.332249 -0.963034
v 2.473772 -0.503112 -1.022710
v 2.548708 -0.487981 -0.923794
v 2.548708 -0.487981 -0.923794
v 2.609254 -0.371101 -0.820195
v 2.591221 -0.342977 -0.856346
v 2.691917 -0.305062 -1.495669
v 2.848452 -0.435158 -1.616200
v 2.656616 -0.539801 -1.535270
v 2.656616 -0.539801 -1.535270
v 2.848452 -0.435158 -1.616200
v 2.858322 -0.458069 -1.698499
v 2.974189 -0.134055 -1.542306
v 2.983349 -0.280512 -1.391407
v 3.046283 -0.296765 -1.601213
v 3.329461 -0.265396 -1.827831
v 3.061558 -0.377008 -1.753927
v 3.046283 -0.296765 -1.601213
v 2.959461 -0.160367 -1.206035
v 2.929395 -0.283246 -1.208565
v 2.983349 -0.280512 -1.391407
v 2.983349 -0.280512 -1.391407
v 2.974189 -0.134055 -1.542306
v 2.959461 -0.160367 -1.206035
v 2.598644 -0.115879 -0.869763
v 2.498009 -0.332249 -0.963034
v 2.629652 -0.321308 -0.863860
v 2.428189 -0.382641 -0.730061
v 2.308923 -0.460914 -0.833883
v 2.419831 -0.371535 -0.690009
v 2.632451 -0.312737 0.498236
v 2.634745 -0.490232 0.514097
v 2.560798 -0.488078 0.293469
v 2.814476 -0.299503 -0.286528
v 3.019859 -0.314241 -0.442337
v 2.980906 -0.331655 -0.120095
v 3.019859 -0.314241 -0.442337
v 3.008337 -0.191395 -0.669163
v 3.024210 -0.339880 -0.617878
v 3.008337 -0.191395 -0.669163
v 3.023400 -0.038293 -0.899140
v 3.007322 -0.285718 -0.854864
v 2.598644 -0.115879 -0.869763
v 2.817098 -0.152516 -0.997399
v 3.023400 -0.038293 -0.899140
v 3.299607 -0.008613 -1.391355
v 3.030644 0.069306 -1.429396
v 3.109736 0.369694 -1.700444
v 2.767527 -0.347028 -0.666025
v 2.800311 -0.281501 -0.498995
v 2.803770 -0.366862 -0.606889
v 2.722407 -0.117521 -0.573358
v 2.800311 -0.281501 -0.498995
v 2.767527 -0.347028 -0.666025
v 2.812491 -0.470073 -0.183440
v 2.854455 -0.456654 -0.351296
v 2.814476 -0.299503 -0.286528
v 2.842465 -0.447882 -0.471193
v 2.785515 -0.447882 -0.561116
v 2.800311 -0.281501 -0.498995
v 2.785515 -0.447882 -0.561116
v 2.605669 -0.454369 -0.672022
v 2.722931 -0.391973 -0.625553
v 2.785515 -0.447882 -0.561116
v 2.722931 -0.391973 -0.625553
v 2.800311 -0.281501 -0.498995
v 2.506982 -0.400588 -0.707374
v 2.722931 -0.391973 -0.625553
v 2.605669 -0.454369 -0.672022
v 2.455552 -0.458805 -0.753903
v 2.308923 -0.460914 -0.833883
v 2.428189 -0.382641 -0.730061
v 2.357314 -0.365977 -1.993095
v 2.158102 -0.186836 -2.242109
v 2.266278 -0.140835 -1.944156
v 2.974189 -0.134055 -1.542306
v 2.691917 -0.305062 -1.495669
v 2.787644 0.008058 -1.549668
v 2.974189 -0.134055 -1.542306
v 3.030644 0.069306 -1.429396
v 2.959461 -0.160367 -1.206035
v 2.860026 0.110160 -3.274131
v 2.629326 0.261419 -2.805855
v 2.479771 0.084155 -3.209209
v 3.939169 -0.159082 -2.294350
v 3.759025 -0.151743 -2.183491
v 3.877456 -0.030642 -2.212395
v 3.254008 -0.161574 -2.067575
v 3.242619 -0.280572 -2.039793
v 3.537318 -0.171046 -2.128065
v 3.477365 -0.048665 -2.465213
v 3.528075 -0.179288 -2.326680
v 3.592744 -0.155679 -2.622300
v 2.598644 -0.115879 -0.869763
v 2.429627 -0.135591 -0.680175
v 2.257643 -0.071894 -0.812051
v 2.429627 -0.135591 -0.680175
v 2.330696 -0.270360 -0.849036
v 2.257643 -0.071894 -0.812051
v 2.548892 -0.260865 -0.215706
v 2.316374 -0.257493 -0.069581
v 2.291829 -0.236959 -0.288034
v 2.372795 0.289377 -2.204175
v 2.211012 0.116912 -1.947731
v 2.102938 0.107903 -2.202785
v 2.167572 0.237659 -2.567981
v 1.770070 0.016623 -2.315182
v 2.722931 -0.391973 -0.625553
v 2.803770 -0.366862 -0.606889
v 2.800311 -0.281501 -0.498995
v 2.807185 -0.367891 -0.719030
v 2.963794 -0.320301 -0.772950
v 2.803770 -0.366862 -0.606889
v 2.803770 -0.366862 -0.606889
v 2.722931 -0.391973 -0.625553
v 2.807185 -0.367891 -0.719030
v 2.807185 -0.367891 -0.719030
v 2.722931 -0.391973 -0.625553
v 2.609254 -0.371101 -0.820195
v 2.722931 -0.391973 -0.625553
v 2.506982 -0.400588 -0.707374
v 2.609254 -0.371101 -0.820195
v 2.549558 -0.051626 -1.217704
v 2.202365 -0.034805 -1.126369
v 2.245595 0.035120 -1.463560
v 3.866312 0.239689 -3.060817
v 3.468879 0.360357 -2.866489
v 3.523155 0.216873 -3.181385
v 3.396366 0.312966 -2.489759
v 3.330093 -0.082042 -2.452941
v 3.477365 -0.048665 -2.465213
v 3.477365 -0.048665 -2.465213
v 3.369366 -0.163781 -2.553576
v 3.396366 0.312966 -2.489759
v 4.645370 0.203994 -2.212199
v 4.299104 0.305344 -2.157533
v 4.501615 0.199604 -2.444062
v 4.348585 0.160302 -1.613994
v 4.243134 0.299411 -1.859026
v 4.626821 0.227800 -1.855131
v 4.087560 0.305917 -2.154744
v 3.832589 0.305917 -2.274116
v 3.787414 0.305917 -2.078259
v 2.701731 -0.101980 -2.673849
v 2.809731 0.284201 -2.656667
v 2.834276 -0.078219 -2.725394
v 2.797458 -0.090424 -2.580577
v 2.809731 0.284201 -2.656667
v 2.701731 -0.101980 -2.673849
v 2.890731 -0.068572 -2.654213
v 2.834276 -0.078219 -2.725394
v 2.809731 0.284201 -2.656667
v 2.797458 -0.090424 -2.580577
v 2.890731 -0.068572 -2.654213
v 2.809731 0.284201 -2.656667
v 1.858379 0.068934 -2.856778
v 2.206173 0.058163 -3.009808
v 3.396366 0.312966 -2.489759
v 3.369366 -0.163781 -2.553576
v 3.330093 -0.082042 -2.452941
v 2.973863 -0.336867 0.442687
v 2.887578 -0.296112 0.210609
v 2.846108 -0.470279 0.252964
v 2.846108 -0.470279 0.252964
v 2.909970 -0.467325 0.472675
v 2.973863 -0.336867 0.442687
v 2.887578 -0.296112 0.210609
v 2.980906 -0.331655 -0.120095
v 2.950378 -0.459928 -0.135487
v 2.950378 -0.459928 -0.135487
v 2.884435 -0.468129 0.044359
v 2.887578 -0.296112 0.210609
v 2.980906 -0.331655 -0.120095
v 3.019859 -0.314241 -0.442337
v 2.995340 -0.447845 -0.288355
v 2.995340 -0.447845 -0.288355
v 2.950378 -0.459928 -0.135487
v 2.980906 -0.331655 -0.120095
v 3.019859 -0.314241 -0.442337
v 3.024210 -0.339880 -0.617878
v 2.947381 -0.429596 -0.600089
v 2.947381 -0.429596 -0.600089
v 2.992343 -0.433165 -0.438227
v 3.019859 -0.314241 -0.442337
v 2.947381 -0.429596 -0.600089
v 3.024210 -0.339880 -0.617878
v 2.963794 -0.320301 -0.772950
v 2.963794 -0.320301 -0.772950
v 2.807185 -0.367891 -0.719030
v 2.947381 -0.429596 -0.600089
v 2.591221 -0.342977 -0.856346
v 2.629652 -0.321308 -0.863860
v 2.498009 -0.332249 -0.963034
v 2.498009 -0.332249 -0.963034
v 2.548708 -0.487981 -0.923794
v 2.591221 -0.342977 -0.856346
v 2.498009 -0.332249 -0.963034
v 2.556918 -0.357598 -1.230579
v 2.533721 -0.544562 -1.259506
v 2.533721 -0.544562 -1.259506
v 2.473772 -0.503112 -1.022710
v 2.498009 -0.332249 -0.963034
v 2.556918 -0.357598 -1.230579
v 2.691917 -0.305062 -1.495669
v 2.656616 -0.539801 -1.535270
v 2.656616 -0.539801 -1.535270
v 2.533721 -0.544562 -1.259506
v 2.556918 -0.357598 -1.230579
v 2.848452 -0.435158 -1.616200
v 3.046283 -0.296765 -1.601213
v 3.061558 -0.377008 -1.753927
v 3.061558 -0.377008 -1.753927
v 2.858322 -0.458069 -1.698499
v 2.848452 -0.435158 -1.616200
v 2.691917 -0.305062 -1.495669
v 2.974189 -0.134055 -1.542306
v 3.046283 -0.296765 -1.601213
v 3.046283 -0.296765 -1.601213
v 2.848452 -0.435158 -1.616200
v 2.691917 -0.305062 -1.495669
v 2.959461 -0.160367 -1.206035
v 2.817098 -0.152516 -0.997399
v 2.815493 -0.297618 -1.025721
v 2.815493 -0.297618 -1.025721
v 2.929395 -0.283246 -1.208565
v 2.959461 -0.160367 -1.206035
v 2.817098 -0.152516 -0.997399
v 2.598644 -0.115879 -0.869763
v 2.629652 -0.321308 -0.863860
v 2.629652 -0.321308 -0.863860
v 2.815493 -0.297618 -1.025721
v 2.817098 -0.152516 -0.997399
v 2.429627 -0.135591 -0.680175
v 2.336011 -0.208887 -0.499124
v 2.314925 -0.419477 -0.489186
v 2.314925 -0.419477 -0.489186
v 2.419831 -0.371535 -0.690009
v 2.429627 -0.135591 -0.680175
v 2.308923 -0.460914 -0.833883
v 2.330696 -0.270360 -0.849036
v 2.429627 -0.135591 -0.680175
v 2.429627 -0.135591 -0.680175
v 2.419831 -0.371535 -0.690009
v 2.308923 -0.460914 -0.833883
v 2.336011 -0.208887 -0.499124
v 2.291829 -0.236959 -0.288034
v 2.302935 -0.466479 -0.264379
v 2.302935 -0.466479 -0.264379
v 2.314925 -0.419477 -0.489186
v 2.336011 -0.208887 -0.499124
v 2.291829 -0.236959 -0.288034
v 2.316374 -0.257493 -0.069581
v 2.344899 -0.483142 -0.069545
v 2.344899 -0.483142 -0.069545
v 2.302935 -0.466479 -0.264379
v 2.291829 -0.236959 -0.288034
v 2.316374 -0.257493 -0.069581
v 2.469614 -0.251815 0.117000
v 2.455804 -0.491025 0.119292
v 2.455804 -0.491025 0.119292
v 2.344899 -0.483142 -0.069545
v 2.316374 -0.257493 -0.069581
v 2.469614 -0.251815 0.117000
v 2.632451 -0.312737 0.498236
v 2.560798 -0.488078 0.293469
v 2.560798 -0.488078 0.293469
v 2.455804 -0.491025 0.119292
v 2.469614 -0.251815 0.117000
v 2.632451 -0.312737 0.498236
v 2.469614 -0.251815 0.117000
v 2.887578 -0.296112 0.210609
v 2.887578 -0.296112 0.210609
v 2.973863 -0.336867 0.442687
v 2.632451 -0.312737 0.498236
v 2.722407 -0.267889 -0.023788
v 2.814476 -0.299503 -0.286528
v 2.980906 -0.331655 -0.120095
v 2.980906 -0.331655 -0.120095
v 2.887578 -0.296112 0.210609
v 2.722407 -0.267889 -0.023788
v 2.469614 -0.251815 0.117000
v 2.644502 -0.285397 -0.017403
v 2.722407 -0.267889 -0.023788
v 2.722407 -0.267889 -0.023788
v 2.887578 -0.296112 0.210609
v 2.469614 -0.251815 0.117000
v 2.814476 -0.299503 -0.286528
v 2.800311 -0.281501 -0.498995
v 3.008337 -0.191395 -0.669163
v 3.008337 -0.191395 -0.669163
v 3.019859 -0.314241 -0.442337
v 2.814476 -0.299503 -0.286528
v 2.800311 -0.281501 -0.498995
v 2.722407 -0.117521 -0.573358
v 3.023400 -0.038293 -0.899140
v 3.023400 -0.038293 -0.899140
v 3.008337 -0.191395 -0.669163
v 2.800311 -0.281501 -0.498995
v 3.008337 -0.191395 -0.669163
v 3.007322 -0.285718 -0.854864
v 2.963794 -0.320301 -0.772950
v 2.963794 -0.320301 -0.772950
v 3.024210 -0.339880 -0.617878
v 3.008337 -0.191395 -0.669163
v 2.817098 -0.152516 -0.997399
v 2.959461 -0.160367 -1.206035
v 3.157962 -0.007592 -1.154101
v 3.157962 -0.007592 -1.154101
v 3.023400 -0.038293 -0.899140
v 2.817098 -0.152516 -0.997399
v 3.023400 -0.038293 -0.899140
v 3.157962 -0.007592 -1.154101
v 3.166186 -0.254995 -1.106647
v 3.166186 -0.254995 -1.106647
v 3.007322 -0.285718 -0.854864
v 3.023400 -0.038293 -0.899140
v 3.023400 -0.038293 -0.899140
v 2.722407 -0.117521 -0.573358
v 2.429627 -0.135591 -0.680175
v 2.429627 -0.135591 -0.680175
v 2.598644 -0.115879 -0.869763
v 3.023400 -0.038293 -0.899140
v 3.157962 -0.007592 -1.154101
v 3.299607 -0.008613 -1.391355
v 3.268099 -0.270148 -1.397398
v 3.268099 -0.270148 -1.397398
v 3.166186 -0.254995 -1.106647
v 3.157962 -0.007592 -1.154101
v 2.959461 -0.160367 -1.206035
v 3.030644 0.069306 -1.429396
v 3.299607 -0.008613 -1.391355
v 3.299607 -0.008613 -1.391355
v 3.157962 -0.007592 -1.154101
v 2.959461 -0.160367 -1.206035
v 3.299607 -0.008613 -1.391355
v 3.536862 -0.048060 -1.540081
v 3.513846 -0.238633 -1.572538
v 3.513846 -0.238633 -1.572538
v 3.268099 -0.270148 -1.397398
v 3.299607 -0.008613 -1.391355
v 3.473543 0.340836 -1.817921
v 3.536862 -0.048060 -1.540081
v 3.916186 0.074092 -1.598772
v 3.912270 -0.187972 -1.555937
v 3.513846 -0.238633 -1.572538
v 3.513846 -0.238633 -1.572538
v 3.536862 -0.048060 -1.540081
v 3.916186 0.074092 -1.598772
v 3.879327 0.308075 -1.849697
v 3.916186 0.074092 -1.598772
v 2.767527 -0.347028 -0.666025
v 2.596674 -0.423188 -0.468195
v 2.577221 -0.202834 -0.431713
v 2.577221 -0.202834 -0.431713
v 2.722407 -0.117521 -0.573358
v 2.767527 -0.347028 -0.666025
v 2.596674 -0.423188 -0.468195
v 2.584684 -0.460041 -0.231399
v 2.548892 -0.260865 -0.215706
v 2.548892 -0.260865 -0.215706
v 2.577221 -0.202834 -0.431713
v 2.596674 -0.423188 -0.468195
v 2.584684 -0.460041 -0.231399
v 2.665617 -0.482804 -0.045558
v 2.644502 -0.285397 -0.017403
v 2.644502 -0.285397 -0.017403
v 2.548892 -0.260865 -0.215706
v 2.584684 -0.460041 -0.231399
v 2.665617 -0.482804 -0.045558
v 2.746547 -0.478451 -0.039564
v 2.722407 -0.267889 -0.023788
v 2.722407 -0.267889 -0.023788
v 2.644502 -0.285397 -0.017403
v 2.665617 -0.482804 -0.045558
v 2.746547 -0.478451 -0.039564
v 2.812491 -0.470073 -0.183440
v 2.814476 -0.299503 -0.286528
v 2.814476 -0.299503 -0.286528
v 2.722407 -0.267889 -0.023788
v 2.746547 -0.478451 -0.039564
v 2.854455 -0.456654 -0.351296
v 2.842465 -0.447882 -0.471193
v 2.800311 -0.281501 -0.498995
v 2.800311 -0.281501 -0.498995
v 2.814476 -0.299503 -0.286528
v 2.854455 -0.456654 -0.351296
v 2.605669 -0.454369 -0.672022
v 2.455552 -0.458805 -0.753903
v 2.428189 -0.382641 -0.730061
v 2.428189 -0.382641 -0.730061
v 2.506982 -0.400588 -0.707374
v 2.605669 -0.454369 -0.672022
v 2.308923 -0.460914 -0.833883
v 2.236975 -0.484130 -1.058678
v 2.201859 -0.299397 -1.066833
v 2.201859 -0.299397 -1.066833
v 2.330696 -0.270360 -0.849036
v 2.308923 -0.460914 -0.833883
v 2.236975 -0.484130 -1.058678
v 2.311911 -0.502412 -1.388395
v 2.287751 -0.267354 -1.416535
v 2.287751 -0.267354 -1.416535
v 2.201859 -0.299397 -1.066833
v 2.236975 -0.484130 -1.058678
v 2.311911 -0.502412 -1.388395
v 2.425814 -0.482696 -1.703126
v 2.474872 -0.256822 -1.695684
v 2.474872 -0.256822 -1.695684
v 2.287751 -0.267354 -1.416535
v 2.311911 -0.502412 -1.388395
v 2.425814 -0.482696 -1.703126
v 2.357314 -0.365977 -1.993095
v 2.266278 -0.140835 -1.944156
v 2.266278 -0.140835 -1.944156
v 2.474872 -0.256822 -1.695684
v 2.425814 -0.482696 -1.703126
v 2.655088 -0.465650 -1.934067
v 2.511893 -0.187539 -2.201967
v 2.158102 -0.186836 -2.242109
v 2.158102 -0.186836 -2.242109
v 2.357314 -0.365977 -1.993095
v 2.655088 -0.465650 -1.934067
v 2.158102 -0.186836 -2.242109
v 1.809482 -0.170761 -2.363849
v 1.770070 0.016623 -2.315182
v 1.770070 0.016623 -2.315182
v 2.102938 0.107903 -2.202785
v 2.158102 -0.186836 -2.242109
v 2.102938 0.107903 -2.202785
v 2.211012 0.116912 -1.947731
v 2.266278 -0.140835 -1.944156
v 2.266278 -0.140835 -1.944156
v 2.158102 -0.186836 -2.242109
v 2.102938 0.107903 -2.202785
v 1.809482 -0.170761 -2.363849
v 1.471930 -0.161099 -2.435787
v 1.450170 0.085193 -2.392996
v 1.450170 0.085193 -2.392996
v 1.770070 0.016623 -2.315182
v 1.809482 -0.170761 -2.363849
v 1.499598 -0.154336 -2.762272
v 1.881420 -0.167340 -2.812075
v 1.858379 0.068934 -2.856778
v 1.858379 0.068934 -2.856778
v 1.473486 0.068221 -2.815043
v 1.499598 -0.154336 -2.762272
v 1.881420 -0.167340 -2.812075
v 2.202372 -0.179930 -2.944882
v 2.206173 0.058163 -3.009808
v 2.206173 0.058163 -3.009808
v 1.858379 0.068934 -2.856778
v 1.881420 -0.167340 -2.812075
v 2.202372 -0.179930 -2.944882
v 2.479054 -0.184472 -3.116425
v 2.479771 0.084155 -3.209209
v 2.479771 0.084155 -3.209209
v 2.206173 0.058163 -3.009808
v 2.202372 -0.179930 -2.944882
v 2.479054 -0.184472 -3.116425
v 2.871943 -0.151327 -3.227098
v 2.860026 0.110160 -3.274131
v 2.860026 0.110160 -3.274131
v 2.479771 0.084155 -3.209209
v 2.479054 -0.184472 -3.116425
v 2.871943 -0.151327 -3.227098
v 3.220564 -0.115990 -3.254766
v 3.193909 0.139116 -3.223120
v 3.193909 0.139116 -3.223120
v 2.860026 0.110160 -3.274131
v 2.871943 -0.151327 -3.227098
v 3.220564 -0.115990 -3.254766
v 3.569184 -0.059259 -3.243699
v 3.523155 0.216873 -3.181385
v 3.523155 0.216873 -3.181385
v 3.193909 0.139116 -3.223120
v 3.220564 -0.115990 -3.254766
v 3.569184 -0.059259 -3.243699
v 3.912270 -0.030484 -3.105357
v 3.866312 0.239689 -3.060817
v 3.866312 0.239689 -3.060817
v 3.523155 0.216873 -3.181385
v 3.569184 -0.059259 -3.243699
v 3.912270 -0.030484 -3.105357
v 4.122549 -0.101625 -2.850810
v 4.061076 0.233539 -2.842866
v 4.061076 0.233539 -2.842866
v 3.866312 0.239689 -3.060817
v 3.912270 -0.030484 -3.105357
v 4.122549 -0.101625 -2.850810
v 4.222154 -0.150463 -2.568594
v 4.167733 0.189954 -2.546082
v 4.167733 0.189954 -2.546082
v 4.061076 0.233539 -2.842866
v 4.122549 -0.101625 -2.850810
v 4.222154 -0.150463 -2.568594
v 4.482235 -0.153936 -2.391517
v 4.501615 0.199604 -2.444062
v 4.501615 0.199604 -2.444062
v 4.167733 0.189954 -2.546082
v 4.222154 -0.150463 -2.568594
v 4.482235 -0.153936 -2.391517
v 4.609509 -0.160721 -2.170171
v 4.645370 0.203994 -2.212199
v 4.645370 0.203994 -2.212199
v 4.501615 0.199604 -2.444062
v 4.482235 -0.153936 -2.391517
v 4.609509 -0.160721 -2.170171
v 4.598442 -0.157394 -1.804950
v 4.626821 0.227800 -1.855131
v 4.626821 0.227800 -1.855131
v 4.645370 0.203994 -2.212199
v 4.609509 -0.160721 -2.170171
v 4.598442 -0.157394 -1.804950
v 4.349428 -0.160733 -1.567004
v 4.348585 0.160302 -1.613994
v 4.348585 0.160302 -1.613994
v 4.626821 0.227800 -1.855131
v 4.598442 -0.157394 -1.804950
v 4.349428 -0.160733 -1.567004
v 3.912270 -0.187972 -1.555937
v 3.916186 0.074092 -1.598772
v 3.916186 0.074092 -1.598772
v 4.348585 0.160302 -1.613994
v 4.349428 -0.160733 -1.567004
v 2.932228 -0.379971 -2.044923
v 2.830605 -0.190308 -2.132682
v 2.511893 -0.187539 -2.201967
v 2.511893 -0.187539 -2.201967
v 2.655088 -0.465650 -1.934067
v 2.932228 -0.379971 -2.044923
v 3.242619 -0.280572 -2.039793
v 3.254008 -0.161574 -2.067575
v 2.830605 -0.190308 -2.132682
v 2.830605 -0.190308 -2.132682
v 2.932228 -0.379971 -2.044923
v 3.242619 -0.280572 -2.039793
v 2.604277 -0.179042 -2.668489
v 2.775180 -0.157589 -2.456016
v 2.797458 -0.090424 -2.580577
v 2.797458 -0.090424 -2.580577
v 2.701731 -0.101980 -2.673849
v 2.604277 -0.179042 -2.668489
v 2.604277 -0.179042 -2.668489
v 2.701731 -0.101980 -2.673849
v 2.834276 -0.078219 -2.725394
v 2.834276 -0.078219 -2.725394
v 2.853703 -0.149182 -2.788584
v 2.604277 -0.179042 -2.668489
v 3.193909 0.139116 -3.223120
v 3.044438 0.297764 -2.894475
v 2.834276 -0.078219 -2.725394
v 2.890731 -0.068572 -2.654213
v 2.973797 -0.161068 -2.650013
v 2.973797 -0.161068 -2.650013
v 2.853703 -0.149182 -2.788584
v 2.834276 -0.078219 -2.725394
v 3.877456 -0.030642 -2.212395
v 3.938819 -0.030642 -2.178031
v 3.980741 -0.163455 -2.151161
v 3.980741 -0.163455 -2.151161
v 3.939169 -0.159082 -2.294350
v 3.877456 -0.030642 -2.212395
v 3.938819 -0.030642 -2.178031
v 3.852911 -0.030642 -2.143668
v 3.869886 -0.169814 -2.077255
v 3.869886 -0.169814 -2.077255
v 3.980741 -0.163455 -2.151161
v 3.938819 -0.030642 -2.178031
v 3.869886 -0.169814 -2.077255
v 3.852911 -0.030642 -2.143668
v 3.877456 -0.030642 -2.212395
v 3.877456 -0.030642 -2.212395
v 3.759025 -0.151743 -2.183491
v 3.869886 -0.169814 -2.077255
v 3.592744 -0.155679 -2.622300
v 3.255557 -0.175030 -2.645394
v 3.369366 -0.163781 -2.553576
v 3.369366 -0.163781 -2.553576
v 3.477365 -0.048665 -2.465213
v 3.592744 -0.155679 -2.622300
v 3.149316 -0.189638 -2.368251
v 3.330093 -0.082042 -2.452941
v 3.369366 -0.163781 -2.553576
v 3.369366 -0.163781 -2.553576
v 3.255557 -0.175030 -2.645394
v 3.149316 -0.189638 -2.368251
v 2.890731 -0.068572 -2.654213
v 2.797458 -0.090424 -2.580577
v 2.775180 -0.157589 -2.456016
v 2.775180 -0.157589 -2.456016
v 2.973797 -0.161068 -2.650013
v 2.890731 -0.068572 -2.654213
v 2.498009 -0.332249 -0.963034
v 2.598644 -0.115879 -0.869763
v 2.549558 -0.051626 -1.217704
v 2.556918 -0.357598 -1.230579
v 2.257643 -0.071894 -0.812051
v 2.202365 -0.034805 -1.126369
v 2.549558 -0.051626 -1.217704
v 2.549558 -0.051626 -1.217704
v 2.598644 -0.115879 -0.869763
v 2.257643 -0.071894 -0.812051
v 2.722407 -0.117521 -0.573358
v 2.577221 -0.202834 -0.431713
v 2.336011 -0.208887 -0.499124
v 2.336011 -0.208887 -0.499124
v 2.429627 -0.135591 -0.680175
v 2.722407 -0.117521 -0.573358
v 2.577221 -0.202834 -0.431713
v 2.548892 -0.260865 -0.215706
v 2.291829 -0.236959 -0.288034
v 2.291829 -0.236959 -0.288034
v 2.336011 -0.208887 -0.499124
v 2.577221 -0.202834 -0.431713
v 2.548892 -0.260865 -0.215706
v 2.644502 -0.285397 -0.017403
v 2.469614 -0.251815 0.117000
v 2.469614 -0.251815 0.117000
v 2.316374 -0.257493 -0.069581
v 2.548892 -0.260865 -0.215706
v 2.266278 -0.140835 -1.944156
v 2.211012 0.116912 -1.947731
v 2.245595 0.035120 -1.463560
v 2.245595 0.035120 -1.463560
v 2.287751 -0.267354 -1.416535
v 2.266278 -0.140835 -1.944156
v 2.245595 0.035120 -1.463560
v 2.202365 -0.034805 -1.126369
v 2.201859 -0.299397 -1.066833
v 2.201859 -0.299397 -1.066833
v 2.287751 -0.267354 -1.416535
v 2.245595 0.035120 -1.463560
v 2.202365 -0.034805 -1.126369
v 2.201859 -0.299397 -1.066833
v 2.245595 0.035120 -1.463560
v 2.685296 0.367348 -1.961638
v 2.609254 -0.371101 -0.820195
v 2.506982 -0.400588 -0.707374
v 2.428189 -0.382641 -0.730061
v 2.428189 -0.382641 -0.730061
v 2.591221 -0.342977 -0.856346
v 2.609254 -0.371101 -0.820195
v 3.477365 -0.048665 -2.465213
v 3.330093 -0.082042 -2.452941
v 3.149316 -0.189638 -2.368251
v 3.149316 -0.189638 -2.368251
v 3.528075 -0.179288 -2.326680
v 3.477365 -0.048665 -2.465213
v 4.061076 0.233539 -2.842866
v 3.753394 0.312511 -2.605294
v 3.939962 0.317936 -2.232160
v 4.167733 0.189954 -2.546082
v 3.877456 -0.030642 -2.212395
v 3.881670 0.148345 -2.196441
v 3.922442 0.148345 -2.177126
v 3.922442 0.148345 -2.177126
v 3.938819 -0.030642 -2.178031
v 3.877456 -0.030642 -2.212395
v 3.938819 -0.030642 -2.178031
v 3.922442 0.148345 -2.177126
v 3.867345 0.148345 -2.159700
v 3.867345 0.148345 -2.159700
v 3.852911 -0.030642 -2.143668
v 3.938819 -0.030642 -2.178031
v 3.881670 0.148345 -2.196441
v 3.832589 0.305917 -2.274116
v 4.087560 0.305917 -2.154744
v 3.922442 0.148345 -2.177126
v 3.787414 0.305917 -2.078259
v 3.867345 0.148345 -2.159700
v 3.852911 -0.030642 -2.143668
v 3.867345 0.148345 -2.159700
v 3.881670 0.148345 -2.196441
v 3.881670 0.148345 -2.196441
v 3.877456 -0.030642 -2.212395
v 3.852911 -0.030642 -2.143668
v 1.450170 0.085193 -2.392996
v 1.473486 0.068221 -2.815043
v -0.088285 -0.698019 -4.853068
v -0.309733 -0.698019 -4.873200
v -0.298265 -0.698019 -4.784014
v -0.275358 -0.698019 -4.952492
v 1.782126 -0.215605 2.351760
v 2.024495 -0.182491 2.153459
v 2.125849 -0.129370 2.294473
v 2.064155 -0.170788 1.849398
v 2.255213 -0.015252 2.050253
v 2.457242 0.132091 1.851478
v 2.420697 0.075970 1.978827
v 1.672582 -0.181071 1.443665
v 1.760094 -0.154210 1.161954
v 2.163186 0.157864 1.318080
v 2.006868 -0.164011 0.990094
v 2.302117 -0.179029 0.923993
v 2.265553 0.116167 1.093975
v 2.993968 -0.213768 0.976874
v 2.566518 -0.223596 1.214835
v 2.608552 -0.005838 1.064009
v 2.407877 -0.130234 2.210746
v 1.852634 -0.166038 1.646690
v 2.352228 0.321549 1.576293
v 2.641432 -0.228431 0.946027
v 2.751600 -0.228431 0.818233
v 2.822106 -0.149962 1.510083
v 2.897020 -0.149962 1.853805
v 2.707532 -0.126796 2.082952
v 2.167572 0.237659 -2.567981
v 2.629326 0.261419 -2.805855
v 2.490817 0.470273 -2.480990
v 2.372795 0.289377 -2.204175
v 3.753394 0.312511 -2.605294
v 3.939962 0.294370 -2.232161
v 3.597836 0.315348 -2.167626
v 3.044438 0.297764 -2.894475
v 2.851970 0.771777 -2.394557
v 3.468879 0.360357 -2.866489
v 3.295621 0.584847 -2.303964
v 4.299104 0.305344 -2.157533
v 4.243134 0.299411 -1.859026
v 3.879327 0.308075 -1.849697
v 3.473543 0.340836 -1.817921
v 3.109736 0.369694 -1.700444
v 2.685296 0.367348 -1.961638
v 0.793367 -0.015206 -3.946274
v 0.744381 -0.015206 -3.995260
v 0.770404 0.049716 -3.983179
v 0.709462 0.054894 -3.969460
v 0.744381 -0.015206 -3.995260
v 0.695395 -0.015206 -3.946274
v 0.709462 0.054894 -3.969460
v 0.723132 0.053733 -3.908298
v 0.695395 -0.015206 -3.946274
v 0.744381 -0.015206 -3.897288
v 0.723132 0.053733 -3.908298
v 0.784074 0.048554 -3.922018
v 0.744381 -0.015206 -3.897288
v 0.793367 -0.015206 -3.946274
v 0.784074 0.048554 -3.922018
v 0.770404 0.049716 -3.983179
v 0.784074 0.048554 -3.922018
v 0.770404 0.049716 -3.983179
v 0.787778 0.112608 -3.961822
v 0.738223 0.121091 -3.979837
v 0.770404 0.049716 -3.983179
v 0.709462 0.054894 -3.969460
v 0.738223 0.121091 -3.979837
v 0.720465 0.124131 -3.929560
v 0.709462 0.054894 -3.969460
v 0.723132 0.053733 -3.908298
v 0.720465 0.124131 -3.929560
v 0.770021 0.115647 -3.911545
v 0.723132 0.053733 -3.908298
v 0.784074 0.048554 -3.922018
v 0.770021 0.115647 -3.911545
v 0.787778 0.112608 -3.961822
v 0.770021 0.115647 -3.911545
v 0.787778 0.112608 -3.961822
v 0.796924 0.176499 -3.942974
v 0.770846 0.183278 -3.977550
v 0.787778 0.112608 -3.961822
v 0.738223 0.121091 -3.979837
v 0.770846 0.183278 -3.977550
v 0.737382 0.191977 -3.950606
v 0.738223 0.121091 -3.979837
v 0.720465 0.124131 -3.929560
v 0.737382 0.191977 -3.950606
v 0.763460 0.185198 -3.916029
v 0.720465 0.124131 -3.929560
v 0.770021 0.115647 -3.911545
v 0.763460 0.185198 -3.916029
v 0.796924 0.176499 -3.942974
v 0.763460 0.185198 -3.916029
v 0.796924 0.176499 -3.942974
v 0.805536 0.241875 -3.932354
v 0.802208 0.243049 -3.968529
v 0.796924 0.176499 -3.942974
v 0.770846 0.183278 -3.977550
v 0.802208 0.243049 -3.968529
v 0.768093 0.255082 -3.965000
v 0.770846 0.183278 -3.977550
v 0.737382 0.191977 -3.950606
v 0.768093 0.255082 -3.965000
v 0.771421 0.253908 -3.928825
v 0.737382 0.191977 -3.950606
v 0.763460 0.185198 -3.916029
v 0.771421 0.253908 -3.928825
v 0.805536 0.241875 -3.932354
v 0.771421 0.253908 -3.928825
v 0.805536 0.241875 -3.932354
v 0.817980 0.308053 -3.934158
v 0.826295 0.304302 -3.954795
v 0.805536 0.241875 -3.932353
v 0.802208 0.243049 -3.968529
v 0.826295 0.304302 -3.954795
v 0.808792 0.312199 -3.964791
v 0.802208 0.243049 -3.968529
v 0.768093 0.255082 -3.965000
v 0.808792 0.312199 -3.964791
v 0.801564 0.315460 -3.945867
v 0.768093 0.255082 -3.965000
v 0.771421 0.253908 -3.928825
v 0.801564 0.315460 -3.945867
v 0.817980 0.308053 -3.934158
v 0.801564 0.315460 -3.945867
v 0.817980 0.308053 -3.934158
v 0.845105 0.369124 -3.949698
v 0.817980 0.308054 -3.934158
v 0.826295 0.304302 -3.954795
v 0.826295 0.304302 -3.954795
v 0.808792 0.312199 -3.964791
v 0.808792 0.312199 -3.964791
v 0.801564 0.315460 -3.945867
v 0.789496 -0.078505 -3.973334
v 0.720432 -0.084374 -3.988881
v 0.744381 -0.015206 -3.995260
v 0.695395 -0.015206 -3.946274
v 0.720432 -0.084374 -3.988881
v 0.704940 -0.085690 -3.919569
v 0.695395 -0.015206 -3.946274
v 0.744381 -0.015206 -3.897288
v 0.704940 -0.085690 -3.919569
v 0.774004 -0.079821 -3.904022
v 0.744381 -0.015206 -3.897288
v 0.793367 -0.015206 -3.946274
v 0.774004 -0.079821 -3.904022
v 0.789496 -0.078505 -3.973334
v 0.793367 -0.015206 -3.946274
v 0.744381 -0.015206 -3.995260
v 0.777491 0.393350 -3.980162
v 0.845105 0.369124 -3.949698
v 0.808792 0.312199 -3.964791
v 0.735794 0.331161 -3.997824
v 0.628006 0.345783 -4.017255
v 0.698190 0.402177 -4.019985
v 0.824638 0.294915 -3.882971
v 0.801564 0.315460 -3.945867
v 0.845105 0.369124 -3.949698
v 0.884438 0.268970 -3.985016
v 0.826295 0.304302 -3.954795
v 0.845105 0.369124 -3.949698
v 0.824357 0.367721 -3.887124
v 0.854888 0.304577 -3.797101
v 0.845122 0.241031 -3.777382
v 0.913139 0.317280 -3.974296
v 0.983176 0.252953 -4.004469
v 0.979641 0.199218 -4.027882
v 0.808792 0.312199 -3.964791
v 0.735794 0.331161 -3.997824
v 0.777491 0.393350 -3.980162
v 0.698190 0.402177 -4.019985
v 0.777491 0.393350 -3.980162
v 0.735794 0.331161 -3.997824
v 0.845105 0.369124 -3.949698
v 0.824357 0.367721 -3.887124
v 0.824638 0.294915 -3.882971
v 0.845105 0.369124 -3.949698
v 0.913139 0.317280 -3.974296
v 0.884438 0.268970 -3.985016
v 0.845122 0.241031 -3.777382
v 0.824638 0.294915 -3.882971
v 0.824357 0.367721 -3.887124
v 0.979641 0.199218 -4.027882
v 0.884438 0.268970 -3.985016
v 0.913139 0.317280 -3.974296
v 0.832639 0.277517 -3.912040
v 0.815183 0.252403 -3.906913
v 0.810056 0.277517 -3.924369
v 0.797727 0.277517 -3.901786
v 0.820310 0.277517 -3.889457
v 0.815183 0.302632 -3.906913
v 0.820310 0.277517 -3.889457
v 0.832639 0.277517 -3.912040
v 0.810056 0.277517 -3.924369
v 0.797727 0.277517 -3.901786
v 0.848088 0.273041 -3.944086
v 0.837374 0.247926 -3.958790
v 0.852078 0.273041 -3.969504
v 0.826659 0.273041 -3.973494
v 0.822670 0.273041 -3.948076
v 0.837374 0.298155 -3.958790
v 0.822670 0.273041 -3.948076
v 0.848088 0.273041 -3.944086
v 0.852078 0.273041 -3.969504
v 0.826659 0.273041 -3.973494
v 0.722579 0.307476 -3.983898
v 0.731632 0.282361 -3.999679
v 0.747413 0.307476 -3.990626
v 0.740685 0.307476 -4.015460
v 0.715851 0.307476 -4.008732
v 0.731632 0.332590 -3.999679
v 0.715851 0.307476 -4.008732
v 0.722579 0.307476 -3.983898
v 0.747413 0.307476 -3.990626
v 0.740685 0.307476 -4.015460
v 0.273423 -0.333668 -7.678596
v 0.237216 -0.333668 -7.720084
v 0.253688 -0.281031 -7.711930
v 0.209866 -0.286069 -7.689425
v 0.237216 -0.333668 -7.720084
v 0.196911 -0.333668 -7.683888
v 0.209866 -0.286069 -7.689425
v 0.230987 -0.281031 -7.643970
v 0.196911 -0.333668 -7.683888
v 0.232143 -0.333668 -7.640127
v 0.230987 -0.281031 -7.643970
v 0.275114 -0.275993 -7.667767
v 0.232143 -0.333668 -7.640127
v 0.273423 -0.333668 -7.678596
v 0.275114 -0.275993 -7.667767
v 0.253688 -0.281031 -7.711930
v 0.275114 -0.275993 -7.667767
v 0.253688 -0.281031 -7.711930
v 0.252347 -0.229493 -7.706437
v 0.211336 -0.237988 -7.692380
v 0.253688 -0.281031 -7.711930
v 0.209866 -0.286069 -7.689425
v 0.211336 -0.237988 -7.692380
v 0.223643 -0.229493 -7.650810
v 0.209866 -0.286069 -7.689425
v 0.230987 -0.281031 -7.643970
v 0.223643 -0.229493 -7.650810
v 0.264653 -0.220998 -7.664868
v 0.230987 -0.281031 -7.643970
v 0.275114 -0.275993 -7.667767
v 0.264653 -0.220998 -7.664868
v 0.252347 -0.229493 -7.706437
v 0.264653 -0.220998 -7.664868
v 0.252347 -0.229493 -7.706437
v 0.219993 -0.180129 -7.709602
v 0.191994 -0.190406 -7.693399
v 0.252347 -0.229493 -7.706437
v 0.211336 -0.237988 -7.692380
v 0.191994 -0.190406 -7.693399
v 0.205120 -0.180129 -7.661857
v 0.211336 -0.237988 -7.692380
v 0.223643 -0.229493 -7.650810
v 0.205120 -0.180129 -7.661857
v 0.233371 -0.169853 -7.679107
v 0.223643 -0.229493 -7.650810
v 0.264653 -0.220998 -7.664868
v 0.233371 -0.169853 -7.679107
v 0.219993 -0.180129 -7.709602
v 0.233371 -0.169853 -7.679107
v 0.219993 -0.180129 -7.709602
v 0.173568 -0.133971 -7.700973
v 0.156705 -0.145054 -7.682103
v 0.219993 -0.180129 -7.709602
v 0.191994 -0.190406 -7.693399
v 0.156705 -0.145054 -7.682103
v 0.171860 -0.133971 -7.658689
v 0.191994 -0.190406 -7.693399
v 0.205120 -0.180129 -7.661857
v 0.171860 -0.133971 -7.658689
v 0.189102 -0.122889 -7.678442
v 0.205120 -0.180129 -7.661857
v 0.233371 -0.169853 -7.679107
v 0.189102 -0.122889 -7.678442
v 0.173568 -0.133971 -7.700973
v 0.189102 -0.122889 -7.678442
v 0.173568 -0.133971 -7.700973
v 0.135652 -0.091982 -7.690771
v 0.126259 -0.099870 -7.676888
v 0.173568 -0.133971 -7.700973
v 0.156705 -0.145054 -7.682103
v 0.126259 -0.099870 -7.676888
v 0.135652 -0.091982 -7.664044
v 0.156705 -0.145054 -7.682103
v 0.171860 -0.133971 -7.658689
v 0.135652 -0.091982 -7.664044
v 0.144007 -0.084964 -7.676888
v 0.171860 -0.133971 -7.658689
v 0.189102 -0.122889 -7.678442
v 0.144007 -0.084964 -7.676888
v 0.135652 -0.091982 -7.690771
v 0.144007 -0.084964 -7.676888
v 0.135652 -0.091982 -7.690771
v 0.096049 -0.055038 -7.677271
v 0.135652 -0.091982 -7.690771
v 0.126259 -0.099870 -7.676888
v 0.126259 -0.099870 -7.676888
v 0.135652 -0.091982 -7.664044
v 0.135652 -0.091982 -7.664044
v 0.144007 -0.084964 -7.676888
v 0.268877 -0.392015 -7.680045
v 0.227683 -0.386306 -7.721674
v 0.237216 -0.333668 -7.720084
v 0.196911 -0.333668 -7.683888
v 0.227683 -0.386306 -7.721674
v 0.186489 -0.380597 -7.680046
v 0.196911 -0.333668 -7.683888
v 0.232143 -0.333668 -7.640127
v 0.186489 -0.380597 -7.680046
v 0.227683 -0.386306 -7.638417
v 0.232143 -0.333668 -7.640127
v 0.273423 -0.333668 -7.678596
v 0.227683 -0.386306 -7.638417
v 0.268877 -0.392015 -7.680045
v 0.273423 -0.333668 -7.678596
v 0.237216 -0.333668 -7.720084
v 0.134654 -0.026526 -7.617125
v 0.096049 -0.055038 -7.677271
v 0.135652 -0.091982 -7.664044
v 0.175481 -0.072081 -7.614179
v 0.227302 -0.061129 -7.543208
v 0.179126 -0.015675 -7.556284
v 0.147278 -0.092349 -7.733517
v 0.144007 -0.084964 -7.676888
v 0.096049 -0.055038 -7.677271
v 0.064826 -0.099011 -7.670189
v 0.126259 -0.099870 -7.676888
v 0.096049 -0.055038 -7.677271
v 0.107093 -0.056389 -7.730752
v 0.124481 -0.088270 -7.807852
v 0.152923 -0.132000 -7.829344
v 0.034328 -0.055204 -7.673712
v -0.018525 -0.068666 -7.654040
v -0.048733 -0.110482 -7.648268
v 0.135652 -0.091982 -7.664044
v 0.175481 -0.072081 -7.614179
v 0.134654 -0.026526 -7.617125
v 0.179126 -0.015675 -7.556284
v 0.134654 -0.026526 -7.617125
v 0.175481 -0.072081 -7.614179
v 0.096049 -0.055038 -7.677271
v 0.107093 -0.056389 -7.730752
v 0.147278 -0.092349 -7.733517
v 0.096049 -0.055038 -7.677271
v 0.034328 -0.055204 -7.673712
v 0.064826 -0.099011 -7.670189
v 0.152923 -0.132000 -7.829344
v 0.147278 -0.092349 -7.733517
v 0.107093 -0.056389 -7.730752
v -0.048733 -0.110482 -7.648268
v 0.064826 -0.099011 -7.670189
v 0.034328 -0.055204 -7.673712
v 0.166973 -0.111424 -7.653736
v 0.149517 -0.136538 -7.648609
v 0.144390 -0.111424 -7.666064
v 0.132061 -0.111424 -7.643482
v 0.154644 -0.111424 -7.631153
v 0.149517 -0.086309 -7.648609
v 0.154644 -0.111424 -7.631153
v 0.166973 -0.111424 -7.653736
v 0.144390 -0.111424 -7.666064
v 0.132061 -0.111424 -7.643482
v 0.121496 -0.125505 -7.661307
v 0.110782 -0.150620 -7.676011
v 0.125486 -0.125505 -7.686725
v 0.100067 -0.125505 -7.690715
v 0.096078 -0.125505 -7.665297
v 0.110782 -0.100391 -7.676011
v 0.096078 -0.125505 -7.665297
v 0.121496 -0.125505 -7.661307
v 0.125486 -0.125505 -7.686725
v 0.100067 -0.125505 -7.690715
v -1.505666 0.080879 -2.548415
v -1.548584 0.091174 -2.515488
v -1.521308 0.139164 -2.523327
v -1.507014 0.121483 -2.479336
v -1.548584 0.091174 -2.515488
v -1.519395 0.073792 -2.473293
v -1.507014 0.121483 -2.479336
v -1.460420 0.112717 -2.496361
v -1.519395 0.073792 -2.473293
v -1.474464 0.062587 -2.505106
v -1.460420 0.112717 -2.496361
v -1.475886 0.130888 -2.540740
v -1.474464 0.062587 -2.505106
v -1.505666 0.080879 -2.548415
v -1.475886 0.130888 -2.540740
v -1.521308 0.139164 -2.523327
v -1.475886 0.130888 -2.540740
v -1.521308 0.139164 -2.523327
v -1.498934 0.184984 -2.513936
v -1.493377 0.167375 -2.473803
v -1.521308 0.139164 -2.523327
v -1.507014 0.121483 -2.479336
v -1.493377 0.167375 -2.473803
v -1.450258 0.162153 -2.481878
v -1.507014 0.121483 -2.479336
v -1.460420 0.112717 -2.496361
v -1.450258 0.162153 -2.481878
v -1.455816 0.179763 -2.522011
v -1.460420 0.112717 -2.496361
v -1.475886 0.130888 -2.540740
v -1.455816 0.179763 -2.522011
v -1.498934 0.184984 -2.513936
v -1.455816 0.179763 -2.522011
v -1.498934 0.184984 -2.513936
v -1.488944 0.228189 -2.474859
v -1.480489 0.209694 -2.447684
v -1.498934 0.184984 -2.513936
v -1.493377 0.167375 -2.473803
v -1.480489 0.209694 -2.447684
v -1.446044 0.209735 -2.456975
v -1.493377 0.167375 -2.473803
v -1.450258 0.162153 -2.481878
v -1.446044 0.209735 -2.456975
v -1.455448 0.228626 -2.484471
v -1.450258 0.162153 -2.481878
v -1.455816 0.179763 -2.522011
v -1.455448 0.228626 -2.484471
v -1.488944 0.228189 -2.474859
v -1.455448 0.228626 -2.484471
v -1.488944 0.228189 -2.474859
v -1.470632 0.262642 -2.421586
v -1.458679 0.243765 -2.405337
v -1.488944 0.228189 -2.474859
v -1.480489 0.209694 -2.447684
v -1.458679 0.243765 -2.405337
v -1.431324 0.247638 -2.417057
v -1.480489 0.209694 -2.447684
v -1.446044 0.209735 -2.456975
v -1.431324 0.247638 -2.417057
v -1.444058 0.266869 -2.433739
v -1.446044 0.209735 -2.456975
v -1.455448 0.228626 -2.484471
v -1.444058 0.266869 -2.433739
v -1.470632 0.262642 -2.421586
v -1.444058 0.266869 -2.433739
v -1.470632 0.262642 -2.421586
v -1.451282 0.293664 -2.377224
v -1.442052 0.280374 -2.368203
v -1.470632 0.262642 -2.421586
v -1.458679 0.243765 -2.405337
v -1.442052 0.280374 -2.368203
v -1.426311 0.284306 -2.375426
v -1.458679 0.243765 -2.405337
v -1.431324 0.247638 -2.417057
v -1.426311 0.284306 -2.375426
v -1.434983 0.296302 -2.383485
v -1.431324 0.247638 -2.417057
v -1.444058 0.266869 -2.433739
v -1.434983 0.296302 -2.383485
v -1.451282 0.293664 -2.377224
v -1.434983 0.296302 -2.383485
v -1.451282 0.293664 -2.377224
v -1.430746 0.318645 -2.331730
v -1.451282 0.293664 -2.377224
v -1.442052 0.280374 -2.368203
v -1.442052 0.280374 -2.368203
v -1.426311 0.284306 -2.375426
v -1.426311 0.284306 -2.375426
v -1.434983 0.296302 -2.383485
v -1.527235 0.026629 -2.552743
v -1.568931 0.041697 -2.514053
v -1.548584 0.091174 -2.515488
v -1.519395 0.073792 -2.473293
v -1.568931 0.041697 -2.514053
v -1.532841 0.027614 -2.469763
v -1.519395 0.073792 -2.473293
v -1.474464 0.062587 -2.505106
v -1.532841 0.027614 -2.469763
v -1.491145 0.012547 -2.508453
v -1.474464 0.062587 -2.505106
v -1.505666 0.080879 -2.548415
v -1.491145 0.012547 -2.508453
v -1.527235 0.026629 -2.552743
v -1.505666 0.080879 -2.548415
v -1.548584 0.091174 -2.515488
v -1.360496 0.328596 -2.361509
v -1.430746 0.318645 -2.331730
v -1.426311 0.284306 -2.375426
v -1.368432 0.289997 -2.408391
v -1.292478 0.281383 -2.453101
v -1.294884 0.322576 -2.399667
v -1.490007 0.309647 -2.391623
v -1.434983 0.296302 -2.383485
v -1.430746 0.318645 -2.331730
v -1.442556 0.271649 -2.307021
v -1.442052 0.280374 -2.368203
v -1.430746 0.318645 -2.331730
v -1.479900 0.337405 -2.346425
v -1.560699 0.336802 -2.373526
v -1.592273 0.307007 -2.409561
v -1.434563 0.310033 -2.270629
v -1.426796 0.284458 -2.219176
v -1.438986 0.240045 -2.195235
v -1.426311 0.284306 -2.375426
v -1.368432 0.289997 -2.408391
v -1.360496 0.328596 -2.361509
v -1.294884 0.322576 -2.399667
v -1.360496 0.328596 -2.361509
v -1.368432 0.289997 -2.408391
v -1.430746 0.318645 -2.331730
v -1.479900 0.337405 -2.346425
v -1.490007 0.309647 -2.391623
v -1.430746 0.318645 -2.331730
v -1.434563 0.310033 -2.270629
v -1.442556 0.271649 -2.307021
v -1.592273 0.307007 -2.409561
v -1.490007 0.309647 -2.391623
v -1.479900 0.337405 -2.346425
v -1.438986 0.240045 -2.195235
v -1.442556 0.271649 -2.307021
v -1.434563 0.310033 -2.270629
v -1.419646 0.266288 -2.408535
v -1.425337 0.239112 -2.394722
v -1.433757 0.267966 -2.387086
v -1.414074 0.258618 -2.373405
v -1.399963 0.256940 -2.394854
v -1.408383 0.285794 -2.387219
v -1.399963 0.256940 -2.394854
v -1.419646 0.266288 -2.408535
v -1.433757 0.267966 -2.387086
v -1.414074 0.258618 -2.373405
v -1.436694 0.250538 -2.366285
v -1.460139 0.231093 -2.360456
v -1.459984 0.259904 -2.371931
v -1.466630 0.258330 -2.347124
v -1.443340 0.248965 -2.341479
v -1.443185 0.277775 -2.352953
v -1.443340 0.248965 -2.341479
v -1.436694 0.250538 -2.366285
v -1.459984 0.259904 -2.371931
v -1.466630 0.258330 -2.347124
v -0.142393 -0.102518 2.121238
v -0.088967 -0.107621 2.077432
v -0.090431 -0.040552 2.073795
v -0.130172 -0.040525 2.025323
v -0.088967 -0.107621 2.077432
v -0.132891 -0.107592 2.023859
v -0.130172 -0.040525 2.025323
v -0.178511 -0.035908 2.064959
v -0.132891 -0.107592 2.023859
v -0.186317 -0.102489 2.067665
v -0.178511 -0.035908 2.064959
v -0.138770 -0.035935 2.113430
v -0.186317 -0.102489 2.067665
v -0.142393 -0.102518 2.121238
v -0.138770 -0.035935 2.113430
v -0.090431 -0.040552 2.073795
v -0.138770 -0.035935 2.113430
v -0.090431 -0.040552 2.073795
v -0.094045 0.026631 2.069942
v -0.127906 0.026654 2.028642
v -0.090431 -0.040552 2.073795
v -0.130172 -0.040525 2.025323
v -0.127906 0.026654 2.028642
v -0.169093 0.030588 2.062413
v -0.130172 -0.040525 2.025323
v -0.178511 -0.035908 2.064959
v -0.169093 0.030588 2.062413
v -0.135232 0.030565 2.103714
v -0.178511 -0.035908 2.064959
v -0.138770 -0.035935 2.113430
v -0.135232 0.030565 2.103714
v -0.094045 0.026631 2.069942
v -0.135232 0.030565 2.103714
v -0.094045 0.026631 2.069942
v -0.097897 0.093826 2.066065
v -0.125690 0.093845 2.032167
v -0.094045 0.026631 2.069942
v -0.127906 0.026654 2.028642
v -0.125690 0.093845 2.032167
v -0.159496 0.097074 2.059886
v -0.127906 0.026654 2.028642
v -0.169093 0.030588 2.062413
v -0.159496 0.097074 2.059886
v -0.131703 0.097055 2.093784
v -0.169093 0.030588 2.062413
v -0.135232 0.030565 2.103714
v -0.131703 0.097055 2.093784
v -0.097897 0.093826 2.066065
v -0.131703 0.097055 2.093784
v -0.097897 0.093826 2.066065
v -0.100078 0.160933 2.062356
v -0.123123 0.160949 2.034249
v -0.097897 0.093826 2.066065
v -0.125690 0.093845 2.032167
v -0.123123 0.160949 2.034249
v -0.151153 0.163626 2.057232
v -0.125690 0.093845 2.032167
v -0.159496 0.097074 2.059886
v -0.151153 0.163626 2.057232
v -0.128108 0.163611 2.085340
v -0.159496 0.097074 2.059886
v -0.131703 0.097055 2.093784
v -0.128108 0.163611 2.085340
v -0.100078 0.160933 2.062356
v -0.128108 0.163611 2.085340
v -0.100078 0.160933 2.062356
v -0.105441 0.228208 2.058328
v -0.120620 0.228303 2.041634
v -0.100078 0.160933 2.062356
v -0.123123 0.160949 2.034249
v -0.120620 0.228303 2.041634
v -0.137485 0.229898 2.055114
v -0.123123 0.160949 2.034249
v -0.151153 0.163626 2.057232
v -0.137485 0.229898 2.055114
v -0.123390 0.229782 2.070024
v -0.151153 0.163626 2.057232
v -0.128108 0.163611 2.085340
v -0.123390 0.229782 2.070024
v -0.105441 0.228208 2.058328
v -0.123390 0.229782 2.070024
v -0.105441 0.228208 2.058328
v -0.117794 0.295852 2.053598
v -0.105441 0.228208 2.058328
v -0.120620 0.228303 2.041634
v -0.120620 0.228303 2.041634
v -0.137485 0.229898 2.055114
v -0.137485 0.229898 2.055114
v -0.123390 0.229782 2.070024
v -0.146170 -0.169254 2.125597
v -0.091389 -0.174486 2.080679
v -0.088967 -0.107621 2.077432
v -0.132891 -0.107592 2.023859
v -0.091389 -0.174486 2.080679
v -0.136427 -0.174456 2.025748
v -0.132891 -0.107592 2.023859
v -0.186317 -0.102489 2.067665
v -0.136427 -0.174456 2.025748
v -0.191208 -0.169223 2.070665
v -0.186317 -0.102489 2.067665
v -0.142393 -0.102518 2.121238
v -0.191208 -0.169223 2.070665
v -0.146170 -0.169254 2.125597
v -0.142393 -0.102518 2.121238
v -0.088967 -0.107621 2.077432
v -0.137485 0.229898 2.055114
v -0.203063 0.224258 2.102221
v -0.196134 0.291869 2.104352
v -0.275062 0.272926 2.144696
v -0.196134 0.291869 2.104352
v -0.203063 0.224258 2.102221
v -0.117794 0.295852 2.053598
v -0.055032 0.281791 2.067946
v -0.055732 0.216644 2.074152
v -0.117794 0.295852 2.053598
v -0.106592 0.277355 1.963378
v -0.114634 0.215290 1.968278
v 0.059075 0.165141 2.062636
v -0.055732 0.216644 2.074152
v -0.055032 0.281791 2.067946
v -0.141495 0.176309 1.835255
v -0.114634 0.215290 1.968278
v -0.106592 0.277355 1.963378
v -0.196134 0.291869 2.104352
v -0.117794 0.295852 2.053598
v -0.137485 0.229898 2.055114
v -0.203063 0.224258 2.102221
v -0.295103 0.207920 2.152030
v -0.275062 0.272926 2.144696
v -0.055732 0.216644 2.074152
v -0.123390 0.229782 2.070024
v -0.117794 0.295852 2.053598
v -0.114634 0.215290 1.968278
v -0.120620 0.228303 2.041634
v -0.117794 0.295852 2.053598
v -0.055032 0.281791 2.067946
v 0.036315 0.233055 2.065044
v 0.059075 0.165141 2.062636
v -0.106592 0.277355 1.963378
v -0.134467 0.244049 1.870664
v -0.141495 0.176309 1.835255
v -0.158587 0.204542 2.090999
v -0.163426 0.178860 2.074303
v -0.144146 0.202726 2.069781
v -0.165390 0.203271 2.055276
v -0.179831 0.205086 2.076493
v -0.160551 0.228953 2.071973
v -0.179831 0.205086 2.076493
v -0.158587 0.204542 2.090999
v -0.144146 0.202726 2.069781
v -0.165390 0.203271 2.055276
v -0.134672 0.200123 2.025487
v -0.120460 0.173752 2.017468
v -0.109802 0.198998 2.031986
v -0.103373 0.197473 2.007120
v -0.128242 0.198598 2.000620
v -0.117585 0.223844 2.015139
v -0.128242 0.198598 2.000620
v -0.134672 0.200123 2.025487
v -0.109802 0.198998 2.031986
v -0.103373 0.197473 2.007120
v -0.107837 0.215473 2.044115
v -0.094472 0.190069 2.055851
v -0.103560 0.216406 2.069469
v -0.078231 0.214757 2.065258
v -0.082508 0.213824 2.039904
v -0.091597 0.240161 2.053522
v -0.082508 0.213824 2.039904
v -0.107837 0.215473 2.044115
v -0.103560 0.216406 2.069469
v -0.078231 0.214757 2.065258
v 0.929834 0.203396 -1.977863
v 0.900000 0.196953 -1.915672
v 0.913868 0.263263 -1.910536
v 0.972209 0.265804 -1.882725
v 0.900000 0.196953 -1.915672
v 0.962511 0.192464 -1.886150
v 0.972209 0.265804 -1.882725
v 0.997398 0.265033 -1.940105
v 0.962511 0.192464 -1.886150
v 0.992345 0.198908 -1.948341
v 0.997398 0.265033 -1.940105
v 0.939187 0.262483 -1.967857
v 0.992345 0.198908 -1.948341
v 0.929834 0.203396 -1.977863
v 0.939187 0.262483 -1.967857
v 0.913868 0.263263 -1.910536
v 0.939187 0.262483 -1.967857
v 0.913868 0.263263 -1.910536
v 0.937975 0.328401 -1.910459
v 0.990304 0.336059 -1.886018
v 0.913868 0.263263 -1.910536
v 0.972209 0.265804 -1.882725
v 0.990304 0.336059 -1.886018
v 1.009073 0.329915 -1.935686
v 0.972209 0.265804 -1.882725
v 0.997398 0.265033 -1.940105
v 1.009073 0.329915 -1.935686
v 0.956788 0.322254 -1.960107
v 0.997398 0.265033 -1.940105
v 0.939187 0.262483 -1.967857
v 0.956788 0.322254 -1.960107
v 0.937975 0.328401 -1.910459
v 0.956788 0.322254 -1.960107
v 0.937975 0.328401 -1.910459
v 0.958828 0.391615 -1.919968
v 1.001537 0.402422 -1.900936
v 0.937975 0.328401 -1.910459
v 0.990304 0.336059 -1.886018
v 1.001537 0.402422 -1.900936
v 1.017501 0.392835 -1.940530
v 0.990304 0.336059 -1.886018
v 1.009073 0.329915 -1.935686
v 1.017501 0.392835 -1.940530
v 0.974123 0.382074 -1.959865
v 1.009073 0.329915 -1.935686
v 0.956788 0.322254 -1.960107
v 0.974123 0.382074 -1.959865
v 0.958828 0.391615 -1.919968
v 0.974123 0.382074 -1.959865
v 0.958828 0.391615 -1.919968
v 0.967298 0.451896 -1.941432
v 1.000104 0.464561 -1.928040
v 0.958828 0.391615 -1.919968
v 1.001537 0.402422 -1.900936
v 1.000104 0.464561 -1.928040
v 1.015834 0.452916 -1.958533
v 1.001537 0.402422 -1.900936
v 1.017501 0.392835 -1.940530
v 1.015834 0.452916 -1.958533
v 0.982393 0.440295 -1.972213
v 1.017501 0.392835 -1.940530
v 0.974123 0.382074 -1.959865
v 0.982393 0.440295 -1.972213
v 0.967298 0.451896 -1.941432
v 0.982393 0.440295 -1.972213
v 0.967298 0.451896 -1.941432
v 0.964863 0.508167 -1.977419
v 0.984498 0.517631 -1.971588
v 0.967298 0.451896 -1.941432
v 1.000104 0.464561 -1.928040
v 0.984498 0.517631 -1.971588
v 0.995259 0.508811 -1.988172
v 1.000104 0.464561 -1.928040
v 1.015834 0.452916 -1.958533
v 0.995259 0.508811 -1.988172
v 0.977231 0.500380 -1.993161
v 1.015834 0.452916 -1.958533
v 0.982393 0.440295 -1.972213
v 0.977231 0.500380 -1.993161
v 0.964863 0.508167 -1.977419
v 0.977231 0.500380 -1.993161
v 0.964863 0.508167 -1.977419
v 0.964482 0.558576 -2.024330
v 0.964863 0.508167 -1.977419
v 0.984498 0.517631 -1.971588
v 0.984498 0.517631 -1.971588
v 0.995259 0.508811 -1.988172
v 0.995259 0.508811 -1.988172
v 0.977231 0.500380 -1.993161
v 0.934095 0.144793 -1.986424
v 0.904985 0.130563 -1.923228
v 0.900000 0.196953 -1.915672
v 0.962511 0.192464 -1.886150
v 0.904985 0.130563 -1.923228
v 0.970707 0.118328 -1.893463
v 0.962511 0.192464 -1.886150
v 0.992345 0.198908 -1.948341
v 0.970707 0.118328 -1.893463
v 0.999671 0.132568 -1.956726
v 0.992345 0.198908 -1.948341
v 0.929834 0.203396 -1.977863
v 0.999671 0.132568 -1.956726
v 0.934095 0.144793 -1.986424
v 0.929834 0.203396 -1.977863
v 0.900000 0.196953 -1.915672
v 0.995259 0.508811 -1.988172
v 1.040684 0.469881 -2.042545
v 1.022584 0.511896 -2.080532
v 1.085898 0.466469 -2.124439
v 1.022584 0.511896 -2.080532
v 1.040684 0.469881 -2.042545
v 0.964482 0.558576 -2.024330
v 0.904755 0.544255 -2.000495
v 0.915593 0.493521 -1.962889
v 0.964482 0.558576 -2.024330
v 0.985711 0.612705 -1.951767
v 1.006384 0.553520 -1.909620
v 0.822190 0.467701 -1.881696
v 0.915593 0.493521 -1.962889
v 0.904755 0.544255 -2.000495
v 1.086521 0.588817 -1.794673
v 1.006384 0.553520 -1.909620
v 0.985711 0.612705 -1.951767
v 1.022584 0.511896 -2.080532
v 0.964482 0.558576 -2.024330
v 0.995259 0.508811 -1.988172
v 1.040684 0.469881 -2.042545
v 1.110047 0.423224 -2.106081
v 1.085898 0.466469 -2.124439
v 0.915593 0.493521 -1.962889
v 0.977231 0.500380 -1.993161
v 0.964482 0.558576 -2.024330
v 1.006384 0.553520 -1.909620
v 0.984498 0.517631 -1.971588
v 0.964482 0.558576 -2.024330
v 0.904755 0.544255 -2.000495
v 0.830619 0.519578 -1.932538
v 0.822190 0.467701 -1.881696
v 0.985711 0.612705 -1.951767
v 1.049785 0.644832 -1.874274
v 1.086521 0.588817 -1.794673
v 0.989838 0.481497 -2.010958
v 1.000028 0.454699 -1.999135
v 0.985750 0.478731 -1.985707
v 1.011148 0.477807 -1.981696
v 1.015236 0.480572 -2.006948
v 1.000958 0.504605 -1.993519
v 1.015236 0.480572 -2.006948
v 0.989838 0.481497 -2.010958
v 0.985750 0.478731 -1.985707
v 1.011148 0.477807 -1.981696
v 1.009776 0.517260 -1.947505
v 0.999025 0.490818 -1.935381
v 0.984487 0.517198 -1.942765
v 0.989205 0.514282 -1.917640
v 1.014493 0.514344 -1.922381
v 0.999956 0.540724 -1.929765
v 1.014493 0.514344 -1.922381
v 1.009776 0.517260 -1.947505
v 0.984487 0.517198 -1.942765
v 0.989205 0.514282 -1.917640
v 0.968247 0.472110 -1.979399
v 0.949888 0.447852 -1.985419
v 0.953622 0.474746 -2.000402
v 0.932459 0.473500 -1.985823
v 0.947083 0.470863 -1.964819
v 0.950818 0.497757 -1.979803
v 0.947083 0.470863 -1.964819
v 0.968247 0.472110 -1.979399
v 0.953622 0.474746 -2.000402
v 0.932459 0.473500 -1.985823
v 1.573957 0.258864 -7.506841
v 1.524970 0.258864 -7.555827
v 1.524970 0.325836 -7.550497
v 1.480648 0.325836 -7.506175
v 1.524970 0.258864 -7.555827
v 1.475984 0.258864 -7.506841
v 1.480648 0.325836 -7.506175
v 1.524970 0.325836 -7.461853
v 1.475984 0.258864 -7.506841
v 1.524970 0.258864 -7.457855
v 1.524970 0.325836 -7.461853
v 1.569293 0.325836 -7.506175
v 1.524970 0.258864 -7.457855
v 1.573957 0.258864 -7.506841
v 1.569293 0.325836 -7.506175
v 1.524970 0.325836 -7.550497
v 1.569293 0.325836 -7.506175
v 1.524970 0.325836 -7.550497
v 1.524970 0.392808 -7.543002
v 1.487206 0.392808 -7.505238
v 1.524970 0.325836 -7.550497
v 1.480648 0.325836 -7.506175
v 1.487206 0.392808 -7.505238
v 1.524970 0.392808 -7.467474
v 1.480648 0.325836 -7.506175
v 1.524970 0.325836 -7.461853
v 1.524970 0.392808 -7.467474
v 1.562735 0.392808 -7.505238
v 1.524970 0.325836 -7.461853
v 1.569293 0.325836 -7.506175
v 1.562735 0.392808 -7.505238
v 1.524970 0.392808 -7.543002
v 1.562735 0.392808 -7.505238
v 1.524970 0.392808 -7.543002
v 1.524970 0.459780 -7.535268
v 1.493974 0.459780 -7.504272
v 1.524970 0.392808 -7.543002
v 1.487206 0.392808 -7.505238
v 1.493974 0.459780 -7.504272
v 1.524970 0.459780 -7.473275
v 1.487206 0.392808 -7.505238
v 1.524970 0.392808 -7.467474
v 1.524970 0.459780 -7.473275
v 1.555967 0.459780 -7.504271
v 1.524970 0.392808 -7.467474
v 1.562735 0.392808 -7.505238
v 1.555967 0.459780 -7.504271
v 1.524970 0.459780 -7.535268
v 1.555967 0.459780 -7.504271
v 1.524970 0.459780 -7.535268
v 1.524970 0.526752 -7.529216
v 1.499269 0.526752 -7.503515
v 1.524970 0.459780 -7.535268
v 1.493974 0.459780 -7.504272
v 1.499269 0.526752 -7.503515
v 1.524970 0.526752 -7.477814
v 1.493974 0.459780 -7.504272
v 1.524970 0.459780 -7.473275
v 1.524970 0.526752 -7.477814
v 1.550671 0.526752 -7.503515
v 1.524970 0.459780 -7.473275
v 1.555967 0.459780 -7.504271
v 1.550671 0.526752 -7.503515
v 1.524970 0.526752 -7.529216
v 1.550671 0.526752 -7.503515
v 1.524970 0.526752 -7.529216
v 1.524970 0.593724 -7.519960
v 1.509855 0.593724 -7.503209
v 1.524970 0.526752 -7.529216
v 1.499269 0.526752 -7.503515
v 1.509855 0.593724 -7.503209
v 1.524970 0.593724 -7.487712
v 1.499269 0.526752 -7.503515
v 1.524970 0.526752 -7.477814
v 1.524970 0.593724 -7.487712
v 1.538417 0.593724 -7.503209
v 1.524970 0.526752 -7.477814
v 1.550671 0.526752 -7.503515
v 1.538417 0.593724 -7.503209
v 1.524970 0.593724 -7.519960
v 1.538417 0.593724 -7.503209
v 1.524970 0.593724 -7.519960
v 1.524970 0.660696 -7.503671
v 1.524970 0.593724 -7.519960
v 1.509855 0.593724 -7.503209
v 1.509855 0.593724 -7.503209
v 1.524970 0.593724 -7.487712
v 1.524970 0.593724 -7.487712
v 1.538417 0.593724 -7.503209
v 1.575199 0.191892 -7.507019
v 1.524970 0.191892 -7.557248
v 1.524970 0.258864 -7.555827
v 1.475984 0.258864 -7.506841
v 1.524970 0.191892 -7.557248
v 1.474741 0.191892 -7.507019
v 1.475984 0.258864 -7.506841
v 1.524970 0.258864 -7.457855
v 1.474741 0.191892 -7.507019
v 1.524970 0.191892 -7.456789
v 1.524970 0.258864 -7.457855
v 1.573957 0.258864 -7.506841
v 1.524970 0.191892 -7.456789
v 1.575199 0.191892 -7.507019
v 1.573957 0.258864 -7.506841
v 1.524970 0.258864 -7.555827
v 1.524970 0.593724 -7.487712
v 1.577860 0.582162 -7.427543
v 1.582808 0.649887 -7.431098
v 1.629581 0.624608 -7.357687
v 1.582808 0.649887 -7.431098
v 1.577860 0.582162 -7.427543
v 1.524970 0.660696 -7.503671
v 1.532416 0.649601 -7.568201
v 1.535278 0.584302 -7.571537
v 1.524970 0.660696 -7.503671
v 1.433253 0.647074 -7.506777
v 1.435689 0.584490 -7.502526
v 1.510030 0.540043 -7.687163
v 1.535278 0.584302 -7.571537
v 1.532416 0.649601 -7.568201
v 1.304059 0.550247 -7.464618
v 1.435689 0.584490 -7.502526
v 1.433253 0.647074 -7.506777
v 1.582808 0.649887 -7.431098
v 1.524970 0.660696 -7.503671
v 1.524970 0.593724 -7.487712
v 1.577860 0.582162 -7.427543
v 1.635448 0.558292 -7.341909
v 1.629581 0.624608 -7.357687
v 1.535278 0.584302 -7.571537
v 1.538417 0.593724 -7.503209
v 1.524970 0.660696 -7.503671
v 1.435689 0.584490 -7.502526
v 1.509855 0.593724 -7.503209
v 1.524970 0.660696 -7.503671
v 1.532416 0.649601 -7.568201
v 1.518149 0.606360 -7.661231
v 1.510030 0.540043 -7.687163
v 1.433253 0.647074 -7.506777
v 1.342078 0.616563 -7.471582
v 1.304059 0.550247 -7.464618
v 1.561372 0.565565 -7.471650
v 1.543916 0.540451 -7.466523
v 1.538789 0.565565 -7.483979
v 1.526460 0.565565 -7.461395
v 1.549043 0.565565 -7.449067
v 1.543916 0.590680 -7.466523
v 1.549043 0.565565 -7.449067
v 1.561372 0.565565 -7.471650
v 1.538789 0.565565 -7.483979
v 1.526460 0.565565 -7.461395
v 1.493709 0.565565 -7.489114
v 1.482994 0.540451 -7.503818
v 1.497698 0.565565 -7.514532
v 1.472280 0.565565 -7.518521
v 1.468291 0.565565 -7.493103
v 1.482994 0.590680 -7.503818
v 1.468291 0.565565 -7.493103
v 1.493709 0.565565 -7.489114
v 1.497698 0.565565 -7.514532
v 1.472280 0.565565 -7.518521
v 1.510416 0.581546 -7.516830
v 1.519469 0.556431 -7.532611
v 1.535250 0.581545 -7.523559
v 1.528522 0.581546 -7.548393
v 1.503688 0.581545 -7.541665
v 1.519469 0.606660 -7.532612
v 1.503688 0.581545 -7.541665
v 1.510416 0.581546 -7.516830
v 1.535250 0.581545 -7.523559
v 1.528522 0.581546 -7.548393
v -0.950669 0.298659 -6.255444
v -0.960351 0.310644 -6.202579
v -0.936094 0.355101 -6.225895
v -0.900706 0.330520 -6.201489
v -0.960351 0.310644 -6.202579
v -0.914817 0.284561 -6.189127
v -0.900706 0.330520 -6.201489
v -0.877928 0.317642 -6.244536
v -0.914817 0.284561 -6.189127
v -0.903078 0.271276 -6.242438
v -0.877928 0.317642 -6.244536
v -0.914357 0.342909 -6.268483
v -0.903078 0.271276 -6.242438
v -0.950669 0.298659 -6.255444
v -0.914357 0.342909 -6.268483
v -0.936094 0.355101 -6.225895
v -0.914357 0.342909 -6.268483
v -0.936094 0.355101 -6.225895
v -0.905036 0.396026 -6.232876
v -0.878658 0.373157 -6.205806
v -0.936094 0.355101 -6.225895
v -0.900706 0.330520 -6.201489
v -0.878658 0.373157 -6.205806
v -0.852204 0.363164 -6.239746
v -0.900706 0.330520 -6.201489
v -0.877928 0.317642 -6.244536
v -0.852204 0.363164 -6.239746
v -0.878582 0.386033 -6.266817
v -0.877928 0.317642 -6.244536
v -0.914357 0.342909 -6.268483
v -0.878582 0.386033 -6.266817
v -0.905036 0.396026 -6.232876
v -0.878582 0.386033 -6.266817
v -0.905036 0.396026 -6.232876
v -0.865021 0.432502 -6.209175
v -0.844808 0.409919 -6.193893
v -0.905036 0.396026 -6.232876
v -0.878658 0.373157 -6.205806
v -0.844808 0.409919 -6.193893
v -0.824710 0.406419 -6.223162
v -0.878658 0.373157 -6.205806
v -0.852204 0.363164 -6.239746
v -0.824710 0.406419 -6.223162
v -0.845770 0.429558 -6.238076
v -0.852204 0.363164 -6.239746
v -0.878582 0.386033 -6.266817
v -0.845770 0.429558 -6.238076
v -0.865021 0.432502 -6.209175
v -0.845770 0.429558 -6.238076
v -0.865021 0.432502 -6.209175
v -0.811339 0.457548 -6.179997
v -0.795464 0.435424 -6.175333
v -0.865021 0.432502 -6.209175
v -0.844808 0.409919 -6.193893
v -0.795464 0.435424 -6.175333
v -0.781554 0.436941 -6.201883
v -0.844808 0.409919 -6.193893
v -0.824710 0.406419 -6.223162
v -0.781554 0.436941 -6.201883
v -0.798228 0.459570 -6.206375
v -0.824710 0.406419 -6.223162
v -0.845770 0.429558 -6.238076
v -0.798228 0.459570 -6.206375
v -0.811339 0.457548 -6.179997
v -0.798228 0.459570 -6.206375
v -0.811339 0.457548 -6.179997
v -0.763125 0.480145 -6.158327
v -0.752863 0.464749 -6.157419
v -0.811339 0.457548 -6.179997
v -0.795464 0.435424 -6.175333
v -0.752863 0.464749 -6.157419
v -0.744855 0.467354 -6.173056
v -0.795464 0.435424 -6.175333
v -0.781554 0.436941 -6.201883
v -0.744855 0.467354 -6.173056
v -0.754322 0.481287 -6.173592
v -0.781554 0.436941 -6.201883
v -0.798228 0.459570 -6.206375
v -0.754322 0.481287 -6.173592
v -0.763125 0.480145 -6.158327
v -0.754322 0.481287 -6.173592
v -0.763125 0.480145 -6.158327
v -0.714391 0.496504 -6.136582
v -0.763125 0.480145 -6.158327
v -0.752863 0.464749 -6.157419
v -0.752863 0.464749 -6.157419
v -0.744855 0.467354 -6.173056
v -0.744855 0.467354 -6.173056
v -0.754322 0.481287 -6.173592
v -0.979442 0.248729 -6.245143
v -0.983700 0.264554 -6.188629
v -0.960351 0.310644 -6.202579
v -0.914817 0.284561 -6.189127
v -0.983700 0.264554 -6.188629
v -0.931046 0.240534 -6.177996
v -0.914817 0.284561 -6.189127
v -0.903078 0.271276 -6.242438
v -0.931046 0.240534 -6.177996
v -0.926788 0.224709 -6.234510
v -0.903078 0.271276 -6.242438
v -0.950669 0.298659 -6.255444
v -0.926788 0.224709 -6.234510
v -0.979442 0.248729 -6.245143
v -0.950669 0.298659 -6.255444
v -0.960351 0.310644 -6.202579
v -0.678468 0.500366 -6.204519
v -0.714391 0.496504 -6.136582
v -0.744855 0.467354 -6.173056
v -0.721038 0.469076 -6.235497
v -0.693601 0.455693 -6.318625
v -0.654217 0.490147 -6.275966
v -0.798531 0.502817 -6.144369
v -0.754322 0.481287 -6.173592
v -0.714391 0.496504 -6.136582
v -0.716149 0.448920 -6.110291
v -0.752863 0.464749 -6.157419
v -0.714391 0.496504 -6.136582
v -0.757344 0.523351 -6.116129
v -0.835479 0.536908 -6.084915
v -0.887423 0.516173 -6.092341
v -0.680205 0.481244 -6.087383
v -0.646444 0.448889 -6.053103
v -0.648508 0.403987 -6.027143
v -0.744855 0.467354 -6.173056
v -0.721038 0.469076 -6.235497
v -0.678468 0.500366 -6.204519
v -0.654217 0.490147 -6.275966
v -0.678468 0.500366 -6.204519
v -0.721038 0.469076 -6.235497
v -0.714391 0.496504 -6.136582
v -0.757344 0.523351 -6.116129
v -0.798531 0.502817 -6.144369
v -0.714391 0.496504 -6.136582
v -0.680205 0.481244 -6.087383
v -0.716149 0.448920 -6.110291
v -0.887423 0.516173 -6.092341
v -0.798531 0.502817 -6.144369
v -0.757344 0.523351 -6.116129
v -0.648508 0.403987 -6.027143
v -0.716149 0.448920 -6.110291
v -0.680205 0.481244 -6.087383
v -0.764004 0.452689 -6.202780
v -0.764463 0.425076 -6.188673
v -0.760782 0.453681 -6.177273
v -0.738986 0.440193 -6.179502
v -0.742207 0.439202 -6.205009
v -0.738527 0.467807 -6.193610
v -0.742207 0.439202 -6.205009
v -0.764004 0.452689 -6.202780
v -0.760782 0.453681 -6.177273
v -0.738986 0.440193 -6.179502
v -0.752992 0.434449 -6.159540
v -0.770484 0.417791 -6.140090
v -0.772425 0.447480 -6.148838
v -0.762040 0.443865 -6.125577
v -0.742607 0.430833 -6.136279
v -0.744548 0.460522 -6.145027
v -0.742607 0.430833 -6.136279
v -0.752992 0.434449 -6.159540
v -0.772425 0.447480 -6.148838
v -0.762040 0.443865 -6.125577
v -0.701124 -0.424426 0.158764
v -0.750110 -0.424426 0.109778
v -0.724088 -0.359504 0.121860
v -0.785029 -0.354326 0.135579
v -0.750110 -0.424426 0.109778
v -0.799097 -0.424426 0.158764
v -0.785029 -0.354326 0.135579
v -0.771360 -0.355487 0.196740
v -0.799097 -0.424426 0.158764
v -0.750111 -0.424426 0.207751
v -0.771360 -0.355487 0.196740
v -0.710418 -0.360666 0.183022
v -0.750111 -0.424426 0.207751
v -0.701124 -0.424426 0.158764
v -0.710418 -0.360666 0.183022
v -0.724088 -0.359504 0.121860
v -0.710418 -0.360666 0.183022
v -0.724088 -0.359504 0.121860
v -0.706713 -0.296613 0.143217
v -0.756269 -0.288129 0.125201
v -0.724088 -0.359504 0.121860
v -0.785029 -0.354326 0.135579
v -0.756269 -0.288129 0.125201
v -0.774027 -0.285089 0.175478
v -0.785029 -0.354326 0.135579
v -0.771360 -0.355487 0.196740
v -0.774027 -0.285089 0.175478
v -0.724471 -0.293573 0.193494
v -0.771360 -0.355487 0.196740
v -0.710418 -0.360666 0.183022
v -0.724471 -0.293573 0.193494
v -0.706713 -0.296613 0.143217
v -0.724471 -0.293573 0.193494
v -0.706713 -0.296613 0.143217
v -0.697567 -0.232721 0.162065
v -0.723645 -0.225943 0.127488
v -0.706713 -0.296613 0.143217
v -0.756269 -0.288129 0.125201
v -0.723645 -0.225943 0.127488
v -0.757110 -0.217244 0.154433
v -0.756269 -0.288129 0.125201
v -0.774027 -0.285089 0.175478
v -0.757110 -0.217244 0.154433
v -0.731031 -0.224022 0.189009
v -0.774027 -0.285089 0.175478
v -0.724471 -0.293573 0.193494
v -0.731031 -0.224022 0.189009
v -0.697567 -0.232721 0.162065
v -0.731032 -0.224022 0.189009
v -0.697567 -0.232721 0.162065
v -0.688956 -0.167345 0.172685
v -0.692283 -0.166171 0.136510
v -0.697567 -0.232721 0.162065
v -0.723645 -0.225943 0.127488
v -0.692283 -0.166171 0.136510
v -0.726399 -0.154138 0.140038
v -0.723645 -0.225943 0.127488
v -0.757110 -0.217244 0.154433
v -0.726399 -0.154138 0.140038
v -0.723071 -0.155312 0.176214
v -0.757110 -0.217244 0.154433
v -0.731031 -0.224022 0.189009
v -0.723071 -0.155312 0.176214
v -0.688956 -0.167345 0.172685
v -0.723071 -0.155312 0.176214
v -0.688956 -0.167345 0.172685
v -0.676512 -0.101167 0.170880
v -0.668197 -0.104918 0.150244
v -0.688956 -0.167345 0.172685
v -0.692283 -0.166171 0.136510
v -0.668197 -0.104918 0.150244
v -0.685700 -0.097021 0.140247
v -0.692283 -0.166171 0.136510
v -0.726399 -0.154138 0.140038
v -0.685700 -0.097021 0.140247
v -0.692927 -0.093760 0.159171
v -0.726399 -0.154138 0.140038
v -0.723071 -0.155312 0.176214
v -0.692927 -0.093760 0.159171
v -0.676512 -0.101167 0.170880
v -0.692927 -0.093760 0.159171
v -0.676512 -0.101167 0.170880
v -0.649387 -0.040096 0.155341
v -0.676512 -0.101167 0.170880
v -0.668197 -0.104918 0.150244
v -0.668197 -0.104918 0.150244
v -0.685700 -0.097021 0.140247
v -0.685700 -0.097021 0.140247
v -0.692927 -0.093760 0.159171
v -0.704996 -0.487725 0.131705
v -0.774060 -0.493594 0.116157
v -0.750110 -0.424426 0.109778
v -0.799097 -0.424426 0.158764
v -0.774060 -0.493594 0.116157
v -0.789551 -0.494910 0.185469
v -0.799097 -0.424426 0.158764
v -0.750111 -0.424426 0.207751
v -0.789551 -0.494910 0.185469
v -0.720488 -0.489042 0.201017
v -0.750111 -0.424426 0.207751
v -0.701124 -0.424426 0.158764
v -0.720488 -0.489042 0.201017
v -0.704996 -0.487725 0.131705
v -0.701124 -0.424426 0.158764
v -0.750110 -0.424426 0.109778
v -0.717001 -0.015870 0.124877
v -0.649387 -0.040096 0.155341
v -0.685700 -0.097021 0.140247
v -0.758698 -0.078059 0.107214
v -0.866486 -0.063437 0.087783
v -0.796302 -0.007043 0.085053
v -0.669854 -0.114305 0.222067
v -0.692927 -0.093760 0.159171
v -0.649387 -0.040096 0.155341
v -0.610053 -0.140250 0.120023
v -0.668197 -0.104918 0.150244
v -0.649387 -0.040096 0.155341
v -0.670134 -0.041499 0.217916
v -0.639604 -0.104643 0.307937
v -0.649370 -0.168189 0.327657
v -0.581353 -0.091940 0.130743
v -0.511315 -0.156267 0.100569
v -0.514851 -0.210002 0.077157
v -0.685700 -0.097021 0.140247
v -0.758698 -0.078059 0.107214
v -0.717001 -0.015870 0.124877
v -0.796302 -0.007043 0.085053
v -0.717001 -0.015870 0.124877
v -0.758698 -0.078059 0.107214
v -0.649387 -0.040096 0.155341
v -0.670134 -0.041499 0.217916
v -0.669854 -0.114305 0.222067
v -0.649387 -0.040096 0.155341
v -0.581353 -0.091940 0.130743
v -0.610053 -0.140250 0.120023
v -0.649370 -0.168189 0.327657
v -0.669854 -0.114305 0.222067
v -0.670134 -0.041499 0.217916
v -0.514851 -0.210002 0.077157
v -0.610053 -0.140250 0.120023
v -0.581353 -0.091940 0.130743
v -0.661853 -0.131703 0.192998
v -0.679309 -0.156817 0.198126
v -0.684436 -0.131703 0.180670
v -0.696764 -0.131703 0.203253
v -0.674181 -0.131703 0.215582
v -0.679309 -0.106588 0.198125
v -0.674181 -0.131703 0.215582
v -0.661853 -0.131703 0.192998
v -0.684436 -0.131703 0.180670
v -0.696764 -0.131703 0.203253
v -0.646403 -0.136179 0.160952
v -0.657118 -0.161294 0.146249
v -0.642414 -0.136179 0.135535
v -0.667832 -0.136179 0.131544
v -0.671822 -0.136179 0.156963
v -0.657118 -0.111065 0.146248
v -0.671822 -0.136179 0.156963
v -0.646403 -0.136179 0.160952
v -0.642414 -0.136179 0.135535
v -0.667832 -0.136179 0.131544
v -0.771913 -0.101744 0.121140
v -0.762860 -0.126859 0.105360
v -0.747078 -0.101744 0.114412
v -0.753807 -0.101744 0.089578
v -0.778641 -0.101744 0.096306
v -0.762860 -0.076630 0.105360
v -0.778641 -0.101744 0.096306
v -0.771913 -0.101744 0.121140
v -0.747078 -0.101744 0.114412
v -0.753807 -0.101744 0.089578
v 0.520902 -0.645157 -4.764182
v 0.484696 -0.645157 -4.805669
v 0.501168 -0.592520 -4.797515
v 0.457346 -0.597557 -4.775010
v 0.484696 -0.645157 -4.805669
v 0.444391 -0.645157 -4.769473
v 0.457346 -0.597557 -4.775010
v 0.478466 -0.592520 -4.729555
v 0.444391 -0.645157 -4.769473
v 0.479623 -0.645157 -4.725712
v 0.478466 -0.592520 -4.729555
v 0.522594 -0.587482 -4.753352
v 0.479623 -0.645157 -4.725712
v 0.520902 -0.645157 -4.764182
v 0.522594 -0.587482 -4.753352
v 0.501168 -0.592520 -4.797515
v 0.522594 -0.587482 -4.753352
v 0.501168 -0.592520 -4.797515
v 0.499826 -0.540981 -4.792023
v 0.458816 -0.549477 -4.777965
v 0.501168 -0.592520 -4.797515
v 0.457346 -0.597557 -4.775010
v 0.458816 -0.549477 -4.777965
v 0.471123 -0.540981 -4.736395
v 0.457346 -0.597557 -4.775010
v 0.478466 -0.592520 -4.729555
v 0.471123 -0.540981 -4.736395
v 0.512133 -0.532486 -4.750453
v 0.478466 -0.592520 -4.729555
v 0.522594 -0.587482 -4.753352
v 0.512133 -0.532486 -4.750453
v 0.499826 -0.540981 -4.792023
v 0.512133 -0.532486 -4.750453
v 0.499826 -0.540981 -4.792023
v 0.467473 -0.491618 -4.795187
v 0.439474 -0.501894 -4.778985
v 0.499826 -0.540981 -4.792023
v 0.458816 -0.549477 -4.777965
v 0.439474 -0.501894 -4.778985
v 0.452600 -0.491618 -4.747442
v 0.458816 -0.549477 -4.777965
v 0.471123 -0.540981 -4.736395
v 0.452600 -0.491618 -4.747442
v 0.480851 -0.481342 -4.764692
v 0.471123 -0.540981 -4.736395
v 0.512133 -0.532486 -4.750453
v 0.480851 -0.481342 -4.764692
v 0.467473 -0.491618 -4.795187
v 0.480851 -0.481342 -4.764692
v 0.467473 -0.491618 -4.795187
v 0.421048 -0.445460 -4.786558
v 0.404185 -0.456542 -4.767688
v 0.467473 -0.491618 -4.795187
v 0.439474 -0.501894 -4.778985
v 0.404185 -0.456542 -4.767688
v 0.419340 -0.445460 -4.744275
v 0.439474 -0.501894 -4.778985
v 0.452600 -0.491618 -4.747442
v 0.419340 -0.445460 -4.744275
v 0.436582 -0.434377 -4.764027
v 0.452600 -0.491618 -4.747442
v 0.480851 -0.481342 -4.764692
v 0.436582 -0.434377 -4.764027
v 0.421048 -0.445460 -4.786558
v 0.436582 -0.434377 -4.764027
v 0.421048 -0.445460 -4.786558
v 0.383131 -0.403471 -4.776357
v 0.373739 -0.411359 -4.762474
v 0.421048 -0.445460 -4.786558
v 0.404185 -0.456542 -4.767688
v 0.373739 -0.411359 -4.762474
v 0.383131 -0.403471 -4.749630
v 0.404185 -0.456542 -4.767688
v 0.419340 -0.445460 -4.744275
v 0.383131 -0.403471 -4.749630
v 0.391487 -0.396453 -4.762474
v 0.419340 -0.445460 -4.744275
v 0.436582 -0.434377 -4.764027
v 0.391487 -0.396453 -4.762474
v 0.383131 -0.403471 -4.776357
v 0.391487 -0.396453 -4.762474
v 0.383131 -0.403471 -4.776357
v 0.343529 -0.366527 -4.762856
v 0.383131 -0.403471 -4.776357
v 0.373739 -0.411359 -4.762474
v 0.373739 -0.411359 -4.762474
v 0.383131 -0.403471 -4.749630
v 0.383131 -0.403471 -4.749630
v 0.391487 -0.396453 -4.762474
v 0.516356 -0.703503 -4.765631
v 0.475163 -0.697794 -4.807259
v 0.484696 -0.645157 -4.805669
v 0.444391 -0.645157 -4.769473
v 0.475163 -0.697794 -4.807259
v 0.433969 -0.692085 -4.765631
v 0.444391 -0.645157 -4.769473
v 0.479623 -0.645157 -4.725712
v 0.433969 -0.692085 -4.765631
v 0.475163 -0.697794 -4.724002
v 0.479623 -0.645157 -4.725712
v 0.520902 -0.645157 -4.764182
v 0.475163 -0.697794 -4.724002
v 0.516356 -0.703503 -4.765631
v 0.520902 -0.645157 -4.764182
v 0.484696 -0.645157 -4.805669
v 0.382133 -0.338015 -4.702710
v 0.343529 -0.366527 -4.762856
v 0.383131 -0.403471 -4.749629
v 0.422961 -0.383570 -4.699763
v 0.474782 -0.372617 -4.628793
v 0.426606 -0.327163 -4.641869
v 0.394758 -0.403838 -4.819102
v 0.391487 -0.396453 -4.762474
v 0.343529 -0.366527 -4.762856
v 0.312306 -0.410499 -4.755774
v 0.373739 -0.411359 -4.762474
v 0.343529 -0.366527 -4.762856
v 0.354573 -0.367878 -4.816337
v 0.371961 -0.399758 -4.893437
v 0.400403 -0.443489 -4.914929
v 0.281808 -0.366693 -4.759297
v 0.228954 -0.380155 -4.739625
v 0.198747 -0.421970 -4.733853
v 0.383131 -0.403471 -4.749629
v 0.422961 -0.383570 -4.699763
v 0.382133 -0.338015 -4.702710
v 0.426606 -0.327163 -4.641869
v 0.382133 -0.338015 -4.702710
v 0.422961 -0.383570 -4.699763
v 0.343529 -0.366527 -4.762856
v 0.354573 -0.367878 -4.816337
v 0.394758 -0.403838 -4.819102
v 0.343529 -0.366527 -4.762856
v 0.281808 -0.366693 -4.759297
v 0.312306 -0.410499 -4.755774
v 0.400403 -0.443489 -4.914929
v 0.394758 -0.403838 -4.819102
v 0.354573 -0.367878 -4.816337
v 0.198747 -0.421970 -4.733853
v 0.312306 -0.410499 -4.755774
v 0.281808 -0.366693 -4.759297
v 0.414453 -0.422913 -4.739321
v 0.396997 -0.448027 -4.734194
v 0.391870 -0.422912 -4.751650
v 0.379541 -0.422913 -4.729066
v 0.402124 -0.422912 -4.716738
v 0.396997 -0.397798 -4.734194
v 0.402124 -0.422912 -4.716738
v 0.414453 -0.422913 -4.739321
v 0.391870 -0.422912 -4.751650
v 0.379541 -0.422913 -4.729066
v 0.368976 -0.436994 -4.746892
v 0.358262 -0.462108 -4.761596
v 0.372965 -0.436994 -4.772310
v 0.347547 -0.436994 -4.776300
v 0.343558 -0.436994 -4.750882
v 0.358261 -0.411879 -4.761596
v 0.343558 -0.436994 -4.750882
v 0.368976 -0.436994 -4.746892
v 0.372965 -0.436994 -4.772310
v 0.347547 -0.436994 -4.776300
v 0.154443 -0.628516 -4.961982
v 0.105457 -0.628516 -5.010969
v 0.131480 -0.563594 -4.998887
v 0.070538 -0.558416 -4.985168
v 0.105457 -0.628516 -5.010969
v 0.056471 -0.628516 -4.961982
v 0.070538 -0.558416 -4.985168
v 0.084208 -0.559577 -4.924006
v 0.056471 -0.628516 -4.961982
v 0.105457 -0.628516 -4.912996
v 0.084208 -0.559577 -4.924006
v 0.145150 -0.564756 -4.937726
v 0.105457 -0.628516 -4.912996
v 0.154443 -0.628516 -4.961982
v 0.145150 -0.564756 -4.937726
v 0.131480 -0.563594 -4.998887
v 0.145150 -0.564756 -4.937726
v 0.131480 -0.563594 -4.998887
v 0.148854 -0.500703 -4.977530
v 0.099298 -0.492219 -4.995545
v 0.131480 -0.563594 -4.998887
v 0.070538 -0.558416 -4.985168
v 0.099298 -0.492219 -4.995545
v 0.081541 -0.489179 -4.945269
v 0.070538 -0.558416 -4.985168
v 0.084208 -0.559577 -4.924006
v 0.081541 -0.489179 -4.945269
v 0.131097 -0.497663 -4.927253
v 0.084208 -0.559577 -4.924006
v 0.145150 -0.564756 -4.937726
v 0.131097 -0.497663 -4.927253
v 0.148854 -0.500703 -4.977530
v 0.131097 -0.497663 -4.927253
v 0.148854 -0.500703 -4.977530
v 0.158000 -0.436812 -4.958682
v 0.131922 -0.430033 -4.993258
v 0.148854 -0.500703 -4.977530
v 0.099298 -0.492219 -4.995545
v 0.131922 -0.430033 -4.993258
v 0.098458 -0.421334 -4.966314
v 0.099298 -0.492219 -4.995545
v 0.081541 -0.489179 -4.945269
v 0.098458 -0.421334 -4.966314
v 0.124536 -0.428113 -4.931737
v 0.081541 -0.489179 -4.945269
v 0.131097 -0.497663 -4.927253
v 0.124536 -0.428113 -4.931737
v 0.158000 -0.436812 -4.958682
v 0.124536 -0.428113 -4.931737
v 0.158000 -0.436812 -4.958682
v 0.166612 -0.371435 -4.948062
v 0.163284 -0.370261 -4.984237
v 0.158000 -0.436812 -4.958682
v 0.131922 -0.430033 -4.993258
v 0.163284 -0.370261 -4.984237
v 0.129169 -0.358228 -4.980709
v 0.131922 -0.430033 -4.993258
v 0.098458 -0.421334 -4.966314
v 0.129169 -0.358228 -4.980709
v 0.132497 -0.359402 -4.944533
v 0.098458 -0.421334 -4.966314
v 0.124536 -0.428113 -4.931737
v 0.132497 -0.359402 -4.944533
v 0.166612 -0.371435 -4.948062
v 0.132497 -0.359402 -4.944533
v 0.166612 -0.371435 -4.948062
v 0.179056 -0.305257 -4.949866
v 0.187371 -0.309008 -4.970503
v 0.166612 -0.371435 -4.948062
v 0.163284 -0.370261 -4.984237
v 0.187371 -0.309008 -4.970503
v 0.169868 -0.301111 -4.980499
v 0.163284 -0.370261 -4.984237
v 0.129169 -0.358228 -4.980709
v 0.169868 -0.301111 -4.980499
v 0.162641 -0.297850 -4.961576
v 0.129169 -0.358228 -4.980709
v 0.132497 -0.359402 -4.944533
v 0.162641 -0.297850 -4.961576
v 0.179056 -0.305257 -4.949866
v 0.162641 -0.297850 -4.961576
v 0.179056 -0.305257 -4.949866
v 0.206181 -0.244186 -4.965406
v 0.179056 -0.305257 -4.949866
v 0.187371 -0.309008 -4.970503
v 0.187371 -0.309008 -4.970503
v 0.169868 -0.301111 -4.980499
v 0.169868 -0.301111 -4.980499
v 0.162641 -0.297850 -4.961576
v 0.150572 -0.691815 -4.989042
v 0.081508 -0.697684 -5.004590
v 0.105457 -0.628516 -5.010969
v 0.056471 -0.628516 -4.961982
v 0.081508 -0.697684 -5.004590
v 0.066016 -0.699000 -4.935277
v 0.056471 -0.628516 -4.961982
v 0.105457 -0.628516 -4.912996
v 0.066016 -0.699000 -4.935277
v 0.135080 -0.693132 -4.919730
v 0.105457 -0.628516 -4.912996
v 0.154443 -0.628516 -4.961982
v 0.135080 -0.693132 -4.919730
v 0.150572 -0.691815 -4.989042
v 0.154443 -0.628516 -4.961982
v 0.105457 -0.628516 -5.010969
v 0.138567 -0.219960 -4.995870
v 0.206181 -0.244186 -4.965406
v 0.169868 -0.301111 -4.980499
v 0.096870 -0.282149 -5.013533
v -0.010918 -0.267527 -5.032963
v 0.059266 -0.211134 -5.035694
v 0.185714 -0.318395 -4.898679
v 0.162641 -0.297850 -4.961576
v 0.206181 -0.244186 -4.965406
v 0.245514 -0.344340 -5.000724
v 0.187371 -0.309008 -4.970503
v 0.206181 -0.244186 -4.965406
v 0.185433 -0.245589 -4.902832
v 0.215964 -0.308733 -4.812810
v 0.206198 -0.372279 -4.793090
v 0.274215 -0.296030 -4.990005
v 0.344252 -0.360357 -5.020177
v 0.340717 -0.414092 -5.043590
v 0.169868 -0.301111 -4.980499
v 0.096870 -0.282149 -5.013533
v 0.138567 -0.219960 -4.995870
v 0.059266 -0.211134 -5.035694
v 0.138567 -0.219960 -4.995870
v 0.096870 -0.282149 -5.013533
v 0.206181 -0.244186 -4.965406
v 0.185433 -0.245589 -4.902832
v 0.185714 -0.318395 -4.898679
v 0.206181 -0.244186 -4.965406
v 0.274215 -0.296030 -4.990005
v 0.245514 -0.344340 -5.000724
v 0.206198 -0.372279 -4.793090
v 0.185714 -0.318395 -4.898679
v 0.185433 -0.245589 -4.902832
v 0.340717 -0.414092 -5.043590
v 0.245514 -0.344340 -5.000724
v 0.274215 -0.296030 -4.990005
v 0.193715 -0.335793 -4.927748
v 0.176259 -0.360907 -4.922621
v 0.171132 -0.335793 -4.940077
v 0.158803 -0.335793 -4.917494
v 0.181386 -0.335793 -4.905165
v 0.176259 -0.310678 -4.922621
v 0.181386 -0.335793 -4.905165
v 0.193715 -0.335793 -4.927748
v 0.171132 -0.335793 -4.940077
v 0.158803 -0.335793 -4.917494
v 0.209164 -0.340270 -4.959795
v 0.198450 -0.365384 -4.974498
v 0.213154 -0.340270 -4.985212
v 0.187735 -0.340270 -4.989202
v 0.183746 -0.340270 -4.963784
v 0.198450 -0.315155 -4.974498
v 0.183746 -0.340270 -4.963784
v 0.209164 -0.340270 -4.959795
v 0.213154 -0.340270 -4.985212
v 0.187735 -0.340270 -4.989202
v 0.083655 -0.305834 -4.999606
v 0.092708 -0.330949 -5.015388
v 0.108489 -0.305834 -5.006334
v 0.101761 -0.305834 -5.031168
v 0.076927 -0.305834 -5.024440
v 0.092708 -0.280720 -5.015388
v 0.076927 -0.305834 -5.024440
v 0.083655 -0.305834 -4.999606
v 0.108489 -0.305834 -5.006334
v 0.101761 -0.305834 -5.031168
v -0.109859 -0.630084 -3.522857
v -0.158846 -0.630084 -3.571844
v -0.160881 -0.563369 -3.559161
v -0.206090 -0.556654 -3.513395
v -0.158846 -0.630084 -3.571844
v -0.207832 -0.630084 -3.522857
v -0.206090 -0.556654 -3.513395
v -0.160863 -0.563369 -3.470535
v -0.207832 -0.630084 -3.522857
v -0.158846 -0.630084 -3.473871
v -0.160863 -0.563369 -3.470535
v -0.115753 -0.570085 -3.516199
v -0.158846 -0.630084 -3.473871
v -0.109859 -0.630084 -3.522857
v -0.115753 -0.570085 -3.516199
v -0.160881 -0.563369 -3.559161
v -0.115753 -0.570085 -3.516199
v -0.160881 -0.563369 -3.559161
v -0.161725 -0.498196 -3.535165
v -0.201204 -0.486884 -3.493839
v -0.160881 -0.563369 -3.559161
v -0.206090 -0.556654 -3.513395
v -0.201204 -0.486884 -3.493839
v -0.161654 -0.498196 -3.459709
v -0.206090 -0.556654 -3.513395
v -0.160863 -0.563369 -3.470535
v -0.161654 -0.498196 -3.459709
v -0.122209 -0.509507 -3.501000
v -0.160863 -0.563369 -3.470535
v -0.115753 -0.570085 -3.516199
v -0.122209 -0.509507 -3.501000
v -0.161725 -0.498196 -3.535165
v -0.122209 -0.509507 -3.501000
v -0.161725 -0.498196 -3.535165
v -0.152726 -0.436067 -3.511077
v -0.183580 -0.422409 -3.476952
v -0.161725 -0.498196 -3.535165
v -0.201204 -0.486884 -3.493839
v -0.183580 -0.422409 -3.476952
v -0.152910 -0.436067 -3.448894
v -0.201204 -0.486884 -3.493839
v -0.161654 -0.498196 -3.459709
v -0.152910 -0.436067 -3.448894
v -0.121543 -0.449724 -3.483548
v -0.161654 -0.498196 -3.459709
v -0.122209 -0.509507 -3.501000
v -0.121543 -0.449724 -3.483548
v -0.152726 -0.436067 -3.511077
v -0.121543 -0.449724 -3.483548
v -0.152726 -0.436067 -3.511077
v -0.128732 -0.378417 -3.494734
v -0.150797 -0.363728 -3.468026
v -0.152726 -0.436067 -3.511077
v -0.183580 -0.422409 -3.476952
v -0.150797 -0.363728 -3.468026
v -0.128798 -0.378417 -3.443263
v -0.183580 -0.422409 -3.476952
v -0.152910 -0.436067 -3.448894
v -0.128798 -0.378417 -3.443263
v -0.106247 -0.393106 -3.470474
v -0.152910 -0.436067 -3.448894
v -0.121543 -0.449724 -3.483548
v -0.106247 -0.393106 -3.470474
v -0.128732 -0.378417 -3.494734
v -0.106247 -0.393106 -3.470474
v -0.128732 -0.378417 -3.494734
v -0.087953 -0.326578 -3.483907
v -0.098905 -0.316160 -3.467155
v -0.128732 -0.378417 -3.494734
v -0.150797 -0.363728 -3.468026
v -0.098905 -0.316160 -3.467155
v -0.087953 -0.326578 -3.451658
v -0.150797 -0.363728 -3.468026
v -0.128798 -0.378417 -3.443263
v -0.087953 -0.326578 -3.451658
v -0.078211 -0.335846 -3.467155
v -0.128798 -0.378417 -3.443263
v -0.106247 -0.393106 -3.470474
v -0.078211 -0.335846 -3.467155
v -0.087953 -0.326578 -3.483907
v -0.078211 -0.335846 -3.467155
v -0.087953 -0.326578 -3.483907
v -0.038287 -0.281746 -3.467617
v -0.087953 -0.326578 -3.483907
v -0.098905 -0.316160 -3.467155
v -0.098905 -0.316160 -3.467155
v -0.087953 -0.326578 -3.451658
v -0.087953 -0.326578 -3.451658
v -0.078211 -0.335846 -3.467155
v -0.109805 -0.689188 -3.517156
v -0.160843 -0.696798 -3.565950
v -0.158846 -0.630084 -3.571844
v -0.207832 -0.630084 -3.522857
v -0.160843 -0.696798 -3.565950
v -0.211992 -0.704408 -3.514173
v -0.207832 -0.630084 -3.522857
v -0.158846 -0.630084 -3.473871
v -0.211992 -0.704408 -3.514173
v -0.160842 -0.696798 -3.465494
v -0.158846 -0.630084 -3.473871
v -0.109859 -0.630084 -3.522857
v -0.160842 -0.696798 -3.465494
v -0.109805 -0.689188 -3.517156
v -0.109859 -0.630084 -3.522857
v -0.158846 -0.630084 -3.571844
v -0.087953 -0.326578 -3.451658
v -0.056548 -0.370495 -3.391489
v -0.010263 -0.333334 -3.395044
v 0.004653 -0.382205 -3.321633
v -0.010263 -0.333334 -3.395044
v -0.056548 -0.370495 -3.391489
v -0.038287 -0.281746 -3.467617
v -0.042277 -0.294417 -3.532147
v -0.086756 -0.340417 -3.535483
v -0.038287 -0.281746 -3.467617
v -0.107256 -0.219459 -3.470723
v -0.160209 -0.273167 -3.466472
v -0.134491 -0.358722 -3.651110
v -0.086756 -0.340417 -3.535483
v -0.042277 -0.294417 -3.532147
v -0.290602 -0.223759 -3.428564
v -0.160209 -0.273167 -3.466472
v -0.107256 -0.219459 -3.470723
v -0.010263 -0.333334 -3.395044
v -0.038287 -0.281746 -3.467617
v -0.087953 -0.326578 -3.451658
v -0.056548 -0.370495 -3.391489
v -0.025412 -0.422671 -3.305855
v 0.004653 -0.382205 -3.321633
v -0.086756 -0.340417 -3.535483
v -0.078211 -0.335846 -3.467155
v -0.038287 -0.281746 -3.467617
v -0.160209 -0.273167 -3.466472
v -0.098905 -0.316160 -3.467155
v -0.038287 -0.281746 -3.467617
v -0.042277 -0.294417 -3.532147
v -0.083920 -0.312708 -3.625177
v -0.134491 -0.358722 -3.651110
v -0.107256 -0.219459 -3.470723
v -0.197584 -0.177687 -3.435528
v -0.290602 -0.223759 -3.428564
v -0.067862 -0.356364 -3.449714
v -0.085318 -0.381478 -3.444587
v -0.090445 -0.356364 -3.462043
v -0.102774 -0.356364 -3.439460
v -0.080191 -0.356364 -3.427131
v -0.085318 -0.331249 -3.444587
v -0.080191 -0.356364 -3.427131
v -0.067862 -0.356364 -3.449714
v -0.090445 -0.356364 -3.462043
v -0.102774 -0.356364 -3.439460
v -0.129921 -0.313367 -3.451366
v -0.140635 -0.338482 -3.466070
v -0.125931 -0.313367 -3.476784
v -0.151349 -0.313367 -3.480774
v -0.155339 -0.313367 -3.455356
v -0.140635 -0.288253 -3.466070
v -0.155339 -0.313367 -3.455356
v -0.129921 -0.313367 -3.451366
v -0.125931 -0.313367 -3.476784
v -0.151349 -0.313367 -3.480774
v -0.091252 -0.362562 -3.480776
v -0.082199 -0.387676 -3.496557
v -0.066418 -0.362562 -3.487504
v -0.073146 -0.362562 -3.512339
v -0.097980 -0.362562 -3.505610
v -0.082199 -0.337447 -3.496557
v -0.097980 -0.362562 -3.505610
v -0.091252 -0.362562 -3.480776
v -0.066418 -0.362562 -3.487504
v -0.073146 -0.362562 -3.512339
v 2.918673 -0.615177 -6.636552
v 2.865270 -0.615177 -6.623127
v 2.880013 -0.562540 -6.634101
v 2.880171 -0.567578 -6.584838
v 2.865270 -0.615177 -6.623127
v 2.879222 -0.615177 -6.570782
v 2.880171 -0.567578 -6.584838
v 2.930260 -0.562540 -6.583021
v 2.879222 -0.615177 -6.570782
v 2.934209 -0.615177 -6.582307
v 2.930260 -0.562540 -6.583021
v 2.929090 -0.557502 -6.633142
v 2.934209 -0.615177 -6.582307
v 2.918673 -0.615177 -6.636552
v 2.929090 -0.557502 -6.633142
v 2.880013 -0.562540 -6.634101
v 2.929090 -0.557502 -6.633142
v 2.880013 -0.562540 -6.634101
v 2.884298 -0.511002 -6.630413
v 2.878206 -0.519497 -6.587490
v 2.880013 -0.562540 -6.634101
v 2.880171 -0.567578 -6.584838
v 2.878206 -0.519497 -6.587490
v 2.920831 -0.511002 -6.579583
v 2.880171 -0.567578 -6.584838
v 2.930260 -0.562540 -6.583021
v 2.920831 -0.511002 -6.579583
v 2.926924 -0.502507 -6.622506
v 2.930260 -0.562540 -6.583021
v 2.929090 -0.557502 -6.633142
v 2.926924 -0.502507 -6.622506
v 2.884298 -0.511002 -6.630413
v 2.926924 -0.502507 -6.622506
v 2.884298 -0.511002 -6.630413
v 2.866790 -0.461638 -6.603023
v 2.868516 -0.471915 -6.570719
v 2.884298 -0.511002 -6.630413
v 2.878206 -0.519497 -6.587490
v 2.868516 -0.471915 -6.570719
v 2.902580 -0.461638 -6.568094
v 2.878206 -0.519497 -6.587490
v 2.920831 -0.511002 -6.579583
v 2.902580 -0.461638 -6.568094
v 2.900035 -0.451362 -6.601098
v 2.920831 -0.511002 -6.579583
v 2.926924 -0.502507 -6.622506
v 2.900035 -0.451362 -6.601098
v 2.866790 -0.461638 -6.603023
v 2.900035 -0.451362 -6.601098
v 2.866790 -0.461638 -6.603023
v 2.853403 -0.415480 -6.557739
v 2.862560 -0.426562 -6.534148
v 2.866790 -0.461638 -6.603023
v 2.868516 -0.471915 -6.570719
v 2.862560 -0.426562 -6.534148
v 2.890302 -0.415480 -6.537022
v 2.868516 -0.471915 -6.570719
v 2.902580 -0.461638 -6.568094
v 2.890302 -0.415480 -6.537022
v 2.880530 -0.404397 -6.561352
v 2.902580 -0.461638 -6.568094
v 2.900035 -0.451362 -6.601098
v 2.880530 -0.404397 -6.561352
v 2.853403 -0.415480 -6.557739
v 2.880530 -0.404397 -6.561352
v 2.853403 -0.415480 -6.557739
v 2.845278 -0.373491 -6.519325
v 2.853384 -0.381379 -6.504653
v 2.853403 -0.415480 -6.557739
v 2.862560 -0.426562 -6.534148
v 2.853384 -0.381379 -6.504653
v 2.869092 -0.373491 -6.507191
v 2.862560 -0.426562 -6.534148
v 2.890302 -0.415480 -6.537022
v 2.869092 -0.373491 -6.507191
v 2.861442 -0.366473 -6.520467
v 2.890302 -0.415480 -6.537022
v 2.880530 -0.404397 -6.561352
v 2.861442 -0.366473 -6.520467
v 2.845278 -0.373491 -6.519324
v 2.861442 -0.366473 -6.520467
v 2.845278 -0.373491 -6.519325
v 2.839328 -0.336547 -6.477910
v 2.845278 -0.373491 -6.519325
v 2.853384 -0.381379 -6.504653
v 2.853384 -0.381379 -6.504653
v 2.869092 -0.373491 -6.507191
v 2.869092 -0.373491 -6.507191
v 2.861442 -0.366473 -6.520467
v 2.915318 -0.673523 -6.633159
v 2.859525 -0.667814 -6.615355
v 2.865270 -0.615177 -6.623127
v 2.879222 -0.615177 -6.570782
v 2.859525 -0.667814 -6.615355
v 2.877915 -0.662105 -6.559752
v 2.879222 -0.615177 -6.570782
v 2.934209 -0.615177 -6.582307
v 2.877915 -0.662105 -6.559752
v 2.933708 -0.667814 -6.577557
v 2.934209 -0.615177 -6.582307
v 2.918673 -0.615177 -6.636552
v 2.933708 -0.667814 -6.577557
v 2.915318 -0.673523 -6.633159
v 2.918673 -0.615177 -6.636552
v 2.865270 -0.615177 -6.623127
v 2.910445 -0.308035 -6.485001
v 2.839328 -0.336547 -6.477910
v 2.869092 -0.373491 -6.507191
v 2.931606 -0.353590 -6.520041
v 3.018367 -0.342637 -6.533993
v 2.984845 -0.297184 -6.497005
v 2.812470 -0.373858 -6.549089
v 2.861442 -0.366473 -6.520467
v 2.839328 -0.336547 -6.477910
v 2.831464 -0.380520 -6.446875
v 2.853384 -0.381379 -6.504653
v 2.839328 -0.336547 -6.477910
v 2.796690 -0.337898 -6.512030
v 2.735887 -0.369778 -6.562525
v 2.729650 -0.413509 -6.597624
v 2.814479 -0.336713 -6.421300
v 2.808012 -0.350175 -6.365276
v 2.799440 -0.391990 -6.335741
v 2.869092 -0.373491 -6.507191
v 2.931606 -0.353590 -6.520041
v 2.910445 -0.308035 -6.485001
v 2.984845 -0.297184 -6.497005
v 2.910445 -0.308035 -6.485001
v 2.931606 -0.353590 -6.520041
v 2.839328 -0.336547 -6.477910
v 2.796690 -0.337898 -6.512030
v 2.812470 -0.373858 -6.549089
v 2.839328 -0.336547 -6.477910
v 2.814479 -0.336713 -6.421300
v 2.831464 -0.380520 -6.446875
v 2.729650 -0.413509 -6.597624
v 2.812470 -0.373858 -6.549089
v 2.796690 -0.337898 -6.512030
v 2.799440 -0.391990 -6.335741
v 2.831464 -0.380520 -6.446875
v 2.814479 -0.336713 -6.421300
v 2.892497 -0.392933 -6.530418
v 2.889141 -0.418047 -6.512537
v 2.871260 -0.392933 -6.515894
v 2.885784 -0.392933 -6.494657
v 2.907022 -0.392933 -6.509181
v 2.889141 -0.367818 -6.512537
v 2.907022 -0.392933 -6.509181
v 2.892497 -0.392933 -6.530418
v 2.871260 -0.392933 -6.515894
v 2.885784 -0.392933 -6.494657
v 2.865105 -0.407014 -6.493336
v 2.847139 -0.432128 -6.490464
v 2.844268 -0.407014 -6.508430
v 2.829174 -0.407014 -6.487593
v 2.850010 -0.407014 -6.472499
v 2.847139 -0.381899 -6.490464
v 2.850010 -0.407014 -6.472499
v 2.865105 -0.407014 -6.493336
v 2.844268 -0.407014 -6.508430
v 2.829174 -0.407014 -6.487593
v -0.598214 -0.628598 -3.700528
v -0.549227 -0.628598 -3.651542
v -0.549227 -0.561626 -3.656872
v -0.504905 -0.561626 -3.701194
v -0.549227 -0.628598 -3.651542
v -0.500241 -0.628599 -3.700528
v -0.504905 -0.561626 -3.701194
v -0.549227 -0.561626 -3.745517
v -0.500241 -0.628599 -3.700528
v -0.549227 -0.628598 -3.749514
v -0.549227 -0.561626 -3.745517
v -0.593549 -0.561626 -3.701194
v -0.549227 -0.628598 -3.749514
v -0.598214 -0.628598 -3.700528
v -0.593549 -0.561626 -3.701195
v -0.549227 -0.561626 -3.656872
v -0.593549 -0.561626 -3.701195
v -0.549227 -0.561626 -3.656872
v -0.549227 -0.494654 -3.664367
v -0.511463 -0.494654 -3.702131
v -0.549227 -0.561626 -3.656872
v -0.504905 -0.561626 -3.701194
v -0.511463 -0.494654 -3.702131
v -0.549227 -0.494654 -3.739896
v -0.504905 -0.561626 -3.701194
v -0.549227 -0.561626 -3.745517
v -0.549227 -0.494654 -3.739896
v -0.586992 -0.494654 -3.702131
v -0.549227 -0.561626 -3.745517
v -0.593549 -0.561626 -3.701195
v -0.586992 -0.494654 -3.702131
v -0.549227 -0.494654 -3.664367
v -0.586992 -0.494654 -3.702131
v -0.549227 -0.494654 -3.664367
v -0.549227 -0.427682 -3.672102
v -0.518231 -0.427682 -3.703098
v -0.549227 -0.494654 -3.664367
v -0.511463 -0.494654 -3.702131
v -0.518231 -0.427682 -3.703098
v -0.549227 -0.427682 -3.734095
v -0.511463 -0.494654 -3.702131
v -0.549227 -0.494654 -3.739896
v -0.549227 -0.427682 -3.734095
v -0.580224 -0.427682 -3.703098
v -0.549227 -0.494654 -3.739896
v -0.586992 -0.494654 -3.702131
v -0.580224 -0.427682 -3.703098
v -0.549227 -0.427682 -3.672102
v -0.580224 -0.427682 -3.703098
v -0.549227 -0.427682 -3.672102
v -0.549227 -0.360710 -3.678154
v -0.523526 -0.360710 -3.703855
v -0.549227 -0.427682 -3.672102
v -0.518231 -0.427682 -3.703098
v -0.523526 -0.360710 -3.703855
v -0.549227 -0.360710 -3.729556
v -0.518231 -0.427682 -3.703098
v -0.549227 -0.427682 -3.734095
v -0.549227 -0.360710 -3.729556
v -0.574928 -0.360710 -3.703855
v -0.549227 -0.427682 -3.734095
v -0.580224 -0.427682 -3.703098
v -0.574928 -0.360710 -3.703855
v -0.549227 -0.360710 -3.678154
v -0.574928 -0.360710 -3.703855
v -0.549227 -0.360710 -3.678154
v -0.549227 -0.293738 -3.687409
v -0.534111 -0.293738 -3.704160
v -0.549227 -0.360710 -3.678154
v -0.523526 -0.360710 -3.703855
v -0.534111 -0.293738 -3.704160
v -0.549227 -0.293738 -3.719658
v -0.523526 -0.360710 -3.703855
v -0.549227 -0.360710 -3.729556
v -0.549227 -0.293738 -3.719658
v -0.562674 -0.293738 -3.704160
v -0.549227 -0.360710 -3.729556
v -0.574928 -0.360710 -3.703855
v -0.562674 -0.293738 -3.704160
v -0.549227 -0.293738 -3.687409
v -0.562674 -0.293738 -3.704160
v -0.549227 -0.293738 -3.687409
v -0.549227 -0.226766 -3.703699
v -0.549227 -0.293738 -3.687409
v -0.534111 -0.293738 -3.704160
v -0.534111 -0.293738 -3.704160
v -0.549227 -0.293738 -3.719658
v -0.549227 -0.293738 -3.719658
v -0.562674 -0.293738 -3.704160
v -0.599456 -0.695571 -3.700351
v -0.549227 -0.695571 -3.650122
v -0.549227 -0.628598 -3.651542
v -0.500241 -0.628599 -3.700528
v -0.549227 -0.695571 -3.650122
v -0.498998 -0.695571 -3.700351
v -0.500241 -0.628599 -3.700528
v -0.549227 -0.628598 -3.749514
v -0.498998 -0.695571 -3.700351
v -0.549227 -0.695571 -3.750580
v -0.549227 -0.628598 -3.749514
v -0.598214 -0.628598 -3.700528
v -0.549227 -0.695571 -3.750580
v -0.599456 -0.695571 -3.700351
v -0.598214 -0.628598 -3.700528
v -0.549227 -0.628598 -3.651542
v -0.549227 -0.293738 -3.719658
v -0.602118 -0.305301 -3.779827
v -0.607065 -0.237575 -3.776271
v -0.653838 -0.262855 -3.849683
v -0.607065 -0.237575 -3.776271
v -0.602118 -0.305301 -3.779827
v -0.549227 -0.226766 -3.703699
v -0.556673 -0.237862 -3.639169
v -0.559535 -0.303160 -3.635832
v -0.549227 -0.226766 -3.703699
v -0.457509 -0.240388 -3.700592
v -0.459946 -0.302972 -3.704843
v -0.534286 -0.347419 -3.520206
v -0.559535 -0.303160 -3.635832
v -0.556673 -0.237862 -3.639169
v -0.328315 -0.337215 -3.742752
v -0.459946 -0.302972 -3.704843
v -0.457509 -0.240388 -3.700592
v -0.607065 -0.237575 -3.776271
v -0.549227 -0.226766 -3.703699
v -0.549227 -0.293738 -3.719658
v -0.602118 -0.305301 -3.779827
v -0.659705 -0.329171 -3.865460
v -0.653838 -0.262855 -3.849683
v -0.559535 -0.303160 -3.635832
v -0.562674 -0.293738 -3.704160
v -0.549227 -0.226766 -3.703699
v -0.459946 -0.302972 -3.704843
v -0.534111 -0.293738 -3.704160
v -0.549227 -0.226766 -3.703699
v -0.556673 -0.237862 -3.639169
v -0.542405 -0.281103 -3.546138
v -0.534286 -0.347419 -3.520206
v -0.457509 -0.240388 -3.700592
v -0.366335 -0.270899 -3.735787
v -0.328315 -0.337215 -3.742752
v -0.585629 -0.321897 -3.735720
v -0.568173 -0.347012 -3.740847
v -0.563046 -0.321897 -3.723391
v -0.550717 -0.321897 -3.745974
v -0.573300 -0.321897 -3.758303
v -0.568173 -0.296783 -3.740847
v -0.573300 -0.321897 -3.758303
v -0.585629 -0.321897 -3.735720
v -0.563046 -0.321897 -3.723391
v -0.550717 -0.321897 -3.745974
v -0.517966 -0.321897 -3.718256
v -0.507251 -0.347012 -3.703552
v -0.521955 -0.321897 -3.692838
v -0.496537 -0.321897 -3.688848
v -0.492547 -0.321897 -3.714266
v -0.507251 -0.296783 -3.703552
v -0.492547 -0.321897 -3.714266
v -0.517966 -0.321897 -3.718256
v -0.521955 -0.321897 -3.692838
v -0.496537 -0.321897 -3.688848
v -0.534673 -0.305917 -3.690539
v -0.543726 -0.331031 -3.674758
v -0.559507 -0.305917 -3.683811
v -0.552779 -0.305917 -3.658977
v -0.527945 -0.305917 -3.665705
v -0.543726 -0.280802 -3.674758
v -0.527945 -0.305917 -3.665705
v -0.534673 -0.305917 -3.690539
v -0.559507 -0.305917 -3.683811
v -0.552779 -0.305917 -3.658977
v 2.058709 -0.306169 -4.222528
v 2.077621 -0.306169 -4.274243
v 2.078412 -0.253532 -4.255880
v 2.037579 -0.258570 -4.283441
v 2.077621 -0.306169 -4.274243
v 2.026486 -0.306169 -4.292125
v 2.037579 -0.258570 -4.283441
v 2.007921 -0.253532 -4.243034
v 2.026486 -0.306169 -4.292125
v 2.005111 -0.306169 -4.240169
v 2.007921 -0.253532 -4.243034
v 2.050033 -0.248494 -4.215829
v 2.005111 -0.306169 -4.240169
v 2.058709 -0.306169 -4.222528
v 2.050033 -0.248494 -4.215829
v 2.078412 -0.253532 -4.255880
v 2.050033 -0.248494 -4.215829
v 2.078412 -0.253532 -4.255880
v 2.072952 -0.201994 -4.254410
v 2.040876 -0.210489 -4.283575
v 2.078412 -0.253532 -4.255880
v 2.037579 -0.258570 -4.283441
v 2.040876 -0.210489 -4.283575
v 2.010378 -0.201994 -4.252765
v 2.037579 -0.258570 -4.283441
v 2.007921 -0.253532 -4.243034
v 2.010378 -0.201994 -4.252765
v 2.042454 -0.193499 -4.223599
v 2.007921 -0.253532 -4.243034
v 2.050033 -0.248494 -4.215829
v 2.042454 -0.193499 -4.223599
v 2.072952 -0.201994 -4.254410
v 2.042454 -0.193499 -4.223599
v 2.072952 -0.201994 -4.254410
v 2.060139 -0.152630 -4.284286
v 2.032452 -0.162907 -4.301016
v 2.072952 -0.201994 -4.254410
v 2.040876 -0.210489 -4.283575
v 2.032452 -0.162907 -4.301016
v 2.011134 -0.152630 -4.274318
v 2.040876 -0.210489 -4.283575
v 2.010378 -0.201994 -4.252765
v 2.011134 -0.152630 -4.274318
v 2.039861 -0.142354 -4.257872
v 2.010378 -0.201994 -4.252765
v 2.042454 -0.193499 -4.223599
v 2.039861 -0.142354 -4.257872
v 2.060139 -0.152630 -4.284286
v 2.039861 -0.142354 -4.257872
v 2.060139 -0.152630 -4.284286
v 2.030211 -0.106472 -4.320811
v 2.005552 -0.117554 -4.326499
v 2.060139 -0.152630 -4.284286
v 2.032452 -0.162907 -4.301016
v 2.005552 -0.117554 -4.326499
v 1.992336 -0.106472 -4.301939
v 2.032452 -0.162907 -4.301016
v 2.011134 -0.152630 -4.274318
v 1.992336 -0.106472 -4.301939
v 2.017951 -0.095390 -4.296345
v 2.011134 -0.152630 -4.274318
v 2.039861 -0.142354 -4.257872
v 2.017951 -0.095390 -4.296345
v 2.030211 -0.106472 -4.320811
v 2.017951 -0.095390 -4.296345
v 2.030211 -0.106472 -4.320811
v 2.003006 -0.064483 -4.349123
v 1.986315 -0.072371 -4.350666
v 2.030211 -0.106472 -4.320811
v 2.005552 -0.117554 -4.326499
v 1.986315 -0.072371 -4.350666
v 1.979585 -0.064483 -4.336247
v 2.005552 -0.117554 -4.326499
v 1.992336 -0.106472 -4.301939
v 1.979585 -0.064483 -4.336247
v 1.994865 -0.057465 -4.335113
v 1.992336 -0.106472 -4.301939
v 2.017951 -0.095390 -4.296345
v 1.994865 -0.057465 -4.335113
v 2.003006 -0.064483 -4.349123
v 1.994865 -0.057465 -4.335113
v 2.003006 -0.064483 -4.349123
v 1.972097 -0.027539 -4.377324
v 2.003006 -0.064483 -4.349123
v 1.986315 -0.072371 -4.350666
v 1.986315 -0.072371 -4.350666
v 1.979585 -0.064483 -4.336247
v 1.979585 -0.064483 -4.336247
v 1.994865 -0.057465 -4.335113
v 2.057788 -0.364515 -4.227210
v 2.074422 -0.358806 -4.283363
v 2.077621 -0.306169 -4.274243
v 2.026486 -0.306169 -4.292125
v 2.074422 -0.358806 -4.283363
v 2.018098 -0.353097 -4.299407
v 2.026486 -0.306169 -4.292125
v 2.005111 -0.306169 -4.240169
v 2.018098 -0.353097 -4.299407
v 2.001464 -0.358806 -4.243254
v 2.005111 -0.306169 -4.240169
v 2.058709 -0.306169 -4.222528
v 2.001464 -0.358806 -4.243254
v 2.057788 -0.364515 -4.227210
v 2.058709 -0.306169 -4.222528
v 2.077621 -0.306169 -4.274243
v 1.937988 0.000973 -4.314518
v 1.972097 -0.027539 -4.377324
v 1.979585 -0.064483 -4.336247
v 1.955075 -0.044582 -4.277321
v 1.917847 -0.033630 -4.197720
v 1.906097 0.011824 -4.246236
v 2.046065 -0.064850 -4.359528
v 1.994865 -0.057465 -4.335113
v 1.972097 -0.027539 -4.377324
v 1.950849 -0.071512 -4.401272
v 1.986315 -0.072371 -4.350666
v 1.972097 -0.027539 -4.377324
v 2.024283 -0.028890 -4.393410
v 2.100223 -0.060770 -4.415317
v 2.132759 -0.104501 -4.400746
v 1.939243 -0.027705 -4.429695
v 1.896542 -0.041167 -4.466534
v 1.876932 -0.082982 -4.490224
v 1.979585 -0.064483 -4.336247
v 1.955075 -0.044582 -4.277321
v 1.937988 0.000973 -4.314518
v 1.906097 0.011824 -4.246236
v 1.937988 0.000973 -4.314518
v 1.955075 -0.044582 -4.277321
v 1.972097 -0.027539 -4.377324
v 2.024283 -0.028890 -4.393410
v 2.046065 -0.064850 -4.359528
v 1.972097 -0.027539 -4.377324
v 1.939243 -0.027705 -4.429695
v 1.950849 -0.071512 -4.401272
v 2.132759 -0.104501 -4.400746
v 2.046065 -0.064850 -4.359528
v 2.024283 -0.028890 -4.393410
v 1.876932 -0.082982 -4.490224
v 1.950849 -0.071512 -4.401272
v 1.939243 -0.027705 -4.429695
v 1.985640 -0.083925 -4.303834
v 1.972738 -0.109039 -4.316661
v 1.985565 -0.083925 -4.329563
v 1.959836 -0.083925 -4.329488
v 1.959911 -0.083925 -4.303758
v 1.972738 -0.058810 -4.316661
v 1.959911 -0.083925 -4.303758
v 1.985640 -0.083925 -4.303834
v 1.985565 -0.083925 -4.329563
v 1.959836 -0.083925 -4.329488
v 1.970366 -0.098006 -4.347333
v 1.978090 -0.123120 -4.363806
v 1.994563 -0.098006 -4.356083
v 1.985813 -0.098006 -4.380279
v 1.961617 -0.098006 -4.371530
v 1.978090 -0.072891 -4.363806
v 1.961617 -0.098006 -4.371530
v 1.970366 -0.098006 -4.347333
v 1.994563 -0.098006 -4.356083
v 1.985813 -0.098006 -4.380279
v 2.336907 -0.117211 -1.779868
v 2.341007 -0.115805 -1.775566
v 2.337356 -0.120577 -1.773296
v 2.337963 -0.113420 -1.770563
v 2.332721 -0.113457 -1.771855
v 2.335814 -0.119475 -1.771014
v 2.337334 -0.099562 -1.782016
v 2.332215 -0.107732 -1.785310
v 2.330053 -0.104135 -1.777207
v 2.336852 -0.102900 -1.772695
v 2.340991 -0.108542 -1.785231
v 2.344132 -0.105560 -1.777381
v 2.336605 -0.143327 -1.761389
v 2.335272 -0.142304 -1.759250
v 2.342672 -0.205551 -1.718971
v 2.335784 -0.204710 -1.718543
v 2.339787 -0.203019 -1.713582
v 2.333740 -0.142800 -1.760787
v 2.334498 -0.120439 -1.773623
v 2.331511 -0.115436 -1.776864
v 2.322033 -0.123911 -1.762651
v 2.339081 -0.122993 -1.756545
v 2.338035 -0.196586 -1.722402
v 2.323544 -0.130926 -1.779073
v 2.350515 -0.129135 -1.768599
v 2.342276 -0.133927 -1.781945
v 2.344760 -0.243408 -1.695836
v 2.340247 -0.161856 -1.729254
v 2.320601 -0.162679 -1.735731
v 2.354090 -0.245962 -1.699799
v 2.351933 -0.168468 -1.742377
v 2.343244 -0.173932 -1.757432
v 2.345289 -0.247142 -1.704642
v 2.322170 -0.170688 -1.754515
v 2.355609 -0.127313 -1.768746
v 2.345428 -0.134198 -1.787541
v 2.318662 -0.130257 -1.784265
v 2.341206 -0.119022 -1.752233
v 2.315253 -0.120001 -1.760532
v 2.315393 -0.072321 -1.678316
v 2.333201 -0.072321 -1.674898
v 2.327197 -0.178321 -1.688265
v 2.314281 -0.072321 -1.696203
v 2.342582 -0.072321 -1.689923
v 2.332326 -0.072321 -1.702722
v 2.324774 -0.245874 -1.683324
v 2.334394 -0.133777 -1.673467
v 2.313962 -0.133777 -1.676806
v 2.333360 -0.245874 -1.689287
v 2.343853 -0.133777 -1.689684
v 2.332883 -0.133777 -1.704232
v 2.323900 -0.245874 -1.692864
v 2.312531 -0.133777 -1.697237
v 2.347670 -0.069299 -1.689923
v 2.334632 -0.069299 -1.708208
v 2.308716 -0.069299 -1.699781
v 2.336063 -0.069299 -1.669572
v 2.309113 -0.069299 -1.673705
v 2.327682 -0.053684 -1.692696
v 2.332413 -0.053684 -1.688835
v 2.329087 -0.060784 -1.688361
v 2.330200 -0.053684 -1.682912
v 2.324818 -0.053684 -1.683335
v 2.327926 -0.060784 -1.685632
v 2.327730 -0.034659 -1.687398
v 2.322203 -0.041632 -1.692949
v 2.321353 -0.041632 -1.683863
v 2.328783 -0.041632 -1.680272
v 2.330883 -0.041632 -1.694474
v 2.335230 -0.041632 -1.686634
v 2.328946 -0.096225 -1.688749
v 2.327970 -0.096225 -1.686210
v 2.330362 -0.189610 -1.690119
v 2.323627 -0.189610 -1.688396
v 2.328367 -0.189610 -1.683811
v 2.326212 -0.096225 -1.687577
v 2.326213 -0.060784 -1.688187
v 2.322829 -0.053684 -1.688484
v 2.379412 -0.118431 -1.631445
v 2.382525 -0.124301 -1.630090
v 2.377276 -0.124958 -1.629038
v 2.382152 -0.124427 -1.623631
v 2.379168 -0.119225 -1.621528
v 2.376990 -0.124922 -1.626006
v 2.390123 -0.111458 -1.624485
v 2.382942 -0.107081 -1.627664
v 2.383802 -0.109615 -1.618921
v 2.387923 -0.118308 -1.619158
v 2.386954 -0.115110 -1.633190
v 2.390170 -0.122329 -1.628061
v 2.361110 -0.144758 -1.635008
v 2.360760 -0.144999 -1.632286
v 2.335295 -0.208986 -1.658564
v 2.328991 -0.208785 -1.655640
v 2.334241 -0.211081 -1.652377
v 2.359297 -0.143227 -1.632834
v 2.375645 -0.122424 -1.627573
v 2.377365 -0.115448 -1.625335
v 2.364606 -0.123245 -1.615464
v 2.376243 -0.139605 -1.620140
v 2.334426 -0.200806 -1.653098
v 2.361402 -0.115655 -1.631391
v 2.380014 -0.141970 -1.638046
v 2.371794 -0.128524 -1.645292
v 2.327190 -0.254113 -1.668193
v 2.354105 -0.177556 -1.630566
v 2.336265 -0.166212 -1.626886
v 2.334975 -0.249675 -1.674082
v 2.359875 -0.176208 -1.648572
v 2.348507 -0.165377 -1.658303
v 2.324975 -0.250794 -1.676906
v 2.332184 -0.157913 -1.645164
v 2.384374 -0.144914 -1.639904
v 2.373812 -0.126874 -1.650910
v 2.359094 -0.107652 -1.631696
v 2.380107 -0.142466 -1.616085
v 2.362994 -0.117684 -1.607942
v 2.955261 -0.361506 0.933992
v 2.953007 -0.364815 0.928522
v 2.956489 -0.361057 0.926835
v 2.949309 -0.360270 0.925773
v 2.949432 -0.354967 0.929272
v 2.954823 -0.358817 0.925617
v 2.941576 -0.360856 0.938900
v 2.948328 -0.356795 0.943231
v 2.942667 -0.352414 0.937541
v 2.941095 -0.358520 0.930271
v 2.950008 -0.366146 0.938666
v 2.945560 -0.367493 0.930472
v 2.975870 -0.362558 0.909196
v 2.974491 -0.360594 0.907843
v 3.020920 -0.387003 0.857048
v 3.023909 -0.380987 0.855258
v 3.018240 -0.382973 0.852536
v 2.975659 -0.359360 0.909484
v 2.956411 -0.358064 0.928339
v 2.952548 -0.354943 0.933995
v 2.957505 -0.343266 0.921342
v 2.954193 -0.360055 0.909850
v 3.016842 -0.379611 0.862173
v 2.968579 -0.349070 0.934197
v 2.962795 -0.375423 0.915350
v 2.971362 -0.369954 0.929406
v 3.040588 -0.405818 0.818916
v 2.983926 -0.367812 0.876761
v 2.993444 -0.349729 0.883310
v 3.037533 -0.412977 0.826292
v 2.990441 -0.383072 0.885927
v 3.003396 -0.378308 0.898202
v 3.047139 -0.409023 0.825133
v 3.006531 -0.356293 0.897638
v 2.961091 -0.380557 0.913978
v 2.973023 -0.374378 0.933408
v 2.969211 -0.344735 0.941288
v 2.949190 -0.360853 0.906123
v 2.953156 -0.335029 0.923173
v 3.106643 -0.382776 1.771338
v 3.111088 -0.387895 1.771254
v 3.113836 -0.383366 1.772270
v 3.114288 -0.386655 1.765767
v 3.111942 -0.381424 1.763025
v 3.115295 -0.382644 1.769697
v 3.100581 -0.388202 1.759271
v 3.097861 -0.380395 1.762805
v 3.103694 -0.380957 1.755786
v 3.109406 -0.388439 1.757783
v 3.100627 -0.388282 1.769228
v 3.107889 -0.393517 1.766293
v 3.132723 -0.378545 1.789850
v 3.134289 -0.377932 1.787668
v 3.183333 -0.387158 1.841916
v 3.186579 -0.381038 1.841328
v 3.188255 -0.386211 1.837597
v 3.133054 -0.375943 1.787984
v 3.112954 -0.380595 1.770605
v 3.107665 -0.378745 1.765582
v 3.122824 -0.369348 1.763880
v 3.130353 -0.387506 1.770084
v 3.179385 -0.382003 1.834474
v 3.110281 -0.365574 1.776128
v 3.122827 -0.394560 1.785382
v 3.111093 -0.382485 1.789553
v 3.218789 -0.401078 1.869192
v 3.164123 -0.385964 1.800023
v 3.162306 -0.364636 1.798503
v 3.209864 -0.406933 1.870228
v 3.152831 -0.393188 1.813426
v 3.143143 -0.379831 1.821730
v 3.212767 -0.398967 1.876341
v 3.148384 -0.360127 1.812837
v 3.122971 -0.399991 1.786654
v 3.106485 -0.384396 1.793221
v 3.104294 -0.360083 1.774265
v 3.133314 -0.391577 1.766313
v 3.122227 -0.364368 1.755820
v 3.062224 -0.370302 1.868788
v 3.066862 -0.354012 1.875263
v 3.163838 -0.396810 1.889912
v 3.067495 -0.369965 1.851662
v 3.074598 -0.344140 1.862755
v 3.075335 -0.352691 1.848779
v 3.221857 -0.423814 1.912237
v 3.121697 -0.375186 1.893293
v 3.116193 -0.393920 1.886415
v 3.226487 -0.415376 1.908158
v 3.129834 -0.365149 1.879671
v 3.130892 -0.374230 1.863910
v 3.224578 -0.423895 1.903052
v 3.122162 -0.393683 1.866825
v 3.073530 -0.338321 1.862871
v 3.075100 -0.349037 1.843199
v 3.064135 -0.373772 1.846455
v 3.063404 -0.350670 1.880014
v 3.056059 -0.375403 1.871197
v 3.054040 -0.351053 1.852428
v 3.054344 -0.346951 1.856942
v 3.059471 -0.352641 1.858687
v 3.051771 -0.349463 1.862143
v 3.050177 -0.354433 1.860764
v 3.058240 -0.353929 1.861058
v 3.035394 -0.344551 1.852354
v 3.041596 -0.351778 1.847964
v 3.038465 -0.353265 1.856405
v 3.039719 -0.346634 1.861156
v 3.044860 -0.343593 1.848100
v 3.043788 -0.340154 1.856309
v 3.091209 -0.365529 1.867786
v 3.090098 -0.366631 1.870009
v 3.175522 -0.397799 1.891757
v 3.172820 -0.404192 1.892162
v 3.172898 -0.400138 1.897362
v 3.089964 -0.368160 1.868396
v 3.058494 -0.355326 1.858328
v 3.051159 -0.355887 1.855529
v 2.521123 -0.459324 2.003076
v 2.536142 -0.468004 1.997794
v 2.470383 -0.528179 1.938586
v 2.518098 -0.447337 1.990101
v 2.542067 -0.461681 1.982346
v 2.532139 -0.449668 1.977234
v 2.431216 -0.575753 1.910366
v 2.502936 -0.510534 1.968317
v 2.485774 -0.500953 1.974815
v 2.437559 -0.575010 1.902091
v 2.508785 -0.503467 1.951935
v 2.498064 -0.490063 1.945822
v 2.429372 -0.569258 1.903570
v 2.482187 -0.487203 1.960066
v 2.547932 -0.461504 1.981578
v 2.535073 -0.444929 1.973564
v 2.514798 -0.440975 1.991339
v 2.540809 -0.470468 2.002018
v 2.518202 -0.458005 2.010793
v 2.539929 -0.441990 1.995936
v 2.544268 -0.446208 1.996756
v 2.537625 -0.450063 1.995111
v 2.543151 -0.449240 2.002191
v 2.538683 -0.447012 2.004248
v 2.536994 -0.451409 1.997678
v 2.551229 -0.432693 2.009199
v 2.542139 -0.431763 2.004051
v 2.542514 -0.437338 2.011267
v 2.549036 -0.442361 2.010692
v 2.549083 -0.433927 1.999074
v 2.553576 -0.440582 2.003058
v 2.517652 -0.473503 1.977564
v 2.517150 -0.474793 1.979905
v 2.466451 -0.535690 1.930278
v 2.461127 -0.534361 1.934547
v 2.465559 -0.539051 1.935907
v 2.515547 -0.473269 1.979652
v 2.535287 -0.449133 1.996510
v 2.536443 -0.442955 2.001248
v 2.255253 -0.387168 1.844290
v 2.258631 -0.386193 1.850088
v 2.258479 -0.391505 1.849163
v 2.254375 -0.388484 1.854391
v 2.249157 -0.390536 1.851398
v 2.256412 -0.392658 1.851079
v 2.245265 -0.377601 1.848819
v 2.244274 -0.382159 1.841133
v 2.240239 -0.384604 1.848965
v 2.246761 -0.382946 1.855844
v 2.253874 -0.378864 1.843976
v 2.255702 -0.379256 1.853210
v 2.277347 -0.409641 1.851189
v 2.275694 -0.410832 1.853043
v 2.341008 -0.442719 1.865315
v 2.338975 -0.449339 1.864707
v 2.338398 -0.446056 1.870397
v 2.274776 -0.411567 1.850995
v 2.255643 -0.392798 1.847934
v 2.248959 -0.390108 1.845759
v 2.248236 -0.406761 1.852330
v 2.263309 -0.398812 1.863928
v 2.331295 -0.443064 1.863562
v 2.253414 -0.403061 1.835565
v 2.277077 -0.390628 1.854767
v 2.272147 -0.392634 1.838259
v 2.380934 -0.458775 1.883835
v 2.298666 -0.425731 1.871952
v 2.288053 -0.440369 1.860394
v 2.381521 -0.448735 1.880116
v 2.309731 -0.414735 1.861182
v 2.308450 -0.419566 1.843400
v 2.384388 -0.457388 1.875005
v 2.294304 -0.436598 1.841254
v 2.280444 -0.386810 1.857051
v 2.274688 -0.388691 1.834216
v 2.247742 -0.403063 1.829458
v 2.262635 -0.397183 1.869966
v 2.239080 -0.409066 1.853314
v 2.408754 -0.355616 1.765206
v 2.411093 -0.352262 1.769741
v 2.407559 -0.356928 1.772387
v 2.406361 -0.349346 1.772757
v 2.401833 -0.350859 1.770236
v 2.405255 -0.355618 1.773717
v 2.407561 -0.339520 1.757737
v 2.404817 -0.349179 1.756011
v 2.399794 -0.344107 1.761696
v 2.404629 -0.340274 1.767177
v 2.413158 -0.348020 1.758610
v 2.413286 -0.342447 1.765632
v 2.406060 -0.375284 1.790296
v 2.404007 -0.374041 1.791576
v 2.406533 -0.421105 1.850363
v 2.399807 -0.421690 1.848705
v 2.401812 -0.417914 1.853726
v 2.403108 -0.375248 1.789937
v 2.404953 -0.357504 1.771306
v 2.402510 -0.354315 1.765985
v 2.390243 -0.360535 1.779194
v 2.404273 -0.354358 1.788880
v 2.402087 -0.414602 1.843181
v 2.397685 -0.371176 1.766842
v 2.419583 -0.360867 1.782798
v 2.416601 -0.370709 1.770021
v 2.406145 -0.450040 1.884058
v 2.401849 -0.383331 1.826445
v 2.385478 -0.390079 1.815720
v 2.416492 -0.451478 1.883669
v 2.417790 -0.390513 1.819603
v 2.415003 -0.401537 1.805367
v 2.409867 -0.455782 1.877353
v 2.393838 -0.402271 1.801545
v 2.424191 -0.358095 1.783401
v 2.421348 -0.371774 1.765820
v 2.394621 -0.372987 1.760632
v 2.404419 -0.349019 1.792096
v 2.382698 -0.357764 1.778129
v 1.611248 -0.411423 1.302657
v 1.605282 -0.412321 1.299564
v 1.607658 -0.417147 1.299955
v 1.607214 -0.413690 1.293540
v 1.613560 -0.413587 1.293224
v 1.608699 -0.417828 1.297175
v 1.613618 -0.399866 1.294136
v 1.619866 -0.402845 1.299874
v 1.619868 -0.404884 1.290961
v 1.610632 -0.406271 1.288639
v 1.609713 -0.403141 1.302691
v 1.603672 -0.405280 1.295785
v 1.597787 -0.440408 1.307062
v 1.598544 -0.441247 1.304550
v 1.551311 -0.493401 1.326514
v 1.555452 -0.498905 1.325572
v 1.551893 -0.496373 1.320631
v 1.600565 -0.441383 1.305764
v 1.610964 -0.417310 1.299434
v 1.616460 -0.412393 1.297932
v 1.619255 -0.428671 1.290989
v 1.598731 -0.427449 1.289519
v 1.560006 -0.490437 1.322886
v 1.622502 -0.424657 1.308162
v 1.589789 -0.422911 1.305007
v 1.602812 -0.421108 1.316320
v 1.515646 -0.523476 1.330786
v 1.575697 -0.464940 1.299665
v 1.594918 -0.473862 1.303046
v 1.513716 -0.513741 1.334846
v 1.568771 -0.456697 1.315268
v 1.580509 -0.458536 1.329410
v 1.516970 -0.522120 1.340180
v 1.598508 -0.469813 1.322803
v 1.584675 -0.420677 1.305059
v 1.601549 -0.417679 1.321320
v 1.630115 -0.422082 1.310371
v 1.595627 -0.426486 1.284134
v 1.626765 -0.428080 1.285213
v 1.610225 -0.407275 1.414762
v 1.623199 -0.419909 1.415680
v 1.552343 -0.484085 1.367600
v 1.611786 -0.400463 1.398259
v 1.632291 -0.420832 1.400507
v 1.626273 -0.409866 1.389900
v 1.506439 -0.530473 1.349305
v 1.584412 -0.463255 1.395754
v 1.569448 -0.448957 1.395243
v 1.513716 -0.533972 1.342666
v 1.593724 -0.463822 1.379461
v 1.587400 -0.451799 1.367317
v 1.507060 -0.526660 1.340539
v 1.571110 -0.441075 1.376413
v 1.638071 -0.422039 1.400899
v 1.630690 -0.407412 1.385540
v 1.610010 -0.393591 1.396675
v 1.626585 -0.421497 1.421311
v 1.606811 -0.402731 1.420888
v 1.633401 -0.397526 1.406220
v 1.636452 -0.401889 1.409212
v 1.629317 -0.404771 1.407637
v 1.633988 -0.402482 1.415005
v 1.629984 -0.398871 1.415296
v 1.628074 -0.404953 1.410324
v 1.644953 -0.386333 1.417677
v 1.637047 -0.385657 1.410820
v 1.635186 -0.388205 1.419383
v 1.640310 -0.394215 1.421781
v 1.643799 -0.390728 1.408298
v 1.646026 -0.396200 1.415040
v 1.606486 -0.428820 1.395123
v 1.605409 -0.429056 1.397608
v 1.547724 -0.493223 1.361595
v 1.542412 -0.489472 1.364056
v 1.545373 -0.494087 1.367719
v 1.604267 -0.427459 1.396561
v 1.627125 -0.402979 1.408165
v 1.629175 -0.395835 1.410757
v -0.167091 -0.589322 -3.515414
v -0.091289 -0.546979 -3.664184
v -0.061452 -0.546978 -3.648982
v -0.137255 -0.589322 -3.500211
v -0.091289 -0.546979 -3.664184
v 0.018714 -0.504925 -3.880076
v 0.048550 -0.504925 -3.864873
v -0.061452 -0.546978 -3.648982
v 0.018714 -0.504925 -3.880076
v 0.111976 -0.486701 -4.063112
v 0.141812 -0.486701 -4.047910
v 0.048550 -0.504925 -3.864873
v 0.111976 -0.486701 -4.063112
v 0.200719 -0.486701 -4.237281
v 0.230555 -0.486701 -4.222078
v 0.141812 -0.486701 -4.047910
v 0.200719 -0.486701 -4.237281
v 0.292273 -0.504931 -4.416965
v 0.322109 -0.504931 -4.401763
v 0.230555 -0.486701 -4.222078
v 0.292273 -0.504931 -4.416965
v 0.398421 -0.547021 -4.625291
v 0.428257 -0.547021 -4.610089
v 0.322109 -0.504931 -4.401763
v 0.398421 -0.547021 -4.625291
v 0.470065 -0.589322 -4.765901
v 0.499901 -0.589322 -4.750699
v 0.428257 -0.547021 -4.610089
v -0.167091 -0.572579 -3.515414
v -0.137255 -0.572579 -3.500211
v -0.064044 -0.526100 -3.643896
v -0.093880 -0.526100 -3.659098
v -0.093880 -0.526100 -3.659098
v -0.064044 -0.526100 -3.643896
v 0.048226 -0.479246 -3.864238
v 0.018390 -0.479246 -3.879440
v 0.018390 -0.479246 -3.879440
v 0.048226 -0.479246 -3.864238
v 0.141812 -0.459036 -4.047910
v 0.111976 -0.459036 -4.063113
v 0.111976 -0.459036 -4.063113
v 0.141812 -0.459036 -4.047910
v 0.230555 -0.459036 -4.222078
v 0.200719 -0.459036 -4.237281
v 0.200719 -0.459036 -4.237281
v 0.230555 -0.459036 -4.222078
v 0.322429 -0.479255 -4.402390
v 0.292593 -0.479255 -4.417592
v 0.292593 -0.479255 -4.417592
v 0.322429 -0.479255 -4.402390
v 0.430812 -0.526170 -4.615103
v 0.400976 -0.526170 -4.630306
v 0.400976 -0.526170 -4.630306
v 0.430812 -0.526170 -4.615103
v 0.499901 -0.572579 -4.750699
v 0.470065 -0.572579 -4.765901
v -0.167091 -0.589322 -3.515414
v -0.137255 -0.589322 -3.500211
v -0.137255 -0.572579 -3.500211
v -0.167091 -0.572579 -3.515414
v -0.137255 -0.589322 -3.500211
v -0.061452 -0.546978 -3.648982
v -0.064044 -0.526100 -3.643896
v -0.137255 -0.572579 -3.500211
v 0.048550 -0.504925 -3.864873
v 0.048226 -0.479246 -3.864238
v 0.141812 -0.486701 -4.047910
v 0.141812 -0.459036 -4.047910
v 0.230555 -0.486701 -4.222078
v 0.230555 -0.459036 -4.222078
v 0.322109 -0.504931 -4.401763
v 0.322429 -0.479255 -4.402390
v 0.428257 -0.547021 -4.610089
v 0.430812 -0.526170 -4.615103
v 0.499901 -0.589322 -4.750699
v 0.499901 -0.572579 -4.750699
v 0.499901 -0.589322 -4.750699
v 0.470065 -0.589322 -4.765901
v 0.470065 -0.572579 -4.765901
v 0.499901 -0.572579 -4.750699
v 0.470065 -0.589322 -4.765901
v 0.398421 -0.547021 -4.625291
v 0.400976 -0.526170 -4.630306
v 0.470065 -0.572579 -4.765901
v 0.292273 -0.504931 -4.416965
v 0.292593 -0.479255 -4.417592
v 0.200719 -0.486701 -4.237281
v 0.200719 -0.459036 -4.237281
v 0.111976 -0.486701 -4.063112
v 0.111976 -0.459036 -4.063113
v 0.018714 -0.504925 -3.880076
v 0.018390 -0.479246 -3.879440
v -0.091289 -0.546979 -3.664184
v -0.093880 -0.526100 -3.659098
v -0.167091 -0.589322 -3.515414
v -0.167091 -0.572579 -3.515414
v -0.552647 -0.589322 -3.711864
v -0.476844 -0.546979 -3.860634
v -0.447008 -0.546979 -3.845432
v -0.522811 -0.589322 -3.696661
v -0.476844 -0.546979 -3.860634
v -0.366842 -0.504925 -4.076526
v -0.337005 -0.504925 -4.061324
v -0.447008 -0.546979 -3.845432
v -0.366842 -0.504925 -4.076526
v -0.273580 -0.486701 -4.259562
v -0.243744 -0.486701 -4.244360
v -0.337005 -0.504925 -4.061324
v -0.273580 -0.486701 -4.259562
v -0.184836 -0.486701 -4.433731
v -0.155000 -0.486701 -4.418529
v -0.243744 -0.486701 -4.244360
v -0.184836 -0.486701 -4.433731
v -0.093282 -0.504931 -4.613415
v -0.063446 -0.504931 -4.598213
v -0.155000 -0.486701 -4.418529
v -0.093282 -0.504931 -4.613415
v 0.012865 -0.547022 -4.821742
v 0.042702 -0.547022 -4.806539
v -0.063446 -0.504931 -4.598213
v 0.012865 -0.547022 -4.821742
v 0.084510 -0.589322 -4.962351
v 0.114346 -0.589322 -4.947149
v 0.042702 -0.547022 -4.806539
v -0.552647 -0.572579 -3.711864
v -0.522810 -0.572579 -3.696661
v -0.449599 -0.526100 -3.840346
v -0.479435 -0.526100 -3.855549
v -0.479435 -0.526100 -3.855549
v -0.449599 -0.526100 -3.840346
v -0.337330 -0.479246 -4.060688
v -0.367166 -0.479246 -4.075891
v -0.367166 -0.479246 -4.075891
v -0.337330 -0.479246 -4.060688
v -0.243743 -0.459036 -4.244360
v -0.273580 -0.459036 -4.259562
v -0.273580 -0.459036 -4.259562
v -0.243743 -0.459036 -4.244360
v -0.155000 -0.459036 -4.418529
v -0.184836 -0.459036 -4.433731
v -0.184836 -0.459036 -4.433731
v -0.155000 -0.459036 -4.418529
v -0.063127 -0.479255 -4.598840
v -0.092963 -0.479255 -4.614042
v -0.092963 -0.479255 -4.614042
v -0.063127 -0.479255 -4.598840
v 0.045257 -0.526170 -4.811553
v 0.015420 -0.526170 -4.826756
v 0.015420 -0.526170 -4.826756
v 0.045257 -0.526170 -4.811553
v 0.114346 -0.572579 -4.947149
v 0.084510 -0.572579 -4.962351
v -0.552647 -0.589322 -3.711864
v -0.522811 -0.589322 -3.696661
v -0.522810 -0.572579 -3.696661
v -0.552647 -0.572579 -3.711864
v -0.522811 -0.589322 -3.696661
v -0.447008 -0.546979 -3.845432
v -0.449599 -0.526100 -3.840346
v -0.522810 -0.572579 -3.696661
v -0.337005 -0.504925 -4.061324
v -0.337330 -0.479246 -4.060688
v -0.243744 -0.486701 -4.244360
v -0.243743 -0.459036 -4.244360
v -0.155000 -0.486701 -4.418529
v -0.155000 -0.459036 -4.418529
v -0.063446 -0.504931 -4.598213
v -0.063127 -0.479255 -4.598840
v 0.042702 -0.547022 -4.806539
v 0.045257 -0.526170 -4.811553
v 0.114346 -0.589322 -4.947149
v 0.114346 -0.572579 -4.947149
v 0.114346 -0.589322 -4.947149
v 0.084510 -0.589322 -4.962351
v 0.084510 -0.572579 -4.962351
v 0.114346 -0.572579 -4.947149
v 0.084510 -0.589322 -4.962351
v 0.012865 -0.547022 -4.821742
v 0.015420 -0.526170 -4.826756
v 0.084510 -0.572579 -4.962351
v -0.093282 -0.504931 -4.613415
v -0.092963 -0.479255 -4.614042
v -0.184836 -0.486701 -4.433731
v -0.184836 -0.459036 -4.433731
v -0.273580 -0.486701 -4.259562
v -0.273580 -0.459036 -4.259562
v -0.366842 -0.504925 -4.076526
v -0.367166 -0.479246 -4.075891
v -0.476844 -0.546979 -3.860634
v -0.479435 -0.526100 -3.855549
v -0.552647 -0.589322 -3.711864
v -0.552647 -0.572579 -3.711864
v 0.016584 -0.631266 -4.629201
v 0.017644 -0.628800 -4.625098
v -0.005664 -0.589441 -4.642734
v -0.006724 -0.591906 -4.646837
v -0.028972 -0.550081 -4.660370
v -0.030032 -0.552547 -4.664473
v -0.052280 -0.510722 -4.678006
v -0.053340 -0.513188 -4.682109
v 0.017644 -0.628800 -4.625098
v 0.021825 -0.627230 -4.627121
v -0.001483 -0.587871 -4.644757
v -0.005664 -0.589441 -4.642734
v -0.024791 -0.548512 -4.662393
v -0.028972 -0.550081 -4.660370
v -0.048100 -0.509153 -4.680029
v -0.052280 -0.510722 -4.678006
v 0.021825 -0.627230 -4.627121
v 0.020765 -0.629696 -4.631224
v -0.002543 -0.590337 -4.648860
v -0.001483 -0.587871 -4.644757
v -0.025851 -0.550978 -4.666496
v -0.024791 -0.548512 -4.662393
v -0.049159 -0.511619 -4.684132
v -0.048100 -0.509153 -4.680029
v 0.020765 -0.629696 -4.631224
v 0.016584 -0.631266 -4.629201
v -0.006724 -0.591906 -4.646837
v -0.002543 -0.590337 -4.648860
v -0.030032 -0.552547 -4.664473
v -0.025851 -0.550978 -4.666496
v -0.053340 -0.513188 -4.682109
v -0.049159 -0.511619 -4.684132
v -0.326996 -0.635362 -3.922310
v -0.326234 -0.633688 -3.917330
v -0.359858 -0.593455 -3.925711
v -0.360620 -0.595130 -3.930692
v -0.393481 -0.553222 -3.934092
v -0.394244 -0.554897 -3.939073
v -0.427105 -0.512990 -3.942473
v -0.427867 -0.514664 -3.947455
v -0.326234 -0.633688 -3.917330
v -0.322196 -0.630654 -3.918968
v -0.355819 -0.590421 -3.927349
v -0.359858 -0.593455 -3.925711
v -0.389443 -0.550188 -3.935730
v -0.393481 -0.553222 -3.934092
v -0.423067 -0.509956 -3.944111
v -0.427105 -0.512990 -3.942473
v -0.322196 -0.630654 -3.918968
v -0.322958 -0.632329 -3.923948
v -0.356582 -0.592096 -3.932330
v -0.355819 -0.590421 -3.927349
v -0.390205 -0.551863 -3.940711
v -0.389443 -0.550188 -3.935730
v -0.423829 -0.511630 -3.949093
v -0.423067 -0.509956 -3.944111
v -0.322958 -0.632329 -3.923948
v -0.326996 -0.635362 -3.922310
v -0.360620 -0.595130 -3.930692
v -0.356582 -0.592096 -3.932330
v -0.394244 -0.554897 -3.939073
v -0.390205 -0.551863 -3.940711
v -0.427867 -0.514664 -3.947455
v -0.423829 -0.511630 -3.949093
v -0.080267 -0.641922 -3.794388
v -0.079100 -0.640559 -3.799297
v -0.058426 -0.599616 -3.780831
v -0.059593 -0.600979 -3.775921
v -0.037753 -0.558673 -3.762364
v -0.038919 -0.560036 -3.757455
v -0.017079 -0.517730 -3.743897
v -0.018245 -0.519093 -3.738988
v -0.079100 -0.640559 -3.799297
v -0.083795 -0.638417 -3.799704
v -0.063121 -0.597474 -3.781237
v -0.058426 -0.599616 -3.780831
v -0.042447 -0.556531 -3.762770
v -0.037753 -0.558673 -3.762364
v -0.021773 -0.515588 -3.744303
v -0.017079 -0.517730 -3.743897
v -0.083795 -0.638417 -3.799704
v -0.084961 -0.639780 -3.794795
v -0.064287 -0.598837 -3.776328
v -0.063121 -0.597474 -3.781237
v -0.043614 -0.557894 -3.757861
v -0.042447 -0.556531 -3.762770
v -0.022940 -0.516951 -3.739395
v -0.021773 -0.515588 -3.744303
v -0.084961 -0.639780 -3.794795
v -0.080267 -0.641922 -3.794388
v -0.059593 -0.600979 -3.775921
v -0.064287 -0.598837 -3.776328
v -0.038919 -0.560036 -3.757455
v -0.043614 -0.557894 -3.757861
v -0.018245 -0.519093 -3.738988
v -0.022940 -0.516951 -3.739395
v 0.266504 -0.635879 -4.539843
v 0.264053 -0.633149 -4.544058
v 0.295367 -0.589558 -4.531774
v 0.297818 -0.592289 -4.527558
v 0.326681 -0.545967 -4.519488
v 0.329133 -0.548698 -4.515273
v 0.357996 -0.502377 -4.507204
v 0.360447 -0.505108 -4.502988
v 0.264053 -0.633149 -4.544058
v 0.260050 -0.631410 -4.540515
v 0.291365 -0.587820 -4.528231
v 0.295367 -0.589558 -4.531774
v 0.322679 -0.544229 -4.515946
v 0.326681 -0.545967 -4.519488
v 0.353994 -0.500639 -4.503661
v 0.357996 -0.502377 -4.507204
v 0.260050 -0.631410 -4.540515
v 0.262501 -0.634141 -4.536300
v 0.293816 -0.590551 -4.524015
v 0.291365 -0.587820 -4.528231
v 0.325130 -0.546960 -4.511730
v 0.322679 -0.544229 -4.515946
v 0.356445 -0.503369 -4.499445
v 0.353994 -0.500639 -4.503661
v 0.262501 -0.634141 -4.536300
v 0.266504 -0.635879 -4.539843
v 0.297818 -0.592289 -4.527558
v 0.293816 -0.590551 -4.524015
v 0.329133 -0.548698 -4.515273
v 0.325130 -0.546960 -4.511730
v 0.360447 -0.505108 -4.502988
v 0.356445 -0.503369 -4.499445
v -0.124454 -0.611562 -4.294033
v -0.123842 -0.609436 -4.289236
v -0.152346 -0.567545 -4.304164
v -0.152958 -0.569671 -4.308961
v -0.180849 -0.525655 -4.319093
v -0.181462 -0.527781 -4.323889
v -0.209354 -0.483764 -4.334021
v -0.209966 -0.485890 -4.338817
v -0.123842 -0.609436 -4.289236
v -0.119437 -0.607020 -4.290869
v -0.147941 -0.565130 -4.305797
v -0.152346 -0.567545 -4.304164
v -0.176445 -0.523239 -4.320725
v -0.180849 -0.525655 -4.319093
v -0.204949 -0.481349 -4.335653
v -0.209354 -0.483764 -4.334021
v -0.119437 -0.607020 -4.290869
v -0.120049 -0.609146 -4.295666
v -0.148553 -0.567256 -4.310594
v -0.147941 -0.565130 -4.305797
v -0.177057 -0.525365 -4.325522
v -0.176445 -0.523239 -4.320725
v -0.205562 -0.483475 -4.340450
v -0.204949 -0.481349 -4.335653
v -0.120049 -0.609146 -4.295666
v -0.124454 -0.611562 -4.294033
v -0.152958 -0.569671 -4.308961
v -0.148553 -0.567256 -4.310594
v -0.181462 -0.527781 -4.323889
v -0.177057 -0.525365 -4.325522
v -0.209966 -0.485890 -4.338817
v -0.205562 -0.483475 -4.340450
v 0.083484 -0.611470 -4.187558
v 0.082767 -0.608762 -4.192676
v 0.115916 -0.560416 -4.176455
v 0.116633 -0.563124 -4.171339
v 0.149065 -0.512070 -4.160235
v 0.149781 -0.514778 -4.155118
v 0.182213 -0.463724 -4.144016
v 0.182930 -0.466432 -4.138898
v 0.082767 -0.608762 -4.192676
v 0.078166 -0.605701 -4.190710
v 0.111314 -0.557355 -4.174490
v 0.115916 -0.560416 -4.176455
v 0.144463 -0.509009 -4.158270
v 0.149065 -0.512070 -4.160235
v 0.177611 -0.460663 -4.142050
v 0.182213 -0.463724 -4.144016
v 0.078166 -0.605701 -4.190710
v 0.078882 -0.608409 -4.185593
v 0.112031 -0.560063 -4.169373
v 0.111314 -0.557355 -4.174490
v 0.145179 -0.511717 -4.153153
v 0.144463 -0.509009 -4.158270
v 0.178328 -0.463371 -4.136933
v 0.177611 -0.460663 -4.142050
v 0.078882 -0.608409 -4.185593
v 0.083484 -0.611470 -4.187558
v 0.116633 -0.563124 -4.171339
v 0.112031 -0.560063 -4.169373
v 0.149781 -0.514778 -4.155118
v 0.145179 -0.511717 -4.153153
v 0.182930 -0.466432 -4.138898
v 0.178328 -0.463371 -4.136933
v -0.469970 -0.684345 -3.728397
v -0.373175 -0.655969 -3.894853
v -0.239330 -0.655969 -3.817609
v -0.239330 -0.655969 -3.817609
v -0.324721 -0.684344 -3.650019
v -0.469970 -0.684345 -3.728397
v -0.324721 -0.684344 -3.650019
v -0.239330 -0.655969 -3.817609
v -0.098166 -0.655969 -3.754730
v -0.098166 -0.655969 -3.754730
v -0.175938 -0.684344 -3.578579
v -0.324721 -0.684344 -3.650019
v -0.373175 -0.655969 -3.894853
v -0.251954 -0.631185 -4.092758
v -0.134537 -0.631185 -4.023278
v -0.134537 -0.631185 -4.023278
v -0.239330 -0.655969 -3.817609
v -0.373175 -0.655969 -3.894853
v -0.239330 -0.655969 -3.817609
v -0.134537 -0.631185 -4.023278
v -0.009309 -0.631185 -3.969125
v -0.009309 -0.631185 -3.969125
v -0.098166 -0.655969 -3.754730
v -0.239330 -0.655969 -3.817609
v -0.251954 -0.631185 -4.092758
v -0.170475 -0.619982 -4.234504
v -0.058143 -0.619982 -4.173208
v -0.058143 -0.619982 -4.173208
v -0.134537 -0.631185 -4.023278
v -0.251954 -0.631185 -4.092758
v -0.134537 -0.631185 -4.023278
v -0.058143 -0.619982 -4.173208
v 0.057474 -0.619982 -4.118358
v 0.057474 -0.619982 -4.118358
v -0.009309 -0.631185 -3.969125
v -0.134537 -0.631185 -4.023278
v -0.170475 -0.619982 -4.234504
v -0.104106 -0.619982 -4.364760
v 0.011509 -0.619982 -4.309908
v -0.058143 -0.619982 -4.173208
v 0.123842 -0.619982 -4.248614
v 0.057474 -0.619982 -4.118358
v -0.104106 -0.619982 -4.364760
v -0.037324 -0.631185 -4.513991
v 0.087902 -0.631185 -4.459836
v 0.087902 -0.631185 -4.459836
v 0.011509 -0.619982 -4.309908
v -0.104106 -0.619982 -4.364760
v 0.011509 -0.619982 -4.309908
v 0.087902 -0.631185 -4.459836
v 0.205320 -0.631185 -4.390357
v 0.205320 -0.631185 -4.390357
v 0.123842 -0.619982 -4.248614
v 0.011509 -0.619982 -4.309908
v -0.037324 -0.631185 -4.513991
v 0.051530 -0.655969 -4.728381
v 0.192693 -0.655969 -4.665501
v 0.192693 -0.655969 -4.665501
v 0.087902 -0.631185 -4.459836
v -0.037324 -0.631185 -4.513991
v 0.087902 -0.631185 -4.459836
v 0.192693 -0.655969 -4.665501
v 0.326538 -0.655969 -4.588257
v 0.326538 -0.655969 -4.588257
v 0.205320 -0.631185 -4.390357
v 0.087902 -0.631185 -4.459836
v 0.051530 -0.655969 -4.728381
v 0.129299 -0.684345 -4.904527
v 0.278083 -0.684345 -4.833087
v 0.278083 -0.684345 -4.833087
v 0.192693 -0.655969 -4.665501
v 0.051530 -0.655969 -4.728381
v 0.192693 -0.655969 -4.665501
v 0.278083 -0.684345 -4.833087
v 0.423332 -0.684344 -4.754710
v 0.423332 -0.684344 -4.754710
v 0.326538 -0.655969 -4.588257
v 0.192693 -0.655969 -4.665501
v -0.478470 -0.667682 -3.712969
v -0.332491 -0.667682 -3.634770
v -0.244030 -0.639224 -3.808386
v -0.244030 -0.639224 -3.808386
v -0.378504 -0.639224 -3.885823
v -0.478470 -0.667682 -3.712969
v -0.332491 -0.667682 -3.634770
v -0.183423 -0.667682 -3.562634
v -0.102340 -0.639224 -3.745110
v -0.102340 -0.639224 -3.745110
v -0.244030 -0.639224 -3.808386
v -0.332491 -0.667682 -3.634770
v -0.378504 -0.639224 -3.885823
v -0.244030 -0.639224 -3.808386
v -0.136203 -0.614446 -4.020006
v -0.136203 -0.614446 -4.020006
v -0.253806 -0.614446 -4.089647
v -0.378504 -0.639224 -3.885823
v -0.244030 -0.639224 -3.808386
v -0.102340 -0.639224 -3.745110
v -0.010737 -0.614446 -3.965797
v -0.010737 -0.614446 -3.965797
v -0.136203 -0.614446 -4.020006
v -0.244030 -0.639224 -3.808386
v -0.253806 -0.614446 -4.089647
v -0.136203 -0.614446 -4.020006
v -0.058396 -0.603235 -4.172710
v -0.058396 -0.603235 -4.172710
v -0.170716 -0.603235 -4.234030
v -0.253806 -0.614446 -4.089647
v -0.136203 -0.614446 -4.020006
v -0.010737 -0.614446 -3.965797
v 0.057232 -0.603235 -4.117884
v 0.057232 -0.603235 -4.117884
v -0.058396 -0.603235 -4.172710
v -0.136203 -0.614446 -4.020006
v -0.170716 -0.603235 -4.234030
v -0.058396 -0.603235 -4.172710
v 0.011806 -0.603237 -4.310490
v -0.103823 -0.603237 -4.365314
v 0.057232 -0.603235 -4.117884
v 0.124125 -0.603237 -4.249169
v -0.103823 -0.603237 -4.365314
v 0.011806 -0.603237 -4.310490
v 0.089033 -0.614439 -4.462056
v 0.089033 -0.614439 -4.462056
v -0.036339 -0.614439 -4.516232
v -0.103823 -0.603237 -4.365314
v 0.011806 -0.603237 -4.310490
v 0.124125 -0.603237 -4.249169
v 0.206554 -0.614439 -4.392472
v 0.206554 -0.614439 -4.392472
v 0.089033 -0.614439 -4.462056
v 0.011806 -0.603237 -4.310490
v -0.036339 -0.614439 -4.516232
v 0.089033 -0.614439 -4.462056
v 0.195234 -0.639195 -4.670487
v 0.195234 -0.639195 -4.670487
v 0.053807 -0.639195 -4.733553
v -0.036339 -0.614439 -4.516232
v 0.089033 -0.614439 -4.462056
v 0.206554 -0.614439 -4.392472
v 0.329384 -0.639195 -4.593140
v 0.329384 -0.639195 -4.593140
v 0.195234 -0.639195 -4.670487
v 0.089033 -0.614439 -4.462056
v 0.053807 -0.639195 -4.733553
v 0.195234 -0.639195 -4.670487
v 0.281978 -0.667622 -4.840733
v 0.281978 -0.667622 -4.840733
v 0.133057 -0.667622 -4.912481
v 0.053807 -0.639195 -4.733553
v 0.195234 -0.639195 -4.670487
v 0.329384 -0.639195 -4.593140
v 0.427558 -0.667622 -4.762424
v 0.427558 -0.667622 -4.762424
v 0.281978 -0.667622 -4.840733
v 0.195234 -0.639195 -4.670487
v -0.469970 -0.684345 -3.728397
v -0.324721 -0.684344 -3.650019
v -0.332491 -0.667682 -3.634770
v -0.332491 -0.667682 -3.634770
v -0.478470 -0.667682 -3.712969
v -0.469970 -0.684345 -3.728397
v -0.324721 -0.684344 -3.650019
v -0.175938 -0.684344 -3.578579
v -0.183423 -0.667682 -3.562634
v -0.183423 -0.667682 -3.562634
v -0.332491 -0.667682 -3.634770
v -0.324721 -0.684344 -3.650019
v -0.175938 -0.684344 -3.578579
v -0.098166 -0.655969 -3.754730
v -0.102340 -0.639224 -3.745110
v -0.102340 -0.639224 -3.745110
v -0.183423 -0.667682 -3.562634
v -0.175938 -0.684344 -3.578579
v -0.098166 -0.655969 -3.754730
v -0.009309 -0.631185 -3.969125
v -0.010737 -0.614446 -3.965797
v -0.010737 -0.614446 -3.965797
v -0.102340 -0.639224 -3.745110
v -0.098166 -0.655969 -3.754730
v -0.009309 -0.631185 -3.969125
v 0.057474 -0.619982 -4.118358
v 0.057232 -0.603235 -4.117884
v 0.057232 -0.603235 -4.117884
v -0.010737 -0.614446 -3.965797
v -0.009309 -0.631185 -3.969125
v 0.057474 -0.619982 -4.118358
v 0.123842 -0.619982 -4.248614
v 0.124125 -0.603237 -4.249169
v 0.057232 -0.603235 -4.117884
v 0.123842 -0.619982 -4.248614
v 0.205320 -0.631185 -4.390357
v 0.206554 -0.614439 -4.392472
v 0.206554 -0.614439 -4.392472
v 0.124125 -0.603237 -4.249169
v 0.123842 -0.619982 -4.248614
v 0.205320 -0.631185 -4.390357
v 0.326538 -0.655969 -4.588257
v 0.329384 -0.639195 -4.593140
v 0.329384 -0.639195 -4.593140
v 0.206554 -0.614439 -4.392472
v 0.205320 -0.631185 -4.390357
v 0.326538 -0.655969 -4.588257
v 0.423332 -0.684344 -4.754710
v 0.427558 -0.667622 -4.762424
v 0.427558 -0.667622 -4.762424
v 0.329384 -0.639195 -4.593140
v 0.326538 -0.655969 -4.588257
v 0.423332 -0.684344 -4.754710
v 0.278083 -0.684345 -4.833087
v 0.281978 -0.667622 -4.840733
v 0.281978 -0.667622 -4.840733
v 0.427558 -0.667622 -4.762424
v 0.423332 -0.684344 -4.754710
v 0.278083 -0.684345 -4.833087
v 0.129299 -0.684345 -4.904527
v 0.133057 -0.667622 -4.912481
v 0.133057 -0.667622 -4.912481
v 0.281978 -0.667622 -4.840733
v 0.278083 -0.684345 -4.833087
v 0.129299 -0.684345 -4.904527
v 0.051530 -0.655969 -4.728381
v 0.053807 -0.639195 -4.733553
v 0.053807 -0.639195 -4.733553
v 0.133057 -0.667622 -4.912481
v 0.129299 -0.684345 -4.904527
v 0.051530 -0.655969 -4.728381
v -0.037324 -0.631185 -4.513991
v -0.036339 -0.614439 -4.516232
v -0.036339 -0.614439 -4.516232
v 0.053807 -0.639195 -4.733553
v 0.051530 -0.655969 -4.728381
v -0.037324 -0.631185 -4.513991
v -0.104106 -0.619982 -4.364760
v -0.103823 -0.603237 -4.365314
v -0.103823 -0.603237 -4.365314
v -0.036339 -0.614439 -4.516232
v -0.037324 -0.631185 -4.513991
v -0.104106 -0.619982 -4.364760
v -0.170475 -0.619982 -4.234504
v -0.170716 -0.603235 -4.234030
v -0.103823 -0.603237 -4.365314
v -0.170475 -0.619982 -4.234504
v -0.251954 -0.631185 -4.092758
v -0.253806 -0.614446 -4.089647
v -0.253806 -0.614446 -4.089647
v -0.170716 -0.603235 -4.234030
v -0.170475 -0.619982 -4.234504
v -0.251954 -0.631185 -4.092758
v -0.373175 -0.655969 -3.894853
v -0.378504 -0.639224 -3.885823
v -0.378504 -0.639224 -3.885823
v -0.253806 -0.614446 -4.089647
v -0.251954 -0.631185 -4.092758
v -0.373175 -0.655969 -3.894853
v -0.469970 -0.684345 -3.728397
v -0.478470 -0.667682 -3.712969
v -0.478470 -0.667682 -3.712969
v -0.378504 -0.639224 -3.885823
v -0.373175 -0.655969 -3.894853
v 2.416296 -0.485246 -8.543711
v 2.305757 -0.518931 -8.355547
v 2.399530 -0.406160 -8.404265
v 2.504362 -0.518162 -8.143057
v 2.641302 -0.497602 -8.240870
v 2.476622 -0.426364 -8.277940
v 2.703054 -0.490554 -8.354636
v 2.673999 -0.473023 -8.536070
v 2.520987 -0.394481 -8.395717
v 2.399530 -0.406160 -8.404265
v 2.476622 -0.426364 -8.277940
v 2.520987 -0.394481 -8.395717
v 2.416296 -0.485246 -8.543711
v 2.399530 -0.406160 -8.404265
v 2.520987 -0.394481 -8.395717
v 2.520987 -0.394481 -8.395717
v 2.673999 -0.473023 -8.536070
v 2.416296 -0.485246 -8.543711
v 2.305757 -0.518931 -8.355547
v 2.504362 -0.518162 -8.143057
v 2.476622 -0.426364 -8.277940
v 2.476622 -0.426364 -8.277940
v 2.399530 -0.406160 -8.404265
v 2.305757 -0.518931 -8.355547
v 2.641302 -0.497602 -8.240870
v 2.703054 -0.490554 -8.354636
v 2.520987 -0.394481 -8.395717
v 2.520987 -0.394481 -8.395717
v 2.476622 -0.426364 -8.277940
v 2.641302 -0.497602 -8.240870
v -1.407492 -0.541449 -3.527426
v -1.269786 -0.561503 -3.435353
v -1.329082 -0.473731 -3.553536
v -1.109267 -0.577064 -3.557565
v -1.161971 -0.585320 -3.733386
v -1.200209 -0.477492 -3.626636
v -1.276067 -0.581023 -3.794782
v -1.447215 -0.539921 -3.703527
v -1.320281 -0.475135 -3.675223
v -1.329082 -0.473731 -3.553536
v -1.200209 -0.477492 -3.626636
v -1.320281 -0.475135 -3.675223
v -1.295483 -0.651801 -3.435694
v -1.105331 -0.684556 -3.540957
v -1.109267 -0.577064 -3.557565
v -1.109267 -0.577064 -3.557565
v -1.269786 -0.561503 -3.435353
v -1.295483 -0.651801 -3.435694
v -1.295483 -0.651801 -3.435694
v -1.269786 -0.561503 -3.435353
v -1.407492 -0.541449 -3.527426
v -1.407492 -0.541449 -3.527426
v -1.433776 -0.633775 -3.522254
v -1.295483 -0.651801 -3.435694
v -1.105331 -0.684556 -3.540957
v -1.140070 -0.685909 -3.728216
v -1.161971 -0.585320 -3.733386
v -1.161971 -0.585320 -3.733386
v -1.109267 -0.577064 -3.557565
v -1.105331 -0.684556 -3.540957
v -1.140070 -0.685909 -3.728216
v -1.290847 -0.665702 -3.807017
v -1.276067 -0.581023 -3.794782
v -1.276067 -0.581023 -3.794782
v -1.161971 -0.585320 -3.733386
v -1.140070 -0.685909 -3.728216
v -1.290847 -0.665702 -3.807017
v -1.446036 -0.639587 -3.738451
v -1.447215 -0.539921 -3.703527
v -1.447215 -0.539921 -3.703527
v -1.276067 -0.581023 -3.794782
v -1.290847 -0.665702 -3.807017
v -1.446036 -0.639587 -3.738451
v -1.433776 -0.633775 -3.522254
v -1.407492 -0.541449 -3.527426
v -1.407492 -0.541449 -3.527426
v -1.447215 -0.539921 -3.703527
v -1.446036 -0.639587 -3.738451
v -1.407492 -0.541449 -3.527426
v -1.329082 -0.473731 -3.553536
v -1.320281 -0.475135 -3.675223
v -1.320281 -0.475135 -3.675223
v -1.447215 -0.539921 -3.703527
v -1.407492 -0.541449 -3.527426
v -1.269786 -0.561503 -3.435353
v -1.109267 -0.577064 -3.557565
v -1.200209 -0.477492 -3.626636
v -1.200209 -0.477492 -3.626636
v -1.329082 -0.473731 -3.553536
v -1.269786 -0.561503 -3.435353
v -1.161971 -0.585320 -3.733386
v -1.276067 -0.581023 -3.794782
v -1.320281 -0.475135 -3.675223
v -1.320281 -0.475135 -3.675223
v -1.200209 -0.477492 -3.626636
v -1.161971 -0.585320 -3.733386
v 0.856574 -0.518731 -0.121373
v 0.718028 -0.545003 -0.032170
v 0.841285 -0.445826 -0.044778
v 0.763527 -0.540599 0.164946
v 0.945287 -0.529649 0.189489
v 0.854346 -0.436597 0.102566
v 1.047767 -0.521874 0.110475
v 1.032279 -0.497607 -0.085687
v 0.947896 -0.432468 0.013039
v 0.841285 -0.445826 -0.044778
v 0.854346 -0.436597 0.102566
v 0.947896 -0.432468 0.013039
v 0.737528 -0.635423 -0.048236
v 0.757022 -0.649112 0.170266
v 0.763527 -0.540599 0.164946
v 0.763527 -0.540599 0.164946
v 0.718028 -0.545003 -0.032170
v 0.737528 -0.635423 -0.048236
v 0.737528 -0.635423 -0.048236
v 0.718028 -0.545003 -0.032170
v 0.856574 -0.518731 -0.121373
v 0.856574 -0.518731 -0.121373
v 0.871519 -0.611838 -0.140065
v 0.737528 -0.635423 -0.048236
v 0.757022 -0.649112 0.170266
v 0.941030 -0.629358 0.215271
v 0.945287 -0.529649 0.189489
v 0.945287 -0.529649 0.189489
v 0.763527 -0.540599 0.164946
v 0.757022 -0.649112 0.170266
v 0.941030 -0.629358 0.215271
v 1.072971 -0.604944 0.108747
v 1.047767 -0.521874 0.110475
v 1.047767 -0.521874 0.110475
v 0.945287 -0.529649 0.189489
v 0.941030 -0.629358 0.215271
v 1.072971 -0.604944 0.108747
v 1.072815 -0.592323 -0.062447
v 1.032279 -0.497607 -0.085687
v 1.032279 -0.497607 -0.085687
v 1.047767 -0.521874 0.110475
v 1.072971 -0.604944 0.108747
v 1.072815 -0.592323 -0.062447
v 0.871519 -0.611838 -0.140065
v 0.856574 -0.518731 -0.121373
v 0.856574 -0.518731 -0.121373
v 1.032279 -0.497607 -0.085687
v 1.072815 -0.592323 -0.062447
v 0.856574 -0.518731 -0.121373
v 0.841285 -0.445826 -0.044778
v 0.947896 -0.432468 0.013039
v 0.947896 -0.432468 0.013039
v 1.032279 -0.497607 -0.085687
v 0.856574 -0.518731 -0.121373
v 0.718028 -0.545003 -0.032170
v 0.763527 -0.540599 0.164946
v 0.854346 -0.436597 0.102566
v 0.854346 -0.436597 0.102566
v 0.841285 -0.445826 -0.044778
v 0.718028 -0.545003 -0.032170
v 0.945287 -0.529649 0.189489
v 1.047767 -0.521874 0.110475
v 0.947896 -0.432468 0.013039
v 0.947896 -0.432468 0.013039
v 0.854346 -0.436597 0.102566
v 0.945287 -0.529649 0.189489
v -1.367088 -0.638298 -1.415844
v -1.349311 -0.425928 -1.414109
v -1.367089 -0.548960 -1.164700
v -1.367089 -0.548960 -1.164700
v -1.359556 -0.638298 -1.214496
v -1.367088 -0.638298 -1.415844
v -1.367089 -0.548960 -1.164700
v -1.404467 -0.202041 -1.163363
v -1.404468 -0.210500 -0.844440
v -1.404468 -0.210500 -0.844440
v -1.367089 -0.548960 -0.829840
v -1.367089 -0.548960 -1.164700
v -1.349311 -0.425928 -1.414109
v -1.330570 -0.202041 -1.412280
v -1.404467 -0.202041 -1.163363
v -1.404467 -0.202041 -1.163363
v -1.367089 -0.548960 -1.164700
v -1.349311 -0.425928 -1.414109
v 1.311794 -0.559235 0.677032
v 1.231244 -0.220326 0.675124
v 1.293509 -0.220326 0.354179
v 1.293509 -0.220326 0.354179
v 1.317962 -0.535656 0.355040
v 1.311794 -0.559235 0.677032
v 1.293509 -0.220326 0.354179
v 1.346880 -0.220326 -0.002345
v 1.326857 -0.487958 0.021475
v 1.326857 -0.487958 0.021475
v 1.317962 -0.535656 0.355040
v 1.293509 -0.220326 0.354179
v 1.346880 -0.220326 -0.002345
v 1.258823 -0.220327 -0.323289
v 1.211222 -0.509875 -0.263166
v 1.211222 -0.509875 -0.263166
v 1.326857 -0.487958 0.021475
v 1.346880 -0.220326 -0.002345
v 1.258823 -0.220327 -0.323289
v 1.113840 -0.220327 -0.440578
v 1.077796 -0.535174 -0.441067
v 1.077796 -0.535174 -0.441067
v 1.211222 -0.509875 -0.263166
v 1.258823 -0.220327 -0.323289
v 1.113840 -0.220327 -0.440578
v 0.965304 -0.220327 -0.620133
v 0.948818 -0.535174 -0.578940
v 0.948818 -0.535174 -0.578940
v 1.077796 -0.535174 -0.441067
v 1.113840 -0.220327 -0.440578
v 0.965304 -0.220327 -0.620133
v 0.746500 -0.256115 -0.751211
v 0.735337 -0.543724 -0.703470
v 0.735337 -0.543724 -0.703470
v 0.948818 -0.535174 -0.578940
v 0.965304 -0.220327 -0.620133
v 0.746500 -0.256115 -0.751211
v 0.474644 -0.330206 -0.876226
v 0.486275 -0.557362 -0.787973
v 0.486275 -0.557362 -0.787973
v 0.735337 -0.543724 -0.703470
v 0.746500 -0.256115 -0.751211
v 0.138283 -0.342706 -0.960120
v 0.139783 -0.638297 -0.913554
v 0.486275 -0.557362 -0.787973
v 0.486275 -0.557362 -0.787973
v 0.474644 -0.330206 -0.876226
v 0.138283 -0.342706 -0.960120
v -0.111363 -0.503311 0.677032
v -0.120992 -0.218959 0.761848
v 0.306833 -0.218959 0.789074
v 0.306833 -0.218959 0.789074
v 0.306833 -0.482771 0.789074
v -0.111363 -0.503311 0.677032
v -0.449786 -0.548681 0.628802
v -0.471031 -0.218959 0.715177
v -0.120992 -0.218959 0.761848
v -0.120992 -0.218959 0.761848
v -0.111363 -0.503311 0.677032
v -0.449786 -0.548681 0.628802
v -1.367089 -0.548959 -0.578694
v -1.326682 -0.218959 -0.552741
v -1.299456 -0.218959 -0.296046
v -1.299456 -0.218959 -0.296046
v -1.352649 -0.548682 -0.332602
v -1.367089 -0.548959 -0.578694
v -1.367089 -0.548960 -0.829840
v -1.404468 -0.210500 -0.844440
v -1.326682 -0.218959 -0.552741
v -1.326682 -0.218959 -0.552741
v -1.367089 -0.548959 -0.578694
v -1.367089 -0.548960 -0.829840
v -0.232635 -0.358031 -0.930615
v -0.510823 -0.318704 -1.073925
v -0.415899 -0.638298 -1.122423
v -0.415899 -0.638298 -1.122423
v -0.195077 -0.638298 -0.913554
v -0.232635 -0.358031 -0.930615
v 0.139783 -0.638297 -0.913554
v 0.138283 -0.342706 -0.960120
v -0.232635 -0.358031 -0.930615
v -0.232635 -0.358031 -0.930615
v -0.195077 -0.638298 -0.913554
v 0.139783 -0.638297 -0.913554
v -1.340014 -0.548682 -0.065701
v -1.272231 -0.218959 -0.004348
v -1.174998 -0.218959 0.267905
v -1.174998 -0.218959 0.267905
v -1.276841 -0.548682 0.234893
v -1.340014 -0.548682 -0.065701
v -1.352649 -0.548682 -0.332602
v -1.299456 -0.218959 -0.296046
v -1.272231 -0.218959 -0.004348
v -1.272231 -0.218959 -0.004348
v -1.340014 -0.548682 -0.065701
v -1.352649 -0.548682 -0.332602
v -0.510823 -0.318704 -1.073925
v -0.628842 -0.298327 -1.415337
v -0.446222 -0.638298 -1.415844
v -0.446222 -0.638298 -1.415844
v -0.415899 -0.638298 -1.122423
v -0.510823 -0.318704 -1.073925
v -0.763167 -0.558880 0.582475
v -0.770509 -0.218959 0.645169
v -0.471031 -0.218959 0.715177
v -0.471031 -0.218959 0.715177
v -0.449786 -0.548681 0.628802
v -0.763167 -0.558880 0.582475
v -0.763167 -0.558880 0.582475
v -1.003868 -0.218959 0.544047
v -0.770509 -0.218959 0.645169
v -1.003868 -0.218959 0.544047
v -0.763167 -0.558880 0.582475
v -1.063915 -0.548681 0.506667
v -1.174998 -0.218959 0.267905
v -1.003868 -0.218959 0.544047
v -1.063915 -0.548681 0.506667
v -1.063915 -0.548681 0.506667
v -1.276841 -0.548682 0.234893
v -1.174998 -0.218959 0.267905
v 0.398220 -0.419578 1.738990
v 0.537312 -0.498611 1.643035
v 0.456628 -0.446129 1.809641
v 0.635672 -0.460040 1.476251
v 0.398220 -0.419578 1.738990
v 0.494549 -0.245448 1.664417
v 0.305444 -0.364782 1.996240
v 0.131044 -0.148400 2.134835
v 0.139595 -0.422273 2.156218
v 0.529912 -0.336536 1.885458
v 0.721203 -0.434824 1.844032
v 0.639951 -0.154877 1.852584
v -0.121271 -0.130630 1.595993
v 0.184560 -0.389463 1.733130
v -0.031466 -0.427011 1.630206
v 0.828116 -0.392577 1.275254
v 1.041026 -0.307992 0.998031
v 1.077266 -0.580398 1.011014
v 1.077266 -0.580398 1.011014
v 0.794584 -0.614685 1.260044
v 0.828116 -0.392577 1.275254
v 0.794584 -0.614685 1.260044
v 0.635672 -0.460040 1.476251
v 0.828116 -0.392577 1.275254
v 0.635672 -0.460040 1.476251
v 0.794584 -0.614685 1.260044
v 0.605703 -0.603408 1.510474
v 1.041026 -0.307992 0.998031
v 1.231244 -0.220326 0.675124
v 1.311794 -0.559235 0.677032
v 1.311794 -0.559235 0.677032
v 1.077266 -0.580398 1.011014
v 1.041026 -0.307992 0.998031
v 0.828116 -0.392577 1.275254
v 0.584356 -0.252930 1.459145
v 0.635672 -0.460040 1.476251
v 0.537312 -0.498611 1.643035
v 0.398220 -0.419578 1.738990
v 0.537312 -0.498611 1.643035
v 0.580043 -0.594682 1.630217
v 0.781040 -0.546048 1.831214
v 0.781040 -0.546048 1.831214
v 0.721203 -0.434824 1.844032
v 0.537312 -0.498611 1.643035
v 0.537312 -0.498611 1.643035
v 0.605703 -0.603408 1.510474
v 0.580043 -0.594682 1.630217
v 0.605703 -0.603408 1.510474
v 0.537312 -0.498611 1.643035
v 0.635672 -0.460040 1.476251
v 0.456628 -0.446129 1.809641
v 0.721203 -0.434824 1.844032
v 0.529912 -0.336536 1.885458
v 0.721203 -0.434824 1.844032
v 0.456628 -0.446129 1.809641
v 0.537312 -0.498611 1.643035
v -0.018667 -0.551452 1.826936
v -0.001530 -0.438612 1.903903
v 0.139595 -0.422273 2.156218
v 0.139595 -0.422273 2.156218
v 0.165223 -0.534106 2.117739
v -0.018667 -0.551452 1.826936
v 0.165223 -0.534106 2.117739
v 0.139595 -0.422273 2.156218
v 0.447505 -0.340986 2.408533
v 0.447505 -0.340986 2.408533
v 0.460303 -0.512909 2.348672
v 0.165223 -0.534106 2.117739
v 0.131044 -0.148400 2.134835
v 0.447505 -0.340986 2.408533
v 0.139595 -0.422273 2.156218
v 0.305444 -0.364782 1.996240
v 0.139595 -0.422273 2.156218
v 0.259002 -0.440369 1.882855
v -0.001530 -0.438612 1.903903
v 0.259002 -0.440369 1.882855
v 0.139595 -0.422273 2.156218
v 0.305444 -0.364782 1.996240
v 0.529912 -0.336536 1.885458
v 0.639951 -0.154877 1.852584
v 0.639951 -0.154877 1.852584
v 0.131044 -0.148400 2.134835
v 0.305444 -0.364782 1.996240
v 1.046219 -0.301024 1.903903
v 1.084674 -0.497713 1.942403
v 1.294223 -0.477446 2.143400
v 1.294223 -0.477446 2.143400
v 1.349852 -0.168223 2.096347
v 1.046219 -0.301024 1.903903
v 1.204419 -0.453575 2.558221
v 0.866573 -0.469238 2.515456
v 0.866604 -0.282075 2.566764
v 0.866604 -0.282075 2.566764
v 1.204452 -0.254316 2.596699
v 1.204419 -0.453575 2.558221
v 0.866604 -0.282075 2.566764
v 0.866573 -0.469238 2.515456
v 0.447505 -0.340986 2.408533
v 0.460303 -0.512909 2.348672
v 0.447505 -0.340986 2.408533
v 0.866573 -0.469238 2.515456
v -0.018667 -0.551452 1.826936
v -0.061432 -0.562914 1.591728
v -0.031466 -0.427011 1.630206
v -0.031466 -0.427011 1.630206
v -0.001530 -0.438612 1.903903
v -0.018667 -0.551452 1.826936
v -0.031466 -0.427011 1.630206
v -0.035773 -0.575249 1.382178
v -0.024821 -0.409186 1.397882
v -0.035773 -0.575249 1.382178
v -0.031466 -0.427011 1.630206
v -0.061432 -0.562914 1.591728
v -0.035773 -0.575249 1.382178
v 0.066864 -0.602673 1.185458
v 0.028406 -0.409986 1.185448
v 0.028406 -0.409986 1.185448
v -0.024821 -0.409186 1.397882
v -0.035773 -0.575249 1.382178
v 0.066864 -0.602673 1.185458
v 0.242201 -0.625335 0.988738
v 0.182837 -0.395654 0.975430
v 0.182837 -0.395654 0.975430
v 0.028406 -0.409986 1.185448
v 0.066864 -0.602673 1.185458
v 0.242201 -0.625335 0.988738
v 0.395849 -0.638297 0.791359
v 0.306833 -0.482098 0.789074
v 0.306833 -0.482098 0.789074
v 0.182837 -0.395654 0.975430
v 0.242201 -0.625335 0.988738
v 0.259002 -0.440369 1.882855
v -0.001530 -0.438612 1.903903
v 0.184560 -0.389463 1.733130
v -0.031466 -0.427011 1.630206
v 0.184560 -0.389463 1.733130
v -0.001530 -0.438612 1.903903
v -0.024821 -0.409186 1.397882
v -0.032890 -0.207825 1.396261
v 0.028406 -0.409986 1.185448
v 0.076304 -0.263199 1.207477
v 0.182837 -0.395654 0.975430
v 0.205643 -0.215193 0.995100
v 0.306833 -0.482098 0.789074
v 0.306833 -0.218959 0.789074
v 0.781040 -0.546048 1.831214
v 1.084674 -0.497713 1.942403
v 1.046219 -0.301024 1.903903
v 1.046219 -0.301024 1.903903
v 0.721203 -0.434824 1.844032
v 0.781040 -0.546048 1.831214
v 0.259002 -0.440369 1.882855
v 0.456628 -0.446129 1.809641
v 0.529912 -0.336536 1.885458
v 0.529912 -0.336536 1.885458
v 0.305444 -0.364782 1.996240
v 0.259002 -0.440369 1.882855
v 0.259002 -0.440369 1.882855
v 0.398220 -0.419578 1.738990
v 0.456628 -0.446129 1.809641
v 0.398220 -0.419578 1.738990
v 0.259002 -0.440369 1.882855
v 0.184560 -0.389463 1.733130
v -0.239284 -0.599089 -1.866678
v -0.022799 -0.596319 -1.916742
v -0.186267 -0.810372 -2.027760
v -0.022799 -0.596319 -1.916742
v 0.039030 -0.612778 -2.111717
v -0.186267 -0.810372 -2.027760
v 0.039030 -0.612778 -2.111717
v -0.174189 -0.623592 -2.202985
v -0.186267 -0.810372 -2.027760
v -0.594984 -0.768947 -2.375020
v -0.489670 -0.852382 -2.276870
v -0.317179 -0.617574 -2.363198
v -1.677909 -0.610347 -2.117825
v -1.885851 -0.622794 -2.065824
v -1.760770 -0.810373 -1.884043
v -1.808394 -0.621284 -1.669790
v -1.540207 -0.638298 -1.667247
v -1.760770 -0.810373 -1.884043
v -1.540207 -0.638298 -1.667247
v -1.367088 -0.638298 -1.415844
v -1.451429 -0.738062 -1.662294
v -1.140610 -0.628966 -1.663961
v -1.068540 -0.761413 -1.712149
v -1.451429 -0.738062 -1.662294
v -0.825010 -0.870791 -2.321582
v -1.053072 -0.867272 -2.283258
v -0.901659 -1.233747 -2.018179
v -0.736114 -0.676282 -2.291730
v -0.995239 -0.649726 -2.305612
v -1.029943 -0.756119 -2.379647
v -0.628842 -0.298327 -1.415337
v -0.468413 -0.301499 -1.718834
v -0.426354 -0.616868 -1.694308
v -0.426354 -0.616868 -1.694308
v -0.446222 -0.638298 -1.415844
v -0.628842 -0.298327 -1.415337
v -0.426354 -0.616868 -1.694308
v -0.239284 -0.599089 -1.866678
v -0.186267 -0.810372 -2.027760
v -0.186267 -0.810372 -2.027760
v -0.451346 -0.826708 -1.852106
v -0.426354 -0.616868 -1.694308
v -0.468413 -0.301499 -1.718834
v -0.225856 -0.339681 -1.831526
v -0.239284 -0.599089 -1.866678
v -0.239284 -0.599089 -1.866678
v -0.426354 -0.616868 -1.694308
v -0.468413 -0.301499 -1.718834
v -0.426354 -0.616868 -1.694308
v -0.665683 -0.753640 -1.753375
v -0.636989 -0.621473 -1.682400
v -0.665683 -0.753640 -1.753375
v -0.426354 -0.616868 -1.694308
v -0.451346 -0.826708 -1.852106
v -0.225856 -0.339681 -1.831526
v 0.029540 -0.356504 -1.881693
v -0.022799 -0.596319 -1.916742
v -0.022799 -0.596319 -1.916742
v -0.239284 -0.599089 -1.866678
v -0.225856 -0.339681 -1.831526
v 0.029540 -0.356504 -1.881693
v 0.111631 -0.364851 -2.118846
v 0.039030 -0.612778 -2.111717
v 0.039030 -0.612778 -2.111717
v -0.022799 -0.596319 -1.916742
v 0.029540 -0.356504 -1.881693
v 0.111631 -0.364851 -2.118846
v -0.070794 -0.365425 -2.246544
v -0.174189 -0.623592 -2.202985
v -0.174189 -0.623592 -2.202985
v 0.039030 -0.612778 -2.111717
v 0.111631 -0.364851 -2.118846
v -0.174189 -0.623592 -2.202985
v -0.317179 -0.617574 -2.363198
v -0.489670 -0.852382 -2.276870
v -0.489670 -0.852382 -2.276870
v -0.186267 -0.810372 -2.027760
v -0.174189 -0.623592 -2.202985
v -0.070794 -0.365425 -2.246544
v -0.234977 -0.375913 -2.383363
v -0.317179 -0.617574 -2.363198
v -0.317179 -0.617574 -2.363198
v -0.174189 -0.623592 -2.202985
v -0.070794 -0.365425 -2.246544
v -0.637190 -0.638298 -2.488101
v -0.594984 -0.768947 -2.375020
v -0.317179 -0.617574 -2.363198
v -0.234977 -0.375913 -2.383363
v -0.303386 -0.387591 -2.565788
v -0.356338 -0.636123 -2.546544
v -0.356338 -0.636123 -2.546544
v -0.317179 -0.617574 -2.363198
v -0.234977 -0.375913 -2.383363
v -0.637190 -0.638298 -2.488101
v -0.756818 -0.599105 -2.303167
v -0.736114 -0.676282 -2.291730
v -0.736114 -0.676282 -2.291730
v -0.594984 -0.768947 -2.375020
v -0.637190 -0.638298 -2.488101
v -0.756818 -0.599105 -2.303167
v -0.800487 -0.572316 -2.106549
v -0.799807 -0.597957 -2.126359
v -0.819404 -0.597957 -2.127463
v -0.736114 -0.676282 -2.291730
v -0.756818 -0.599105 -2.303167
v -0.813630 -0.594668 -2.113544
v -0.980695 -0.594669 -2.120227
v -0.955907 -0.599867 -2.134404
v -0.955907 -0.620388 -2.134404
v -0.819404 -0.597957 -2.127463
v -0.813629 -0.592836 -2.113544
v -1.000119 -0.572316 -2.120228
v -0.980116 -0.599105 -2.312736
v -0.995239 -0.649726 -2.305612
v -0.995239 -0.649726 -2.305612
v -0.974734 -0.599867 -2.134404
v -0.999523 -0.572316 -2.120228
v -0.995239 -0.649726 -2.305612
v -1.050831 -0.619793 -2.475159
v -1.029943 -0.756119 -2.379647
v -1.050831 -0.619793 -2.475159
v -0.995239 -0.649726 -2.305612
v -0.981666 -0.599105 -2.312735
v -1.372563 -0.608004 -2.213563
v -1.029943 -0.756119 -2.379647
v -1.050831 -0.619793 -2.475159
v -1.265681 -0.317254 -2.524743
v -1.397940 -0.317254 -2.287590
v -1.372563 -0.608004 -2.213563
v -1.372563 -0.608004 -2.213563
v -1.269905 -0.603229 -2.494871
v -1.265681 -0.317254 -2.524743
v -1.397940 -0.317254 -2.287590
v -1.625972 -0.355168 -2.164453
v -1.677909 -0.610347 -2.117825
v -1.677909 -0.610347 -2.117825
v -1.372563 -0.608004 -2.213563
v -1.397940 -0.317254 -2.287590
v -1.372563 -0.608004 -2.213563
v -1.677909 -0.610347 -2.117825
v -1.760770 -0.810373 -1.884043
v -1.760770 -0.810373 -1.884043
v -1.380717 -0.885249 -2.062891
v -1.372563 -0.608004 -2.213563
v -1.380717 -0.885249 -2.062891
v -1.053072 -0.867272 -2.283258
v -1.029943 -0.756119 -2.379647
v -1.029943 -0.756119 -2.379647
v -1.372563 -0.608004 -2.213563
v -1.380717 -0.885249 -2.062891
v -1.625972 -0.355168 -2.164453
v -1.867686 -0.347672 -2.077801
v -1.885851 -0.622794 -2.065824
v -1.885851 -0.622794 -2.065824
v -1.677909 -0.610347 -2.117825
v -1.625972 -0.355168 -2.164453
v -1.760770 -0.810373 -1.884043
v -1.996548 -0.612169 -1.817108
v -1.808394 -0.621284 -1.669790
v -1.996548 -0.612169 -1.817108
v -1.760770 -0.810373 -1.884043
v -1.885851 -0.622794 -2.065824
v -1.867686 -0.347672 -2.077801
v -1.999945 -0.353316 -1.831527
v -1.996548 -0.612169 -1.817108
v -1.996548 -0.612169 -1.817108
v -1.885851 -0.622794 -2.065824
v -1.867686 -0.347672 -2.077801
v -1.999945 -0.353316 -1.831527
v -1.826640 -0.348638 -1.639980
v -1.808394 -0.621284 -1.669790
v -1.808394 -0.621284 -1.669790
v -1.996548 -0.612169 -1.817108
v -1.999945 -0.353316 -1.831527
v -1.826640 -0.348638 -1.639980
v -1.484185 -0.317254 -1.621576
v -1.540207 -0.638298 -1.667247
v -1.540207 -0.638298 -1.667247
v -1.808394 -0.621284 -1.669790
v -1.826640 -0.348638 -1.639980
v -1.484185 -0.317254 -1.621576
v -1.330570 -0.202041 -1.412280
v -1.367088 -0.638298 -1.415844
v -1.367088 -0.638298 -1.415844
v -1.540207 -0.638298 -1.667247
v -1.484185 -0.317254 -1.621576
v -1.451429 -0.738062 -1.662294
v -1.444592 -0.855144 -1.772263
v -1.760770 -0.810373 -1.884043
v -1.760770 -0.810373 -1.884043
v -1.540207 -0.638298 -1.667247
v -1.451429 -0.738062 -1.662294
v -1.068540 -0.761413 -1.712149
v -0.965534 -0.867618 -1.711583
v -1.444592 -0.855144 -1.772263
v -1.444592 -0.855144 -1.772263
v -1.451429 -0.738062 -1.662294
v -1.068540 -0.761413 -1.712149
v -0.965534 -0.867618 -1.711583
v -0.901659 -1.233747 -2.018179
v -1.342393 -1.099339 -1.906399
v -1.342393 -1.099339 -1.906399
v -1.444592 -0.855144 -1.772263
v -0.965534 -0.867618 -1.711583
v -1.444592 -0.855144 -1.772263
v -1.342393 -1.099339 -1.906399
v -1.380717 -0.885249 -2.062891
v -1.380717 -0.885249 -2.062891
v -1.760770 -0.810373 -1.884043
v -1.444592 -0.855144 -1.772263
v -1.342393 -1.099339 -1.906399
v -0.901659 -1.233747 -2.018179
v -1.053072 -0.867272 -2.283258
v -1.053072 -0.867272 -2.283258
v -1.380717 -0.885249 -2.062891
v -1.342393 -1.099339 -1.906399
v -0.901659 -1.233747 -2.018179
v -0.521608 -1.037974 -2.030954
v -0.489670 -0.852382 -2.276870
v -0.489670 -0.852382 -2.276870
v -0.825010 -0.870791 -2.321582
v -0.901659 -1.233747 -2.018179
v -0.965534 -0.867618 -1.711583
v -0.451346 -0.826708 -1.852106
v -0.521608 -1.037974 -2.030954
v -0.521608 -1.037974 -2.030954
v -0.901659 -1.233747 -2.018179
v -0.965534 -0.867618 -1.711583
v -0.521608 -1.037974 -2.030954
v -0.186267 -0.810372 -2.027760
v -0.489670 -0.852382 -2.276870
v -0.186267 -0.810372 -2.027760
v -0.521608 -1.037974 -2.030954
v -0.451346 -0.826708 -1.852106
v -0.825010 -0.870791 -2.321582
v -0.594984 -0.768947 -2.375020
v -0.736114 -0.676282 -2.291730
v -0.594984 -0.768947 -2.375020
v -0.825010 -0.870791 -2.321582
v -0.489670 -0.852382 -2.276870
v -1.029943 -0.756119 -2.379647
v -1.053072 -0.867272 -2.283258
v -0.825010 -0.870791 -2.321582
v -0.825010 -0.870791 -2.321582
v -0.736114 -0.676282 -2.291730
v -1.029943 -0.756119 -2.379647
v -0.965534 -0.867618 -1.711583
v -1.068540 -0.761413 -1.712149
v -1.042461 -0.655452 -1.786827
v -0.665683 -0.753640 -1.753375
v -0.451346 -0.826708 -1.852106
v -0.965534 -0.867618 -1.711583
v -1.042461 -0.655452 -1.786827
v -1.140610 -0.628966 -1.663961
v -1.032010 -0.606818 -1.777307
v -1.140610 -0.628966 -1.663961
v -1.042461 -0.655452 -1.786827
v -1.068540 -0.761413 -1.712149
v -0.965534 -0.867618 -1.711583
v -1.042461 -0.655452 -1.786827
v -0.801854 -0.662269 -1.791423
v -0.801854 -0.662269 -1.791423
v -0.636989 -0.621473 -1.682400
v -0.665683 -0.753640 -1.753375
v -0.636989 -0.621473 -1.682400
v -0.801854 -0.662269 -1.791423
v -0.792482 -0.606818 -1.788347
v -0.965534 -0.867618 -1.711583
v -0.801854 -0.662269 -1.791423
v -0.665683 -0.753640 -1.753375
v -0.801854 -0.662269 -1.791423
v -0.825884 -0.592337 -1.937606
v -0.830598 -0.576349 -1.933762
v -0.830598 -0.576349 -1.933762
v -0.792482 -0.606818 -1.788347
v -0.801854 -0.662269 -1.791423
v -0.825884 -0.592337 -1.937606
v -0.992092 -0.596852 -1.931598
v -0.991705 -0.576349 -1.940754
v -0.991705 -0.576349 -1.940754
v -0.830598 -0.576349 -1.933762
v -0.825884 -0.592337 -1.937606
v -0.992092 -0.596852 -1.931598
v -1.042461 -0.655452 -1.786827
v -1.032010 -0.606818 -1.777307
v -1.032010 -0.606818 -1.777307
v -0.991705 -0.576349 -1.940754
v -0.992092 -0.596852 -1.931598
v -1.042461 -0.655452 -1.786827
v -0.992092 -0.596852 -1.931598
v -0.825884 -0.592337 -1.937606
v -0.825884 -0.592337 -1.937606
v -0.801854 -0.662269 -1.791423
v -1.042461 -0.655452 -1.786827
v -0.736114 -0.676282 -2.291730
v -0.819404 -0.597957 -2.127463
v -0.955907 -0.599867 -2.134404
v -0.955907 -0.599867 -2.134404
v -0.995239 -0.649726 -2.305612
v -0.736114 -0.676282 -2.291730
v 1.777041 -0.354566 2.048172
v 1.660344 -0.335225 2.204976
v 1.633900 -0.490536 2.197878
v 1.633900 -0.490536 2.197878
v 1.748427 -0.508306 2.031991
v 1.777041 -0.354566 2.048172
v 1.660344 -0.335225 2.204976
v 1.524309 -0.258082 2.254510
v 1.496537 -0.462699 2.240335
v 1.496537 -0.462699 2.240335
v 1.633900 -0.490536 2.197878
v 1.660344 -0.335225 2.204976
v 1.524309 -0.258082 2.254510
v 1.349852 -0.168223 2.096347
v 1.294223 -0.477446 2.143400
v 1.294223 -0.477446 2.143400
v 1.496537 -0.462699 2.240335
v 1.524309 -0.258082 2.254510
v 1.204452 -0.254316 2.596699
v 1.453816 -0.335288 2.603384
v 1.449065 -0.422549 2.575485
v 1.449065 -0.422549 2.575485
v 1.204419 -0.453575 2.558221
v 1.204452 -0.254316 2.596699
v 1.660344 -0.335225 2.204976
v 1.782126 -0.215605 2.351760
v 1.508380 -0.227254 2.404100
v 1.508380 -0.227254 2.404100
v 1.524309 -0.258082 2.254510
v 1.660344 -0.335225 2.204976
v 1.524309 -0.258082 2.254510
v 1.508380 -0.227254 2.404100
v 1.288890 -0.179040 2.372486
v 1.349852 -0.168223 2.096347
v 1.453816 -0.335288 2.603384
v 1.204452 -0.254316 2.596699
v 2.024495 -0.182491 2.153459
v 1.782126 -0.215605 2.351760
v 1.660344 -0.335225 2.204976
v 1.660344 -0.335225 2.204976
v 1.777041 -0.354566 2.048172
v 2.024495 -0.182491 2.153459
v 0.609507 -0.697901 -3.842536
v 0.604969 -0.391307 -3.703434
v 0.675342 -0.439436 -4.189647
v 0.677900 -0.534581 -5.435095
v 0.720125 -0.337693 -5.174868
v 0.560191 -0.375169 -5.577248
v 0.560191 -0.375169 -5.577248
v 0.609508 -0.547801 -5.767286
v 0.677900 -0.534581 -5.435095
v 1.251121 -0.396520 -5.827416
v 1.308699 -0.358586 -5.245241
v 1.176185 -0.563700 -5.650042
v 1.000320 -0.557774 -5.972462
v 1.097388 -0.638298 -6.062247
v 0.832836 -0.660592 -6.061034
v 0.560191 -0.375169 -5.577248
v 0.512108 -0.319226 -6.004748
v 0.609508 -0.547801 -5.767286
v 1.295904 -0.386746 -4.656666
v 1.045992 -0.420791 -5.090708
v 1.308699 -0.358586 -5.245241
v 1.006069 -0.325345 -3.191271
v 0.836583 -0.456027 -3.468570
v 1.212735 -0.414656 -3.562688
v 1.302301 -0.462627 -4.138466
v 0.963155 -0.528529 -4.295295
v 1.295904 -0.386746 -4.656666
v 0.771987 -0.362037 -6.584786
v 0.599738 -0.564017 -6.744316
v 1.029631 -0.592886 -6.783397
v 1.029631 -0.592886 -6.783397
v 1.027490 -0.348469 -6.824886
v 0.771987 -0.362037 -6.584786
v 0.365209 -0.354250 -6.351845
v 0.228466 -0.599286 -6.539141
v 0.599738 -0.564017 -6.744316
v 0.599738 -0.564017 -6.744316
v 0.771987 -0.362037 -6.584786
v 0.365209 -0.354250 -6.351845
v 0.926104 -0.319226 -6.312083
v 0.512108 -0.319226 -6.004748
v 0.365209 -0.354250 -6.351845
v 0.365209 -0.354250 -6.351845
v 0.771987 -0.362037 -6.584786
v 0.926104 -0.319226 -6.312083
v 0.819523 -0.211597 -6.635830
v 1.058211 -0.181245 -6.378529
v 0.926104 -0.319226 -6.312083
v 0.926104 -0.319226 -6.312083
v 0.771987 -0.362037 -6.584786
v 0.819523 -0.211597 -6.635830
v 1.027490 -0.348469 -6.824886
v 0.819523 -0.211597 -6.635830
v 0.771987 -0.362037 -6.584786
v 1.439984 -0.638661 -6.675924
v 1.460900 -0.346702 -6.725955
v 1.027490 -0.348469 -6.824886
v 1.027490 -0.348469 -6.824886
v 1.029631 -0.592886 -6.783397
v 1.439984 -0.638661 -6.675924
v 0.462952 -0.243436 -7.037440
v 0.466884 -0.156003 -7.451445
v 0.414101 -0.325815 -7.457563
v 0.466884 -0.156003 -7.451445
v 0.528127 -0.206644 -7.743526
v 0.482493 -0.391080 -7.799523
v 0.482493 -0.391080 -7.799523
v 0.414101 -0.325815 -7.457563
v 0.466884 -0.156003 -7.451445
v 0.528127 -0.206644 -7.743526
v 0.697722 -0.223018 -7.997917
v 0.687669 -0.441187 -8.063322
v 0.687669 -0.441187 -8.063322
v 0.482493 -0.391080 -7.799523
v 0.528127 -0.206644 -7.743526
v 0.697722 -0.223018 -7.997917
v 0.980381 -0.225329 -8.242887
v 1.039401 -0.487657 -8.268499
v 1.039401 -0.487657 -8.268499
v 0.687669 -0.441187 -8.063322
v 0.697722 -0.223018 -7.997917
v 0.980381 -0.225329 -8.242887
v 1.328993 -0.247836 -8.355952
v 1.352051 -0.506202 -8.297809
v 1.352051 -0.506202 -8.297809
v 1.039401 -0.487657 -8.268499
v 0.980381 -0.225329 -8.242887
v 1.328993 -0.247836 -8.355952
v 1.738849 -0.227563 -8.318266
v 1.752633 -0.526340 -8.258727
v 1.752633 -0.526340 -8.258727
v 1.352051 -0.506202 -8.297809
v 1.328993 -0.247836 -8.355952
v 1.738849 -0.227563 -8.318266
v 2.101593 -0.214331 -8.205202
v 2.104365 -0.529823 -8.131713
v 2.104365 -0.529823 -8.131713
v 1.752633 -0.526340 -8.258727
v 1.738849 -0.227563 -8.318266
v 2.101593 -0.214331 -8.205202
v 2.478472 -0.236119 -7.974362
v 2.426784 -0.536096 -7.906997
v 2.426784 -0.536096 -7.906997
v 2.104365 -0.529823 -8.131713
v 2.101593 -0.214331 -8.205202
v 2.478472 -0.236119 -7.974362
v 2.671622 -0.276712 -7.691705
v 2.606566 -0.557280 -7.633660
v 2.606566 -0.557280 -7.633660
v 2.426784 -0.536096 -7.906997
v 2.478472 -0.236119 -7.974362
v 2.671622 -0.276712 -7.691705
v 2.714020 -0.303340 -7.164076
v 2.622192 -0.594269 -7.135128
v 2.622192 -0.594269 -7.135128
v 2.606566 -0.557280 -7.633660
v 2.671622 -0.276712 -7.691705
v 2.714020 -0.303340 -7.164076
v 2.638644 -0.326255 -6.678845
v 2.563570 -0.625255 -6.715005
v 2.563570 -0.625255 -6.715005
v 2.622192 -0.594269 -7.135128
v 2.714020 -0.303340 -7.164076
v 2.638644 -0.326255 -6.678845
v 2.299454 -0.382236 -6.377343
v 2.290001 -0.638298 -6.412126
v 2.290001 -0.638298 -6.412126
v 2.563570 -0.625255 -6.715005
v 2.638644 -0.326255 -6.678845
v 2.299454 -0.382236 -6.377343
v 1.847200 -0.358482 -6.443296
v 1.830796 -0.662628 -6.412126
v 1.830796 -0.662628 -6.412126
v 2.290001 -0.638298 -6.412126
v 2.299454 -0.382236 -6.377343
v 1.847200 -0.358482 -6.443296
v 1.460900 -0.346702 -6.725955
v 1.439984 -0.638661 -6.675924
v 1.439984 -0.638661 -6.675924
v 1.830796 -0.662628 -6.412126
v 1.847200 -0.358482 -6.443296
v 0.094483 -0.325799 -6.170201
v 0.365209 -0.354250 -6.351845
v 0.308238 -0.206847 -6.444341
v 0.365209 -0.354250 -6.351845
v 0.094483 -0.325799 -6.170201
v 0.062371 -0.637564 -6.197180
v 0.062371 -0.637564 -6.197180
v 0.228466 -0.599286 -6.539141
v 0.365209 -0.354250 -6.351845
v 0.512108 -0.319226 -6.004748
v 0.389118 -0.176997 -6.132021
v 0.308238 -0.206847 -6.444341
v 0.308238 -0.206847 -6.444341
v 0.365209 -0.354250 -6.351845
v 0.512108 -0.319226 -6.004748
v 0.094483 -0.325799 -6.170201
v -0.201040 -0.312238 -5.996364
v -0.195011 -0.697901 -6.041395
v -0.195011 -0.697901 -6.041395
v 0.062371 -0.637564 -6.197180
v 0.094483 -0.325799 -6.170201
v -0.201040 -0.312238 -5.996364
v -0.586958 -0.298204 -5.996365
v -0.508103 -0.697901 -6.005816
v -0.508103 -0.697901 -6.005816
v -0.195011 -0.697901 -6.041395
v -0.201040 -0.312238 -5.996364
v -0.586958 -0.298204 -5.996365
v -0.943738 -0.309700 -5.807735
v -0.899468 -0.697901 -5.778113
v -0.899468 -0.697901 -5.778113
v -0.508103 -0.697901 -6.005816
v -0.586958 -0.298204 -5.996365
v -0.943738 -0.309700 -5.807735
v -1.229194 -0.229192 -5.522280
v -1.178459 -0.605941 -5.562110
v -1.178459 -0.605941 -5.562110
v -0.899468 -0.697901 -5.778113
v -0.943738 -0.309700 -5.807735
v -1.229194 -0.229192 -5.522280
v -1.405658 -0.218560 -5.075930
v -1.432487 -0.567467 -5.122447
v -1.432487 -0.567467 -5.122447
v -1.178459 -0.605941 -5.562110
v -1.229194 -0.229192 -5.522280
v -1.405658 -0.218560 -5.075930
v -1.525031 -0.215976 -4.650341
v -1.579042 -0.546751 -4.643703
v -1.579042 -0.546751 -4.643703
v -1.432487 -0.567467 -5.122447
v -1.405658 -0.218560 -5.075930
v -1.525031 -0.215976 -4.650341
v -1.545791 -0.225671 -4.069048
v -1.618123 -0.536579 -4.067255
v -1.618123 -0.536579 -4.067255
v -1.579042 -0.546751 -4.643703
v -1.525031 -0.215976 -4.650341
v -1.545791 -0.225671 -4.069048
v -1.434618 -0.268364 -3.624857
v -1.530191 -0.543098 -3.559198
v -1.530191 -0.543098 -3.559198
v -1.618123 -0.536579 -4.067255
v -1.545791 -0.225671 -4.069048
v -1.434618 -0.268364 -3.624857
v -1.311956 -0.291686 -3.250414
v -1.354326 -0.563903 -3.148846
v -1.354326 -0.563903 -3.148846
v -1.530191 -0.543098 -3.559198
v -1.434618 -0.268364 -3.624857
v -1.311956 -0.291686 -3.250414
v -1.186041 -0.313020 -2.867644
v -1.226948 -0.598522 -2.804459
v -1.226948 -0.598522 -2.804459
v -1.354326 -0.563903 -3.148846
v -1.311956 -0.291686 -3.250414
v -1.186041 -0.313020 -2.867644
v -1.265681 -0.317254 -2.524743
v -1.269905 -0.603229 -2.494871
v -1.269905 -0.603229 -2.494871
v -1.226948 -0.598522 -2.804459
v -1.186041 -0.313020 -2.867644
v 2.010852 -0.697900 -3.750132
v 1.797380 -0.697900 -3.429924
v 1.767726 -0.288437 -3.354530
v 1.767726 -0.288437 -3.354530
v 2.073881 -0.344719 -3.699768
v 2.010852 -0.697900 -3.750132
v 1.797380 -0.697900 -3.429924
v 1.434478 -0.697900 -3.166643
v 1.429000 -0.288597 -3.107000
v 1.429000 -0.288597 -3.107000
v 1.767726 -0.288437 -3.354530
v 1.797380 -0.697900 -3.429924
v 1.434478 -0.697900 -3.166643
v 1.000419 -0.697900 -3.010098
v 1.006069 -0.325345 -3.191271
v 1.006069 -0.325345 -3.191271
v 1.429000 -0.288597 -3.107000
v 1.434478 -0.697900 -3.166643
v 1.000419 -0.697900 -3.010098
v 0.559244 -0.697900 -2.924709
v 0.588468 -0.333925 -3.091616
v 0.588468 -0.333925 -3.091616
v 1.006069 -0.325345 -3.191271
v 1.000419 -0.697900 -3.010098
v 0.559244 -0.697900 -2.924709
v 0.210574 -0.697900 -2.924709
v 0.227812 -0.346426 -2.882816
v 0.227812 -0.346426 -2.882816
v 0.588468 -0.333925 -3.091616
v 0.559244 -0.697900 -2.924709
v 0.210574 -0.697900 -2.924709
v -0.130980 -0.638298 -2.924709
v -0.090134 -0.362759 -2.873325
v -0.090134 -0.362759 -2.873325
v 0.227812 -0.346426 -2.882816
v 0.210574 -0.697900 -2.924709
v -0.130980 -0.638298 -2.924709
v -0.321176 -0.638298 -2.769668
v -0.272132 -0.375544 -2.754971
v -0.272132 -0.375544 -2.754971
v -0.090134 -0.362759 -2.873325
v -0.130980 -0.638298 -2.924709
v -0.321176 -0.638298 -2.769668
v -0.356338 -0.636123 -2.546544
v -0.303386 -0.387591 -2.565788
v -0.303386 -0.387591 -2.565788
v -0.272132 -0.375544 -2.754971
v -0.321176 -0.638298 -2.769668
v 0.462952 -0.243436 -7.037440
v 0.719628 -0.155334 -6.668292
v 0.655044 -0.027575 -6.706707
v 0.655044 -0.027575 -6.706707
v 0.475334 -0.068931 -6.956131
v 0.462952 -0.243436 -7.037440
v 0.600728 -0.638298 -5.342162
v 0.677900 -0.534581 -5.435095
v 0.609508 -0.547801 -5.767286
v 0.609508 -0.547801 -5.767286
v 0.489197 -0.671372 -5.780849
v 0.600728 -0.638298 -5.342162
v 0.489197 -0.671372 -5.780849
v 0.609508 -0.547801 -5.767286
v 1.000320 -0.557774 -5.972462
v 1.000320 -0.557774 -5.972462
v 0.832836 -0.660592 -6.061034
v 0.489197 -0.671372 -5.780849
v 0.716980 -0.697900 -3.559198
v 1.039400 -0.697900 -3.627590
v 1.212735 -0.414656 -3.562688
v 1.212735 -0.414656 -3.562688
v 0.836583 -0.456027 -3.468570
v 0.716980 -0.697900 -3.559198
v 0.716980 -0.697900 -3.559198
v 0.836583 -0.456027 -3.468570
v 0.604969 -0.391307 -3.703434
v 0.604969 -0.391307 -3.703434
v 0.609507 -0.697901 -3.842536
v 0.716980 -0.697900 -3.559198
v 1.039400 -0.697900 -3.627590
v 1.117563 -0.697900 -3.891388
v 1.302301 -0.462627 -4.138466
v 1.302301 -0.462627 -4.138466
v 1.212735 -0.414656 -3.562688
v 1.039400 -0.697900 -3.627590
v 1.117563 -0.697900 -3.891388
v 0.853765 -0.697900 -4.096565
v 0.963155 -0.528529 -4.295295
v 0.963155 -0.528529 -4.295295
v 1.302301 -0.462627 -4.138466
v 1.117563 -0.697900 -3.891388
v 0.853765 -0.697900 -4.096565
v 0.609507 -0.697901 -3.842536
v 0.675342 -0.439436 -4.189647
v 0.675342 -0.439436 -4.189647
v 0.963155 -0.528529 -4.295295
v 0.853765 -0.697900 -4.096565
v 0.677900 -0.534581 -5.435095
v 0.990550 -0.540747 -5.435096
v 1.045992 -0.420791 -5.090708
v 1.045992 -0.420791 -5.090708
v 0.720125 -0.337693 -5.174868
v 0.677900 -0.534581 -5.435095
v 0.600728 -0.638298 -5.342162
v 1.054285 -0.638298 -5.342162
v 0.990550 -0.540747 -5.435096
v 0.990550 -0.540747 -5.435096
v 0.677900 -0.534581 -5.435095
v 0.600728 -0.638298 -5.342162
v 0.990550 -0.540747 -5.435096
v 1.176185 -0.563700 -5.650042
v 1.308699 -0.358586 -5.245241
v 1.308699 -0.358586 -5.245241
v 1.045992 -0.420791 -5.090708
v 0.990550 -0.540747 -5.435096
v 1.054285 -0.638298 -5.342162
v 1.336829 -0.638298 -5.699059
v 1.176185 -0.563700 -5.650042
v 1.176185 -0.563700 -5.650042
v 0.990550 -0.540747 -5.435096
v 1.054285 -0.638298 -5.342162
v 1.336829 -0.638298 -5.699059
v 1.097388 -0.638298 -6.062247
v 1.000320 -0.557774 -5.972462
v 1.000320 -0.557774 -5.972462
v 1.176185 -0.563700 -5.650042
v 1.336829 -0.638298 -5.699059
v 1.176185 -0.563700 -5.650042
v 1.000320 -0.557774 -5.972462
v 0.926104 -0.319226 -6.312083
v 0.926104 -0.319226 -6.312083
v 1.251121 -0.396520 -5.827416
v 1.176185 -0.563700 -5.650042
v 1.000320 -0.557774 -5.972462
v 0.609508 -0.547801 -5.767286
v 0.512108 -0.319226 -6.004748
v 0.512108 -0.319226 -6.004748
v 0.926104 -0.319226 -6.312083
v 1.000320 -0.557774 -5.972462
v 0.589967 -0.456298 -9.069664
v 0.666869 -0.068806 -9.067259
v 0.048044 -0.034360 -8.682937
v 0.048044 -0.034360 -8.682937
v -0.033121 -0.431314 -8.658033
v 0.589967 -0.456298 -9.069664
v 1.185956 -0.475474 -9.167366
v 1.266153 -0.079539 -9.171483
v 0.666869 -0.068806 -9.067259
v 0.666869 -0.068806 -9.067259
v 0.589967 -0.456298 -9.069664
v 1.185956 -0.475474 -9.167366
v 1.133988 -0.148711 -3.182250
v 1.429000 -0.288597 -3.107000
v 1.006069 -0.325345 -3.191271
v -0.505643 0.101776 -7.328036
v -0.064645 -0.182478 -6.763872
v -0.462452 -0.259723 -7.292063
v 0.054307 -0.044032 -6.752540
v 0.297769 -0.015496 -6.589289
v 0.338479 -0.155334 -6.512721
v 0.338479 -0.155334 -6.512721
v -0.064645 -0.182478 -6.763872
v 0.054307 -0.044032 -6.752540
v 0.475334 -0.068931 -6.956131
v 0.655044 -0.027575 -6.706707
v 0.452811 0.004474 -6.701524
v 0.452811 0.004474 -6.701524
v 0.270538 -0.016663 -6.825643
v 0.475334 -0.068931 -6.956131
v 0.452811 0.004474 -6.701524
v 0.297769 -0.015496 -6.589289
v 0.054307 -0.044032 -6.752540
v 0.054307 -0.044032 -6.752540
v 0.270538 -0.016663 -6.825643
v 0.452811 0.004474 -6.701524
v 0.926104 -0.319226 -6.312083
v 1.291920 -0.139319 -5.859788
v 1.251121 -0.396520 -5.827416
v 1.291920 -0.139319 -5.859788
v 0.926104 -0.319226 -6.312083
v 1.058211 -0.181245 -6.378529
v 1.291920 -0.139319 -5.859788
v 1.351597 -0.114249 -5.259879
v 1.308699 -0.358586 -5.245241
v 1.308699 -0.358586 -5.245241
v 1.251121 -0.396520 -5.827416
v 1.291920 -0.139319 -5.859788
v 1.351597 -0.114249 -5.259879
v 1.335332 -0.102807 -4.674856
v 1.295904 -0.386746 -4.656666
v 1.295904 -0.386746 -4.656666
v 1.308699 -0.358586 -5.245241
v 1.351597 -0.114249 -5.259879
v 1.335332 -0.102807 -4.674856
v 1.327748 -0.113470 -4.153004
v 1.302301 -0.462627 -4.138466
v 1.302301 -0.462627 -4.138466
v 1.295904 -0.386746 -4.656666
v 1.335332 -0.102807 -4.674856
v 1.327748 -0.113470 -4.153004
v 1.240135 -0.149915 -3.584079
v 1.212735 -0.414656 -3.562688
v 1.212735 -0.414656 -3.562688
v 1.302301 -0.462627 -4.138466
v 1.327748 -0.113470 -4.153004
v 1.240135 -0.149915 -3.584079
v 1.133988 -0.148711 -3.182250
v 1.006069 -0.325345 -3.191271
v 1.006069 -0.325345 -3.191271
v 1.212735 -0.414656 -3.562688
v 1.240135 -0.149915 -3.584079
v -0.462452 -0.259723 -7.292063
v -0.432884 -0.375394 -7.984869
v -0.389110 0.055724 -7.980305
v -0.389110 0.055724 -7.980305
v -0.505643 0.101776 -7.328036
v -0.462452 -0.259723 -7.292063
v -0.432884 -0.375394 -7.984869
v -0.033121 -0.431314 -8.658033
v 0.048044 -0.034360 -8.682937
v 0.048044 -0.034360 -8.682937
v -0.389110 0.055724 -7.980305
v -0.432884 -0.375394 -7.984869
v 1.185956 -0.475474 -9.167366
v 1.938269 -0.466337 -9.147825
v 2.015257 -0.159268 -9.119371
v 2.015257 -0.159268 -9.119371
v 1.266153 -0.079539 -9.171483
v 1.185956 -0.475474 -9.167366
v 1.938269 -0.466337 -9.147825
v 2.641732 -0.405703 -8.864486
v 2.699222 -0.050740 -8.819729
v 2.699222 -0.050740 -8.819729
v 2.015257 -0.159268 -9.119371
v 1.938269 -0.466337 -9.147825
v 2.641732 -0.405703 -8.864486
v 3.237721 -0.376302 -8.336889
v 3.265936 0.031841 -8.285585
v 3.265936 0.031841 -8.285585
v 2.699222 -0.050740 -8.819729
v 2.641732 -0.405703 -8.864486
v 3.237721 -0.376302 -8.336889
v 3.511295 -0.388380 -7.731122
v 3.506952 0.025348 -7.673274
v 3.506952 0.025348 -7.673274
v 3.265936 0.031841 -8.285585
v 3.237721 -0.376302 -8.336889
v 3.511295 -0.388380 -7.731122
v 3.521065 -0.424547 -7.086281
v 3.493924 -0.060068 -7.008852
v 3.493924 -0.060068 -7.008852
v 3.506952 0.025348 -7.673274
v 3.511295 -0.388380 -7.731122
v 3.521065 -0.424547 -7.086281
v 3.286577 -0.460181 -6.451211
v 3.252908 -0.124269 -6.403054
v 3.252908 -0.124269 -6.403054
v 3.493924 -0.060068 -7.008852
v 3.521065 -0.424547 -7.086281
v 0.588468 -0.333925 -3.091616
v 0.568139 -0.125238 -3.696921
v 0.604969 -0.391307 -3.703434
v 0.652427 -0.102863 -4.188021
v 0.675342 -0.439436 -4.189647
v 0.604969 -0.391307 -3.703434
v 0.604969 -0.391307 -3.703434
v 0.568139 -0.125238 -3.696921
v 0.652427 -0.102863 -4.188021
v 0.836583 -0.456027 -3.468570
v 0.588468 -0.333925 -3.091616
v 0.604969 -0.391307 -3.703434
v 0.588468 -0.333925 -3.091616
v 0.836583 -0.456027 -3.468570
v 1.006069 -0.325345 -3.191271
v 0.701305 -0.086341 -4.666935
v 0.720125 -0.353843 -4.669462
v 0.675342 -0.439436 -4.189647
v 0.675342 -0.439436 -4.189647
v 0.652427 -0.102863 -4.188021
v 0.701305 -0.086341 -4.666935
v 0.963155 -0.528529 -4.295295
v 0.675342 -0.439436 -4.189647
v 0.720125 -0.353843 -4.669462
v 0.720125 -0.353843 -4.669462
v 1.295904 -0.386746 -4.656666
v 0.963155 -0.528529 -4.295295
v 0.698573 -0.121881 -5.184336
v 0.720125 -0.337693 -5.174868
v 0.720125 -0.353843 -4.669462
v 0.720125 -0.353843 -4.669462
v 0.701305 -0.086341 -4.666935
v 0.698573 -0.121881 -5.184336
v 1.045992 -0.420791 -5.090708
v 0.720125 -0.353843 -4.669462
v 0.720125 -0.337693 -5.174868
v 0.720125 -0.353843 -4.669462
v 1.045992 -0.420791 -5.090708
v 1.295904 -0.386746 -4.656666
v 0.576248 -0.130386 -5.597365
v 0.560191 -0.375169 -5.577248
v 0.720125 -0.337693 -5.174868
v 0.720125 -0.337693 -5.174868
v 0.698573 -0.121881 -5.184336
v 0.576248 -0.130386 -5.597365
v 0.576248 -0.130386 -5.597365
v 0.512108 -0.319226 -6.004748
v 0.560191 -0.375169 -5.577248
v 0.512108 -0.319226 -6.004748
v 0.576248 -0.130386 -5.597365
v 0.389118 -0.176997 -6.132021
v -0.195011 -0.698019 -6.041395
v -0.312645 -0.698019 -5.855644
v -0.118782 -0.698019 -5.706698
v 0.046923 -0.698019 -5.849270
v 0.228319 -0.625540 -0.485542
v -0.037510 -0.638297 -0.546796
v 0.064871 -0.638297 -0.342035
v -0.781269 -0.638298 -1.019245
v -1.021435 -0.638298 -1.112643
v -0.994547 -0.638298 -0.867292
v 0.395849 -0.638297 0.791359
v 0.725788 -0.638297 0.677032
v 0.359643 -0.623646 0.593954
v 0.139783 -0.638297 -0.913554
v 0.286137 -0.608953 -0.605625
v 0.486275 -0.557362 -0.787973
v 0.054866 -0.616929 -0.787973
v 0.521855 -0.629894 -0.307642
v 0.744232 -0.638297 -0.392144
v 0.526303 -0.608992 -0.516675
v 1.077796 -0.535174 -0.441067
v 0.948818 -0.535174 -0.578940
v 0.984398 -0.603225 0.039266
v 0.917685 -0.603225 -0.169768
v 0.686414 -0.634041 -0.067475
v -0.195077 -0.638298 -0.913554
v -0.415899 -0.638298 -1.122423
v -0.576683 -0.638298 -0.961427
v 0.443234 -0.649105 0.201027
v 0.438783 -0.641485 -0.008185
v 0.721994 -0.638297 0.270536
v 0.148972 -0.569386 0.506524
v 0.284798 -0.591259 0.214942
v 0.120355 -0.550528 0.229384
v 0.323048 -0.638297 -0.221848
v -0.282333 -0.638298 -0.680336
v -0.558316 -0.638298 -0.729300
v -0.812042 -0.638298 -0.764912
v -1.101379 -0.638298 -1.023089
v -1.070563 -0.638298 -1.270258
v -1.359556 -0.638298 -1.214496
v -1.367088 -0.638298 -1.415844
v -1.115943 -0.638298 -1.415844
v -0.030467 -0.537148 0.313174
v 1.060649 -0.638297 0.677032
v 1.028873 -0.609920 0.337249
v 1.311794 -0.559235 0.677032
v 1.317962 -0.535656 0.355040
v 0.735337 -0.543724 -0.703470
v 1.211222 -0.509875 -0.263166
v 1.326857 -0.487958 0.021475
v -0.446222 -0.638298 -1.415844
v -0.781083 -0.638298 -1.415844
v -0.710108 -0.638298 -1.192698
v 0.976308 -0.634802 0.963900
v 0.794584 -0.614685 1.260044
v 1.077266 -0.580398 1.011014
v 0.302072 -0.596931 1.779894
v 0.276413 -0.618761 1.566069
v -0.061432 -0.562914 1.591728
v -0.018667 -0.551452 1.826936
v 0.165223 -0.534106 2.117739
v -0.035773 -0.575249 1.382178
v 0.468856 -0.637432 1.151246
v 0.669853 -0.638297 0.890378
v 0.242201 -0.625335 0.988738
v 1.060649 -0.638297 0.677032
v 1.311794 -0.559235 0.677032
v 0.725788 -0.638297 0.677032
v 0.327731 -0.632748 1.373625
v 0.605703 -0.603408 1.510474
v 1.294223 -0.477446 2.143400
v 1.084674 -0.497713 1.942403
v 0.930721 -0.495711 2.220376
v 1.262836 -0.466454 2.347580
v 0.866573 -0.469238 2.515456
v 1.204419 -0.453575 2.558221
v 0.558663 -0.548241 2.049315
v 0.460303 -0.512909 2.348672
v 0.781040 -0.546048 1.831214
v 0.580043 -0.594682 1.630217
v 0.066864 -0.602673 1.185458
v 0.395849 -0.638297 0.791359
v -0.446222 -0.638298 -1.415844
v -0.426354 -0.616868 -1.694308
v -0.636989 -0.621473 -1.682400
v -0.781083 -0.638298 -1.415844
v -0.317179 -0.617574 -2.363198
v -0.356338 -0.636123 -2.546544
v -0.637190 -0.638298 -2.488101
v -1.050831 -0.619793 -2.475159
v -0.981666 -0.599105 -2.312735
v -0.756818 -0.599105 -2.303167
v -1.000140 -0.572316 -1.935392
v -0.833074 -0.572316 -1.928709
v -1.269905 -0.603229 -2.494871
v -1.372563 -0.608004 -2.213563
v -1.115943 -0.638298 -1.415844
v -1.140610 -0.628966 -1.663961
v -1.451429 -0.738062 -1.662294
v -1.367088 -0.638298 -1.415844
v -0.792482 -0.606818 -1.788347
v -1.032010 -0.606818 -1.777307
v -0.830598 -0.576349 -1.933762
v -0.991705 -0.576349 -1.940754
v 2.846108 -0.470279 0.252964
v 2.884435 -0.468129 0.044359
v 2.746547 -0.478451 -0.039564
v 2.947381 -0.429596 -0.600089
v 2.809500 -0.445872 -0.752957
v 2.785515 -0.447882 -0.561116
v 2.605669 -0.454369 -0.672022
v 2.308923 -0.460914 -0.833883
v 2.455552 -0.458805 -0.753903
v 2.548708 -0.487981 -0.923794
v 3.046283 -0.296765 -1.601213
v 2.983349 -0.280512 -1.391407
v 3.268099 -0.270148 -1.397398
v 2.629652 -0.321308 -0.863860
v 2.419831 -0.371535 -0.690009
v 2.596674 -0.423188 -0.468195
v 2.302935 -0.466479 -0.264379
v 2.344899 -0.483142 -0.069545
v 2.584684 -0.460041 -0.231399
v 2.455804 -0.491025 0.119292
v 2.560798 -0.488078 0.293469
v 2.665617 -0.482804 -0.045558
v 3.583506 -0.220253 -1.837070
v 3.329461 -0.265396 -1.827831
v 3.513846 -0.238633 -1.572538
v 2.655088 -0.465650 -1.934067
v 2.357314 -0.365977 -1.993095
v 2.425814 -0.482696 -1.703126
v 2.243991 -0.204928 -2.562249
v 2.202372 -0.179930 -2.944882
v 1.881420 -0.167340 -2.812075
v 3.740550 -0.120384 -2.890198
v 4.122549 -0.101625 -2.850810
v 3.912270 -0.030484 -3.105357
v 3.902945 -0.150830 -2.582714
v 4.222154 -0.150463 -2.568594
v 4.276357 -0.136197 -1.920211
v 4.349428 -0.160733 -1.567004
v 4.598442 -0.157394 -1.804950
v 2.535384 -0.176444 -2.412683
v 2.604277 -0.179042 -2.668489
v 2.775180 -0.157589 -2.456016
v 2.973797 -0.161068 -2.650013
v 3.107436 -0.158701 -2.940381
v 2.853703 -0.149182 -2.788584
v 3.528075 -0.179288 -2.326680
v 3.759025 -0.151743 -2.183491
v 3.939169 -0.159082 -2.294350
v 2.287751 -0.267354 -1.416535
v 2.474872 -0.256822 -1.695684
v 2.266278 -0.140835 -1.944156
v 2.909970 -0.467325 0.472675
v 2.634745 -0.490232 0.514097
v 2.950378 -0.459928 -0.135487
v 2.812491 -0.470073 -0.183440
v 2.995340 -0.447845 -0.288355
v 2.854455 -0.456654 -0.351296
v 2.842465 -0.447882 -0.471193
v 2.992343 -0.433165 -0.438227
v 2.473772 -0.503112 -1.022710
v 2.236975 -0.484130 -1.058678
v 2.533721 -0.544562 -1.259506
v 2.311911 -0.502412 -1.388395
v 2.656616 -0.539801 -1.535270
v 2.858322 -0.458069 -1.698499
v 2.929395 -0.283246 -1.208565
v 3.166186 -0.254995 -1.106647
v 2.815493 -0.297618 -1.025721
v 3.007322 -0.285718 -0.854864
v 2.767527 -0.347028 -0.666025
v 2.591221 -0.342977 -0.856346
v 2.428189 -0.382641 -0.730061
v 2.419831 -0.371535 -0.690009
v 2.419831 -0.371535 -0.690009
v 2.629652 -0.321308 -0.863860
v 2.591221 -0.342977 -0.856346
v 2.314925 -0.419477 -0.489186
v 3.911455 -0.178346 -1.813974
v 3.912270 -0.187972 -1.555937
v 3.537318 -0.171046 -2.128065
v 3.242619 -0.280572 -2.039793
v 3.061558 -0.377008 -1.753927
v 2.932228 -0.379971 -2.044923
v 3.007322 -0.285718 -0.854864
v 2.767527 -0.347028 -0.666025
v 2.803770 -0.366862 -0.606889
v 2.803770 -0.366862 -0.606889
v 2.963794 -0.320301 -0.772950
v 3.007322 -0.285718 -0.854864
v 1.809482 -0.170761 -2.363849
v 2.158102 -0.186836 -2.242109
v 2.511893 -0.187539 -2.201967
v 1.499598 -0.154336 -2.762272
v 1.471930 -0.161099 -2.435787
v 2.479054 -0.184472 -3.116425
v 2.871943 -0.151327 -3.227098
v 3.220564 -0.115990 -3.254766
v 3.412600 -0.152534 -2.936388
v 3.569184 -0.059259 -3.243699
v 3.592744 -0.155679 -2.622300
v 4.257881 -0.167087 -2.234303
v 4.609509 -0.160721 -2.170171
v 4.482235 -0.153936 -2.391517
v 2.830605 -0.190308 -2.132682
v 3.254008 -0.161574 -2.067575
v 3.149316 -0.189638 -2.368251
v 3.255557 -0.175030 -2.645394
v 3.980741 -0.163455 -2.151161
v 3.869886 -0.169814 -2.077255
v 0.599738 -0.564017 -6.744316
v 0.898154 -0.638298 -6.412865
v 1.029631 -0.592886 -6.783397
v 1.097388 -0.638298 -6.062247
v 1.321969 -0.650422 -6.264156
v 0.251265 -0.657304 -4.769639
v -0.901184 -0.658755 -3.275166
v -0.375897 -0.649768 -3.175169
v -0.462497 -0.660915 -3.572581
v -1.153986 -0.638299 -4.093056
v -0.209695 -0.667199 -3.810512
v 1.830796 -0.662628 -6.412126
v 1.572851 -0.655340 -6.048125
v 1.926834 -0.650799 -6.108828
v 0.489197 -0.671372 -5.780849
v 0.347925 -0.671392 -5.230631
v 0.600728 -0.638298 -5.342162
v 2.475641 -0.530228 -5.659818
v 2.408465 -0.599310 -6.064990
v 2.028329 -0.638298 -5.788294
v 0.489197 -0.655378 -4.948088
v 1.336829 -0.638298 -5.699059
v 1.054285 -0.638298 -5.342162
v 1.455795 -0.679347 -5.267808
v 1.879622 -0.665613 -5.542927
v 0.823789 -0.649840 -5.104230
v 1.842444 -0.672390 -5.148852
v 0.228466 -0.599286 -6.539141
v 0.518950 -0.638299 -6.301334
v 1.439984 -0.638661 -6.675924
v 0.832836 -0.660592 -6.061034
v -1.050831 -0.619793 -2.475159
v -0.962424 -0.638298 -2.751553
v -1.226948 -0.598522 -2.804459
v -1.269905 -0.603229 -2.494871
v -1.354326 -0.563903 -3.148846
v -1.064762 -0.638298 -3.698982
v -1.530191 -0.543098 -3.559198
v -1.618123 -0.536579 -4.067255
v -1.579042 -0.546751 -4.643703
v 0.310759 -0.659803 -6.018790
v -0.130980 -0.638298 -2.924709
v -0.601475 -0.638298 -2.780204
v -0.321176 -0.638298 -2.769668
v -0.637190 -0.638298 -2.488101
v -0.356338 -0.636123 -2.546544
v 0.062371 -0.637564 -6.197180
v 0.414101 -0.325815 -7.457563
v 0.215288 -0.230546 -6.894138
v 0.462952 -0.243436 -7.037440
v -0.001385 -0.315526 -7.384170
v 0.531359 -0.159149 -6.591447
v 0.719628 -0.155334 -6.668292
v 0.829962 -0.088583 -3.103320
v 0.808385 -0.104005 -2.788210
v 1.012521 -0.115827 -2.869862
v 1.055424 -0.109018 -3.096639
v 0.949935 -0.110912 -2.669987
v 1.153130 -0.126390 -2.731808
v 1.141072 -0.126390 -2.433291
v 1.471930 -0.161099 -2.435787
v 1.499598 -0.154336 -2.762272
v 0.834776 -0.095986 -2.410178
v 0.595740 -0.073809 -2.594052
v 0.607998 -0.063400 -3.016961
v 1.241486 -0.507129 -8.751057
v 1.185956 -0.475474 -9.167366
v 0.589967 -0.456298 -9.069664
v 0.774185 -0.500907 -8.664637
v -0.033121 -0.431314 -8.658033
v 0.328303 -0.464478 -8.398963
v -0.462452 -0.259723 -7.292063
v -0.064645 -0.182478 -6.763872
v 0.338479 -0.155334 -6.512721
v 0.032676 -0.402244 -7.913675
v -0.432884 -0.375394 -7.984869
v 1.835531 -0.518721 -8.721203
v 1.938269 -0.466337 -9.147825
v 2.355290 -0.484436 -8.514926
v 2.641732 -0.405703 -8.864486
v 2.840587 -0.476760 -8.151520
v 3.237721 -0.376302 -8.336889
v 3.046929 -0.499294 -7.670901
v 3.511295 -0.388380 -7.731122
v 3.075865 -0.527471 -7.097055
v 3.521065 -0.424547 -7.086281
v 2.916432 -0.548949 -6.601106
v 3.286577 -0.460181 -6.451211
v 2.739647 -0.566382 -6.335066
v 2.865329 -0.486460 -6.043583
v 1.244347 -0.698018 -4.323951
v 1.539911 -0.698018 -4.251380
v 1.542143 -0.698019 -4.685613
vn 0.0375 0.9899 -0.1367
vn 0.1623 0.9824 -0.0928
vn 0.0196 0.9847 -0.1734
vn 0.0715 -0.0644 0.9954
vn 0.7294 0.2569 -0.6341
vn -0.0318 0.9993 -0.0182
vn -0.0701 0.9901 -0.1218
vn 0.1023 0.9943 0.0290
vn 0.1126 0.9935 0.0188
vn 0.0254 0.9995 -0.0210
vn 0.0460 0.9959 0.0779
vn 0.1747 -0.1315 -0.9758
vn 0.4650 -0.1266 -0.8762
vn 0.8083 -0.0781 -0.5836
vn -0.1613 0.9824 0.0945
vn -0.1882 0.9798 0.0672
vn -0.0687 0.9831 0.1699
vn 0.9506 -0.3088 -0.0315
vn 0.9364 -0.3507 -0.0135
vn 0.0561 -0.0857 0.9947
vn 0.0509 -0.0540 0.9972
vn 0.1167 0.9925 -0.0367
vn 0.0406 0.9974 -0.0598
vn 0.0548 0.9985 0.0085
vn 0.2258 0.9735 0.0374
vn 0.8452 0.2825 -0.4536
vn 0.6992 -0.3195 -0.6396
vn 0.3839 0.4152 -0.8248
vn 0.3653 0.2861 -0.8859
vn 0.8362 -0.3548 -0.4181
vn 0.8774 0.4693 -0.0997
vn 0.4400 -0.3948 -0.8066
vn 0.4806 -0.3141 -0.8188
vn 0.1689 -0.2552 -0.9520
vn 0.1213 -0.3762 -0.9186
vn 0.1275 0.3982 -0.9084
vn -0.1065 -0.2656 -0.9582
vn 0.3353 0.7282 -0.5977
vn 0.2232 0.3917 -0.8926
vn 0.8035 0.2257 -0.5509
vn 0.7537 0.6020 -0.2638
vn 0.5331 0.4458 -0.7191
vn 0.5181 0.2392 -0.8212
vn -0.0000 1.0000 -0.0000
vn -0.0131 0.9881 -0.1533
vn -0.0612 0.9905 -0.1227
vn 0.0676 0.9913 -0.1133
vn 0.0477 0.9863 -0.1577
vn -0.1494 0.9866 -0.0656
vn -0.0006 0.9939 -0.1100
vn 0.0113 0.9955 -0.0946
vn 0.1189 0.9899 -0.0772
vn 0.2041 0.9747 -0.0909
vn 0.1275 0.9914 -0.0293
vn 0.0390 0.9958 0.0833
vn -0.0788 0.9681 0.2378
vn 0.4374 0.5414 -0.7180
vn 0.6010 0.3102 -0.7366
vn -0.0763 0.9918 0.1029
vn -0.0767 0.9967 0.0278
vn 0.8622 0.4917 -0.1216
vn 0.9508 0.3077 0.0352
vn -0.9953 0.0094 -0.0966
vn -0.9895 -0.1354 -0.0495
vn -0.9916 -0.0596 -0.1147
vn -0.9751 0.1155 -0.1892
vn -0.9716 -0.2173 0.0934
vn -0.9765 -0.1990 0.0833
vn -0.9160 -0.0903 0.3908
vn -0.8265 -0.2008 0.5259
vn -0.8472 0.1906 0.4959
vn -0.7734 0.0668 0.6304
vn -0.6738 0.2488 0.6958
vn -0.6529 0.2328 0.7208
vn -0.4986 0.2536 0.8289
vn -0.4938 0.2563 0.8309
vn -0.3224 0.2451 0.9143
vn -0.3234 0.2322 0.9174
vn -0.0973 0.1894 0.9771
vn -0.0996 0.1829 0.9781
vn 0.0033 0.9983 -0.0579
vn 0.0109 0.9963 -0.0849
vn -0.0979 0.9951 0.0128
vn -0.2453 0.9694 0.0096
vn 0.9895 0.0290 -0.1415
vn 0.9954 -0.0364 -0.0886
vn 0.9958 0.0912 -0.0094
vn 0.9863 0.1486 -0.0714
vn 0.9888 -0.1076 -0.1035
vn 0.9888 -0.1336 -0.0665
vn -0.0142 0.9993 -0.0349
vn -0.0617 0.9865 0.1520
vn -0.1393 0.9898 0.0286
vn -0.2009 0.9785 0.0466
vn 0.9563 0.2032 -0.2104
vn 0.9778 0.1698 -0.1232
vn 0.8989 0.1697 -0.4040
vn 0.8747 0.2016 -0.4408
vn -0.1010 0.9464 0.3066
vn 0.1803 -0.1110 -0.9773
vn 0.1758 -0.1098 -0.9783
vn 0.0924 -0.1174 -0.9888
vn 0.0965 -0.1090 -0.9893
vn 0.3092 -0.1049 -0.9452
vn 0.2997 -0.0991 -0.9489
vn 0.5998 -0.0137 -0.8000
vn 0.6326 -0.0218 -0.7742
vn 0.9991 -0.0185 0.0391
vn 0.9928 -0.1026 -0.0611
vn -0.1705 0.2192 0.9607
vn -0.1615 0.2153 0.9631
vn -0.7772 0.0570 0.6267
vn -0.6951 0.0856 0.7138
vn -0.9363 -0.0525 0.3472
vn -0.9279 -0.0760 0.3650
vn 0.9926 0.0785 0.0928
vn 0.9246 0.2641 0.2745
vn 0.8205 0.4438 -0.3604
vn 0.3297 0.7470 0.5773
vn 0.7560 0.6542 -0.0207
vn 0.4938 -0.2239 -0.8403
vn -0.7516 -0.1134 -0.6498
vn -0.7152 -0.1126 -0.6898
vn -0.8233 0.0078 -0.5675
vn -0.8691 0.1068 -0.4830
vn -0.7033 -0.2555 -0.6634
vn -0.7415 -0.1281 -0.6586
vn -0.8473 0.1717 -0.5025
vn -0.4395 0.4499 -0.7774
vn -0.4987 0.4508 -0.7403
vn 0.9669 -0.2271 0.1166
vn 0.7264 0.4661 -0.5050
vn 0.5051 -0.3130 -0.8043
vn -0.0961 0.0813 0.9920
vn -0.1511 -0.0740 0.9857
vn -0.5775 -0.0552 0.8146
vn -0.4802 -0.1535 0.8636
vn -0.5512 -0.0832 0.8302
vn -0.6244 -0.0020 0.7811
vn 0.1718 -0.2948 -0.9400
vn 0.1437 -0.3282 -0.9336
vn 0.1401 -0.3324 -0.9327
vn 0.1119 -0.3649 -0.9243
vn 0.3550 -0.3247 -0.8767
vn 0.3735 -0.3515 -0.8584
vn 0.8873 -0.1953 0.4179
vn 0.8987 -0.1762 0.4016
vn 0.8636 -0.1732 0.4734
vn 0.8649 -0.2153 0.4533
vn 0.8220 -0.0970 0.5612
vn 0.8377 -0.1059 0.5358
vn 0.8917 -0.2285 0.3906
vn 0.8750 -0.2044 0.4389
vn 0.6406 0.0961 0.7619
vn 0.6636 0.1544 0.7320
vn 0.4225 0.1277 0.8973
vn 0.4041 0.1030 0.9089
vn 0.7763 0.1483 0.6127
vn 0.6818 0.0566 0.7293
vn 0.4969 -0.0770 -0.8644
vn 0.4758 -0.0260 -0.8792
vn 0.9888 -0.1066 -0.1042
vn 0.9613 -0.0360 -0.2733
vn 0.5135 0.0975 -0.8525
vn 0.3854 0.1498 -0.9105
vn -0.6534 0.0758 -0.7532
vn -0.6581 0.0660 -0.7501
vn -0.2995 0.0721 -0.9514
vn -0.3373 0.0861 -0.9375
vn -0.6344 0.0033 -0.7730
vn -0.7979 -0.1045 -0.5937
vn -0.9482 0.1373 0.2864
vn -0.9518 0.1145 0.2844
vn -0.5890 0.1496 0.7942
vn -0.5921 0.1468 0.7923
vn -0.7852 0.1375 0.6038
vn -0.8222 0.1257 0.5551
vn -0.8955 -0.1172 -0.4294
vn -0.8822 -0.0698 -0.4656
vn -0.9246 0.1163 0.3628
vn -0.9283 0.1259 0.3498
vn 0.7586 0.1866 -0.6243
vn 0.7301 0.2086 -0.6507
vn 0.8613 -0.1653 0.4804
vn 0.8361 -0.0530 0.5460
vn -0.9548 -0.1052 -0.2779
vn -0.9358 -0.1663 -0.3109
vn -0.9403 -0.1390 -0.3107
vn -0.9401 -0.0327 -0.3394
vn -0.9072 -0.1515 -0.3925
vn -0.9138 -0.1676 -0.3701
vn -0.1284 0.9863 0.1035
vn -0.9111 0.3863 0.1437
vn -0.9136 -0.4048 0.0381
vn -0.9240 0.2134 -0.3172
vn -0.1167 0.9886 0.0951
vn -0.9127 0.3243 -0.2487
vn 0.1826 0.3666 0.9123
vn 0.2554 0.5915 0.7648
vn 0.1603 0.9664 0.2009
vn 0.5348 0.6032 0.5918
vn 0.2846 0.9480 0.1425
vn 0.2288 0.9718 0.0574
vn 0.4114 0.9114 -0.0116
vn 0.8338 0.5518 -0.0183
vn 0.8214 0.5702 -0.0130
vn 0.2125 0.9706 0.1131
vn 0.7451 0.6073 0.2756
vn 0.6764 0.6176 0.4014
vn 0.1813 0.7191 0.6709
vn 0.3052 0.9452 0.1160
vn -0.0529 0.9984 -0.0222
vn -0.1059 0.9927 -0.0572
vn -0.1921 0.9812 -0.0184
vn -0.1723 0.9824 -0.0724
vn -0.1870 0.9822 -0.0188
vn -0.6943 0.0904 0.7140
vn 0.1599 0.6747 -0.7206
vn 0.3858 0.8479 -0.3636
vn 0.3566 0.8120 -0.4621
vn -0.0636 0.9826 -0.1746
vn 0.2086 0.9616 -0.1785
vn 0.2283 0.8218 -0.5220
vn 0.0903 0.9875 -0.1293
vn 0.1185 0.9372 -0.3280
vn 0.1144 0.9131 0.3913
vn 0.0885 0.9177 0.3872
vn 0.2442 0.9002 0.3605
vn -0.4512 0.8646 -0.2211
vn -0.4660 0.8694 -0.1643
vn -0.4089 0.8950 -0.1782
vn -0.5418 0.8337 -0.1063
vn -0.5108 0.8501 -0.1280
vn -0.5106 0.8510 -0.1229
vn -0.5148 0.8498 -0.1132
vn -0.4480 0.8804 -0.1554
vn -0.3402 0.9117 -0.2304
vn -0.4200 0.8867 -0.1930
vn 0.0005 0.9987 0.0500
vn -0.1041 0.8937 0.4364
vn -0.1938 0.9680 -0.1593
vn 0.0731 0.9916 0.1066
vn 0.4146 0.8868 0.2043
vn 0.0549 0.9963 0.0665
vn 0.6456 0.7621 -0.0498
vn 0.4070 0.9111 -0.0654
vn 0.9920 0.1079 -0.0649
vn 0.0123 0.0710 -0.9974
vn 0.6706 0.4968 0.5508
vn -0.3549 0.9321 0.0726
vn -0.3307 0.9437 0.0072
vn -0.3182 0.9479 -0.0149
vn -0.2883 0.6949 -0.6588
vn -0.4528 0.8762 -0.1650
vn -0.4824 0.8604 -0.1641
vn -0.5434 0.7865 -0.2934
vn 0.0317 0.7908 -0.6112
vn 0.2508 0.6670 -0.7016
vn 0.5734 0.7515 -0.3263
vn -0.0601 0.9960 0.0654
vn -0.0609 0.9959 0.0670
vn -0.0670 0.9964 0.0527
vn 0.6130 -0.1421 0.7772
vn -0.2265 -0.2107 0.9510
vn -0.2173 -0.1993 0.9555
vn -0.1256 0.9586 0.2554
vn -0.1587 0.9756 0.1520
vn 0.1009 0.9943 -0.0345
vn -0.3289 0.7671 0.5507
vn -0.0493 0.9832 0.1756
vn -0.1278 0.3156 0.9402
vn 0.0413 0.4070 0.9125
vn -0.0329 0.9975 0.0619
vn -0.9731 0.2273 0.0388
vn -0.5633 -0.3933 -0.7266
vn -0.6396 -0.0599 -0.7664
vn 0.1529 0.9881 -0.0178
vn 0.2294 0.9596 -0.1629
vn -0.8769 -0.3091 -0.3681
vn -0.7076 -0.2712 -0.6525
vn -0.7230 -0.2861 -0.6288
vn -0.4321 -0.2579 -0.8642
vn -0.4825 -0.2821 -0.8292
vn -0.0761 -0.2315 -0.9699
vn -0.0878 -0.2495 -0.9644
vn 0.2142 -0.2169 -0.9524
vn 0.1940 -0.2319 -0.9532
vn 0.4756 -0.1035 -0.8735
vn 0.4266 -0.1737 -0.8876
vn 0.7601 0.1088 -0.6406
vn 0.7347 0.0506 -0.6765
vn 0.9387 0.1490 -0.3109
vn 0.9464 0.1305 -0.2955
vn 0.8253 0.5587 0.0819
vn 0.9800 0.1887 0.0628
vn 0.7204 0.5886 0.3668
vn 0.8424 0.1970 0.5015
vn 0.0769 0.9938 0.0804
vn 0.1409 0.9765 0.1631
vn -0.2378 0.5034 0.8307
vn 0.3563 0.5289 0.7703
vn 0.2815 0.1163 0.9525
vn -0.3082 -0.1140 0.9445
vn -0.5835 -0.1790 0.7921
vn 0.0156 -0.0627 0.9979
vn 0.2525 0.2975 0.9207
vn 0.7017 0.2640 0.6617
vn 0.5016 0.2253 0.8352
vn 0.5585 0.2752 0.7825
vn 0.2968 0.0950 0.9502
vn 0.0081 0.2215 0.9751
vn 0.6002 -0.0305 0.7993
vn 0.8344 -0.1268 0.5364
vn 0.9355 -0.1299 0.3286
vn 0.7562 0.6382 0.1442
vn 0.9798 -0.1355 0.1472
vn 0.9804 -0.1534 -0.1234
vn 0.9631 -0.0643 -0.2612
vn 0.8175 0.5476 -0.1784
vn 0.9581 0.1190 -0.2605
vn 0.8699 0.4923 -0.0309
vn 0.9937 0.0967 -0.0568
vn 0.9895 0.1114 0.0917
vn 0.9930 -0.0749 0.0909
vn -0.9487 0.2038 -0.2418
vn -0.9146 -0.3373 0.2230
vn -0.8592 -0.4530 -0.2377
vn -0.7585 -0.5701 -0.3157
vn 0.1911 0.9808 0.0399
vn 0.5682 0.8212 -0.0531
vn 0.0530 0.9938 0.0981
vn -0.1439 0.9868 -0.0737
vn -0.0990 0.9921 -0.0776
vn -0.1425 0.9893 0.0330
vn -0.1643 0.9853 0.0463
vn -0.1144 0.9902 0.0798
vn -0.1255 0.9855 0.1138
vn -0.0814 0.9926 0.0900
vn -0.0827 0.9893 0.1202
vn -0.0603 0.9964 0.0596
vn -0.0465 0.9942 0.0972
vn -0.0160 0.9999 0.0062
vn -0.0024 0.9994 0.0358
vn 0.0235 0.9995 -0.0194
vn 0.0429 0.9991 -0.0030
vn 0.0317 0.9971 -0.0691
vn 0.0532 0.9972 -0.0521
vn 0.0278 0.9932 -0.1128
vn 0.0576 0.9919 -0.1133
vn 0.0073 0.9889 -0.1484
vn 0.0282 0.9877 -0.1540
vn -0.0042 0.9868 -0.1619
vn 0.0078 0.9851 -0.1716
vn -0.0428 0.9943 -0.0980
vn -0.0396 0.9938 -0.1036
vn 0.3112 0.9058 -0.2875
vn 0.1266 0.9646 -0.2312
vn 0.5359 0.6223 -0.5705
vn 0.5449 0.7242 -0.4226
vn -0.0240 0.9970 -0.0732
vn 0.4105 0.8969 -0.1643
vn 0.6561 0.7171 -0.2352
vn 0.4366 0.8983 -0.0484
vn 0.7534 0.6554 -0.0535
vn -0.0324 0.9988 -0.0375
vn 0.4546 0.8906 0.0134
vn 0.7632 0.6460 0.0155
vn -0.0011 1.0000 -0.0030
vn 0.4536 0.8876 0.0796
vn 0.7183 0.6896 0.0920
vn 0.0177 0.9991 0.0396
vn 0.4549 0.8798 0.1378
vn 0.7470 0.6426 0.1705
vn 0.0278 0.9973 0.0685
vn 0.0870 0.9949 0.0519
vn 0.2296 0.9660 0.1190
vn 0.6217 0.7567 0.2023
vn -0.9098 0.3827 -0.1606
vn -0.9868 0.1570 0.0392
vn -0.3522 0.2573 -0.8999
vn -0.6875 0.1646 -0.7073
vn 0.1043 0.2410 0.9649
vn 0.0586 0.3094 0.9491
vn 0.0486 0.5241 -0.8503
vn -0.1080 0.1609 -0.9810
vn 0.0492 0.4752 -0.8785
vn 0.2249 0.3152 -0.9220
vn 0.0025 0.7233 -0.6905
vn 0.7427 0.5272 -0.4128
vn -0.4751 0.8799 -0.0089
vn -0.2841 0.9588 0.0019
vn -0.8077 0.5863 -0.0616
vn -0.7197 0.6939 -0.0209
vn -0.0664 0.9252 -0.3736
vn -0.4910 -0.1542 -0.8574
vn -0.4260 -0.2604 -0.8664
vn -0.0185 -0.2090 -0.9777
vn -0.0224 -0.2070 -0.9781
vn 0.6041 -0.0387 0.7960
vn 0.5092 -0.1976 0.8376
vn 0.1285 -0.1517 0.9800
vn 0.1687 -0.1006 0.9805
vn -0.0621 0.9139 0.4012
vn -0.1264 0.9283 0.3497
vn -0.2109 0.9381 0.2746
vn -0.2241 0.9282 0.2972
vn -0.2292 0.9712 0.0656
vn -0.2328 0.9636 0.1312
vn -0.2134 0.9688 0.1259
vn -0.1939 0.9750 0.1088
vn -0.2878 0.9475 0.1395
vn -0.2503 0.9632 0.0979
vn -0.2348 0.9678 -0.0912
vn -0.1994 0.9776 -0.0666
vn -0.1405 0.9539 -0.2653
vn 0.0079 0.8796 -0.4756
vn 0.1002 0.5801 0.8084
vn -0.1366 0.8933 0.4283
vn -0.6209 0.7812 -0.0657
vn -0.7758 0.6249 -0.0874
vn -0.2166 0.9710 -0.1012
vn -0.5531 -0.2177 -0.8042
vn -0.5726 -0.2405 -0.7838
vn 0.0842 -0.3285 -0.9407
vn -0.7049 -0.1201 -0.6990
vn -0.7485 -0.2068 -0.6301
vn -0.9292 -0.0634 -0.3641
vn -0.9413 -0.1824 -0.2841
vn -0.9632 -0.0968 -0.2509
vn -0.9628 -0.0882 -0.2555
vn -0.9624 0.2008 -0.1830
vn -0.9625 0.2008 -0.1827
vn -0.9625 0.2008 -0.1825
vn -0.9882 -0.1513 0.0219
vn -0.9672 0.1850 -0.1740
vn -0.9626 0.2007 -0.1822
vn -0.8644 0.1900 -0.4655
vn -0.8509 0.2214 -0.4765
vn -0.7013 0.1677 -0.6929
vn -0.6970 0.1777 -0.6947
vn -0.7598 0.1660 -0.6286
vn -0.7599 0.1659 -0.6285
vn -0.7598 0.1661 -0.6286
vn -0.9190 0.2002 -0.3396
vn -0.9163 0.2076 -0.3425
vn -0.9876 0.1255 0.0945
vn -0.9588 0.2835 0.0176
vn -0.8396 -0.1370 0.5257
vn -0.9211 0.1377 0.3640
vn -0.6337 -0.1688 0.7549
vn -0.6747 -0.0997 0.7313
vn -0.3604 -0.1567 0.9196
vn -0.3811 -0.1268 0.9158
vn -0.0514 -0.1738 0.9834
vn -0.0814 -0.1179 0.9897
vn 0.8522 -0.1697 0.4949
vn 0.8392 -0.0985 0.5348
vn 0.9740 -0.1331 0.1834
vn 0.8199 0.2443 -0.5178
vn -0.2398 -0.1225 -0.9631
vn -0.2813 -0.2513 -0.9261
vn 0.4597 0.1984 0.8656
vn 0.5840 0.0261 0.8113
vn -0.3554 0.9345 0.0180
vn -0.3057 0.9520 0.0180
vn -0.7056 0.6877 0.1710
vn -0.5767 0.8090 0.1140
vn 0.7758 0.4665 0.4248
vn 0.6137 0.4760 0.6300
vn -0.4554 0.8897 -0.0315
vn -0.7823 0.6169 -0.0859
vn -0.4062 0.9130 -0.0376
vn -0.6938 0.7179 -0.0571
vn -0.4123 0.9110 0.0097
vn -0.7231 0.6846 0.0919
vn -0.3192 0.9474 0.0246
vn -0.5401 0.8354 0.1024
vn -0.5887 -0.4936 -0.6402
vn -0.4317 0.0855 -0.8979
vn -0.5824 -0.4915 -0.6475
vn -0.5825 -0.4929 -0.6464
vn -0.6883 -0.5015 -0.5241
vn -0.6885 -0.5095 -0.5162
vn -0.2225 0.9749 -0.0051
vn -0.2081 0.9779 0.0217
vn -0.2413 0.9698 0.0348
vn -0.1457 0.9893 0.0033
vn -0.2067 0.9776 0.0397
vn -0.9020 -0.4128 -0.1266
vn -0.8847 -0.4591 -0.0808
vn -0.8617 -0.5073 0.0151
vn -0.9041 -0.4106 -0.1181
vn -0.3058 0.9518 -0.0253
vn -0.3192 0.9476 -0.0118
vn -0.2232 0.8806 -0.4181
vn -0.3959 0.9009 -0.1779
vn -0.8269 0.5621 -0.0147
vn -0.9119 0.2419 -0.3316
vn -0.9432 0.1181 -0.3105
vn -0.9625 0.2705 -0.0191
vn -0.9672 -0.2485 -0.0532
vn -0.1505 0.9867 0.0609
vn -0.1569 0.9876 -0.0078
vn -0.2539 0.9661 0.0467
vn -0.2809 0.9597 0.0059
vn -0.5970 -0.2336 -0.7675
vn -0.8830 -0.0546 -0.4661
vn -0.9830 0.0968 -0.1562
vn -0.3521 0.9359 0.0042
vn -0.3605 0.9328 -0.0028
vn -0.4895 0.7399 0.4614
vn -0.7427 0.6109 0.2742
vn -0.5540 0.7062 0.4409
vn 0.5525 0.7102 0.4363
vn 0.3105 0.7662 0.5626
vn 0.4590 0.7252 0.5132
vn 0.2944 0.7505 0.5917
vn 0.0962 0.9821 -0.1616
vn 0.0186 0.9721 -0.2338
vn 0.0787 0.9482 -0.3078
vn 0.0565 0.9861 -0.1566
vn 0.0765 0.9957 -0.0522
vn 0.1103 0.9901 -0.0864
vn 0.1282 0.9832 -0.1299
vn -0.3345 0.7883 0.5165
vn -0.2585 0.8087 0.5284
vn -0.1710 0.8418 0.5120
vn -0.2169 0.8338 0.5077
vn 0.2960 0.8567 0.4224
vn 0.4439 0.8248 0.3501
vn 0.2524 0.9676 -0.0078
vn 0.3392 0.9240 -0.1766
vn 0.6323 0.7711 0.0750
vn 0.7051 0.1644 -0.6898
vn -0.4867 0.8734 -0.0201
vn -0.3619 0.8770 -0.3161
vn -0.8350 0.5493 -0.0324
vn -0.2302 0.9711 0.0634
vn -0.1697 0.9841 -0.0520
vn 0.6063 0.7712 -0.1939
vn 0.6826 0.5662 0.4619
vn 0.2433 0.9322 0.2679
vn 0.2652 0.9510 -0.1592
vn -0.8169 0.5731 -0.0649
vn 0.3365 0.9401 -0.0540
vn 0.4668 0.8218 0.3267
vn 0.1198 0.7574 0.6419
vn 0.1800 0.4412 0.8792
vn -0.5617 0.8129 -0.1541
vn -0.1556 0.8596 -0.4866
vn -0.0204 0.5578 0.8297
vn 0.4183 0.8977 0.1387
vn 0.1155 0.9932 0.0109
vn 0.2457 0.9287 0.2779
vn 0.2318 0.9691 -0.0844
vn 0.2731 0.9614 -0.0327
vn 0.1301 0.9914 -0.0162
vn -0.0410 0.9977 -0.0544
vn -0.0437 0.9972 -0.0604
vn -0.1104 0.9758 -0.1888
vn -0.0368 0.9968 -0.0711
vn 0.0814 0.9913 -0.1035
vn 0.1985 0.9801 -0.0005
vn 0.0420 0.9960 -0.0794
vn 0.0391 0.9961 -0.0797
vn 0.6385 0.1719 -0.7502
vn -0.0063 1.0000 -0.0054
vn -0.0010 1.0000 0.0030
vn 0.7614 -0.6475 -0.0313
vn -0.1516 0.6486 -0.7459
vn -0.2601 0.6782 -0.6873
vn -0.2956 0.7472 -0.5953
vn -0.3342 0.8528 -0.4012
vn -0.5059 0.7663 -0.3960
vn -0.3443 0.9290 -0.1358
vn -0.3956 0.9080 -0.1383
vn -0.3981 0.9122 -0.0968
vn -0.3751 0.9270 -0.0053
vn -0.3294 0.9366 0.1191
vn -0.2547 0.9356 0.2446
vn -0.3346 0.9399 0.0685
vn -0.3573 0.9265 0.1177
vn -0.0000 0.9972 -0.0744
vn -0.0430 0.9936 -0.1044
vn -0.0000 0.9985 -0.0552
vn -0.0824 0.9966 0.0036
vn 0.6968 -0.7064 0.1241
vn 0.6719 -0.7004 0.2409
vn 0.6762 -0.7051 0.2137
vn 0.6946 -0.7087 0.1234
vn 0.6818 0.7308 0.0335
vn 0.6201 0.7838 0.0346
vn 0.5426 -0.6329 0.5523
vn 0.5846 -0.6257 0.5165
vn 0.7087 0.5819 0.3990
vn 0.5820 0.7294 0.3594
vn 0.3371 -0.7125 0.6154
vn 0.3518 -0.7099 0.6101
vn 0.4448 0.5885 0.6751
vn 0.4334 0.6080 0.6653
vn 0.2593 0.5293 0.8079
vn 0.2051 0.6357 0.7442
vn 0.2318 -0.6871 0.6886
vn 0.2659 -0.6770 0.6862
vn 0.3424 -0.6794 0.6490
vn 0.3217 -0.6862 0.6524
vn 0.1619 0.5550 0.8159
vn 0.1713 0.5344 0.8277
vn 0.6341 -0.6413 0.4320
vn 0.6690 -0.6495 0.3613
vn 0.2829 0.7371 0.6138
vn 0.4256 0.5543 0.7153
vn 0.7852 -0.6157 0.0660
vn 0.7865 -0.6151 0.0557
vn 0.7007 0.6586 0.2744
vn 0.6695 0.6857 0.2856
vn 0.7617 -0.6475 -0.0244
vn 0.7654 -0.6431 -0.0231
vn 0.6333 0.7727 0.0443
vn 0.7239 0.6897 0.0163
vn -0.0626 0.9978 -0.0220
vn 0.4279 0.8989 0.0941
vn 0.0850 0.9914 -0.0998
vn 0.0856 0.9914 -0.0994
vn 0.0852 0.9914 -0.0997
vn 0.3035 0.9476 -0.0999
vn 0.0586 0.9873 0.1474
vn -0.0181 0.9982 0.0572
vn 0.0326 0.9950 0.0945
vn 0.0328 0.9950 0.0941
vn 0.0327 0.9950 0.0943
vn 0.0566 0.9858 0.1582
vn 0.0263 0.9927 0.1178
vn 0.0330 0.9950 0.0938
vn 0.0293 0.9950 0.0959
vn 0.0096 0.9923 0.1238
vn 0.0353 0.9990 0.0290
vn -0.0351 0.9940 0.1033
vn 0.0138 0.9991 -0.0410
vn -0.0398 0.9988 0.0293
vn -0.0357 0.9962 -0.0796
vn -0.0568 0.9976 -0.0386
vn -0.0563 0.9962 -0.0667
vn -0.0557 0.9964 -0.0637
vn -0.0410 0.9958 -0.0819
vn -0.0558 0.9959 -0.0705
vn -0.7839 0.5595 -0.2691
vn -0.7928 0.5477 -0.2674
vn -0.6275 0.6270 -0.4616
vn -0.7120 0.5381 -0.4512
vn -0.4512 0.6125 -0.6491
vn -0.4185 0.6466 -0.6378
vn -0.1957 0.7009 -0.6859
vn -0.2358 0.6292 -0.7406
vn -0.0890 0.6924 -0.7160
vn -0.0839 0.7044 -0.7048
vn -0.2729 0.7151 -0.6435
vn -0.2867 0.6917 -0.6628
vn -0.4847 0.7766 -0.4025
vn -0.5422 0.7151 -0.4412
vn -0.4148 0.9086 -0.0486
vn -0.6824 0.7283 -0.0622
vn -0.4852 0.8580 0.1687
vn -0.4318 0.8881 0.1574
vn 0.2796 0.9550 -0.0989
vn 0.0858 0.9913 -0.0993
vn 0.4371 0.8928 0.1087
vn 0.3509 0.9119 0.2130
vn 0.4462 0.8194 0.3599
vn 0.4297 0.8277 0.3610
vn 0.2332 0.7949 0.5602
vn 0.1620 0.8292 0.5350
vn 0.0254 0.7915 0.6106
vn -0.4819 0.5350 0.6939
vn -0.4488 0.7157 0.5351
vn -0.4666 0.8561 0.2224
vn -0.6569 0.7497 0.0809
vn -0.5482 0.8361 -0.0225
vn -0.5998 0.7865 -0.1471
vn -0.5663 0.8102 -0.1515
vn -0.2643 0.8891 -0.3738
vn -0.2596 0.8908 -0.3728
vn -0.2921 0.8831 -0.3670
vn -0.2956 0.8882 -0.3517
vn -0.7699 -0.5990 -0.2203
vn -0.7582 -0.6134 -0.2209
vn -0.7786 -0.5418 -0.3166
vn -0.7818 -0.5021 -0.3698
vn -0.5536 -0.6954 -0.4582
vn -0.5758 -0.6714 -0.4665
vn -0.3502 -0.6922 -0.6310
vn -0.3389 -0.6956 -0.6334
vn -0.2006 -0.6568 -0.7269
vn -0.2013 -0.6583 -0.7254
vn -0.2023 -0.6709 -0.7134
vn -0.2120 -0.6709 -0.7106
vn -0.3829 -0.6967 -0.6066
vn -0.3840 -0.6906 -0.6129
vn -0.5760 -0.7585 -0.3049
vn -0.5323 -0.7651 -0.3623
vn -0.7000 -0.7016 -0.1333
vn -0.6947 -0.7036 -0.1495
vn -0.7116 -0.6985 -0.0756
vn -0.7115 -0.6986 -0.0756
vn -0.0388 0.9819 -0.1856
vn -0.4070 0.8727 -0.2698
vn -0.1191 0.7111 0.6929
vn -0.2560 0.5070 0.8231
vn 0.0730 0.9832 -0.1675
vn 0.0043 0.9686 -0.2484
vn -0.3118 0.9487 0.0524
vn -0.1626 0.9854 -0.0502
vn 0.0862 0.9881 0.1275
vn -0.0119 0.9975 -0.0693
vn -0.1890 0.9803 0.0576
vn -0.1662 0.9850 0.0468
vn 0.1326 0.9819 -0.1353
vn 0.2871 0.9551 0.0737
vn 0.4864 0.8500 0.2024
vn 0.4751 0.8421 0.2552
vn 0.4918 0.8357 0.2444
vn 0.0497 0.9924 0.1130
vn 0.0069 0.9971 0.0753
vn -0.0374 0.9945 0.0976
vn -0.0510 0.9986 0.0123
vn -0.0902 0.9959 -0.0059
vn -0.0736 0.9965 0.0396
vn -0.0335 0.9935 0.1090
vn 0.0492 0.9930 0.1073
vn -0.0552 0.9957 0.0743
vn -0.0428 0.9990 0.0130
vn -0.0735 0.9970 0.0250
vn -0.0446 0.9975 0.0557
vn -0.2893 0.9528 0.0923
vn -0.3135 0.9493 0.0224
vn -0.2611 0.9615 0.0856
vn -0.0694 0.9975 -0.0099
vn 0.0194 0.9992 -0.0357
vn 0.0359 0.9980 -0.0525
vn -0.0060 0.9972 -0.0747
vn 0.0684 0.9977 -0.0032
vn 0.2065 0.9710 -0.1203
vn 0.3514 0.9316 -0.0936
vn 0.3317 0.9370 -0.1096
vn 0.0803 0.9948 -0.0621
vn 0.1126 0.9932 -0.0277
vn 0.0440 0.9978 -0.0504
vn 0.1032 0.9946 -0.0113
vn 0.0083 0.9950 -0.0995
vn 0.0085 0.9965 -0.0834
vn -0.0076 0.9955 -0.0939
vn 0.0354 0.9968 -0.0710
vn 0.0925 0.9867 -0.1333
vn 0.2643 0.9558 -0.1289
vn 0.1105 0.9437 -0.3118
vn 0.0021 0.9688 -0.2476
vn 0.0394 0.9150 -0.4014
vn 0.0447 0.9983 0.0385
vn 0.0473 0.9979 0.0446
vn -0.0566 0.9981 0.0261
vn 0.0995 0.9744 0.2014
vn 0.0266 0.9995 -0.0179
vn -0.1449 0.9487 0.2810
vn -0.0461 0.9947 -0.0920
vn -0.0641 0.9960 -0.0627
vn -0.0191 0.9949 0.0988
vn 0.0227 0.9996 -0.0191
vn -0.0306 0.9989 0.0360
vn -0.0215 0.9990 0.0395
vn -0.1427 0.9898 -0.0008
vn 0.0994 0.9848 -0.1423
vn 0.0569 0.9983 -0.0105
vn 0.3705 0.9286 -0.0215
vn 0.3959 0.9170 0.0491
vn 0.4339 0.8951 0.1024
vn 0.0670 0.9956 0.0658
vn 0.0941 0.9946 0.0433
vn -0.0916 0.9956 -0.0213
vn -0.0764 0.9971 0.0019
vn -0.0846 0.9960 -0.0295
vn -0.0755 0.9967 -0.0302
vn -0.0443 0.9984 0.0365
vn -0.0497 0.9936 0.1013
vn -0.1097 0.9901 0.0874
vn -0.1014 0.9947 0.0145
vn -0.0856 0.9940 0.0686
vn -0.1976 0.9795 0.0387
vn -0.2994 0.8384 0.4554
vn -0.1100 0.8950 0.4322
vn -0.0855 0.8051 0.5869
vn 0.0775 0.9417 0.3273
vn 0.0591 0.9914 0.1172
vn 0.0587 0.9927 0.1057
vn 0.0711 0.9850 0.1571
vn 0.0483 0.9933 0.1051
vn 0.0584 0.9904 0.1253
vn 0.0189 0.9923 0.1225
vn -0.0210 0.9960 0.0865
vn -0.0044 0.9946 0.1039
vn -0.0776 0.9939 0.0783
vn 0.0123 0.9981 0.0601
vn 0.0750 0.9907 0.1133
vn -0.1603 0.9825 0.0950
vn -0.2040 0.9753 0.0841
vn -0.0387 0.9992 -0.0130
vn -0.0628 0.9976 -0.0279
vn -0.0131 0.9997 -0.0207
vn -0.0495 0.9976 -0.0475
vn 0.0069 1.0000 -0.0021
vn -0.0346 0.9975 -0.0622
vn -0.0009 1.0000 0.0042
vn -0.0216 0.9971 -0.0735
vn 0.1175 0.9898 -0.0805
vn 0.1716 0.9833 -0.0606
vn 0.1069 0.9881 -0.1110
vn 0.0930 0.9954 -0.0236
vn 0.0853 0.9953 0.0449
vn 0.1526 0.9882 0.0162
vn 0.1747 0.9837 -0.0417
vn 0.0952 0.9887 -0.1155
vn 0.0829 0.9897 -0.1166
vn 0.0659 0.9947 -0.0788
vn -0.0812 0.9826 0.1668
vn -0.1301 0.9779 0.1638
vn 0.3168 0.8412 -0.4382
vn -0.1192 0.9890 0.0873
vn -0.1468 0.9892 -0.0042
vn 0.0797 0.9945 0.0679
vn -0.0590 0.9968 0.0536
vn -0.1809 0.9817 -0.0599
vn 0.8989 0.0857 0.4297
vn 0.9167 0.1810 -0.3562
vn -0.7219 0.4605 -0.5165
vn -0.0657 0.3311 0.9413
vn -0.4852 0.6090 0.6274
vn -0.4597 0.4798 0.7473
vn -0.7380 0.4363 -0.5147
vn -0.7217 0.5327 -0.4420
vn 0.8176 0.4542 0.3538
vn 0.7737 0.5144 0.3699
vn 0.5535 0.4210 -0.7186
vn 0.5915 0.6143 -0.5222
vn -0.5009 0.2932 0.8143
vn -0.1403 0.0618 0.9882
vn -0.8024 0.1628 -0.5741
vn -0.8085 0.1686 -0.5639
vn 0.7385 0.1720 -0.6519
vn 0.9057 0.2672 -0.3291
vn -0.0000 -1.0000 -0.0000
vn 0.8868 -0.1180 -0.4468
vn -0.6403 -0.7612 -0.1033
vn -0.5223 -0.8509 0.0570
vn -0.7558 -0.6421 -0.1284
vn -0.2344 0.4812 0.8447
vn -0.9717 0.1164 -0.2055
vn 0.5590 0.1186 0.8206
vn 0.5892 0.6634 0.4612
vn 0.7185 -0.2170 0.6608
vn 0.7005 -0.6916 0.1761
vn 0.2745 -0.9320 0.2366
vn 0.2978 -0.9446 0.1380
vn 0.2737 -0.9533 0.1278
vn 0.3493 -0.9335 -0.0813
vn 0.2914 -0.9429 -0.1616
vn 0.3837 -0.9235 -0.0018
vn 0.1969 -0.6524 0.7318
vn -0.2997 -0.4370 -0.8481
vn -0.9340 -0.2722 0.2313
vn -0.5779 0.4362 0.6898
vn -0.6201 0.3055 -0.7226
vn -0.4828 0.8748 -0.0405
vn -0.9930 0.0570 0.1030
vn 0.3501 0.0909 -0.9323
vn 0.9799 0.1690 -0.1059
vn 0.4296 -0.2431 0.8697
vn 0.2379 0.0846 0.9676
vn 0.9880 0.0402 0.1489
vn 0.9917 0.1189 0.0482
vn 0.6592 -0.1968 0.7258
vn 0.6710 -0.2560 0.6959
vn 0.9446 -0.1893 0.2681
vn 0.6890 0.2025 -0.6959
vn 0.3767 -0.2984 -0.8770
vn -0.0022 -0.1783 -0.9840
vn -0.0636 0.0009 -0.9980
vn 0.0204 0.3208 -0.9469
vn 0.0116 0.3039 -0.9526
vn 0.0368 -0.8785 -0.4763
vn 0.0367 -0.8910 -0.4526
vn -0.0337 -0.8848 -0.4648
vn -0.0562 -0.8712 -0.4877
vn -0.1113 0.3064 -0.9454
vn -0.1044 0.3236 -0.9404
vn -0.0893 0.1957 -0.9766
vn -0.1845 -0.1961 -0.9631
vn -0.4093 0.0997 -0.9069
vn -0.2892 0.2352 -0.9279
vn -0.1091 -0.5634 -0.8189
vn -0.3220 -0.3812 -0.8666
vn -0.2977 0.3057 -0.9044
vn -0.2891 0.2352 -0.9279
vn -0.5257 -0.4080 -0.7465
vn -0.5812 0.2127 -0.7855
vn -0.7227 -0.4631 -0.5131
vn -0.8462 0.0252 -0.5323
vn -0.4528 -0.8498 0.2700
vn -0.5661 -0.8053 0.1764
vn -0.2184 -0.9623 0.1619
vn -0.5035 -0.7416 0.4433
vn -0.3799 -0.7873 -0.4855
vn -0.3674 -0.8730 -0.3208
vn -0.4963 0.4939 -0.7139
vn -0.3836 -0.8721 0.3039
vn -0.2226 0.2361 0.9459
vn -0.2542 0.3114 0.9157
vn 0.0514 0.1451 0.9881
vn 0.1117 0.2273 0.9674
vn -0.9418 0.3006 0.1507
vn -0.8651 0.4662 0.1851
vn -0.2922 -0.1763 0.9400
vn -0.5572 0.8304 -0.0044
vn 0.9071 0.0491 0.4180
vn 0.7464 0.6600 -0.0848
vn 0.8239 0.4302 -0.3690
vn 0.7375 0.2028 -0.6442
vn 0.8406 0.5084 0.1869
vn 0.9092 0.4141 0.0442
vn 0.7100 0.5808 0.3982
vn 0.8190 0.4873 0.3031
vn 0.3451 0.6168 0.7074
vn 0.2982 -0.2062 0.9319
vn 0.1626 0.5173 0.8402
vn -0.0361 -0.4695 0.8822
vn 0.0810 0.1780 0.9807
vn -0.1788 0.4959 0.8498
vn -0.1495 -0.8373 0.5259
vn -0.1016 -0.8656 0.4904
vn -0.1431 -0.8447 0.5158
vn 0.0744 -0.9493 0.3054
vn 0.3195 -0.9229 -0.2150
vn 0.2607 -0.9360 -0.2364
vn 0.3168 -0.8811 -0.3512
vn 0.1499 -0.8963 -0.4175
vn 0.5586 -0.8284 0.0410
vn 0.3113 -0.8784 -0.3625
vn 0.0071 -0.8698 -0.4934
vn -0.1549 -0.8933 -0.4220
vn -0.2786 -0.8932 -0.3530
vn -0.4359 -0.8962 -0.0822
vn -0.3364 -0.9220 0.1917
vn -0.1287 -0.9834 0.1278
vn -0.2467 -0.9348 -0.2556
vn -0.2295 -0.9345 -0.2721
vn -0.3397 -0.9376 0.0744
vn -0.3358 -0.9416 -0.0272
vn -0.2480 -0.8537 0.4578
vn -0.1169 -0.8599 0.4969
vn -0.2668 -0.9028 0.3372
vn -0.0597 -0.9961 0.0655
vn -0.6038 -0.7780 0.1735
vn -0.4963 -0.8670 -0.0457
vn 0.1081 -0.1725 0.9791
vn 0.3196 -0.6716 0.6685
vn 0.6824 -0.7169 -0.1428
vn 0.5859 -0.8085 0.0545
vn -0.2154 -0.5025 -0.8373
vn -0.1650 -0.3755 -0.9120
vn -0.1500 -0.4378 0.8865
vn 0.1055 -0.2178 0.9703
vn -0.2115 -0.5301 -0.8211
vn -0.7360 0.0344 -0.6762
vn 0.9050 -0.2948 -0.3068
vn 0.9034 -0.3842 -0.1905
vn 0.3057 0.6524 -0.6935
vn 0.3165 0.7294 -0.6065
vn 0.5144 0.8349 0.1958
vn -0.9687 0.2379 0.0709
vn 0.3233 0.3261 0.8884
vn -0.9925 0.1191 -0.0291
vn 0.4441 0.5415 0.7138
vn 0.4611 0.2396 -0.8544
vn 0.7185 0.6112 0.3319
vn 0.3445 0.3285 -0.8794
vn 0.8625 0.2836 0.4192
vn 0.8624 0.2836 0.4193
vn 0.3233 0.3261 0.8883
vn 0.4442 0.5415 0.7138
vn 0.5354 0.6091 0.5851
vn 0.5145 0.8348 0.1958
vn -0.9665 0.1874 -0.1756
vn -0.9731 0.2266 0.0417
vn -0.6906 -0.3057 0.6555
vn -0.4325 -0.4622 0.7742
vn -0.4175 -0.3729 0.8286
vn -0.7854 -0.1018 0.6106
vn -0.8815 0.0396 0.4705
vn -0.4770 0.2155 -0.8521
vn -0.5488 0.7860 -0.2846
vn 0.9155 0.3151 0.2502
vn -0.4464 0.7730 -0.4508
vn 0.9334 -0.2340 0.2719
vn 0.9918 0.1162 0.0525
vn -0.5968 -0.0671 0.7996
vn -0.3145 0.8958 -0.3140
vn 0.9480 -0.0162 -0.3179
vn -0.1229 -0.9901 -0.0684
vn -0.9940 -0.1093 -0.0087
vn -0.9979 0.0603 -0.0252
vn 0.1866 -0.8123 0.5525
vn -0.3378 -0.6914 -0.6387
vn 0.2502 -0.4959 -0.8315
vn 0.0637 -0.6865 -0.7243
vn 0.8152 0.4667 -0.3431
vn 0.9080 0.2976 -0.2950
vn 0.9578 0.1404 0.2507
vn 0.8383 0.1237 -0.5309
vn 0.5005 -0.3515 -0.7911
vn 0.7739 0.1600 -0.6128
vn 0.3530 0.0330 -0.9351
vn 0.4328 0.4073 -0.8042
vn 0.8322 0.4161 -0.3664
vn 0.1400 0.1329 -0.9812
vn -0.7110 0.0290 -0.7026
vn 0.0529 -0.5326 -0.8447
vn 0.9604 -0.2779 0.0203
vn 0.0652 -0.9397 0.3357
vn 0.1646 -0.9189 0.3584
vn 0.1997 -0.9131 0.3553
vn -0.4936 0.2867 -0.8211
vn 0.2109 0.2030 0.9562
vn 0.8075 0.5472 0.2203
vn -0.1649 -0.9551 -0.2463
vn 0.6479 0.3633 -0.6695
vn 0.8557 0.2458 -0.4554
vn 0.8481 0.3808 -0.3684
vn -0.0683 -0.9940 -0.0858
vn 0.4996 -0.8320 -0.2412
vn 0.3404 -0.8753 -0.3434
vn 0.4695 -0.8541 -0.2235
vn 0.3766 -0.9235 0.0725
vn 0.1467 -0.9799 -0.1351
vn 0.0989 -0.7788 0.6194
vn 0.2963 -0.9549 0.0178
vn 0.2929 -0.9560 0.0177
vn 0.0994 -0.9816 -0.1633
vn 0.1015 -0.9812 -0.1645
vn -0.1035 -0.9712 -0.2147
vn -0.1724 -0.9552 0.2405
vn -0.0430 -0.9457 0.3222
vn 0.0289 -0.9015 0.4319
vn 0.0643 0.0819 0.9946
vn 0.5821 0.0754 -0.8096
vn -0.2635 -0.9586 0.1082
vn -0.1752 -0.9730 0.1500
vn -0.1647 -0.9552 0.2460
vn 0.0007 -0.8695 -0.4939
vn -0.0697 -0.9132 -0.4014
vn -0.2145 -0.9659 -0.1448
vn -0.3813 0.1472 -0.9126
vn -0.6985 0.1643 0.6965
vn 0.7607 0.1703 -0.6264
vn 0.5927 0.1416 0.7928
vn 0.1724 -0.9775 0.1217
vn 0.2861 -0.8788 0.3820
vn -0.8928 0.1091 -0.4370
vn -0.8756 0.3005 0.3783
vn -0.8488 0.4710 0.2404
vn -0.9233 0.2543 -0.2879
vn -0.8944 0.3192 -0.3134
vn -0.9920 0.0468 -0.1174
vn -0.9335 0.2527 -0.2546
vn -0.7656 0.6335 -0.1115
vn -0.9373 0.2260 0.2653
vn -0.6777 0.6489 0.3459
vn -0.0754 0.8460 0.5278
vn -0.3830 0.8240 0.4175
vn -0.7546 -0.0816 0.6511
vn -0.9617 0.1543 -0.2264
vn -0.9334 0.2289 -0.2764
vn -0.8882 0.2031 -0.4121
vn -0.9007 0.1734 -0.3984
vn -0.4911 0.7500 -0.4432
vn -0.4217 0.8592 -0.2898
vn -0.2835 0.2129 -0.9350
vn -0.2625 0.4667 -0.8446
vn 0.8181 -0.1189 0.5627
vn 0.8364 -0.2150 0.5041
vn 0.5145 0.1021 0.8514
vn 0.6601 -0.1509 0.7358
vn 0.8973 -0.0693 0.4359
vn 0.8904 -0.0558 0.4518
vn 0.8983 -0.1359 -0.4178
vn 0.7943 -0.0077 -0.6075
vn 0.9746 0.0691 0.2132
vn 0.9946 -0.0981 0.0325
vn 0.9872 0.1248 -0.0992
vn 0.9777 0.0258 -0.2084
vn 0.7725 -0.0507 -0.6329
vn 0.8592 0.1085 -0.5001
vn 0.9214 0.0700 -0.3824
vn 0.8556 -0.0543 -0.5148
vn -0.0768 -0.9891 -0.1253
vn -0.0923 -0.9860 -0.1388
vn -0.2260 -0.9734 0.0379
vn -0.2248 -0.9735 0.0412
vn 0.2284 -0.8322 0.5052
vn -0.0933 -0.9942 -0.0540
vn 0.3245 -0.9405 -0.1013
vn -0.3814 -0.8208 -0.4252
vn -0.5444 -0.5470 -0.6360
vn -0.0972 -0.8255 -0.5559
vn -0.8404 0.4851 -0.2418
vn -0.9303 0.0269 0.3658
vn 0.5029 -0.7800 0.3725
vn 0.4355 -0.8918 0.1224
vn -0.8720 -0.1200 -0.4746
vn -0.8427 -0.0413 -0.5368
vn 0.1108 -0.9844 -0.1371
vn 0.1835 -0.9811 0.0615
vn -0.8528 0.1145 -0.5096
vn -0.9411 -0.0936 -0.3250
vn -0.0937 -0.6790 -0.7281
vn 0.5250 -0.7899 0.3169
vn -0.4955 0.2037 -0.8444
vn -0.5856 0.0892 -0.8057
vn -0.2061 -0.5908 -0.7800
vn -0.2255 -0.6677 -0.7095
vn 0.0616 -0.1619 -0.9849
vn -0.2092 0.1887 -0.9595
vn -0.0205 -0.6910 -0.7225
vn 0.0878 -0.7481 -0.6577
vn -0.7637 0.0393 -0.6444
vn -0.7300 0.1276 -0.6714
vn -0.9824 -0.1705 -0.0763
vn -0.9872 -0.0629 -0.1464
vn -0.9129 -0.1517 0.3790
vn -0.8930 -0.1925 0.4067
vn -0.0692 -0.0824 0.9942
vn 0.1097 -0.1288 0.9856
vn 0.8768 0.2412 0.4159
vn 0.9435 0.0842 0.3205
vn 0.9694 0.2322 -0.0799
vn 0.9640 0.2626 -0.0420
vn 0.4282 0.4065 -0.8071
vn 0.2258 -0.2108 -0.9511
vn 0.9345 0.1637 -0.3160
vn 0.8604 -0.1373 -0.4907
vn 0.9689 0.1251 0.2133
vn 0.9490 0.1915 0.2506
vn 0.9233 -0.2111 0.3209
vn 0.8185 0.1505 0.5544
vn 0.9205 0.3857 -0.0622
vn 0.7267 -0.1357 -0.6734
vn -0.0825 0.6690 0.7386
vn 0.1972 0.8638 0.4636
vn 0.3267 0.3014 -0.8958
vn 0.2710 0.1770 -0.9462
vn 0.9019 0.1880 -0.3888
vn 0.9061 0.2180 -0.3626
vn 0.2099 0.1853 -0.9600
vn 0.2853 0.2967 -0.9114
vn 0.1334 0.1968 0.9713
vn 0.1042 0.2410 0.9649
vn 0.3793 0.2378 0.8942
vn 0.3993 0.2079 0.8929
vn 0.5092 0.2798 0.8139
vn 0.5629 0.2091 0.7996
vn 0.2523 0.1824 0.9503
vn 0.1378 0.3230 0.9363
vn 0.0900 -0.1133 0.9895
vn -0.1631 0.1675 0.9723
vn 0.0047 -0.2194 0.9756
vn -0.0939 -0.1322 0.9868
vn -0.3504 -0.2101 0.9127
vn -0.3050 -0.2577 0.9168
vn -0.7825 -0.1578 0.6023
vn -0.7288 -0.2303 0.6448
vn -0.9381 -0.1699 0.3017
vn -0.9340 -0.1786 0.3094
vn -0.5549 0.1520 0.8179
vn -0.2876 -0.1089 0.9515
vn -0.8563 0.1414 0.4967
vn -0.8444 0.1238 0.5212
vn -0.9971 0.0694 -0.0308
vn -0.9942 0.0911 -0.0577
vn -0.6861 -0.1071 -0.7195
vn -0.6469 -0.0515 -0.7608
vn -0.0149 -0.1611 -0.9868
vn -0.0060 -0.1448 -0.9894
vn -0.1984 0.3220 0.9257
vn 0.0620 0.7088 0.7027
vn -0.1634 0.2391 0.9571
vn -0.1300 0.3582 0.9246
vn -0.5143 0.7899 0.3339
vn -0.5347 0.7082 0.4610
vn -0.3929 0.4407 -0.8071
vn -0.4171 0.5381 -0.7325
vn 0.1207 -0.8881 0.4436
vn 0.1582 -0.8638 0.4784
vn 0.6249 0.5354 -0.5682
vn 0.6254 0.6074 -0.4899
vn 0.4885 -0.0223 -0.8723
vn 0.8166 0.5333 -0.2208
vn 0.3337 0.4388 0.8343
vn 0.5122 0.3227 0.7960
vn -0.9079 -0.2655 -0.3243
vn -0.4864 0.6221 0.6135
vn -0.0534 0.9970 -0.0560
vn -0.2282 0.7185 -0.6571
vn -0.5926 0.4963 -0.6344
vn -0.1073 0.9942 0.0113
vn 0.1894 0.8497 0.4921
vn 0.5868 0.5538 0.5908
vn -0.9817 0.1904 0.0110
vn -0.9188 0.3441 0.1932
vn -0.8765 -0.3171 -0.3622
vn -0.9414 -0.0085 -0.3372
vn -0.0753 -0.9917 -0.1038
vn -0.1527 -0.9755 -0.1586
vn 0.1359 -0.9041 -0.4052
vn 0.1658 -0.9409 -0.2952
vn -0.0162 -0.9651 -0.2614
vn 0.0583 -0.9911 -0.1196
vn -0.2050 -0.9785 -0.0222
vn 0.0030 -0.9996 0.0279
vn 0.9773 0.2091 -0.0345
vn 0.9906 0.1369 -0.0075
vn 0.9907 0.0280 0.1328
vn 0.9530 0.1716 0.2498
vn 0.9338 0.1064 -0.3417
vn 0.8617 -0.1130 -0.4947
vn -0.0787 -0.9790 -0.1880
vn 0.3874 -0.7105 -0.5875
vn -0.1127 -0.9316 -0.3456
vn -0.2125 -0.8198 -0.5318
vn -0.1055 0.7185 0.6875
vn -0.0963 0.7064 0.7013
vn -0.2564 -0.9621 0.0930
vn -0.1924 -0.9784 0.0761
vn -0.1876 -0.9625 0.1958
vn -0.2826 -0.9424 0.1792
vn 0.4271 0.0703 -0.9015
vn 0.4880 0.0491 -0.8715
vn 0.3015 0.0228 0.9532
vn 0.3709 0.0531 0.9272
vn -0.2693 -0.4934 -0.8270
vn -0.3930 -0.4858 -0.7807
vn 0.6840 -0.7259 0.0723
vn 0.7080 -0.7057 0.0253
vn -0.5601 -0.5949 0.5765
vn -0.5367 -0.6347 0.5560
vn -0.9308 0.0426 -0.3629
vn -0.9405 0.0521 -0.3359
vn -0.1097 -0.9920 -0.0618
vn 0.0062 -0.9992 0.0405
vn 0.2660 -0.9495 0.1665
vn 0.3350 -0.9420 0.0181
vn 0.1514 -0.9560 0.2513
vn 0.5791 -0.7458 -0.3293
vn 0.3402 -0.8816 -0.3272
vn -0.1386 -0.8982 -0.4171
vn 0.0752 -0.8591 -0.5063
vn 0.5388 -0.8310 -0.1379
vn 0.5430 -0.7859 0.2959
vn 0.2103 -0.9454 0.2489
vn 0.3440 -0.5888 0.7314
vn 0.0068 -0.4919 0.8706
vn -0.1373 -0.9085 0.3947
vn -0.2404 -0.9663 0.0919
vn -0.6118 -0.7682 -0.1887
vn -0.4084 -0.9123 0.0292
vn -0.0430 -0.8967 -0.4406
vn 0.5402 -0.7464 -0.3887
vn -0.0436 -0.9990 -0.0111
vn -0.0638 -0.6671 0.7422
vn 0.0386 -0.9987 0.0333
vn -0.5966 -0.7479 0.2911
vn -0.5259 -0.8470 -0.0773
vn -0.3724 -0.8222 -0.4305
vn 0.5331 -0.8195 0.2103
vn 0.3060 -0.6865 0.6597
vn 0.5569 -0.8143 0.1639
vn 0.5241 -0.7978 -0.2979
vn -0.1110 -0.9933 -0.0330
vn -0.0367 -0.9993 0.0073
vn -0.3306 -0.9435 -0.0226
vn 0.0273 -0.8102 0.5855
vn 0.1418 -0.9856 0.0922
vn -0.1476 -0.9607 0.2352
vn -0.4361 -0.8999 0.0082
vn 0.0334 -0.9994 -0.0136
vn 0.0045 -0.9999 0.0099
vn -0.0478 -0.9983 0.0345
vn -0.2691 -0.9427 -0.1972
vn -0.0398 -0.8834 -0.4669
vn 0.4578 -0.7522 -0.4739
vn 0.6991 -0.1501 -0.6991
vn 0.3822 0.0187 -0.9239
vn 0.2110 0.0964 -0.9727
vn -0.1919 0.2534 -0.9481
vn -0.7041 -0.0916 -0.7041
vn -0.9199 0.0563 -0.3881
vn -0.9729 0.1327 -0.1892
vn -0.9413 0.2601 0.2153
vn -0.7032 -0.1044 0.7032
vn -0.3767 0.0317 0.9258
vn -0.1900 0.0975 0.9769
vn 0.2321 0.2228 0.9468
vn 0.6976 -0.1637 0.6976
vn 0.9294 -0.0049 0.3691
vn 0.9754 0.0617 0.2116
vn 0.9532 0.2184 -0.2089
vn 0.9573 -0.1906 -0.2176
vn 0.8385 -0.0473 -0.5428
vn 0.6846 0.0576 -0.7267
vn 0.3654 0.2072 -0.9075
vn -0.2238 -0.0553 -0.9731
vn -0.5294 0.0979 -0.8427
vn -0.7192 0.2086 -0.6627
vn -0.8831 0.3316 -0.3319
vn -0.9754 0.0291 0.2186
vn -0.8300 0.1322 0.5418
vn -0.6423 0.1992 0.7401
vn -0.2886 0.2668 0.9195
vn 0.2096 -0.1078 0.9718
vn 0.5511 -0.0148 0.8343
vn 0.7407 0.0506 0.6699
vn 0.9356 0.1458 0.3216
vn 0.9132 -0.2300 0.3364
vn 0.9875 -0.1529 0.0391
vn 0.9528 -0.0479 -0.2999
vn 0.8026 0.0602 -0.5935
vn 0.3185 -0.1326 -0.9386
vn 0.0461 0.0125 -0.9989
vn -0.2761 0.1796 -0.9442
vn -0.5445 0.3142 -0.7777
vn -0.9327 0.1280 -0.3372
vn -0.9724 0.2298 -0.0409
vn -0.8954 0.3195 0.3102
vn -0.7078 0.3642 0.6053
vn -0.3372 0.0289 0.9410
vn -0.0250 0.0620 0.9978
vn 0.3313 0.0918 0.9391
vn 0.6405 0.1094 0.7601
vn 0.5811 -0.2045 0.7877
vn 0.7717 -0.1997 0.6038
vn 0.9672 -0.1595 0.1978
vn 0.9889 -0.1149 -0.0947
vn 0.7348 -0.2932 -0.6117
vn 0.5755 -0.1816 -0.7974
vn 0.2199 0.0318 -0.9750
vn -0.0417 0.1705 -0.9845
vn -0.6048 0.1146 -0.7881
vn -0.7630 0.2339 -0.6026
vn -0.8983 0.3919 -0.1984
vn -0.8862 0.4532 0.0962
vn -0.7623 0.2028 0.6147
vn -0.5657 0.2139 0.7964
vn -0.1429 0.1972 0.9699
vn 0.1582 0.1630 0.9739
vn 0.1054 0.0073 0.9944
vn 0.2789 -0.0263 0.9600
vn 0.7789 -0.1297 0.6136
vn 0.9053 -0.1595 0.3937
vn 0.9335 -0.3453 -0.0971
vn 0.9169 -0.3020 -0.2610
vn 0.6716 -0.0995 -0.7342
vn 0.4958 -0.0003 -0.8684
vn -0.0812 0.0615 -0.9948
vn -0.2224 0.1620 -0.9614
vn -0.6476 0.4636 -0.6048
vn -0.7526 0.5377 -0.3801
vn -0.8832 0.4591 0.0961
vn -0.8427 0.4801 0.2436
vn -0.5647 0.4653 0.6817
vn -0.3941 0.4194 0.8178
vn -0.4105 0.3918 0.8234
vn 0.4659 0.8849 0.0021
vn 0.8703 -0.2842 0.4023
vn 0.4658 0.8849 0.0019
vn 0.4716 -0.0677 -0.8792
vn 0.4657 0.8849 0.0020
vn -0.7321 0.5671 -0.3773
vn 0.4658 0.8849 0.0020
vn 0.2301 -0.1681 -0.9586
vn -0.1948 -0.0230 -0.9806
vn -0.3476 0.0339 -0.9370
vn -0.6960 0.1768 -0.6960
vn -0.9530 -0.2113 -0.2170
vn -0.9793 -0.0594 0.1933
vn -0.9340 0.0089 0.3573
vn -0.6969 0.1696 0.6969
vn -0.2000 -0.1918 0.9608
vn 0.2096 -0.0058 0.9778
vn 0.3456 0.0608 0.9364
vn 0.6859 0.2430 0.6859
vn 0.9655 -0.1501 0.2129
vn 0.9770 0.0305 -0.2111
vn 0.9386 0.0855 -0.3343
vn 0.6845 0.2508 -0.6845
vn 0.4058 -0.0166 -0.9138
vn 0.1432 -0.2249 -0.9638
vn 0.6814 -0.5843 -0.4408
vn -0.3664 0.1781 -0.9132
vn 0.8345 -0.2762 -0.4768
vn -0.0264 0.4008 -0.9158
vn 0.4090 -0.0151 -0.9124
vn 0.4444 -0.0439 -0.8947
vn 0.9488 0.0216 0.3151
vn -0.1259 0.2856 -0.9501
vn 0.9810 -0.0073 -0.1940
vn -0.1864 0.3171 -0.9299
vn 0.4792 -0.0000 -0.8777
vn 0.0001 -1.0000 -0.0000
vn -0.4792 -0.0000 0.8777
vn 0.0001 -1.0000 0.0001
vn -0.0000 1.0000 -0.0001
vn -0.0001 1.0000 -0.0000
vn -0.0000 1.0000 0.0001
vn 0.8777 -0.0000 0.4792
vn -0.8777 -0.0000 -0.4792
vn -0.0000 -1.0000 0.0001
vn -0.0001 -1.0000 0.0001
vn 0.9879 -0.0000 0.1551
vn -0.9879 -0.0000 -0.1551
vn 0.0001 1.0000 -0.0000
vn -0.1551 -0.0000 0.9879
vn 0.1551 -0.0000 -0.9879
vn 0.2615 -0.0000 0.9652
vn -0.2615 -0.0000 -0.9652
vn -0.0001 1.0000 -0.0001
vn -0.9652 -0.0000 0.2615
vn 0.9652 -0.0000 -0.2615
vn 0.7468 -0.1327 -0.6517
vn 0.3338 0.0414 -0.9417
vn 0.0611 0.1341 -0.9891
vn -0.4640 0.2756 -0.8419
vn -0.6651 0.0949 -0.7407
vn -0.8941 0.1965 -0.4025
vn -0.9653 0.2579 -0.0416
vn -0.8812 0.2838 0.3780
vn -0.7786 0.0286 0.6269
vn -0.4717 0.0539 0.8801
vn 0.0600 0.0740 0.9955
vn 0.4667 0.0746 0.8812
vn 0.6735 -0.1554 0.7227
vn 0.9211 -0.0978 0.3770
vn 0.9994 -0.0316 0.0124
vn 0.8957 0.0565 -0.4410
vn 0.8943 0.0704 -0.4419
vn 0.5916 0.1006 -0.7999
vn 0.1546 0.1087 -0.9820
vn -0.3397 0.0909 -0.9361
vn -0.4527 -0.0409 -0.8907
vn -0.7685 -0.0158 -0.6397
vn -0.9883 0.0209 -0.1511
vn -0.9604 0.0463 0.2749
vn -0.9015 -0.0718 0.4268
vn -0.6769 0.0013 0.7361
vn -0.1236 0.1132 0.9858
vn 0.2887 0.1663 0.9429
vn 0.4704 0.0430 0.8814
vn 0.7841 0.1170 0.6095
vn 0.9734 0.1775 0.1446
vn 0.9293 0.1933 -0.3146
vn 0.7969 0.5006 -0.3382
vn 0.6874 0.4122 -0.5980
vn -0.1019 -0.1300 -0.9863
vn -0.3883 -0.3102 -0.8678
vn -0.2950 -0.1402 -0.9452
vn -0.5622 -0.2455 -0.7897
vn -0.9232 -0.3733 0.0911
vn -0.8297 -0.3276 0.4520
vn -0.9075 -0.2681 0.3234
vn -0.7564 -0.1409 0.6387
vn -0.0018 0.2177 0.9760
vn 0.3970 0.3398 0.8526
vn 0.2262 0.3872 0.8938
vn 0.4999 0.5022 0.7056
vn 0.8612 0.4968 -0.1074
vn 0.8038 0.3597 -0.4738
vn 0.5739 0.6662 -0.4763
vn 0.4603 0.5874 -0.6656
vn -0.3997 -0.2365 -0.8856
vn -0.5455 -0.4123 -0.7297
vn -0.4578 -0.1375 -0.8783
vn -0.5957 -0.2756 -0.7544
vn -0.6670 -0.6214 0.4110
vn -0.5376 -0.5725 0.6190
vn -0.7018 -0.5377 0.4672
vn -0.5522 -0.4462 0.7042
vn 0.3438 0.1845 0.9207
vn 0.5855 0.3725 0.7201
vn 0.3896 0.3552 0.8497
vn 0.5727 0.5310 0.6245
vn 0.6781 0.6442 -0.3539
vn 0.5531 0.5305 -0.6423
vn 0.4917 0.5978 -0.6331
vn 0.3716 0.5221 -0.7677
vn -0.4916 -0.2406 -0.8369
vn -0.6307 -0.4093 -0.6593
vn -0.6037 -0.3227 -0.7290
vn -0.6961 -0.4003 -0.5960
vn -0.6988 -0.5268 0.4839
vn -0.5603 -0.4573 0.6906
vn -0.6285 -0.4622 0.6256
vn -0.5309 -0.3599 0.7672
vn 0.3383 0.4003 0.8516
vn 0.5356 0.5442 0.6458
vn 0.4695 0.5293 0.7067
vn 0.5482 0.6293 0.5508
vn 0.5893 0.7161 -0.3741
vn 0.4972 0.6162 -0.6108
vn 0.4272 0.6770 -0.5993
vn -0.7232 0.6906 -0.0006
vn -0.6202 -0.4236 -0.6603
vn -0.6043 -0.4013 0.6884
vn -0.7232 0.6906 -0.0007
vn 0.4085 0.6626 0.6278
vn -0.7232 0.6906 -0.0008
vn 0.6996 -0.1054 -0.7067
vn 0.2834 -0.0224 -0.9587
vn -0.2101 0.0675 -0.9753
vn -0.6614 0.1420 -0.7365
vn -0.7007 0.0977 -0.7068
vn -0.9359 0.1832 -0.3010
vn -0.9596 0.2268 0.1665
vn -0.7600 0.2189 0.6119
vn -0.7027 0.0825 0.7067
vn -0.3105 0.0571 0.9489
vn 0.2710 0.0083 0.9625
vn 0.6814 -0.0340 0.7311
vn 0.7040 -0.0724 0.7065
vn 0.9459 -0.0815 0.3142
vn 0.9702 -0.0698 -0.2321
vn 0.7527 -0.0423 -0.6569
vn -0.6344 -0.4567 0.6237
vn -0.6462 -0.5259 0.5530
vn -0.5282 -0.8454 0.0797
vn 0.1092 0.0820 0.9906
vn -0.8272 -0.5601 0.0451
vn 0.3776 -0.1466 0.9143
vn -0.5824 -0.4795 0.6565
vn -0.6350 -0.5329 0.5592
vn -0.6666 -0.7358 -0.1191
vn 0.0568 0.1193 0.9912
vn -0.6331 -0.7277 0.2638
vn 0.1670 0.1940 0.9667
vn 0.0001 -1.0000 -0.0001
vn -0.0000 -1.0000 -0.0001
vn -0.9879 -0.0000 -0.1550
vn -0.5680 0.1921 -0.8003
vn -0.8275 0.4072 -0.3864
vn -0.8718 0.4781 -0.1068
vn -0.7468 0.4967 0.4423
vn -0.7363 0.2698 0.6205
vn -0.4124 0.2191 0.8843
vn -0.0626 0.1414 0.9880
vn 0.3478 0.0284 0.9371
vn 0.5059 -0.2838 0.8145
vn 0.7863 -0.3132 0.5326
vn 0.9619 -0.2728 0.0188
vn 0.9021 -0.1847 -0.3900
vn 0.7000 -0.3188 -0.6390
vn 0.4249 -0.1152 -0.8979
vn 0.1156 0.0831 -0.9898
vn -0.2901 0.3116 -0.9048
vn -0.2864 0.3246 -0.9014
vn -0.6454 0.4427 -0.6224
vn -0.8630 0.4629 -0.2023
vn -0.8829 0.3726 0.2857
vn -0.8980 0.2210 0.3806
vn -0.6912 0.1195 0.7127
vn -0.2476 -0.0431 0.9679
vn 0.1621 -0.1654 0.9728
vn 0.2710 -0.3215 0.9073
vn 0.6104 -0.3357 0.7174
vn 0.9451 -0.2544 0.2052
vn 0.9702 -0.1418 -0.1966
vn 0.8920 -0.2136 -0.3983
vn 0.6989 -0.0130 -0.7151
vn 0.3068 0.2281 -0.9240
vn -0.1220 0.3984 -0.9090
vn -0.0555 0.6768 -0.7341
vn -0.3407 0.6728 -0.6567
vn -0.9770 0.2126 0.0147
vn -0.9600 -0.0298 0.2784
vn -0.9642 0.1662 0.2064
vn -0.8852 -0.0173 0.4648
vn -0.1469 -0.4867 0.8611
vn 0.2164 -0.5596 0.8000
vn 0.1075 -0.4685 0.8769
vn 0.4623 -0.4430 0.7681
vn 0.9851 -0.1396 0.1000
vn 0.9568 0.0637 -0.2836
vn 0.9917 0.0733 -0.1052
vn 0.8861 0.2781 -0.3707
vn 0.1663 0.6000 -0.7826
vn -0.2290 0.5941 -0.7711
vn -0.1542 0.8530 -0.4986
vn -0.3708 0.8328 -0.4111
vn -0.9531 0.0436 0.2994
vn -0.8835 -0.1914 0.4275
vn -0.9196 0.1263 0.3720
vn -0.8663 -0.0616 0.4958
vn 0.0976 -0.7994 0.5929
vn 0.3234 -0.8117 0.4865
vn 0.1744 -0.7454 0.6434
vn 0.4439 -0.7258 0.5255
vn 0.9620 -0.1107 -0.2496
vn 0.8657 0.1625 -0.4735
vn 0.9585 0.0782 -0.2742
vn 0.8285 0.3418 -0.4437
vn -0.0353 0.8018 -0.5965
vn -0.3576 0.7826 -0.5096
vn -0.3333 0.8347 -0.4384
vn -0.4984 0.7974 -0.3402
vn -0.9196 0.0120 0.3927
vn -0.8266 -0.2233 0.5167
vn -0.8593 -0.1152 0.4983
vn -0.7719 -0.2446 0.5868
vn 0.1941 -0.7406 0.6433
vn 0.4265 -0.7322 0.5309
vn 0.3563 -0.7220 0.5931
vn 0.5343 -0.6652 0.5216
vn 0.9696 0.1134 -0.2167
vn 0.8485 0.3422 -0.4036
vn 0.8928 0.2993 -0.3365
vn 0.7900 0.4561 -0.4098
vn -0.0402 0.8653 -0.4996
vn -0.3055 0.8447 -0.4395
vn -0.2824 0.8889 -0.3606
vn 0.1495 0.5575 0.8166
vn -0.8310 -0.2349 0.5041
vn 0.1495 0.5576 0.8166
vn 0.4383 -0.6846 0.5825
vn 0.1494 0.5576 0.8166
vn 0.8571 0.4438 -0.2617
vn 0.1494 0.5576 0.8165
vn -0.6155 0.2313 -0.7534
vn -0.8707 0.3480 -0.3474
vn -0.9126 0.3797 0.1518
vn -0.7161 0.3126 0.6241
vn -0.7078 0.2564 0.6583
vn -0.3268 0.1663 0.9304
vn 0.1219 0.0403 0.9917
vn 0.5583 -0.0996 0.8236
vn 0.6074 -0.2528 0.7531
vn 0.8702 -0.3154 0.3786
vn 0.9332 -0.2976 -0.2014
vn 0.7499 -0.2080 -0.6281
vn 0.7165 -0.2324 -0.6577
vn 0.3746 -0.0752 -0.9241
vn -0.1290 0.1297 -0.9831
vn -0.5416 0.2786 -0.7931
vn 0.3557 -0.7170 0.5995
vn 0.2650 -0.7579 0.5962
vn -0.2715 -0.8753 0.4001
vn 0.9658 -0.2578 -0.0288
vn -0.2419 -0.6330 0.7354
vn 0.8481 -0.4122 -0.3329
vn 0.3847 -0.7435 0.5470
vn 0.2697 -0.7653 0.5844
vn -0.4362 -0.7200 0.5397
vn 0.9729 -0.2295 0.0284
vn -0.0718 -0.8427 0.5336
vn 0.9878 -0.1386 -0.0707
vn -0.7650 0.3633 -0.5317
vn -0.3375 -0.9294 -0.1494
vn 0.7650 -0.3633 0.5318
vn -0.3374 -0.9294 -0.1494
vn 0.3375 0.9294 0.1493
vn 0.3376 0.9294 0.1494
vn 0.3377 0.9294 0.1493
vn 0.5485 -0.0652 -0.8336
vn -0.5485 0.0652 0.8336
vn 0.3374 0.9294 0.1493
vn -0.3375 -0.9294 -0.1493
vn 0.2583 0.0611 -0.9641
vn -0.2583 -0.0611 0.9641
vn 0.3376 0.9294 0.1493
vn 0.9052 -0.3640 0.2194
vn -0.9052 0.3640 -0.2194
vn 0.6362 0.0556 0.7695
vn 0.9065 0.0426 0.4201
vn 0.9766 0.0097 -0.2149
vn 0.7732 -0.0175 -0.6339
vn 0.4278 0.0024 -0.9038
vn -0.2140 0.0300 -0.9764
vn -0.6310 0.0425 -0.7746
vn -0.6311 0.0425 -0.7746
vn -0.9002 0.0882 -0.4264
vn -0.9703 0.1222 0.2087
vn -0.7681 0.1156 0.6298
vn -0.7681 0.1157 0.6298
vn -0.4146 0.1282 0.9009
vn 0.2140 0.1023 0.9715
vn 0.6366 0.0782 0.7672
vn 0.8877 0.0738 0.4544
vn 0.9695 0.0383 -0.2419
vn 0.7733 0.0052 -0.6340
vn 0.4659 0.0280 -0.8844
vn -0.2394 0.0560 -0.9693
vn -0.6295 0.0595 -0.7747
vn -0.8796 0.1068 -0.4636
vn -0.9616 0.1451 0.2331
vn -0.7664 0.1326 0.6285
vn -0.4487 0.1525 0.8806
vn 0.2398 0.1278 0.9624
vn 0.6366 0.0808 0.7670
vn 0.8637 0.0783 0.4979
vn 0.9582 0.0386 -0.2834
vn 0.7733 0.0078 -0.6340
vn 0.5092 0.0283 -0.8602
vn -0.2802 0.0595 -0.9581
vn -0.6293 0.0614 -0.7747
vn -0.8553 0.1042 -0.5076
vn -0.9503 0.1476 0.2742
vn -0.7662 0.1345 0.6283
vn -0.7663 0.1345 0.6283
vn -0.4931 0.1540 0.8562
vn 0.2816 0.1271 0.9511
vn 0.6366 0.0807 0.7670
vn 0.6364 0.0631 0.7688
vn 0.8403 0.0571 0.5392
vn 0.9433 0.0123 -0.3317
vn 0.7733 -0.0099 -0.6340
vn 0.5470 0.0050 -0.8371
vn -0.3291 0.0419 -0.9434
vn -0.6306 0.0482 -0.7746
vn -0.8332 0.0826 -0.5467
vn -0.9369 0.1304 0.3244
vn -0.7676 0.1213 0.6294
vn -0.5353 0.1347 0.8338
vn 0.3312 0.1012 0.9381
vn 0.6364 0.0632 0.7688
vn 0.6366 0.0966 0.7651
vn 0.7821 0.0992 0.6152
vn 0.9048 0.0468 -0.4232
vn 0.7398 0.0187 -0.6726
vn 0.7727 0.0407 -0.6335
vn 0.6319 0.0612 -0.7726
vn -0.3591 0.1149 -0.9262
vn -0.6144 0.1085 -0.7815
vn -0.6246 0.1041 -0.7739
vn -0.7576 0.1358 -0.6385
vn -0.8820 0.1956 0.4288
vn -0.7156 0.1692 0.6777
vn -0.7580 0.1979 0.6216
vn -0.6177 0.2189 0.7553
vn 0.2916 0.1959 0.9363
vn 0.5489 0.1511 0.8221
vn 0.5488 0.1576 0.8210
vn 0.0571 0.9976 -0.0382
vn 0.7373 0.0878 -0.6698
vn 0.0570 0.9976 -0.0383
vn -0.6065 0.1632 -0.7782
vn 0.0570 0.9976 -0.0382
vn -0.7069 0.2265 0.6700
vn 0.6348 0.0145 0.7725
vn 0.9164 -0.0137 0.4001
vn 0.9775 -0.0454 -0.2061
vn 0.7720 -0.0587 -0.6329
vn 0.7720 -0.0587 -0.6330
vn 0.4003 -0.0470 -0.9152
vn -0.2076 -0.0166 -0.9781
vn -0.6333 0.0116 -0.7738
vn -0.9144 0.0490 -0.4017
vn -0.9755 0.0807 0.2044
vn -0.7705 0.0849 0.6318
vn -0.3965 0.0822 0.9143
vn 0.2077 0.0520 0.9768
vn -0.5861 0.0855 -0.8057
vn -0.4682 0.0757 -0.8804
vn 0.2016 -0.0950 -0.9749
vn -0.9825 0.1158 -0.1457
vn -0.1403 -0.0924 -0.9858
vn -0.9778 0.1391 0.1567
vn -0.5432 0.1432 -0.8273
vn -0.4822 0.0500 -0.8746
vn 0.0122 -0.2422 -0.9701
vn -0.9941 0.0578 -0.0914
vn -0.0156 0.0302 -0.9994
vn -0.9494 -0.0624 0.3079
vn 0.8257 -0.0212 0.5638
vn -0.0571 -0.9973 0.0465
vn -0.8257 0.0212 -0.5638
vn -0.0572 -0.9973 0.0465
vn 0.0572 0.9973 -0.0463
vn 0.0571 0.9973 -0.0464
vn -0.5613 0.0705 0.8246
vn 0.5613 -0.0705 -0.8246
vn 0.0572 0.9973 -0.0464
vn -0.0571 -0.9973 0.0464
vn -0.0572 -0.9973 0.0464
vn -0.2499 0.0593 0.9665
vn 0.2499 -0.0593 -0.9665
vn 0.0572 0.9973 -0.0465
vn 0.0573 0.9973 -0.0464
vn -0.9666 0.0437 -0.2526
vn 0.9666 -0.0437 0.2526
vn -0.0572 -0.9973 0.0463
vn -0.9844 0.0641 0.1637
vn -0.0573 -0.9973 0.0465
vn 0.9844 -0.0641 -0.1637
vn 0.0573 0.9973 -0.0463
vn -0.1662 -0.0363 -0.9854
vn 0.1662 0.0363 0.9854
vn 0.0572 0.9973 -0.0462
vn -0.0573 -0.9973 0.0463
vn -0.8887 0.2171 -0.4038
vn -0.9786 0.2054 -0.0089
vn -0.7592 0.1091 0.6416
vn -0.4309 0.0203 0.9022
vn -0.4262 0.0141 0.9045
vn -0.0360 -0.0419 0.9985
vn 0.6534 -0.1213 0.7472
vn 0.9061 -0.1385 0.3996
vn 0.8998 -0.1210 0.4191
vn 0.9961 -0.0693 -0.0545
vn 0.8149 0.0099 -0.5795
vn 0.4261 0.0797 -0.9011
vn 0.4305 0.0841 -0.8987
vn -0.0355 0.1723 -0.9844
vn -0.5719 0.2242 -0.7891
vn -0.8935 0.2088 -0.3975
vn -0.8649 0.3205 -0.3864
vn -0.9355 0.3463 -0.0703
vn -0.7015 0.2588 0.6640
vn -0.4369 0.1607 0.8851
vn -0.4307 0.1526 0.8895
vn -0.1150 0.0760 0.9905
vn 0.7100 -0.1506 0.6879
vn 0.9043 -0.2156 0.3684
vn 0.8983 -0.1887 0.3969
vn 0.9816 -0.1708 -0.0856
vn 0.8208 -0.1095 -0.5607
vn 0.4249 -0.0148 -0.9051
vn 0.4307 -0.0098 -0.9025
vn -0.0341 0.1383 -0.9898
vn -0.5552 0.2657 -0.7882
vn -0.8770 0.3063 -0.3702
vn -0.8975 0.2404 -0.3698
vn -0.9497 0.2996 -0.0908
vn -0.6917 0.3252 0.6448
vn -0.4486 0.2759 0.8501
vn -0.4396 0.2672 0.8575
vn -0.1469 0.2406 0.9595
vn 0.7214 0.0334 0.6917
vn 0.9194 -0.0686 0.3873
vn 0.9271 -0.0963 0.3622
vn 0.9887 -0.1371 -0.0605
vn 0.7962 -0.1517 -0.5857
vn 0.4298 -0.1264 -0.8940
vn 0.4347 -0.1223 -0.8922
vn 0.0074 0.0019 -1.0000
vn -0.5757 0.1701 -0.7998
vn -0.8803 0.2567 -0.3989
vn -0.9335 0.0034 -0.3587
vn -0.9896 0.1033 -0.1004
vn -0.7114 0.3223 0.6245
vn -0.4674 0.3541 0.8100
vn -0.4536 0.3475 0.8207
vn -0.1749 0.3902 0.9039
vn 0.6863 0.3040 0.6607
vn 0.9002 0.1914 0.3913
vn 0.9302 0.1288 0.3438
vn 0.9991 0.0347 0.0233
vn 0.7540 -0.1693 -0.6347
vn 0.4450 -0.2457 -0.8612
vn 0.4448 -0.2458 -0.8612
vn 0.0849 -0.2183 -0.9722
vn -0.6213 -0.0771 -0.7798
vn -0.8927 0.0314 -0.4496
vn -0.9022 -0.2594 -0.3446
vn -0.9725 -0.1538 -0.1747
vn -0.6888 0.3692 0.6239
vn -0.4510 0.4669 0.7607
vn -0.4827 0.4664 0.7413
vn -0.3016 0.5502 0.7786
vn 0.6371 0.5922 0.4934
vn 0.8308 0.4781 0.2849
vn 0.8506 0.4539 0.2655
vn 0.9159 0.3892 0.0983
vn 0.6331 -0.1677 -0.7557
vn 0.3876 -0.3165 -0.8658
vn 0.4480 -0.2598 -0.8555
vn 0.2612 -0.2977 -0.9182
vn -0.6093 -0.3072 -0.7310
vn -0.8176 -0.2509 -0.5182
vn -0.8051 -0.4073 -0.4311
vn -0.2371 0.7447 -0.6238
vn -0.4787 0.5962 0.6445
vn -0.2371 0.7447 -0.6239
vn 0.7735 0.6081 0.1785
vn -0.2372 0.7447 -0.6238
vn 0.4021 -0.3623 -0.8409
vn -0.2372 0.7447 -0.6239
vn -0.9064 -0.0200 -0.4220
vn -0.9942 -0.0825 0.0690
vn -0.8182 -0.1253 0.5612
vn -0.4310 -0.1339 0.8923
vn -0.4296 -0.1356 0.8928
vn 0.0711 -0.0901 0.9934
vn 0.5633 -0.0192 0.8261
vn 0.8979 0.0562 0.4366
vn 0.9043 0.0462 0.4244
vn 0.9941 0.1081 0.0133
vn 0.7689 0.1630 -0.6182
vn 0.4309 0.1598 -0.8881
vn 0.4319 0.1610 -0.8874
vn 0.0057 0.1449 -0.9894
vn -0.6276 0.0677 -0.7756
vn -0.9015 -0.0023 -0.4327
vn 0.7855 0.5656 0.2513
vn 0.6954 0.6232 0.3579
vn 0.1633 0.6098 0.7756
vn 0.9370 0.0863 -0.3385
vn 0.4269 0.5956 0.6805
vn 0.8304 -0.1003 -0.5481
vn 0.7383 0.6306 0.2395
vn 0.7299 0.5686 0.3793
vn 0.3360 0.5008 0.7977
vn 0.9394 0.0182 -0.3423
vn 0.4246 0.5976 0.6802
vn 0.7944 -0.2595 -0.5492
vn -0.9871 0.0359 -0.1559
vn -0.0186 -0.9936 -0.1118
vn 0.9871 -0.0360 0.1559
vn -0.0185 -0.9936 -0.1118
vn 0.0185 0.9936 0.1119
vn 0.0185 0.9935 0.1119
vn 0.0185 0.9936 0.1118
vn 0.1589 0.1075 -0.9814
vn -0.1589 -0.1075 0.9814
vn 0.0184 0.9936 0.1119
vn -0.1833 0.1133 -0.9765
vn 0.1833 -0.1133 0.9765
vn 0.0186 0.9936 0.1117
vn 0.0186 0.9936 0.1119
vn 0.0186 0.9936 0.1118
vn 0.9829 0.0024 -0.1843
vn -0.9829 -0.0024 0.1843
vn 0.0185 0.9936 0.1117
vn -0.0186 -0.9936 -0.1117
vn 0.8225 0.0484 -0.5666
vn -0.0184 -0.9936 -0.1118
vn -0.8225 -0.0484 0.5666
vn -0.0185 -0.9936 -0.1117
vn 0.0184 0.9936 0.1118
vn 0.5684 -0.1025 0.8163
vn -0.5684 0.1025 -0.8163
vn -0.0185 -0.9935 -0.1119
vn 0.7060 0.0562 -0.7060
vn 0.3318 0.0748 -0.9404
vn -0.3078 0.0755 -0.9485
vn -0.7060 0.0562 -0.7060
vn -0.9397 0.0688 -0.3349
vn -0.9482 0.0629 0.3115
vn -0.7065 0.0422 0.7065
vn -0.3319 0.0562 0.9416
vn 0.3079 0.0567 0.9497
vn 0.7065 0.0422 0.7065
vn 0.9423 0.0624 0.3289
vn 0.9501 0.0692 -0.3041
vn 0.7049 0.0789 -0.7049
vn 0.3694 0.1033 -0.9235
vn -0.3325 0.1049 -0.9373
vn -0.7049 0.0789 -0.7049
vn -0.9228 0.0956 -0.3733
vn -0.9373 0.0871 0.3374
vn -0.7059 0.0592 0.7059
vn -0.3700 0.0777 0.9258
vn 0.3325 0.0789 0.9398
vn 0.7059 0.0592 0.7059
vn 0.9266 0.0856 0.3661
vn 0.9399 0.0966 -0.3275
vn 0.7048 0.0814 -0.7048
vn 0.4152 0.1044 -0.9037
vn -0.3726 0.1065 -0.9219
vn -0.7048 0.0814 -0.7048
vn -0.9029 0.0973 -0.4187
vn -0.9220 0.0877 0.3771
vn -0.7058 0.0611 0.7058
vn -0.4161 0.0785 0.9059
vn 0.3724 0.0801 0.9246
vn 0.7058 0.0611 0.7058
vn 0.9069 0.0857 0.4126
vn 0.9246 0.0987 -0.3679
vn 0.7057 0.0638 -0.7057
vn 0.4573 0.0800 -0.8857
vn -0.4205 0.0817 -0.9036
vn -0.7057 0.0638 -0.7057
vn -0.8848 0.0752 -0.4598
vn -0.9035 0.0667 0.4233
vn -0.7063 0.0479 0.7063
vn -0.4583 0.0601 0.8868
vn 0.4201 0.0614 0.9054
vn 0.7063 0.0479 0.7063
vn 0.8877 0.0650 0.4559
vn 0.9055 0.0763 -0.4173
vn 0.7038 0.0973 -0.7038
vn 0.5407 0.1152 -0.8333
vn -0.5060 0.1181 -0.8544
vn -0.7393 0.0922 -0.6671
vn -0.7025 0.1142 -0.7025
vn -0.8260 0.1331 -0.5477
vn -0.8798 0.1370 0.4552
vn -0.7116 0.1093 0.6941
vn -0.7033 0.1039 0.7033
vn -0.5541 0.1217 0.8235
vn 0.5219 0.1247 0.8438
vn 0.7518 0.0964 0.6523
vn 0.7015 0.1252 0.7015
vn 0.8220 0.1479 0.5500
vn 0.9125 0.1687 -0.3728
vn 0.7717 0.1440 -0.6195
vn 0.7709 0.1505 -0.6189
vn 0.0080 1.0000 -0.0007
vn -0.7328 0.1608 -0.6612
vn 0.0080 1.0000 -0.0006
vn -0.7062 0.1641 0.6888
vn 0.7463 0.1543 0.6475
vn 0.0081 1.0000 -0.0007
vn 0.7070 0.0150 -0.7070
vn 0.3081 0.0202 -0.9511
vn -0.3020 0.0202 -0.9531
vn -0.7070 0.0150 -0.7070
vn -0.9509 0.0185 -0.3090
vn -0.9529 0.0169 0.3029
vn -0.7071 0.0113 0.7071
vn -0.7071 0.0112 0.7071
vn -0.3081 0.0151 0.9512
vn 0.3020 0.0152 0.9532
vn 0.7071 0.0112 0.7071
vn 0.9515 0.0168 0.3072
vn 0.9534 0.0185 -0.3010
vn -0.7395 0.0890 0.6672
vn -0.8257 0.0896 0.5569
vn -0.9934 -0.0380 -0.1081
vn -0.0436 0.0660 0.9969
vn -0.9710 -0.0545 0.2329
vn 0.2578 0.0755 0.9633
vn -0.7622 0.1501 0.6298
vn -0.8200 0.0628 0.5689
vn -0.9780 -0.1959 0.0719
vn 0.0086 0.0050 1.0000
vn -0.9903 0.0756 0.1167
vn 0.3948 -0.1309 0.9094
vn -0.8993 0.3613 -0.2466
vn -0.7945 0.5585 0.2383
vn -0.6384 0.6007 0.4813
vn -0.1938 0.5365 0.8213
vn -0.1142 0.2906 0.9500
vn 0.2875 0.1655 0.9434
vn 0.6027 0.0294 0.7974
vn 0.8595 -0.1310 0.4940
vn 0.8449 -0.4449 0.2969
vn 0.8728 -0.4779 -0.0994
vn 0.6877 -0.4004 -0.6056
vn 0.4001 -0.2568 -0.8797
vn 0.0663 -0.3317 -0.9410
vn -0.2679 -0.0634 -0.9613
vn -0.5234 0.1844 -0.8319
vn -0.7343 0.4539 -0.5048
vn -0.7271 0.4657 -0.5044
vn -0.8000 0.5970 -0.0594
vn -0.6949 0.5960 0.4024
vn -0.4177 0.4515 0.7884
vn -0.3964 0.2931 0.8700
vn -0.0490 0.1257 0.9909
vn 0.4173 -0.1247 0.9002
vn 0.7072 -0.3009 0.6398
vn 0.7197 -0.4613 0.5188
vn 0.8530 -0.4983 0.1551
vn 0.7961 -0.4023 -0.4520
vn 0.5814 -0.2470 -0.7752
vn 0.3821 -0.2830 -0.8798
vn 0.0725 -0.0217 -0.9971
vn -0.3116 0.2934 -0.9038
vn -0.5946 0.5171 -0.6157
vn -0.3838 0.7609 -0.5232
vn -0.5506 0.7862 -0.2805
vn -0.6888 0.3393 0.6407
vn -0.5530 0.0670 0.8305
vn -0.5663 0.2690 0.7791
vn -0.3766 0.0469 0.9252
vn 0.3457 -0.5619 0.7515
vn 0.5678 -0.6753 0.4706
vn 0.5508 -0.5801 0.6001
vn 0.7541 -0.5900 0.2887
vn 0.7805 -0.2823 -0.5577
vn 0.5535 -0.0327 -0.8322
vn 0.6942 -0.0492 -0.7181
vn 0.4838 0.1982 -0.8525
vn -0.2611 0.6612 -0.7033
vn -0.5528 0.7075 -0.4403
vn -0.2776 0.9194 -0.2786
vn -0.3891 0.9183 -0.0724
vn -0.5213 0.1358 0.8425
vn -0.4302 -0.1201 0.8947
vn -0.4352 0.2039 0.8769
vn -0.3507 -0.0029 0.9365
vn 0.3042 -0.8703 0.3874
vn 0.4048 -0.9002 0.1607
vn 0.4037 -0.8336 0.3769
vn 0.5358 -0.8367 0.1134
vn 0.5473 -0.2089 -0.8104
vn 0.3825 0.0995 -0.9186
vn 0.5633 -0.0198 -0.8260
vn 0.4057 0.2774 -0.8709
vn -0.2590 0.8648 -0.4302
vn -0.4505 0.8789 -0.1565
vn -0.3777 0.9185 -0.1173
vn -0.4469 0.8923 0.0638
vn -0.4427 0.0890 0.8922
vn -0.3367 -0.1698 0.9262
vn -0.3535 -0.0568 0.9337
vn -0.2550 -0.2065 0.9446
vn 0.4193 -0.8316 0.3642
vn 0.5250 -0.8413 0.1287
vn 0.5132 -0.8292 0.2215
vn 0.6124 -0.7888 0.0525
vn 0.6144 0.0065 -0.7890
vn 0.4462 0.2703 -0.8532
vn 0.5142 0.2140 -0.8305
vn 0.4187 0.3909 -0.8197
vn -0.1900 0.9163 -0.3525
vn -0.3558 0.9246 -0.1360
vn -0.2805 0.9556 -0.0903
vn 0.7292 0.4306 0.5318
vn -0.3501 -0.1791 0.9194
vn 0.5750 -0.8022 0.1608
vn 0.5606 0.3520 -0.7496
vn 0.7293 0.4305 0.5318
vn -0.8984 0.4007 -0.1799
vn -0.8131 0.5014 0.2957
vn -0.5235 0.4785 0.7050
vn -0.0889 0.3295 0.9399
vn -0.0712 0.2691 0.9605
vn 0.3716 0.0965 0.9233
vn 0.7259 -0.0954 0.6811
vn 0.9234 -0.2718 0.2711
vn 0.8882 -0.4208 0.1847
vn 0.8383 -0.4730 -0.2713
vn 0.5224 -0.3947 -0.7558
vn 0.1308 -0.2307 -0.9642
vn 0.0824 -0.2467 -0.9656
vn -0.3153 -0.0141 -0.9489
vn -0.6952 0.2626 -0.6692
vn -0.8592 0.4420 -0.2576
vn 0.5177 -0.8249 0.2269
vn 0.4399 -0.8525 0.2824
vn -0.1096 -0.8722 0.4768
vn 0.6632 -0.3806 -0.6445
vn 0.1683 -0.6779 0.7156
vn 0.3545 -0.4802 -0.8024
vn 0.5016 -0.8487 0.1679
vn 0.4346 -0.8590 0.2704
vn -0.1175 -0.7139 0.6904
vn 0.7099 -0.3605 -0.6051
vn 0.1311 -0.8830 0.4507
vn 0.6748 -0.2613 -0.6902
vn -0.8472 0.5242 0.0866
vn -0.5164 -0.8507 0.0984
vn 0.8472 -0.5242 -0.0866
vn -0.5163 -0.8507 0.0983
vn 0.5163 0.8507 -0.0984
vn 0.5164 0.8507 -0.0984
vn 0.5164 0.8507 -0.0983
vn -0.1252 -0.0385 -0.9914
vn 0.1252 0.0385 0.9914
vn 0.5164 0.8507 -0.0982
vn -0.5164 -0.8507 0.0983
vn -0.4036 0.1405 -0.9041
vn -0.5163 -0.8507 0.0982
vn 0.4036 -0.1405 0.9041
vn -0.5163 -0.8508 0.0983
vn 0.7553 -0.5065 -0.4159
vn -0.7553 0.5065 0.4159
vn -0.8831 0.3316 -0.3320
vn -0.9724 0.2298 -0.0408
vn -0.7630 0.2339 -0.6025
vn -0.5657 0.2138 0.7964
vn 0.4659 0.8849 0.0020
vn 0.4659 0.8848 0.0020
vn 0.2301 -0.1681 -0.9585
vn 0.6735 -0.1555 0.7227
vn 0.5917 0.1006 -0.7999
vn 0.2888 0.1663 0.9429
vn 0.9293 0.1934 -0.3146
vn 0.6874 0.4122 -0.5981
vn -0.6671 -0.6214 0.4110
vn -0.7018 -0.5378 0.4672
vn 0.6781 0.6442 -0.3538
vn -0.5309 -0.3600 0.7672
vn 0.4695 0.5293 0.7068
vn 0.4972 0.6163 -0.6108
vn -0.6202 -0.4235 -0.6603
vn -0.7233 0.6906 -0.0006
vn 0.6996 -0.1053 -0.7067
vn 0.7528 -0.0423 -0.6569
vn 0.0001 1.0000 -0.0001
vn -0.8301 0.1322 0.5418
vn 0.3312 0.0918 0.9391
vn 0.6987 0.1541 -0.6987
vn 0.3577 0.1849 -0.9154
vn -0.3352 0.1661 -0.9274
vn -0.6985 0.1130 -0.7066
vn -0.7030 0.1073 -0.7030
vn -0.9274 0.0694 -0.3677
vn -0.9310 -0.0249 0.3643
vn -0.6918 -0.0761 0.7181
vn -0.7060 -0.0566 0.7060
vn -0.2890 -0.0565 0.9557
vn 0.2718 -0.0399 0.9615
vn 0.7103 -0.0137 0.7037
vn 0.7071 -0.0090 0.7071
vn 0.9526 0.0605 0.2982
vn 0.9545 0.1239 -0.2714
vn 0.6934 0.1464 -0.7055
vn 0.6859 0.2592 -0.6799
vn 0.4165 0.3189 -0.8514
vn -0.3587 0.3184 -0.8775
vn -0.6649 0.2505 -0.7037
vn -0.6720 0.2431 -0.6995
vn -0.8804 0.1842 -0.4371
vn -0.8976 -0.0596 0.4368
vn -0.6705 -0.1563 0.7252
vn -0.6922 -0.1264 0.7106
vn -0.2663 -0.1611 0.9503
vn 0.2389 -0.1563 0.9584
vn 0.7039 -0.1081 0.7020
vn 0.7001 -0.1027 0.7067
vn 0.9534 0.0262 0.3007
vn 0.9526 0.1655 -0.2552
vn 0.6733 0.2466 -0.6971
vn 0.6724 0.1809 -0.7178
vn 0.4352 0.2700 -0.8589
vn -0.3367 0.3824 -0.8605
vn -0.6154 0.3608 -0.7008
vn -0.6263 0.3532 -0.6950
vn -0.8223 0.3436 -0.4536
vn -0.8844 0.1239 0.4500
vn -0.6768 -0.0078 0.7361
vn -0.6591 -0.0380 0.7511
vn -0.2884 -0.1247 0.9494
vn 0.2658 -0.2015 0.9427
vn 0.6794 -0.2176 0.7007
vn 0.6766 -0.2133 0.7048
vn 0.9338 -0.1098 0.3404
vn 0.9597 0.0689 -0.2726
vn 0.6956 0.1942 -0.6916
vn 0.6475 -0.0540 -0.7602
vn 0.4355 0.0731 -0.8972
vn -0.3114 0.3769 -0.8723
vn -0.5629 0.4337 -0.7036
vn -0.5782 0.4286 -0.6943
vn -0.7443 0.4856 -0.4585
vn -0.8135 0.3887 0.4326
vn -0.6451 0.2506 0.7218
vn -0.6177 0.1837 0.7646
vn -0.3512 0.0556 0.9347
vn 0.3238 -0.2252 0.9189
vn 0.6303 -0.3322 0.7017
vn 0.6304 -0.3323 0.7016
vn 0.8574 -0.3240 0.3999
vn 0.9286 -0.1753 -0.3271
vn 0.7221 -0.0356 -0.6908
vn 0.5946 -0.3130 -0.7406
vn 0.4708 -0.1904 -0.8615
vn -0.3131 0.4238 -0.8499
vn -0.5096 0.5406 -0.6694
vn -0.4809 0.5373 -0.6928
vn -0.5669 0.6282 -0.5329
vn -0.6083 0.6553 0.4478
vn -0.4904 0.5222 0.6977
vn -0.4816 0.4964 0.7223
vn -0.3540 0.4147 0.8383
vn 0.4776 -0.2394 0.8453
vn 0.6459 -0.4041 0.6477
vn 0.6224 -0.3455 0.7023
vn 0.7392 -0.3936 0.5465
vn 0.8532 -0.3983 -0.3367
vn 0.7298 -0.3224 -0.6028
vn 0.6267 -0.4678 -0.6233
vn 0.7461 0.6658 -0.0006
vn -0.3771 0.6555 -0.6543
vn 0.7462 0.6657 -0.0006
vn -0.3573 0.6385 0.6817
vn 0.6126 -0.4465 0.6522
vn 0.7462 0.6657 -0.0007
vn 0.6951 -0.0839 -0.7140
vn 0.2578 -0.0927 -0.9618
vn -0.2664 -0.0769 -0.9608
vn -0.7065 -0.0413 -0.7065
vn -0.7076 -0.0428 -0.7053
vn -0.9637 0.0229 -0.2660
vn -0.9633 0.0837 0.2551
vn -0.7019 0.1213 0.7019
vn -0.6937 0.1101 0.7118
vn -0.3319 0.1273 0.9347
vn 0.3405 0.1071 0.9341
vn 0.7055 0.0675 0.7055
vn 0.7046 0.0688 0.7062
vn 0.9405 0.0335 0.3381
vn 0.9429 -0.0311 -0.3316
vn 0.7055 -0.0674 -0.7055
vn -0.4341 0.6046 0.6679
vn -0.4975 0.6721 0.5485
vn -0.7124 0.6956 -0.0925
vn 0.0140 0.0652 0.9978
vn -0.7129 0.6758 0.1873
vn 0.2249 -0.1455 0.9634
vn -0.4001 0.6670 0.6286
vn -0.5351 0.6209 0.5729
vn -0.8029 0.5930 0.0607
vn 0.0092 -0.0028 1.0000
vn -0.7116 0.6777 0.1853
vn 0.2202 -0.3046 0.9267
vn -0.0001 -1.0000 -0.0001
vn -0.0001 1.0000 0.0001
vn -0.2417 -0.1327 -0.9612
vn -0.6876 0.0414 -0.7249
vn -0.8535 0.1341 -0.5035
vn -0.9608 0.2756 0.0312
vn -0.9619 0.0949 0.2564
vn -0.7645 0.1965 0.6139
vn -0.4753 0.2579 0.8412
vn -0.0633 0.2838 0.9568
vn 0.2051 0.0286 0.9783
vn 0.5700 0.0539 0.8199
vn 0.9142 0.0740 0.3984
vn 0.9971 0.0746 -0.0158
vn 0.9497 -0.1555 -0.2720
vn 0.7540 -0.0978 -0.6495
vn 0.4647 -0.0316 -0.8849
vn 0.0137 0.0565 -0.9983
vn 0.0123 0.0704 -0.9974
vn -0.4441 0.1006 -0.8903
vn -0.8048 0.1087 -0.5835
vn -0.9883 0.0909 -0.1223
vn -0.9992 -0.0409 -0.0010
vn -0.9189 -0.0158 0.3943
vn -0.5833 0.0209 0.8120
vn -0.1911 0.0463 0.9805
vn -0.0290 -0.0718 0.9970
vn 0.3486 0.0013 0.9373
vn 0.8223 0.1132 0.5577
vn 0.9712 0.1663 0.1708
vn 0.9989 0.0430 -0.0190
vn 0.8990 0.1170 -0.4220
vn 0.5707 0.1775 -0.8017
vn 0.1416 0.1933 -0.9709
vn 0.0604 0.5006 -0.8636
vn -0.2208 0.4122 -0.8840
vn -0.9250 -0.1300 -0.3570
vn -0.9495 -0.3102 -0.0479
vn -0.9761 -0.1402 -0.1663
vn -0.9589 -0.2455 0.1424
vn -0.3380 -0.3733 0.8639
vn 0.0260 -0.3276 0.9445
vn -0.1238 -0.2681 0.9554
vn 0.2257 -0.1409 0.9640
vn 0.8688 0.2177 0.4447
vn 0.9399 0.3398 0.0333
vn 0.8991 0.3872 0.2042
vn 0.8557 0.5022 -0.1251
vn 0.2953 0.4968 -0.8161
vn -0.0573 0.3597 -0.9313
vn -0.1638 0.6662 -0.7275
vn -0.3841 0.5874 -0.7123
vn -0.9706 -0.2365 -0.0459
vn -0.8978 -0.4123 0.1548
vn -0.9905 -0.1375 0.0092
vn -0.9426 -0.2756 0.1883
vn 0.0633 -0.6214 0.7809
vn 0.3075 -0.5725 0.7601
vn 0.0977 -0.5377 0.8374
vn 0.3768 -0.4462 0.8117
vn 0.9765 0.1845 0.1117
vn 0.9074 0.3725 -0.1948
vn 0.9340 0.3552 0.0386
vn 0.8164 0.5310 -0.2268
vn -0.0074 0.6442 -0.7648
vn -0.3212 0.5305 -0.7845
vn -0.3409 0.5978 -0.7255
vn -0.5153 0.5221 -0.6796
vn -0.9689 -0.2406 0.0581
vn -0.8738 -0.4094 0.2626
vn -0.9236 -0.3227 0.2069
vn -0.8471 -0.4003 0.3496
vn 0.1139 -0.5267 0.8424
vn 0.3610 -0.4573 0.8128
vn 0.2721 -0.4622 0.8440
vn 0.4426 -0.3600 0.8213
vn 0.9124 0.4003 0.0852
vn 0.8185 0.5442 -0.1840
vn 0.8428 0.5293 -0.0974
vn 0.7397 0.6293 -0.2384
vn -0.0658 0.7161 -0.6949
vn -0.3185 0.6162 -0.7203
vn -0.3400 0.6770 -0.6527
vn -0.3289 0.6906 0.6441
vn -0.8699 -0.4236 0.2528
vn 0.3390 -0.4013 0.8509
vn -0.3290 0.6906 0.6441
vn 0.7448 0.6626 -0.0789
vn -0.3290 0.6906 0.6440
vn -0.3121 -0.1053 -0.9442
vn -0.7256 -0.0224 -0.6878
vn -0.9644 0.0675 -0.2556
vn -0.9565 0.1420 0.2549
vn -0.9478 0.0977 0.3034
vn -0.6930 0.1832 0.6972
vn -0.2873 0.2268 0.9306
vn 0.2002 0.2189 0.9550
vn 0.3106 0.0825 0.9469
vn 0.7045 0.0571 0.7074
vn 0.9807 0.0083 0.1955
vn 0.9608 -0.0340 -0.2752
vn 0.9491 -0.0724 -0.3065
vn 0.7093 -0.0815 -0.7001
vn 0.2336 -0.0698 -0.9698
vn -0.2436 -0.0423 -0.9690
vn 0.2677 -0.4567 0.8484
vn 0.1994 -0.5259 0.8269
vn -0.1687 -0.8454 0.5068
vn 0.9322 0.0820 0.3525
vn -0.3354 -0.5601 0.7575
vn 0.9861 -0.1466 0.0786
vn 0.3206 -0.4795 0.8169
vn 0.2100 -0.5329 0.8197
vn -0.4088 -0.7358 0.5399
vn 0.9090 0.1193 0.3994
vn -0.0523 -0.7277 0.6839
vn 0.9371 0.1940 0.2901
vn -0.5645 -0.0000 -0.8254
vn 0.5645 -0.0000 0.8254
vn 0.8254 -0.0000 -0.5645
vn -0.8254 -0.0000 0.5645
vn 0.5866 -0.0000 -0.8098
vn -0.5867 -0.0000 0.8098
vn 0.8098 -0.0000 0.5867
vn -0.8098 -0.0000 -0.5867
vn -0.0001 -1.0000 -0.0000
vn -0.7060 0.0562 0.7060
vn -0.3318 0.0748 0.9404
vn 0.3078 0.0755 0.9485
vn 0.7060 0.0562 0.7060
vn 0.9397 0.0688 0.3349
vn 0.9482 0.0629 -0.3115
vn 0.7065 0.0422 -0.7065
vn 0.3319 0.0562 -0.9416
vn -0.3079 0.0567 -0.9497
vn -0.7065 0.0422 -0.7065
vn -0.9423 0.0624 -0.3289
vn -0.9501 0.0692 0.3041
vn -0.7049 0.0789 0.7049
vn -0.3694 0.1033 0.9235
vn 0.3325 0.1049 0.9373
vn 0.7049 0.0789 0.7049
vn 0.9228 0.0956 0.3733
vn 0.9373 0.0871 -0.3374
vn 0.7059 0.0592 -0.7059
vn 0.3700 0.0777 -0.9258
vn -0.3325 0.0789 -0.9398
vn -0.7059 0.0592 -0.7059
vn -0.9266 0.0856 -0.3661
vn -0.9399 0.0966 0.3275
vn -0.7048 0.0814 0.7048
vn -0.4152 0.1044 0.9037
vn 0.3726 0.1065 0.9219
vn 0.7048 0.0814 0.7048
vn 0.9029 0.0973 0.4187
vn 0.9220 0.0877 -0.3771
vn 0.7058 0.0611 -0.7058
vn 0.4161 0.0785 -0.9059
vn -0.3724 0.0801 -0.9246
vn -0.7058 0.0611 -0.7058
vn -0.9069 0.0857 -0.4126
vn -0.9246 0.0987 0.3679
vn -0.7057 0.0638 0.7057
vn -0.4574 0.0800 0.8857
vn 0.4205 0.0817 0.9036
vn 0.7057 0.0638 0.7057
vn 0.8848 0.0752 0.4598
vn 0.9035 0.0667 -0.4233
vn 0.7063 0.0479 -0.7063
vn 0.4583 0.0601 -0.8868
vn -0.4201 0.0614 -0.9054
vn -0.7063 0.0479 -0.7063
vn -0.8877 0.0650 -0.4559
vn -0.9055 0.0763 0.4174
vn -0.7038 0.0973 0.7038
vn -0.5407 0.1152 0.8333
vn 0.5060 0.1181 0.8544
vn 0.7393 0.0922 0.6671
vn 0.7025 0.1142 0.7025
vn 0.8260 0.1331 0.5477
vn 0.8798 0.1370 -0.4552
vn 0.7116 0.1093 -0.6941
vn 0.7033 0.1039 -0.7033
vn 0.5541 0.1217 -0.8235
vn -0.5219 0.1247 -0.8438
vn -0.7518 0.0964 -0.6523
vn -0.7015 0.1252 -0.7015
vn -0.8220 0.1479 -0.5500
vn -0.9125 0.1687 0.3728
vn -0.7717 0.1440 0.6195
vn -0.7709 0.1505 0.6189
vn -0.0081 1.0000 0.0006
vn 0.7328 0.1608 0.6612
vn -0.0081 1.0000 0.0005
vn 0.7062 0.1641 -0.6888
vn -0.7463 0.1543 -0.6475
vn -0.0081 1.0000 0.0007
vn -0.7070 0.0150 0.7070
vn -0.3081 0.0202 0.9511
vn 0.3020 0.0202 0.9531
vn 0.7070 0.0150 0.7070
vn 0.9509 0.0185 0.3090
vn 0.9529 0.0169 -0.3029
vn 0.7071 0.0112 -0.7071
vn 0.3081 0.0151 -0.9512
vn -0.3020 0.0152 -0.9532
vn -0.7071 0.0112 -0.7071
vn -0.9515 0.0168 -0.3072
vn -0.9534 0.0185 0.3010
vn 0.7395 0.0890 -0.6672
vn 0.8257 0.0896 -0.5569
vn 0.9934 -0.0380 0.1081
vn 0.0436 0.0660 -0.9969
vn 0.9710 -0.0545 -0.2329
vn -0.2578 0.0755 -0.9633
vn 0.7622 0.1501 -0.6298
vn 0.8200 0.0628 -0.5689
vn 0.9780 -0.1959 -0.0719
vn -0.0086 0.0050 -1.0000
vn 0.9903 0.0756 -0.1167
vn -0.3948 -0.1309 -0.9094
vn 0.9309 -0.1327 0.3404
vn 0.9861 0.0414 -0.1612
vn 0.8962 0.1341 -0.4230
vn 0.5142 0.2756 -0.8122
vn 0.3286 0.0949 -0.9397
vn -0.0780 0.1965 -0.9774
vn -0.4286 0.2579 -0.8659
vn -0.7558 0.2838 -0.5901
vn -0.9244 0.0286 -0.3803
vn -0.9985 0.0539 0.0106
vn -0.8434 0.0740 0.5322
vn -0.5474 0.0746 0.8335
vn -0.3088 -0.1555 0.9383
vn 0.1134 -0.0978 0.9887
vn 0.4706 -0.0316 0.8818
vn 0.8180 0.0565 0.5725
vn 0.8181 0.0704 0.5708
vn 0.9860 0.1006 0.1331
vn 0.9350 0.1087 -0.3376
vn 0.6567 0.0909 -0.7487
vn 0.5624 -0.0409 -0.8258
vn 0.1904 -0.0158 -0.9816
vn -0.3437 0.0209 -0.9388
vn -0.7035 0.0463 -0.7092
vn -0.8083 -0.0718 -0.5843
vn -0.9711 0.0013 -0.2385
vn -0.9235 0.1132 0.3666
vn -0.6871 0.1663 0.7073
vn -0.5457 0.0430 0.8368
vn -0.1563 0.1170 0.9808
vn 0.3423 0.1775 0.9227
vn 0.7234 0.1934 0.6628
vn 0.6803 0.5006 0.5354
vn 0.8552 0.4122 0.3142
vn 0.8152 -0.1300 -0.5644
vn 0.5733 -0.3102 -0.7583
vn 0.6862 -0.1402 -0.7138
vn 0.4212 -0.2455 -0.8731
vn -0.5246 -0.3733 -0.7651
vn -0.7958 -0.3276 -0.5093
vn -0.7206 -0.2681 -0.6394
vn -0.9241 -0.1409 -0.3551
vn -0.8562 0.2177 0.4686
vn -0.5559 0.3398 0.7587
vn -0.6743 0.3872 0.6288
vn -0.3775 0.5022 0.7780
vn 0.5090 0.4968 0.7029
vn 0.8025 0.3597 0.4761
vn 0.6938 0.6662 0.2734
vn 0.8050 0.5874 0.0827
vn 0.5835 -0.2365 -0.7769
vn 0.3766 -0.4123 -0.8296
vn 0.5491 -0.1375 -0.8244
vn 0.3741 -0.2756 -0.8855
vn -0.6815 -0.6214 -0.3866
vn -0.8014 -0.5725 -0.1729
vn -0.7475 -0.5377 -0.3899
vn -0.8832 -0.4462 -0.1446
vn -0.6413 0.1845 0.7448
vn -0.3489 0.3725 0.8599
vn -0.5569 0.3552 0.7508
vn -0.2713 0.5310 0.8027
vn 0.6368 0.6442 0.4238
vn 0.8294 0.5305 0.1753
vn 0.7917 0.5978 0.1259
vn 0.8518 0.5221 -0.0442
vn 0.4966 -0.2406 -0.8340
vn 0.2739 -0.4093 -0.8703
vn 0.3480 -0.3226 -0.8802
vn 0.1870 -0.4003 -0.8971
vn -0.7607 -0.5268 -0.3793
vn -0.8751 -0.4573 -0.1583
vn -0.8510 -0.4622 -0.2494
vn -0.9281 -0.3599 -0.0956
vn -0.5833 0.4003 0.7067
vn -0.3079 0.5442 0.7804
vn -0.3932 0.5293 0.7519
vn -0.2186 0.6293 0.7458
vn 0.6117 0.7161 0.3362
vn 0.7747 0.6162 0.1415
vn 0.7310 0.6770 0.0856
vn -0.3478 0.6905 -0.6342
vn 0.2798 -0.4236 -0.8616
vn -0.3478 0.6906 -0.6341
vn -0.8943 -0.4013 -0.1979
vn -0.3533 0.6626 0.6604
vn -0.3479 0.6905 -0.6342
vn 0.9563 -0.1053 0.2726
vn 0.9767 -0.0224 -0.2135
vn 0.7535 0.0675 -0.6540
vn 0.3268 0.1420 -0.9344
vn 0.2818 0.0977 -0.9545
vn -0.1871 0.1832 -0.9651
vn -0.6082 0.2267 -0.7607
vn -0.9024 0.2189 -0.3712
vn -0.9578 0.0825 -0.2753
vn -0.9811 0.0571 0.1851
vn -0.7129 0.0083 0.7012
vn -0.3125 -0.0340 0.9493
vn -0.2800 -0.0724 0.9573
vn 0.1804 -0.0815 0.9802
vn 0.6708 -0.0698 0.7384
vn 0.9383 -0.0423 0.3432
vn -0.8521 -0.4567 -0.2554
vn -0.7960 -0.5259 -0.2999
vn -0.3243 -0.8454 -0.4244
vn -0.8155 0.0820 0.5729
vn -0.4380 -0.5601 -0.7031
vn -0.6193 -0.1466 0.7714
vn -0.8558 -0.4795 -0.1941
vn -0.7960 -0.5329 -0.2871
vn -0.2168 -0.7358 -0.6416
vn -0.8412 0.1193 0.5273
vn -0.5362 -0.7277 -0.4277
vn -0.7667 0.1940 0.6121
vn 1.0000 -0.0000 -0.0029
vn -1.0000 -0.0000 0.0029
vn 0.0029 -0.0000 1.0000
vn -0.0029 -0.0000 -1.0000
vn 0.3401 -0.0000 0.9404
vn -0.3401 -0.0000 -0.9404
vn -0.9404 -0.0000 0.3401
vn 0.9404 -0.0000 -0.3401
vn 0.0001 1.0000 0.0001
vn 0.0641 -0.7838 -0.6177
vn 0.8792 -0.4686 0.0862
vn 0.7518 -0.6265 -0.2055
vn 0.3501 -0.0275 0.9363
vn -0.6864 -0.0373 0.7262
vn -0.0513 -0.0615 0.9968
vn 0.0775 0.9250 -0.3720
vn -0.5757 -0.0025 -0.8177
vn -0.8710 0.4593 0.1744
vn 0.0352 0.6466 0.7620
vn 0.5563 -0.0996 -0.8250
vn 0.9423 0.2947 0.1590
vn 0.7635 -0.3339 -0.5528
vn 0.1123 0.5328 0.8387
vn 0.8922 -0.1895 -0.4099
vn -0.9486 -0.2035 -0.2422
vn 0.1721 0.5981 0.7827
vn -0.9585 -0.1622 -0.2344
vn -0.7009 -0.5453 -0.4597
vn -0.8615 -0.4817 -0.1608
vn 0.5834 0.5734 -0.5752
vn -0.1169 0.3596 -0.9257
vn -0.0302 0.8242 -0.5654
vn 0.4823 0.8746 0.0502
vn -0.6625 0.6839 -0.3055
vn -0.1551 0.9643 0.2146
vn -0.3737 -0.2888 0.8814
vn 0.2682 0.4246 0.8647
vn -0.8232 0.1283 0.5531
vn 0.7716 -0.5542 0.3122
vn 0.9950 0.0284 0.0961
vn 0.3985 -0.5398 -0.7415
vn -0.3438 -0.8783 -0.3322
vn -0.7454 -0.4719 -0.4708
vn 0.7563 0.6082 -0.2410
vn 0.3517 0.2579 -0.8999
vn -0.5125 0.3539 -0.7824
vn 0.2543 0.9102 0.3268
vn -0.6336 0.7705 0.0702
vn 0.5010 0.7375 -0.4530
vn -0.2870 0.6816 -0.6731
vn 0.0013 1.0000 -0.0014
vn 0.5878 0.7047 0.3973
vn -0.7591 0.6475 0.0672
vn -0.1880 0.6741 0.7143
vn -0.3355 -0.6260 0.7039
vn 0.4267 -0.0780 0.9010
vn -0.7354 -0.0973 0.6706
vn 0.7690 -0.6323 -0.0942
vn 0.9953 -0.0780 -0.0569
vn 0.2910 -0.0787 -0.9535
vn -0.4782 -0.6253 -0.6167
vn -0.8300 -0.0919 -0.5501
vn 0.6888 0.7242 -0.0320
vn 0.2196 0.6967 -0.6829
vn -0.5900 0.6832 -0.4304
vn 0.3077 0.7038 0.6403
vn -0.5610 0.6594 0.5004
vn -0.0275 -0.3980 -0.9170
vn 0.9066 -0.3473 -0.2399
vn 0.7482 -0.3487 -0.5644
vn 0.5060 -0.3343 0.7951
vn -0.5664 -0.3231 0.7581
vn 0.1157 -0.4248 0.8979
vn 0.0009 0.9998 0.0220
vn -0.7002 0.2875 -0.6536
vn -0.8343 0.2888 0.4695
vn 0.1526 0.2911 0.9445
vn 0.4144 0.2860 -0.8640
vn 0.9509 0.2821 0.1276
vn 0.6957 0.0036 -0.7183
vn 0.2703 0.0024 0.9628
vn 0.7266 0.0229 -0.6867
vn -0.9665 0.0241 -0.2554
vn 0.2449 0.0235 0.9693
vn -0.9919 0.0043 -0.1271
vn -0.8146 -0.2581 -0.5194
vn -0.8996 -0.3753 -0.2232
vn -0.5691 0.0743 -0.8189
vn 0.1155 -0.7816 -0.6130
vn 0.0589 -0.5420 -0.8383
vn 0.0470 -0.8535 0.5189
vn -0.5836 -0.1578 0.7966
vn -0.2551 -0.6770 0.6904
vn 0.8714 0.4832 0.0851
vn -0.1970 0.9305 -0.3087
vn -0.1024 0.6154 0.7816
vn 0.4836 -0.2752 0.8309
vn 0.3624 0.1962 -0.9111
vn 0.7913 -0.5730 -0.2133
vn 0.4622 0.0137 -0.8867
vn 0.3029 -0.4613 0.8339
vn 0.5263 0.1004 -0.8443
vn -0.9156 0.3986 0.0527
vn 0.2821 -0.3844 0.8790
vn -0.8593 0.4721 0.1968
vn -0.8742 0.4025 -0.2717
vn -0.9396 0.3351 0.0694
vn 0.8717 0.3493 -0.3439
vn 0.3989 0.7867 -0.4712
vn 0.4490 0.8508 0.2731
vn 0.9790 0.0863 0.1845
vn 0.0903 0.8971 0.4325
vn 0.6504 0.2366 0.7218
vn -0.2918 -0.8601 0.4184
vn 0.4117 -0.5510 0.7259
vn -0.6596 -0.1062 0.7441
vn 0.7401 -0.5142 -0.4334
vn 0.8686 -0.3554 -0.3454
vn 0.0139 0.1963 -0.9804
vn -0.5839 -0.4130 -0.6989
vn -0.8917 0.3540 -0.2821
vn 0.9801 -0.0049 -0.1982
vn 0.5104 0.5826 -0.6325
vn -0.0328 0.9962 -0.0811
vn 0.7761 -0.0006 0.6306
vn 0.1034 0.6130 0.7833
vn 0.9318 -0.1660 0.3227
vn 0.4211 -0.7879 -0.4492
vn 0.5644 -0.8120 -0.1489
vn -0.2162 -0.0088 -0.9763
vn -0.0202 0.8437 -0.5364
vn -0.1202 0.3651 -0.9232
vn -0.8011 -0.3042 0.5155
vn 0.1882 0.2746 0.9430
vn -0.5081 0.8293 0.2326
vn -0.8404 0.1503 -0.5207
vn 0.2545 -0.7671 0.5889
vn -0.3795 -0.8628 -0.3339
vn 0.1931 -0.8838 0.4262
vn -0.6728 0.1942 -0.7138
vn 0.1032 -0.8621 0.4961
vn 0.6034 0.7653 0.2240
vn -0.6976 0.2675 -0.6647
vn 0.4586 0.8556 0.2402
vn 0.7721 0.5218 0.3627
vn 0.6220 0.7672 0.1566
vn -0.5131 -0.6456 0.5656
vn -0.1442 -0.2653 0.9533
vn -0.6546 0.2303 0.7200
vn -0.8795 -0.4580 0.1292
vn -0.4861 0.5813 0.6526
vn -0.9855 0.1694 0.0087
vn 0.1069 0.1340 -0.9852
vn -0.6744 0.0182 -0.7381
vn 0.0621 0.8760 -0.4782
vn -0.2137 -0.9564 -0.1989
vn -0.3930 -0.9166 -0.0736
vn 0.5647 -0.5946 0.5724
vn 0.9496 -0.2638 -0.1694
vn 0.8000 0.5071 0.3205
vn -0.6280 -0.7522 0.1997
vn -0.0958 -0.5230 0.8469
vn -0.0897 0.3504 0.9323
vn -0.9861 -0.0629 -0.1541
vn -0.6666 0.7001 0.2559
vn -0.2517 0.4151 0.8742
vn 0.3249 -0.5348 0.7800
vn 0.0419 -0.4139 0.9094
vn 0.9277 -0.3362 -0.1625
vn 0.6882 0.5681 -0.4513
vn 0.9599 0.0344 -0.2782
vn -0.6451 -0.5499 -0.5304
vn -0.8453 0.5343 -0.0005
vn -0.1144 0.4759 -0.8720
vn 0.4510 -0.4250 -0.7849
vn -0.7001 -0.3722 0.6094
vn 0.1152 -0.9839 0.1363
vn -0.5709 -0.5366 0.6214
vn 0.6652 -0.3455 -0.6619
vn -0.6440 -0.5495 0.5322
vn -0.0044 0.9942 0.1072
vn 0.6292 -0.2865 -0.7225
vn -0.0171 0.9978 -0.0636
vn -0.1706 0.9107 0.3762
vn 0.0635 0.9903 0.1232
vn -0.7322 -0.6727 -0.1070
vn -0.9967 -0.0813 0.0003
vn -0.7234 0.0134 -0.6903
vn -0.3073 -0.8036 -0.5097
vn -0.5707 0.3757 -0.7302
vn -0.0762 -0.3662 -0.9274
vn 0.9979 -0.0535 0.0376
vn 0.6538 -0.4971 -0.5705
vn 0.6463 0.6502 -0.3993
vn -0.0179 -0.9458 0.3244
vn -0.1505 -0.9774 0.1487
vn -0.6178 -0.0732 0.7829
vn 0.2105 0.2337 0.9493
vn -0.1295 0.9035 0.4085
vn -0.4085 -0.9016 -0.1423
vn -0.9391 -0.2935 0.1787
vn -0.8484 0.4513 -0.2765
vn 0.0363 -0.5948 -0.8031
vn -0.1791 0.2925 -0.9394
vn -0.3556 0.7664 -0.5349
vn -0.4892 0.0307 -0.8716
vn -0.8925 0.3620 -0.2689
vn -0.5660 0.7702 0.2941
vn -0.8431 -0.4771 -0.2480
vn -0.8873 0.0137 0.4610
vn 0.2301 -0.5917 0.7726
vn -0.0769 0.2994 0.9510
vn -0.3600 -0.7701 0.5267
vn 0.8412 0.4938 0.2202
vn 0.4069 0.9014 0.1482
vn 0.4636 0.3152 -0.8281
vn 0.5992 -0.6228 -0.5031
vn -0.0111 -0.7625 -0.6469
vn -0.4159 0.9040 -0.0988
vn -0.3371 0.5078 -0.7928
vn -0.6642 -0.2689 -0.6975
vn -0.7315 0.4908 0.4733
vn -0.9265 -0.3219 0.1947
vn 0.6352 -0.0988 -0.7660
vn 0.6765 0.7357 0.0311
vn 0.7291 0.6129 -0.3044
vn 0.2109 0.2888 0.9339
vn -0.1316 -0.7012 0.7007
vn 0.1342 -0.1146 0.9843
vn -0.8998 0.3599 -0.2468
vn -0.2758 -0.4970 -0.8228
vn -0.6734 -0.7074 0.2150
vn -0.5082 0.1745 0.8434
vn 0.1492 0.5546 -0.8186
vn 0.0129 0.9758 0.2183
vn 0.4458 0.7032 -0.5539
vn -0.2183 0.1782 0.9595
vn 0.4287 0.7363 -0.5235
vn -0.2513 -0.8701 -0.4240
vn -0.2474 0.1619 0.9553
vn -0.2820 -0.9106 -0.3021
vn 0.1326 -0.8104 -0.5706
vn 0.1170 -0.9545 -0.2744
vn 0.7699 0.6055 -0.2016
vn 0.0660 0.9967 -0.0471
vn 0.5599 0.6703 0.4870
vn 0.9233 0.0014 0.3841
vn -0.2531 0.6659 0.7018
vn 0.3068 0.0573 0.9500
vn -0.5422 -0.7534 0.3720
vn 0.4130 -0.7907 0.4520
vn -0.5788 -0.2324 0.7817
vn 0.2665 -0.6418 -0.7190
vn 0.7666 -0.3768 -0.5200
vn 0.0823 0.4590 -0.8846
vn -0.8148 0.1541 -0.5589
vn -0.7976 0.5960 -0.0929
vn 0.9664 0.2557 0.0260
vn 0.4890 0.8293 -0.2705
vn -0.1531 0.9506 0.2701
vn 0.7215 -0.0548 0.6902
vn -0.0327 0.3214 0.9464
vn -0.3533 0.3372 -0.8726
vn 0.5216 -0.4065 -0.7501
vn 0.3525 -0.1399 -0.9253
vn 0.3223 -0.9226 0.2119
vn -0.5560 -0.5017 0.6627
vn -0.0365 -0.9080 0.4173
vn 0.5622 0.6551 0.5047
vn -0.4911 0.8700 -0.0427
vn -0.4679 0.1924 0.8626
vn 0.3995 -0.4721 0.7859
vn 0.3979 0.6006 -0.6935
vn 0.9531 -0.2390 -0.1855
vn 0.4882 0.2149 -0.8458
vn 0.3369 -0.7200 0.6068
vn 0.5281 0.1961 -0.8262
vn -0.8100 0.5324 0.2459
vn 0.3286 -0.7009 0.6330
vn -0.8267 0.4454 0.3439
vn -0.8741 0.4593 -0.1578
vn -0.9745 0.2198 0.0453
vn 0.5051 -0.2621 -0.8223
vn 0.9888 0.0898 0.1188
vn 0.9646 0.1653 -0.2054
vn 0.2798 -0.3273 0.9025
vn -0.4125 -0.8136 0.4097
vn 0.0379 -0.6115 0.7904
vn -0.4261 0.8996 0.0956
vn -0.4762 0.1464 -0.8670
vn -0.9799 -0.1700 0.1042
vn -0.3636 0.1289 0.9226
vn 0.4644 0.6537 -0.5974
vn 0.5561 0.6464 0.5225
vn 0.5815 0.6919 -0.4280
vn -0.2258 -0.0856 0.9704
vn 0.4879 0.7605 -0.4285
vn -0.3174 -0.7574 -0.5706
vn -0.3129 -0.0985 0.9447
vn -0.4695 -0.7298 -0.4970
vn -0.1022 -0.6220 -0.7763
vn -0.2813 -0.8006 -0.5290
vn -0.0380 0.9931 -0.1107
vn -0.2687 0.7066 -0.6546
vn -0.8185 0.5482 -0.1718
vn -0.2016 0.8685 0.4528
vn -0.9552 0.1825 -0.2328
vn -0.6703 0.4447 0.5940
vn 0.3570 -0.6110 0.7066
vn -0.0882 0.0239 0.9958
vn -0.4142 -0.8549 0.3123
vn 0.6617 0.6795 0.3169
vn 0.4834 0.8119 0.3273
vn 0.5159 0.3535 -0.7804
vn 0.7842 -0.4350 -0.4425
vn -0.0590 -0.6475 -0.7598
vn 0.1238 0.9599 0.2514
vn -0.0107 0.8054 -0.5927
vn -0.6804 0.2466 -0.6901
vn -0.4353 0.5273 0.7297
vn -0.9822 0.0184 0.1872
vn 0.3535 -0.8870 -0.2972
vn 0.8610 -0.2270 0.4552
vn 0.8523 -0.4806 0.2065
vn 0.0413 0.2995 0.9532
vn -0.8678 0.0102 0.4967
vn -0.3511 0.1968 0.9154
vn 0.0702 0.7864 -0.6138
vn -0.2868 -0.3448 -0.8938
vn -0.9333 0.2895 -0.2124
vn -0.2873 0.8181 0.4981
vn 0.7937 -0.1931 -0.5768
vn 0.7998 0.5229 0.2948
vn 0.9340 -0.2959 -0.2003
vn -0.2241 0.7484 0.6242
vn 0.9921 -0.0943 -0.0827
vn -0.7915 -0.4608 -0.4014
vn -0.1587 0.8077 0.5679
vn -0.8086 -0.4220 -0.4100
vn -0.4467 -0.7863 -0.4268
vn -0.6991 -0.6816 -0.2161
vn 0.6550 0.5114 -0.5563
vn 0.1324 0.0657 -0.9890
vn 0.0421 0.6169 -0.7859
vn 0.3262 0.9391 -0.1081
vn -0.6162 0.4177 -0.6677
vn -0.3367 0.9294 -0.1515
vn -0.5896 -0.1171 0.7992
vn -0.0715 0.6874 0.7228
vn -0.9639 0.0900 0.2507
vn 0.7003 -0.2704 0.6607
vn 0.9031 0.2675 0.3359
vn 0.6756 -0.6185 -0.4013
vn -0.1074 -0.9879 -0.1122
vn -0.4945 -0.7300 -0.4718
vn 0.7091 0.6706 -0.2179
vn 0.5785 0.0784 -0.8119
vn -0.2840 0.0130 -0.9587
vn 0.0207 0.9970 0.0740
vn -0.7172 0.6053 -0.3452
vn 0.1096 -0.2994 0.9478
vn -0.8729 -0.2427 0.4233
vn -0.7132 -0.1220 0.6903
vn -0.5735 -0.5126 -0.6390
vn 0.3894 -0.6879 -0.6125
vn -0.2294 -0.6890 -0.6875
vn -0.0138 0.9677 -0.2516
vn 0.7714 0.3998 0.4951
vn 0.7786 0.1356 -0.6127
vn -0.2280 0.1165 -0.9667
vn -0.2807 0.5454 0.7897
vn -0.9241 0.3648 -0.1137
vn -0.4728 0.5227 0.7094
vn -0.2896 -0.1349 -0.9476
vn -0.4216 0.6166 0.6648
vn 0.7972 -0.5383 0.2733
vn -0.2032 -0.1163 -0.9722
vn 0.8705 -0.4739 0.1327
vn 0.6869 -0.4522 0.5689
vn 0.7619 -0.5956 0.2543
vn -0.2465 0.9600 0.1328
vn 0.3106 0.8337 0.4567
vn 0.5512 0.7956 -0.2512
vn -0.3638 0.8216 -0.4389
vn 0.8133 0.5028 -0.2928
vn 0.0767 0.5525 -0.8299
vn -0.4390 -0.7783 -0.4488
vn -0.4481 -0.0785 -0.8905
vn 0.4545 -0.7136 -0.5331
vn -0.9135 0.3893 0.1183
vn -0.8222 0.5686 0.0237
vn -0.1270 0.2706 0.9543
vn -0.2476 -0.5990 0.7615
vn 0.6529 -0.4919 0.5760
vn -0.5487 0.8310 -0.0918
vn 0.0417 0.8372 0.5453
vn 0.8086 0.5356 0.2436
vn -0.2062 0.5387 -0.8169
vn 0.6746 0.3027 -0.6732
vn 0.9126 0.3367 -0.2319
vn 0.3118 0.8810 -0.3558
vn 0.6438 0.6845 0.3420
vn 0.8430 -0.0313 0.5370
vn -0.1655 0.9095 0.3814
vn 0.1956 0.3394 0.9201
vn -0.7499 -0.4525 0.4827
vn 0.1508 -0.6352 0.7574
vn -0.7072 0.1785 0.6841
vn 0.1863 -0.8962 -0.4026
vn 0.7083 -0.6751 -0.2062
vn 0.2969 0.0835 -0.9513
vn -0.6798 0.0899 -0.7279
vn -0.6114 0.6591 -0.4380
vn 0.9893 0.0632 0.1315
vn 0.7050 0.5684 -0.4241
vn 0.0517 0.9945 -0.0909
vn 0.5985 0.0658 0.7984
vn -0.0666 0.6425 0.7634
vn -0.1535 0.0576 -0.9865
vn 0.4928 -0.7401 -0.4576
vn 0.4160 -0.5285 -0.7400
vn 0.0602 -0.8258 0.5607
vn -0.7367 -0.1148 0.6665
vn -0.3063 -0.6714 0.6749
vn 0.6402 0.6766 0.3637
vn -0.2557 0.8705 -0.4205
vn -0.5068 0.5752 0.6421
vn 0.1755 -0.2207 0.9594
vn 0.6123 0.2234 -0.7584
vn 0.8814 -0.4628 0.0948
vn 0.6235 -0.2010 -0.7555
vn 0.0762 -0.5005 0.8624
vn 0.6550 -0.2183 -0.7234
vn -0.6793 0.7261 -0.1065
vn 0.0699 -0.4718 0.8789
vn -0.7284 0.6851 0.0092
vn -0.7105 0.5249 -0.4686
vn -0.8899 0.3984 -0.2223
vn 0.1116 -0.9693 -0.2190
vn 0.0776 -0.9853 -0.1524
vn 0.0401 -0.9961 -0.0787
vn -0.0409 -0.9959 0.0802
vn -0.0804 -0.9842 0.1579
vn -0.1175 -0.9659 0.2307
vn -0.1257 0.9609 0.2468
vn -0.0845 0.9825 0.1659
vn -0.0443 0.9952 0.0869
vn 0.0451 0.9950 -0.0886
vn 0.0875 0.9812 -0.1718
vn 0.1324 0.9565 -0.2599
vn -0.4540 -0.0000 0.8910
vn 0.8910 -0.0000 0.4540
vn 0.4540 -0.0000 -0.8910
vn -0.8910 -0.0000 -0.4540
vn -0.8528 -0.3201 0.4126
vn -0.8528 -0.3201 0.4127
vn 0.2161 0.5030 0.8369
vn 0.2161 0.5030 0.8368
vn 0.2162 0.5030 0.8368
vn 0.8528 0.3201 -0.4126
vn 0.8528 0.3201 -0.4127
vn -0.2161 -0.5029 -0.8369
vn -0.2161 -0.5030 -0.8369
vn -0.7605 -0.5713 0.3085
vn 0.1435 0.3154 0.9381
vn 0.1435 0.3154 0.9380
vn 0.7605 0.5713 -0.3085
vn 0.7605 0.5714 -0.3084
vn 0.7605 0.5713 -0.3084
vn -0.1435 -0.3154 -0.9381
vn -0.1435 -0.3154 -0.9380
vn 0.8759 -0.4765 0.0758
vn 0.8759 -0.4765 0.0759
vn 0.2200 0.3066 -0.9261
vn -0.8759 0.4765 -0.0758
vn -0.2200 -0.3066 0.9261
vn 0.7065 -0.3313 -0.6254
vn -0.4301 0.5175 -0.7398
vn -0.4301 0.5174 -0.7398
vn -0.7065 0.3313 0.6254
vn -0.7065 0.3313 0.6253
vn 0.4301 -0.5175 0.7397
vn 0.4301 -0.5175 0.7398
vn -0.8339 -0.4573 0.3091
vn -0.8339 -0.4572 0.3091
vn -0.8339 -0.4572 0.3092
vn 0.1160 0.4025 0.9080
vn 0.1159 0.4025 0.9081
vn 0.8339 0.4572 -0.3092
vn 0.8339 0.4572 -0.3091
vn -0.1160 -0.4025 -0.9080
vn -0.1159 -0.4025 -0.9081
vn 0.8230 -0.4463 -0.3515
vn 0.8229 -0.4463 -0.3515
vn 0.8230 -0.4464 -0.3514
vn -0.1275 0.3930 -0.9107
vn -0.1276 0.3930 -0.9107
vn -0.1276 0.3930 -0.9106
vn -0.8229 0.4464 0.3514
vn -0.8230 0.4463 0.3515
vn -0.8229 0.4463 0.3515
vn 0.1276 -0.3930 0.9107
vn 0.0729 -0.9893 -0.1263
vn 0.0709 -0.9888 -0.1313
vn 0.0608 -0.9888 -0.1364
vn 0.0631 -0.9893 -0.1315
vn 0.0541 -0.9943 -0.0914
vn 0.0534 -0.9943 -0.0926
vn 0.0425 -0.9943 -0.0982
vn 0.0432 -0.9943 -0.0970
vn 0.0328 -0.9977 -0.0600
vn 0.0339 -0.9978 -0.0573
vn 0.0285 -0.9978 -0.0600
vn 0.0271 -0.9977 -0.0627
vn -0.0271 -0.9977 0.0628
vn -0.0285 -0.9978 0.0600
vn -0.0339 -0.9978 0.0573
vn -0.0328 -0.9977 0.0600
vn -0.0432 -0.9943 0.0970
vn -0.0425 -0.9943 0.0982
vn -0.0534 -0.9943 0.0926
vn -0.0541 -0.9943 0.0914
vn -0.0631 -0.9893 0.1315
vn -0.0608 -0.9888 0.1364
vn -0.0709 -0.9888 0.1313
vn -0.0729 -0.9893 0.1263
vn -0.0683 0.9895 0.1274
vn -0.0704 0.9900 0.1223
vn -0.0615 0.9900 0.1271
vn -0.0590 0.9895 0.1321
vn -0.0518 0.9946 0.0900
vn -0.0526 0.9947 0.0888
vn -0.0421 0.9947 0.0942
vn -0.0412 0.9946 0.0954
vn -0.0333 0.9979 0.0563
vn -0.0322 0.9977 0.0590
vn -0.0266 0.9977 0.0616
vn -0.0280 0.9979 0.0590
vn 0.0282 0.9978 -0.0594
vn 0.0268 0.9977 -0.0621
vn 0.0324 0.9977 -0.0594
vn 0.0335 0.9978 -0.0567
vn 0.0418 0.9944 -0.0968
vn 0.0426 0.9945 -0.0956
vn 0.0533 0.9945 -0.0901
vn 0.0526 0.9944 -0.0913
vn 0.0600 0.9891 -0.1346
vn 0.0624 0.9896 -0.1296
vn 0.0718 0.9896 -0.1245
vn 0.0697 0.9891 -0.1296
vn -0.3313 -0.7164 0.6140
vn -0.3245 -0.7265 0.6058
vn -0.2975 -0.7265 0.6195
vn -0.3039 -0.7164 0.6280
vn 0.9150 -0.0037 0.4034
vn 0.9126 0.0191 0.4085
vn 0.9237 0.0026 0.3831
vn 0.9232 0.0094 0.3842
vn 0.9127 0.0016 0.4086
vn 0.9131 -0.0032 0.4078
vn 0.8669 -0.0009 0.4984
vn 0.8669 0.0019 0.4985
vn 0.8531 0.0071 0.5217
vn 0.8531 0.0030 0.5218
vn 0.8653 0.0125 0.5011
vn 0.8650 -0.0007 0.5018
vn 0.4225 -0.4564 -0.7830
vn 0.4193 -0.4655 -0.7794
vn 0.3831 -0.4655 -0.7978
vn 0.3862 -0.4564 -0.8016
vn -0.9148 -0.0003 -0.4038
vn -0.9136 0.0119 -0.4065
vn -0.9237 0.0031 -0.3832
vn -0.9234 0.0070 -0.3838
vn -0.9127 0.0019 -0.4086
vn -0.9129 -0.0009 -0.4082
vn -0.8669 -0.0033 -0.4985
vn -0.8668 0.0016 -0.4987
vn -0.8532 0.0097 -0.5214
vn -0.8532 0.0025 -0.5216
vn -0.8658 0.0212 -0.4999
vn -0.8653 -0.0051 -0.5013
vn -0.7861 0.4923 -0.3737
vn 0.2416 0.8246 0.5115
vn 0.4647 0.8854 0.0111
vn -0.1088 0.9691 0.2214
vn -0.0483 0.8663 -0.4971
vn -0.0257 0.8602 -0.5094
vn -0.5772 0.6150 0.5373
vn -0.5753 0.6768 0.4593
vn 0.4005 0.8751 0.2716
vn 0.3032 0.8849 0.3537
vn -0.3487 0.6602 0.6653
vn 0.7964 0.5440 -0.2643
vn -0.2010 0.6953 -0.6901
vn 0.0236 0.9997 -0.0098
vn 0.4985 0.1502 0.8538
vn 0.5865 -0.1699 0.7919
vn -0.5345 0.1490 0.8319
vn -0.5029 0.1904 0.8431
vn 0.9630 0.2004 -0.1801
vn 0.9580 -0.0092 -0.2867
vn 0.4675 0.0459 -0.8828
vn 0.4748 0.0582 -0.8782
vn -0.3408 0.3073 -0.8885
vn -0.4227 0.2014 -0.8836
vn -0.9600 0.2759 0.0470
vn -0.9719 -0.0880 0.2185
vn -0.6633 0.7462 -0.0566
vn -0.4717 0.8744 0.1140
vn 0.4463 0.7482 0.4909
vn 0.2918 0.8321 0.4716
vn 0.3277 0.7642 -0.5556
vn 0.2709 0.7240 -0.6343
vn -0.5198 0.5646 -0.6411
vn -0.1425 0.5977 0.7890
vn 0.6422 0.7653 0.0440
vn -0.0954 0.9940 -0.0538
vn -0.9936 0.0641 0.0927
vn -0.9439 -0.2432 0.2233
vn -0.5453 0.0312 -0.8377
vn -0.5724 0.0721 -0.8168
vn -0.2554 0.2522 0.9334
vn -0.1370 0.0567 0.9890
vn 0.6007 0.1660 0.7821
vn 0.5924 0.1779 0.7858
vn 0.9164 0.3992 0.0286
vn 0.9559 0.2909 -0.0395
vn 0.3295 0.2364 -0.9141
vn 0.2137 -0.1456 -0.9660
vn 0.2558 0.7252 -0.6392
vn 0.0098 0.8385 -0.5448
vn -0.7001 0.6989 0.1460
vn -0.6265 0.7794 0.0067
vn 0.2947 0.8352 0.4643
vn 0.3933 0.8029 0.4480
vn 0.9961 -0.0836 0.0297
vn 0.9938 0.1045 -0.0372
vn 0.9942 0.1071 0.0028
vn 0.9940 0.1098 -0.0000
vn 0.9554 -0.0823 0.2836
vn 0.9868 0.1059 0.1226
vn -0.9558 -0.2282 -0.1854
vn -0.9967 -0.0774 -0.0248
vn -0.9872 0.0607 -0.1478
vn -0.9963 -0.0774 -0.0376
vn -0.9431 0.2088 0.2588
vn -0.9244 0.1019 0.3677
vn -0.6274 0.0706 0.7755
vn -0.7919 0.2462 0.5589
vn -0.7647 0.1228 0.6326
vn -0.7278 0.0823 0.6808
vn -0.5264 0.1591 0.8352
vn -0.5032 0.1380 0.8531
vn -0.4648 0.2999 0.8331
vn -0.3250 0.1671 0.9308
vn -0.3666 0.1430 0.9193
vn -0.2394 0.3409 0.9091
vn 0.0608 0.2872 -0.9559
vn 0.2588 -0.0000 -0.9659
vn 0.1277 0.2590 -0.9574
vn 0.0972 0.2875 -0.9528
vn 0.9881 -0.1127 -0.1048
vn 0.9866 -0.1528 -0.0577
vn 0.9625 0.0953 -0.2539
vn 0.9926 -0.1215 -0.0000
vn -0.4709 -0.2674 0.8407
vn -0.6864 -0.0478 0.7257
vn 0.0719 0.1556 0.9852
vn -0.0000 0.0608 0.9982
vn 0.9338 -0.1299 -0.3335
vn 0.9420 -0.2711 -0.1980
vn 0.9846 -0.1487 -0.0919
vn 0.9801 -0.1929 -0.0464
vn -0.8490 -0.4564 0.2662
vn -0.9498 -0.2970 0.0982
vn 0.2239 0.1814 -0.9576
vn 0.1330 0.2592 -0.9566
vn 0.3915 0.1751 -0.9034
vn 0.2460 0.0648 -0.9671
vn 0.8462 -0.0947 -0.5244
vn 0.7745 -0.1785 -0.6068
vn -0.4655 -0.8835 0.0529
vn -0.7600 -0.1611 -0.6297
vn -0.2899 -0.2610 -0.9208
vn -0.5524 -0.1849 -0.8128
vn 0.6779 0.0782 0.7309
vn 0.2296 0.0369 0.9726
vn 0.8904 0.0961 -0.4450
vn 0.0710 -0.4002 -0.9137
vn 0.8383 0.1205 -0.5318
vn -0.7663 -0.1319 -0.6288
vn -0.6637 0.1504 -0.7327
vn -0.7391 0.1565 -0.6552
vn -0.7977 0.0229 -0.6027
vn -0.8201 -0.1979 -0.5369
vn -0.8069 -0.1348 -0.5751
vn -0.6654 -0.2237 -0.7122
vn -0.8198 -0.2458 -0.5173
vn -0.6637 -0.5410 -0.5165
vn -0.6123 -0.3659 0.7009
vn -0.6068 -0.4053 0.6838
vn -0.9090 -0.3820 -0.1669
vn -0.8659 0.0626 -0.4962
vn -0.0874 -0.5266 0.8456
vn 0.0016 -0.9536 0.3012
vn 0.8487 0.2039 -0.4879
vn 0.7801 0.3558 -0.5146
vn 0.5233 0.3820 -0.7617
vn 0.5727 0.3073 -0.7600
vn 0.6396 -0.0400 -0.7677
vn 0.5532 -0.7798 0.2932
vn -0.0014 -0.9979 0.0654
vn 0.4511 -0.1131 0.8853
vn 0.4764 -0.1687 0.8629
vn -0.6925 0.0058 0.7214
vn -0.5898 0.2242 0.7758
vn 0.1092 0.2628 -0.9587
vn 0.0712 0.1891 -0.9794
vn 0.3108 0.2512 -0.9167
vn 0.3274 0.3323 -0.8845
vn 0.9715 -0.1665 -0.1685
vn 0.9910 -0.0744 -0.1115
vn 0.9974 -0.0680 0.0233
vn 0.9595 -0.2490 0.1321
vn 0.8826 0.1762 0.4359
vn 0.9663 -0.0867 0.2424
vn 0.7398 0.2279 0.6331
vn 0.7904 0.1578 0.5920
vn 0.7283 0.4229 0.5392
vn 0.8557 0.2475 0.4545
vn -0.0313 -0.9509 -0.3078
vn 0.2001 -0.9777 -0.0633
vn 0.9758 -0.0341 0.2160
vn 0.9399 0.1379 0.3124
vn 0.8803 -0.3044 0.3640
vn 0.8816 -0.2534 0.3983
vn 0.8358 -0.1160 0.5367
vn 0.8541 -0.1915 0.4835
vn 0.8325 -0.0000 0.5540
vn 0.8598 -0.0698 0.5059
vn -0.3573 0.1116 0.9273
vn -0.1096 -0.1718 0.9790
vn 0.2450 -0.6570 0.7129
vn 0.3192 -0.8437 0.4317
vn -0.1235 -0.9582 -0.2580
vn -0.1277 -0.9566 -0.2618
vn -0.1929 0.5638 -0.8030
vn -0.6898 0.6696 -0.2753
vn -0.3242 0.6583 0.6794
vn -0.3195 0.5248 0.7890
vn 0.1238 0.7319 0.6701
vn 0.0541 0.7546 -0.6540
vn 0.6732 0.5761 -0.4636
vn -0.1063 0.2884 -0.9516
vn 0.1396 0.6176 0.7740
vn -0.1005 -0.5460 0.8317
vn -0.8744 -0.1524 -0.4606
vn -0.8767 -0.4708 -0.0988
vn -0.6528 0.3489 -0.6724
vn -0.4804 0.5630 -0.6726
vn -0.3983 0.1434 -0.9060
vn -0.6629 -0.1455 -0.7344
vn -0.0600 0.4823 -0.8739
vn -0.1533 0.6055 -0.7809
vn -0.1781 0.1803 -0.9674
vn -0.2247 0.1423 -0.9640
vn -0.9103 0.2573 -0.3242
vn -0.9178 0.2459 -0.3118
vn -0.5389 0.3455 0.7683
vn -0.3956 0.1419 0.9074
vn -0.5743 0.6189 0.5358
vn -0.5614 0.5852 0.5851
vn -0.6260 0.2739 0.7302
vn -0.6833 0.3790 0.6241
vn -0.3338 0.5530 0.7634
vn -0.9177 0.2211 0.3300
vn -0.9294 0.3299 0.1651
vn 0.8299 0.2930 0.4748
vn 0.6603 0.6020 0.4491
vn 0.9596 -0.1556 0.2343
vn 0.9023 0.2894 0.3195
vn -0.0130 -0.9459 0.3242
vn 0.1408 -0.9467 0.2898
vn -0.9543 0.2659 -0.1362
vn -0.6350 -0.7180 0.2851
vn -0.9426 0.0823 0.3236
vn -0.8937 0.2880 0.3439
vn 0.5445 0.5357 0.6455
vn 0.8564 0.1963 0.4776
vn 0.9391 0.0220 0.3431
vn 0.4655 0.0665 0.8825
vn 0.2871 0.2598 0.9220
vn 0.2070 0.7059 0.6774
vn 0.4530 0.4154 0.7888
vn 0.4538 0.5280 0.7178
vn 0.5329 0.3919 0.7499
vn 0.3379 0.0187 0.9410
vn 0.2333 0.1286 0.9639
vn 0.4513 0.7165 -0.5320
vn 0.6634 0.6996 0.2654
vn 0.8800 0.0379 0.4735
vn 0.9121 -0.0425 0.4078
vn 0.7345 0.1221 -0.6675
vn 0.6150 -0.0358 -0.7877
vn 0.0410 0.1337 -0.9902
vn 0.0164 0.1098 -0.9938
vn 0.8210 -0.0641 -0.5673
vn 0.8220 -0.0629 -0.5660
vn 0.3325 0.6559 -0.6777
vn 0.4766 0.3849 -0.7904
vn 0.1278 0.1187 -0.9847
vn -0.0534 0.6820 -0.7294
vn 0.0014 0.6422 -0.7666
vn 0.1208 0.5163 -0.8478
vn 0.9388 0.2964 0.1756
vn 0.1628 0.9844 -0.0662
vn 0.3665 0.6399 0.6754
vn 0.4319 0.5814 0.6896
vn -0.3752 0.7627 0.5269
vn -0.1353 0.6521 0.7460
vn -0.2444 0.6726 -0.6985
vn -0.3212 0.5744 -0.7529
vn -0.4954 0.7231 0.4814
vn -0.4426 0.6606 -0.6064
vn 0.3370 -0.2914 0.8953
vn -0.1335 0.6798 0.7211
vn 0.1379 0.6324 0.7623
vn -0.2820 -0.0183 0.9592
vn -0.4481 -0.4387 -0.7790
vn -0.2714 0.3917 -0.8791
vn -0.7200 0.2791 -0.6353
vn -0.7850 -0.2160 -0.5806
vn -0.0277 -0.3430 -0.9389
vn 0.4583 0.3412 -0.8207
vn 0.5593 -0.0486 -0.8276
vn 0.0112 -0.3701 -0.9289
vn 0.9577 0.2872 -0.0200
vn 0.9492 -0.1449 -0.2792
vn -0.0219 -0.4073 -0.9130
vn 0.0420 0.2452 -0.9686
vn -0.9419 0.2470 -0.2277
vn -0.9622 -0.0958 -0.2551
vn 0.0118 -0.9283 -0.3717
vn -0.0338 -0.9037 -0.4268
vn -0.0090 -0.9044 0.4266
vn -0.1132 -0.9467 0.3017
vn 0.7822 -0.1607 0.6019
vn 0.7944 -0.2079 0.5707
vn 0.2872 -0.1049 0.9521
vn 0.2772 -0.0909 0.9565
vn -0.5887 0.2241 0.7767
vn -0.4319 -0.0039 0.9019
vn 0.1216 0.2963 -0.9473
vn 0.0452 0.1894 -0.9809
vn 0.1406 -0.8214 0.5527
vn -0.4516 -0.8822 0.1337
vn -0.3108 -0.9503 0.0165
vn -0.2308 -0.9626 -0.1416
vn -0.2345 -0.9513 -0.2001
vn -0.3685 -0.9222 -0.1175
vn -0.2525 -0.8200 -0.5137
vn -0.2031 -0.8731 -0.4431
vn 0.4039 -0.8441 0.3527
vn 0.4020 -0.8233 0.4007
vn -0.9876 0.0526 -0.1481
vn -0.8734 -0.3096 0.3760
vn -0.8643 -0.4631 0.1964
vn 0.8867 -0.4588 -0.0578
vn -0.0629 0.7082 -0.7032
vn -0.9397 -0.3364 0.0617
vn 0.2066 -0.9775 -0.0423
vn 0.1834 -0.9277 0.3251
vn 0.2522 -0.9570 -0.1433
vn 0.0277 -0.6340 0.7728
vn 0.6754 0.1292 0.7260
vn 0.4004 -0.6870 0.6064
vn 0.3231 -0.7407 0.5890
vn 0.0567 -0.9955 0.0764
vn 0.0530 -0.9907 0.1256
vn 0.5456 -0.7249 -0.4206
vn 0.8242 -0.3973 -0.4034
vn 0.6836 0.0314 0.7292
vn -0.2196 0.1800 0.9588
vn -0.2332 0.1607 0.9590
vn -0.9541 0.2947 0.0532
vn -0.9210 0.3024 -0.2455
vn -0.9242 0.2960 -0.2413
vn -0.8087 0.2028 -0.5522
vn -0.7020 0.3602 -0.6144
vn -0.6535 -0.0735 -0.7533
vn -0.4572 0.2747 -0.8459
vn -0.3136 -0.2350 -0.9200
vn -0.0885 0.0770 -0.9931
vn 0.0992 -0.1901 -0.9767
vn 0.0844 -0.2116 -0.9737
vn 0.2978 -0.2141 -0.9303
vn 0.3332 -0.1694 -0.9275
vn 0.4914 -0.2706 -0.8278
vn 0.5597 -0.1833 -0.8082
vn 0.7684 -0.2956 -0.5676
vn 0.7974 -0.2597 -0.5446
vn 0.9470 -0.3080 -0.0916
vn 0.9708 -0.2350 -0.0479
vn 0.9568 -0.2567 0.1365
vn 0.9508 -0.2890 0.1114
vn 0.6706 -0.1241 0.7314
vn 0.7223 -0.2589 0.6413
vn -0.1379 0.1083 0.9845
vn 0.0071 -0.1349 0.9908
vn -0.5776 0.1779 0.7967
vn -0.5510 0.1144 0.8266
vn 0.4913 0.5912 0.6396
vn 0.5433 -0.1278 0.8298
vn 0.7284 -0.6235 0.2840
vn -0.8336 -0.4861 0.2623
vn -0.9122 -0.1037 0.3965
vn 0.5017 -0.0926 0.8601
vn 0.5353 -0.1274 0.8350
vn -0.0009 -0.0238 0.9997
vn 0.1122 -0.1135 0.9872
vn 0.4610 0.1197 0.8793
vn 0.5013 0.0785 0.8617
vn 0.7099 0.0212 0.7040
vn 0.6335 0.1304 0.7627
vn 0.9223 -0.1199 0.3675
vn 0.8665 0.0644 0.4950
vn 0.9517 -0.1500 0.2679
vn 0.9488 -0.1123 0.2953
vn 0.9736 -0.2263 0.0310
vn 0.9848 -0.1594 0.0696
vn 0.8914 -0.3720 -0.2589
vn 0.9598 -0.2243 -0.1690
vn 0.9128 -0.2597 -0.3152
vn 0.8416 -0.3836 -0.3801
vn 0.9268 -0.2028 -0.3162
vn 0.8932 -0.2725 -0.3577
vn 0.9740 0.0093 0.2263
vn 0.9846 -0.1112 0.1349
vn -0.8313 0.0418 -0.5542
vn -0.7113 0.2220 -0.6669
vn -0.5837 0.1094 -0.8046
vn -0.5868 0.1053 -0.8029
vn -0.3091 -0.4121 -0.8571
vn 0.1813 0.1442 -0.9728
vn -0.1743 -0.3989 -0.9003
vn -0.2017 -0.4259 -0.8820
vn -0.0000 0.1184 -0.9930
vn -0.4626 -0.3386 -0.8194
vn 0.0312 0.1788 -0.9834
vn -0.0358 0.1200 -0.9921
vn -0.6238 0.1592 -0.7652
vn -0.5418 0.2310 -0.8082
vn -0.9687 0.1944 -0.1545
vn -0.9706 0.1895 -0.1483
vn -0.7771 -0.2149 0.5916
vn -0.7733 -0.2219 0.5940
vn -0.7387 0.6623 0.1257
vn -0.7175 0.6842 0.1308
vn -0.3995 0.4750 -0.7841
vn -0.3329 0.8652 -0.3750
vn 0.1958 -0.3313 0.9230
vn 0.2630 -0.4499 0.8535
vn -0.6988 0.0792 0.7109
vn -0.9210 -0.1721 0.3494
vn 0.8729 -0.4138 0.2586
vn 0.8219 -0.5427 0.1731
vn 0.3703 -0.7977 -0.4760
vn 0.3750 -0.7951 -0.4767
vn -0.5774 -0.5986 -0.5552
vn -0.4326 -0.5546 -0.7108
vn -0.0186 -0.9433 0.3315
vn -0.3397 -0.7227 0.6019
vn -0.0000 0.6898 0.7240
vn 0.0131 0.6619 0.7495
vn 0.2979 -0.8873 0.3521
vn 0.3619 -0.8969 0.2541
vn 0.4826 0.7882 0.3820
vn 0.5493 0.7359 0.3958
vn 0.4385 0.8510 -0.2891
vn 0.3674 0.9118 -0.1836
vn 0.8070 -0.3857 -0.4473
vn 0.5166 -0.7212 -0.4615
vn -0.3252 -0.7444 -0.5832
vn -0.3585 -0.7990 -0.4829
vn 0.5201 -0.1085 0.8472
vn 0.5485 -0.0598 0.8340
vn 0.1709 -0.0244 0.9850
vn 0.1605 -0.0380 0.9863
vn 0.2026 -0.0969 -0.9745
vn 0.7958 0.0349 -0.6045
vn 0.5581 -0.2676 -0.7855
vn 0.5085 -0.3734 -0.7759
vn -0.1445 -0.9541 0.2623
vn -0.0728 -0.9600 0.2703
vn 0.1219 -0.9925 -0.0083
vn 0.1221 -0.9925 -0.0103
vn 0.7992 -0.1982 -0.5675
vn 0.6446 -0.7286 -0.2315
vn 0.9800 -0.1775 -0.0901
vn 0.9822 -0.1667 -0.0863
vn 0.9903 -0.1356 0.0302
vn 0.9850 -0.1721 0.0132
vn 0.9973 -0.0721 0.0130
vn 0.9897 -0.1395 -0.0326
vn 0.9852 -0.0902 0.1459
vn 0.9852 -0.0652 0.1587
vn 0.7868 -0.5805 0.2096
vn 0.8676 -0.0498 0.4947
vn 0.9931 -0.1015 0.0593
vn 0.9772 0.1332 0.1652
vn 0.8461 -0.1407 0.5141
vn 0.8403 -0.0910 0.5345
vn -0.0248 -0.0861 0.9960
vn -0.0668 0.0239 0.9975
vn -0.3687 -0.0573 0.9278
vn -0.4034 0.0164 0.9149
vn -0.6607 -0.0485 0.7491
vn -0.6873 0.0198 0.7261
vn -0.9098 -0.0668 0.4096
vn -0.9303 0.0183 0.3664
vn -0.9970 -0.0765 0.0108
vn -0.9998 -0.0076 -0.0206
vn -0.9364 -0.0439 -0.3482
vn -0.9295 0.0091 -0.3688
vn -0.9905 -0.1368 -0.0139
vn -0.9884 -0.0666 -0.1365
vn -0.9761 -0.1309 -0.1735
vn -0.3415 -0.9366 0.0786
vn 0.1071 -0.9230 0.3695
vn -0.9921 -0.0688 -0.1049
vn -0.9924 -0.0671 -0.1036
vn -0.3550 -0.9141 -0.1962
vn -0.0435 -0.9158 -0.3993
vn -0.9950 -0.0995 -0.0032
vn -0.9975 -0.0703 0.0101
vn -0.2395 -0.9704 -0.0310
vn -0.0592 -0.9920 0.1119
vn -0.9283 0.0905 0.3606
vn -0.9551 -0.0829 0.2846
vn -0.9898 0.0749 0.1211
vn -0.8399 -0.4297 0.3314
vn -0.0532 0.9958 0.0743
vn -0.0519 0.9969 0.0589
vn -0.0394 0.9984 0.0414
vn 0.0241 0.9973 0.0696
vn -0.0003 0.9995 0.0314
vn 0.0990 0.9951 0.0059
vn -0.0419 0.9940 -0.1010
vn -0.0984 0.9917 0.0825
vn -0.1456 0.9795 0.1395
vn -0.0129 0.9983 -0.0567
vn 0.0039 0.9986 0.0532
vn -0.1073 0.9811 0.1610
vn -0.0544 0.9832 0.1740
vn -0.2744 0.9532 0.1270
vn -0.1972 0.9458 0.2580
vn -0.2050 0.9769 0.0595
vn -0.2155 0.9755 0.0450
vn -0.0656 0.9978 0.0136
vn -0.0269 0.9992 -0.0304
vn 0.0643 0.9979 0.0001
vn -0.0223 0.9992 0.0322
vn -0.0579 0.9983 0.0019
vn 0.2322 0.9722 0.0296
vn 0.3141 0.9464 0.0753
vn 0.1899 0.9807 0.0471
vn -0.0232 0.9989 0.0411
vn -0.0281 0.9996 0.0101
vn 0.1186 0.9914 0.0552
vn -0.1474 0.9855 0.0839
vn -0.1644 0.9846 0.0589
vn -0.2997 0.9519 0.0640
vn -0.2790 0.9559 0.0922
vn -0.1359 0.9728 0.1878
vn -0.2929 0.9536 0.0702
vn -0.3132 0.9450 0.0939
vn -0.2142 0.9683 -0.1288
vn -0.0651 0.9942 -0.0859
vn -0.3653 0.9102 -0.1954
vn 0.0269 0.9920 -0.1235
vn 0.0610 0.9949 -0.0808
vn 0.1490 0.9867 -0.0649
vn 0.1256 0.9872 -0.0982
vn 0.0468 0.9883 -0.1449
vn 0.1571 0.9866 -0.0438
vn -0.0062 0.9998 -0.0213
vn -0.0049 0.9998 -0.0203
vn 0.0597 0.9982 -0.0047
vn -0.1927 0.9769 -0.0925
vn -0.2969 0.9432 -0.1487
vn -0.0037 1.0000 -0.0047
vn 0.0376 0.9982 -0.0468
vn -0.0593 0.9951 -0.0796
vn -0.0613 0.9967 -0.0528
vn -0.0864 0.9943 -0.0626
vn -0.0730 0.9937 -0.0850
vn -0.0520 0.9958 -0.0750
vn -0.0544 0.9939 -0.0962
vn -0.0372 0.9968 -0.0713
vn -0.0593 0.9911 -0.1192
vn -0.0337 0.9922 -0.1201
vn -0.1065 0.9880 -0.1117
vn -0.0734 0.9905 -0.1165
vn 0.1372 0.9900 -0.0320
vn 0.0136 0.9992 -0.0376
vn -0.0074 0.9976 0.0683
vn -0.0175 0.9970 0.0755
vn -0.0097 0.9968 0.0792
vn -0.0060 0.9985 0.0549
vn -0.0274 0.9951 -0.0948
vn 0.0136 0.9885 -0.1504
vn 0.0408 0.9961 -0.0779
vn 0.0044 0.9946 -0.1032
vn 0.0195 0.9912 -0.1306
vn 0.0028 0.9975 -0.0707
vn 0.0029 0.9975 -0.0707
vn 0.0408 0.9961 -0.0778
vn 0.0715 0.9965 0.0430
vn -0.0923 0.9949 -0.0412
vn -0.1420 0.9864 0.0829
vn -0.1755 0.9723 -0.1546
vn -0.0000 0.9269 -0.3752
vn -0.0045 0.9854 0.1704
vn 0.0090 0.9808 0.1950
vn -0.0090 0.9782 0.2073
vn 0.0024 0.9812 0.1930
vn -0.0638 0.9980 -0.0007
vn -0.0773 0.9970 0.0043
vn -0.0697 0.9976 0.0047
vn -0.1055 0.9940 0.0284
vn -0.0770 0.9964 -0.0365
vn -0.0871 0.9960 0.0206
vn -0.0368 0.9956 -0.0867
vn 0.0734 0.9867 -0.1449
vn 0.0546 0.9887 -0.1399
vn 0.0193 0.9885 -0.1501
vn -0.0857 0.9954 -0.0423
vn -0.0580 0.9964 -0.0616
vn -0.0787 0.9962 -0.0367
vn -0.0927 0.9793 0.1802
vn -0.0177 0.9706 0.2402
vn -0.0309 0.9788 0.2024
vn -0.0407 0.9871 0.1548
vn -0.0181 0.9963 0.0840
vn -0.0187 0.9900 0.1400
vn -0.0213 0.9995 0.0228
vn -0.0587 0.9982 0.0084
vn -0.0314 0.9987 0.0405
vn -0.1312 0.9869 0.0934
vn -0.2347 0.9701 0.0615
vn -0.1370 0.9904 0.0154
vn -0.0330 0.9756 0.2171
vn 0.2455 0.9180 0.3115
vn 0.1625 0.9681 0.1905
vn 0.0089 1.0000 0.0030
vn 0.0571 0.9966 0.0589
vn 0.0595 0.9977 0.0308
vn -0.0884 0.9756 0.2008
vn -0.0483 0.9777 0.2045
vn -0.1154 0.9507 0.2878
vn -0.0237 0.9963 0.0831
vn -0.0045 0.9964 0.0846
vn 0.0057 0.9999 -0.0124
vn -0.0162 0.9972 0.0726
vn 0.0401 0.9992 0.0008
vn -0.0896 0.9959 0.0125
vn -0.0838 0.9964 -0.0103
vn -0.0020 0.9986 0.0535
vn 0.0428 0.9984 0.0379
vn 0.0379 0.9931 0.1108
vn -0.0410 0.9989 0.0208
vn -0.0497 0.9986 -0.0152
vn -0.0467 0.9985 0.0284
vn -0.0202 0.9998 0.0053
vn 0.2670 0.9395 0.2144
vn -0.0685 0.9975 0.0180
vn -0.0775 0.9963 0.0357
vn -0.0866 0.9956 0.0347
vn -0.0851 0.9957 0.0378
vn -0.0980 0.9927 0.0700
vn -0.0944 0.9929 0.0724
vn -0.1118 0.9906 0.0785
vn -0.1133 0.9901 0.0830
vn 0.0811 0.9845 -0.1555
vn 0.1271 0.9866 -0.1022
vn 0.1533 0.9881 0.0096
vn 0.1540 0.9864 0.0576
vn 0.0566 0.9886 0.1395
vn -0.2665 0.9498 0.1638
vn -0.1114 0.9938 0.0071
vn -0.0993 0.9950 -0.0064
vn -0.0896 0.9955 0.0312
vn -0.1041 0.9919 0.0732
vn -0.1299 0.9676 0.2163
vn -0.4535 0.8300 -0.3248
vn -0.5088 0.7661 -0.3927
vn -0.0159 0.9793 0.2020
vn -0.1126 0.9929 0.0377
vn -0.1049 0.9933 0.0483
vn -0.0874 0.9948 0.0524
vn -0.3327 0.9389 0.0886
vn -0.3313 0.9356 0.1221
vn -0.2861 0.9474 0.1433
vn 0.0054 0.9491 0.3150
vn 0.2712 0.8266 0.4931
vn 0.0528 0.9986 0.0027
vn 0.0348 0.9983 -0.0471
vn -0.0444 0.9984 0.0362
vn 0.0371 0.9990 0.0238
vn 0.0309 0.9994 0.0171
vn -0.0495 0.9986 0.0204
vn -0.0987 0.9951 -0.0036
vn -0.1135 0.9914 0.0646
vn -0.0671 0.9859 0.1535
vn -0.1389 0.9712 0.1935
vn -0.0477 0.9952 0.0860
vn 0.0170 0.9997 -0.0159
vn -0.0197 0.9998 0.0090
vn -0.0245 0.9985 0.0486
vn 0.0033 0.9986 0.0532
vn -0.0143 0.9960 -0.0880
vn 0.0195 0.9998 0.0067
vn 0.0175 0.9966 0.0800
vn -0.1177 0.9916 0.0538
vn -0.0547 0.9945 0.0894
vn 0.0397 0.9821 0.1843
vn 0.0132 0.9949 0.0997
vn 0.0565 0.9920 0.1131
vn 0.0043 1.0000 -0.0037
vn 0.0359 0.9992 0.0166
vn 0.0868 0.9961 -0.0141
vn -0.0097 0.9995 -0.0290
vn 0.0016 0.9999 -0.0145
vn -0.0013 0.9996 -0.0278
vn 0.0118 0.9999 0.0003
vn 0.0097 0.9995 -0.0287
vn -0.0423 0.9988 -0.0256
vn -0.0325 0.9992 0.0244
vn -0.1130 0.9935 -0.0158
vn -0.0809 0.9967 0.0061
vn -0.2141 0.9698 -0.1172
vn -0.1841 0.9768 -0.1091
vn -0.1174 0.9929 -0.0212
vn -0.0368 0.9986 -0.0382
vn -0.0463 0.9989 -0.0070
vn 0.0347 0.9989 0.0304
vn 0.0510 0.9968 0.0610
vn 0.0339 0.9975 0.0623
vn -0.0362 0.9972 0.0647
vn 0.0019 0.9989 0.0467
vn -0.0226 0.9996 0.0151
vn 0.0266 0.9900 0.1384
vn 0.0287 0.9946 0.0996
vn 0.0689 0.9965 0.0482
vn -0.0222 0.9980 0.0593
vn 0.0821 0.9965 -0.0180
vn 0.0850 0.9962 -0.0205
vn 0.1309 0.9910 0.0282
vn 0.0731 0.9970 0.0253
vn 0.1900 0.9816 -0.0169
vn 0.1590 0.9872 -0.0148
vn 0.1942 0.9806 -0.0258
vn 0.2123 0.9767 -0.0318
vn 0.2078 0.9780 -0.0178
vn 0.2139 0.9768 -0.0027
vn -0.0033 0.9998 -0.0190
vn -0.0050 0.9998 -0.0206
vn -0.0208 0.9995 -0.0255
vn 0.0070 0.9999 -0.0132
vn -0.0038 1.0000 -0.0053
vn 0.0153 0.9963 0.0846
vn 0.0067 0.9934 0.1145
vn -0.0206 0.9846 -0.1737
vn 0.0102 0.9812 -0.1927
vn -0.0581 0.9803 -0.1886
vn 0.0578 0.9824 -0.1776
vn -0.0703 0.9848 -0.1589
vn -0.0724 0.9835 -0.1658
vn 0.1053 0.9930 0.0532
vn 0.1097 0.9939 0.0089
vn 0.0733 0.9968 0.0325
vn 0.0888 0.9950 0.0467
vn 0.0767 0.9967 -0.0276
vn 0.0784 0.9969 -0.0021
vn 0.0958 0.9954 0.0096
vn 0.1045 0.9941 0.0294
vn 0.0934 0.9955 0.0172
vn 0.0958 0.9954 -0.0096
vn 0.1235 0.9923 -0.0067
vn 0.1469 0.9880 0.0467
vn 0.0158 0.9961 0.0869
vn 0.0160 0.9972 0.0737
vn 0.0626 0.9951 0.0766
vn 0.0575 0.9956 0.0740
vn 0.0942 0.9955 -0.0096
vn 0.1044 0.9944 -0.0184
vn 0.0822 0.9803 -0.1798
vn 0.0723 0.9761 -0.2047
vn -0.0140 0.9819 -0.1891
vn 0.0829 0.9919 -0.0964
vn 0.0751 0.9913 -0.1077
vn -0.0526 0.9920 0.1146
vn -0.0618 0.9932 0.0990
vn -0.1294 0.9832 0.1287
vn -0.1314 0.9854 0.1082
vn -0.1773 0.9713 0.1585
vn -0.1766 0.9761 0.1265
vn -0.2192 0.9706 0.0997
vn -0.2158 0.9724 0.0889
vn -0.2250 0.9743 0.0125
vn -0.2253 0.9741 0.0200
vn -0.2188 0.9724 -0.0809
vn -0.2062 0.9760 -0.0703
vn -0.2712 0.9527 -0.1371
vn -0.2455 0.9589 -0.1426
vt 1.000000 0.500000
vt -0.000000 0.500000
vt 0.000000 0.000000
vt 0.000000 1.000000
vt 1.000000 1.000000
vt 1.000000 0.000000
vt 0.500000 0.500000
vt 1.000000 0.800000
vt 0.500000 1.000000
vt 0.700000 0.700000
vt 0.700000 0.500000
vt 0.605300 0.397100
vt 0.246900 0.447600
vt 0.297400 0.205800
vt 0.000500 0.999500
vt 0.746800 0.700000
vt 0.300000 0.500000
vt 0.300000 0.700000
vt 0.755000 0.500000
vt 0.241300 0.500000
vt 0.241300 0.000000
vt 0.999500 0.999500
vt 1.000000 0.754100
vt 0.755000 0.000000
vt 0.500000 0.700000
vt 1.000000 0.700000
vt 0.500000 0.000000
vt 0.000000 0.700000
vt 1.000000 0.755700
vt 1.000000 0.836700
vt 1.000000 0.837800
vt 1.000000 0.835300
vt 0.000000 0.746300
vt 1.000000 0.746400
vt 0.000000 0.800000
vt 0.400000 0.500000
vt 0.100000 0.500000
vt 0.400000 1.000000
vt 0.648600 0.500000
vt 0.000000 0.200000
vt 0.100000 0.100000
vt 0.100000 0.000000
vt 0.500000 0.300000
vt 0.500000 0.100000
vt 0.500000 0.400000
vt 0.000000 0.143000
vt 0.000000 0.351400
vt 0.000000 0.300000
vt 1.000000 0.300000
vt 0.256600 1.000000
vt 0.250500 0.000000
vt 0.500000 0.164500
vt 0.500000 0.200000
vt 0.200000 0.500000
vt 0.553800 0.233300
vt 0.796000 0.233300
vt 0.672700 0.784900
vt 0.814700 0.999500
vt 0.968900 0.837500
vt -0.031100 0.837500
vt 0.297200 0.837500
vt -0.185300 0.999500
vt 0.286300 0.000500
vt 0.537600 0.000500
vt 0.282300 0.233300
vt -0.010100 0.233300
vt 0.013000 0.000500
vt 0.808800 0.000500
vt -0.191200 0.000500
vt 0.989900 0.233300
vt 0.000500 0.000500
vt 0.999500 0.000500
vt 1.000000 0.400000
vt 0.000000 0.400000
vt 0.503906 0.992188
vt 0.996094 0.003906
vt 0.011719 1.000000
vt 0.996094 0.984375
vt 1.000000 0.003906
vt 0.992188 0.996094
vt -0.007812 0.996094
vt 1.003906 0.996094
vt 1.011719 0.000000
vt 1.000000 0.988281
vt -0.250000 0.000000
vt 0.250000 1.000000
vt -0.500000 0.000000
vt 0.000000 -0.500000
vt 0.095800 0.447500
vt 0.003100 0.447500
vt 0.041200 0.429200
vt 0.332300 0.447500
vt 0.255500 0.447500
vt 0.290200 0.429200
vt 0.193100 0.496600
vt 0.145100 0.478600
vt 0.228500 0.478600
vt 0.309200 0.478600
vt 0.063800 0.478600
vt 0.405400 0.478600
vt 0.490400 0.337700
vt 0.285800 0.337700
vt 0.476500 0.096800
vt 0.043400 0.096800
vt 0.181300 0.096800
vt 0.057300 0.337700
vt 0.305900 0.096800
vt 0.189400 0.337700
vt 0.170500 0.429200
vt 0.474200 0.429200
vt 0.182400 0.447500
vt 0.436200 0.447500
vt 0.496900 0.478600
vt 0.251000 0.475200
vt 0.330400 0.475200
vt 0.242600 0.248600
vt 0.174900 0.475200
vt 0.414500 0.475200
vt 0.085700 0.475200
vt 0.272400 0.097400
vt 0.332900 0.348400
vt 0.251900 0.348400
vt 0.414900 0.097400
vt 0.413200 0.348400
vt 0.492500 0.348400
vt 0.157900 0.097400
vt 0.174500 0.348400
vt 0.085300 0.348400
vt 0.007700 0.097400
vt 0.492900 0.475200
vt 0.413300 0.492800
vt 0.490800 0.492800
vt 0.083600 0.492800
vt 0.173200 0.492800
vt 0.333200 0.492800
vt 0.249800 0.492800
vt 0.875000 0.687500
vt 0.500000 0.687500
vt 0.500000 0.875000
vt 0.875000 0.875000
vt 0.875000 0.187500
vt 0.500000 0.187500
vt 0.500000 0.375000
vt 0.875000 0.375000
vt 0.875000 0.437500
vt 0.500000 0.437500
vt 0.500000 0.625000
vt 0.875000 0.625000
vt 0.875000 0.062500
vt 0.500000 0.062500
vt 0.500000 0.250000
vt 0.875000 0.250000
vt 0.875000 0.312500
vt 0.500000 0.312500
vt 0.875000 0.500000
vt 0.875000 0.562500
vt 0.500000 0.562500
vt 0.500000 0.750000
vt 0.500000 0.751000
vt 0.875000 0.751000
vt 0.875000 0.563500
vt 0.875000 0.812500
vt 0.500000 0.812500
vt 0.875000 1.000000
vt 0.751000 0.750000
vt 0.688500 0.750000
vt 0.687500 0.625000
vt 0.750000 0.625000
vt 0.875000 0.000000
vt 0.500000 0.125000
vt 0.875000 0.125000
vt 0.168500 0.000000
vt 0.168500 0.092100
vt 0.000000 0.092100
vt 0.500500 0.500000
vt 0.500500 0.000000
vt 0.500000 0.000500
vt 0.500000 0.500500
vt 0.999500 0.500500
vt 0.500500 1.000000
vt 0.500000 1.000500
vt 0.999500 1.000500
vt 1.000000 0.312500
vt 0.500500 0.312500
vt 0.500000 0.313000
vt 0.999500 0.313000
vt 1.000000 0.687500
vt 0.500500 0.687500
vt 0.500000 0.688000
vt 0.999500 0.688000
vt 1.000000 0.375000
vt 1.000000 0.142900
vt 0.937500 0.142900
vt 0.937500 0.000000
vt 1.000000 0.285700
vt 0.937500 0.285700
vt 1.000000 0.428600
vt 0.937500 0.428600
vt 1.000000 0.571400
vt 0.937500 0.571400
vt 1.000000 0.714300
vt 0.937500 0.714300
vt 1.000000 0.857100
vt 0.937500 0.857100
vt 0.937500 1.000000
vt 0.016800 0.465100
vt 0.192200 0.465000
vt 0.127100 0.670100
vt 0.413100 0.437700
vt 0.541700 0.402100
vt 0.371600 0.625800
vt 0.660300 0.385500
vt 0.809500 0.421900
vt 0.851500 0.842400
vt -0.148500 0.842400
vt -0.190500 0.421900
vt 0.028500 0.497600
vt 0.180100 0.494100
vt 0.060000 0.705800
vt 0.364500 0.517200
vt 0.550600 0.499200
vt 0.419100 0.829200
vt 0.681000 0.478900
vt 0.864100 0.500700
vt 0.827900 0.761800
vt -0.172100 0.761800
vt 0.170200 0.349000
vt 0.361400 0.356900
vt 0.023600 0.343900
vt 0.527000 0.344300
vt 0.682400 0.345900
vt 0.830400 0.355500
vt -0.169600 0.355500
vt -0.135900 0.500700
vt 0.000000 0.600000
vt 1.000000 0.600000
vt 1.000000 0.900000
vt 0.000000 0.900000
vt 0.000000 0.644400
vt 0.300000 1.000000
vt 1.000000 0.644400
vt 0.700000 1.000000
vt 0.300000 0.300000
vt 0.700000 0.300000
vt 0.000000 0.869100
vt 1.000000 0.875000
vt 0.000000 0.870900
vt 0.000000 0.869200
s 1
usemtl Material.002
f 1/1/1 2/2/2 3/3/3
f 4/4/4 5/5/4 6/2/4
f 7/4/5 8/5/5 9/1/5
f 10/1/6 11/2/7 12/3/8
f 13/3/9 14/6/10 15/1/11
f 16/1/12 17/5/13 18/4/14
f 19/3/15 20/6/16 21/1/17
f 22/5/18 23/1/18 24/2/18
f 25/2/19 26/4/19 27/5/19
f 28/5/20 29/2/20 30/1/20
f 31/2/21 32/5/21 33/4/21
f 34/3/22 35/6/23 36/1/24
f 36/3/24 37/6/25 34/1/22
f 38/2/26 39/1/26 40/5/26
f 41/5/27 42/4/27 43/2/27
f 44/2/28 45/1/28 46/5/28
f 47/5/29 48/4/29 49/2/29
f 50/2/30 51/1/30 52/5/30
f 53/5/31 54/4/31 55/2/31
f 56/2/32 57/1/32 58/5/32
f 59/5/33 60/4/33 61/2/33
f 62/2/34 63/1/34 64/5/34
f 65/5/35 66/4/35 67/2/35
f 68/2/36 69/1/36 70/5/36
f 71/5/37 72/4/37 73/2/37
f 74/2/38 75/1/38 76/5/38
f 77/5/39 78/4/39 79/2/39
f 80/2/40 81/1/40 82/5/40
f 83/5/41 84/4/41 85/2/41
f 86/2/42 87/1/42 88/5/42
f 89/5/43 90/4/43 91/2/43
f 92/1/44 93/2/45 94/3/44
f 94/3/44 95/6/44 92/1/44
f 96/1/46 97/2/47 98/3/48
f 98/3/48 93/6/45 96/1/46
f 93/1/45 92/2/44 99/3/49
f 99/1/49 96/2/46 93/3/45
f 97/1/47 100/2/50 101/3/51
f 101/3/51 98/6/48 97/1/47
f 100/1/50 1/2/1 3/3/3
f 3/3/3 101/6/51 100/1/50
f 1/1/1 102/2/52 103/3/53
f 103/3/53 2/6/2 1/1/1
f 104/1/54 36/2/24 35/3/23
f 35/3/23 103/6/53 104/1/54
f 102/1/52 13/2/9 104/3/54
f 104/3/54 103/6/53 102/1/52
f 104/1/54 13/2/9 105/3/55
f 105/3/55 36/6/24 104/1/54
f 13/1/9 15/2/11 12/3/8
f 12/3/8 105/6/55 13/1/9
f 15/1/11 106/2/56 10/3/6
f 10/3/6 12/6/8 15/1/11
f 107/2/57 108/5/57 109/1/57
f 110/5/58 111/2/58 112/4/58
f 10/1/6 113/2/59 114/3/60
f 114/3/60 11/6/7 10/1/6
f 115/4/61 116/2/61 117/1/61
f 118/1/62 119/5/62 120/4/62
f 121/5/63 122/4/64 123/2/65
f 123/2/65 124/1/66 121/5/63
f 122/5/64 125/4/67 126/2/68
f 126/2/68 123/1/65 122/5/64
f 125/5/67 127/4/69 128/2/70
f 128/2/70 126/1/68 125/5/67
f 127/5/69 129/4/71 130/2/72
f 130/2/72 128/1/70 127/5/69
f 129/5/71 131/4/73 132/2/74
f 132/2/74 130/1/72 129/5/71
f 131/5/73 133/4/75 134/2/76
f 134/2/76 132/1/74 131/5/73
f 133/4/75 135/5/77 136/1/78
f 136/1/78 134/2/76 133/4/75
f 136/2/78 135/4/77 137/5/79
f 137/5/79 138/1/80 136/2/78
f 102/1/52 139/2/81 14/3/10
f 14/3/10 13/6/9 102/1/52
f 1/3/1 100/6/50 139/1/81
f 139/1/81 102/2/52 1/3/1
f 100/3/50 97/6/47 140/1/82
f 140/1/82 139/2/81 100/3/50
f 97/3/47 96/6/46 141/1/83
f 141/1/83 140/2/82 97/3/47
f 96/3/46 99/6/49 142/1/84
f 142/1/84 141/2/83 96/3/46
f 143/2/85 144/4/86 145/5/87
f 145/5/87 146/1/88 143/2/85
f 147/2/89 148/4/90 144/5/86
f 144/5/86 143/1/85 147/2/89
f 14/3/10 149/6/91 150/1/92
f 150/1/92 15/2/11 14/3/10
f 139/1/81 140/2/82 149/3/91
f 149/3/91 14/6/10 139/1/81
f 149/3/91 151/6/93 19/1/15
f 19/1/15 150/2/92 149/3/91
f 140/1/82 141/2/83 151/3/93
f 151/3/93 149/6/91 140/1/82
f 151/3/93 152/6/94 20/1/16
f 20/1/16 19/2/15 151/3/93
f 141/1/83 142/2/84 152/3/94
f 152/3/94 151/6/93 141/1/83
f 153/1/95 154/5/96 155/4/97
f 155/4/97 156/2/98 153/1/95
f 146/2/88 145/4/87 154/5/96
f 154/5/96 153/1/95 146/2/88
f 150/1/92 157/2/99 106/3/56
f 106/3/56 15/6/11 150/1/92
f 158/1/100 159/5/101 160/4/102
f 160/4/102 161/2/103 158/1/100
f 162/2/104 163/4/105 159/5/101
f 159/5/101 158/1/100 162/2/104
f 19/1/15 21/2/17 157/3/99
f 157/3/99 150/6/92 19/1/15
f 164/2/106 165/4/107 163/5/105
f 163/5/105 162/1/104 164/2/106
f 166/2/108 167/4/109 148/5/90
f 148/5/90 147/1/89 166/2/108
f 155/5/97 165/4/107 164/2/106
f 164/2/106 156/1/98 155/5/97
f 160/5/102 17/4/13 16/2/12
f 16/2/12 161/1/103 160/5/102
f 138/2/80 137/4/79 168/5/110
f 168/5/110 169/1/111 138/2/80
f 169/2/111 168/4/110 170/5/112
f 170/5/112 171/1/113 169/2/111
f 172/2/114 171/1/113 170/5/112
f 170/5/112 173/4/115 172/2/114
f 174/5/116 167/4/109 166/2/108
f 166/2/108 175/1/117 174/5/116
f 177/2/118 178/1/119 179/5/120
f 179/5/120 180/4/121 177/2/118
f 182/2/122 183/4/123 184/5/124
f 184/5/124 185/1/125 182/2/122
f 182/1/122 186/2/126 187/4/127
f 187/4/127 183/5/123 182/1/122
f 187/4/127 188/7/128 176/1/129
f 176/1/129 189/5/130 187/4/127
f 188/2/128 187/5/127 186/1/126
f 176/2/129 181/1/131 190/5/132
f 190/5/132 189/4/130 176/2/129
f 191/2/133 192/1/133 193/4/133
f 194/8/134 195/2/134 196/4/134
f 197/2/135 198/8/135 199/1/135
f 200/1/136 201/2/137 202/4/138
f 202/4/138 203/5/139 200/1/136
f 204/4/140 205/2/141 206/5/142
f 207/1/143 206/5/142 205/2/141
f 208/4/144 209/1/144 210/5/144
f 211/1/145 212/4/145 213/2/145
f 217/1/146 218/5/147 219/4/148
f 219/4/148 216/2/149 217/1/146
f 219/4/148 220/5/150 215/1/151
f 215/1/151 216/2/149 219/4/148
f 220/5/150 221/4/152 214/2/153
f 214/2/153 215/1/151 220/5/150
f 214/2/153 221/4/152 190/5/132
f 190/5/132 181/1/131 214/2/153
f 222/2/154 223/4/155 224/5/156
f 224/5/156 225/1/157 222/2/154
f 225/1/157 224/5/156 226/4/158
f 226/4/158 227/2/159 225/1/157
f 228/5/160 229/1/161 230/2/162
f 230/2/162 231/4/163 228/5/160
f 232/4/164 233/2/165 229/1/161
f 229/1/161 228/5/160 232/4/164
f 227/1/159 226/5/158 231/4/163
f 231/4/163 230/2/162 227/1/159
f 234/4/166 235/2/167 236/1/168
f 236/1/168 237/5/169 234/4/166
f 237/5/169 236/1/168 238/2/170
f 238/2/170 239/4/171 237/5/169
f 240/2/172 241/4/173 242/5/174
f 242/5/174 243/1/175 240/2/172
f 243/1/175 242/5/174 244/4/176
f 244/4/176 245/2/177 243/1/175
f 241/4/173 240/2/172 235/1/167
f 235/1/167 234/5/166 241/4/173
f 246/5/178 239/4/171 238/2/170
f 238/2/170 247/1/179 246/5/178
f 244/5/176 248/4/180 249/2/181
f 249/2/181 245/1/177 244/5/176
f 233/2/165 232/4/164 250/5/182
f 250/5/182 251/1/183 233/2/165
f 222/1/154 252/2/184 253/4/185
f 253/4/185 223/5/155 222/1/154
f 255/2/186 254/7/187 257/9/188
f 257/9/188 258/4/189 255/2/186
f 254/7/187 256/1/190 259/5/191
f 259/5/191 257/9/188 254/7/187
f 260/5/192 261/4/193 262/2/194
f 263/1/195 264/10/195 265/5/195
f 266/1/196 267/2/197 261/3/193
f 268/5/198 269/10/198 270/11/198
f 271/1/199 272/2/200 273/3/201
f 272/3/200 274/6/202 275/1/203
f 276/1/204 277/2/205 278/3/206
f 279/1/207 280/2/208 281/3/209
f 274/3/202 282/6/210 283/1/211
f 284/7/212 285/2/213 286/3/212
f 287/7/214 288/2/215 289/3/216
f 290/2/217 291/1/217 292/5/217
f 293/12/218 294/13/219 295/14/220
f 296/1/221 297/2/222 294/3/219
f 293/1/218 296/2/221 294/3/219
f 297/3/222 298/6/223 299/1/224
f 297/1/222 299/2/224 300/3/225
f 301/1/226 302/2/227 303/3/228
f 304/1/229 305/2/230 306/3/231
f 307/1/232 308/2/233 309/3/234
f 310/1/235 307/2/232 309/3/234
f 311/1/236 312/2/237 313/3/238
f 314/1/239 315/2/240 316/3/241
f 317/1/242 318/2/243 319/3/244
f 320/15/245 321/5/246 322/2/247
f 323/16/248 324/1/248 325/5/248
f 326/15/249 327/17/249 328/18/249
f 329/19/250 330/20/251 331/21/252
f 332/4/253 333/22/253 334/23/253
f 335/3/254 336/6/255 337/1/256
f 338/3/257 300/6/225 299/1/224
f 339/1/258 340/2/259 300/3/225
f 341/21/260 342/24/261 343/19/262
f 344/2/263 345/1/263 346/5/263
f 347/2/264 348/4/264 349/5/264
f 350/5/265 351/1/265 352/2/265
f 353/3/266 354/6/267 260/1/192
f 260/1/192 355/2/268 353/3/266
f 356/1/269 357/2/270 354/3/267
f 354/3/267 353/6/266 356/1/269
f 358/1/271 359/5/271 360/11/271
f 361/4/272 362/2/272 363/5/272
f 266/1/196 261/2/193 260/3/192
f 260/3/192 354/6/267 266/1/196
f 354/1/267 357/2/270 364/3/273
f 364/1/273 266/2/196 354/3/267
f 365/2/274 366/1/274 367/5/274
f 368/5/275 369/10/275 370/25/275
f 371/25/276 372/9/276 373/5/276
f 374/1/277 375/2/278 355/3/268
f 355/3/268 260/6/192 374/1/277
f 261/4/193 267/5/197 376/1/279
f 376/1/279 262/2/194 261/4/193
f 267/4/197 377/5/280 378/1/281
f 378/1/281 376/2/279 267/4/197
f 377/4/280 379/5/282 380/1/283
f 380/1/283 378/2/281 377/4/280
f 379/4/282 381/5/284 382/1/285
f 382/1/285 380/2/283 379/4/282
f 381/4/284 383/5/286 384/1/287
f 384/1/287 382/2/285 381/4/284
f 383/4/286 385/5/288 386/1/289
f 386/1/289 384/2/287 383/4/286
f 385/4/288 387/5/290 388/1/291
f 388/1/291 386/2/289 385/4/288
f 387/4/290 389/5/292 390/1/293
f 390/1/293 388/2/291 387/4/290
f 389/4/292 391/5/294 392/1/295
f 392/1/295 390/2/293 389/4/292
f 391/4/294 393/5/296 394/1/297
f 394/1/297 392/2/295 391/4/294
f 395/1/298 396/2/299 393/3/296
f 393/3/296 391/6/294 395/1/298
f 396/1/299 397/2/300 398/3/301
f 398/3/301 393/6/296 396/1/299
f 393/4/296 398/5/301 399/1/302
f 399/1/302 394/2/297 393/4/296
f 398/4/301 397/5/300 400/1/303
f 400/1/303 399/2/302 398/4/301
f 397/4/300 356/5/269 401/1/304
f 401/1/304 400/2/303 397/4/300
f 396/1/299 357/2/270 356/3/269
f 356/3/269 397/6/300 396/1/299
f 402/9/305 403/25/305 404/26/305
f 405/26/306 406/5/306 407/9/306
f 408/2/307 409/5/307 410/1/307
f 411/1/308 412/15/308 413/2/308
f 414/15/309 415/1/309 416/5/309
f 282/5/210 271/4/199 417/2/310
f 417/2/310 418/1/311 282/5/210
f 271/5/199 273/4/201 419/2/312
f 419/2/312 417/1/310 271/5/199
f 273/5/201 281/4/209 420/2/313
f 420/2/313 419/1/312 273/5/201
f 281/5/209 280/4/208 421/2/314
f 421/2/314 420/1/313 281/5/209
f 280/5/208 422/4/315 423/2/316
f 423/2/316 421/1/314 280/5/208
f 422/5/315 278/4/206 424/2/317
f 424/2/317 423/1/316 422/5/315
f 278/5/206 277/4/205 425/2/318
f 425/2/318 424/1/317 278/5/206
f 277/5/205 426/4/319 427/2/320
f 427/2/320 425/1/318 277/5/205
f 426/5/319 428/4/321 429/2/322
f 429/2/322 427/1/320 426/5/319
f 428/5/321 430/4/323 431/2/324
f 431/2/324 429/1/322 428/5/321
f 273/3/201 272/6/200 279/1/207
f 279/1/207 281/2/209 273/3/201
f 272/3/200 271/6/199 282/1/210
f 282/1/210 274/2/202 272/3/200
f 432/2/325 433/1/325 434/8/325
f 435/8/326 436/4/326 437/2/326
f 438/1/327 439/5/327 440/4/327
f 441/4/328 442/2/328 443/1/328
f 444/1/329 276/2/204 278/3/206
f 278/3/206 422/6/315 444/1/329
f 280/1/208 279/2/207 444/3/329
f 444/3/329 422/6/315 280/1/208
f 276/1/204 445/2/330 426/3/319
f 426/3/319 277/6/205 276/1/204
f 445/1/330 430/2/323 428/3/321
f 428/3/321 426/6/319 445/1/330
f 283/1/211 446/2/331 321/3/246
f 321/3/246 274/6/202 283/1/211
f 274/1/202 321/2/246 320/3/245
f 320/1/245 275/2/203 274/3/202
f 447/1/332 288/7/215 287/27/214
f 287/27/214 285/6/213 447/1/332
f 448/7/333 449/3/333 450/27/333
f 289/7/216 451/2/334 452/3/335
f 452/3/335 287/27/214 289/7/216
f 451/1/334 453/7/336 454/27/337
f 454/27/337 452/6/335 451/1/334
f 453/7/336 455/2/338 456/3/339
f 456/3/339 454/27/337 453/7/336
f 455/1/338 457/7/340 458/27/341
f 458/27/341 456/6/339 455/1/338
f 457/7/340 459/2/342 460/3/343
f 460/3/343 458/27/341 457/7/340
f 459/1/342 461/7/344 462/27/345
f 462/27/345 460/6/343 459/1/342
f 461/7/344 463/2/346 464/3/347
f 464/3/347 462/27/345 461/7/344
f 463/7/346 465/2/348 466/3/349
f 466/3/349 464/27/347 463/7/346
f 465/1/348 467/7/350 468/27/351
f 468/27/351 466/6/349 465/1/348
f 467/7/350 469/2/352 470/3/353
f 470/3/353 468/27/351 467/7/350
f 471/1/354 472/2/355 473/3/356
f 473/3/356 474/6/357 471/1/354
f 475/1/358 474/8/357 476/28/359
f 473/4/356 476/28/359 474/8/357
f 472/1/355 477/2/360 478/3/361
f 478/3/361 473/6/356 472/1/355
f 473/4/356 478/5/361 479/26/362
f 479/26/362 476/28/359 473/4/356
f 478/4/361 480/5/363 481/26/364
f 481/26/364 479/28/362 478/4/361
f 477/1/360 482/2/365 480/3/363
f 480/3/363 478/6/361 477/1/360
f 480/4/363 483/5/366 484/26/367
f 484/26/367 481/28/364 480/4/363
f 482/1/365 485/2/368 483/3/366
f 483/3/366 480/6/363 482/1/365
f 483/4/366 486/5/369 487/26/370
f 487/26/370 484/28/367 483/4/366
f 485/1/368 488/2/371 486/3/369
f 486/3/369 483/6/366 485/1/368
f 486/4/369 489/5/372 490/26/373
f 490/26/373 487/28/370 486/4/369
f 488/1/371 491/2/374 489/3/372
f 489/3/372 486/6/369 488/1/371
f 491/1/374 492/2/375 493/3/376
f 493/3/376 489/6/372 491/1/374
f 489/4/372 493/5/376 494/26/377
f 494/26/377 490/28/373 489/4/372
f 495/2/378 496/1/378 497/5/378
f 498/5/379 499/4/379 500/2/379
f 501/4/380 502/5/380 503/7/380
f 504/7/381 505/2/381 506/4/381
f 507/2/382 508/1/382 509/29/382
f 510/29/383 511/15/383 512/2/383
f 513/1/384 514/2/384 515/4/384
f 516/4/385 517/23/385 518/1/385
f 519/2/386 520/1/387 339/5/258
f 339/5/258 521/4/388 519/2/386
f 520/2/387 522/1/389 340/5/259
f 340/5/259 339/4/258 520/2/387
f 522/2/389 295/30/220 294/9/219
f 294/9/219 340/4/259 522/2/389
f 492/1/375 491/2/374 523/3/390
f 523/3/390 524/6/391 492/1/375
f 524/5/391 523/4/390 525/28/392
f 525/28/392 526/31/393 524/5/391
f 340/2/259 297/6/222 300/1/225
f 297/6/222 340/2/259 294/3/219
f 297/3/222 296/6/221 527/1/394
f 527/1/394 298/2/223 297/3/222
f 528/32/395 529/1/395 530/2/395
f 531/2/396 532/15/396 533/32/396
f 534/5/397 535/1/397 536/2/397
f 537/2/398 538/4/398 539/5/398
f 540/1/399 541/5/399 542/4/399
f 543/4/400 544/2/400 545/1/400
f 546/2/401 547/4/401 548/5/401
f 549/5/402 550/1/402 551/2/402
f 301/1/226 552/2/403 553/3/404
f 553/3/404 302/6/227 301/1/226
f 552/1/403 554/2/405 555/3/406
f 555/3/406 553/6/404 552/1/403
f 554/1/405 556/2/407 557/3/408
f 557/3/408 555/6/406 554/1/405
f 556/1/407 558/2/409 559/3/410
f 559/3/410 557/6/408 556/1/407
f 558/1/409 560/2/411 561/3/412
f 561/3/412 559/6/410 558/1/409
f 560/1/411 562/2/413 563/3/414
f 563/3/414 561/6/412 560/1/411
f 562/1/413 304/2/229 306/3/231
f 306/3/231 563/6/414 562/1/413
f 305/1/230 310/2/235 309/3/234
f 309/3/234 306/6/231 305/1/230
f 308/1/233 311/2/236 313/3/238
f 313/3/238 309/6/234 308/1/233
f 312/1/237 564/2/415 316/3/241
f 316/3/241 313/6/238 312/1/237
f 316/3/241 315/6/240 335/1/254
f 335/1/254 337/2/256 316/3/241
f 316/1/241 564/2/415 565/3/416
f 565/1/416 314/2/239 316/3/241
f 566/5/417 567/15/417 568/29/417
f 569/3/418 315/1/240 314/2/239
f 570/4/419 571/33/419 572/34/419
f 573/34/420 574/5/420 575/4/420
f 314/1/239 565/2/416 576/3/421
f 576/3/421 569/6/418 314/1/239
f 577/4/422 578/5/422 579/1/422
f 580/1/423 581/2/423 582/4/423
f 583/1/424 584/7/424 585/5/424
f 586/4/425 587/5/425 588/1/425
f 589/1/426 590/2/426 591/4/426
f 592/4/427 593/5/427 594/1/427
f 595/1/428 596/2/428 597/4/428
f 598/4/429 599/5/429 600/1/429
f 601/1/430 602/2/430 603/4/430
f 604/4/431 605/5/432 606/1/433
f 607/1/434 608/2/434 609/4/434
f 610/4/435 611/5/435 612/1/435
f 613/1/436 606/2/433 605/4/432
f 614/4/437 615/5/437 616/1/437
f 617/1/438 618/2/438 619/4/438
f 620/4/439 621/5/439 622/1/439
f 623/1/440 624/2/440 625/4/440
f 626/4/441 627/5/442 628/1/441
f 628/1/441 629/2/443 626/4/441
f 630/4/444 631/5/444 632/1/444
f 633/1/445 634/2/445 635/4/445
f 636/4/446 637/5/446 638/1/446
f 639/1/447 640/2/447 641/4/447
f 642/4/448 643/5/448 644/1/448
f 645/1/449 646/2/449 647/4/449
f 648/4/450 649/5/450 650/1/450
f 651/1/451 652/2/451 653/4/451
f 654/4/452 655/5/452 656/1/452
f 657/1/453 658/2/453 659/4/453
f 660/4/454 661/5/454 662/1/454
f 663/1/455 664/2/455 665/4/455
f 666/4/456 667/5/456 668/1/456
f 669/1/457 670/2/457 671/4/457
f 318/4/243 320/5/245 322/1/247
f 322/1/247 672/2/458 318/4/243
f 317/1/242 275/2/203 320/3/245
f 320/3/245 318/6/243 317/1/242
f 673/1/459 674/2/459 675/5/459
f 446/1/331 375/2/278 374/3/277
f 374/3/277 321/6/246 446/1/331
f 676/15/460 677/9/460 678/25/460
f 679/25/461 680/28/461 681/15/461
f 682/9/462 683/4/462 684/28/462
f 685/28/463 686/25/463 687/9/463
f 688/1/464 472/2/355 471/3/354
f 471/3/354 689/6/465 688/1/464
f 688/4/464 690/1/466 691/28/467
f 690/1/466 688/4/464 689/8/465
f 692/4/468 693/5/468 694/2/468
f 695/2/469 696/17/469 697/15/469
f 491/1/374 488/2/371 698/3/470
f 698/3/470 523/6/390 491/1/374
f 523/4/390 698/5/470 699/26/471
f 699/26/471 525/28/392 523/4/390
f 488/1/371 485/2/368 700/3/472
f 700/3/472 698/6/470 488/1/371
f 698/4/470 700/5/472 701/26/473
f 701/26/473 699/28/471 698/4/470
f 485/1/368 482/2/365 702/3/474
f 702/3/474 700/6/472 485/1/368
f 700/4/472 702/5/474 703/26/475
f 703/26/475 701/28/473 700/4/472
f 702/4/474 704/5/476 705/26/477
f 705/26/477 703/28/475 702/4/474
f 482/1/365 477/2/360 704/3/476
f 704/3/476 702/6/474 482/1/365
f 704/4/476 688/5/464 691/26/467
f 691/26/467 705/28/477 704/4/476
f 477/1/360 472/2/355 688/3/464
f 688/3/464 704/6/476 477/1/360
f 706/2/478 707/1/478 708/5/478
f 709/5/479 710/35/479 711/2/479
f 712/2/480 713/1/480 714/5/480
f 715/5/481 716/4/481 717/2/481
f 718/2/482 719/1/482 720/5/482
f 721/5/483 722/4/483 723/2/483
f 724/2/484 725/27/485 726/7/486
f 725/27/485 727/6/487 728/1/488
f 728/1/488 726/7/486 725/27/485
f 729/2/489 730/1/489 731/5/489
f 732/5/490 733/4/490 734/2/490
f 735/2/491 736/1/491 737/5/491
f 738/5/492 739/4/492 740/2/492
f 331/21/252 330/24/251 741/19/493
f 741/19/493 742/20/494 331/21/252
f 521/1/388 338/2/257 743/3/495
f 743/3/495 744/6/496 521/1/388
f 521/1/388 339/2/258 300/3/225
f 300/3/225 338/6/257 521/1/388
f 745/3/497 746/6/498 747/1/499
f 747/1/499 748/2/500 745/3/497
f 749/28/501 750/1/501 751/31/501
f 395/3/298 364/6/273 357/1/270
f 357/1/270 396/2/299 395/3/298
f 752/19/502 753/20/503 343/21/262
f 343/21/262 342/24/261 752/19/502
f 753/21/503 752/24/502 754/19/504
f 754/19/504 755/20/505 753/21/503
f 756/1/506 757/2/507 747/4/499
f 747/4/499 746/5/498 756/1/506
f 757/1/507 758/2/508 748/4/500
f 748/4/500 747/5/499 757/1/507
f 759/19/509 760/20/510 755/21/505
f 755/21/505 754/24/504 759/19/509
f 760/19/510 759/20/509 742/21/494
f 742/21/494 741/24/493 760/19/510
f 761/2/511 762/3/512 763/6/513
f 764/2/514 765/3/515 766/6/516
f 766/6/516 765/1/515 767/2/517
f 768/2/518 769/3/519 770/6/520
f 768/2/518 771/3/521 769/6/519
f 768/2/518 772/3/522 771/6/521
f 768/2/518 773/3/523 772/6/522
f 768/2/518 774/3/524 773/6/523
f 761/2/511 763/3/513 775/6/525
f 776/3/526 761/6/511 775/2/525
f 777/3/527 776/6/526 778/2/528
f 775/1/525 778/2/528 776/6/526
f 765/2/515 779/3/529 780/6/530
f 780/2/530 767/3/517 765/6/515
f 779/2/529 781/3/531 782/6/532
f 782/6/532 780/1/530 779/2/529
f 781/2/531 768/3/518 770/6/520
f 770/6/520 782/1/532 781/2/531
f 832/4/44 833/4/44 786/4/44 785/4/44
f 790/4/44 787/4/44 833/4/44 832/4/44
f 789/4/44 791/4/44 793/4/44 787/4/44
f 792/4/44 834/4/44 835/4/44 793/4/44
f 834/4/44 817/4/44 836/4/44 835/4/44
f 836/4/44 819/4/44 794/4/44 796/4/44
f 817/4/44 816/4/44 819/4/44 836/4/44
f 794/4/44 822/4/44 837/4/44 795/4/44
f 822/4/44 797/4/44 799/4/44 837/4/44
f 838/4/44 839/4/44 798/4/44 797/4/44
f 840/4/44 841/4/44 839/4/44 838/4/44
f 842/4/44 843/4/44 841/4/44 840/4/44
f 844/4/44 845/4/44 843/4/44 842/4/44
f 811/4/44 846/4/44 845/4/44 844/4/44
f 800/4/44 802/4/44 846/4/44 811/4/44
f 848/4/44 801/4/44 800/4/44 847/4/44
f 848/4/44 847/4/44 813/4/44 849/4/44
f 850/4/44 849/4/44 817/4/44 834/4/44
f 849/4/44 813/4/44 815/4/44 817/4/44
f 804/4/44 850/4/44 834/4/44 792/4/44
f 805/4/44 807/4/44 804/4/44 803/4/44
f 852/4/44 806/4/44 805/4/44 851/4/44
f 854/4/44 852/4/44 851/4/44 853/4/44
f 854/4/44 853/4/44 855/4/44 856/4/44
f 856/4/44 855/4/44 808/4/44 857/4/44
f 857/4/44 808/4/44 784/4/44 783/4/44
f 809/4/44 832/4/44 785/4/44 784/4/44
f 855/4/44 858/4/44 809/4/44 808/4/44
f 858/4/44 790/4/44 832/4/44 809/4/44
f 853/4/44 859/4/44 858/4/44 855/4/44
f 859/4/44 788/4/44 790/4/44 858/4/44
f 859/4/44 860/4/44 789/4/44 788/4/44
f 853/4/44 851/4/44 860/4/44 859/4/44
f 851/4/44 805/4/44 810/4/44 860/4/44
f 860/4/44 810/4/44 791/4/44 789/4/44
f 810/4/44 803/4/44 792/4/44 791/4/44
f 812/4/44 811/4/44 826/4/44 825/4/44
f 826/4/44 811/4/44 844/4/44 861/4/44
f 813/4/44 812/4/44 825/4/44 814/4/44
f 847/4/44 800/4/44 812/4/44 813/4/44
f 818/4/44 830/4/44 820/4/44 819/4/44
f 819/4/44 820/4/44 822/4/44 794/4/44
f 830/4/44 828/4/44 821/4/44 820/4/44
f 828/4/44 840/4/44 838/4/44 821/4/44
f 821/4/44 838/4/44 797/4/44 822/4/44
f 814/4/44 825/4/44 824/4/44 823/4/44
f 815/4/44 823/4/44 831/4/44 816/4/44
f 824/4/44 826/4/44 861/4/44 862/4/44
f 862/4/44 861/4/44 827/4/44 829/4/44
f 831/4/44 829/4/44 830/4/44 818/4/44
f 861/4/44 844/4/44 842/4/44 827/4/44
f 827/4/44 842/4/44 840/4/44 828/4/44
usemtl Material.010
f 863/7/533 864/36/533 865/27/533
f 866/27/534 867/6/534 868/1/534
f 869/3/535 870/37/535 871/2/535
f 873/27/536 874/6/536 875/1/536
f 876/27/537 877/6/537 878/1/537
f 879/38/538 880/36/538 881/39/538
f 882/26/539 883/9/539 884/7/539
f 885/37/540 886/2/540 887/3/540
f 888/40/541 889/3/541 890/41/541
f 891/27/542 892/6/542 893/1/542
f 894/1/543 895/7/543 896/27/543
f 897/37/544 898/2/544 899/3/544
f 900/1/545 901/7/545 902/27/545
f 903/1/546 904/7/546 905/27/546
f 906/1/547 907/7/547 908/27/547
f 909/1/548 910/7/548 911/27/548
f 912/1/549 913/7/549 914/27/549
f 915/1/550 916/7/550 917/27/550
f 918/1/551 919/7/551 920/27/551
f 921/27/552 922/6/552 923/1/552
f 924/27/553 925/6/553 926/1/553
f 927/27/554 928/6/554 929/1/554
f 930/27/555 931/6/555 932/1/555
f 933/27/556 934/6/556 935/1/556
f 936/27/557 937/6/557 938/1/557
f 939/1/558 940/7/558 941/9/558
f 942/9/559 943/5/559 944/1/559
f 945/5/560 946/9/560 947/7/560
f 948/7/561 949/1/561 950/5/561
f 951/9/562 952/7/562 953/2/562
f 954/2/563 955/4/563 956/9/563
f 957/27/564 958/7/564 959/2/564
f 960/2/565 961/3/565 962/27/565
f 963/1/566 964/7/566 965/27/566
f 966/27/567 967/7/567 968/3/567
f 969/2/568 970/3/568 971/7/568
f 972/7/569 973/27/569 974/36/569
f 975/27/570 976/6/571 977/1/572
f 976/27/571 978/6/573 979/1/574
f 979/1/574 977/7/572 976/27/571
f 978/27/573 980/6/575 981/1/576
f 981/1/576 979/7/574 978/27/573
f 980/27/575 872/6/577 982/1/578
f 982/1/578 981/7/576 980/27/575
f 982/1/578 983/27/579 984/6/580
f 983/1/579 982/27/578 872/6/577
f 985/27/581 986/6/581 987/1/581
f 988/1/582 989/7/582 990/27/582
f 991/9/583 992/4/583 993/2/583
f 994/2/584 995/7/584 996/9/584
f 997/25/585 998/5/585 999/9/585
f 1000/5/586 1001/25/586 1002/1/586
f 1003/42/587 1004/37/588 1005/2/589
f 1005/2/589 1006/3/590 1003/42/587
f 1007/2/591 1008/3/591 1009/42/591
f 1010/42/592 1011/37/592 1012/2/592
f 1004/42/588 1013/37/593 1014/2/594
f 1014/2/594 1005/3/589 1004/42/588
f 1015/2/595 1016/3/595 1017/42/595
f 1018/42/596 1019/37/596 1020/2/596
f 1013/42/593 1021/37/597 1022/2/598
f 1022/2/598 1014/3/594 1013/42/593
f 1023/2/599 1024/3/599 1025/42/599
f 1026/42/600 1027/37/600 1028/2/600
f 1029/2/601 1030/3/601 1031/42/601
f 1032/42/602 1033/37/602 1034/2/602
f 1021/42/597 1035/37/603 1036/2/604
f 1036/2/604 1022/3/598 1021/42/597
f 1035/42/603 1037/37/605 1038/2/606
f 1038/2/606 1036/3/604 1035/42/603
f 1039/2/607 1040/3/607 1041/42/607
f 1042/42/608 1043/37/608 1044/2/608
f 1037/42/605 1045/37/609 1046/2/610
f 1046/2/610 1038/3/606 1037/42/605
f 1047/2/611 1048/3/611 1049/42/611
f 1050/42/612 1051/37/612 1052/2/612
f 1045/42/609 1053/37/613 1054/2/614
f 1054/2/614 1046/3/610 1045/42/609
f 1055/2/615 1056/3/615 1057/42/615
f 1058/42/616 1059/37/616 1060/2/616
f 1053/42/613 1061/37/617 1062/2/618
f 1062/2/618 1054/3/614 1053/42/613
f 1063/2/619 1064/3/619 1065/42/619
f 1066/42/620 1067/37/620 1068/2/620
f 1069/1/621 1070/27/621 1071/6/621
f 1072/1/622 1073/27/622 1074/6/622
f 1075/27/623 1076/1/624 1077/7/625
f 1078/27/626 1079/1/626 1080/7/626
f 1081/27/44 1082/6/44 1083/1/44
f 1083/1/44 1084/7/44 1081/27/44
f 1085/7/627 1086/3/627 1087/27/627
f 1088/7/628 1089/3/628 1090/27/628
f 1091/3/629 1092/7/630 1093/2/631
f 1094/7/632 1095/3/632 1096/27/632
f 1097/3/633 1098/43/633 1099/2/633
f 1100/43/634 1093/3/631 1092/44/630
f 1101/3/635 1102/45/635 1103/2/635
f 1104/45/636 1105/3/636 1106/44/636
f 1107/3/637 1108/7/637 1109/2/637
f 1110/7/638 1111/3/638 1112/27/638
f 1113/3/639 1114/7/639 1115/2/639
f 1116/7/640 1117/3/640 1118/27/640
f 1119/46/641 1120/7/641 1121/47/641
f 1122/7/642 1123/46/642 1124/27/642
f 1125/46/643 1126/7/643 1127/47/643
f 1128/7/644 1129/46/644 1130/27/644
f 1131/27/645 1132/7/645 1133/2/645
f 1134/2/646 1135/3/646 1136/27/646
f 1137/2/647 1138/3/647 1139/42/647
f 1140/42/648 1141/37/648 1142/2/648
f 1143/2/649 1144/3/649 1145/42/649
f 1146/42/650 1147/37/650 1148/2/650
f 1149/2/651 1150/3/651 1151/42/651
f 1152/42/652 1153/37/652 1154/2/652
f 1155/2/653 1156/3/653 1157/42/653
f 1158/42/654 1159/37/654 1160/2/654
f 1161/2/655 1162/3/655 1163/42/655
f 1164/42/656 1165/37/656 1166/2/656
f 1167/2/657 1168/3/657 1169/42/657
f 1170/42/658 1171/37/658 1172/2/658
f 1173/2/659 1174/3/659 1175/42/659
f 1176/42/660 1177/37/660 1178/2/660
f 1179/2/661 1180/3/661 1181/42/661
f 1182/42/662 1183/37/662 1184/2/662
f 1185/2/663 1186/3/663 1187/42/663
f 1188/42/664 1189/37/664 1190/2/664
f 1191/27/665 1192/1/665 1193/7/665
f 1194/27/666 1077/1/625 1076/7/624
f 1195/1/667 1196/7/667 1197/27/667
f 1198/27/668 1199/6/668 1200/1/668
f 1201/1/669 1202/7/669 1203/27/669
f 1204/27/670 1205/6/670 1206/1/670
f 1207/1/671 1208/7/671 1209/27/671
f 1210/27/672 1211/6/672 1212/1/672
f 1213/1/673 1214/7/673 1215/27/673
f 1216/1/674 1217/7/674 1218/27/674
f 1219/1/675 1220/7/675 1221/27/675
f 1222/27/676 1223/6/676 1224/1/676
f 1225/1/677 1226/7/677 1227/27/677
f 1228/27/678 1229/6/678 1230/1/678
f 1231/1/679 1232/7/679 1233/27/679
f 1234/27/680 1235/6/680 1236/1/680
f 1237/1/681 1238/7/682 977/27/572
f 977/27/572 979/6/574 1237/1/681
f 1239/27/683 1240/1/683 1241/7/683
f 1242/1/684 1243/27/684 1244/6/684
f 1245/3/685 1246/42/686 1247/37/687
f 1247/37/687 1248/2/688 1245/3/685
f 1247/42/687 1249/37/689 1250/2/690
f 1250/2/690 1248/3/688 1247/42/687
f 1249/42/689 1251/37/691 1252/2/692
f 1252/2/692 1250/3/690 1249/42/689
f 1251/42/691 1253/37/693 1254/2/694
f 1254/2/694 1252/3/692 1251/42/691
f 1253/42/693 1255/37/695 1256/2/696
f 1256/2/696 1254/3/694 1253/42/693
f 1255/42/695 1257/37/697 1258/2/698
f 1258/2/698 1256/3/696 1255/42/695
f 1257/42/697 1259/37/699 1260/2/700
f 1260/2/700 1258/3/698 1257/42/697
f 1259/42/699 1261/37/701 1262/2/702
f 1262/2/702 1260/3/700 1259/42/699
f 1261/42/701 1263/37/703 1264/2/704
f 1264/2/704 1262/3/702 1261/42/701
f 1265/27/705 1266/6/705 1267/1/705
f 1268/1/706 1269/7/706 1270/27/706
f 1271/1/707 1272/7/707 1273/27/707
f 1274/1/708 1275/7/708 1276/27/708
f 1277/1/709 1278/7/709 1279/27/709
f 1280/27/710 1281/6/710 1282/1/710
f 1283/1/711 1284/7/711 1285/27/711
f 1286/27/712 1287/6/712 1288/1/712
f 1289/27/713 1290/1/713 1291/7/713
f 1292/27/714 1293/1/714 1294/7/714
f 1295/1/715 1296/7/715 1297/27/715
f 1298/1/716 1299/7/716 1300/27/716
f 1301/1/717 1302/27/717 1303/6/717
f 1304/1/718 1305/27/718 1306/6/718
usemtl Material.005
f 1307/7/719 1308/2/720 1309/3/721
f 1310/48/722 1311/49/723 1312/5/724
f 1313/48/725 1314/49/726 1315/5/727
f 1316/7/728 1317/2/729 1318/3/730
f 1319/5/731 1320/4/732 1321/48/733
f 1322/1/734 1323/7/735 1324/27/736
f 1319/5/731 1325/4/737 1320/48/732
f 1326/5/738 1327/4/739 1328/48/740
f 1326/5/738 1329/4/741 1327/48/739
f 1332/7/742 1333/2/743 1334/3/744
f 1330/27/745 1335/7/746 1336/3/747
f 1337/2/748 1336/3/747 1335/7/746
f 1338/2/749 1331/3/750 1336/27/747
f 1336/27/747 1339/7/751 1338/2/749
f 1340/5/752 1341/4/753 1342/48/754
f 1343/5/755 1344/4/756 1345/48/757
f 1348/5/758 1349/4/759 1350/48/760
f 1351/5/761 1352/4/762 1353/48/763
f 1354/5/764 1355/4/765 1356/48/766
f 1357/5/767 1358/4/768 1359/48/769
f 1360/5/770 1361/4/771 1341/48/753
f 1357/5/767 1354/4/764 1362/48/772
f 1333/7/743 1369/3/773 1334/27/744
f 1369/27/773 1370/2/774 1371/3/775
f 1370/2/774 1369/27/773 1333/7/743
f 1371/27/775 1307/2/719 1309/3/721
f 1307/2/719 1371/27/775 1370/7/774
f 1348/5/758 1311/4/723 1310/48/722
f 1310/48/722 1372/49/776 1348/5/758
f 1348/5/758 1373/48/777 1349/49/759
f 1373/5/777 1348/48/758 1372/49/776
f 1348/5/758 1350/4/760 1313/48/725
f 1313/48/725 1311/49/723 1348/5/758
f 1311/48/723 1313/49/725 1315/5/727
f 1315/5/727 1312/4/724 1311/48/723
f 1350/5/760 1374/4/778 1314/48/726
f 1314/48/726 1313/49/725 1350/5/760
f 1375/7/779 1376/2/780 1347/3/781
f 1347/3/781 1346/27/782 1375/7/779
f 1375/2/779 1346/3/782 1377/27/783
f 1377/27/783 1378/7/784 1375/2/779
f 1376/7/780 1379/2/785 1318/3/730
f 1318/3/730 1347/27/781 1376/7/780
f 1350/5/760 1380/4/786 1381/48/787
f 1381/48/787 1374/49/778 1350/5/760
f 1379/7/785 1382/50/44 1316/2/728
f 1316/2/728 1318/51/730 1379/7/785
f 1380/5/786 1353/4/763 1383/48/788
f 1383/48/788 1381/49/787 1380/5/786
f 1353/5/763 1384/4/789 1385/48/790
f 1385/48/790 1383/49/788 1353/5/763
f 1384/5/789 1356/4/766 1386/48/791
f 1386/48/791 1385/49/790 1384/5/789
f 1317/7/729 1387/2/792 1363/3/793
f 1363/3/793 1318/27/730 1317/7/729
f 1356/5/766 1355/4/765 1388/48/794
f 1388/48/794 1386/49/791 1356/5/766
f 1387/7/792 1389/2/795 1366/3/796
f 1366/3/796 1363/27/793 1387/7/792
f 1355/5/765 1359/4/769 1390/48/797
f 1390/48/797 1388/49/794 1355/5/765
f 1359/5/769 1358/4/768 1391/48/798
f 1391/48/798 1390/49/797 1359/5/769
f 1389/7/795 1392/2/799 1367/40/800
f 1367/40/800 1365/27/801 1389/7/795
f 1389/2/795 1365/3/801 1364/27/802
f 1364/3/802 1366/27/796 1389/7/795
f 1367/52/800 1393/1/803 1394/6/804
f 1393/11/803 1367/53/800 1392/54/799
f 1358/5/768 1319/4/731 1321/48/733
f 1321/48/733 1391/49/798 1358/5/768
f 1393/1/803 1322/7/734 1324/27/736
f 1324/27/736 1394/6/804 1393/1/803
f 1319/5/731 1395/4/805 1396/48/806
f 1396/48/806 1325/49/737 1319/5/731
f 1395/5/805 1397/4/807 1398/48/808
f 1398/48/808 1396/49/806 1395/5/805
f 1397/5/807 1399/4/809 1400/48/810
f 1400/48/810 1398/49/808 1397/5/807
f 1399/5/809 1401/4/811 1402/48/812
f 1402/48/812 1400/49/810 1399/5/809
f 1401/5/811 1326/4/738 1328/48/740
f 1328/48/740 1402/49/812 1401/5/811
f 1335/2/746 1330/3/745 1403/27/813
f 1403/27/813 1404/7/814 1335/2/746
f 1331/27/750 1338/7/749 1368/3/815
f 1405/5/816 1406/4/817 1407/48/818
f 1407/48/818 1408/49/819 1405/5/816
f 1409/48/820 1410/49/821 1405/5/816
f 1405/48/816 1408/49/819 1409/5/820
f 1326/5/738 1340/4/752 1342/48/754
f 1342/48/754 1329/49/741 1326/5/738
f 1336/27/747 1337/7/748 1411/2/822
f 1411/7/822 1339/2/751 1336/3/747
f 1378/2/784 1377/3/783 1412/27/823
f 1412/27/823 1413/7/824 1378/2/784
f 1341/5/753 1361/4/771 1414/48/825
f 1414/48/825 1342/49/754 1341/5/753
f 1361/5/771 1343/4/755 1345/48/757
f 1345/48/757 1414/49/825 1361/5/771
f 1343/5/755 1410/4/821 1409/48/820
f 1409/48/820 1344/49/756 1343/5/755
f 1406/5/817 1349/4/759 1373/48/777
f 1373/48/777 1407/49/818 1406/5/817
f 1349/5/759 1406/4/817 1380/48/786
f 1380/48/786 1350/49/760 1349/5/759
f 1406/5/817 1405/4/816 1353/48/763
f 1353/48/763 1380/49/786 1406/5/817
f 1352/5/762 1415/4/826 1384/48/789
f 1384/48/789 1353/49/763 1352/5/762
f 1405/48/816 1410/49/821 1351/5/761
f 1351/48/761 1353/49/763 1405/5/816
f 1415/5/826 1416/4/827 1356/48/766
f 1356/48/766 1384/49/789 1415/5/826
f 1416/5/827 1360/4/770 1354/48/764
f 1354/48/764 1356/49/766 1416/5/827
f 1354/5/764 1357/4/767 1359/48/769
f 1359/48/769 1355/49/765 1354/5/764
f 1357/5/767 1395/4/805 1319/48/731
f 1319/48/731 1358/49/768 1357/5/767
f 1357/5/767 1362/4/772 1397/48/807
f 1397/48/807 1395/49/805 1357/5/767
f 1362/5/772 1417/4/828 1399/48/809
f 1399/48/809 1397/49/807 1362/5/772
f 1417/5/828 1418/4/829 1401/48/811
f 1401/48/811 1399/49/809 1417/5/828
f 1418/5/829 1340/4/752 1326/48/738
f 1326/48/738 1401/49/811 1418/5/829
f 1418/5/829 1419/4/830 1341/48/753
f 1341/48/753 1340/49/752 1418/5/829
f 1341/5/753 1419/4/830 1354/48/764
f 1354/5/764 1360/4/770 1341/48/753
f 1415/5/826 1352/4/762 1343/48/755
f 1343/48/755 1361/49/771 1415/5/826
f 1361/48/771 1360/49/770 1416/5/827
f 1416/5/827 1415/4/826 1361/48/771
f 1352/5/762 1351/4/761 1410/48/821
f 1410/48/821 1343/49/755 1352/5/762
f 1368/27/815 1332/2/742 1334/3/744
f 1332/2/742 1368/3/815 1338/7/749
usemtl Material.008
f 1420/55/831 1421/56/831 1422/57/831
f 1423/58/832 1424/57/832 1425/59/832
f 1426/60/833 1427/61/833 1428/62/833
f 1429/62/834 1430/61/834 1431/57/834
f 1432/63/835 1433/64/835 1434/55/835
f 1435/55/836 1436/65/836 1437/63/836
f 1438/63/837 1439/65/837 1440/66/837
f 1441/66/838 1442/67/838 1443/63/838
f 1444/64/839 1445/68/839 1446/56/839
f 1447/56/840 1448/55/840 1449/64/840
f 1450/69/841 1451/67/841 1452/66/841
f 1453/70/842 1454/56/842 1455/68/842
f 1456/65/843 1457/55/843 1458/57/843
f 1459/57/844 1460/61/844 1461/65/844
f 1462/65/845 1463/61/845 1464/60/845
f 1465/60/846 1466/66/846 1467/65/846
f 1468/56/847 1469/70/847 1470/59/847
f 1471/59/848 1472/57/848 1473/56/848
f 1474/15/849 1475/71/849 1476/22/849
f 1477/72/849 1476/22/849 1475/71/849
f 1478/5/850 1479/4/850 1480/3/850
f 1481/5/851 1482/4/852 1483/3/853
f 1484/3/854 1485/6/854 1486/5/854
f 1487/5/855 1488/4/855 1489/3/855
f 1490/6/856 1491/4/856 1492/3/856
f 1493/3/857 1494/6/858 1495/5/859
f 1496/5/860 1497/4/860 1498/3/860
f 1499/5/861 1500/4/861 1501/3/861
f 1502/4/862 1495/3/859 1494/6/858
f 1503/4/863 1504/3/864 1505/6/865
f 1506/5/866 1507/4/866 1508/3/866
f 1509/5/867 1510/4/867 1511/3/867
f 1512/5/868 1513/4/868 1514/3/868
f 1515/5/869 1516/4/869 1517/3/869
f 1518/5/870 1519/4/870 1520/3/870
f 1521/3/871 1522/6/871 1523/5/871
f 1524/3/872 1525/6/872 1526/5/872
f 1527/5/873 1528/4/873 1529/3/874
f 1530/5/875 1531/4/875 1532/3/875
f 1533/3/876 1534/6/876 1535/5/876
f 1536/3/877 1537/5/877 1538/4/877
f 1539/5/878 1540/3/878 1541/6/878
f 1542/5/879 1543/4/879 1544/3/879
f 1545/3/880 1546/6/880 1547/5/880
f 1548/5/881 1549/3/881 1550/6/881
f 1551/3/882 1552/6/882 1553/5/882
f 1554/5/883 1555/4/883 1556/3/883
f 1557/5/884 1558/3/884 1559/6/884
f 1560/5/885 1561/3/885 1562/6/885
f 1563/5/886 1564/4/886 1565/3/886
f 1566/3/887 1567/6/887 1568/5/887
f 1570/5/888 1571/4/889 1572/3/890
f 1572/3/890 1569/6/891 1570/5/888
f 1573/5/892 1574/4/892 1575/3/892
f 1576/3/893 1577/6/893 1578/5/893
f 1579/3/894 1580/6/894 1581/5/894
f 1582/5/895 1583/4/895 1584/3/895
f 1587/5/896 1588/4/896 1585/3/897
f 1589/5/898 1590/4/899 1586/3/900
f 1586/3/900 1585/6/901 1589/5/898
f 1590/5/899 1591/4/902 1592/3/903
f 1592/3/903 1586/6/900 1590/5/899
f 1591/5/902 1593/4/904 1594/3/905
f 1594/3/905 1592/6/903 1591/5/902
f 1593/5/904 1481/4/851 1483/3/853
f 1483/3/853 1594/6/905 1593/5/904
f 1482/5/852 1597/4/906 1595/3/907
f 1595/3/907 1483/6/853 1482/5/852
f 1597/5/906 1598/4/908 1596/3/909
f 1596/3/909 1595/6/907 1597/5/906
f 1599/5/910 1600/4/910 1601/3/910
f 1602/3/911 1603/6/911 1604/5/911
f 1605/5/912 1606/4/912 1607/3/912
f 1608/3/913 1609/6/913 1610/5/913
f 1611/5/914 1612/4/914 1613/3/914
f 1614/3/915 1615/6/915 1616/5/915
f 1617/5/916 1618/4/916 1619/3/916
f 1620/3/917 1621/6/917 1622/5/917
f 1623/3/918 1624/6/918 1625/73/918
f 1626/73/919 1627/74/919 1628/3/919
f 1629/5/920 1630/4/920 1631/3/920
f 1632/3/921 1633/6/921 1634/5/921
f 1635/5/922 1636/4/922 1637/3/922
f 1638/6/923 1639/5/923 1640/4/923
f 1641/3/924 1642/6/924 1643/5/924
f 1644/5/925 1645/4/925 1646/3/925
f 1647/3/926 1648/6/926 1649/5/926
f 1650/5/927 1651/4/927 1652/3/927
f 1653/3/928 1654/6/928 1655/5/928
f 1656/5/929 1657/4/929 1658/3/929
f 1493/3/857 1659/6/930 1660/5/931
f 1660/5/931 1494/4/858 1493/3/857
f 1659/3/930 1661/6/932 1662/5/933
f 1662/5/933 1660/4/931 1659/3/930
f 1663/3/934 1664/6/934 1665/5/934
f 1666/5/935 1667/4/935 1668/3/935
f 1669/5/936 1670/4/937 1662/3/933
f 1662/3/933 1671/6/938 1669/5/936
f 1670/5/937 1672/4/939 1660/3/931
f 1660/3/931 1662/6/933 1670/5/937
f 1672/5/939 1502/4/862 1494/3/858
f 1494/3/858 1660/6/931 1672/5/939
f 1502/5/862 1503/4/863 1505/3/865
f 1505/3/865 1495/6/859 1502/5/862
f 1503/5/863 1673/4/940 1674/3/941
f 1674/3/941 1504/6/864 1503/5/863
f 1675/5/942 1676/4/942 1677/3/942
f 1678/3/943 1679/6/943 1680/5/943
f 1681/5/944 1682/4/944 1683/3/944
f 1684/3/945 1685/6/945 1686/5/945
f 1570/5/888 1687/4/946 1589/3/898
f 1589/3/898 1571/6/889 1570/5/888
f 1687/5/946 1688/4/947 1590/3/899
f 1590/3/899 1589/6/898 1687/5/946
f 1688/5/947 1689/4/948 1591/3/902
f 1591/3/902 1590/6/899 1688/5/947
f 1689/5/948 1690/4/949 1593/3/904
f 1593/3/904 1591/6/902 1689/5/948
f 1690/4/949 1482/3/852 1481/6/851
f 1481/3/851 1593/6/904 1690/5/949
f 1690/5/949 1691/4/950 1597/3/906
f 1597/3/906 1482/6/852 1690/5/949
f 1691/5/950 1692/4/951 1598/3/908
f 1598/3/908 1597/6/906 1691/5/950
f 1692/5/951 1693/4/952 1694/3/953
f 1694/3/953 1598/6/908 1692/5/951
f 1693/5/952 1695/4/954 1696/3/955
f 1696/3/955 1694/6/953 1693/5/952
f 1697/5/956 1698/4/956 1699/3/956
f 1700/3/957 1701/6/957 1702/5/957
f 1703/3/958 1704/6/958 1705/5/958
f 1706/5/959 1707/4/959 1708/3/959
f 1710/5/960 1711/4/960 1712/3/960
f 1713/3/961 1714/6/961 1715/5/961
f 1716/5/962 1717/4/962 1718/3/962
f 1719/3/963 1720/6/963 1721/5/963
f 1722/5/964 1723/4/964 1724/3/964
f 1725/5/965 1726/4/965 1727/3/965
f 1728/5/966 1729/4/966 1730/3/966
f 1731/3/967 1732/6/967 1733/5/967
f 1734/3/968 1735/6/968 1736/5/968
f 1737/5/969 1738/4/969 1739/3/969
f 1740/3/970 1741/6/970 1742/5/970
f 1743/5/971 1744/4/971 1745/3/971
f 1746/3/972 1747/6/972 1748/5/972
f 1749/3/973 1750/6/973 1751/5/973
f 1752/3/974 1753/6/974 1754/5/974
f 1755/5/975 1756/4/975 1757/3/976
f 1758/3/977 1759/6/978 1760/5/977
f 1761/5/979 1762/4/979 1763/3/980
f 1764/5/981 1765/4/982 1766/3/981
f 1767/3/983 1768/6/983 1769/5/984
f 1769/3/985 1529/75/874 1759/76/986
f 1769/3/985 1759/77/986 1763/78/987
f 1765/3/982 1769/79/985 1763/80/987
f 1765/3/982 1763/81/987 1709/82/988
f 1765/3/982 1709/83/988 1757/84/989
f 1770/5/990 1771/4/990 1772/3/990
f 1773/5/991 1774/4/991 1775/3/991
f 1776/5/992 1777/4/992 1778/3/992
f 1779/5/993 1780/4/993 1781/3/993
f 1782/5/994 1783/4/994 1784/3/994
f 1785/5/995 1786/4/995 1787/3/995
f 1788/5/996 1789/4/996 1790/3/996
f 1791/5/997 1792/4/997 1793/3/997
f 1794/3/998 1795/6/998 1796/5/998
f 1797/5/999 1798/4/999 1799/3/999
f 1800/5/1000 1801/4/1000 1802/3/1000
f 1803/5/1001 1804/4/1001 1805/3/1001
f 1806/3/1002 1807/6/1002 1808/5/1002
f 1809/5/1003 1810/4/1003 1811/3/1003
f 1812/5/1004 1813/4/1004 1814/3/1004
f 1815/5/1005 1816/4/1005 1817/3/1005
f 1818/5/1006 1819/4/1006 1820/3/1006
f 1821/3/1007 1822/6/1007 1823/5/1007
f 1824/3/1008 1825/6/1008 1826/5/1008
f 1827/5/1009 1828/4/1009 1829/3/1009
f 1830/3/1010 1831/6/1011 1832/5/1012
f 1833/3/1013 1834/6/1013 1835/5/1013
f 1836/5/1014 1837/4/1014 1838/3/1014
f 1839/3/1015 1840/6/1015 1841/5/1015
f 1842/3/1016 1843/6/1016 1844/5/1016
f 1845/3/1017 1846/6/1017 1847/5/1017
f 1848/5/1018 1849/4/1018 1850/3/1018
f 1851/5/1019 1852/4/1019 1853/3/1019
f 1854/3/1020 1855/6/1020 1856/5/1020
f 1857/3/1021 1858/6/1021 1859/5/1021
f 1860/3/1022 1861/6/1023 1862/5/1024
f 1862/5/1024 1831/4/1011 1860/3/1022
f 1863/5/1025 1864/4/1025 1865/3/1025
f 1866/5/1026 1867/4/1027 1868/3/1028
f 1869/3/1029 1870/6/1029 1871/5/1029
f 1872/5/1030 1873/4/1030 1874/3/1030
f 1875/5/1031 1876/4/1031 1877/3/1031
f 1878/3/1032 1879/6/1032 1880/5/1032
f 1881/3/1033 1882/6/1034 1883/5/1035
f 1884/5/1036 1885/4/1036 1886/3/1036
f 1887/5/1037 1888/4/1038 1889/3/1039
f 1890/5/1040 1887/4/1037 1889/3/1039
f 1889/3/1039 1891/6/1041 1890/5/1040
f 1892/5/1042 1893/4/1042 1894/3/1042
f 1895/5/1043 1896/4/1043 1897/3/1043
f 1898/5/1044 1899/4/1044 1900/3/1044
f 1901/3/1045 1902/6/1045 1903/4/1045
f 1904/6/1046 1905/5/1046 1906/4/1046
f 1907/3/1047 1908/6/1047 1909/5/1047
f 1910/5/1048 1911/4/1049 1912/3/1050
f 1913/5/1051 1914/4/1051 1915/3/1051
f 1916/3/1052 1917/6/1052 1918/5/1052
f 1919/5/1053 1920/4/1054 1921/3/1055
f 1922/5/1056 1923/4/1057 1924/3/1058
f 1925/5/44 1926/4/44 1927/3/44
f 1928/3/1059 1929/6/1059 1930/5/1059
f 1931/5/1060 1932/4/1060 1933/3/1060
f 1934/5/1061 1935/4/1061 1936/3/1061
f 1937/5/1062 1938/4/1062 1939/3/1062
f 1890/5/1040 1891/4/1041 1940/3/1063
f 1940/3/1063 1941/6/1064 1890/5/1040
f 1942/5/1065 1943/4/1065 1944/3/1065
f 1945/5/1066 1946/4/1066 1947/3/1066
f 1948/3/1067 1949/6/1067 1950/5/1067
f 1951/5/1068 1952/4/1068 1953/3/1068
f 1954/3/1069 1955/6/1069 1956/5/1069
f 1957/5/1070 1958/4/1070 1959/3/1070
f 1960/3/1071 1961/6/1071 1962/5/1071
f 1963/5/1072 1964/4/1072 1965/3/1072
f 1966/3/1073 1967/6/1073 1968/5/1073
f 1969/5/1074 1970/4/1074 1971/3/1074
f 1972/5/1075 1973/4/1075 1974/3/1075
f 1975/3/1076 1976/6/1076 1977/5/1076
f 1978/3/1077 1979/6/1077 1980/5/1077
f 1981/5/1078 1982/4/1078 1983/3/1078
f 1984/3/1079 1985/6/1079 1986/5/1079
f 1987/5/1080 1988/4/1080 1989/3/1080
f 1990/3/1081 1991/6/1081 1992/5/1081
f 1993/3/1082 1994/6/1082 1995/5/1082
f 1996/5/1083 1997/4/1083 1998/3/1083
f 1999/5/1084 2000/4/1084 2001/3/1084
f 2002/3/1085 2003/6/1085 2004/5/1085
f 2005/5/1086 2006/4/1086 2007/3/1086
f 2008/3/1087 2009/6/1087 2010/5/1087
f 2011/5/1088 2012/4/1088 2013/3/1088
f 2014/3/1089 2015/6/1089 2016/5/1089
f 2017/5/1090 2018/4/1090 2019/3/1090
f 2020/3/1091 2021/6/1091 2022/5/1091
f 2023/5/1092 2024/4/1092 2025/3/1092
f 2026/3/1093 2027/6/1093 2028/5/1093
f 2029/5/1094 2030/4/1094 2031/3/1094
f 2032/3/1095 2033/6/1095 2034/5/1095
f 2035/5/1096 2036/4/1096 2037/3/1096
f 2038/3/1097 2039/6/1097 2040/5/1097
f 2041/5/1098 2042/4/1098 2043/3/1098
f 2044/3/1099 2045/6/1099 2046/5/1099
f 2047/5/1100 2048/4/1100 2049/3/1100
f 2050/3/1101 2051/6/1101 2052/5/1101
f 2053/5/1102 2054/4/1102 2055/3/1102
f 2056/3/1103 2057/6/1103 2058/5/1103
f 2059/5/1104 2060/4/1104 2061/3/1104
f 2062/3/1105 2063/6/1105 2064/5/1105
f 2065/5/1106 2066/4/1106 2067/3/1106
f 2068/3/1107 2069/6/1107 2070/5/1107
f 2071/5/1108 2072/4/1108 2073/3/1108
f 2074/3/1109 2075/6/1109 2076/5/1109
f 2077/5/1110 2078/4/1110 2079/3/1110
f 2080/3/1111 2081/6/1111 2082/5/1111
f 2083/3/1112 2084/6/1112 2085/5/1112
f 2086/5/1113 2087/4/1113 2088/3/1113
f 2089/5/1114 2090/4/1114 2091/3/1114
f 2092/3/1115 2093/6/1115 2094/5/1115
f 2095/3/1116 2096/6/1116 2097/5/1116
f 2098/5/1117 2099/4/1117 2100/3/1117
f 2101/5/1118 2102/4/1118 2103/3/1118
f 2104/5/1119 2105/4/1119 2106/3/1119
f 2107/3/1120 2108/6/1120 2109/5/1120
f 2110/5/1121 2111/4/1121 2112/3/1121
f 2113/5/1122 2114/4/1122 2115/3/1122
f 2116/3/1123 2117/6/1123 2118/5/1123
f 2119/3/1124 2120/6/1124 2121/5/1124
f 2122/5/1125 2123/4/1125 2124/3/1125
f 1832/5/1012 2125/4/1126 2126/3/1127
f 2126/3/1127 1830/6/1010 1832/5/1012
f 2127/5/1128 2128/4/1128 2129/3/1128
f 2130/3/1129 2131/6/1129 2132/5/1129
f 2126/3/1127 2125/6/1126 2133/5/1130
f 2133/5/1130 2134/4/1131 2126/3/1127
f 2135/3/1132 2136/6/1132 2137/5/1132
f 2138/5/1133 2139/4/1133 2140/3/1133
f 2141/3/1134 2142/6/1134 2143/5/1134
f 2144/5/1135 2145/4/1135 2146/3/1135
f 2147/3/1136 2148/6/1136 2149/5/1136
f 2150/5/1137 2151/4/1137 2152/3/1137
f 2153/3/1138 2154/6/1138 2155/5/1138
f 2156/5/1139 2157/4/1139 2158/3/1139
f 2159/3/1140 2160/6/1140 2161/5/1140
f 2162/5/1141 2163/4/1141 2164/3/1141
f 2165/3/1142 2166/6/1142 2167/5/1142
f 2168/5/1143 2169/4/1143 2170/3/1143
f 2171/3/1144 2172/6/1144 2173/5/1144
f 2174/5/1145 2175/4/1145 2176/3/1145
f 2177/3/1146 2178/6/1146 2179/5/1146
f 2180/5/1147 2181/4/1147 2182/3/1147
f 2183/3/1148 2184/6/1148 2185/5/1148
f 2186/5/1149 2187/4/1149 2188/3/1149
f 2189/3/1150 2190/6/1150 2191/5/1150
f 2192/5/1151 2193/4/1151 2194/3/1151
f 2195/3/1152 2196/6/1152 2197/5/1152
f 2198/5/1153 2199/4/1153 2200/3/1153
f 2201/5/1154 2202/4/1154 2203/3/1154
f 2204/3/1155 2205/6/1155 2206/5/1155
f 2207/3/1156 2208/6/1156 2209/5/1156
f 2210/5/1157 2211/4/1157 2212/3/1157
f 2213/5/1158 2214/4/1158 2215/3/1158
f 2216/3/1159 2217/6/1159 2218/5/1159
f 2219/3/1160 2220/6/1160 2221/5/1160
f 2222/5/1161 2223/4/1161 2224/3/1161
f 2225/3/1162 2226/6/1162 2227/5/1162
f 2228/5/1163 2229/4/1163 2230/3/1163
f 2231/3/1164 2232/6/1164 2233/5/1164
f 2234/5/1165 2235/4/1165 2236/3/1165
f 2237/3/1166 2238/6/1166 2239/5/1166
f 2240/5/1167 2241/4/1167 2242/3/1167
f 2243/3/1168 2244/6/1168 2245/5/1168
f 2246/5/1169 2247/4/1169 2248/3/1169
f 2249/3/1170 2250/6/1170 2251/5/1170
f 2252/5/1171 2253/4/1171 2254/3/1171
f 2255/3/1172 2256/6/1172 2257/5/1172
f 2258/5/1173 2259/4/1173 2260/3/1173
f 2261/3/1174 2262/6/1174 2263/5/1174
f 2264/5/1175 2265/4/1175 2266/3/1175
f 2267/3/1176 2268/6/1176 2269/5/1176
f 2270/5/1177 2271/4/1177 2272/3/1177
f 2273/3/1178 2274/6/1178 2275/5/1178
f 2276/5/1179 2277/4/1179 2278/3/1179
f 2279/3/1180 2280/6/1180 2281/5/1180
f 2282/5/1181 2283/4/1181 2284/3/1181
f 2285/3/1182 2286/6/1182 2287/5/1182
f 2288/5/1183 2289/4/1183 2290/3/1183
f 2291/3/1184 2292/6/1184 2293/5/1184
f 2294/5/1185 2295/4/1185 2296/3/1185
f 2297/3/1186 2298/6/1186 2299/5/1186
f 2300/5/1187 2301/4/1187 2302/3/1187
f 2303/3/1188 2304/6/1188 2305/5/1188
f 2306/5/1189 2307/4/1189 2308/3/1189
f 2309/3/1190 2310/6/1190 2311/5/1190
f 2312/5/1191 2313/4/1191 2314/3/1191
f 2315/5/1192 2316/4/1192 2317/3/1192
f 2318/3/1193 2319/6/1193 2320/5/1193
f 2321/3/1194 2322/6/1194 2323/5/1194
f 2324/5/1195 2325/4/1195 2326/3/1195
f 2327/3/1196 2328/6/1196 2329/5/1196
f 2330/5/1197 2331/4/1197 2332/3/1197
f 1868/3/1028 1867/6/1027 1890/5/1040
f 1890/5/1040 1941/4/1064 1868/3/1028
f 1867/3/1027 1866/6/1026 2333/5/1198
f 2333/5/1198 2334/4/1199 1867/3/1027
f 2335/5/1200 2336/4/1200 2337/3/1200
f 2338/3/1201 2339/6/1201 2340/5/1201
f 2341/5/1202 2342/4/1202 2343/3/1202
f 2344/3/1203 2345/6/1203 2346/5/1203
f 2347/5/1204 2348/4/1204 2349/3/1204
f 2350/3/1205 2351/6/1205 2352/5/1205
f 2353/5/1206 2354/4/1206 2355/3/1206
f 2356/5/1207 2357/4/1207 2358/3/1207
f 2359/3/1208 2360/6/1208 2361/5/1208
f 2362/5/1209 2363/4/1209 2364/3/1209
f 2365/3/1210 2366/6/1210 2367/5/1210
f 2368/3/1211 2369/6/1211 2370/5/1211
f 2371/5/1212 2372/4/1212 2373/3/1212
f 2374/3/1213 2375/6/1213 2376/5/1213
f 1912/5/1050 1911/4/1049 2334/3/1199
f 2334/3/1199 2333/6/1198 1912/5/1050
f 2377/3/1214 2378/6/1215 2379/5/1216
f 2379/5/1216 2380/4/1217 2377/3/1214
f 2381/5/1218 2382/4/1218 2383/3/1218
f 2384/3/1219 2385/6/1219 2386/5/1219
f 1861/3/1023 2380/6/1217 2379/5/1216
f 2379/5/1216 1862/4/1024 1861/3/1023
f 2387/5/1220 2388/4/1220 2389/3/1220
f 2390/3/1221 2391/6/1221 2392/5/1221
f 2393/5/1222 2394/4/1222 2395/3/1222
f 2396/3/1223 2397/6/1223 2398/5/1223
f 2399/5/1224 2400/4/1224 2401/3/1224
f 2402/3/1225 2403/6/1225 2404/5/1225
f 2405/3/1226 2406/6/1226 2407/5/1226
f 2408/5/1227 2409/4/1227 2410/3/1227
f 2411/5/1228 2412/4/1228 2413/3/1228
f 2414/3/1229 2415/6/1229 2416/5/1229
f 2417/5/1230 1883/4/1035 1882/3/1034
f 1882/3/1034 2418/6/1231 2417/5/1230
f 1862/3/1024 2379/6/1216 2419/5/1232
f 2419/5/1232 1888/4/1038 1862/3/1024
f 1888/5/1038 1887/4/1037 2420/3/1233
f 2420/3/1233 1862/6/1024 1888/5/1038
f 1862/3/1024 2420/6/1233 1832/5/1012
f 1832/5/1012 1831/4/1011 1862/3/1024
f 2421/5/1234 2422/4/1234 2423/3/1234
f 2424/3/1235 2425/6/1235 2426/5/1235
f 2427/5/1236 2428/4/1236 2429/3/1236
f 2430/3/1237 2431/6/1237 2432/5/1237
f 1911/3/1049 1910/6/1048 2433/5/1238
f 2433/5/1238 2434/4/1239 1911/3/1049
f 1921/3/1055 1920/6/1054 2435/5/1240
f 2435/5/1240 2436/4/1241 1921/3/1055
f 1920/3/1054 1919/6/1053 1924/5/1058
f 1924/5/1058 1923/4/1057 1920/3/1054
f 2134/5/1131 2133/4/1130 1923/3/1057
f 1923/5/1057 1922/4/1056 2134/3/1131
f 2437/5/1242 2438/4/1242 2439/3/1242
f 2440/3/1243 2441/6/1243 2442/5/1243
f 2443/3/1244 2444/6/1244 2445/5/1244
f 2446/5/1245 2447/4/1245 2448/3/1245
f 2449/5/1246 2450/4/1247 2451/3/1248
f 2451/3/1248 2452/6/1249 2449/5/1246
f 2452/3/1249 2451/6/1248 2453/5/1250
f 2453/5/1250 2454/4/1251 2452/3/1249
f 2455/3/1252 2456/6/1252 2457/5/1252
f 2458/3/1253 2459/6/1253 2460/5/1253
f 1940/3/1063 1891/6/1041 2461/5/1254
f 2461/5/1254 2462/4/1255 1940/3/1063
f 2454/3/1251 2453/6/1250 2450/5/1247
f 2450/5/1247 2449/4/1246 2454/3/1251
f 2433/3/1238 2436/6/1241 2435/5/1240
f 2435/5/1240 2434/4/1239 2433/3/1238
f 2464/4/44 2465/4/44 2463/4/44 2466/4/44
f 2467/3/1256 2468/6/1257 2469/5/1258
f 2468/3/1257 2470/6/1259 2471/5/1260
f 2472/5/1261 2473/4/1262 2470/3/1259
f 2470/5/1259 2473/4/1262 2471/3/1260
f 2474/3/1263 2475/6/1264 2476/5/1265
f 2477/3/1266 2478/6/1267 2479/5/1268
f 2480/3/1269 2481/6/1270 2482/5/1271
f 2476/5/1265 2479/4/1268 2481/3/1270
f 2481/3/1270 2479/6/1268 2482/5/1271
f 2468/5/1257 2471/4/1260 2483/3/1272
f 2483/5/1272 2469/4/1258 2468/3/1257
f 2470/3/1259 2484/6/1273 2485/5/1274
f 2485/5/1274 2472/4/1261 2470/3/1259
f 2484/3/1273 2474/6/1263 2476/5/1265
f 2476/5/1265 2485/4/1274 2484/3/1273
f 2475/3/1264 2477/6/1266 2479/5/1268
f 2479/5/1268 2476/4/1265 2475/3/1264
f 2478/3/1267 2486/6/1275 2482/5/1271
f 2482/5/1271 2479/4/1268 2478/3/1267
f 2486/3/1275 2487/6/1276 2480/5/1269
f 2480/5/1269 2482/4/1271 2486/3/1275
f 2481/3/1270 2488/6/1277 2485/5/1274
f 2485/5/1274 2476/4/1265 2481/3/1270
f 2488/3/1277 2489/6/1278 2472/5/1261
f 2472/5/1261 2485/4/1274 2488/3/1277
f 2489/3/1278 2490/6/1279 2473/5/1262
f 2473/5/1262 2472/4/1261 2489/3/1278
f 2490/3/1279 2483/6/1272 2471/5/1260
f 2471/5/1260 2473/4/1262 2490/3/1279
f 2491/3/1280 2492/6/1281 2493/5/1282
f 2491/3/1280 2493/5/1282 2494/4/1283
f 2495/3/1284 2496/6/1285 2497/5/1286
f 2492/3/1281 2498/6/1287 2499/5/1288
f 2499/5/1288 2493/4/1282 2492/3/1281
f 2498/3/1287 2500/6/1289 2501/5/1290
f 2501/5/1290 2499/4/1288 2498/3/1287
f 2500/3/1289 2495/6/1284 2497/5/1286
f 2497/5/1286 2501/4/1290 2500/3/1289
f 2496/3/1285 2502/6/1291 2503/5/1292
f 2503/5/1292 2504/4/1293 2496/3/1285
f 2504/3/1293 2505/6/1294 2497/5/1286
f 2497/3/1286 2496/6/1285 2504/5/1293
f 2505/3/1294 2506/6/1295 2501/5/1290
f 2501/5/1290 2497/4/1286 2505/3/1294
f 2506/3/1295 2507/6/1296 2499/5/1288
f 2499/5/1288 2501/4/1290 2506/3/1295
f 2507/3/1296 2494/6/1283 2493/5/1282
f 2493/5/1282 2499/4/1288 2507/3/1296
usemtl Material.004
f 2508/85/1297 2509/3/1298 2510/4/1299
f 2509/3/1298 2511/86/1300 2510/4/1299
f 2512/85/1301 2513/3/1302 2514/4/1303
f 2513/3/1302 2515/86/1304 2514/4/1303
f 2516/85/1305 2517/3/1306 2518/4/1307
f 2517/3/1306 2519/86/1308 2518/4/1307
f 2520/85/1309 2521/3/1310 2522/4/1311
f 2521/3/1310 2523/86/1312 2522/4/1311
f 2524/85/1313 2525/3/1314 2526/4/1315
f 2525/3/1314 2527/86/1316 2526/4/1315
f 2528/85/1317 2529/3/1318 2530/4/1319
f 2529/3/1318 2531/86/1320 2530/4/1319
f 2532/85/1321 2533/3/1322 2534/4/1323
f 2533/3/1322 2535/86/1324 2534/4/1323
f 2536/85/1325 2537/3/1326 2538/4/1327
f 2537/3/1326 2539/86/1328 2538/4/1327
f 2540/85/1329 2541/3/1330 2542/4/1331
f 2541/3/1330 2543/86/1332 2542/4/1331
f 2544/85/1333 2545/3/1334 2546/4/1335
f 2545/3/1334 2547/86/1336 2546/4/1335
f 2548/85/1337 2549/3/1338 2550/4/1339
f 2549/3/1338 2551/86/1340 2550/4/1339
f 2552/85/1341 2553/3/1342 2554/4/1343
f 2553/3/1342 2555/86/1344 2554/4/1343
f 2556/85/1345 2557/3/1346 2558/4/1347
f 2557/3/1346 2559/86/1348 2558/4/1347
f 2560/85/1349 2561/3/1350 2562/4/1351
f 2561/3/1350 2563/86/1352 2562/4/1351
f 2564/85/1353 2565/3/1354 2566/4/1355
f 2565/3/1354 2567/86/1356 2566/4/1355
f 2568/85/1357 2569/3/1358 2570/4/1359
f 2569/3/1358 2571/86/1360 2570/4/1359
f 2572/85/1361 2573/3/1362 2574/4/1363
f 2573/3/1362 2575/86/1364 2574/4/1363
f 2576/85/1365 2577/3/1366 2578/4/1367
f 2577/3/1366 2579/86/1368 2578/4/1367
f 2580/85/1369 2581/3/1370 2582/4/1371
f 2581/3/1370 2583/86/1372 2582/4/1371
f 2584/85/1373 2585/3/1374 2586/4/1375
f 2585/3/1374 2587/86/1376 2586/4/1375
f 2588/85/1377 2589/3/1377 2590/4/1378
f 2591/85/1379 2592/3/1379 2590/4/1380
f 2593/85/1381 2594/3/1381 2590/4/1382
f 2595/85/1383 2596/3/1383 2590/4/1384
f 2597/85/1385 2598/3/1386 2599/4/1387
f 2598/3/1386 2600/86/1388 2599/4/1387
f 2601/85/1389 2602/3/1390 2603/4/1391
f 2602/3/1390 2604/86/1392 2603/4/1391
f 2605/85/1393 2606/3/1394 2607/4/1395
f 2606/3/1394 2608/86/1396 2607/4/1395
f 2609/85/1397 2610/3/1398 2611/4/1399
f 2610/3/1398 2612/86/1400 2611/4/1399
f 2613/27/1401 2614/27/1401 2615/27/1401
f 2616/27/1402 2617/27/1402 2618/27/1402
f 2619/27/1403 2620/27/1403 2621/27/1403
f 2622/27/1404 2623/27/1404 2624/27/1404
f 2625/27/1405 2626/27/1405 2627/27/1405
f 2628/27/1406 2629/27/1406 2630/27/1406
f 2631/27/1407 2632/27/1407 2633/27/1407
f 2634/27/1408 2635/27/1408 2636/27/1408
f 2637/27/1409 2638/27/1409 2639/27/1409
f 2640/27/1410 2641/27/1410 2642/27/1410
f 2643/27/1411 2644/27/1411 2645/27/1411
f 2646/27/1412 2647/27/1412 2648/27/1412
f 2649/2/1413 2650/87/1414 2651/88/1413
f 2652/88/1415 2650/87/1416 2653/2/1415
f 2649/2/1413 2651/88/1413 2654/27/1417
f 2652/88/1415 2653/2/1415 2654/27/1418
f 2654/2/1419 2655/87/1420 2656/27/1420
f 2657/27/1421 2658/87/1421 2654/2/1418
f 2655/87/1420 2650/88/1422 2656/27/1420
f 2658/87/1421 2657/27/1421 2650/88/1423
f 2659/2/1424 2660/87/1422 2661/88/1424
f 2662/88/1425 2660/87/1423 2663/2/1425
f 2659/2/1424 2661/88/1424 2664/27/1426
f 2662/88/1425 2663/2/1425 2664/27/1417
f 2664/2/1418 2665/87/1427 2666/27/1427
f 2667/27/1428 2668/87/1428 2664/2/1417
f 2665/87/1427 2660/88/1416 2666/27/1427
f 2668/87/1428 2667/27/1428 2660/88/1414
f 2669/2/1429 2670/87/1414 2671/88/1429
f 2672/88/1430 2670/87/1414 2673/2/1430
f 2669/2/1429 2671/88/1429 2674/27/1418
f 2672/88/1430 2673/2/1430 2674/27/1418
f 2674/2/1431 2675/87/1432 2676/27/1432
f 2677/27/1433 2678/87/1433 2674/2/1417
f 2675/87/1432 2670/88/1422 2676/27/1432
f 2678/87/1433 2677/27/1433 2670/88/849
f 2679/85/1434 2680/3/1435 2681/4/1436
f 2680/3/1435 2682/86/1437 2681/4/1436
f 2683/85/1438 2684/3/1439 2685/4/1440
f 2684/3/1439 2686/86/1441 2685/4/1440
f 2687/85/1442 2688/3/1443 2689/4/1444
f 2688/3/1443 2690/86/1445 2689/4/1444
f 2691/85/1446 2692/3/1447 2693/4/1448
f 2692/3/1447 2694/86/1449 2693/4/1448
f 2695/85/1450 2696/3/1451 2697/4/1452
f 2696/3/1451 2698/86/1453 2697/4/1452
f 2699/85/1454 2700/3/1455 2701/4/1456
f 2700/3/1455 2702/86/1457 2701/4/1456
f 2703/85/1458 2704/3/1459 2705/4/1460
f 2704/3/1459 2706/86/1461 2705/4/1460
f 2707/85/1462 2708/3/1463 2709/4/1464
f 2708/3/1463 2710/86/1465 2709/4/1464
f 2711/85/1466 2712/3/1467 2713/4/1468
f 2712/3/1467 2714/86/1469 2713/4/1468
f 2715/85/1470 2716/3/1471 2717/4/1472
f 2716/3/1471 2718/86/1473 2717/4/1472
f 2719/85/1474 2720/3/1475 2721/4/1476
f 2720/3/1475 2722/86/1477 2721/4/1476
f 2723/85/1478 2724/3/1479 2725/4/1480
f 2724/3/1479 2726/86/1481 2725/4/1480
f 2727/85/1482 2728/3/1483 2729/4/1484
f 2728/3/1483 2730/86/1485 2729/4/1484
f 2731/85/1486 2732/3/1487 2733/4/1488
f 2732/3/1487 2734/86/1489 2733/4/1488
f 2735/85/1490 2736/3/1491 2737/4/1492
f 2736/3/1491 2738/86/1493 2737/4/1492
f 2739/85/1494 2740/3/1495 2741/4/1496
f 2740/3/1495 2742/86/1497 2741/4/1496
f 2743/85/1498 2744/3/1499 2745/4/1500
f 2744/3/1499 2746/86/1501 2745/4/1500
f 2747/85/1502 2748/3/1503 2749/4/1504
f 2748/3/1503 2750/86/1505 2749/4/1504
f 2751/85/1506 2752/3/1507 2753/4/1508
f 2752/3/1507 2754/86/1509 2753/4/1508
f 2755/85/1510 2756/3/1511 2757/4/1512
f 2756/3/1511 2758/86/1513 2757/4/1512
f 2759/85/1514 2760/3/1514 2761/4/1515
f 2762/85/1516 2763/3/1516 2761/4/1515
f 2764/85/1517 2765/3/1517 2761/4/1518
f 2766/85/1519 2767/3/1519 2761/4/1520
f 2768/85/1521 2769/3/1522 2770/4/1523
f 2769/3/1522 2771/86/1524 2770/4/1523
f 2772/85/1525 2773/3/1526 2774/4/1527
f 2773/3/1526 2775/86/1528 2774/4/1527
f 2776/85/1529 2777/3/1530 2778/4/1531
f 2777/3/1530 2779/86/1532 2778/4/1531
f 2780/85/1533 2781/3/1534 2782/4/1535
f 2781/3/1534 2783/86/1536 2782/4/1535
f 2784/27/1537 2785/27/1537 2786/27/1537
f 2787/27/1538 2788/27/1538 2789/27/1538
f 2790/27/1539 2791/27/1539 2792/27/1539
f 2793/27/1540 2794/27/1540 2795/27/1540
f 2796/27/1541 2797/27/1541 2798/27/1541
f 2799/27/1542 2800/27/1542 2801/27/1542
f 2802/27/1543 2803/27/1543 2804/27/1543
f 2805/27/1544 2806/27/1544 2807/27/1544
f 2808/27/1545 2809/27/1545 2810/27/1545
f 2811/27/1546 2812/27/1546 2813/27/1546
f 2814/27/1547 2815/27/1547 2816/27/1547
f 2817/27/1548 2818/27/1548 2819/27/1548
f 2820/2/1413 2821/87/1414 2822/88/1413
f 2823/88/1415 2821/87/1414 2824/2/1415
f 2820/2/1413 2822/88/1413 2825/27/1417
f 2823/88/1415 2824/2/1415 2825/27/1418
f 2825/2/1426 2826/87/1420 2827/27/1420
f 2828/27/1421 2829/87/1421 2825/2/1417
f 2826/87/1420 2821/88/1549 2827/27/1420
f 2829/87/1421 2828/27/1421 2821/88/1550
f 2830/2/1424 2831/87/1422 2832/88/1424
f 2833/88/1551 2831/87/1550 2834/2/1551
f 2830/2/1424 2832/88/1424 2835/27/1419
f 2833/88/1551 2834/2/1551 2835/27/1419
f 2835/2/1418 2836/87/1427 2837/27/1427
f 2838/27/1428 2839/87/1428 2835/2/1418
f 2836/87/1427 2831/88/1414 2837/27/1427
f 2839/87/1428 2838/27/1428 2831/88/1414
f 2840/85/1552 2841/3/1553 2842/4/1554
f 2841/3/1553 2843/86/1555 2842/4/1554
f 2844/85/1556 2845/3/1557 2846/4/1558
f 2845/3/1557 2847/86/1559 2846/4/1558
f 2848/85/1560 2849/3/1561 2850/4/1562
f 2849/3/1561 2851/86/1563 2850/4/1562
f 2852/85/1564 2853/3/1565 2854/4/1566
f 2853/3/1565 2855/86/1567 2854/4/1566
f 2856/85/1568 2857/3/1569 2858/4/1570
f 2857/3/1569 2859/86/1571 2858/4/1570
f 2860/85/1572 2861/3/1573 2862/4/1574
f 2861/3/1573 2863/86/1575 2862/4/1574
f 2864/85/1576 2865/3/1577 2866/4/1578
f 2865/3/1577 2867/86/1579 2866/4/1578
f 2868/85/1580 2869/3/1581 2870/4/1582
f 2869/3/1581 2871/86/1583 2870/4/1582
f 2872/85/1584 2873/3/1585 2874/4/1586
f 2873/3/1585 2875/86/1587 2874/4/1586
f 2876/85/1588 2877/3/1589 2878/4/1590
f 2877/3/1589 2879/86/1591 2878/4/1590
f 2880/85/1592 2881/3/1593 2882/4/1594
f 2881/3/1593 2883/86/1595 2882/4/1594
f 2884/85/1596 2885/3/1597 2886/4/1598
f 2885/3/1597 2887/86/1599 2886/4/1598
f 2888/85/1600 2889/3/1601 2890/4/1602
f 2889/3/1601 2891/86/1603 2890/4/1602
f 2892/85/1604 2893/3/1605 2894/4/1606
f 2893/3/1605 2895/86/1607 2894/4/1606
f 2896/85/1608 2897/3/1609 2898/4/1610
f 2897/3/1609 2899/86/1611 2898/4/1610
f 2900/85/1612 2901/3/1613 2902/4/1614
f 2901/3/1613 2903/86/1615 2902/4/1614
f 2904/85/1616 2905/3/1617 2906/4/1618
f 2905/3/1617 2907/86/1619 2906/4/1618
f 2908/85/1620 2909/3/1621 2910/4/1622
f 2909/3/1621 2911/86/1623 2910/4/1622
f 2912/85/1624 2913/3/1625 2914/4/1626
f 2913/3/1625 2915/86/1627 2914/4/1626
f 2916/85/1628 2917/3/1629 2918/4/1630
f 2917/3/1629 2919/86/1631 2918/4/1630
f 2920/85/1632 2921/3/1632 2922/4/1633
f 2923/85/1634 2924/3/1634 2922/4/1635
f 2925/85/1636 2926/3/1636 2922/4/1637
f 2927/85/1638 2928/3/1638 2922/4/1639
f 2929/85/1640 2930/3/1641 2931/4/1642
f 2930/3/1641 2932/86/1643 2931/4/1642
f 2933/85/1644 2934/3/1645 2935/4/1646
f 2934/3/1645 2936/86/1647 2935/4/1646
f 2937/85/1648 2938/3/1649 2939/4/1650
f 2938/3/1649 2940/86/1651 2939/4/1650
f 2941/85/1652 2942/3/1653 2943/4/1654
f 2942/3/1653 2944/86/1655 2943/4/1654
f 2945/27/1656 2946/27/1656 2947/27/1656
f 2948/27/1657 2949/27/1657 2950/27/1657
f 2951/27/1658 2952/27/1658 2953/27/1658
f 2954/27/1659 2955/27/1659 2956/27/1659
f 2957/27/1660 2958/27/1660 2959/27/1660
f 2960/27/1661 2961/27/1661 2962/27/1661
f 2963/27/1662 2964/27/1662 2965/27/1662
f 2966/27/1663 2967/27/1663 2968/27/1663
f 2969/27/1664 2970/27/1664 2971/27/1664
f 2972/27/1665 2973/27/1665 2974/27/1665
f 2975/27/1666 2976/27/1666 2977/27/1666
f 2978/27/1667 2979/27/1667 2980/27/1667
f 2981/2/1668 2982/87/1669 2983/88/1668
f 2984/88/1670 2982/87/1671 2985/2/1670
f 2981/2/1668 2983/88/1668 2986/27/1672
f 2984/88/1670 2985/2/1670 2986/27/1673
f 2986/2/1674 2987/87/1675 2988/27/1675
f 2989/27/1676 2990/87/1676 2986/2/1677
f 2987/87/1675 2982/88/1669 2988/27/1675
f 2990/87/1676 2989/27/1676 2982/88/1678
f 2991/2/1679 2992/87/1669 2993/88/1679
f 2994/88/1680 2992/87/1678 2995/2/1680
f 2991/2/1679 2993/88/1679 2996/27/1681
f 2994/88/1680 2995/2/1680 2996/27/1673
f 2996/2/1681 2997/87/1682 2998/27/1682
f 2999/27/1683 3000/87/1683 2996/2/1672
f 2997/87/1682 2992/88/1669 2998/27/1682
f 3000/87/1683 2999/27/1683 2992/88/1669
f 3001/85/1684 3002/3/1685 3003/4/1686
f 3002/3/1685 3004/86/1687 3003/4/1686
f 3005/85/1687 3006/3/1688 3007/4/1689
f 3006/3/1688 3008/86/1690 3007/4/1689
f 3009/85/1691 3010/3/1692 3011/4/1693
f 3010/3/1692 3012/86/1694 3011/4/1693
f 3013/85/1695 3014/3/1696 3015/4/1697
f 3014/3/1696 3016/86/1684 3015/4/1697
f 3017/85/1698 3018/3/1699 3019/4/1700
f 3018/3/1699 3020/86/1701 3019/4/1700
f 3021/85/1701 3022/3/1702 3023/4/1703
f 3022/3/1702 3024/86/1704 3023/4/1703
f 3025/85/1704 3026/3/1705 3027/4/1706
f 3026/3/1705 3028/86/1707 3027/4/1706
f 3029/85/1707 3030/3/1708 3031/4/1709
f 3030/3/1708 3032/86/1698 3031/4/1709
f 3033/85/1710 3034/3/1711 3035/4/1712
f 3034/3/1711 3036/86/1713 3035/4/1712
f 3037/85/1713 3038/3/1714 3039/4/1715
f 3038/3/1714 3040/86/1716 3039/4/1715
f 3041/85/1716 3042/3/1717 3043/4/1718
f 3042/3/1717 3044/86/1719 3043/4/1718
f 3045/85/1720 3046/3/1721 3047/4/1722
f 3046/3/1721 3048/86/1723 3047/4/1722
f 3049/85/1724 3050/3/1725 3051/4/1726
f 3050/3/1725 3052/86/1727 3051/4/1726
f 3053/85/1727 3054/3/1728 3055/4/1729
f 3054/3/1728 3056/86/1730 3055/4/1729
f 3057/85/1730 3058/3/1731 3059/4/1732
f 3058/3/1731 3060/86/1733 3059/4/1732
f 3061/85/1733 3062/3/1734 3063/4/1735
f 3062/3/1734 3064/86/1736 3063/4/1735
f 3065/85/1737 3066/3/1738 3067/4/1739
f 3066/3/1738 3068/86/1740 3067/4/1739
f 3069/85/1741 3070/3/1742 3071/4/1743
f 3070/3/1742 3072/86/1744 3071/4/1743
f 3073/85/1745 3074/3/1746 3075/4/1747
f 3074/3/1746 3076/86/1748 3075/4/1747
f 3077/85/1749 3078/3/1750 3079/4/1751
f 3078/3/1750 3080/86/1752 3079/4/1751
f 3081/85/1753 3082/3/1753 3083/4/1754
f 3084/85/1755 3085/3/1755 3083/4/1756
f 3086/85/1757 3087/3/1757 3083/4/1758
f 3088/85/1759 3089/3/1759 3083/4/1754
f 3090/85/1760 3091/3/1761 3092/4/1762
f 3091/3/1761 3093/86/1763 3092/4/1762
f 3094/85/1764 3095/3/1765 3096/4/1766
f 3095/3/1765 3097/86/1767 3096/4/1766
f 3098/85/1767 3099/3/1768 3100/4/1769
f 3099/3/1768 3101/86/1770 3100/4/1769
f 3102/85/1770 3103/3/1771 3104/4/1772
f 3103/3/1771 3105/86/1760 3104/4/1772
f 3106/4/1773 3107/4/1773 3108/4/1773
f 3109/4/1774 3110/4/1774 3111/4/1774
f 3112/4/1775 3113/4/1775 3114/4/1775
f 3115/4/1776 3116/4/1776 3117/4/1776
f 3118/4/1777 3119/4/1777 3120/4/1777
f 3121/4/1778 3122/4/1778 3123/4/1778
f 3124/4/1779 3125/4/1779 3126/4/1779
f 3127/4/1780 3128/4/1780 3129/4/1780
f 3130/4/1781 3131/4/1781 3132/4/1781
f 3133/4/1782 3134/4/1782 3135/4/1782
f 3136/4/1783 3137/4/1783 3138/4/1783
f 3139/4/1784 3140/4/1784 3141/4/1784
f 3142/2/1785 3143/87/1786 3144/88/1785
f 3145/88/1787 3143/87/1788 3146/2/1787
f 3142/2/1785 3144/88/1785 3147/27/1789
f 3145/88/1787 3146/2/1787 3147/27/1790
f 3147/2/1790 3148/87/1791 3149/27/1791
f 3150/27/1792 3151/87/1792 3147/2/1793
f 3148/87/1791 3143/88/1794 3149/27/1791
f 3151/87/1792 3150/27/1792 3143/88/1795
f 3152/2/1796 3153/87/1794 3154/88/1796
f 3155/88/1797 3153/87/1795 3156/2/1797
f 3152/2/1796 3154/88/1796 3157/27/1790
f 3155/88/1797 3156/2/1797 3157/27/1798
f 3157/2/1799 3158/87/1800 3159/27/1800
f 3160/27/1801 3161/87/1801 3157/2/1793
f 3158/87/1800 3153/88/1802 3159/27/1800
f 3161/87/1801 3160/27/1801 3153/88/1802
f 3162/2/1803 3163/87/1804 3164/88/1803
f 3165/88/1805 3163/87/1794 3166/2/1805
f 3162/2/1803 3164/88/1803 3167/27/1789
f 3165/88/1805 3166/2/1805 3167/27/1806
f 3167/2/1793 3168/87/1807 3169/27/1807
f 3170/27/1808 3171/87/1808 3167/2/1809
f 3168/87/1807 3163/88/1810 3169/27/1807
f 3171/87/1808 3170/27/1808 3163/88/1794
f 3172/85/1811 3173/3/1812 3174/4/1813
f 3173/3/1812 3175/86/1814 3174/4/1813
f 3176/85/1815 3177/3/1816 3178/4/1817
f 3177/3/1816 3179/86/1818 3178/4/1817
f 3180/85/1819 3181/3/1820 3182/4/1821
f 3181/3/1820 3183/86/1822 3182/4/1821
f 3184/85/1823 3185/3/1824 3186/4/1825
f 3185/3/1824 3187/86/1826 3186/4/1825
f 3188/85/1827 3189/3/1828 3190/4/1829
f 3189/3/1828 3191/86/1830 3190/4/1829
f 3192/85/1831 3193/3/1832 3194/4/1833
f 3193/3/1832 3195/86/1834 3194/4/1833
f 3196/85/1835 3197/3/1836 3198/4/1837
f 3197/3/1836 3199/86/1838 3198/4/1837
f 3200/85/1839 3201/3/1840 3202/4/1841
f 3201/3/1840 3203/86/1842 3202/4/1841
f 3204/85/1843 3205/3/1844 3206/4/1845
f 3205/3/1844 3207/86/1846 3206/4/1845
f 3208/85/1847 3209/3/1848 3210/4/1849
f 3209/3/1848 3211/86/1850 3210/4/1849
f 3212/85/1851 3213/3/1852 3214/4/1853
f 3213/3/1852 3215/86/1854 3214/4/1853
f 3216/85/1855 3217/3/1856 3218/4/1857
f 3217/3/1856 3219/86/1858 3218/4/1857
f 3220/85/1859 3221/3/1860 3222/4/1861
f 3221/3/1860 3223/86/1862 3222/4/1861
f 3224/85/1863 3225/3/1864 3226/4/1865
f 3225/3/1864 3227/86/1866 3226/4/1865
f 3228/85/1867 3229/3/1868 3230/4/1869
f 3229/3/1868 3231/86/1870 3230/4/1869
f 3232/85/1871 3233/3/1872 3234/4/1873
f 3233/3/1872 3235/86/1874 3234/4/1873
f 3236/85/1875 3237/3/1876 3238/4/1877
f 3237/3/1876 3239/86/1878 3238/4/1877
f 3240/85/1879 3241/3/1880 3242/4/1881
f 3241/3/1880 3243/86/1882 3242/4/1881
f 3244/85/1883 3245/3/1884 3246/4/1885
f 3245/3/1884 3247/86/1886 3246/4/1885
f 3248/85/1887 3249/3/1888 3250/4/1889
f 3249/3/1888 3251/86/1890 3250/4/1889
f 3252/85/1891 3253/3/1891 3254/4/1892
f 3255/85/1893 3256/3/1893 3254/4/1894
f 3257/85/1895 3258/3/1895 3254/4/1896
f 3259/85/1897 3260/3/1897 3254/4/1898
f 3261/85/1899 3262/3/1900 3263/4/1901
f 3262/3/1900 3264/86/1902 3263/4/1901
f 3265/85/1903 3266/3/1904 3267/4/1905
f 3266/3/1904 3268/86/1906 3267/4/1905
f 3269/85/1907 3270/3/1908 3271/4/1909
f 3270/3/1908 3272/86/1910 3271/4/1909
f 3273/85/1911 3274/3/1912 3275/4/1913
f 3274/3/1912 3276/86/1914 3275/4/1913
f 3277/27/1915 3278/27/1915 3279/27/1915
f 3280/27/1916 3281/27/1916 3282/27/1916
f 3283/27/1917 3284/27/1917 3285/27/1917
f 3286/27/1918 3287/27/1918 3288/27/1918
f 3289/27/1919 3290/27/1919 3291/27/1919
f 3292/27/1920 3293/27/1920 3294/27/1920
f 3295/27/1921 3296/27/1921 3297/27/1921
f 3298/27/1922 3299/27/1922 3300/27/1922
f 3301/27/1923 3302/27/1923 3303/27/1923
f 3304/27/1924 3305/27/1924 3306/27/1924
f 3307/27/1925 3308/27/1925 3309/27/1925
f 3310/27/1926 3311/27/1926 3312/27/1926
f 3313/2/1927 3314/87/1928 3315/88/1927
f 3316/88/1929 3314/87/1930 3317/2/1929
f 3313/2/1927 3315/88/1927 3318/27/1931
f 3316/88/1929 3317/2/1929 3318/27/1932
f 3318/2/1933 3319/87/1934 3320/27/1934
f 3321/27/1935 3322/87/1935 3318/2/1936
f 3319/87/1934 3314/88/1928 3320/27/1934
f 3322/87/1935 3321/27/1935 3314/88/1928
f 3323/2/1937 3324/87/1928 3325/88/1937
f 3326/88/1938 3324/87/1928 3327/2/1938
f 3323/2/1937 3325/88/1937 3328/27/1939
f 3326/88/1938 3327/2/1938 3328/27/1940
f 3328/2/1941 3329/87/1942 3330/27/1942
f 3331/27/1943 3332/87/1943 3328/2/1944
f 3329/87/1942 3324/88/1930 3330/27/1942
f 3332/87/1943 3331/27/1943 3324/88/1945
f 3333/2/1946 3334/87/1947 3335/88/1946
f 3336/88/1948 3334/87/1949 3337/2/1948
f 3333/2/1946 3335/88/1946 3338/27/1944
f 3336/88/1948 3337/2/1948 3338/27/1950
f 3338/2/1931 3339/87/1951 3340/27/1951
f 3341/27/1952 3342/87/1952 3338/2/1950
f 3339/87/1951 3334/88/1947 3340/27/1951
f 3342/87/1952 3341/27/1952 3334/88/1953
f 3343/85/1954 3344/3/1955 3345/4/1956
f 3344/3/1955 3346/86/1957 3345/4/1956
f 3347/85/1957 3348/3/1958 3349/4/1959
f 3348/3/1958 3350/86/1960 3349/4/1959
f 3351/85/1960 3352/3/1961 3353/4/1962
f 3352/3/1961 3354/86/1963 3353/4/1962
f 3355/85/1963 3356/3/1964 3357/4/1965
f 3356/3/1964 3358/86/1954 3357/4/1965
f 3359/85/1966 3360/3/1967 3361/4/1968
f 3360/3/1967 3362/86/1969 3361/4/1968
f 3363/85/1969 3364/3/1970 3365/4/1971
f 3364/3/1970 3366/86/1972 3365/4/1971
f 3367/85/1972 3368/3/1973 3369/4/1974
f 3368/3/1973 3370/86/1975 3369/4/1974
f 3371/85/1975 3372/3/1976 3373/4/1977
f 3372/3/1976 3374/86/1966 3373/4/1977
f 3375/85/1978 3376/3/1979 3377/4/1980
f 3376/3/1979 3378/86/1981 3377/4/1980
f 3379/85/1981 3380/3/1982 3381/4/1983
f 3380/3/1982 3382/86/1984 3381/4/1983
f 3383/85/1984 3384/3/1985 3385/4/1986
f 3384/3/1985 3386/86/1987 3385/4/1986
f 3387/85/1987 3388/3/1988 3389/4/1989
f 3388/3/1988 3390/86/1978 3389/4/1989
f 3391/85/1990 3392/3/1991 3393/4/1992
f 3392/3/1991 3394/86/1993 3393/4/1992
f 3395/85/1993 3396/3/1994 3397/4/1995
f 3396/3/1994 3398/86/1996 3397/4/1995
f 3399/85/1996 3400/3/1997 3401/4/1998
f 3400/3/1997 3402/86/1999 3401/4/1998
f 3403/85/1999 3404/3/2000 3405/4/2001
f 3404/3/2000 3406/86/1990 3405/4/2001
f 3407/85/2002 3408/3/2003 3409/4/2004
f 3408/3/2003 3410/86/2005 3409/4/2004
f 3411/85/2006 3412/3/2007 3413/4/2008
f 3412/3/2007 3414/86/2009 3413/4/2008
f 3415/85/2010 3416/3/2011 3417/4/2012
f 3416/3/2011 3418/86/2013 3417/4/2012
f 3419/85/2014 3420/3/2015 3421/4/2016
f 3420/3/2015 3422/86/2017 3421/4/2016
f 3423/85/2018 3424/3/2018 3425/4/2019
f 3426/85/2020 3427/3/2020 3425/4/2021
f 3428/85/2022 3429/3/2022 3425/4/2019
f 3430/85/2023 3431/3/2023 3425/4/2024
f 3432/85/2025 3433/3/2026 3434/4/2027
f 3433/3/2026 3435/86/2028 3434/4/2027
f 3436/85/2028 3437/3/2029 3438/4/2030
f 3437/3/2029 3439/86/2031 3438/4/2030
f 3440/85/2032 3441/3/2033 3442/4/2034
f 3441/3/2033 3443/86/2035 3442/4/2034
f 3444/85/2035 3445/3/2036 3446/4/2037
f 3445/3/2036 3447/86/2025 3446/4/2037
f 3448/4/2038 3449/4/2038 3450/4/2038
f 3451/4/2039 3452/4/2039 3453/4/2039
f 3454/4/2040 3455/4/2040 3456/4/2040
f 3457/4/2041 3458/4/2041 3459/4/2041
f 3460/4/2042 3461/4/2042 3462/4/2042
f 3463/4/2043 3464/4/2043 3465/4/2043
f 3466/4/2044 3467/4/2044 3468/4/2044
f 3469/4/2045 3470/4/2045 3471/4/2045
f 3472/4/2046 3473/4/2046 3474/4/2046
f 3475/4/2047 3476/4/2047 3477/4/2047
f 3478/4/2048 3479/4/2048 3480/4/2048
f 3481/4/2049 3482/4/2049 3483/4/2049
f 3484/2/1413 3485/87/1414 3486/88/1413
f 3487/88/1415 3485/87/1416 3488/2/1415
f 3484/2/1413 3486/88/1413 3489/27/1417
f 3487/88/1415 3488/2/1415 3489/27/1418
f 3489/2/1419 3490/87/1420 3491/27/1420
f 3492/27/1421 3493/87/1421 3489/2/1418
f 3490/87/1420 3485/88/1422 3491/27/1420
f 3493/87/1421 3492/27/1421 3485/88/1423
f 3494/2/1424 3495/87/1416 3496/88/1424
f 3497/88/1425 3495/87/1423 3498/2/1425
f 3494/2/1424 3496/88/1424 3499/27/44
f 3497/88/1425 3498/2/1425 3499/27/1417
f 3499/2/1418 3500/87/1427 3501/27/1427
f 3502/27/1428 3503/87/1428 3499/2/1417
f 3500/87/1427 3495/88/1416 3501/27/1427
f 3503/87/1428 3502/27/1428 3495/88/1414
f 3504/2/1429 3505/87/1414 3506/88/1429
f 3507/88/1430 3505/87/1414 3508/2/1430
f 3504/2/1429 3506/88/1429 3509/27/1418
f 3507/88/1430 3508/2/1430 3509/27/1418
f 3509/2/1431 3510/87/1432 3511/27/1432
f 3512/27/1433 3513/87/1433 3509/2/1417
f 3510/87/1432 3505/88/1422 3511/27/1432
f 3513/87/1433 3512/27/1433 3505/88/1414
f 3514/85/2050 3515/3/2051 3516/4/2052
f 3515/3/2051 3517/86/2053 3516/4/2052
f 3518/85/2054 3519/3/2055 3520/4/2056
f 3519/3/2055 3521/86/2057 3520/4/2056
f 3522/85/2058 3523/3/2059 3524/4/2060
f 3523/3/2059 3525/86/2061 3524/4/2060
f 3526/85/2062 3527/3/2063 3528/4/2064
f 3527/3/2063 3529/86/2065 3528/4/2064
f 3530/85/2066 3531/3/2067 3532/4/2068
f 3531/3/2067 3533/86/2069 3532/4/2068
f 3534/85/2070 3535/3/2071 3536/4/2072
f 3535/3/2071 3537/86/2073 3536/4/2072
f 3538/85/2074 3539/3/2075 3540/4/2076
f 3539/3/2075 3541/86/2077 3540/4/2076
f 3542/85/2078 3543/3/2079 3544/4/2080
f 3543/3/2079 3545/86/2081 3544/4/2080
f 3546/85/2082 3547/3/2083 3548/4/2084
f 3547/3/2083 3549/86/2085 3548/4/2084
f 3550/85/2086 3551/3/2087 3552/4/2088
f 3551/3/2087 3553/86/2089 3552/4/2088
f 3554/85/2090 3555/3/2091 3556/4/2092
f 3555/3/2091 3557/86/2093 3556/4/2092
f 3558/85/2094 3559/3/2095 3560/4/2096
f 3559/3/2095 3561/86/2097 3560/4/2096
f 3562/85/2098 3563/3/2099 3564/4/2100
f 3563/3/2099 3565/86/2101 3564/4/2100
f 3566/85/2102 3567/3/2103 3568/4/2104
f 3567/3/2103 3569/86/2105 3568/4/2104
f 3570/85/2106 3571/3/2107 3572/4/2108
f 3571/3/2107 3573/86/2109 3572/4/2108
f 3574/85/2110 3575/3/2111 3576/4/2112
f 3575/3/2111 3577/86/2113 3576/4/2112
f 3578/85/2114 3579/3/2115 3580/4/2116
f 3579/3/2115 3581/86/2117 3580/4/2116
f 3582/85/2118 3583/3/2119 3584/4/2120
f 3583/3/2119 3585/86/2121 3584/4/2120
f 3586/85/2122 3587/3/2123 3588/4/2124
f 3587/3/2123 3589/86/2125 3588/4/2124
f 3590/85/2126 3591/3/2127 3592/4/2128
f 3591/3/2127 3593/86/2129 3592/4/2128
f 3594/85/2130 3595/3/2130 3596/4/2131
f 3597/85/2132 3598/3/2132 3596/4/2131
f 3599/85/2133 3600/3/2133 3596/4/2131
f 3601/85/2134 3602/3/2134 3596/4/2135
f 3603/85/2136 3604/3/2137 3605/4/2138
f 3604/3/2137 3606/86/2139 3605/4/2138
f 3607/85/2140 3608/3/2141 3609/4/2142
f 3608/3/2141 3610/86/2143 3609/4/2142
f 3611/85/2144 3612/3/2145 3613/4/2146
f 3612/3/2145 3614/86/2147 3613/4/2146
f 3615/85/2148 3616/3/2149 3617/4/2150
f 3616/3/2149 3618/86/2151 3617/4/2150
f 3619/27/2152 3620/27/2152 3621/27/2152
f 3622/27/2153 3623/27/2153 3624/27/2153
f 3625/27/2154 3626/27/2154 3627/27/2154
f 3628/27/2155 3629/27/2155 3630/27/2155
f 3631/27/2156 3632/27/2156 3633/27/2156
f 3634/27/2157 3635/27/2157 3636/27/2157
f 3637/27/2158 3638/27/2158 3639/27/2158
f 3640/27/2159 3641/27/2159 3642/27/2159
f 3643/27/2160 3644/27/2160 3645/27/2160
f 3646/27/2161 3647/27/2161 3648/27/2161
f 3649/27/2162 3650/27/2162 3651/27/2162
f 3652/27/2163 3653/27/2163 3654/27/2163
f 3655/2/2164 3656/87/2165 3657/88/2164
f 3658/88/2166 3656/87/2167 3659/2/2166
f 3655/2/2164 3657/88/2164 3660/27/2168
f 3658/88/2166 3659/2/2166 3660/27/2169
f 3660/2/2170 3661/87/2171 3662/27/2171
f 3663/27/2172 3664/87/2172 3660/2/2173
f 3661/87/2171 3656/88/2174 3662/27/2171
f 3664/87/2172 3663/27/2172 3656/88/2174
f 3665/2/2175 3666/87/2176 3667/88/2175
f 3668/88/2177 3666/87/2178 3669/2/2177
f 3665/2/2175 3667/88/2175 3670/27/2169
f 3668/88/2177 3669/2/2177 3670/27/2170
f 3670/2/2169 3671/87/2179 3672/27/2179
f 3673/27/2180 3674/87/2180 3670/2/2168
f 3671/87/2179 3666/88/2167 3672/27/2179
f 3674/87/2180 3673/27/2180 3666/88/2165
f 3675/85/1297 3676/3/1298 3677/4/1299
f 3676/3/1298 3678/86/1300 3677/4/1299
f 3679/85/1301 3680/3/1302 3681/4/1303
f 3680/3/1302 3682/86/1304 3681/4/1303
f 3683/85/1305 3684/3/1306 3685/4/1307
f 3684/3/1306 3686/86/1308 3685/4/1307
f 3687/85/1309 3688/3/1310 3689/4/1311
f 3688/3/1310 3690/86/1312 3689/4/1311
f 3691/85/1313 3692/3/1314 3693/4/1315
f 3692/3/1314 3694/86/1316 3693/4/1315
f 3695/85/1317 3696/3/1318 3697/4/1319
f 3696/3/1318 3698/86/2181 3697/4/1319
f 3699/85/1321 3700/3/1322 3701/4/1323
f 3700/3/1322 3702/86/1324 3701/4/1323
f 3703/85/1325 3704/3/1326 3705/4/1327
f 3704/3/1326 3706/86/1328 3705/4/1327
f 3707/85/1329 3708/3/1330 3709/4/1331
f 3708/3/1330 3710/86/1332 3709/4/1331
f 3711/85/1333 3712/3/1334 3713/4/1335
f 3712/3/1334 3714/86/1336 3713/4/1335
f 3715/85/1337 3716/3/2182 3717/4/1339
f 3716/3/2182 3718/86/1340 3717/4/1339
f 3719/85/1341 3720/3/1342 3721/4/1343
f 3720/3/1342 3722/86/1344 3721/4/1343
f 3723/85/1345 3724/3/1346 3725/4/1347
f 3724/3/1346 3726/86/1348 3725/4/1347
f 3727/85/1349 3728/3/1350 3729/4/1351
f 3728/3/1350 3730/86/1352 3729/4/1351
f 3731/85/1353 3732/3/2183 3733/4/1355
f 3732/3/2183 3734/86/1356 3733/4/1355
f 3735/85/1357 3736/3/2184 3737/4/1359
f 3736/3/2184 3738/86/1360 3737/4/1359
f 3739/85/1361 3740/3/1362 3741/4/1363
f 3740/3/1362 3742/86/1364 3741/4/1363
f 3743/85/1365 3744/3/1366 3745/4/1367
f 3744/3/1366 3746/86/1368 3745/4/1367
f 3747/85/1369 3748/3/1370 3749/4/1371
f 3748/3/1370 3750/86/1372 3749/4/1371
f 3751/85/1373 3752/3/1374 3753/4/1375
f 3752/3/1374 3754/86/1376 3753/4/1375
f 3755/85/1377 3756/3/1377 3757/4/1378
f 3758/85/1379 3759/3/1379 3757/4/2185
f 3760/85/1381 3761/3/1381 3757/4/1382
f 3762/85/1383 3763/3/1383 3757/4/2186
f 3764/85/2187 3765/3/1386 3766/4/1387
f 3765/3/1386 3767/86/1388 3766/4/1387
f 3768/85/1389 3769/3/1390 3770/4/1391
f 3769/3/1390 3771/86/1392 3770/4/1391
f 3772/85/1393 3773/3/1394 3774/4/1395
f 3773/3/1394 3775/86/1396 3774/4/1395
f 3776/85/1397 3777/3/1398 3778/4/1399
f 3777/3/1398 3779/86/1400 3778/4/1399
f 3780/27/1401 3781/27/1401 3782/27/1401
f 3783/27/1402 3784/27/1402 3785/27/1402
f 3786/27/1403 3787/27/1403 3788/27/1403
f 3789/27/1404 3790/27/1404 3791/27/1404
f 3792/27/1405 3793/27/1405 3794/27/1405
f 3795/27/1406 3796/27/1406 3797/27/1406
f 3798/27/1407 3799/27/1407 3800/27/1407
f 3801/27/1408 3802/27/1408 3803/27/1408
f 3804/27/1409 3805/27/1409 3806/27/1409
f 3807/27/1410 3808/27/1410 3809/27/1410
f 3810/27/1411 3811/27/1411 3812/27/1411
f 3813/27/1412 3814/27/1412 3815/27/1412
f 3816/2/1413 3817/87/1414 3818/88/1413
f 3819/88/1415 3817/87/1416 3820/2/1415
f 3816/2/1413 3818/88/1413 3821/27/1417
f 3819/88/1415 3820/2/1415 3821/27/1418
f 3821/2/1417 3822/87/1420 3823/27/1420
f 3824/27/1421 3825/87/1421 3821/2/1417
f 3822/87/1420 3817/88/1422 3823/27/1420
f 3825/87/1421 3824/27/1421 3817/88/1423
f 3826/2/1424 3827/87/1416 3828/88/1424
f 3829/88/1551 3827/87/1550 3830/2/1551
f 3826/2/1424 3828/88/1424 3831/27/1419
f 3829/88/1551 3830/2/1551 3831/27/1418
f 3831/2/1431 3832/87/1427 3833/27/1427
f 3834/27/1428 3835/87/1428 3831/2/1417
f 3832/87/1427 3827/88/1414 3833/27/1427
f 3835/87/1428 3834/27/1428 3827/88/1549
f 3836/2/1429 3837/87/1422 3838/88/1429
f 3839/88/1430 3837/87/1414 3840/2/1430
f 3836/2/1429 3838/88/1429 3841/27/1418
f 3839/88/1430 3840/2/1430 3841/27/1418
f 3841/2/1417 3842/87/1432 3843/27/1432
f 3844/27/1433 3845/87/1433 3841/2/1417
f 3842/87/1432 3837/88/1422 3843/27/1432
f 3845/87/1433 3844/27/1433 3837/88/849
f 3846/85/1434 3847/3/1435 3848/4/1436
f 3847/3/1435 3849/86/1437 3848/4/1436
f 3850/85/1438 3851/3/1439 3852/4/1440
f 3851/3/1439 3853/86/1441 3852/4/1440
f 3854/85/1442 3855/3/1443 3856/4/1444
f 3855/3/1443 3857/86/1445 3856/4/1444
f 3858/85/2188 3859/3/1447 3860/4/1448
f 3859/3/1447 3861/86/1449 3860/4/1448
f 3862/85/1450 3863/3/2189 3864/4/1452
f 3863/3/2189 3865/86/1453 3864/4/1452
f 3866/85/1454 3867/3/1455 3868/4/1456
f 3867/3/1455 3869/86/1457 3868/4/1456
f 3870/85/1458 3871/3/1459 3872/4/1460
f 3871/3/1459 3873/86/2190 3872/4/1460
f 3874/85/1462 3875/3/1463 3876/4/1464
f 3875/3/1463 3877/86/2191 3876/4/1464
f 3878/85/1466 3879/3/2192 3880/4/1468
f 3879/3/2192 3881/86/1469 3880/4/1468
f 3882/85/1470 3883/3/1471 3884/4/1472
f 3883/3/1471 3885/86/1473 3884/4/1472
f 3886/85/1474 3887/3/1475 3888/4/1476
f 3887/3/1475 3889/86/1477 3888/4/1476
f 3890/85/1478 3891/3/1479 3892/4/1480
f 3891/3/1479 3893/86/1481 3892/4/1480
f 3894/85/1482 3895/3/1483 3896/4/1484
f 3895/3/1483 3897/86/1485 3896/4/1484
f 3898/85/1486 3899/3/1487 3900/4/2193
f 3899/3/1487 3901/86/1489 3900/4/2193
f 3902/85/2194 3903/3/1491 3904/4/1492
f 3903/3/1491 3905/86/1493 3904/4/1492
f 3906/85/1494 3907/3/1495 3908/4/2195
f 3907/3/1495 3909/86/1497 3908/4/2195
f 3910/85/1498 3911/3/1499 3912/4/1500
f 3911/3/1499 3913/86/1501 3912/4/1500
f 3914/85/1502 3915/3/1503 3916/4/1504
f 3915/3/1503 3917/86/1505 3916/4/1504
f 3918/85/1506 3919/3/2196 3920/4/1508
f 3919/3/2196 3921/86/1509 3920/4/1508
f 3922/85/2197 3923/3/1511 3924/4/1512
f 3923/3/1511 3925/86/2198 3924/4/1512
f 3926/85/1514 3927/3/1514 3928/4/1515
f 3929/85/2199 3930/3/2199 3928/4/1518
f 3931/85/1517 3932/3/1517 3928/4/1518
f 3933/85/1519 3934/3/1519 3928/4/2200
f 3935/85/2201 3936/3/1522 3937/4/1523
f 3936/3/1522 3938/86/1524 3937/4/1523
f 3939/85/1525 3940/3/1526 3941/4/1527
f 3940/3/1526 3942/86/1528 3941/4/1527
f 3943/85/1529 3944/3/1530 3945/4/1531
f 3944/3/1530 3946/86/1532 3945/4/1531
f 3947/85/1533 3948/3/1534 3949/4/1535
f 3948/3/1534 3950/86/2202 3949/4/1535
f 3951/27/1537 3952/27/1537 3953/27/1537
f 3954/27/1538 3955/27/1538 3956/27/1538
f 3957/27/1539 3958/27/1539 3959/27/1539
f 3960/27/1540 3961/27/1540 3962/27/1540
f 3963/27/1541 3964/27/1541 3965/27/1541
f 3966/27/1542 3967/27/1542 3968/27/1542
f 3969/27/1543 3970/27/1543 3971/27/1543
f 3972/27/1544 3973/27/1544 3974/27/1544
f 3975/27/1545 3976/27/1545 3977/27/1545
f 3978/27/1546 3979/27/1546 3980/27/1546
f 3981/27/1547 3982/27/1547 3983/27/1547
f 3984/27/1548 3985/27/1548 3986/27/1548
f 3987/2/1413 3988/87/1414 3989/88/1413
f 3990/88/1415 3988/87/1416 3991/2/1415
f 3987/2/1413 3989/88/1413 3992/27/1417
f 3990/88/1415 3991/2/1415 3992/27/1418
f 3992/2/1426 3993/87/1420 3994/27/1420
f 3995/27/1421 3996/87/1421 3992/2/1417
f 3993/87/1420 3988/88/1416 3994/27/1420
f 3996/87/1421 3995/27/1421 3988/88/1423
f 3997/2/1424 3998/87/1549 3999/88/1424
f 4000/88/1425 3998/87/1550 4001/2/1425
f 3997/2/1424 3999/88/1424 4002/27/2203
f 4000/88/1425 4001/2/1425 4002/27/1417
f 4002/2/1418 4003/87/1427 4004/27/1427
f 4005/27/1428 4006/87/1428 4002/2/1417
f 4003/87/1427 3998/88/1414 4004/27/1427
f 4006/87/1428 4005/27/1428 3998/88/1414
f 4007/85/1297 4008/3/1298 4009/4/1299
f 4008/3/1298 4010/86/1300 4009/4/1299
f 4011/85/1301 4012/3/1302 4013/4/1303
f 4012/3/1302 4014/86/1304 4013/4/1303
f 4015/85/1305 4016/3/1306 4017/4/1307
f 4016/3/1306 4018/86/1308 4017/4/1307
f 4019/85/1309 4020/3/1310 4021/4/1311
f 4020/3/1310 4022/86/1312 4021/4/1311
f 4023/85/1313 4024/3/1314 4025/4/1315
f 4024/3/1314 4026/86/1316 4025/4/1315
f 4027/85/1317 4028/3/1318 4029/4/1319
f 4028/3/1318 4030/86/1320 4029/4/1319
f 4031/85/1321 4032/3/2204 4033/4/1323
f 4032/3/2204 4034/86/1324 4033/4/1323
f 4035/85/1325 4036/3/1326 4037/4/1327
f 4036/3/1326 4038/86/1328 4037/4/1327
f 4039/85/1329 4040/3/1330 4041/4/1331
f 4040/3/1330 4042/86/1332 4041/4/1331
f 4043/85/1333 4044/3/1334 4045/4/1335
f 4044/3/1334 4046/86/1336 4045/4/1335
f 4047/85/1337 4048/3/2182 4049/4/1339
f 4048/3/2182 4050/86/1340 4049/4/1339
f 4051/85/1341 4052/3/1342 4053/4/2205
f 4052/3/1342 4054/86/1344 4053/4/2205
f 4055/85/1345 4056/3/1346 4057/4/1347
f 4056/3/1346 4058/86/1348 4057/4/1347
f 4059/85/1349 4060/3/1350 4061/4/1351
f 4060/3/1350 4062/86/1352 4061/4/1351
f 4063/85/1353 4064/3/1354 4065/4/1355
f 4064/3/1354 4066/86/1356 4065/4/1355
f 4067/85/1357 4068/3/1358 4069/4/1359
f 4068/3/1358 4070/86/1360 4069/4/1359
f 4071/85/1361 4072/3/1362 4073/4/1363
f 4072/3/1362 4074/86/1364 4073/4/1363
f 4075/85/1365 4076/3/1366 4077/4/1367
f 4076/3/1366 4078/86/1368 4077/4/1367
f 4079/85/1369 4080/3/1370 4081/4/1371
f 4080/3/1370 4082/86/1372 4081/4/1371
f 4083/85/1373 4084/3/1374 4085/4/1375
f 4084/3/1374 4086/86/1376 4085/4/1375
f 4087/85/1377 4088/3/1377 4089/4/1378
f 4090/85/1379 4091/3/1379 4089/4/1384
f 4092/85/1381 4093/3/1381 4089/4/1382
f 4094/85/1383 4095/3/1383 4089/4/1384
f 4096/85/1385 4097/3/1386 4098/4/1387
f 4097/3/1386 4099/86/1388 4098/4/1387
f 4100/85/1389 4101/3/1390 4102/4/1391
f 4101/3/1390 4103/86/1392 4102/4/1391
f 4104/85/1393 4105/3/1394 4106/4/1395
f 4105/3/1394 4107/86/1396 4106/4/1395
f 4108/85/1397 4109/3/1398 4110/4/1399
f 4109/3/1398 4111/86/1400 4110/4/1399
f 4112/27/1401 4113/27/1401 4114/27/1401
f 4115/27/1402 4116/27/1402 4117/27/1402
f 4118/27/1403 4119/27/1403 4120/27/1403
f 4121/27/1404 4122/27/1404 4123/27/1404
f 4124/27/1405 4125/27/1405 4126/27/1405
f 4127/27/1406 4128/27/1406 4129/27/1406
f 4130/27/1407 4131/27/1407 4132/27/1407
f 4133/27/1408 4134/27/1408 4135/27/1408
f 4136/27/1409 4137/27/1409 4138/27/1409
f 4139/27/1410 4140/27/1410 4141/27/1410
f 4142/27/1411 4143/27/1411 4144/27/1411
f 4145/27/1412 4146/27/1412 4147/27/1412
f 4148/2/1413 4149/87/1414 4150/88/1413
f 4151/88/1415 4149/87/1422 4152/2/1415
f 4148/2/1413 4150/88/1413 4153/27/1417
f 4151/88/1415 4152/2/1415 4153/27/1418
f 4153/2/1426 4154/87/1420 4155/27/1420
f 4156/27/1421 4157/87/1421 4153/2/1417
f 4154/87/1420 4149/88/1422 4155/27/1420
f 4157/87/1421 4156/27/1421 4149/88/1423
f 4158/2/1424 4159/87/1422 4160/88/1424
f 4161/88/1425 4159/87/1423 4162/2/1425
f 4158/2/1424 4160/88/1424 4163/27/1419
f 4161/88/1425 4162/2/1425 4163/27/1418
f 4163/2/1418 4164/87/1427 4165/27/1427
f 4166/27/1428 4167/87/1428 4163/2/1418
f 4164/87/1427 4159/88/1416 4165/27/1427
f 4167/87/1428 4166/27/1428 4159/88/1414
f 4168/2/1429 4169/87/1416 4170/88/1429
f 4171/88/1430 4169/87/1414 4172/2/1430
f 4168/2/1429 4170/88/1429 4173/27/1418
f 4171/88/1430 4172/2/1430 4173/27/1431
f 4173/2/1431 4174/87/1432 4175/27/1432
f 4176/27/1433 4177/87/1433 4173/2/1417
f 4174/87/1432 4169/88/1422 4175/27/1432
f 4177/87/1433 4176/27/1433 4169/88/1414
f 4178/85/2206 4179/3/2207 4180/4/2208
f 4179/3/2207 4181/86/2209 4180/4/2208
f 4182/85/2210 4183/3/2211 4184/4/2212
f 4183/3/2211 4185/86/2213 4184/4/2212
f 4186/85/2214 4187/3/2215 4188/4/2216
f 4187/3/2215 4189/86/2217 4188/4/2216
f 4190/85/2218 4191/3/2219 4192/4/2220
f 4191/3/2219 4193/86/2221 4192/4/2220
f 4194/85/2222 4195/3/2223 4196/4/2224
f 4195/3/2223 4197/86/2225 4196/4/2224
f 4198/85/2226 4199/3/2227 4200/4/2228
f 4199/3/2227 4201/86/2229 4200/4/2228
f 4202/85/2230 4203/3/2231 4204/4/2232
f 4203/3/2231 4205/86/2233 4204/4/2232
f 4206/85/2234 4207/3/2235 4208/4/2236
f 4207/3/2235 4209/86/2237 4208/4/2236
f 4210/85/2238 4211/3/2239 4212/4/2240
f 4211/3/2239 4213/86/2241 4212/4/2240
f 4214/85/2242 4215/3/2243 4216/4/2244
f 4215/3/2243 4217/86/2245 4216/4/2244
f 4218/85/2246 4219/3/2247 4220/4/2248
f 4219/3/2247 4221/86/2249 4220/4/2248
f 4222/85/2250 4223/3/2251 4224/4/2252
f 4223/3/2251 4225/86/2253 4224/4/2252
f 4226/85/2254 4227/3/2255 4228/4/2256
f 4227/3/2255 4229/86/2257 4228/4/2256
f 4230/85/2258 4231/3/2259 4232/4/2260
f 4231/3/2259 4233/86/2261 4232/4/2260
f 4234/85/2262 4235/3/2263 4236/4/2264
f 4235/3/2263 4237/86/2265 4236/4/2264
f 4238/85/2266 4239/3/2267 4240/4/2268
f 4239/3/2267 4241/86/2269 4240/4/2268
f 4242/85/2270 4243/3/2271 4244/4/2272
f 4243/3/2271 4245/86/2273 4244/4/2272
f 4246/85/2274 4247/3/2275 4248/4/2276
f 4247/3/2275 4249/86/2277 4248/4/2276
f 4250/85/2278 4251/3/2279 4252/4/2280
f 4251/3/2279 4253/86/2281 4252/4/2280
f 4254/85/2282 4255/3/2283 4256/4/2284
f 4255/3/2283 4257/86/2285 4256/4/2284
f 4258/85/2286 4259/3/2286 4260/4/2287
f 4261/85/2288 4262/3/2288 4260/4/2289
f 4263/85/2290 4264/3/2290 4260/4/2289
f 4265/85/2291 4266/3/2291 4260/4/2292
f 4267/85/2293 4268/3/2294 4269/4/2295
f 4268/3/2294 4270/86/2296 4269/4/2295
f 4271/85/2297 4272/3/2298 4273/4/2299
f 4272/3/2298 4274/86/2300 4273/4/2299
f 4275/85/2301 4276/3/2302 4277/4/2303
f 4276/3/2302 4278/86/2304 4277/4/2303
f 4279/85/2305 4280/3/2306 4281/4/2307
f 4280/3/2306 4282/86/2308 4281/4/2307
f 4283/27/2309 4284/27/2309 4285/27/2309
f 4286/27/2310 4287/27/2310 4288/27/2310
f 4289/27/2311 4290/27/2311 4291/27/2311
f 4292/27/2312 4293/27/2312 4294/27/2312
f 4295/27/2313 4296/27/2313 4297/27/2313
f 4298/27/2314 4299/27/2314 4300/27/2314
f 4301/27/2315 4302/27/2315 4303/27/2315
f 4304/27/2316 4305/27/2316 4306/27/2316
f 4307/27/2317 4308/27/2317 4309/27/2317
f 4310/27/2318 4311/27/2318 4312/27/2318
f 4313/27/2319 4314/27/2319 4315/27/2319
f 4316/27/2320 4317/27/2320 4318/27/2320
f 4319/2/1413 4320/87/2321 4321/88/1413
f 4322/88/1415 4320/87/1416 4323/2/1415
f 4319/2/1413 4321/88/1413 4324/27/1417
f 4322/88/1415 4323/2/1415 4324/27/1418
f 4324/2/1426 4325/87/1420 4326/27/1420
f 4327/27/1421 4328/87/1421 4324/2/1417
f 4325/87/1420 4320/88/1549 4326/27/1420
f 4328/87/1421 4327/27/1421 4320/88/1550
f 4329/2/1424 4330/87/1422 4331/88/1424
f 4332/88/1425 4330/87/1423 4333/2/1425
f 4329/2/1424 4331/88/1424 4334/27/1417
f 4332/88/1425 4333/2/1425 4334/27/1417
f 4334/2/1418 4335/87/1427 4336/27/1427
f 4337/27/1428 4338/87/1428 4334/2/1417
f 4335/87/1427 4330/88/1416 4336/27/1427
f 4338/87/1428 4337/27/1428 4330/88/1414
f 4339/2/1429 4340/87/1416 4341/88/1429
f 4342/88/1430 4340/87/1414 4343/2/1430
f 4339/2/1429 4341/88/1429 4344/27/2322
f 4342/88/1430 4343/2/1430 4344/27/1431
f 4344/2/1431 4345/87/1432 4346/27/1432
f 4347/27/1433 4348/87/1433 4344/2/1417
f 4345/87/1432 4340/88/1422 4346/27/1432
f 4348/87/1433 4347/27/1433 4340/88/1414
f 4349/85/2323 4350/3/2324 4351/4/2325
f 4350/3/2324 4352/86/2326 4351/4/2325
f 4353/85/2327 4354/3/2328 4355/4/2329
f 4354/3/2328 4356/86/2330 4355/4/2329
f 4357/85/2331 4358/3/2332 4359/4/2333
f 4358/3/2332 4360/86/2334 4359/4/2333
f 4361/85/2335 4362/3/2336 4363/4/2337
f 4362/3/2336 4364/86/2338 4363/4/2337
f 4365/85/2339 4366/3/2340 4367/4/2341
f 4366/3/2340 4368/86/2342 4367/4/2341
f 4369/85/2343 4370/3/2344 4371/4/2345
f 4370/3/2344 4372/86/2346 4371/4/2345
f 4373/85/2347 4374/3/2348 4375/4/2349
f 4374/3/2348 4376/86/2350 4375/4/2349
f 4377/85/2351 4378/3/2352 4379/4/2353
f 4378/3/2352 4380/86/2354 4379/4/2353
f 4381/85/2355 4382/3/2356 4383/4/2357
f 4382/3/2356 4384/86/2358 4383/4/2357
f 4385/85/2359 4386/3/2360 4387/4/2361
f 4386/3/2360 4388/86/2362 4387/4/2361
f 4389/85/2363 4390/3/2364 4391/4/2365
f 4390/3/2364 4392/86/2366 4391/4/2365
f 4393/85/2367 4394/3/2368 4395/4/2369
f 4394/3/2368 4396/86/2370 4395/4/2369
f 4397/85/2371 4398/3/2372 4399/4/2373
f 4398/3/2372 4400/86/2374 4399/4/2373
f 4401/85/2375 4402/3/2376 4403/4/2377
f 4402/3/2376 4404/86/2378 4403/4/2377
f 4405/85/2379 4406/3/2380 4407/4/2381
f 4406/3/2380 4408/86/2382 4407/4/2381
f 4409/85/2383 4410/3/2384 4411/4/2385
f 4410/3/2384 4412/86/2386 4411/4/2385
f 4413/85/2387 4414/3/2388 4415/4/2389
f 4414/3/2388 4416/86/2390 4415/4/2389
f 4417/85/2391 4418/3/2392 4419/4/2393
f 4418/3/2392 4420/86/2394 4419/4/2393
f 4421/85/2395 4422/3/2396 4423/4/2397
f 4422/3/2396 4424/86/2398 4423/4/2397
f 4425/85/2399 4426/3/2400 4427/4/2401
f 4426/3/2400 4428/86/2402 4427/4/2401
f 4429/85/2403 4430/3/2403 4431/4/2404
f 4432/85/2405 4433/3/2405 4431/4/2404
f 4434/85/2406 4435/3/2406 4431/4/2407
f 4436/85/2408 4437/3/2408 4431/4/2409
f 4438/85/2410 4439/3/2411 4440/4/2412
f 4439/3/2411 4441/86/2413 4440/4/2412
f 4442/85/2414 4443/3/2415 4444/4/2416
f 4443/3/2415 4445/86/2417 4444/4/2416
f 4446/85/2418 4447/3/2419 4448/4/2420
f 4447/3/2419 4449/86/2421 4448/4/2420
f 4450/85/2422 4451/3/2423 4452/4/2424
f 4451/3/2423 4453/86/2425 4452/4/2424
f 4454/27/2426 4455/27/2426 4456/27/2426
f 4457/27/2427 4458/27/2427 4459/27/2427
f 4460/27/2428 4461/27/2428 4462/27/2428
f 4463/27/2429 4464/27/2429 4465/27/2429
f 4466/27/2430 4467/27/2430 4468/27/2430
f 4469/27/2431 4470/27/2431 4471/27/2431
f 4472/27/2432 4473/27/2432 4474/27/2432
f 4475/27/2433 4476/27/2433 4477/27/2433
f 4478/27/2434 4479/27/2434 4480/27/2434
f 4481/27/2435 4482/27/2435 4483/27/2435
f 4484/27/2436 4485/27/2436 4486/27/2436
f 4487/27/2437 4488/27/2437 4489/27/2437
f 4490/2/2438 4491/87/1423 4492/88/2438
f 4493/88/2439 4491/87/1422 4494/2/2439
f 4490/2/2438 4492/88/2438 4495/27/1418
f 4493/88/2439 4494/2/2439 4495/27/1419
f 4495/2/1417 4496/87/2440 4497/27/2440
f 4498/27/2441 4499/87/2441 4495/2/1418
f 4496/87/2440 4491/88/1414 4497/27/2440
f 4499/87/2441 4498/27/2441 4491/88/1422
f 4500/2/2442 4501/87/1414 4502/88/2442
f 4503/88/2443 4501/87/1422 4504/2/2443
f 4500/2/2442 4502/88/2442 4505/27/1417
f 4503/88/2443 4504/2/2443 4505/27/1418
f 4505/2/44 4506/87/2444 4507/27/2444
f 4508/27/2445 4509/87/2445 4505/2/1417
f 4506/87/2444 4501/88/1422 4507/27/2444
f 4509/87/2445 4508/27/2445 4501/88/2446
f 4510/85/2447 4511/3/2448 4512/4/2449
f 4511/3/2448 4513/86/2450 4512/4/2449
f 4514/85/2450 4515/3/2451 4516/4/2452
f 4515/3/2451 4517/86/2453 4516/4/2452
f 4518/85/2453 4519/3/2454 4520/4/2455
f 4519/3/2454 4521/86/2456 4520/4/2455
f 4522/85/2456 4523/3/2457 4524/4/2458
f 4523/3/2457 4525/86/2447 4524/4/2458
f 4526/85/2459 4527/3/2460 4528/4/2461
f 4527/3/2460 4529/86/2462 4528/4/2461
f 4530/85/2462 4531/3/2463 4532/4/2464
f 4531/3/2463 4533/86/2465 4532/4/2464
f 4534/85/2465 4535/3/2466 4536/4/2467
f 4535/3/2466 4537/86/2468 4536/4/2467
f 4538/85/2468 4539/3/2469 4540/4/2470
f 4539/3/2469 4541/86/2459 4540/4/2470
f 4542/85/2471 4543/3/2472 4544/4/2473
f 4543/3/2472 4545/86/2474 4544/4/2473
f 4546/85/2474 4547/3/2475 4548/4/2476
f 4547/3/2475 4549/86/2477 4548/4/2476
f 4550/85/2477 4551/3/2478 4552/4/2479
f 4551/3/2478 4553/86/2480 4552/4/2479
f 4554/85/2480 4555/3/2481 4556/4/2482
f 4555/3/2481 4557/86/2471 4556/4/2482
f 4558/85/2483 4559/3/2484 4560/4/2485
f 4559/3/2484 4561/86/2486 4560/4/2485
f 4562/85/2486 4563/3/2487 4564/4/2488
f 4563/3/2487 4565/86/2489 4564/4/2488
f 4566/85/2489 4567/3/2490 4568/4/2491
f 4567/3/2490 4569/86/2492 4568/4/2491
f 4570/85/2492 4571/3/2493 4572/4/2494
f 4571/3/2493 4573/86/2483 4572/4/2494
f 4574/85/2495 4575/3/2496 4576/4/2497
f 4575/3/2496 4577/86/2498 4576/4/2497
f 4578/85/2499 4579/3/2500 4580/4/2501
f 4579/3/2500 4581/86/2502 4580/4/2501
f 4582/85/2503 4583/3/2504 4584/4/2505
f 4583/3/2504 4585/86/2506 4584/4/2505
f 4586/85/2507 4587/3/2508 4588/4/2509
f 4587/3/2508 4589/86/2510 4588/4/2509
f 4590/85/2511 4591/3/2511 4592/4/2512
f 4593/85/2513 4594/3/2513 4592/4/2514
f 4595/85/2515 4596/3/2515 4592/4/2512
f 4597/85/2516 4598/3/2516 4592/4/2517
f 4599/85/2518 4600/3/2519 4601/4/2520
f 4600/3/2519 4602/86/2521 4601/4/2520
f 4603/85/2521 4604/3/2522 4605/4/2523
f 4604/3/2522 4606/86/2524 4605/4/2523
f 4607/85/2524 4608/3/2525 4609/4/2526
f 4608/3/2525 4610/86/2527 4609/4/2526
f 4611/85/2527 4612/3/2528 4613/4/2529
f 4612/3/2528 4614/86/2518 4613/4/2529
f 4615/4/2530 4616/4/2530 4617/4/2530
f 4618/4/2531 4619/4/2531 4620/4/2531
f 4621/4/2532 4622/4/2532 4623/4/2532
f 4624/4/2533 4625/4/2533 4626/4/2533
f 4627/4/2534 4628/4/2534 4629/4/2534
f 4630/4/2535 4631/4/2535 4632/4/2535
f 4633/4/2536 4634/4/2536 4635/4/2536
f 4636/4/2537 4637/4/2537 4638/4/2537
f 4639/4/2538 4640/4/2538 4641/4/2538
f 4642/4/2539 4643/4/2539 4644/4/2539
f 4645/4/2540 4646/4/2540 4647/4/2540
f 4648/4/2541 4649/4/2541 4650/4/2541
f 4651/2/1415 4652/87/1422 4653/88/1415
f 4654/88/1413 4652/87/1414 4655/2/1413
f 4651/2/1415 4653/88/1415 4656/27/1418
f 4654/88/1413 4655/2/1413 4656/27/1417
f 4656/2/1417 4657/87/1421 4658/27/1421
f 4659/27/1420 4660/87/1420 4656/2/1426
f 4657/87/1421 4652/88/1423 4658/27/1421
f 4660/87/1420 4659/27/1420 4652/88/1416
f 4661/2/1425 4662/87/1423 4663/88/1425
f 4664/88/1424 4662/87/1416 4665/2/1424
f 4661/2/1425 4663/88/1425 4666/27/1417
f 4664/88/1424 4665/2/1424 4666/27/1426
f 4666/2/1418 4667/87/1428 4668/27/1428
f 4669/27/1427 4670/87/1427 4666/2/1418
f 4667/87/1428 4662/88/1414 4668/27/1428
f 4670/87/1427 4669/27/1427 4662/88/1416
f 4671/2/1430 4672/87/1550 4673/88/1430
f 4674/88/1429 4672/87/1416 4675/2/1429
f 4671/2/1430 4673/88/1430 4676/27/1431
f 4674/88/1429 4675/2/1429 4676/27/2322
f 4676/2/1417 4677/87/1433 4678/27/1433
f 4679/27/1432 4680/87/1432 4676/2/1431
f 4677/87/1433 4672/88/1414 4678/27/1433
f 4680/87/1432 4679/27/1432 4672/88/1422
f 4681/85/2542 4682/3/2543 4683/4/2544
f 4682/3/2543 4684/86/2545 4683/4/2544
f 4685/85/2546 4686/3/2547 4687/4/2548
f 4686/3/2547 4688/86/2549 4687/4/2548
f 4689/85/2550 4690/3/2551 4691/4/2552
f 4690/3/2551 4692/86/2553 4691/4/2552
f 4693/85/2554 4694/3/2555 4695/4/2556
f 4694/3/2555 4696/86/2557 4695/4/2556
f 4697/85/2558 4698/3/2559 4699/4/2560
f 4698/3/2559 4700/86/2561 4699/4/2560
f 4701/85/2562 4702/3/2563 4703/4/2564
f 4702/3/2563 4704/86/2565 4703/4/2564
f 4705/85/2566 4706/3/2567 4707/4/2568
f 4706/3/2567 4708/86/2569 4707/4/2568
f 4709/85/2570 4710/3/2571 4711/4/2572
f 4710/3/2571 4712/86/2573 4711/4/2572
f 4713/85/2574 4714/3/2575 4715/4/2576
f 4714/3/2575 4716/86/2577 4715/4/2576
f 4717/85/2578 4718/3/2579 4719/4/2580
f 4718/3/2579 4720/86/2581 4719/4/2580
f 4721/85/2582 4722/3/2583 4723/4/2584
f 4722/3/2583 4724/86/2585 4723/4/2584
f 4725/85/2586 4726/3/2587 4727/4/2588
f 4726/3/2587 4728/86/2589 4727/4/2588
f 4729/85/2590 4730/3/2591 4731/4/2592
f 4730/3/2591 4732/86/2593 4731/4/2592
f 4733/85/2594 4734/3/2595 4735/4/2596
f 4734/3/2595 4736/86/2597 4735/4/2596
f 4737/85/2598 4738/3/2599 4739/4/2600
f 4738/3/2599 4740/86/2601 4739/4/2600
f 4741/85/2602 4742/3/2603 4743/4/2604
f 4742/3/2603 4744/86/2605 4743/4/2604
f 4745/85/2606 4746/3/2607 4747/4/2608
f 4746/3/2607 4748/86/2609 4747/4/2608
f 4749/85/2610 4750/3/2611 4751/4/2612
f 4750/3/2611 4752/86/2613 4751/4/2612
f 4753/85/2614 4754/3/2615 4755/4/2616
f 4754/3/2615 4756/86/2617 4755/4/2616
f 4757/85/2618 4758/3/2619 4759/4/2620
f 4758/3/2619 4760/86/2621 4759/4/2620
f 4761/85/2622 4762/3/2622 4763/4/2623
f 4764/85/2624 4765/3/2624 4763/4/2625
f 4766/85/2626 4767/3/2626 4763/4/2625
f 4768/85/2627 4769/3/2627 4763/4/2628
f 4770/85/2629 4771/3/2630 4772/4/2631
f 4771/3/2630 4773/86/2632 4772/4/2631
f 4774/85/2633 4775/3/2634 4776/4/2635
f 4775/3/2634 4777/86/2636 4776/4/2635
f 4778/85/2637 4779/3/2638 4780/4/2639
f 4779/3/2638 4781/86/2640 4780/4/2639
f 4782/85/2641 4783/3/2642 4784/4/2643
f 4783/3/2642 4785/86/2644 4784/4/2643
f 4786/27/2645 4787/27/2645 4788/27/2645
f 4789/27/2646 4790/27/2646 4791/27/2646
f 4792/27/2647 4793/27/2647 4794/27/2647
f 4795/27/2648 4796/27/2648 4797/27/2648
f 4798/27/2649 4799/27/2649 4800/27/2649
f 4801/27/2650 4802/27/2650 4803/27/2650
f 4804/27/2651 4805/27/2651 4806/27/2651
f 4807/27/2652 4808/27/2652 4809/27/2652
f 4810/27/2653 4811/27/2653 4812/27/2653
f 4813/27/2654 4814/27/2654 4815/27/2654
f 4816/27/2655 4817/27/2655 4818/27/2655
f 4819/27/2656 4820/27/2656 4821/27/2656
f 4822/2/2657 4823/87/1422 4824/88/2657
f 4825/88/2658 4823/87/1422 4826/2/2658
f 4822/2/2657 4824/88/2657 4827/27/1417
f 4825/88/2658 4826/2/2658 4827/27/1419
f 4827/2/2322 4828/87/2659 4829/27/2659
f 4830/27/2660 4831/87/2660 4827/2/1418
f 4828/87/2659 4823/88/1414 4829/27/2659
f 4831/87/2660 4830/27/2660 4823/88/1414
f 4832/2/2661 4833/87/1416 4834/88/2661
f 4835/88/2662 4833/87/1414 4836/2/2662
f 4832/2/2661 4834/88/2661 4837/27/2322
f 4835/88/2662 4836/2/2662 4837/27/1418
f 4837/2/1431 4838/87/2663 4839/27/2663
f 4840/27/2664 4841/87/2664 4837/2/2665
f 4838/87/2663 4833/88/1422 4839/27/2663
f 4841/87/2664 4840/27/2664 4833/88/1414
usemtl Material.007
f 4842/89/2666 4843/90/2667 4844/91/2668
f 4845/92/2669 4846/93/2670 4847/94/2671
f 4848/95/2672 4849/96/2673 4850/97/2674
f 4851/98/2675 4848/95/2672 4850/97/2674
f 4848/95/2672 4852/99/2676 4849/96/2673
f 4848/95/2672 4853/100/2677 4852/99/2676
f 4848/95/2672 4851/98/2675 4853/100/2677
f 4854/101/2678 4855/102/2679 4856/103/2680
f 4856/104/2680 4857/105/2681 4854/106/2678
f 4857/105/2681 4858/107/2682 4859/108/2683
f 4859/108/2683 4854/106/2678 4857/105/2681
f 4855/102/2679 4859/108/2683 4858/107/2682
f 4858/107/2682 4856/103/2680 4855/102/2679
f 4860/109/2684 4844/91/2668 4854/106/2678
f 4854/106/2678 4859/108/2683 4860/109/2684
f 4859/108/2683 4855/102/2679 4847/94/2671
f 4847/94/2671 4860/109/2684 4859/108/2683
f 4844/110/2668 4847/94/2671 4855/102/2679
f 4855/102/2679 4854/101/2678 4844/110/2668
f 4861/111/2685 4842/89/2666 4844/91/2668
f 4844/91/2668 4860/109/2684 4861/111/2685
f 4860/109/2684 4847/94/2671 4846/93/2670
f 4846/93/2670 4861/111/2685 4860/109/2684
f 4843/112/2667 4845/92/2669 4847/94/2671
f 4847/94/2671 4844/110/2668 4843/112/2667
f 4846/93/2670 4845/92/2669 4851/98/2675
f 4851/98/2675 4850/97/2674 4846/93/2670
f 4861/111/2685 4850/97/2674 4849/96/2673
f 4850/97/2674 4861/111/2685 4846/93/2670
f 4845/92/2669 4843/112/2667 4853/100/2677
f 4853/100/2677 4851/98/2675 4845/92/2669
f 4843/90/2667 4842/89/2666 4852/99/2676
f 4852/113/2676 4853/100/2677 4843/112/2667
f 4842/89/2666 4861/111/2685 4849/96/2673
f 4849/96/2673 4852/99/2676 4842/89/2666
f 4862/114/2686 4863/115/2687 4864/116/2688
f 4864/116/2688 4865/117/2689 4862/114/2686
f 4863/115/2687 4866/118/2690 4864/116/2688
f 4866/118/2690 4867/119/2691 4864/116/2688
f 4867/119/2691 4865/117/2689 4864/116/2688
f 4868/120/2692 4869/121/2693 4870/122/2694
f 4871/123/2695 4872/124/2696 4869/121/2693
f 4869/121/2693 4868/120/2692 4871/123/2695
f 4871/123/2695 4873/125/2697 4872/124/2696
f 4874/126/2698 4875/127/2699 4873/128/2697
f 4871/129/2695 4874/126/2698 4873/128/2697
f 4874/126/2698 4871/129/2695 4868/120/2692
f 4867/130/2691 4866/118/2690 4876/131/2700
f 4876/131/2700 4877/132/2701 4867/130/2691
f 4877/132/2701 4876/131/2700 4872/124/2696
f 4872/124/2696 4873/125/2697 4877/132/2701
f 4877/133/2701 4873/128/2697 4875/127/2699
f 4875/127/2699 4878/134/2702 4877/133/2701
f 4877/133/2701 4878/134/2702 4865/117/2689
f 4865/117/2689 4867/119/2691 4877/133/2701
f 4866/118/2690 4863/115/2687 4879/135/2703
f 4879/135/2703 4876/131/2700 4866/118/2690
f 4876/131/2700 4879/135/2703 4869/121/2693
f 4869/121/2693 4872/124/2696 4876/131/2700
f 4879/135/2703 4880/136/2704 4870/122/2694
f 4870/122/2694 4869/121/2693 4879/135/2703
f 4863/115/2687 4862/114/2686 4880/136/2704
f 4880/136/2704 4879/135/2703 4863/115/2687
f 4862/114/2686 4865/117/2689 4878/134/2702
f 4878/134/2702 4880/136/2704 4862/114/2686
f 4880/136/2704 4878/134/2702 4875/127/2699
f 4875/127/2699 4870/122/2694 4880/136/2704
f 4875/127/2699 4874/126/2698 4868/120/2692
f 4868/120/2692 4870/122/2694 4875/127/2699
f 4881/114/2705 4882/115/2706 4883/116/2707
f 4883/116/2707 4884/117/2708 4881/114/2705
f 4882/115/2706 4885/118/2709 4883/116/2707
f 4885/118/2709 4886/119/2710 4883/116/2707
f 4886/119/2710 4884/117/2708 4883/116/2707
f 4887/120/2711 4888/121/2712 4889/122/2713
f 4890/123/2714 4891/124/2715 4888/121/2712
f 4888/121/2712 4887/120/2711 4890/123/2714
f 4890/123/2714 4892/125/2716 4891/124/2715
f 4893/126/2717 4894/127/2718 4892/128/2716
f 4890/129/2714 4893/126/2717 4892/128/2716
f 4893/126/2717 4890/129/2714 4887/120/2711
f 4886/130/2710 4885/118/2709 4895/131/2719
f 4895/131/2719 4896/132/2720 4886/130/2710
f 4896/132/2720 4895/131/2719 4891/124/2715
f 4891/124/2715 4892/125/2716 4896/132/2720
f 4896/133/2720 4892/128/2716 4894/127/2718
f 4894/127/2718 4897/134/2721 4896/133/2720
f 4896/133/2720 4897/134/2721 4884/117/2708
f 4884/117/2708 4886/119/2710 4896/133/2720
f 4885/118/2709 4882/115/2706 4898/135/2722
f 4898/135/2722 4895/131/2719 4885/118/2709
f 4895/131/2719 4898/135/2722 4888/121/2712
f 4888/121/2712 4891/124/2715 4895/131/2719
f 4898/135/2722 4899/136/2723 4889/122/2713
f 4889/122/2713 4888/121/2712 4898/135/2722
f 4882/115/2706 4881/114/2705 4899/136/2723
f 4899/136/2723 4898/135/2722 4882/115/2706
f 4881/114/2705 4884/117/2708 4897/134/2721
f 4897/134/2721 4899/136/2723 4881/114/2705
f 4899/136/2723 4897/134/2721 4894/127/2718
f 4894/127/2718 4889/122/2713 4899/136/2723
f 4894/127/2718 4893/126/2717 4887/120/2711
f 4887/120/2711 4889/122/2713 4894/127/2718
f 4900/89/2724 4901/90/2725 4902/91/2726
f 4903/92/2727 4904/93/2728 4905/94/2729
f 4906/95/2730 4907/96/2731 4908/97/2732
f 4909/98/2733 4906/95/2730 4908/97/2732
f 4906/95/2730 4910/99/2734 4907/96/2731
f 4906/95/2730 4911/100/2735 4910/99/2734
f 4906/95/2730 4909/98/2733 4911/100/2735
f 4912/101/2736 4913/102/2737 4914/103/2738
f 4914/104/2738 4915/105/2739 4912/106/2736
f 4915/105/2739 4916/107/2740 4917/108/2741
f 4917/108/2741 4912/106/2736 4915/105/2739
f 4913/102/2737 4917/108/2741 4916/107/2740
f 4916/107/2740 4914/103/2738 4913/102/2737
f 4918/109/2742 4902/91/2726 4912/106/2736
f 4912/106/2736 4917/108/2741 4918/109/2742
f 4917/108/2741 4913/102/2737 4905/94/2729
f 4905/94/2729 4918/109/2742 4917/108/2741
f 4902/110/2726 4905/94/2729 4913/102/2737
f 4913/102/2737 4912/101/2736 4902/110/2726
f 4919/111/2743 4900/89/2724 4902/91/2726
f 4902/91/2726 4918/109/2742 4919/111/2743
f 4918/109/2742 4905/94/2729 4904/93/2728
f 4904/93/2728 4919/111/2743 4918/109/2742
f 4901/112/2725 4903/92/2727 4905/94/2729
f 4905/94/2729 4902/110/2726 4901/112/2725
f 4904/93/2728 4903/92/2727 4909/98/2733
f 4909/98/2733 4908/97/2732 4904/93/2728
f 4919/111/2743 4908/97/2732 4907/96/2731
f 4908/97/2732 4919/111/2743 4904/93/2728
f 4903/92/2727 4901/112/2725 4911/100/2735
f 4911/100/2735 4909/98/2733 4903/92/2727
f 4901/90/2725 4900/89/2724 4910/99/2734
f 4910/113/2734 4911/100/2735 4901/112/2725
f 4900/89/2724 4919/111/2743 4907/96/2731
f 4907/96/2731 4910/99/2734 4900/89/2724
f 4920/89/2744 4921/90/2745 4922/91/2746
f 4923/92/2747 4924/93/2748 4925/94/2749
f 4926/95/2750 4927/96/2751 4928/97/2752
f 4929/98/2753 4926/95/2750 4928/97/2752
f 4926/95/2750 4930/99/2754 4927/96/2751
f 4926/95/2750 4931/100/2755 4930/99/2754
f 4926/95/2750 4929/98/2753 4931/100/2755
f 4932/101/2756 4933/102/2757 4934/103/2758
f 4934/104/2758 4935/105/2759 4932/106/2756
f 4935/105/2759 4936/107/2760 4937/108/2761
f 4937/108/2761 4932/106/2756 4935/105/2759
f 4933/102/2757 4937/108/2761 4936/107/2760
f 4936/107/2760 4934/103/2758 4933/102/2757
f 4938/109/2762 4922/91/2746 4932/106/2756
f 4932/106/2756 4937/108/2761 4938/109/2762
f 4937/108/2761 4933/102/2757 4925/94/2749
f 4925/94/2749 4938/109/2762 4937/108/2761
f 4922/110/2746 4925/94/2749 4933/102/2757
f 4933/102/2757 4932/101/2756 4922/110/2746
f 4939/111/2763 4920/89/2744 4922/91/2746
f 4922/91/2746 4938/109/2762 4939/111/2763
f 4938/109/2762 4925/94/2749 4924/93/2748
f 4924/93/2748 4939/111/2763 4938/109/2762
f 4921/112/2745 4923/92/2747 4925/94/2749
f 4925/94/2749 4922/110/2746 4921/112/2745
f 4924/93/2748 4923/92/2747 4929/98/2753
f 4929/98/2753 4928/97/2752 4924/93/2748
f 4939/111/2763 4928/97/2752 4927/96/2751
f 4928/97/2752 4939/111/2763 4924/93/2748
f 4923/92/2747 4921/112/2745 4931/100/2755
f 4931/100/2755 4929/98/2753 4923/92/2747
f 4921/90/2745 4920/89/2744 4930/99/2754
f 4930/113/2754 4931/100/2755 4921/112/2745
f 4920/89/2744 4939/111/2763 4927/96/2751
f 4927/96/2751 4930/99/2754 4920/89/2744
f 4940/114/2764 4941/115/2765 4942/116/2766
f 4942/116/2766 4943/117/2767 4940/114/2764
f 4941/115/2765 4944/118/2768 4942/116/2766
f 4944/118/2768 4945/119/2769 4942/116/2766
f 4945/119/2769 4943/117/2767 4942/116/2766
f 4946/120/2770 4947/121/2771 4948/122/2772
f 4949/123/2773 4950/124/2774 4947/121/2771
f 4947/121/2771 4946/120/2770 4949/123/2773
f 4949/123/2773 4951/125/2775 4950/124/2774
f 4952/126/2776 4953/127/2777 4951/128/2775
f 4949/129/2773 4952/126/2776 4951/128/2775
f 4952/126/2776 4949/129/2773 4946/120/2770
f 4945/130/2769 4944/118/2768 4954/131/2778
f 4954/131/2778 4955/132/2779 4945/130/2769
f 4955/132/2779 4954/131/2778 4950/124/2774
f 4950/124/2774 4951/125/2775 4955/132/2779
f 4955/133/2779 4951/128/2775 4953/127/2777
f 4953/127/2777 4956/134/2780 4955/133/2779
f 4955/133/2779 4956/134/2780 4943/117/2767
f 4943/117/2767 4945/119/2769 4955/133/2779
f 4944/118/2768 4941/115/2765 4957/135/2781
f 4957/135/2781 4954/131/2778 4944/118/2768
f 4954/131/2778 4957/135/2781 4947/121/2771
f 4947/121/2771 4950/124/2774 4954/131/2778
f 4957/135/2781 4958/136/2782 4948/122/2772
f 4948/122/2772 4947/121/2771 4957/135/2781
f 4941/115/2765 4940/114/2764 4958/136/2782
f 4958/136/2782 4957/135/2781 4941/115/2765
f 4940/114/2764 4943/117/2767 4956/134/2780
f 4956/134/2780 4958/136/2782 4940/114/2764
f 4958/136/2782 4956/134/2780 4953/127/2777
f 4953/127/2777 4948/122/2772 4958/136/2782
f 4953/127/2777 4952/126/2776 4946/120/2770
f 4946/120/2770 4948/122/2772 4953/127/2777
f 4959/89/2783 4960/90/2784 4961/91/2785
f 4962/92/2786 4963/93/2787 4964/94/2788
f 4965/95/2789 4966/96/2790 4967/97/2791
f 4968/98/2792 4965/95/2789 4967/97/2791
f 4965/95/2789 4969/99/2793 4966/96/2790
f 4965/95/2789 4970/100/2794 4969/99/2793
f 4965/95/2789 4968/98/2792 4970/100/2794
f 4971/101/2795 4972/102/2796 4973/103/2797
f 4973/104/2797 4974/105/2798 4971/106/2795
f 4974/105/2798 4975/107/2799 4976/108/2800
f 4976/108/2800 4971/106/2795 4974/105/2798
f 4972/102/2796 4976/108/2800 4975/107/2799
f 4975/107/2799 4973/103/2797 4972/102/2796
f 4977/109/2801 4961/91/2785 4971/106/2795
f 4971/106/2795 4976/108/2800 4977/109/2801
f 4976/108/2800 4972/102/2796 4964/94/2788
f 4964/94/2788 4977/109/2801 4976/108/2800
f 4961/110/2785 4964/94/2788 4972/102/2796
f 4972/102/2796 4971/101/2795 4961/110/2785
f 4978/111/2802 4959/89/2783 4961/91/2785
f 4961/91/2785 4977/109/2801 4978/111/2802
f 4977/109/2801 4964/94/2788 4963/93/2787
f 4963/93/2787 4978/111/2802 4977/109/2801
f 4960/112/2784 4962/92/2786 4964/94/2788
f 4964/94/2788 4961/110/2785 4960/112/2784
f 4963/93/2787 4962/92/2786 4968/98/2792
f 4968/98/2792 4967/97/2791 4963/93/2787
f 4978/111/2802 4967/97/2791 4966/96/2790
f 4967/97/2791 4978/111/2802 4963/93/2787
f 4962/92/2786 4960/112/2784 4970/100/2794
f 4970/100/2794 4968/98/2792 4962/92/2786
f 4960/90/2784 4959/89/2783 4969/99/2793
f 4969/113/2793 4970/100/2794 4960/112/2784
f 4959/89/2783 4978/111/2802 4966/96/2790
f 4966/96/2790 4969/99/2793 4959/89/2783
f 4979/114/2803 4980/115/2804 4981/116/2805
f 4981/116/2805 4982/117/2806 4979/114/2803
f 4980/115/2804 4983/118/2807 4981/116/2805
f 4983/118/2807 4984/119/2808 4981/116/2805
f 4984/119/2808 4982/117/2806 4981/116/2805
f 4985/120/2809 4986/121/2810 4987/122/2811
f 4988/123/2812 4989/124/2813 4986/121/2810
f 4986/121/2810 4985/120/2809 4988/123/2812
f 4988/123/2812 4990/125/2814 4989/124/2813
f 4991/126/2815 4992/127/2816 4990/128/2814
f 4988/129/2812 4991/126/2815 4990/128/2814
f 4991/126/2815 4988/129/2812 4985/120/2809
f 4984/130/2808 4983/118/2807 4993/131/2817
f 4993/131/2817 4994/132/2818 4984/130/2808
f 4994/132/2818 4993/131/2817 4989/124/2813
f 4989/124/2813 4990/125/2814 4994/132/2818
f 4994/133/2818 4990/128/2814 4992/127/2816
f 4992/127/2816 4995/134/2819 4994/133/2818
f 4994/133/2818 4995/134/2819 4982/117/2806
f 4982/117/2806 4984/119/2808 4994/133/2818
f 4983/118/2807 4980/115/2804 4996/135/2820
f 4996/135/2820 4993/131/2817 4983/118/2807
f 4993/131/2817 4996/135/2820 4986/121/2810
f 4986/121/2810 4989/124/2813 4993/131/2817
f 4996/135/2820 4997/136/2821 4987/122/2811
f 4987/122/2811 4986/121/2810 4996/135/2820
f 4980/115/2804 4979/114/2803 4997/136/2821
f 4997/136/2821 4996/135/2820 4980/115/2804
f 4979/114/2803 4982/117/2806 4995/134/2819
f 4995/134/2819 4997/136/2821 4979/114/2803
f 4997/136/2821 4995/134/2819 4992/127/2816
f 4992/127/2816 4987/122/2811 4997/136/2821
f 4992/127/2816 4991/126/2815 4985/120/2809
f 4985/120/2809 4987/122/2811 4992/127/2816
f 4998/89/2822 4999/90/2823 5000/91/2824
f 5001/92/2825 5002/93/2826 5003/94/2827
f 5004/95/2828 5005/96/2829 5006/97/2830
f 5007/98/2831 5004/95/2828 5006/97/2830
f 5004/95/2828 5008/99/2832 5005/96/2829
f 5004/95/2828 5009/100/2833 5008/99/2832
f 5004/95/2828 5007/98/2831 5009/100/2833
f 5010/101/2834 5011/102/2835 5012/103/2836
f 5012/104/2836 5013/105/2837 5010/106/2834
f 5013/105/2837 5014/107/2838 5015/108/2839
f 5015/108/2839 5010/106/2834 5013/105/2837
f 5011/102/2835 5015/108/2839 5014/107/2838
f 5014/107/2838 5012/103/2836 5011/102/2835
f 5016/109/2840 5000/91/2824 5010/106/2834
f 5010/106/2834 5015/108/2839 5016/109/2840
f 5015/108/2839 5011/102/2835 5003/94/2827
f 5003/94/2827 5016/109/2840 5015/108/2839
f 5000/110/2824 5003/94/2827 5011/102/2835
f 5011/102/2835 5010/101/2834 5000/110/2824
f 5017/111/2841 4998/89/2822 5000/91/2824
f 5000/91/2824 5016/109/2840 5017/111/2841
f 5016/109/2840 5003/94/2827 5002/93/2826
f 5002/93/2826 5017/111/2841 5016/109/2840
f 4999/112/2823 5001/92/2825 5003/94/2827
f 5003/94/2827 5000/110/2824 4999/112/2823
f 5002/93/2826 5001/92/2825 5007/98/2831
f 5007/98/2831 5006/97/2830 5002/93/2826
f 5017/111/2841 5006/97/2830 5005/96/2829
f 5006/97/2830 5017/111/2841 5002/93/2826
f 5001/92/2825 4999/112/2823 5009/100/2833
f 5009/100/2833 5007/98/2831 5001/92/2825
f 4999/90/2823 4998/89/2822 5008/99/2832
f 5008/113/2832 5009/100/2833 4999/112/2823
f 4998/89/2822 5017/111/2841 5005/96/2829
f 5005/96/2829 5008/99/2832 4998/89/2822
f 5018/114/2842 5019/115/2843 5020/116/2844
f 5020/116/2844 5021/117/2845 5018/114/2842
f 5019/115/2843 5022/118/2846 5020/116/2844
f 5022/118/2846 5023/119/2847 5020/116/2844
f 5023/119/2847 5021/117/2845 5020/116/2844
f 5024/120/2848 5025/121/2849 5026/122/2850
f 5027/123/2851 5028/124/2852 5025/121/2849
f 5025/121/2849 5024/120/2848 5027/123/2851
f 5027/123/2851 5029/125/2853 5028/124/2852
f 5030/126/2854 5031/127/2855 5029/128/2853
f 5027/129/2851 5030/126/2854 5029/128/2853
f 5030/126/2854 5027/129/2851 5024/120/2848
f 5023/130/2847 5022/118/2846 5032/131/2856
f 5032/131/2856 5033/132/2857 5023/130/2847
f 5033/132/2857 5032/131/2856 5028/124/2852
f 5028/124/2852 5029/125/2853 5033/132/2857
f 5033/133/2857 5029/128/2853 5031/127/2855
f 5031/127/2855 5034/134/2858 5033/133/2857
f 5033/133/2857 5034/134/2858 5021/117/2845
f 5021/117/2845 5023/119/2847 5033/133/2857
f 5022/118/2846 5019/115/2843 5035/135/2859
f 5035/135/2859 5032/131/2856 5022/118/2846
f 5032/131/2856 5035/135/2859 5025/121/2849
f 5025/121/2849 5028/124/2852 5032/131/2856
f 5035/135/2859 5036/136/2860 5026/122/2850
f 5026/122/2850 5025/121/2849 5035/135/2859
f 5019/115/2843 5018/114/2842 5036/136/2860
f 5036/136/2860 5035/135/2859 5019/115/2843
f 5018/114/2842 5021/117/2845 5034/134/2858
f 5034/134/2858 5036/136/2860 5018/114/2842
f 5036/136/2860 5034/134/2858 5031/127/2855
f 5031/127/2855 5026/122/2850 5036/136/2860
f 5031/127/2855 5030/126/2854 5024/120/2848
f 5024/120/2848 5026/122/2850 5031/127/2855
f 5037/114/2861 5038/115/2862 5039/116/2863
f 5039/116/2863 5040/117/2864 5037/114/2861
f 5038/115/2862 5041/118/2865 5039/116/2863
f 5041/118/2865 5042/119/2866 5039/116/2863
f 5042/119/2866 5040/117/2864 5039/116/2863
f 5043/120/2867 5044/121/2868 5045/122/2869
f 5046/123/2870 5047/124/2871 5044/121/2868
f 5044/121/2868 5043/120/2867 5046/123/2870
f 5046/123/2870 5048/125/2872 5047/124/2871
f 5049/126/2873 5050/127/2874 5048/128/2872
f 5046/129/2870 5049/126/2873 5048/128/2872
f 5049/126/2873 5046/129/2870 5043/120/2867
f 5042/130/2866 5041/118/2865 5051/131/2875
f 5051/131/2875 5052/132/2876 5042/130/2866
f 5052/132/2876 5051/131/2875 5047/124/2871
f 5047/124/2871 5048/125/2872 5052/132/2876
f 5052/133/2876 5048/128/2872 5050/127/2874
f 5050/127/2874 5053/134/2877 5052/133/2876
f 5052/133/2876 5053/134/2877 5040/117/2864
f 5040/117/2864 5042/119/2866 5052/133/2876
f 5041/118/2865 5038/115/2862 5054/135/2878
f 5054/135/2878 5051/131/2875 5041/118/2865
f 5051/131/2875 5054/135/2878 5044/121/2868
f 5044/121/2868 5047/124/2871 5051/131/2875
f 5054/135/2878 5055/136/2879 5045/122/2869
f 5045/122/2869 5044/121/2868 5054/135/2878
f 5038/115/2862 5037/114/2861 5055/136/2879
f 5055/136/2879 5054/135/2878 5038/115/2862
f 5037/114/2861 5040/117/2864 5053/134/2877
f 5053/134/2877 5055/136/2879 5037/114/2861
f 5055/136/2879 5053/134/2877 5050/127/2874
f 5050/127/2874 5045/122/2869 5055/136/2879
f 5050/127/2874 5049/126/2873 5043/120/2867
f 5043/120/2867 5045/122/2869 5050/127/2874
f 5056/89/2880 5057/90/2881 5058/91/2882
f 5059/92/2883 5060/93/2884 5061/94/2885
f 5062/95/2886 5063/96/2887 5064/97/2888
f 5065/98/2889 5062/95/2886 5064/97/2888
f 5062/95/2886 5066/99/2890 5063/96/2887
f 5062/95/2886 5067/100/2891 5066/99/2890
f 5062/95/2886 5065/98/2889 5067/100/2891
f 5068/101/2892 5069/102/2893 5070/103/2894
f 5070/104/2894 5071/105/2895 5068/106/2892
f 5071/105/2895 5072/107/2896 5073/108/2897
f 5073/108/2897 5068/106/2892 5071/105/2895
f 5069/102/2893 5073/108/2897 5072/107/2896
f 5072/107/2896 5070/103/2894 5069/102/2893
f 5074/109/2898 5058/91/2882 5068/106/2892
f 5068/106/2892 5073/108/2897 5074/109/2898
f 5073/108/2897 5069/102/2893 5061/94/2885
f 5061/94/2885 5074/109/2898 5073/108/2897
f 5058/110/2882 5061/94/2885 5069/102/2893
f 5069/102/2893 5068/101/2892 5058/110/2882
f 5075/111/2899 5056/89/2880 5058/91/2882
f 5058/91/2882 5074/109/2898 5075/111/2899
f 5074/109/2898 5061/94/2885 5060/93/2884
f 5060/93/2884 5075/111/2899 5074/109/2898
f 5057/112/2881 5059/92/2883 5061/94/2885
f 5061/94/2885 5058/110/2882 5057/112/2881
f 5060/93/2884 5059/92/2883 5065/98/2889
f 5065/98/2889 5064/97/2888 5060/93/2884
f 5075/111/2899 5064/97/2888 5063/96/2887
f 5064/97/2888 5075/111/2899 5060/93/2884
f 5059/92/2883 5057/112/2881 5067/100/2891
f 5067/100/2891 5065/98/2889 5059/92/2883
f 5057/90/2881 5056/89/2880 5066/99/2890
f 5066/113/2890 5067/100/2891 5057/112/2881
f 5056/89/2880 5075/111/2899 5063/96/2887
f 5063/96/2887 5066/99/2890 5056/89/2880
f 5076/114/2900 5077/115/2901 5078/116/2902
f 5078/116/2902 5079/117/2903 5076/114/2900
f 5077/115/2901 5080/118/2904 5078/116/2902
f 5080/118/2904 5081/119/2905 5078/116/2902
f 5081/119/2905 5079/117/2903 5078/116/2902
f 5082/120/2906 5083/121/2907 5084/122/2908
f 5085/123/2909 5086/124/2910 5083/121/2907
f 5083/121/2907 5082/120/2906 5085/123/2909
f 5085/123/2909 5087/125/2911 5086/124/2910
f 5088/126/2912 5089/127/2913 5087/128/2911
f 5085/129/2909 5088/126/2912 5087/128/2911
f 5088/126/2912 5085/129/2909 5082/120/2906
f 5081/130/2905 5080/118/2904 5090/131/2914
f 5090/131/2914 5091/132/2915 5081/130/2905
f 5091/132/2915 5090/131/2914 5086/124/2910
f 5086/124/2910 5087/125/2911 5091/132/2915
f 5091/133/2915 5087/128/2911 5089/127/2913
f 5089/127/2913 5092/134/2916 5091/133/2915
f 5091/133/2915 5092/134/2916 5079/117/2903
f 5079/117/2903 5081/119/2905 5091/133/2915
f 5080/118/2904 5077/115/2901 5093/135/2917
f 5093/135/2917 5090/131/2914 5080/118/2904
f 5090/131/2914 5093/135/2917 5083/121/2907
f 5083/121/2907 5086/124/2910 5090/131/2914
f 5093/135/2917 5094/136/2918 5084/122/2908
f 5084/122/2908 5083/121/2907 5093/135/2917
f 5077/115/2901 5076/114/2900 5094/136/2918
f 5094/136/2918 5093/135/2917 5077/115/2901
f 5076/114/2900 5079/117/2903 5092/134/2916
f 5092/134/2916 5094/136/2918 5076/114/2900
f 5094/136/2918 5092/134/2916 5089/127/2913
f 5089/127/2913 5084/122/2908 5094/136/2918
f 5089/127/2913 5088/126/2912 5082/120/2906
f 5082/120/2906 5084/122/2908 5089/127/2913
f 5095/89/2919 5096/90/2920 5097/91/2921
f 5098/92/2922 5099/93/2923 5100/94/2924
f 5101/95/2925 5102/96/2926 5103/97/2927
f 5104/98/2928 5101/95/2925 5103/97/2927
f 5101/95/2925 5105/99/2929 5102/96/2926
f 5101/95/2925 5106/100/2930 5105/99/2929
f 5101/95/2925 5104/98/2928 5106/100/2930
f 5107/101/2931 5108/102/2932 5109/103/2933
f 5109/104/2933 5110/105/2934 5107/106/2931
f 5110/105/2934 5111/107/2935 5112/108/2936
f 5112/108/2936 5107/106/2931 5110/105/2934
f 5108/102/2932 5112/108/2936 5111/107/2935
f 5111/107/2935 5109/103/2933 5108/102/2932
f 5113/109/2937 5097/91/2921 5107/106/2931
f 5107/106/2931 5112/108/2936 5113/109/2937
f 5112/108/2936 5108/102/2932 5100/94/2924
f 5100/94/2924 5113/109/2937 5112/108/2936
f 5097/110/2921 5100/94/2924 5108/102/2932
f 5108/102/2932 5107/101/2931 5097/110/2921
f 5114/111/2938 5095/89/2919 5097/91/2921
f 5097/91/2921 5113/109/2937 5114/111/2938
f 5113/109/2937 5100/94/2924 5099/93/2923
f 5099/93/2923 5114/111/2938 5113/109/2937
f 5096/112/2920 5098/92/2922 5100/94/2924
f 5100/94/2924 5097/110/2921 5096/112/2920
f 5099/93/2923 5098/92/2922 5104/98/2928
f 5104/98/2928 5103/97/2927 5099/93/2923
f 5114/111/2938 5103/97/2927 5102/96/2926
f 5103/97/2927 5114/111/2938 5099/93/2923
f 5098/92/2922 5096/112/2920 5106/100/2930
f 5106/100/2930 5104/98/2928 5098/92/2922
f 5096/90/2920 5095/89/2919 5105/99/2929
f 5105/113/2929 5106/100/2930 5096/112/2920
f 5095/89/2919 5114/111/2938 5102/96/2926
f 5102/96/2926 5105/99/2929 5095/89/2919
f 5115/89/2939 5116/90/2940 5117/91/2941
f 5118/92/2942 5119/93/2943 5120/94/2944
f 5121/95/2945 5122/96/2946 5123/97/2947
f 5124/98/2948 5121/95/2945 5123/97/2947
f 5121/95/2945 5125/99/2949 5122/96/2946
f 5121/95/2945 5126/100/2950 5125/99/2949
f 5121/95/2945 5124/98/2948 5126/100/2950
f 5127/101/2951 5128/102/2952 5129/103/2953
f 5129/104/2953 5130/105/2954 5127/106/2951
f 5130/105/2954 5131/107/2955 5132/108/2956
f 5132/108/2956 5127/106/2951 5130/105/2954
f 5128/102/2952 5132/108/2956 5131/107/2955
f 5131/107/2955 5129/103/2953 5128/102/2952
f 5133/109/2957 5117/91/2941 5127/106/2951
f 5127/106/2951 5132/108/2956 5133/109/2957
f 5132/108/2956 5128/102/2952 5120/94/2944
f 5120/94/2944 5133/109/2957 5132/108/2956
f 5117/110/2941 5120/94/2944 5128/102/2952
f 5128/102/2952 5127/101/2951 5117/110/2941
f 5134/111/2958 5115/89/2939 5117/91/2941
f 5117/91/2941 5133/109/2957 5134/111/2958
f 5133/109/2957 5120/94/2944 5119/93/2943
f 5119/93/2943 5134/111/2958 5133/109/2957
f 5116/112/2940 5118/92/2942 5120/94/2944
f 5120/94/2944 5117/110/2941 5116/112/2940
f 5119/93/2943 5118/92/2942 5124/98/2948
f 5124/98/2948 5123/97/2947 5119/93/2943
f 5134/111/2958 5123/97/2947 5122/96/2946
f 5123/97/2947 5134/111/2958 5119/93/2943
f 5118/92/2942 5116/112/2940 5126/100/2950
f 5126/100/2950 5124/98/2948 5118/92/2942
f 5116/90/2940 5115/89/2939 5125/99/2949
f 5125/113/2949 5126/100/2950 5116/112/2940
f 5115/89/2939 5134/111/2958 5122/96/2946
f 5122/96/2946 5125/99/2949 5115/89/2939
f 5135/114/2959 5136/115/2960 5137/116/2961
f 5137/116/2961 5138/117/2962 5135/114/2959
f 5136/115/2960 5139/118/2963 5137/116/2961
f 5139/118/2963 5140/119/2964 5137/116/2961
f 5140/119/2964 5138/117/2962 5137/116/2961
f 5141/120/2965 5142/121/2966 5143/122/2967
f 5144/123/2968 5145/124/2969 5142/121/2966
f 5142/121/2966 5141/120/2965 5144/123/2968
f 5144/123/2968 5146/125/2970 5145/124/2969
f 5147/126/2971 5148/127/2972 5146/128/2970
f 5144/129/2968 5147/126/2971 5146/128/2970
f 5147/126/2971 5144/129/2968 5141/120/2965
f 5140/130/2964 5139/118/2963 5149/131/2973
f 5149/131/2973 5150/132/2974 5140/130/2964
f 5150/132/2974 5149/131/2973 5145/124/2969
f 5145/124/2969 5146/125/2970 5150/132/2974
f 5150/133/2974 5146/128/2970 5148/127/2972
f 5148/127/2972 5151/134/2975 5150/133/2974
f 5150/133/2974 5151/134/2975 5138/117/2962
f 5138/117/2962 5140/119/2964 5150/133/2974
f 5139/118/2963 5136/115/2960 5152/135/2976
f 5152/135/2976 5149/131/2973 5139/118/2963
f 5149/131/2973 5152/135/2976 5142/121/2966
f 5142/121/2966 5145/124/2969 5149/131/2973
f 5152/135/2976 5153/136/2977 5143/122/2967
f 5143/122/2967 5142/121/2966 5152/135/2976
f 5136/115/2960 5135/114/2959 5153/136/2977
f 5153/136/2977 5152/135/2976 5136/115/2960
f 5135/114/2959 5138/117/2962 5151/134/2975
f 5151/134/2975 5153/136/2977 5135/114/2959
f 5153/136/2977 5151/134/2975 5148/127/2972
f 5148/127/2972 5143/122/2967 5153/136/2977
f 5148/127/2972 5147/126/2971 5141/120/2965
f 5141/120/2965 5143/122/2967 5148/127/2972
f 5154/89/2978 5155/90/2979 5156/91/2980
f 5157/92/2981 5158/93/2982 5159/94/2983
f 5160/95/2984 5161/96/2985 5162/97/2986
f 5163/98/2987 5160/95/2984 5162/97/2986
f 5160/95/2984 5164/99/2988 5161/96/2985
f 5160/95/2984 5165/100/2989 5164/99/2988
f 5160/95/2984 5163/98/2987 5165/100/2989
f 5166/101/2990 5167/102/2991 5168/103/2992
f 5168/104/2992 5169/105/2993 5166/106/2990
f 5169/105/2993 5170/107/2994 5171/108/2995
f 5171/108/2995 5166/106/2990 5169/105/2993
f 5167/102/2991 5171/108/2995 5170/107/2994
f 5170/107/2994 5168/103/2992 5167/102/2991
f 5172/109/2996 5156/91/2980 5166/106/2990
f 5166/106/2990 5171/108/2995 5172/109/2996
f 5171/108/2995 5167/102/2991 5159/94/2983
f 5159/94/2983 5172/109/2996 5171/108/2995
f 5156/110/2980 5159/94/2983 5167/102/2991
f 5167/102/2991 5166/101/2990 5156/110/2980
f 5173/111/2997 5154/89/2978 5156/91/2980
f 5156/91/2980 5172/109/2996 5173/111/2997
f 5172/109/2996 5159/94/2983 5158/93/2982
f 5158/93/2982 5173/111/2997 5172/109/2996
f 5155/112/2979 5157/92/2981 5159/94/2983
f 5159/94/2983 5156/110/2980 5155/112/2979
f 5158/93/2982 5157/92/2981 5163/98/2987
f 5163/98/2987 5162/97/2986 5158/93/2982
f 5173/111/2997 5162/97/2986 5161/96/2985
f 5162/97/2986 5173/111/2997 5158/93/2982
f 5157/92/2981 5155/112/2979 5165/100/2989
f 5165/100/2989 5163/98/2987 5157/92/2981
f 5155/90/2979 5154/89/2978 5164/99/2988
f 5164/113/2988 5165/100/2989 5155/112/2979
f 5154/89/2978 5173/111/2997 5161/96/2985
f 5161/96/2985 5164/99/2988 5154/89/2978
f 5174/114/2998 5175/115/2999 5176/116/3000
f 5176/116/3000 5177/117/3001 5174/114/2998
f 5175/115/2999 5178/118/3002 5176/116/3000
f 5178/118/3002 5179/119/3003 5176/116/3000
f 5179/119/3003 5177/117/3001 5176/116/3000
f 5180/120/3004 5181/121/3005 5182/122/3006
f 5183/123/3007 5184/124/3008 5181/121/3005
f 5181/121/3005 5180/120/3004 5183/123/3007
f 5183/123/3007 5185/125/3009 5184/124/3008
f 5186/126/3010 5187/127/3011 5185/128/3009
f 5183/129/3007 5186/126/3010 5185/128/3009
f 5186/126/3010 5183/129/3007 5180/120/3004
f 5179/130/3003 5178/118/3002 5188/131/3012
f 5188/131/3012 5189/132/3013 5179/130/3003
f 5189/132/3013 5188/131/3012 5184/124/3008
f 5184/124/3008 5185/125/3009 5189/132/3013
f 5189/133/3013 5185/128/3009 5187/127/3011
f 5187/127/3011 5190/134/3014 5189/133/3013
f 5189/133/3013 5190/134/3014 5177/117/3001
f 5177/117/3001 5179/119/3003 5189/133/3013
f 5178/118/3002 5175/115/2999 5191/135/3015
f 5191/135/3015 5188/131/3012 5178/118/3002
f 5188/131/3012 5191/135/3015 5181/121/3005
f 5181/121/3005 5184/124/3008 5188/131/3012
f 5191/135/3015 5192/136/3016 5182/122/3006
f 5182/122/3006 5181/121/3005 5191/135/3015
f 5175/115/2999 5174/114/2998 5192/136/3016
f 5192/136/3016 5191/135/3015 5175/115/2999
f 5174/114/2998 5177/117/3001 5190/134/3014
f 5190/134/3014 5192/136/3016 5174/114/2998
f 5192/136/3016 5190/134/3014 5187/127/3011
f 5187/127/3011 5182/122/3006 5192/136/3016
f 5187/127/3011 5186/126/3010 5180/120/3004
f 5180/120/3004 5182/122/3006 5187/127/3011
f 5193/89/3017 5194/90/3018 5195/91/3019
f 5196/92/3020 5197/93/3021 5198/94/3022
f 5199/95/3023 5200/96/3024 5201/97/3025
f 5202/98/3026 5199/95/3023 5201/97/3025
f 5199/95/3023 5203/99/3027 5200/96/3024
f 5199/95/3023 5204/100/3028 5203/99/3027
f 5199/95/3023 5202/98/3026 5204/100/3028
f 5205/101/3029 5206/102/3030 5207/103/3031
f 5207/104/3031 5208/105/3032 5205/106/3029
f 5208/105/3032 5209/107/3033 5210/108/3034
f 5210/108/3034 5205/106/3029 5208/105/3032
f 5206/102/3030 5210/108/3034 5209/107/3033
f 5209/107/3033 5207/103/3031 5206/102/3030
f 5211/109/3035 5195/91/3019 5205/106/3029
f 5205/106/3029 5210/108/3034 5211/109/3035
f 5210/108/3034 5206/102/3030 5198/94/3022
f 5198/94/3022 5211/109/3035 5210/108/3034
f 5195/110/3019 5198/94/3022 5206/102/3030
f 5206/102/3030 5205/101/3029 5195/110/3019
f 5212/111/3036 5193/89/3017 5195/91/3019
f 5195/91/3019 5211/109/3035 5212/111/3036
f 5211/109/3035 5198/94/3022 5197/93/3021
f 5197/93/3021 5212/111/3036 5211/109/3035
f 5194/112/3018 5196/92/3020 5198/94/3022
f 5198/94/3022 5195/110/3019 5194/112/3018
f 5197/93/3021 5196/92/3020 5202/98/3026
f 5202/98/3026 5201/97/3025 5197/93/3021
f 5212/111/3036 5201/97/3025 5200/96/3024
f 5201/97/3025 5212/111/3036 5197/93/3021
f 5196/92/3020 5194/112/3018 5204/100/3028
f 5204/100/3028 5202/98/3026 5196/92/3020
f 5194/90/3018 5193/89/3017 5203/99/3027
f 5203/113/3027 5204/100/3028 5194/112/3018
f 5193/89/3017 5212/111/3036 5200/96/3024
f 5200/96/3024 5203/99/3027 5193/89/3017
f 5213/114/3037 5214/115/3038 5215/116/3039
f 5215/116/3039 5216/117/3040 5213/114/3037
f 5214/115/3038 5217/118/3041 5215/116/3039
f 5217/118/3041 5218/119/3042 5215/116/3039
f 5218/119/3042 5216/117/3040 5215/116/3039
f 5219/120/3043 5220/121/3044 5221/122/3045
f 5222/123/3046 5223/124/3047 5220/121/3044
f 5220/121/3044 5219/120/3043 5222/123/3046
f 5222/123/3046 5224/125/3048 5223/124/3047
f 5225/126/3049 5226/127/3050 5224/128/3048
f 5222/129/3046 5225/126/3049 5224/128/3048
f 5225/126/3049 5222/129/3046 5219/120/3043
f 5218/130/3042 5217/118/3041 5227/131/3051
f 5227/131/3051 5228/132/3052 5218/130/3042
f 5228/132/3052 5227/131/3051 5223/124/3047
f 5223/124/3047 5224/125/3048 5228/132/3052
f 5228/133/3052 5224/128/3048 5226/127/3050
f 5226/127/3050 5229/134/3053 5228/133/3052
f 5228/133/3052 5229/134/3053 5216/117/3040
f 5216/117/3040 5218/119/3042 5228/133/3052
f 5217/118/3041 5214/115/3038 5230/135/3054
f 5230/135/3054 5227/131/3051 5217/118/3041
f 5227/131/3051 5230/135/3054 5220/121/3044
f 5220/121/3044 5223/124/3047 5227/131/3051
f 5230/135/3054 5231/136/3055 5221/122/3045
f 5221/122/3045 5220/121/3044 5230/135/3054
f 5214/115/3038 5213/114/3037 5231/136/3055
f 5231/136/3055 5230/135/3054 5214/115/3038
f 5213/114/3037 5216/117/3040 5229/134/3053
f 5229/134/3053 5231/136/3055 5213/114/3037
f 5231/136/3055 5229/134/3053 5226/127/3050
f 5226/127/3050 5221/122/3045 5231/136/3055
f 5226/127/3050 5225/126/3049 5219/120/3043
f 5219/120/3043 5221/122/3045 5226/127/3050
f 5232/114/3056 5233/115/3057 5234/116/3058
f 5234/116/3058 5235/117/3059 5232/114/3056
f 5233/115/3057 5236/118/3060 5234/116/3058
f 5236/118/3060 5237/119/3061 5234/116/3058
f 5237/119/3061 5235/117/3059 5234/116/3058
f 5238/120/3062 5239/121/3063 5240/122/3064
f 5241/123/3065 5242/124/3066 5239/121/3063
f 5239/121/3063 5238/120/3062 5241/123/3065
f 5241/123/3065 5243/125/3067 5242/124/3066
f 5244/126/3068 5245/127/3069 5243/128/3067
f 5241/129/3065 5244/126/3068 5243/128/3067
f 5244/126/3068 5241/129/3065 5238/120/3062
f 5237/130/3061 5236/118/3060 5246/131/3070
f 5246/131/3070 5247/132/3071 5237/130/3061
f 5247/132/3071 5246/131/3070 5242/124/3066
f 5242/124/3066 5243/125/3067 5247/132/3071
f 5247/133/3071 5243/128/3067 5245/127/3069
f 5245/127/3069 5248/134/3072 5247/133/3071
f 5247/133/3071 5248/134/3072 5235/117/3059
f 5235/117/3059 5237/119/3061 5247/133/3071
f 5236/118/3060 5233/115/3057 5249/135/3073
f 5249/135/3073 5246/131/3070 5236/118/3060
f 5246/131/3070 5249/135/3073 5239/121/3063
f 5239/121/3063 5242/124/3066 5246/131/3070
f 5249/135/3073 5250/136/3074 5240/122/3064
f 5240/122/3064 5239/121/3063 5249/135/3073
f 5233/115/3057 5232/114/3056 5250/136/3074
f 5250/136/3074 5249/135/3073 5233/115/3057
f 5232/114/3056 5235/117/3059 5248/134/3072
f 5248/134/3072 5250/136/3074 5232/114/3056
f 5250/136/3074 5248/134/3072 5245/127/3069
f 5245/127/3069 5240/122/3064 5250/136/3074
f 5245/127/3069 5244/126/3068 5238/120/3062
f 5238/120/3062 5240/122/3064 5245/127/3069
f 5251/89/3075 5252/90/3076 5253/91/3077
f 5254/92/3078 5255/93/3079 5256/94/3080
f 5257/95/3081 5258/96/3082 5259/97/3083
f 5260/98/3084 5257/95/3081 5259/97/3083
f 5257/95/3081 5261/99/3085 5258/96/3082
f 5257/95/3081 5262/100/3086 5261/99/3085
f 5257/95/3081 5260/98/3084 5262/100/3086
f 5263/101/3087 5264/102/3088 5265/103/3089
f 5265/104/3089 5266/105/3090 5263/106/3087
f 5266/105/3090 5267/107/3091 5268/108/3092
f 5268/108/3092 5263/106/3087 5266/105/3090
f 5264/102/3088 5268/108/3092 5267/107/3091
f 5267/107/3091 5265/103/3089 5264/102/3088
f 5269/109/3093 5253/91/3077 5263/106/3087
f 5263/106/3087 5268/108/3092 5269/109/3093
f 5268/108/3092 5264/102/3088 5256/94/3080
f 5256/94/3080 5269/109/3093 5268/108/3092
f 5253/110/3077 5256/94/3080 5264/102/3088
f 5264/102/3088 5263/101/3087 5253/110/3077
f 5270/111/3094 5251/89/3075 5253/91/3077
f 5253/91/3077 5269/109/3093 5270/111/3094
f 5269/109/3093 5256/94/3080 5255/93/3079
f 5255/93/3079 5270/111/3094 5269/109/3093
f 5252/112/3076 5254/92/3078 5256/94/3080
f 5256/94/3080 5253/110/3077 5252/112/3076
f 5255/93/3079 5254/92/3078 5260/98/3084
f 5260/98/3084 5259/97/3083 5255/93/3079
f 5270/111/3094 5259/97/3083 5258/96/3082
f 5259/97/3083 5270/111/3094 5255/93/3079
f 5254/92/3078 5252/112/3076 5262/100/3086
f 5262/100/3086 5260/98/3084 5254/92/3078
f 5252/90/3076 5251/89/3075 5261/99/3085
f 5261/113/3085 5262/100/3086 5252/112/3076
f 5251/89/3075 5270/111/3094 5258/96/3082
f 5258/96/3082 5261/99/3085 5251/89/3075
f 5271/137/3095 5272/138/3095 5273/139/3095
f 5273/139/3095 5274/140/3095 5271/137/3095
f 5275/141/3096 5276/142/3096 5277/143/3096
f 5277/143/3096 5278/144/3096 5275/141/3096
f 5279/145/3097 5280/146/3097 5281/147/3097
f 5281/147/3097 5282/148/3097 5279/145/3097
f 5283/149/849 5284/150/849 5285/151/849
f 5285/151/849 5286/152/849 5283/149/849
f 5287/153/3098 5288/154/3098 5289/7/3098
f 5289/7/3098 5290/155/3098 5287/153/3098
f 5291/156/3099 5292/157/3099 5293/158/3099
f 5293/159/3099 5294/160/3099 5291/161/3099
f 5295/162/3100 5296/163/3100 5297/9/3100
f 5297/9/3100 5298/164/3100 5295/162/3100
f 5299/144/3101 5300/156/3101 5301/157/3101
f 5301/157/3101 5302/143/3101 5299/144/3101
f 5303/144/3102 5304/156/3102 5305/157/3102
f 5305/157/3102 5306/143/3102 5303/144/3102
f 5307/144/3103 5308/156/3103 5309/157/3103
f 5309/157/3103 5310/143/3103 5307/144/3103
f 5311/144/44 5312/156/44 5313/157/44
f 5313/157/44 5314/143/44 5311/144/44
f 5315/144/3104 5316/156/3104 5317/157/3104
f 5317/157/3104 5318/143/3104 5315/144/3104
f 5319/144/3105 5320/156/3105 5321/157/3105
f 5321/157/3105 5322/143/3105 5319/144/3105
f 5323/144/3106 5324/156/3106 5325/157/3106
f 5325/157/3106 5326/143/3106 5323/144/3106
f 5327/165/3107 5328/166/3107 5329/167/3107
f 5329/167/3107 5330/168/3107 5327/165/3107
f 5331/140/3108 5332/139/3108 5333/9/3108
f 5333/9/3108 5334/164/3108 5331/140/3108
f 5332/156/3108 5335/157/3108 5336/138/3108
f 5336/138/3108 5333/137/3108 5332/156/3108
f 5335/169/3108 5337/27/3108 5338/170/3108
f 5338/170/3108 5336/171/3108 5335/169/3108
f 5337/171/3108 5339/170/3108 5340/151/3108
f 5340/151/3108 5338/152/3108 5337/171/3108
f 5339/153/3108 5341/154/3108 5342/146/3108
f 5342/146/3108 5340/145/3108 5339/153/3108
f 5341/145/3108 5343/146/3108 5344/157/3108
f 5344/157/3108 5342/156/3108 5341/145/3108
f 5343/137/3108 5345/138/3108 5346/163/3108
f 5346/163/3108 5344/162/3108 5343/137/3108
f 5347/166/3109 5348/165/3109 5349/168/3109
f 5349/168/3109 5350/167/3109 5347/166/3109
f 5351/138/3110 5352/137/3110 5353/162/3110
f 5353/162/3110 5354/163/3110 5351/138/3110
f 5352/146/3110 5355/145/3110 5356/156/3110
f 5356/156/3110 5353/157/3110 5352/146/3110
f 5355/154/3110 5357/153/3110 5358/145/3110
f 5358/145/3110 5356/146/3110 5355/154/3110
f 5357/170/3110 5359/171/3110 5360/152/3110
f 5360/152/3110 5358/151/3110 5357/170/3110
f 5359/27/3110 5361/169/3110 5362/171/3110
f 5362/171/3110 5360/170/3110 5359/27/3110
f 5361/157/3110 5363/156/3110 5364/137/3110
f 5364/137/3110 5362/138/3110 5361/157/3110
f 5363/139/3110 5365/140/3110 5366/164/3110
f 5366/164/3110 5364/9/3110 5363/139/3110
f 5367/137/3095 5368/138/3095 5369/139/3095
f 5369/139/3095 5370/140/3095 5367/137/3095
f 5371/141/3096 5372/142/3096 5373/143/3096
f 5373/143/3096 5374/144/3096 5371/141/3096
f 5375/145/3097 5376/146/3097 5377/147/3097
f 5377/147/3097 5378/148/3097 5375/145/3097
f 5379/149/849 5380/150/849 5381/151/849
f 5381/151/849 5382/152/849 5379/149/849
f 5383/153/3098 5384/154/3098 5385/7/3098
f 5385/7/3098 5386/155/3098 5383/153/3098
f 5387/156/3099 5388/157/3099 5389/158/3099
f 5389/159/3099 5390/160/3099 5387/161/3099
f 5391/162/3100 5392/163/3100 5393/9/3100
f 5393/9/3100 5394/164/3100 5391/162/3100
f 5395/144/3101 5396/156/3101 5397/157/3101
f 5397/157/3101 5398/143/3101 5395/144/3101
f 5399/144/3102 5400/156/3102 5401/157/3102
f 5401/157/3102 5402/143/3102 5399/144/3102
f 5403/144/3103 5404/156/3103 5405/157/3103
f 5405/157/3103 5406/143/3103 5403/144/3103
f 5407/144/44 5408/156/44 5409/157/44
f 5409/157/44 5410/143/44 5407/144/44
f 5411/144/3104 5412/156/3104 5413/157/3104
f 5413/157/3104 5414/143/3104 5411/144/3104
f 5415/144/3105 5416/156/3105 5417/157/3105
f 5417/157/3105 5418/143/3105 5415/144/3105
f 5419/144/3106 5420/156/3106 5421/157/3106
f 5421/157/3106 5422/143/3106 5419/144/3106
f 5423/165/3107 5424/166/3107 5425/167/3107
f 5425/167/3107 5426/168/3107 5423/165/3107
f 5427/140/3108 5428/139/3108 5429/9/3108
f 5429/9/3108 5430/164/3108 5427/140/3108
f 5428/156/3108 5431/157/3108 5432/138/3108
f 5432/138/3108 5429/137/3108 5428/156/3108
f 5431/169/3108 5433/27/3108 5434/170/3108
f 5434/170/3108 5432/171/3108 5431/169/3108
f 5433/171/3108 5435/170/3108 5436/151/3108
f 5436/151/3108 5434/152/3108 5433/171/3108
f 5435/153/3108 5437/154/3108 5438/146/3108
f 5438/146/3108 5436/145/3108 5435/153/3108
f 5437/145/3108 5439/146/3108 5440/157/3108
f 5440/157/3108 5438/156/3108 5437/145/3108
f 5439/137/3108 5441/138/3108 5442/163/3108
f 5442/163/3108 5440/162/3108 5439/137/3108
f 5443/166/3109 5444/165/3109 5445/168/3109
f 5445/168/3109 5446/167/3109 5443/166/3109
f 5447/138/3110 5448/137/3110 5449/162/3110
f 5449/162/3110 5450/163/3110 5447/138/3110
f 5448/146/3110 5451/145/3110 5452/156/3110
f 5452/156/3110 5449/157/3110 5448/146/3110
f 5451/154/3110 5453/153/3110 5454/145/3110
f 5454/145/3110 5452/146/3110 5451/154/3110
f 5453/170/3110 5455/171/3110 5456/152/3110
f 5456/152/3110 5454/151/3110 5453/170/3110
f 5455/27/3110 5457/169/3110 5458/171/3110
f 5458/171/3110 5456/170/3110 5455/27/3110
f 5457/157/3110 5459/156/3110 5460/137/3110
f 5460/137/3110 5458/138/3110 5457/157/3110
f 5459/139/3110 5461/140/3110 5462/164/3110
f 5462/164/3110 5460/9/3110 5459/139/3110
f 5463/172/3111 5464/173/3111 5465/174/3112
f 5465/174/3112 5466/3/3112 5463/172/3111
f 5466/172/3112 5465/173/3112 5467/174/3112
f 5467/174/3112 5468/3/3111 5466/172/3112
f 5468/172/3111 5467/173/3112 5469/174/3111
f 5469/174/3111 5470/3/3111 5468/172/3111
f 5471/172/3113 5472/173/3113 5473/174/3114
f 5473/174/3114 5474/3/3114 5471/172/3113
f 5474/172/3114 5473/173/3114 5475/174/3114
f 5475/174/3114 5476/3/3114 5474/172/3114
f 5476/172/3114 5475/173/3114 5477/174/3115
f 5477/174/3115 5478/3/3115 5476/172/3114
f 5479/172/3116 5480/173/3116 5481/174/3117
f 5481/174/3117 5482/3/3117 5479/172/3116
f 5482/172/3117 5481/173/3117 5483/174/3117
f 5483/174/3117 5484/3/3117 5482/172/3117
f 5484/172/3117 5483/173/3117 5485/174/3116
f 5485/174/3116 5486/3/3116 5484/172/3117
f 5487/172/3118 5488/173/3118 5489/174/3119
f 5489/174/3119 5490/3/3119 5487/172/3118
f 5490/172/3119 5489/173/3119 5491/174/3119
f 5491/174/3119 5492/3/3119 5490/172/3119
f 5492/172/3119 5491/173/3119 5493/174/3119
f 5493/174/3119 5494/3/3119 5492/172/3119
f 5495/172/3120 5496/173/3120 5497/174/3120
f 5497/174/3120 5498/3/3120 5495/172/3120
f 5498/172/3120 5497/173/3120 5499/174/3120
f 5499/174/3120 5500/3/3120 5498/172/3120
f 5500/172/3120 5499/173/3120 5501/174/3120
f 5501/174/3120 5502/3/3120 5500/172/3120
f 5503/172/3121 5504/173/3121 5505/174/3121
f 5505/174/3121 5506/3/3121 5503/172/3121
f 5506/172/3121 5505/173/3121 5507/174/3122
f 5507/174/3122 5508/3/3122 5506/172/3121
f 5508/172/3122 5507/173/3122 5509/174/3122
f 5509/174/3122 5510/3/3122 5508/172/3122
f 5511/172/3123 5512/173/3123 5513/174/3123
f 5513/174/3123 5514/3/3123 5511/172/3123
f 5514/172/3123 5513/173/3123 5515/174/3124
f 5515/174/3124 5516/3/3124 5514/172/3123
f 5516/172/3124 5515/173/3124 5517/174/3125
f 5517/174/3125 5518/3/3123 5516/172/3124
f 5519/172/3126 5520/173/3126 5521/174/3127
f 5521/174/3127 5522/3/3127 5519/172/3126
f 5522/172/3127 5521/173/3127 5523/174/3126
f 5523/174/3126 5524/3/3126 5522/172/3127
f 5524/172/3126 5523/173/3126 5525/174/3126
f 5525/174/3126 5526/3/3126 5524/172/3126
f 5527/172/3128 5528/173/3128 5529/174/3129
f 5529/174/3129 5530/3/3129 5527/172/3128
f 5530/172/3129 5529/173/3129 5531/174/3128
f 5531/174/3128 5532/3/3128 5530/172/3129
f 5532/172/3128 5531/173/3128 5533/174/3128
f 5533/174/3128 5534/3/3128 5532/172/3128
f 5535/172/3130 5536/173/3130 5537/174/3130
f 5537/174/3130 5538/3/3130 5535/172/3130
f 5538/172/3130 5537/173/3130 5539/174/3130
f 5539/174/3130 5540/3/3130 5538/172/3130
f 5540/172/3130 5539/173/3130 5541/174/3130
f 5541/174/3130 5542/3/3130 5540/172/3130
f 5543/172/3131 5544/173/3131 5545/174/3131
f 5545/174/3131 5546/3/3131 5543/172/3131
f 5546/172/3131 5545/173/3131 5547/174/3131
f 5547/174/3131 5548/3/3131 5546/172/3131
f 5548/172/3131 5547/173/3131 5549/174/3131
f 5549/174/3131 5550/3/3131 5548/172/3131
f 5551/172/3132 5552/173/3132 5553/174/3132
f 5553/174/3132 5554/3/3132 5551/172/3132
f 5554/172/3132 5553/173/3132 5555/174/3132
f 5555/174/3132 5556/3/3132 5554/172/3132
f 5556/172/3132 5555/173/3132 5557/174/3132
f 5557/174/3132 5558/3/3132 5556/172/3132
f 5559/172/3133 5560/173/3133 5561/174/3133
f 5561/174/3133 5562/3/3133 5559/172/3133
f 5562/172/3133 5561/173/3133 5563/174/3133
f 5563/174/3133 5564/3/3133 5562/172/3133
f 5564/172/3133 5563/173/3133 5565/174/3133
f 5565/174/3133 5566/3/3133 5564/172/3133
f 5567/172/3134 5568/173/3134 5569/174/3134
f 5569/174/3134 5570/3/3135 5567/172/3134
f 5570/172/3135 5569/173/3134 5571/174/3135
f 5571/174/3135 5572/3/3135 5570/172/3135
f 5572/172/3135 5571/173/3135 5573/174/3135
f 5573/174/3135 5574/3/3135 5572/172/3135
f 5575/172/3136 5576/173/3136 5577/174/3136
f 5577/174/3136 5578/3/3136 5575/172/3136
f 5578/172/3136 5577/173/3136 5579/174/3136
f 5579/174/3136 5580/3/3136 5578/172/3136
f 5580/172/3136 5579/173/3136 5581/174/3137
f 5581/174/3137 5582/3/3137 5580/172/3136
f 5583/172/3138 5584/173/3138 5585/174/3138
f 5585/174/3138 5586/3/3138 5583/172/3138
f 5586/172/3138 5585/173/3138 5587/174/3138
f 5587/174/3138 5588/3/3138 5586/172/3138
f 5588/172/3138 5587/173/3138 5589/174/3139
f 5589/174/3139 5590/3/3139 5588/172/3138
f 5591/172/3140 5592/173/3140 5593/174/3141
f 5593/174/3141 5594/3/3141 5591/172/3140
f 5594/172/3141 5593/173/3141 5595/174/3142
f 5595/174/3142 5596/3/3142 5594/172/3141
f 5596/172/3142 5595/173/3142 5597/174/3141
f 5597/174/3141 5598/3/3141 5596/172/3142
f 5599/172/3143 5600/173/3143 5601/174/3144
f 5601/174/3144 5602/3/3144 5599/172/3143
f 5602/172/3144 5601/173/3144 5603/174/3144
f 5603/174/3144 5604/3/3144 5602/172/3144
f 5604/172/3144 5603/173/3144 5605/174/3144
f 5605/174/3144 5606/3/3144 5604/172/3144
f 5607/172/3145 5608/173/3145 5609/174/3145
f 5609/174/3145 5610/3/3145 5607/172/3145
f 5610/172/3145 5609/173/3145 5611/174/3145
f 5611/174/3145 5612/3/3145 5610/172/3145
f 5612/172/3145 5611/173/3145 5613/174/3146
f 5613/174/3146 5614/3/3146 5612/172/3145
f 5615/172/3147 5616/173/3147 5617/174/3148
f 5617/174/3148 5618/3/3148 5615/172/3147
f 5618/172/3148 5617/173/3148 5619/174/3147
f 5619/174/3147 5620/3/3147 5618/172/3148
f 5620/172/3147 5619/173/3147 5621/174/3148
f 5621/174/3148 5622/3/3148 5620/172/3147
f 5623/172/3149 5624/173/3149 5625/174/3149
f 5625/174/3149 5626/3/3150 5623/172/3149
f 5626/172/3150 5625/173/3149 5627/174/3149
f 5627/174/3149 5628/3/3150 5626/172/3150
f 5628/172/3150 5627/173/3149 5629/174/3151
f 5629/174/3151 5630/3/3151 5628/172/3150
f 5631/172/3152 5632/173/3152 5633/174/3153
f 5633/174/3153 5634/3/3153 5631/172/3152
f 5634/172/3153 5633/173/3153 5635/174/3153
f 5635/174/3153 5636/3/3153 5634/172/3153
f 5636/172/3153 5635/173/3153 5637/174/3154
f 5637/174/3154 5638/3/3154 5636/172/3153
f 5639/172/3155 5640/173/3155 5641/174/3156
f 5641/174/3156 5642/3/3156 5639/172/3155
f 5642/172/3156 5641/173/3156 5643/174/3157
f 5643/174/3157 5644/3/3157 5642/172/3156
f 5644/172/3157 5643/173/3157 5645/174/3156
f 5645/174/3156 5646/3/3156 5644/172/3157
f 5647/172/3158 5648/173/3158 5649/174/3158
f 5649/174/3158 5650/3/3158 5647/172/3158
f 5650/172/3158 5649/173/3158 5651/174/3158
f 5651/174/3158 5652/3/3158 5650/172/3158
f 5652/172/3158 5651/173/3158 5653/174/3158
f 5653/174/3158 5654/3/3158 5652/172/3158
f 5655/6/3159 5656/1/3159 5657/175/3159
f 5658/175/3160 5659/176/3160 5660/6/3160
f 5661/177/3161 5662/178/3161 5663/179/3161
f 5664/179/3162 5665/72/3162 5666/177/3162
f 5667/1/3163 5668/5/3163 5669/180/3163
f 5670/180/3164 5671/175/3164 5672/1/3164
f 5673/178/3165 5674/181/3165 5675/182/3165
f 5676/182/3166 5677/179/3166 5678/178/3166
f 5679/6/3167 5680/183/3167 5681/184/3167
f 5682/184/3168 5683/176/3168 5684/6/3168
f 5685/177/3169 5686/185/3169 5687/186/3169
f 5688/186/3170 5689/72/3170 5690/177/3170
f 5691/183/849 5692/187/849 5693/188/849
f 5693/188/849 5694/184/849 5691/183/849
f 5694/185/849 5693/189/849 5695/190/849
f 5695/190/849 5696/186/849 5694/185/849
f 5697/187/3171 5698/5/3171 5699/180/3171
f 5700/180/3172 5701/188/3172 5702/187/3172
f 5703/189/3173 5704/181/3173 5705/182/3173
f 5706/182/3174 5707/190/3174 5708/189/3174
f 5709/6/3175 5710/1/3175 5711/175/3175
f 5712/175/3176 5713/176/3176 5714/6/3176
f 5715/177/3177 5716/178/3177 5717/179/3177
f 5718/179/3178 5719/72/3178 5720/177/3178
f 5721/1/3179 5722/5/3179 5723/180/3179
f 5724/180/3180 5725/175/3180 5726/1/3180
f 5727/178/3181 5728/181/3181 5729/182/3181
f 5730/182/3182 5731/179/3182 5732/178/3182
f 5733/6/3183 5734/176/3183 5735/175/3183
f 5736/175/3184 5737/1/3184 5738/6/3184
f 5739/177/3185 5740/72/3185 5741/179/3185
f 5742/179/3186 5743/178/3186 5744/177/3186
f 5745/1/3187 5746/175/3187 5747/180/3187
f 5748/180/3188 5749/5/3188 5750/1/3188
f 5751/178/3189 5752/179/3189 5753/182/3189
f 5754/182/3190 5755/181/3190 5756/178/3190
f 5757/6/3191 5758/176/3191 5759/184/3191
f 5760/184/3192 5761/183/3192 5762/6/3192
f 5763/177/3193 5764/72/3193 5765/186/3193
f 5766/186/3194 5767/185/3194 5768/177/3194
f 5769/183/44 5770/184/44 5771/188/44
f 5771/188/44 5772/187/44 5769/183/44
f 5770/185/44 5773/186/44 5774/190/44
f 5774/190/44 5771/189/44 5770/185/44
f 5775/187/3195 5776/188/3195 5777/180/3195
f 5778/180/3196 5779/5/3196 5780/187/3196
f 5781/189/3197 5782/190/3197 5783/182/3197
f 5784/182/3198 5785/181/3198 5786/189/3198
f 5787/6/3199 5788/176/3199 5789/175/3199
f 5790/175/3200 5791/1/3200 5792/6/3200
f 5793/177/3201 5794/72/3201 5795/179/3201
f 5796/179/3202 5797/178/3202 5798/177/3202
f 5799/1/3203 5800/175/3203 5801/180/3203
f 5802/180/3204 5803/5/3204 5804/1/3204
f 5805/178/3205 5806/179/3205 5807/182/3205
f 5808/182/3206 5809/181/3206 5810/178/3206
f 5811/183/3207 5812/154/3207 5813/143/3207
f 5814/143/3208 5815/191/3208 5816/183/3208
f 5817/154/3209 5818/183/3209 5819/191/3209
f 5820/191/3210 5821/143/3210 5822/154/3210
f 5823/6/3211 5824/192/3211 5825/193/3211
f 5826/193/3212 5827/194/3212 5828/6/3212
f 5829/192/3213 5830/195/3213 5831/196/3213
f 5832/196/3214 5833/193/3214 5834/192/3214
f 5835/195/3215 5836/197/3215 5837/198/3215
f 5838/198/3216 5839/196/3216 5840/195/3216
f 5841/197/3108 5842/199/3108 5843/200/3108
f 5843/200/3108 5844/198/3108 5841/197/3108
f 5845/199/3217 5846/201/3217 5847/202/3217
f 5848/202/3218 5849/200/3218 5850/199/3218
f 5851/201/3219 5852/203/3219 5853/204/3219
f 5854/204/3220 5855/202/3220 5856/201/3220
f 5857/203/3221 5858/5/3221 5859/205/3221
f 5860/205/3222 5861/204/3222 5862/203/3222
f 5863/183/3223 5864/154/3223 5865/143/3223
f 5866/143/3224 5867/191/3224 5868/183/3224
f 5869/154/3225 5870/183/3225 5871/191/3225
f 5872/191/3226 5873/143/3226 5874/154/3226
f 5875/6/3227 5876/192/3227 5877/193/3227
f 5878/193/3228 5879/194/3228 5880/6/3228
f 5881/192/3229 5882/195/3229 5883/196/3229
f 5884/196/3230 5885/193/3230 5886/192/3230
f 5887/195/3231 5888/197/3231 5889/198/3231
f 5890/198/3232 5891/196/3232 5892/195/3232
f 5893/197/3110 5894/199/3110 5895/200/3110
f 5895/200/3110 5896/198/3110 5893/197/3110
f 5897/199/3233 5898/201/3233 5899/202/3233
f 5900/202/3234 5901/200/3234 5902/199/3234
f 5903/201/3235 5904/203/3235 5905/204/3235
f 5906/204/3236 5907/202/3236 5908/201/3236
f 5909/203/3237 5910/5/3237 5911/205/3237
f 5912/205/3238 5913/204/3238 5914/203/3238
usemtl Material.003
f 5915/206/3239 5916/207/3239 5917/208/3239
f 5918/209/3240 5919/210/3240 5920/211/3240
f 5921/212/3241 5922/213/3241 5923/214/3241
f 5924/208/3242 5925/211/3242 5926/215/3242
f 5927/206/3243 5928/208/3243 5929/215/3243
f 5930/215/3244 5931/216/3244 5932/206/3244
f 5933/207/3245 5934/209/3245 5935/211/3245
f 5936/211/3246 5937/208/3246 5938/207/3246
f 5939/210/3247 5940/212/3247 5941/214/3247
f 5942/214/3248 5943/211/3248 5944/210/3248
f 5945/217/3249 5946/218/3249 5947/219/3249
f 5948/220/3250 5949/221/3250 5950/222/3250
f 5951/223/3251 5952/224/3251 5953/225/3251
f 5954/219/3252 5955/222/3252 5956/226/3252
f 5957/227/3253 5958/228/3253 5959/220/3253
f 5960/220/3254 5961/218/3254 5962/227/3254
f 5963/227/3255 5964/218/3255 5965/217/3255
f 5966/217/3256 5967/229/3256 5968/227/3256
f 5969/228/3257 5970/230/3257 5971/221/3257
f 5972/221/3258 5973/220/3258 5974/228/3258
f 5975/230/3259 5976/231/3259 5977/223/3259
f 5978/223/3260 5979/221/3260 5980/230/3260
f 5981/231/3261 5982/232/3261 5983/224/3261
f 5984/224/3262 5985/223/3262 5986/231/3262
f 5987/233/3263 5988/229/3263 5989/217/3263
f 5990/217/3264 5991/234/3264 5992/233/3264
f 5993/217/3265 5994/219/3265 5995/226/3265
f 5996/226/3266 5997/234/3266 5998/217/3266
f 5999/218/3267 6000/220/3267 6001/222/3267
f 6002/222/3268 6003/219/3268 6004/218/3268
f 6005/221/3269 6006/223/3269 6007/225/3269
f 6008/225/3270 6009/222/3270 6010/221/3270
f 6011/217/3271 6012/218/3271 6013/219/3271
f 6014/220/3272 6015/221/3272 6016/222/3272
f 6017/223/3273 6018/224/3273 6019/225/3273
f 6020/219/3274 6021/222/3274 6022/226/3274
f 6023/227/3275 6024/228/3275 6025/220/3275
f 6026/220/3276 6027/218/3276 6028/227/3276
f 6029/227/3277 6030/218/3277 6031/217/3277
f 6032/217/3278 6033/229/3278 6034/227/3278
f 6035/228/3279 6036/230/3279 6037/221/3279
f 6038/221/3280 6039/220/3280 6040/228/3280
f 6041/230/3281 6042/231/3281 6043/223/3281
f 6044/223/3282 6045/221/3282 6046/230/3282
f 6047/231/3283 6048/232/3283 6049/224/3283
f 6050/224/3284 6051/223/3284 6052/231/3284
f 6053/233/3285 6054/229/3285 6055/217/3285
f 6056/217/3286 6057/234/3286 6058/233/3286
f 6059/217/3287 6060/219/3287 6061/226/3287
f 6062/226/3288 6063/234/3288 6064/217/3288
f 6065/218/3289 6066/220/3289 6067/222/3289
f 6068/222/3290 6069/219/3290 6070/218/3290
f 6071/221/3291 6072/223/3291 6073/225/3291
f 6074/225/3292 6075/222/3292 6076/221/3292
f 6077/6/3293 6078/5/3293 6079/4/3293
f 6080/4/3294 6081/3/3294 6082/6/3294
f 6083/6/3295 6084/5/3295 6085/4/3295
f 6086/6/3296 6087/5/3296 6088/4/3296
f 6089/4/3297 6090/3/3297 6091/6/3297
f 6092/4/3298 6093/3/3298 6094/6/3298
f 6095/4/3299 6096/3/3299 6097/6/3299
f 6098/6/3300 6099/5/3300 6100/4/3300
f 6101/3/3301 6102/6/3301 6103/5/3301
f 6104/5/3302 6105/4/3302 6106/3/3302
f 6107/3/3303 6108/6/3303 6109/5/3303
f 6110/5/3304 6111/4/3304 6112/3/3304
f 6113/3/3305 6114/6/3305 6115/5/3305
f 6116/5/3306 6117/4/3306 6118/3/3306
f 6119/3/3307 6120/6/3307 6121/5/3307
f 6122/5/3308 6123/4/3308 6124/3/3308
f 6125/3/3309 6126/6/3309 6127/5/3309
f 6128/5/3310 6129/4/3310 6130/3/3310
f 6131/3/3311 6132/6/3311 6133/5/3311
f 6134/5/3312 6135/4/3312 6136/3/3312
f 6137/6/3313 6138/5/3313 6139/4/3313
f 6140/4/3314 6141/3/3314 6142/6/3314
f 6143/4/3315 6144/3/3315 6145/6/3315
f 6146/6/3316 6147/5/3316 6148/4/3316
f 6149/4/3317 6150/3/3317 6151/6/3317
f 6152/4/3318 6153/3/3318 6154/6/3318
f 6155/4/3319 6156/3/3319 6157/6/3319
f 6158/6/3320 6159/5/3320 6160/4/3320
f 6161/6/3321 6162/5/3321 6163/4/3321
f 6164/4/3322 6165/3/3322 6166/6/3322
f 6167/5/3323 6168/4/3323 6169/3/3323
f 6170/3/3324 6171/6/3324 6172/5/3324
f 6173/6/3325 6174/5/3325 6175/4/3325
f 6176/4/3326 6177/3/3326 6178/6/3326
f 6179/4/3327 6180/3/3327 6181/6/3327
f 6182/6/3328 6183/5/3328 6184/4/3328
f 6185/6/3329 6186/5/3329 6187/4/3329
f 6188/4/3330 6189/3/3330 6190/6/3330
f 6191/5/3331 6192/4/3331 6193/3/3331
f 6194/3/3332 6195/6/3332 6196/5/3332
f 6197/6/3333 6198/5/3333 6199/4/3333
f 6200/4/3334 6201/3/3334 6202/6/3334
f 6203/3/3335 6204/5/3335 6205/4/3335
f 6206/5/3336 6207/3/3336 6208/6/3336
f 6209/3/3337 6210/6/3337 6211/5/3337
f 6212/5/3338 6213/4/3338 6214/3/3338
f 6215/6/3339 6216/5/3339 6217/4/3339
f 6218/5/3340 6219/4/3341 6220/3/3342
f 6221/6/3343 6222/4/3343 6223/3/3343
f 6224/5/3344 6225/4/3344 6226/3/3344
f 6227/5/3345 6228/3/3346 6229/6/3347
f 6230/5/3348 6231/4/3348 6232/3/3348
f 6233/3/3349 6234/6/3349 6235/5/3349
f 6236/3/3350 6237/5/3350 6238/4/3350
f 6239/3/3351 6240/5/3351 6241/4/3351
f 6242/5/3352 6243/4/3352 6244/3/3352
f 6245/3/3353 6246/6/3353 6247/5/3353
f 6248/6/3354 6218/3/3340 6249/4/3355
f 6250/3/3356 6251/6/3356 6252/5/3356
f 6220/3/3342 6249/6/3355 6218/5/3340
f 6219/3/3341 6228/6/3346 6227/5/3345
f 6227/3/3345 6220/6/3342 6219/5/3341
f 6253/6/3357 6254/5/3357 6255/4/3357
f 6256/4/3358 6257/3/3358 6258/6/3358
f 6259/3/3359 6260/5/3359 6261/4/3359
f 6262/5/3360 6263/3/3360 6264/6/3360
f 6265/3/3361 6266/5/3361 6267/4/3361
f 6268/5/3362 6269/3/3362 6270/6/3362
f 6271/4/3363 6272/3/3363 6273/6/3363
f 6274/6/3364 6275/5/3364 6276/4/3364
f 6277/6/3365 6278/5/3365 6279/4/3365
f 6280/4/3366 6281/3/3366 6282/6/3366
f 6283/5/3367 6284/3/3367 6285/6/3367
f 6286/3/3368 6287/6/3368 6288/4/3368
f 6289/5/3369 6290/4/3369 6291/6/3369
f 6292/5/3370 6293/4/3370 6294/3/3370
f 6295/3/3371 6296/6/3371 6297/5/3371
f 6298/4/3372 6299/3/3372 6300/6/3372
f 6301/6/3373 6302/5/3373 6303/4/3373
f 6304/3/3374 6305/6/3374 6306/5/3374
f 6307/5/3375 6308/4/3375 6309/3/3375
f 6310/4/3376 6311/3/3376 6312/5/3376
f 6313/6/3377 6314/5/3377 6315/3/3377
f 6316/3/3378 6317/6/3378 6318/5/3378
f 6319/5/3379 6320/4/3379 6321/3/3379
f 6322/6/3380 6323/4/3380 6324/3/3380
f 6325/4/3381 6326/6/3381 6327/5/3381
f 6328/3/3382 6329/6/3382 6330/5/3382
f 6331/5/3383 6332/4/3383 6333/3/3383
f 6334/3/3384 6335/6/3384 6336/5/3384
f 6337/5/3385 6338/4/3385 6339/3/3385
f 6340/3/3386 6341/6/3386 6342/5/3386
f 6343/5/3387 6344/4/3387 6345/3/3387
f 6346/3/3388 6347/6/3388 6348/4/3388
f 6349/5/3389 6350/4/3389 6351/6/3389
f 6229/3/3347 6352/6/3390 6353/5/3391
f 6353/5/3391 6227/4/3345 6229/3/3347
f 6352/3/3390 6354/6/3392 6355/5/3393
f 6355/5/3393 6353/4/3391 6352/3/3390
f 6354/3/3392 6356/6/3394 6357/5/3395
f 6357/5/3395 6355/4/3393 6354/3/3392
f 6356/3/3394 6358/6/3396 6359/5/3397
f 6359/5/3397 6357/4/3395 6356/3/3394
f 6360/5/3398 6361/4/3398 6362/3/3398
f 6363/3/3399 6364/6/3399 6365/5/3399
f 6366/3/3400 6367/6/3400 6368/5/3400
f 6369/5/3401 6370/4/3401 6371/3/3401
f 6372/6/3402 6373/4/3402 6374/3/3402
f 6375/6/3403 6376/4/3403 6377/3/3403
f 6378/3/3404 6379/6/3404 6380/5/3404
f 6381/3/3405 6382/6/3405 6383/5/3405
f 6384/3/3406 6385/6/3406 6386/5/3406
f 6387/5/3407 6388/4/3407 6389/3/3407
f 6390/3/3408 6391/6/3408 6392/5/3408
f 6393/3/3409 6394/6/3409 6395/5/3409
f 6396/3/3410 6397/6/3410 6398/5/3410
f 6399/5/3411 6400/4/3411 6401/3/3411
f 6402/5/3412 6403/4/3412 6404/3/3412
f 6405/5/3413 6406/4/3413 6407/3/3413
f 6408/5/3414 6409/4/3414 6410/3/3414
f 6411/3/3415 6412/6/3415 6413/5/3415
f 6414/3/3416 6415/6/3416 6416/5/3416
f 6417/5/3417 6418/4/3417 6419/3/3417
f 6420/5/3418 6421/4/3418 6422/3/3418
f 6423/3/3419 6424/6/3419 6425/5/3419
f 6426/6/3420 6427/4/3420 6428/3/3420
f 6429/4/3421 6430/6/3421 6431/5/3421
f 6432/5/3422 6433/4/3422 6434/3/3422
f 6435/3/3423 6436/6/3423 6437/5/3423
f 6438/5/3424 6439/4/3424 6440/3/3424
f 6441/3/3425 6442/6/3425 6443/5/3425
f 6444/5/3426 6445/4/3426 6446/3/3426
f 6447/3/3427 6448/6/3427 6449/5/3427
f 6450/3/3428 6451/6/3428 6452/5/3428
f 6453/5/3429 6454/4/3429 6455/3/3429
f 6456/5/3430 6457/4/3430 6458/3/3430
f 6459/3/3431 6460/6/3431 6461/5/3431
f 6462/5/3432 6463/4/3432 6464/3/3432
f 6465/5/3433 6466/4/3433 6467/3/3433
f 6468/3/3434 6469/6/3434 6470/5/3434
f 6471/3/3435 6472/6/3435 6473/5/3435
f 6474/5/3436 6475/4/3436 6476/3/3436
f 6477/235/3437 6478/236/3437 6479/237/3437
f 6480/237/3438 6481/238/3438 6482/235/3438
f 6483/235/3439 6484/236/3439 6485/237/3439
f 6486/237/3440 6487/238/3440 6488/235/3440
f 6489/235/3441 6490/236/3441 6491/237/3441
f 6492/237/3442 6493/238/3442 6494/235/3442
f 6495/5/3443 6496/3/3443 6497/6/3443
f 6498/5/3444 6499/3/3444 6500/6/3444
f 6501/5/3445 6502/4/3445 6503/3/3445
f 6504/5/3446 6505/4/3446 6506/3/3446
f 6507/3/3447 6508/6/3447 6509/5/3447
f 6510/5/3448 6511/4/3448 6512/3/3448
f 6513/3/3449 6514/6/3449 6515/5/3449
f 6516/3/3450 6517/6/3450 6518/5/3450
f 6519/5/3451 6520/4/3451 6521/3/3451
f 6522/5/3452 6523/4/3452 6524/3/3452
f 6525/3/3453 6526/6/3453 6527/5/3453
f 6528/5/3454 6529/4/3454 6530/3/3454
f 6531/3/3455 6532/6/3455 6533/5/3455
f 6534/5/3456 6535/3/3456 6536/6/3456
f 6537/6/3457 6538/4/3457 6539/3/3457
f 6540/5/3458 6541/4/3458 6542/3/3458
f 6543/3/3459 6544/6/3459 6545/5/3459
f 6546/5/3460 6547/4/3460 6548/3/3460
f 6549/3/3461 6550/6/3461 6551/5/3461
f 6552/5/3462 6553/4/3462 6554/3/3462
f 6555/3/3463 6556/6/3463 6557/5/3463
f 6558/5/3464 6559/4/3464 6560/3/3464
f 6561/3/3465 6562/6/3465 6563/5/3465
f 6564/3/3466 6565/6/3466 6566/5/3466
f 6567/4/3467 6568/3/3467 6569/6/3467
f 6570/5/3468 6571/4/3468 6572/3/3468
f 6573/3/3469 6574/6/3469 6575/5/3469
f 6576/4/3470 6577/3/3470 6578/6/3470
f 6579/3/3471 6580/6/3471 6581/5/3471
f 6582/3/3472 6583/6/3472 6584/5/3472
f 6585/5/3473 6586/4/3473 6587/3/3473
f 6588/3/3474 6589/6/3474 6590/5/3474
f 6591/5/3475 6592/4/3475 6593/3/3475
f 6594/3/3476 6595/6/3476 6596/5/3476
f 6597/5/3477 6598/4/3477 6599/3/3477
f 6600/5/3478 6601/4/3478 6602/3/3478
f 6603/3/3479 6604/6/3479 6605/5/3479
f 6606/3/3480 6607/5/3480 6608/4/3480
f 6609/5/3481 6610/3/3481 6611/6/3481
f 6612/5/3482 6613/3/3482 6614/6/3482
f 6615/5/3483 6616/3/3483 6617/6/3483
f 6618/6/3484 6619/5/3484 6620/4/3484
f 6621/4/3485 6622/3/3485 6623/6/3485
f 6624/3/3486 6625/6/3486 6626/5/3486
f 6627/6/3487 6628/5/3487 6629/4/3487
f 6630/5/3488 6631/3/3488 6632/6/3488
f 6633/5/3489 6634/3/3489 6635/6/3489
f 6636/3/3490 6637/5/3490 6638/4/3490
f 6639/6/3491 6640/4/3491 6641/3/3491
f 6642/6/3492 6643/4/3492 6644/3/3492
f 6645/6/3493 6646/5/3493 6647/4/3493
f 6648/237/3494 6649/238/3494 6650/235/3494
f 6651/235/3495 6652/236/3495 6653/237/3495
f 6654/237/3496 6655/238/3496 6656/235/3496
f 6657/235/3497 6658/236/3497 6659/237/3497
f 6660/237/3498 6661/238/3498 6662/235/3498
f 6663/235/3499 6664/236/3499 6665/237/3499
f 6666/3/3500 6667/6/3500 6668/5/3500
f 6669/5/3501 6670/4/3501 6671/3/3501
f 6672/5/3502 6673/4/3502 6674/3/3502
f 6675/3/3503 6676/6/3503 6677/5/3503
f 6678/5/3504 6679/4/3504 6680/3/3504
f 6681/3/3505 6682/6/3505 6683/5/3505
f 6684/5/3506 6685/4/3506 6686/3/3506
f 6687/3/3507 6688/6/3507 6689/5/3507
f 6690/5/3508 6691/4/3508 6692/3/3508
f 6693/3/3509 6694/6/3509 6695/5/3509
f 6696/5/3510 6697/4/3510 6698/3/3510
f 6699/3/3511 6700/6/3511 6701/5/3511
f 6702/5/3512 6703/4/3512 6704/3/3512
f 6705/3/3513 6706/6/3513 6707/5/3513
f 6708/3/3514 6709/6/3515 6710/5/3516
f 6710/5/3516 6711/4/3517 6708/3/3514
f 6709/3/3515 6712/6/3518 6713/5/3519
f 6713/5/3519 6710/4/3516 6709/3/3515
f 6714/5/3520 6715/4/3520 6716/3/3520
f 6717/3/3521 6718/6/3521 6719/5/3521
f 6720/6/3522 6721/5/3522 6722/4/3522
f 6723/4/3523 6724/3/3523 6725/6/3523
f 6726/6/3524 6727/5/3524 6728/4/3524
f 6729/5/3525 6730/4/3525 6731/3/3525
f 6732/4/3526 6733/3/3526 6734/6/3526
f 6735/5/3527 6736/4/3527 6737/3/3527
f 6738/5/3528 6739/2/3528 6740/15/3528
f 6741/5/3529 6742/4/3529 6743/3/3529
f 6744/4/3530 6745/2/3530 6746/5/3530
f 6747/6/3531 6748/5/3531 6749/4/3531
f 6750/4/3532 6751/3/3532 6752/6/3532
f 6753/4/3533 6754/3/3533 6755/6/3533
f 6756/6/3534 6757/5/3534 6758/4/3534
f 6759/4/3535 6760/3/3535 6761/6/3535
f 6762/6/3536 6763/5/3536 6764/4/3536
f 6765/3/3537 6766/6/3537 6767/5/3537
f 6768/3/3538 6769/6/3538 6770/5/3538
f 6771/4/3539 6772/6/3539 6773/5/3539
f 6774/4/3540 6775/3/3540 6776/6/3540
f 6777/6/3541 6778/5/3541 6779/4/3541
f 6780/4/3542 6781/6/3542 6782/5/3542
f 6783/3/3543 6784/6/3543 6785/5/3543
f 6786/5/3544 6787/4/3544 6788/3/3544
f 6789/3/3545 6790/6/3545 6791/5/3545
f 6792/5/3546 6793/4/3546 6794/3/3546
f 6795/3/3547 6796/6/3547 6797/5/3547
f 6798/5/3548 6799/4/3548 6800/3/3548
f 6801/3/3549 6802/6/3549 6803/5/3549
f 6804/5/3550 6805/4/3550 6806/3/3550
f 6807/3/3551 6808/6/3551 6809/5/3551
f 6810/5/3552 6811/4/3552 6812/3/3552
f 6813/3/3553 6814/6/3553 6815/5/3553
f 6816/5/3554 6817/4/3554 6818/3/3554
f 6819/3/3555 6820/6/3555 6821/5/3555
f 6822/5/3556 6823/4/3556 6824/3/3556
f 6825/3/3557 6826/6/3557 6827/5/3557
f 6828/5/3558 6829/4/3558 6830/3/3558
f 6831/3/3559 6832/6/3559 6833/5/3559
f 6834/5/3560 6835/4/3560 6836/3/3560
f 6837/3/3561 6838/6/3561 6839/5/3561
f 6840/5/3562 6841/4/3562 6842/3/3562
f 6843/3/3563 6844/6/3563 6845/5/3563
f 6846/5/3564 6847/4/3564 6848/3/3564
f 6849/3/3565 6850/6/3565 6851/5/3565
f 6852/5/3566 6853/4/3566 6854/3/3566
f 6855/3/3567 6856/6/3567 6857/5/3567
f 6858/5/3568 6859/4/3568 6860/3/3568
f 6861/3/3569 6862/6/3569 6863/5/3569
f 6864/3/3570 6865/6/3570 6866/5/3570
f 6867/5/3571 6868/4/3571 6869/3/3571
f 6870/6/3572 6871/5/3572 6872/4/3572
f 6873/6/3573 6874/5/3573 6875/4/3573
f 6876/3/3574 6877/6/3574 6878/5/3574
f 6879/5/3575 6880/4/3575 6881/3/3575
f 6882/3/3576 6883/6/3576 6884/5/3576
f 6885/5/3577 6886/4/3577 6887/3/3577
f 6888/3/3578 6889/6/3578 6890/5/3578
f 6891/5/3579 6892/4/3579 6893/3/3579
f 6894/3/3580 6895/6/3580 6896/5/3580
f 6897/5/3581 6898/4/3581 6899/3/3581
f 6900/3/3582 6901/6/3582 6902/5/3582
f 6903/5/3583 6904/4/3583 6905/3/3583
f 6906/3/3584 6907/6/3584 6908/5/3584
f 6909/5/3585 6910/4/3585 6911/3/3585
f 6912/3/3586 6913/6/3586 6914/5/3586
f 6915/5/3587 6916/4/3587 6917/3/3587
f 6918/3/3588 6919/6/3588 6920/5/3588
f 6921/5/3589 6922/4/3589 6923/3/3589
f 6924/3/3590 6925/6/3590 6926/5/3590
f 6927/5/3591 6928/4/3591 6929/3/3591
f 6930/3/3592 6931/6/3592 6932/5/3592
f 6933/5/3593 6934/4/3593 6935/3/3593
f 6936/3/3594 6937/6/3594 6938/5/3594
f 6939/5/3595 6940/4/3595 6941/3/3595
f 6942/3/3596 6943/6/3596 6944/5/3596
f 6945/5/3597 6946/4/3597 6947/3/3597
f 6948/3/3598 6949/6/3598 6950/5/3598
f 6951/5/3599 6952/4/3599 6953/3/3599
f 6954/3/3600 6955/6/3600 6956/5/3600
f 6957/5/3601 6958/4/3601 6959/3/3601
f 6960/3/3602 6961/6/3602 6962/5/3602
f 6963/5/3603 6964/4/3603 6965/3/3603
f 6966/3/3604 6967/6/3604 6968/5/3604
f 6969/5/3605 6970/4/3605 6971/3/3605
f 6972/3/3606 6973/6/3606 6974/5/3606
f 6975/5/3607 6976/4/3607 6977/3/3607
f 6978/3/3608 6979/6/3608 6980/5/3608
f 6981/5/3609 6982/4/3609 6983/3/3609
f 6984/3/3610 6985/6/3610 6986/5/3610
f 6987/5/3611 6988/4/3611 6989/3/3611
f 6990/3/3612 6991/6/3612 6992/5/3612
f 6993/5/3613 6994/4/3613 6995/3/3613
f 6996/6/3614 6997/5/3614 6998/4/3614
f 6999/6/3615 7000/5/3615 7001/4/3615
f 7002/4/3616 7003/3/3616 7004/6/3616
f 7005/4/3617 7006/3/3617 7007/6/3617
f 7008/3/3618 7009/6/3618 7010/5/3618
f 7011/5/3619 7012/4/3619 7013/3/3619
f 7014/6/3620 7015/5/3620 7016/4/3620
f 7017/4/3621 7018/3/3621 7019/6/3621
f 7020/3/3622 7021/6/3622 7022/5/3622
f 7023/5/3623 7024/4/3623 7025/3/3623
f 7026/3/3624 7027/6/3624 7028/5/3624
f 7029/5/3625 7030/4/3625 7031/3/3625
f 7032/3/3626 7033/6/3626 7034/5/3626
f 7035/5/3627 7036/4/3627 7037/3/3627
f 7038/3/3628 7039/6/3628 7040/5/3628
f 7041/5/3629 7042/4/3629 7043/3/3629
f 7044/5/3630 7045/4/3630 7046/3/3630
f 7047/3/3631 7048/6/3631 7049/5/3631
f 7050/3/3632 7051/6/3632 7052/5/3632
f 7053/5/3633 7054/4/3633 7055/3/3633
f 7056/5/3634 7057/4/3634 7058/3/3634
f 7059/3/3635 7060/6/3635 7061/5/3635
f 7062/5/3636 7063/4/3636 7064/3/3636
f 7065/3/3637 7066/6/3637 7067/5/3637
f 7068/3/3638 7069/6/3638 7070/5/3638
f 7071/5/3639 7072/4/3639 7073/3/3639
f 7074/6/3640 7075/5/3640 7076/4/3640
f 7077/4/3641 7078/3/3641 7079/6/3641
f 7080/6/3642 7081/5/3642 7082/4/3642
f 7083/4/3643 7084/3/3643 7085/6/3643
f 7086/4/3644 7087/3/3644 7088/6/3644
f 7089/6/3645 7090/5/3645 7091/4/3645
f 7092/3/3646 7093/5/3646 7094/4/3646
f 7095/5/3647 7096/3/3647 7097/6/3647
f 7098/3/3648 7099/6/3648 7100/5/3648
f 7101/3/3649 7102/6/3649 7103/5/3649
f 7104/6/3650 7105/5/3650 7106/4/3650
f 7107/4/3651 7108/3/3651 7109/6/3651
f 7110/3/3652 7111/6/3652 7112/5/3652
f 7113/5/3653 7114/4/3653 7115/3/3653
f 7116/4/3654 7117/6/3654 7118/5/3654
f 7119/4/3655 7120/6/3655 7121/5/3655
f 7122/3/3656 7123/6/3656 7124/5/3656
f 7125/5/3657 7126/4/3657 7127/3/3657
f 7128/3/3658 7129/6/3658 7130/5/3658
f 7131/5/3659 7132/4/3659 7133/3/3659
f 7134/3/3660 7135/6/3660 7136/5/3660
f 7137/5/3661 7138/4/3661 7139/3/3661
f 7140/3/3662 7141/6/3662 7142/5/3662
f 7143/5/3663 7144/4/3663 7145/3/3663
f 7146/3/3664 7147/6/3664 7148/5/3664
f 7149/5/3665 7150/4/3665 7151/3/3665
f 7152/3/3666 7153/6/3666 7154/5/3666
f 7155/5/3667 7156/4/3667 7157/3/3667
f 7158/3/3668 7159/6/3668 7160/5/3668
f 7161/5/3669 7162/4/3669 7163/3/3669
f 7164/3/3670 7165/6/3670 7166/5/3670
f 7167/5/3671 7168/4/3671 7169/3/3671
f 7170/3/3672 7171/6/3672 7172/5/3672
f 7173/5/3673 7174/4/3673 7175/3/3673
f 7176/3/3674 7177/6/3674 7178/5/3674
f 7179/5/3675 7180/4/3675 7181/3/3675
f 7182/3/3676 7183/6/3676 7184/5/3676
f 7185/5/3677 7186/4/3677 7187/3/3677
f 7188/3/3678 7189/6/3678 7190/5/3678
f 7191/5/3679 7192/4/3679 7193/3/3679
f 7194/3/3680 7195/6/3680 7196/5/3680
f 7197/5/3681 7198/4/3681 7199/3/3681
f 7200/4/3682 7201/6/3682 7202/5/3682
f 7203/4/3683 7204/3/3683 7205/6/3683
f 7206/6/3684 7207/5/3684 7208/4/3684
f 7209/5/3685 7210/3/3685 7211/6/3685
f 7212/3/3686 7213/5/3686 7214/4/3686
f 7215/4/3687 7216/3/3687 7217/6/3687
f 7218/6/3688 7219/5/3688 7220/4/3688
f 7221/2/3689 7222/3/3689 7223/6/3689
f 7224/6/3690 7225/5/3690 7226/2/3690
f 7227/4/3691 7228/3/3691 7229/6/3691
f 7230/6/3692 7231/5/3692 7232/4/3692
f 7233/2/3693 7234/6/3693 7235/3/3693
f 7236/6/3694 7237/2/3694 7238/5/3694
f 7239/4/3695 7240/3/3695 7241/6/3695
f 7242/6/3696 7243/5/3696 7244/4/3696
f 7245/3/3697 7246/5/3697 7247/4/3697
f 7248/5/3698 7249/3/3698 7250/6/3698
f 7254/4/44 7251/4/44 7252/4/44 7253/4/44
usemtl Material.001
f 7255/8/3699 7256/35/3700 7257/3/3701
f 7258/8/44 7259/35/44 7260/3/44
f 7261/8/3702 7262/35/3703 7263/3/3704
f 7264/8/3705 7265/35/3706 7266/3/3707
f 7264/8/3705 7267/35/3708 7265/3/3706
f 7268/3/3709 7269/6/3710 7270/8/3711
f 7269/3/3710 7271/6/3712 7272/8/3713
f 7273/8/3714 7274/35/3715 7275/3/3716
f 7264/8/3705 7276/35/3717 7267/3/3708
f 7276/3/3717 7277/6/44 7278/8/44
f 7279/6/3718 7275/35/3716 7280/3/3719
f 7275/35/3716 7279/6/3718 7281/8/3720
f 7281/35/3720 7263/6/3704 7262/8/3703
f 7263/6/3704 7281/35/3720 7279/3/3718
f 7282/35/3721 7279/6/3718 7283/8/3722
f 7283/239/3722 7284/240/3723 7282/241/3721
f 7275/8/3716 7268/35/3709 7285/3/3724
f 7285/3/3724 7280/6/3719 7275/8/3716
f 7268/8/3709 7255/35/3699 7257/3/3701
f 7257/3/3701 7285/6/3724 7268/8/3709
f 7286/3/3725 7276/6/3717 7278/8/44
f 7286/3/3725 7256/6/3700 7267/8/3708
f 7267/8/3708 7255/3/3699 7265/6/3706
f 7255/8/3699 7267/3/3708 7256/6/3700
f 7286/3/3725 7278/8/44 7287/35/44
f 7276/35/3717 7286/3/3725 7267/8/3708
f 7278/8/44 7258/35/44 7288/3/44
f 7288/3/44 7287/6/44 7278/8/44
f 7260/8/44 7259/35/44 7289/3/44
f 7260/3/44 7288/6/44 7258/8/44
f 7259/8/44 7290/35/44 7291/3/44
f 7291/3/44 7289/6/44 7259/8/44
f 7292/8/44 7290/3/44 7293/6/44
f 7290/8/44 7292/3/44 7291/6/44
f 7282/241/3721 7284/240/3723 7294/242/3726
f 7279/6/3718 7282/35/3721 7263/3/3704
f 7262/3/3703 7295/6/3727 7296/8/3728
f 7296/8/3728 7281/35/3720 7262/3/3703
f 7295/3/3727 7297/6/3729 7298/8/3730
f 7298/8/3730 7296/35/3728 7295/3/3727
f 7266/3/3707 7265/6/3706 7270/8/3711
f 7270/8/3711 7299/35/3731 7266/3/3707
f 7265/3/3706 7255/6/3699 7268/8/3709
f 7268/8/3709 7270/35/3711 7265/3/3706
f 7275/8/3716 7274/35/3715 7269/3/3710
f 7269/3/3710 7268/6/3709 7275/8/3716
f 7274/8/3715 7300/35/3732 7271/3/3712
f 7271/3/3712 7269/6/3710 7274/8/3715
f 7272/3/3713 7299/6/3731 7270/8/3711
f 7270/3/3711 7269/6/3710 7272/8/3713
f 7281/3/3720 7296/6/3728 7273/8/3714
f 7273/3/3714 7275/6/3716 7281/8/3720
f 7273/8/3714 7301/35/3733 7300/3/3732
f 7300/3/3732 7274/6/3715 7273/8/3714
f 7298/3/3730 7301/6/3733 7273/8/3714
f 7273/8/3714 7296/35/3728 7298/3/3730
f 7277/3/44 7302/6/44 7303/8/44
f 7303/8/44 7304/35/44 7277/3/44
f 7304/8/44 7258/35/44 7278/3/44
f 7278/3/44 7277/6/44 7304/8/44
f 7303/3/44 7293/6/44 7290/8/44
f 7290/8/44 7304/35/44 7303/3/44
f 7259/8/44 7258/35/44 7304/3/44
f 7304/3/44 7290/6/44 7259/8/44
f 7305/3/3734 7306/6/3735 7307/8/3736
f 7308/3/3737 7309/6/3738 7310/8/3739
f 7311/8/3740 7312/35/3741 7308/3/3737
f 7309/8/3738 7313/35/3742 7310/3/3739
f 7314/3/3743 7315/6/3744 7316/8/3745
f 7317/3/3746 7305/6/3734 7307/8/3736
f 7307/8/3736 7318/35/3747 7317/3/3746
f 7305/3/3734 7319/8/3748 7315/35/3744
f 7305/3/3734 7317/6/3746 7319/8/3748
f 7315/8/3744 7314/35/3743 7306/3/3735
f 7306/3/3735 7305/6/3734 7315/8/3744
f 7314/3/3743 7320/6/3749 7321/8/3750
f 7321/3/3750 7306/6/3735 7314/8/3743
f 7322/8/3751 7323/35/3752 7324/3/3753
f 7324/3/3753 7325/6/3754 7322/8/3751
f 7325/3/3754 7324/6/3753 7326/8/3755
f 7326/8/3755 7327/35/3756 7325/3/3754
f 7324/3/3753 7328/6/3757 7329/8/3758
f 7329/8/3758 7326/35/3755 7324/3/3753
f 7323/8/3752 7330/35/3759 7328/3/3757
f 7328/3/3757 7324/6/3753 7323/8/3752
f 7328/3/3757 7308/6/3737 7312/8/3741
f 7312/8/3741 7329/35/3758 7328/3/3757
f 7330/8/3759 7331/35/3760 7308/3/3737
f 7308/3/3737 7328/6/3757 7330/8/3759
f 7308/8/3737 7331/35/3760 7309/3/3738
f 7310/8/3739 7311/35/3740 7308/3/3737
f 7313/3/3742 7320/8/3749 7332/35/3761
f 7320/8/3749 7313/3/3742 7309/6/3738
f 7331/8/3760 7321/35/3750 7320/3/3749
f 7320/3/3749 7309/6/3738 7331/8/3760
f 7320/3/3749 7314/6/3743 7316/8/3745
f 7316/8/3745 7332/35/3761 7320/3/3749
f 7316/35/3745 7315/3/3744 7333/8/3762
f 7319/6/3748 7333/8/3762 7315/3/3744
f 7334/3/3763 7335/6/3764 7336/8/3765
f 7336/8/3765 7337/35/3766 7334/3/3763
f 7338/3/3767 7339/6/3767 7340/8/3768
f 7341/28/3769 7342/243/3770 7343/244/3771
f 7343/244/3771 7340/26/3768 7341/28/3769
f 7342/10/3770 7344/18/3772 7345/243/3773
f 7345/243/3773 7343/244/3771 7342/10/3770
f 7341/3/3774 7346/6/3775 7347/8/3775
f 7348/8/3776 7349/35/3777 7350/3/3778
f 7350/3/3778 7351/6/3779 7348/8/3776
f 7349/3/3777 7348/6/3776 7337/8/3766
f 7337/8/3766 7336/35/3765 7349/3/3777
f 7349/3/3777 7352/11/3780 7353/17/3781
f 7352/11/3780 7349/3/3777 7336/6/3765
f 7352/243/3780 7354/244/3782 7355/10/3783
f 7355/10/3783 7353/18/3781 7352/243/3780
f 7356/3/3784 7357/6/3785 7358/8/3786
f 7359/3/3787 7360/6/3788 7361/8/3789
f 7362/8/3790 7361/35/3789 7360/3/3788
f 7363/8/3791 7364/35/3792 7365/3/3793
f 7366/3/3794 7367/6/3795 7368/8/3796
f 7369/8/3797 7370/35/3798 7371/3/3799
f 7372/3/3800 7373/6/3801 7374/8/3802
f 7375/3/3803 7376/6/3804 7377/8/3805
f 7378/8/3806 7379/35/3807 7380/3/3808
f 7381/8/3809 7382/35/3810 7383/3/3811
f 7384/8/3812 7385/35/3813 7386/3/3814
f 7387/8/3815 7388/35/3816 7389/3/3817
f 7390/8/3818 7391/35/3819 7388/3/3816
f 7392/8/3820 7393/35/3821 7394/3/3822
f 7395/8/3823 7396/35/3824 7384/3/3812
f 7395/8/3823 7397/35/3825 7396/3/3824
f 7398/8/3826 7399/35/3827 7400/3/3828
f 7401/8/3829 7402/35/3830 7403/3/3831
f 7404/8/3832 7405/35/3832 7406/3/3832
f 7407/3/3833 7356/6/3784 7376/8/3804
f 7376/8/3804 7408/35/3834 7407/3/3833
f 7358/8/3786 7377/35/3805 7376/3/3804
f 7376/3/3804 7356/6/3784 7358/8/3786
f 7358/3/3786 7409/8/3835 7410/35/3836
f 7409/8/3835 7358/3/3786 7357/6/3785
f 7410/3/3836 7411/8/3837 7412/35/3838
f 7411/8/3837 7410/3/3836 7409/6/3835
f 7412/35/3838 7411/3/3837 7413/8/3839
f 7414/6/3840 7413/8/3839 7411/3/3837
f 7413/35/3839 7414/3/3840 7361/8/3789
f 7359/6/3787 7361/8/3789 7414/3/3840
f 7362/3/3790 7365/8/3793 7364/35/3792
f 7365/8/3793 7362/3/3790 7360/6/3788
f 7363/3/3791 7415/8/3841 7416/35/3842
f 7415/8/3841 7363/3/3791 7365/6/3793
f 7416/3/3842 7417/8/3843 7418/35/3844
f 7417/8/3843 7416/3/3842 7415/6/3841
f 7417/3/3843 7419/6/3845 7383/8/3811
f 7383/8/3811 7418/35/3844 7417/3/3843
f 7383/35/3811 7419/3/3845 7381/8/3809
f 7420/35/3846 7381/3/3809 7419/8/3845
f 7366/8/3794 7368/35/3796 7380/3/3808
f 7380/8/3808 7379/35/3807 7366/3/3794
f 7367/3/3795 7421/6/3847 7422/8/3848
f 7422/8/3848 7368/35/3796 7367/3/3795
f 7421/3/3847 7423/6/3849 7424/8/3850
f 7424/8/3850 7422/35/3848 7421/3/3847
f 7424/35/3850 7369/6/3797 7425/8/3851
f 7369/6/3797 7424/35/3850 7423/3/3849
f 7426/5/3852 7427/4/3852 7428/35/3852
f 7429/35/3853 7430/8/3853 7431/5/3853
f 7370/3/3798 7432/6/3854 7371/8/3799
f 7371/3/3799 7425/6/3851 7369/8/3797
f 7432/3/3854 7372/6/3800 7374/8/3802
f 7374/8/3802 7371/35/3799 7432/3/3854
f 7373/3/3801 7375/6/3803 7377/8/3805
f 7377/8/3805 7374/35/3802 7373/3/3801
f 7380/3/3808 7433/8/3855 7378/35/3806
f 7433/8/3855 7380/3/3808 7434/6/3856
f 7379/8/3807 7378/35/3806 7435/3/3857
f 7435/8/3857 7436/35/3858 7379/3/3807
f 7437/3/3859 7436/8/3858 7438/35/3860
f 7436/8/3858 7437/3/3859 7379/6/3807
f 7439/35/3861 7440/8/3861 7441/5/3861
f 7442/5/3862 7443/4/3862 7444/35/3862
f 7384/8/3812 7386/35/3814 7445/3/3863
f 7445/3/3863 7446/6/3864 7384/8/3812
f 7447/8/3865 7395/35/3823 7384/3/3812
f 7384/3/3812 7446/6/3864 7447/8/3865
f 7386/8/3814 7448/35/3866 7449/3/3867
f 7449/3/3867 7445/6/3863 7386/8/3814
f 7384/8/3812 7396/35/3824 7450/3/3868
f 7450/3/3868 7385/6/3813 7384/8/3812
f 7396/8/3824 7400/35/3828 7451/3/3869
f 7451/3/3869 7450/6/3868 7396/8/3824
f 7400/8/3828 7399/35/3827 7452/3/3870
f 7452/3/3870 7451/6/3869 7400/8/3828
f 7399/8/3827 7453/35/3871 7454/3/3872
f 7454/3/3872 7452/6/3870 7399/8/3827
f 7453/8/3871 7387/35/3815 7389/3/3817
f 7389/3/3817 7454/6/3872 7453/8/3871
f 7387/8/3815 7455/35/3873 7390/3/3818
f 7390/3/3818 7388/6/3816 7387/8/3815
f 7456/8/3874 7457/35/3875 7458/3/3876
f 7458/3/3876 7391/6/3819 7456/8/3874
f 7391/3/3819 7390/6/3818 7403/8/3831
f 7403/8/3831 7456/35/3874 7391/3/3819
f 7456/8/3874 7392/35/3820 7394/3/3822
f 7394/3/3822 7457/6/3875 7456/8/3874
f 7392/8/3820 7433/35/3855 7434/3/3856
f 7434/3/3856 7393/6/3821 7392/8/3820
f 7420/3/3846 7437/6/3859 7438/8/3860
f 7438/8/3860 7381/35/3809 7420/3/3846
f 7397/8/3825 7395/35/3823 7447/3/3865
f 7447/3/3865 7459/6/3877 7397/8/3825
f 7459/8/3877 7460/35/3878 7461/3/3879
f 7461/8/3879 7397/35/3825 7459/3/3877
f 7398/8/3826 7462/35/3880 7453/3/3871
f 7453/3/3871 7399/6/3827 7398/8/3826
f 7462/8/3880 7455/35/3873 7387/3/3815
f 7387/3/3815 7453/6/3871 7462/8/3880
f 7455/8/3873 7401/35/3829 7403/3/3831
f 7403/3/3831 7390/6/3818 7455/8/3873
f 7403/3/3831 7463/6/3881 7392/8/3820
f 7392/8/3820 7456/35/3874 7403/3/3831
f 7463/3/3881 7464/6/3882 7433/8/3855
f 7433/8/3855 7392/35/3820 7463/3/3881
f 7402/8/3830 7401/35/3829 7435/3/3857
f 7435/3/3857 7464/6/3882 7402/8/3830
f 7464/3/3882 7435/6/3857 7378/8/3806
f 7378/8/3806 7433/35/3855 7464/3/3882
f 7435/3/3857 7401/6/3829 7461/8/3879
f 7461/8/3879 7460/35/3878 7435/3/3857
f 7462/3/3880 7398/6/3826 7397/8/3825
f 7397/8/3825 7461/35/3879 7462/3/3880
f 7465/3/3883 7466/6/3884 7467/8/3885
f 7468/8/3886 7469/35/3887 7466/3/3884
f 7471/3/3888 7472/6/3889 7473/8/3890
f 7475/8/3891 7473/35/3890 7472/3/3889
f 7476/245/3892 7477/27/3893 7478/5/3894
f 7479/8/3895 7480/35/3896 7481/3/3897
f 7482/3/3898 7483/6/3899 7484/8/3900
f 7470/8/3901 7485/35/3902 7480/3/3896
f 7484/6/3900 7478/9/3894 7477/3/3893
f 7486/3/3903 7487/6/3904 7488/8/3905
f 7486/71/3903 7488/6/3905 7489/4/3906
f 7490/8/3907 7487/35/3904 7481/3/3897
f 7488/6/3905 7491/246/3908 7489/4/3906
f 7492/8/3909 7493/35/3910 7466/3/3884
f 7466/3/3884 7465/6/3883 7492/8/3909
f 7469/8/3887 7494/35/3911 7467/3/3885
f 7467/3/3885 7466/6/3884 7469/8/3887
f 7466/3/3884 7493/6/3910 7495/8/3912
f 7495/8/3912 7468/35/3886 7466/3/3884
f 7496/8/3913 7497/35/3914 7498/3/3915
f 7498/3/3915 7499/6/3916 7496/8/3913
f 7497/8/3914 7471/35/3888 7500/3/3917
f 7500/3/3917 7498/6/3915 7497/8/3914
f 7471/8/3888 7501/35/3918 7502/3/3919
f 7502/3/3919 7500/6/3917 7471/8/3888
f 7501/8/3918 7474/35/3920 7503/3/3921
f 7503/3/3921 7502/6/3919 7501/8/3918
f 7503/3/3921 7474/6/3920 7504/35/3922
f 7472/8/3889 7507/35/3923 7508/3/3924
f 7508/3/3924 7506/6/3925 7472/8/3889
f 7507/8/3923 7509/35/3926 7510/3/3927
f 7510/3/3927 7508/6/3924 7507/8/3923
f 7509/8/3926 7507/35/3923 7497/3/3914
f 7497/3/3914 7496/6/3913 7509/8/3926
f 7507/8/3923 7472/35/3889 7471/3/3888
f 7471/3/3888 7497/6/3914 7507/8/3923
f 7501/3/3918 7471/6/3888 7473/8/3890
f 7505/8/3928 7493/35/3910 7492/3/3909
f 7492/3/3909 7511/6/3929 7505/8/3928
f 7469/8/3887 7477/35/3893 7476/3/3892
f 7476/3/3892 7494/6/3911 7469/8/3887
f 7483/247/3899 7478/5/3894 7484/27/3900
f 7512/4/3930 7513/6/3931 7514/3/3932
f 7513/3/3931 7512/5/3930 7515/4/3933
f 7513/6/3931 7516/5/3934 7517/4/3935
f 7517/4/3935 7514/3/3932 7513/6/3931
f 7518/4/3936 7519/3/3937 7520/6/3938
f 7520/6/3938 7521/5/3939 7518/4/3936
f 7519/8/3937 7522/35/3940 7523/3/3941
f 7523/3/3941 7520/6/3938 7519/8/3937
f 7524/8/3942 7525/35/3943 7526/3/3944
f 7526/3/3944 7523/6/3941 7524/8/3942
f 7523/8/3941 7522/35/3940 7527/3/3945
f 7527/8/3945 7524/35/3942 7523/3/3941
f 7522/8/3940 7519/35/3937 7528/3/3946
f 7528/3/3946 7527/6/3945 7522/8/3940
f 7519/3/3937 7518/4/3936 7529/5/3947
f 7529/5/3947 7528/6/3946 7519/3/3937
f 7495/8/3912 7493/35/3910 7505/3/3928
f 7505/3/3928 7479/6/3895 7495/8/3912
f 7530/4/3948 7531/3/3949 7532/6/3950
f 7532/6/3950 7533/5/3951 7530/4/3948
f 7533/5/3951 7532/6/3950 7534/3/3952
f 7534/3/3952 7535/4/3953 7533/5/3951
f 7536/3/3954 7513/6/3931 7515/4/3933
f 7513/6/3931 7536/3/3954 7537/8/3955
f 7538/5/3956 7516/4/3934 7513/3/3931
f 7513/3/3931 7537/6/3955 7538/5/3956
f 7515/5/3933 7539/4/3957 7540/3/3958
f 7540/3/3958 7536/6/3954 7515/5/3933
f 7539/5/3957 7535/4/3953 7534/3/3952
f 7534/3/3952 7540/6/3958 7539/5/3957
f 7530/5/3948 7541/4/3959 7542/3/3960
f 7542/3/3960 7531/6/3949 7530/5/3948
f 7541/5/3959 7543/4/3961 7544/3/3962
f 7544/3/3962 7542/6/3960 7541/5/3959
f 7543/5/3961 7545/4/3963 7546/3/3964
f 7546/3/3964 7544/6/3962 7543/5/3961
f 7545/5/3963 7547/4/3965 7548/3/3966
f 7548/3/3966 7546/6/3964 7545/5/3963
f 7547/5/3965 7549/4/3967 7550/3/3968
f 7550/3/3968 7548/6/3966 7547/5/3965
f 7549/5/3967 7551/4/3969 7552/3/3970
f 7552/3/3970 7550/6/3968 7549/5/3967
f 7551/5/3969 7553/4/3971 7554/3/3972
f 7554/3/3972 7552/6/3970 7551/5/3969
f 7553/5/3971 7483/248/3899 7482/3/3898
f 7482/3/3898 7554/6/3972 7553/5/3971
f 7489/5/3906 7482/4/3898 7484/27/3900
f 7484/3/3900 7477/6/3893 7486/8/3903
f 7486/6/3903 7489/9/3906 7484/3/3900
f 7469/8/3887 7468/35/3886 7486/3/3903
f 7486/3/3903 7477/6/3893 7469/8/3887
f 7481/3/3897 7480/6/3896 7485/8/3902
f 7485/8/3902 7490/35/3907 7481/3/3897
f 7555/4/44 7556/4/44 7557/4/44
