# Blender 3.6.2
# www.blender.org
mtllib Troca.mtl
o ST_Eng_ChloePickup
v 1.370979 0.606603 0.801894
v 1.369848 0.607462 1.479895
v 1.385218 0.593962 1.469714
v 1.445651 1.398804 -2.172921
v 1.446510 1.402931 -1.838835
v 1.447462 1.301980 -1.846813
v 1.447953 1.312231 -2.167024
v 1.446325 1.290488 -2.492892
v 1.444336 1.393210 -2.509513
v 1.396158 1.434958 -2.528306
v 1.396535 1.440844 -2.172914
v 1.397230 1.442773 -1.834846
v 1.447729 1.373693 -1.562092
v 1.451202 1.263660 -1.619661
v 1.446506 1.355243 -1.492228
v 1.448361 1.220175 -1.542582
v 1.398153 1.410232 -1.546921
v 1.385901 1.575438 -2.003749
v 1.385493 1.568413 -2.522049
v 1.396428 1.414231 -2.691483
v 1.385324 1.583379 -1.330199
v 1.399549 1.389790 -1.461860
v 1.446015 1.308529 -1.441207
v 1.439738 1.154373 -1.486138
v 1.444143 1.141835 -1.366890
v 1.434536 1.014252 -1.433787
v 1.441964 1.010153 -1.336563
v 1.423257 0.849849 -1.402468
v 1.362744 1.717733 -2.003713
v 1.364143 1.708041 -1.322643
v 1.364452 1.702058 -0.247105
v 1.385069 1.584463 -0.247209
v 1.401941 1.342071 -0.247277
v 1.420645 1.342325 -0.223036
v 1.420938 1.080348 -0.224259
v 1.383960 1.731841 -0.221994
v 1.305156 1.811554 -0.258993
v 1.365263 1.804567 -0.225209
v 1.353591 1.747526 -0.246176
v 1.372137 1.734094 -0.235720
v 1.402104 1.588455 -0.222181
v 1.403039 1.325060 -1.407141
v 1.400974 1.341856 -1.155377
v 1.402188 1.074012 -0.247298
v 1.403561 0.858244 -0.223706
v 1.391628 0.855093 -0.247308
v 1.339250 0.656968 -0.222045
v 1.347131 0.657091 -0.247301
v 1.402188 1.074012 -1.163414
v 1.391628 0.855093 -1.167096
v 1.349111 0.656064 -1.168242
v 1.325147 0.615208 -0.222244
v 1.330032 0.606628 -0.247299
v 1.332241 0.599388 -1.167285
v 1.336133 0.599762 -1.272389
v 1.353575 0.657579 -1.273062
v 1.391384 0.854747 -1.280126
v 1.402701 1.010091 -1.304244
v 1.401910 1.139179 -1.333488
v 1.373635 0.601358 -1.293658
v 1.392354 0.639741 -1.295254
v 1.427967 0.853751 -1.310668
v 1.391446 0.641458 -1.378216
v 1.375195 0.604754 -1.378833
v 1.323397 0.591760 -1.377635
v 1.323852 0.591651 -1.285610
v 1.300378 0.596256 -1.276444
v 1.299924 0.596367 -1.377545
v 1.441152 1.032389 -2.855492
v 1.400170 1.035591 -2.886733
v 1.404419 1.167112 -2.861624
v 1.444972 1.160696 -2.827312
v 1.440480 1.306613 -2.773377
v 1.397306 1.329882 -2.798946
v 1.396220 1.383556 -2.761795
v 1.442327 1.356686 -2.723677
v 1.445118 1.222430 -2.654534
v 1.445275 1.138339 -2.717623
v 1.440296 1.021582 -2.761401
v 1.426008 0.841274 -2.799447
v 1.426913 0.848185 -2.881110
v 1.391724 0.629515 -2.809586
v 1.444674 1.378295 -2.650356
v 1.446152 1.266269 -2.588721
v 1.397109 1.037739 -3.100489
v 1.388943 1.040280 -3.537247
v 1.390590 1.172884 -3.538129
v 1.398953 1.169351 -3.096923
v 1.396360 1.342584 -3.105452
v 1.384115 1.584937 -2.857016
v 1.383080 1.584991 -3.099574
v 1.390892 1.345888 -3.535015
v 1.379881 1.587133 -3.535218
v 1.357732 1.729282 -3.534585
v 1.359547 1.725495 -2.988368
v 1.361400 1.719527 -2.521865
v 1.352383 1.588680 -3.674515
v 1.344118 1.711429 -3.674018
v 1.357221 1.346353 -3.673850
v 1.359037 1.171694 -3.674876
v 1.385783 0.850343 -2.909297
v 1.381944 0.862759 -3.109270
v 1.378320 0.876500 -3.518949
v 1.360049 1.040250 -3.707806
v 1.356325 0.879939 -3.723233
v 1.346477 0.681077 -3.487558
v 1.304904 1.040247 -3.725438
v 1.307774 1.172493 -3.759181
v 1.368749 0.615435 -2.889827
v 1.340532 0.627775 -2.914115
v 1.355422 0.650597 -2.913930
v 1.336785 0.628696 -3.113625
v 1.351675 0.656491 -3.113632
v 1.314476 0.649961 -3.482805
v 1.343069 0.687194 -3.663502
v 1.348333 0.718864 -3.671828
v 1.287835 0.878947 -3.740806
v 1.287846 0.717972 -3.682347
v 1.310281 0.688075 -3.663673
v 1.318016 0.621561 -2.910853
v 1.311653 0.615625 -2.804349
v 1.367943 0.612285 -2.807806
v 1.392381 0.634521 -2.886107
v 1.252846 1.812520 -3.700133
v 1.307873 1.812414 -3.695212
v 1.334995 1.774348 -3.699265
v 1.301040 1.771218 -3.728130
v 1.304895 1.811667 -1.321828
v 1.353112 1.749523 -1.321879
v 1.351415 1.757415 -2.003708
v 1.306314 1.812285 -2.003706
v 1.349960 1.762314 -2.521954
v 1.307483 1.813131 -2.522431
v 1.348288 1.766653 -2.997798
v 1.307630 1.813697 -2.998779
v 1.311250 1.812409 -3.533660
v 1.346151 1.772719 -3.534341
v 1.239887 0.835085 2.036067
v 1.239915 1.027763 2.066009
v 0.832254 0.951188 2.109842
v 0.832254 0.830443 2.049945
v 0.832254 0.596095 2.034686
v 1.236254 0.594121 2.007161
v 1.397084 0.590628 1.984638
v 1.421693 0.621624 1.994438
v 1.463820 0.835624 2.008148
v 1.476140 1.044909 2.036856
v 1.239908 1.232666 2.189892
v 1.483135 1.206948 2.094010
v 1.404287 0.592536 1.894883
v 1.472501 1.331552 2.309837
v 1.478998 1.287579 2.190983
v 1.476538 1.360632 2.133923
v 1.480673 1.268280 2.020132
v 1.471352 1.059334 1.952831
v 1.457350 0.841171 1.918897
v 1.422201 0.623425 1.899360
v 1.426396 1.387050 2.106729
v 1.430533 1.283482 1.986201
v 1.433735 1.342622 1.727313
v 1.433879 1.063332 1.917347
v 1.424633 0.845508 1.881758
v 1.380497 0.632016 1.862229
v 1.361216 0.597063 1.860716
v 1.369477 0.608216 1.668660
v 1.383331 0.632847 1.638413
v 1.412568 0.853119 1.692408
v 1.415232 1.079058 1.730978
v 1.412964 1.686773 1.709873
v 1.406147 1.696500 2.070491
v 1.354406 1.750385 1.872369
v 1.355547 1.728224 2.598153
v 1.368833 1.756523 1.675795
v 1.349874 1.707354 3.050065
v 1.339708 1.680529 3.459614
v 1.374530 1.670017 3.339870
v 1.385846 1.678166 2.992367
v 1.396225 1.687218 2.584777
v 1.418203 1.421327 2.248523
v 1.472501 1.393462 2.276174
v 1.442046 1.351765 3.270378
v 1.442931 1.317393 3.305069
v 1.448088 1.304024 3.189888
v 1.447731 1.381999 3.214510
v 1.450710 1.397394 3.139687
v 1.396126 1.425906 3.158815
v 1.407707 1.442621 2.745880
v 1.460760 1.414371 2.743412
v 1.460760 1.352452 2.742721
v 1.452554 1.323845 3.093927
v 1.445739 1.157492 3.304265
v 1.446650 1.262001 3.252567
v 1.391353 1.326885 3.366971
v 1.419592 1.162022 3.460183
v 1.442368 1.165240 3.391061
v 1.438450 1.086068 3.419777
v 1.441821 1.079566 3.332824
v 1.421927 0.867848 3.440011
v 1.425300 0.864170 3.355686
v 1.390501 0.589389 3.409040
v 1.369917 0.588660 3.481238
v 1.408382 0.900247 3.516322
v 1.407890 1.082214 3.479571
v 1.393873 0.588400 3.333339
v 1.369026 1.121994 3.610342
v 1.370636 1.346657 3.594759
v 1.371087 1.638548 3.562656
v 1.392200 1.370411 3.312826
v 1.369198 0.929884 3.613205
v 1.321430 1.127566 3.683353
v 1.334377 1.351140 3.679463
v 1.336244 1.617873 3.657208
v 1.335641 1.658878 3.619374
v 1.335940 0.588528 3.563854
v 1.293867 0.588401 3.624481
v 1.317458 0.945368 3.667650
v 1.392959 1.405900 3.242646
v 1.129326 1.712528 3.707748
v 1.125012 1.690028 3.748839
v 1.142930 1.669549 3.707964
v 1.255618 1.661556 3.656613
v 1.266691 1.687862 3.512878
v 0.955244 1.717857 3.751506
v 0.955240 1.701287 3.790483
v 0.950242 1.661052 3.810189
v 1.119666 1.652685 3.763162
v 1.110668 1.629746 3.765014
v 1.246188 1.620792 3.700605
v 0.949154 1.636368 3.811629
v -0.017113 1.637209 3.878984
v -0.017113 1.661266 3.878561
v -0.984468 1.661052 3.810189
v -0.017113 1.701812 3.849843
v -0.017113 1.719122 3.793434
v 0.955251 1.738724 3.509549
v 1.147841 1.725182 3.535764
v -0.989470 1.717857 3.751506
v -0.989465 1.701287 3.790483
v -0.017114 1.791628 2.712517
v -0.017113 1.766646 3.157483
v 0.955260 1.764926 3.157053
v -0.017113 1.740635 3.506186
v -0.989477 1.738724 3.509549
v -1.163553 1.712528 3.707748
v -1.159238 1.690028 3.748840
v -0.989487 1.764926 3.157053
v -1.182068 1.725182 3.535764
v -1.177156 1.669549 3.707964
v -1.153893 1.652685 3.763163
v -1.144893 1.629746 3.765015
v -0.983380 1.636368 3.811629
v -1.198777 1.684687 3.535038
v -1.223924 1.708612 3.138425
v -1.323415 1.718278 3.094857
v -1.300917 1.687862 3.512878
v -1.289843 1.661556 3.656614
v -1.280415 1.620793 3.700606
v -1.370471 1.617873 3.657208
v -1.369866 1.658878 3.619374
v -1.373934 1.680529 3.459614
v -1.384100 1.707354 3.050065
v -1.338335 1.742139 2.619313
v -1.389774 1.728224 2.598153
v -1.388633 1.750385 1.872370
v -1.370387 1.761865 1.875781
v -1.393396 1.752658 1.780666
v -1.403060 1.756523 1.675795
v -1.379440 1.765072 1.775346
v -1.351874 1.764140 1.860641
v -1.322881 1.766410 1.889723
v -1.260961 1.768548 2.048106
v -1.333668 1.789363 1.708582
v -1.248079 1.800610 1.730225
v -1.328101 1.795898 1.698879
v -1.247238 1.807923 1.717494
v -1.116285 1.814937 1.738405
v -1.366266 1.781991 1.672933
v -1.391239 1.767534 1.654388
v -1.390167 1.762601 1.673079
v 1.082059 1.814937 1.738405
v 1.083276 1.809990 1.751481
v 1.213853 1.800610 1.730225
v 0.917706 1.816204 1.774888
v 0.955277 1.810637 2.140315
v -0.017114 1.810246 2.164394
v -0.017114 1.816880 1.830433
v -0.951934 1.816204 1.774888
v -0.951624 1.820372 1.764567
v -1.117502 1.809991 1.751483
v -1.149304 1.801700 2.094492
v -0.989504 1.810637 2.140316
v 0.917399 1.820372 1.764567
v -0.017114 1.821365 1.816968
v -1.220347 1.793214 2.065516
v -1.228689 1.773339 2.553864
v -1.246891 1.731895 2.661338
v -1.226088 1.768592 2.664927
v -1.212059 1.747059 3.142413
v -0.989495 1.788615 2.704384
v -1.237797 1.770511 2.058157
v 0.955270 1.788615 2.704382
v 1.212664 1.731895 2.661337
v 1.194463 1.773339 2.553863
v 1.191861 1.768592 2.664927
v 1.177832 1.747059 3.142411
v 1.226734 1.768548 2.048106
v 1.203571 1.770511 2.058157
v 1.304108 1.742139 2.619313
v 1.289188 1.718278 3.094857
v 1.189698 1.708611 3.138425
v 1.164552 1.684687 3.535038
v 1.288654 1.766410 1.889722
v 1.336161 1.761865 1.875780
v 1.359171 1.752657 1.780666
v 1.345212 1.765070 1.775346
v 1.317646 1.764140 1.860641
v 1.299442 1.789363 1.708580
v 1.186120 1.793214 2.065516
v 1.355940 1.762600 1.673079
v 1.357013 1.767534 1.654388
v 1.332040 1.781991 1.672933
v 1.293874 1.795898 1.698879
v 1.213012 1.807923 1.717494
v 1.115078 1.801700 2.094491
v 1.377008 1.748363 1.631376
v 1.286793 2.296315 -0.206456
v 1.293803 2.299090 -0.178316
v 1.335248 2.097197 -0.188365
v 1.326721 2.095107 -0.214557
v 1.426545 1.591232 -0.204895
v 1.404001 1.736732 -0.205890
v 1.381444 1.808312 -0.204944
v 1.334672 2.108034 0.047371
v 1.293810 2.310331 0.047649
v 1.256759 2.443018 -0.177771
v 1.257352 2.458802 0.047876
v 1.250418 2.436864 -0.206236
v 1.235368 2.496998 -0.203203
v 1.239377 2.503593 -0.179802
v 1.250773 2.484926 0.047917
v 1.244195 2.511050 0.047957
v -1.035057 2.308029 -0.209352
v -1.036348 2.406054 -0.209878
v -1.094216 2.400719 -0.210094
v -1.092924 2.302694 -0.209568
v 0.415190 2.013386 -0.210970
v 0.397146 2.024522 -0.211553
v 0.376039 2.026709 -0.212139
v 0.341135 2.004364 -0.212876
v 0.356049 2.019515 -0.212611
v 0.334251 1.984257 -0.212883
v 0.336761 1.963176 -0.212630
v 0.429107 1.974424 -0.210251
v 0.426597 1.995506 -0.210505
v 0.407309 1.939167 -0.210524
v 0.366210 1.934161 -0.211582
v 0.348166 1.945297 -0.212164
v 0.387318 1.931973 -0.210996
v 0.422223 1.954318 -0.210258
v -0.951507 0.154878 2.895809
v -0.951507 0.370026 3.118601
v -0.980187 0.254507 3.141636
v -0.980187 0.415527 3.227252
v -0.980187 0.595123 3.258919
v -0.951507 0.675040 3.172384
v -0.980187 0.775713 3.233539
v -0.965173 0.778731 3.031501
v -0.965173 0.536461 3.066316
v -0.965173 0.320538 2.951271
v -0.965173 0.213648 2.732157
v -0.951507 0.111774 2.589105
v -0.965173 0.256115 2.490016
v -0.951507 0.257178 2.315640
v -0.965173 0.431706 2.320425
v -0.951507 0.535550 2.179868
v -0.970142 0.599162 3.027479
v -0.970142 0.708036 3.012178
v -0.970142 0.490889 3.008387
v -0.970142 0.393814 2.956772
v -0.970142 0.317440 2.877684
v -0.970142 0.269244 2.778867
v -0.970142 0.253943 2.669994
v -0.970142 0.273033 2.561719
v -0.970142 0.324650 2.464644
v -0.970142 0.403737 2.388271
v -0.970142 0.502553 2.340074
v -0.970142 0.611428 2.324773
v -0.965173 0.675746 2.286979
v -0.970142 0.719701 2.343865
v -0.970142 0.816776 2.395480
v -0.965173 0.888006 2.400949
v -0.951507 0.840564 2.233651
v -0.951507 1.055712 2.456443
v -0.965173 0.997403 2.620879
v -0.951507 1.098816 2.763147
v -0.965173 0.954084 2.862555
v -0.951507 0.953412 3.036612
v -0.980187 0.939623 3.153595
v -0.980187 0.615467 2.093333
v -0.980187 0.795063 2.125000
v -0.980187 0.956083 2.210616
v -0.980187 1.082764 2.341799
v -0.980187 1.162708 2.505708
v -0.980187 1.188089 2.686299
v -0.980187 1.156421 2.865893
v -0.980187 1.070806 3.026913
v -0.980187 0.270967 2.198657
v -0.980187 0.434877 2.118713
v -0.980187 0.139784 2.325339
v -0.980187 0.054168 2.486357
v -0.980187 0.022501 2.665953
v -0.980187 0.047881 2.846545
v -0.980187 0.127825 3.010453
v -0.970142 0.893150 2.474568
v -0.970142 0.941346 2.573385
v -0.970142 0.956647 2.682258
v -0.970142 0.937556 2.790533
v -0.970142 0.885940 2.887608
v -0.970142 0.806853 2.963981
v -0.951813 0.760994 2.793454
v -0.946106 0.853376 2.863068
v -0.946106 0.783466 2.930580
v -0.946106 0.899003 2.777258
v -0.955117 0.789630 2.739597
v -0.970081 0.742970 2.773717
v -0.951813 0.800222 2.679528
v -0.946106 0.915879 2.681548
v -0.970081 0.762855 2.733329
v -0.970081 0.691018 2.795858
v -0.951813 0.704710 2.819781
v -0.951813 0.662294 2.862565
v -0.946106 0.696115 2.973185
v -0.946106 0.902353 2.585305
v -0.946106 0.792238 2.428044
v -0.950307 0.809398 2.405273
v -0.950307 0.883106 2.481601
v -0.946106 0.859750 2.497956
v -0.951813 0.764994 2.564303
v -0.951813 0.772639 2.625969
v -0.970081 0.772401 2.679192
v -0.970081 0.745657 2.631598
v -0.970081 0.740653 2.575347
v -0.970081 0.708388 2.543953
v -0.955117 0.722623 2.520426
v -0.951813 0.668767 2.491791
v -0.946106 0.706426 2.382418
v -0.950307 0.715710 2.355458
v -0.946106 0.610716 2.365541
v -0.970081 0.606321 2.528873
v -0.951813 0.548296 2.489687
v -0.951813 0.609305 2.501472
v -0.970081 0.659851 2.518145
v -0.946106 0.514475 2.379067
v -0.951813 0.449596 2.558798
v -0.951813 0.440428 2.618340
v -0.946106 0.311586 2.574994
v -0.970081 0.471906 2.575422
v -0.970081 0.465566 2.629646
v -0.970081 0.511449 2.537236
v -0.970081 0.551277 2.516251
v -0.955117 0.493473 2.516427
v -0.946106 0.427124 2.421671
v -0.946106 0.357214 2.489182
v -0.950307 0.611214 2.337032
v -0.950307 0.506139 2.351800
v -0.950307 0.410769 2.398314
v -0.950307 0.334441 2.472023
v -0.950307 0.284626 2.565711
v -0.950307 0.929621 2.576969
v -0.950307 0.944388 2.682044
v -0.950307 0.925964 2.786541
v -0.950307 0.876149 2.880229
v -0.950307 0.799821 2.953937
v -0.950307 0.704451 3.000452
v -0.950307 0.599376 3.015220
v -0.950307 0.494880 2.996794
v -0.946106 0.599874 2.986711
v -0.946106 0.504163 2.969834
v -0.950307 0.401192 2.946979
v -0.946106 0.418352 2.924206
v -0.950307 0.327483 2.870651
v -0.946106 0.350840 2.854296
v -0.955117 0.601892 2.871053
v -0.951813 0.541823 2.860461
v -0.951813 0.499391 2.815067
v -0.951813 0.445596 2.787949
v -0.970081 0.468301 2.771868
v -0.970081 0.444202 2.722460
v -0.970081 0.517912 2.794653
v -0.955117 0.418857 2.733126
v -0.946106 0.308237 2.766946
v -0.946106 0.294711 2.670704
v -0.950307 0.280968 2.775283
v -0.950307 0.266202 2.670206
v -0.970081 0.436552 2.678097
v -0.951813 0.410367 2.672724
v -0.970081 0.555025 2.837219
v -0.970081 0.599580 2.843651
v -0.970081 0.654017 2.836001
v -1.026204 0.408667 3.247175
v -1.026204 0.594754 3.279987
v -1.397115 0.594754 3.279987
v -1.026204 0.781873 3.253689
v -1.397115 0.781873 3.253689
v -1.443131 0.775713 3.233539
v -1.443131 0.595123 3.258919
v -1.471811 0.675040 3.172384
v -1.471811 0.370026 3.118601
v -1.397115 0.241827 3.158463
v -1.397115 0.110566 3.022539
v -1.026205 0.110566 3.022539
v -1.026204 0.241827 3.158463
v -1.397115 0.408667 3.247175
v -1.443131 0.415527 3.227252
v -1.443131 0.254507 3.141636
v -1.471812 0.154878 2.895809
v -1.026205 0.027731 2.852704
v -1.397115 0.027731 2.852704
v -1.443131 0.127825 3.010453
v -1.443131 0.047881 2.846545
v -1.397115 0.001434 2.665586
v -1.026205 0.001434 2.665586
v -1.397115 0.034247 2.479499
v -1.026205 0.034247 2.479497
v -1.397115 0.122957 2.312657
v -1.443131 0.054168 2.486357
v -1.471813 0.111774 2.589105
v -1.443131 0.022501 2.665953
v -1.471813 0.257178 2.315640
v -1.458147 0.320538 2.951271
v -1.458147 0.213648 2.732157
v -1.458147 0.256115 2.490016
v -1.458147 0.431706 2.320425
v -1.471813 0.535550 2.179868
v -1.458147 0.675746 2.286979
v -1.471813 0.840564 2.233651
v -1.443132 0.615467 2.093333
v -1.443131 0.795063 2.125000
v -1.458147 0.888006 2.400949
v -1.453176 0.324650 2.464644
v -1.453176 0.403737 2.388271
v -1.453176 0.502553 2.340074
v -1.453176 0.611428 2.324773
v -1.453176 0.719701 2.343865
v -1.453176 0.816776 2.395480
v -1.453176 0.893150 2.474568
v -1.453176 0.941346 2.573385
v -1.458147 0.997403 2.620879
v -1.453176 0.956647 2.682258
v -1.453176 0.937556 2.790533
v -1.458147 0.954084 2.862555
v -1.453176 0.885940 2.887608
v -1.453176 0.806853 2.963981
v -1.458147 0.778731 3.031501
v -1.453176 0.708036 3.012178
v -1.443131 0.956083 2.210616
v -1.397115 0.968763 2.193789
v -1.471813 1.055712 2.456443
v -1.471813 1.098816 2.763147
v -1.471812 0.953412 3.036612
v -1.443131 1.156421 2.865893
v -1.443131 1.188089 2.686299
v -1.443131 1.162708 2.505708
v -1.443131 1.082764 2.341799
v -1.397115 1.100024 2.329713
v -1.026205 0.968763 2.193787
v -1.397115 0.801923 2.105077
v -1.026205 0.801923 2.105077
v -1.026205 1.100024 2.329713
v -1.026205 1.182857 2.499547
v -1.397115 1.182857 2.499547
v -1.026205 1.209155 2.686666
v -1.397115 1.209155 2.686666
v -1.026205 1.176343 2.872753
v -1.397115 1.176343 2.872753
v -1.026205 0.615836 2.072265
v -1.026205 0.428716 2.098563
v -1.026205 0.258882 2.181397
v -1.026205 0.122957 2.312657
v -1.397115 0.615836 2.072265
v -1.397115 0.428716 2.098563
v -1.397115 0.258882 2.181397
v -1.443131 0.139784 2.325339
v -1.443131 0.270967 2.198657
v -1.443131 0.434877 2.118713
v -1.453238 0.436552 2.678097
v -1.471507 0.410367 2.672724
v -1.468202 0.418857 2.733126
v -1.477214 0.294711 2.670704
v -1.477214 0.311586 2.574994
v -1.477214 0.308237 2.766946
v -1.477214 0.418352 2.924206
v -1.471507 0.499391 2.815067
v -1.471507 0.445596 2.787949
v -1.477214 0.350840 2.854296
v -1.453238 0.444202 2.722460
v -1.453238 0.465566 2.629646
v -1.471507 0.440428 2.618340
v -1.453238 0.517912 2.794653
v -1.453238 0.468301 2.771868
v -1.453238 0.606321 2.528873
v -1.453238 0.511449 2.537236
v -1.453238 0.471906 2.575422
v -1.471507 0.449596 2.558798
v -1.477214 0.357214 2.489182
v -1.468202 0.493473 2.516427
v -1.453238 0.551277 2.516251
v -1.471507 0.548296 2.489687
v -1.471507 0.609305 2.501472
v -1.477214 0.610716 2.365541
v -1.471507 0.668767 2.491791
v -1.477214 0.514475 2.379067
v -1.477214 0.427124 2.421671
v -1.453238 0.659851 2.518145
v -1.453238 0.708388 2.543953
v -1.453238 0.745657 2.631598
v -1.453238 0.691018 2.795858
v -1.453238 0.599580 2.843651
v -1.453238 0.654017 2.836001
v -1.471507 0.662294 2.862565
v -1.477214 0.783466 2.930580
v -1.471507 0.704710 2.819781
v -1.477214 0.696115 2.973185
v -1.477214 0.599874 2.986711
v -1.468202 0.601892 2.871053
v -1.453238 0.555025 2.837219
v -1.471507 0.541823 2.860461
v -1.477214 0.504163 2.969834
v -1.473013 0.327483 2.870651
v -1.473013 0.401192 2.946979
v -1.473013 0.494880 2.996794
v -1.473013 0.599376 3.015220
v -1.473013 0.704451 3.000452
v -1.473013 0.799821 2.953937
v -1.453176 0.317440 2.877684
v -1.473013 0.280968 2.775283
v -1.453176 0.393814 2.956772
v -1.453176 0.490889 3.008387
v -1.453176 0.599162 3.027479
v -1.473013 0.876149 2.880229
v -1.473013 0.925964 2.786541
v -1.473013 0.944388 2.682044
v -1.473013 0.929621 2.576969
v -1.477214 0.853376 2.863068
v -1.477214 0.899003 2.777258
v -1.477214 0.915879 2.681548
v -1.477214 0.902353 2.585305
v -1.477214 0.859750 2.497956
v -1.473013 0.883106 2.481601
v -1.471507 0.800222 2.679528
v -1.468202 0.789630 2.739597
v -1.471507 0.760994 2.793454
v -1.453238 0.742970 2.773717
v -1.453238 0.762855 2.733329
v -1.453238 0.772401 2.679192
v -1.471507 0.772639 2.625969
v -1.477214 0.706426 2.382418
v -1.477214 0.792238 2.428044
v -1.468202 0.722623 2.520426
v -1.453238 0.740653 2.575347
v -1.471507 0.764994 2.564303
v -1.473013 0.809398 2.405273
v -1.473013 0.715710 2.355458
v -1.473013 0.611214 2.337032
v -1.473013 0.506139 2.351800
v -1.473013 0.410769 2.398314
v -1.473013 0.334441 2.472023
v -1.453176 0.273033 2.561719
v -1.473013 0.284626 2.565711
v -1.453176 0.253943 2.669994
v -1.473013 0.266202 2.670206
v -1.453176 0.269244 2.778867
v -1.443131 1.070806 3.026913
v -1.443131 0.939623 3.153595
v -1.397115 0.951708 3.170855
v -1.397115 1.087633 3.039593
v -1.026204 0.951708 3.170855
v -1.026205 1.087633 3.039593
v -1.458147 0.536461 3.066316
v -1.448324 1.608268 0.230013
v -1.469933 1.622998 0.203169
v -1.467509 1.623179 0.051138
v -1.466834 1.649405 0.203056
v -1.445294 1.654299 0.229923
v -1.443220 1.655302 0.018234
v -1.464831 1.649968 0.051091
v -1.441467 1.664057 0.011801
v -1.443864 1.663406 0.253203
v -1.446353 1.681721 -0.005224
v -1.448726 1.681070 0.269826
v -1.452209 1.586772 -0.005093
v -1.447339 1.595080 0.011876
v -1.445966 1.607798 0.018261
v -1.450121 1.595012 0.253458
v -1.455000 1.586552 0.270159
v -1.452532 1.557351 -0.042567
v -1.443566 1.695411 -0.037551
v -1.485203 1.371016 0.813655
v -1.475847 1.332708 -0.042761
v -1.478240 1.088475 -0.043221
v -1.467900 1.591156 0.825174
v -1.453551 1.688158 0.813726
v -1.461389 0.875913 1.471284
v -1.480488 1.088080 1.520265
v -1.492847 1.088489 0.813518
v -1.472542 1.333179 1.547440
v -1.452597 1.595524 1.540617
v -1.431228 1.679795 1.534316
v -1.459100 1.078412 1.721967
v -1.444348 0.848694 1.682854
v -1.434105 0.760176 1.561241
v -1.421187 0.759807 1.393892
v -1.466466 0.874146 0.813410
v -1.470854 0.874358 -0.046247
v -1.423979 0.759729 0.813492
v -1.429844 0.759724 -0.041994
v -1.417648 1.759960 1.249154
v -1.317930 2.343057 1.245343
v -1.286393 2.344519 1.240086
v -1.386776 1.764616 1.240693
v -1.416852 1.759848 1.258980
v -1.321331 2.324790 1.254746
v -1.385981 1.764433 1.257537
v -1.290174 2.326201 1.249385
v -1.436827 1.729780 -0.043921
v -1.429117 1.705313 -0.037551
v -1.431852 1.700999 0.813604
v -1.438966 1.723088 0.813737
v -1.411270 1.695559 1.532431
v -1.418822 1.715034 1.531681
v -1.412620 1.695529 1.588306
v -1.423928 1.715045 1.622726
v -1.427230 1.769519 0.050523
v -1.372064 2.103966 0.052929
v -1.330846 2.101119 0.056454
v -1.387142 1.775592 0.059004
v -1.426799 1.771921 0.086577
v -1.371903 2.103609 0.088989
v -1.387015 1.775379 0.090227
v -1.331054 2.100876 0.092925
v -1.300303 2.432309 0.092926
v -1.408567 1.758672 1.555100
v -1.377695 1.762540 1.547867
v -1.427350 1.761337 0.813748
v -1.396477 1.766834 0.808498
v -1.354653 0.749037 1.578677
v -1.311471 0.857640 1.690546
v -1.300273 0.918768 1.696656
v -1.331574 1.096079 1.735958
v -1.364263 1.319078 1.738579
v -1.468479 1.340276 1.722432
v -1.368834 1.530630 1.736851
v -1.457031 1.595238 1.710652
v -1.451744 1.679590 1.703855
v -1.377880 1.687459 1.704099
v -1.360648 0.747315 1.386676
v -1.382883 0.745851 0.813573
v -1.382853 0.746817 -0.018138
v -1.408879 1.758555 1.606224
v -1.428886 1.770556 -0.043921
v -1.387694 1.773785 -0.025724
v 1.432456 1.649406 0.203056
v 1.430453 1.649968 0.051091
v 1.408842 1.655302 0.018234
v 1.410916 1.654299 0.229922
v 1.435555 1.622998 0.203169
v 1.413947 1.608268 0.230013
v 1.383271 1.759960 1.249154
v 1.352399 1.764616 1.240693
v 1.252015 2.344519 1.240086
v 1.283552 2.343057 1.245344
v 1.382475 1.759848 1.258979
v 1.286953 2.324790 1.254746
v 1.351603 1.764435 1.257537
v 1.255796 2.326201 1.249385
v 1.392852 1.769519 0.050522
v 1.352764 1.775592 0.059003
v 1.296468 2.101120 0.056453
v 1.337686 2.103966 0.052929
v 1.392421 1.771921 0.086577
v 1.337525 2.103609 0.088989
v 1.352637 1.775379 0.090227
v 1.296676 2.100876 0.092924
v 1.265925 2.432309 0.092926
v -1.266420 2.426392 0.094313
v -1.258201 2.467267 0.137301
v 1.362099 1.766834 0.808498
v 1.392973 1.761337 0.813748
v 1.343502 1.687459 1.704098
v 1.417366 1.679590 1.703854
v 1.389550 1.715045 1.622726
v 1.343760 1.741221 1.639895
v 1.374502 1.758555 1.606224
v 1.343630 1.762351 1.598978
v 1.334457 1.530630 1.736851
v 1.422653 1.595238 1.710652
v 1.434101 1.340276 1.722432
v 1.329886 1.319078 1.738578
v 1.424722 1.078412 1.721967
v 1.297197 1.096079 1.735957
v 1.265895 0.918768 1.696656
v 1.277094 0.857640 1.690546
v 1.409970 0.848694 1.682853
v 1.399728 0.760176 1.561241
v 1.320276 0.749037 1.578676
v -1.291266 2.472978 0.136234
v 1.395466 0.759724 -0.041994
v 1.348476 0.746818 -0.018138
v 1.322997 0.873480 -0.014622
v 1.436477 0.874358 -0.046247
v 1.443863 1.088475 -0.043221
v 1.332078 1.074558 -0.015082
v -1.290771 2.475271 0.052380
v 1.441469 1.332708 -0.042761
v 1.335800 1.340792 -0.019800
v 1.418155 1.557351 -0.042567
v 1.313362 1.538681 -0.015649
v 1.353316 1.773785 -0.025724
v 1.394740 1.705314 -0.037551
v 1.394508 1.770557 -0.043922
v 1.402451 1.729780 -0.043922
v 1.409189 1.695411 -0.037551
v -1.255880 2.469530 0.051437
v 1.404588 1.723088 0.813737
v 1.384445 1.715034 1.531680
v 1.374190 1.758672 1.555099
v 1.438164 1.333179 1.547440
v 1.418220 1.595524 1.540616
v 1.396850 1.679795 1.534315
v 1.433523 1.591156 0.825173
v 1.419173 1.688158 0.813726
v 1.420622 1.586552 0.270159
v 1.414348 1.681070 0.269826
v 1.411975 1.681721 -0.005224
v 1.417831 1.586772 -0.005093
v 1.450826 1.371016 0.813655
v 1.446111 1.088080 1.520265
v 1.458469 1.088489 0.813517
v 1.427011 0.875913 1.471284
v 1.432089 0.874146 0.813410
v 1.386809 0.759807 1.393891
v 1.389601 0.759729 0.813492
v 0.926569 0.465566 2.629646
v 0.926569 0.606321 2.528873
v 0.926569 0.511449 2.537235
v 0.926569 0.471906 2.575422
v 0.908301 0.449596 2.558797
v 0.908301 0.440428 2.618340
v 0.902594 0.610716 2.365541
v 0.908301 0.609305 2.501471
v 0.908301 0.668767 2.491790
v 0.908301 0.548296 2.489687
v 0.926569 0.551277 2.516251
v 0.911605 0.493473 2.516426
v 0.902594 0.357214 2.489182
v 0.902594 0.311586 2.574993
v 0.908301 0.410367 2.672724
v 0.926569 0.436552 2.678096
v 0.902594 0.427124 2.421670
v 0.902594 0.514475 2.379067
v 0.911605 0.418857 2.733126
v 0.902594 0.294711 2.670704
v 0.906795 0.284627 2.565710
v 0.906795 0.334441 2.472023
v 0.906795 0.410769 2.398314
v 0.906795 0.506139 2.351799
v 0.926631 0.324650 2.464644
v 0.926631 0.273033 2.561719
v 0.926631 0.403737 2.388270
v 0.926631 0.502553 2.340074
v 0.906795 0.611214 2.337032
v 0.926631 0.611428 2.324773
v 0.906795 0.715710 2.355458
v 0.926631 0.719701 2.343865
v 0.906795 0.809398 2.405272
v 0.902594 0.706426 2.382417
v 0.902594 0.792238 2.428044
v 0.906795 0.883106 2.481599
v 0.902594 0.859750 2.497954
v 0.906795 0.929621 2.576969
v 0.902594 0.902353 2.585305
v 0.926631 0.816776 2.395480
v 0.926631 0.893150 2.474567
v 0.926631 0.941346 2.573384
v 0.906795 0.944389 2.682044
v 0.902594 0.915879 2.681546
v 0.908301 0.800222 2.679528
v 0.908301 0.772641 2.625969
v 0.926631 0.956647 2.682258
v 0.906795 0.925964 2.786541
v 0.902594 0.899003 2.777257
v 0.911605 0.789631 2.739597
v 0.926569 0.762856 2.733329
v 0.926569 0.742970 2.773715
v 0.926569 0.691019 2.795858
v 0.908301 0.760994 2.793453
v 0.926569 0.772401 2.679192
v 0.926569 0.745657 2.631598
v 0.926569 0.517912 2.794653
v 0.926569 0.444202 2.722459
v 0.908301 0.445596 2.787949
v 0.902594 0.350840 2.854296
v 0.902594 0.418352 2.924206
v 0.902594 0.308237 2.766945
v 0.902594 0.504163 2.969833
v 0.908301 0.541823 2.860461
v 0.908301 0.499392 2.815067
v 0.926569 0.468301 2.771868
v 0.926569 0.555025 2.837219
v 0.911605 0.601893 2.871053
v 0.926569 0.599580 2.843651
v 0.902594 0.599874 2.986710
v 0.908301 0.662296 2.862563
v 0.926569 0.654017 2.836001
v 0.908301 0.704710 2.819781
v 0.902594 0.783466 2.930580
v 0.902594 0.696115 2.973185
v 0.906796 0.599376 3.015220
v 0.906796 0.494880 2.996794
v 0.926631 0.599162 3.027479
v 0.926631 0.490889 3.008386
v 0.906796 0.401193 2.946979
v 0.906796 0.704451 3.000452
v 0.926631 0.708036 3.012177
v 0.926631 0.806854 2.963980
v 0.906795 0.799821 2.953937
v 0.902594 0.853376 2.863068
v 0.906795 0.876149 2.880229
v 0.926631 0.937556 2.790531
v 0.926631 0.885940 2.887608
v 0.906795 0.266202 2.670206
v 0.906795 0.280968 2.775283
v 0.906796 0.327483 2.870651
v 0.926631 0.393814 2.956772
v 0.926631 0.317440 2.877684
v 0.926631 0.269244 2.778866
v 0.926631 0.253943 2.669992
v 0.907996 0.535550 2.179868
v 0.936677 0.434877 2.118713
v 0.936677 0.270967 2.198657
v 0.907996 0.257178 2.315639
v 0.936677 0.139785 2.325339
v 0.936677 0.054170 2.486357
v 0.907996 0.111774 2.589105
v 0.936677 0.022502 2.665953
v 0.936677 0.047881 2.846545
v 0.907996 0.154878 2.895809
v 0.936677 0.127825 3.010453
v 0.936677 0.254509 3.141636
v 0.921660 0.675746 2.286978
v 0.907996 0.840564 2.233650
v 0.921660 0.431706 2.320425
v 0.921660 0.256117 2.490016
v 0.921660 0.213648 2.732157
v 0.921660 0.320538 2.951270
v 0.907996 0.370027 3.118601
v 0.921660 0.536461 3.066314
v 0.907996 0.675040 3.172383
v 0.921660 0.778731 3.031501
v 0.936677 0.415527 3.227252
v 0.936677 0.595123 3.258919
v 0.936677 0.775714 3.233539
v 0.921660 0.888006 2.400949
v 0.936677 0.939623 3.153594
v 0.907996 0.953412 3.036612
v 0.921660 0.954086 2.862555
v 0.907996 1.098816 2.763147
v 0.921660 0.997403 2.620879
v 0.907996 1.055712 2.456442
v 0.936677 1.070806 3.026913
v 0.936677 1.156421 2.865893
v 0.936677 1.188089 2.686299
v 0.936677 1.162708 2.505707
v 0.936677 1.082764 2.341799
v 0.936677 0.956083 2.210615
v 0.936677 0.795063 2.125000
v 0.936677 0.615467 2.093332
v 0.926569 0.708388 2.543953
v 0.926569 0.659851 2.518145
v 0.908301 0.764995 2.564303
v 0.926569 0.740653 2.575347
v 0.911605 0.722623 2.520426
v 1.409726 0.691019 2.795858
v 1.409726 0.654017 2.836001
v 1.409726 0.599580 2.843651
v 1.409726 0.517912 2.794653
v 1.409726 0.555025 2.837219
v 1.424690 0.601893 2.871053
v 1.427994 0.541823 2.860461
v 1.427994 0.499392 2.815067
v 1.409726 0.468301 2.771868
v 1.433701 0.783466 2.930580
v 1.433701 0.696115 2.973185
v 1.427994 0.662296 2.862563
v 1.433701 0.599874 2.986710
v 1.433701 0.504163 2.969833
v 1.433701 0.418352 2.924206
v 1.427994 0.445596 2.787949
v 1.409726 0.444202 2.722459
v 1.433701 0.899003 2.777257
v 1.429501 0.925964 2.786541
v 1.429501 0.876149 2.880229
v 1.433701 0.853376 2.863068
v 1.429501 0.799821 2.953937
v 1.429501 0.704451 3.000452
v 1.429501 0.599376 3.015220
v 1.429501 0.494880 2.996794
v 1.409665 0.941346 2.573384
v 1.409665 0.956647 2.682258
v 1.429501 0.944389 2.682044
v 1.409665 0.937556 2.790531
v 1.409665 0.885940 2.887608
v 1.409665 0.806854 2.963980
v 1.409665 0.708036 3.012177
v 1.433701 0.706426 2.382417
v 1.429501 0.715710 2.355458
v 1.429501 0.809398 2.405272
v 1.433701 0.792238 2.428044
v 1.429501 0.883106 2.481599
v 1.433701 0.859750 2.497954
v 1.429501 0.929621 2.576969
v 1.433701 0.902353 2.585305
v 1.433701 0.915879 2.681546
v 1.427994 0.668767 2.491790
v 1.409726 0.708388 2.543953
v 1.409726 0.659851 2.518145
v 1.424690 0.722623 2.520426
v 1.427994 0.764995 2.564303
v 1.427994 0.772641 2.625969
v 1.409726 0.745657 2.631598
v 1.409726 0.772401 2.679192
v 1.427994 0.800222 2.679528
v 1.409726 0.740653 2.575347
v 1.409726 0.606321 2.528873
v 1.427994 0.609305 2.501471
v 1.433701 0.610716 2.365541
v 1.409726 0.551277 2.516251
v 1.427994 0.548296 2.489687
v 1.409726 0.465566 2.629646
v 1.409726 0.511449 2.537235
v 1.424690 0.493473 2.516426
v 1.433701 0.514475 2.379067
v 1.429501 0.611214 2.337032
v 1.427994 0.449596 2.558797
v 1.409726 0.436552 2.678096
v 1.433701 0.311586 2.574993
v 1.433701 0.357214 2.489182
v 1.433701 0.427124 2.421670
v 1.429501 0.284627 2.565710
v 1.429501 0.334441 2.472023
v 1.429501 0.410769 2.398314
v 1.429501 0.506139 2.351799
v 1.409665 0.269244 2.778866
v 1.409665 0.253943 2.669992
v 1.429501 0.266202 2.670206
v 1.409665 0.273033 2.561719
v 1.409665 0.324650 2.464644
v 1.409665 0.403737 2.388270
v 1.409665 0.502553 2.340074
v 1.409665 0.611428 2.324773
v 1.409665 0.719701 2.343865
v 1.409665 0.816776 2.395480
v 1.409665 0.893150 2.474567
v -1.347740 1.538681 -0.015649
v -1.370177 1.340792 -0.019800
v -1.366456 1.074558 -0.015082
v -1.357375 0.873480 -0.014622
v -0.942070 0.409466 -2.101513
v -0.936365 0.293809 -2.103533
v -0.936365 0.310685 -2.199243
v -0.945375 0.417955 -2.041111
v -0.960340 0.435650 -2.096139
v -0.936365 0.307335 -2.007290
v -0.942070 0.444694 -1.986288
v -0.942070 0.498491 -1.959170
v -0.936365 0.417450 -1.850029
v -0.936365 0.349939 -1.919940
v -0.960340 0.443300 -2.051777
v -0.960340 0.464665 -2.144590
v -0.942070 0.439526 -2.155895
v -0.960340 0.467399 -2.002369
v -0.960340 0.517010 -1.979584
v -0.960340 0.605419 -2.245364
v -0.960340 0.510547 -2.237000
v -0.960340 0.471004 -2.198815
v -0.942070 0.448694 -2.215439
v -0.936365 0.356312 -2.285054
v -0.945375 0.492571 -2.257810
v -0.960340 0.550375 -2.257986
v -0.942070 0.547394 -2.284549
v -0.942070 0.608403 -2.272765
v -0.936365 0.609814 -2.408695
v -0.942070 0.667865 -2.282446
v -0.936365 0.513573 -2.395169
v -0.936365 0.426222 -2.352566
v -0.940565 0.882205 -2.292636
v -0.936365 0.858848 -2.276281
v -0.936365 0.791336 -2.346193
v -0.940565 0.808497 -2.368965
v -0.936365 0.705525 -2.391818
v -0.940565 0.714808 -2.418779
v -0.940565 0.610312 -2.437204
v -0.940565 0.505237 -2.422436
v -0.940565 0.409867 -2.375923
v -0.940565 0.928720 -2.197268
v -0.960401 0.892249 -2.299669
v -0.960401 0.815876 -2.378756
v -0.960401 0.718799 -2.430371
v -0.960401 0.610526 -2.449464
v -0.960401 0.501652 -2.434162
v -0.960401 0.402835 -2.385965
v -0.960401 0.323748 -2.309592
v -0.940565 0.333539 -2.302213
v -0.960401 0.272132 -2.212518
v -0.940565 0.283726 -2.208525
v -0.960401 0.253041 -2.104243
v -0.940565 0.265300 -2.104030
v -0.960401 0.268342 -1.995370
v -0.940565 0.280067 -1.998954
v -0.960401 0.316538 -1.896552
v -0.940565 0.326582 -1.903585
v -0.960401 0.392912 -1.817465
v -0.940565 0.400291 -1.827258
v -0.960401 0.489987 -1.765849
v -0.940565 0.493978 -1.777442
v -0.960401 0.598260 -1.746758
v -0.940565 0.598474 -1.759017
v -0.960401 0.707135 -1.762059
v -0.940565 0.703549 -1.773785
v -0.960401 0.805952 -1.810256
v -0.936365 0.503262 -1.804403
v -0.936365 0.598972 -1.787526
v -0.936365 0.695213 -1.801052
v -0.936365 0.782564 -1.843657
v -0.940565 0.798919 -1.820300
v -0.945375 0.600992 -1.903183
v -0.942070 0.540921 -1.913775
v -0.960340 0.554124 -1.937017
v -0.942070 0.661394 -1.911672
v -0.942070 0.703809 -1.954456
v -0.960340 0.598678 -1.930585
v -0.960340 0.653116 -1.938235
v -0.960340 0.690117 -1.978377
v -0.942070 0.760092 -1.980782
v -0.936365 0.852474 -1.911167
v -0.936365 0.898102 -1.996979
v -0.936365 0.901451 -2.188931
v -0.936365 0.914979 -2.092689
v -0.942070 0.799321 -2.094708
v -0.945375 0.788729 -2.034639
v -0.960340 0.742068 -2.000521
v -0.960340 0.761955 -2.040906
v -0.960340 0.744756 -2.142639
v -0.960340 0.771499 -2.095044
v -0.942070 0.771739 -2.148268
v -0.960340 0.658949 -2.256091
v -0.960340 0.707486 -2.230282
v -0.945375 0.721721 -2.253811
v -0.960340 0.739751 -2.198890
v -0.942070 0.764093 -2.209934
v -0.940565 0.875247 -1.894008
v -0.940565 0.925062 -1.987696
v -0.940565 0.943488 -2.092192
v -0.960401 0.885038 -1.886629
v -0.960401 0.936655 -1.983704
v -0.960401 0.955745 -2.091978
v -0.960401 0.940444 -2.200851
v -0.941765 0.674138 -1.601853
v -0.970446 0.774812 -1.540698
v -0.970446 0.594221 -1.515317
v -0.941765 0.369126 -1.655635
v -0.970446 0.414625 -1.546985
v -0.970446 0.253607 -1.632600
v -0.941765 0.153976 -1.878429
v -0.970446 0.126924 -1.763783
v -0.970446 0.046980 -1.927692
v -0.941765 0.110872 -2.185132
v -0.970446 0.021601 -2.108284
v -0.970446 0.053268 -2.287878
v -0.955431 0.777829 -1.742736
v -0.955431 0.535559 -1.707921
v -0.955431 0.319637 -1.822965
v -0.955431 0.212746 -2.042079
v -0.955431 0.255215 -2.284220
v -0.941765 0.256276 -2.458597
v -0.955431 0.430804 -2.453810
v -0.941765 0.534648 -2.594368
v -0.955431 0.674844 -2.487258
v -0.955431 0.887105 -2.373288
v -0.941765 0.839662 -2.540586
v -0.941765 1.054810 -2.317794
v -0.955431 0.996501 -2.153358
v -0.941765 1.097914 -2.011090
v -0.955431 0.953184 -1.911682
v -0.941765 0.952511 -1.737625
v -0.970446 0.938721 -1.620642
v -0.970446 0.955181 -2.563621
v -0.970446 1.081862 -2.432438
v -0.970446 1.161807 -2.268529
v -0.970446 1.187187 -2.087938
v -0.970446 1.155520 -1.908342
v -0.970446 1.069904 -1.747324
v -0.970446 0.138884 -2.448898
v -0.970446 0.270065 -2.575579
v -0.970446 0.433975 -2.655523
v -0.970446 0.614567 -2.680904
v -0.970446 0.794161 -2.649236
v -1.281344 2.507757 0.052685
v -1.291466 2.477787 1.157084
v -1.259295 2.468814 1.154096
v -1.249985 2.497724 0.049416
v -1.443496 0.471004 -2.198815
v -1.461764 0.448694 -2.215439
v -1.461764 0.439526 -2.155895
v -1.443496 0.464665 -2.144590
v -1.443496 0.510547 -2.237000
v -1.458459 0.492571 -2.257810
v -1.463270 0.610312 -2.437204
v -1.463270 0.505237 -2.422436
v -1.467471 0.513573 -2.395169
v -1.467471 0.426222 -2.352566
v -1.467471 0.356312 -2.285054
v -1.467471 0.310685 -2.199243
v -1.461764 0.409466 -2.101513
v -1.443496 0.435650 -2.096139
v -1.467471 0.293809 -2.103533
v -1.467471 0.307335 -2.007290
v -1.458459 0.417955 -2.041111
v -1.463270 0.409867 -2.375923
v -1.463270 0.333539 -2.302213
v -1.463270 0.283726 -2.208525
v -1.463270 0.265300 -2.104030
v -1.463270 0.280067 -1.998954
v -1.443435 0.501652 -2.434162
v -1.443435 0.402835 -2.385965
v -1.443435 0.323748 -2.309592
v -1.443435 0.272132 -2.212518
v -1.443435 0.253041 -2.104243
v -1.443435 0.268342 -1.995370
v -1.443435 0.316538 -1.896552
v -1.463270 0.326582 -1.903585
v -1.443434 0.392912 -1.817465
v -1.463270 0.400291 -1.827258
v -1.443434 0.489987 -1.765849
v -1.463270 0.493978 -1.777442
v -1.443434 0.598260 -1.746758
v -1.463270 0.598474 -1.759017
v -1.443434 0.707135 -1.762059
v -1.463270 0.703549 -1.773785
v -1.467471 0.503262 -1.804403
v -1.467471 0.598972 -1.787526
v -1.467471 0.695213 -1.801052
v -1.467471 0.782564 -1.843657
v -1.463270 0.798919 -1.820300
v -1.467471 0.852474 -1.911167
v -1.463270 0.875247 -1.894008
v -1.467471 0.898102 -1.996979
v -1.461764 0.760092 -1.980782
v -1.458459 0.788729 -2.034639
v -1.443496 0.742068 -2.000521
v -1.461764 0.661394 -1.911672
v -1.458459 0.600992 -1.903183
v -1.461764 0.703809 -1.954456
v -1.443496 0.690117 -1.978377
v -1.443496 0.761955 -2.040906
v -1.461764 0.799321 -2.094708
v -1.443496 0.771499 -2.095044
v -1.443496 0.653116 -1.938235
v -1.443496 0.598678 -1.930585
v -1.461764 0.771739 -2.148268
v -1.443496 0.744756 -2.142639
v -1.443496 0.605419 -2.245364
v -1.443496 0.517010 -1.979584
v -1.443496 0.554124 -1.937017
v -1.461764 0.540921 -1.913775
v -1.461764 0.498491 -1.959170
v -1.443496 0.467399 -2.002369
v -1.443496 0.443300 -2.051777
v -1.461764 0.444694 -1.986288
v -1.467471 0.417450 -1.850029
v -1.467471 0.349939 -1.919940
v -1.462070 0.369126 -1.655635
v -1.433389 0.253607 -1.632600
v -1.433389 0.414625 -1.546985
v -1.462070 0.153976 -1.878429
v -1.448404 0.319637 -1.822965
v -1.448404 0.212746 -2.042079
v -1.462070 0.110872 -2.185132
v -1.433389 0.046980 -1.927692
v -1.433389 0.021601 -2.108283
v -1.387372 0.000533 -2.108651
v -1.387372 0.026831 -1.921531
v -1.016462 0.026831 -1.921531
v -1.448404 0.255215 -2.284220
v -1.448404 0.535559 -1.707921
v -1.448404 0.777829 -1.742736
v -1.462070 0.674138 -1.601853
v -1.016462 0.780972 -1.520548
v -1.016462 0.593854 -1.494249
v -1.387372 0.593854 -1.494249
v -1.387372 0.780972 -1.520548
v -1.433389 0.774812 -1.540698
v -1.433389 0.594221 -1.515317
v -1.433389 0.126924 -1.763783
v -1.387372 0.109664 -1.751697
v -1.387372 0.240925 -1.615772
v -1.387372 0.407765 -1.527062
v -1.016462 0.109664 -1.751699
v -1.016462 0.240925 -1.615772
v -1.016462 0.407765 -1.527062
v -1.016462 0.000533 -2.108651
v -1.387372 0.122055 -2.461578
v -1.387372 0.257980 -2.592839
v -1.016462 0.257980 -2.592839
v -1.016462 0.122055 -2.461578
v -1.016462 0.033345 -2.294739
v -1.462070 0.256276 -2.458597
v -1.433389 0.138884 -2.448898
v -1.433389 0.053268 -2.287878
v -1.387372 0.033345 -2.294739
v -1.448404 0.430804 -2.453810
v -1.443435 0.610526 -2.449464
v -1.443435 0.815876 -2.378756
v -1.448404 0.887105 -2.373288
v -1.448404 0.674844 -2.487258
v -1.443435 0.718799 -2.430371
v -1.462070 0.534648 -2.594368
v -1.433389 0.270065 -2.575579
v -1.433389 0.433975 -2.655523
v -1.387372 0.427815 -2.675673
v -1.387372 0.614934 -2.701972
v -1.433389 0.614567 -2.680904
v -1.462070 0.839662 -2.540586
v -1.462070 1.054810 -2.317794
v -1.448404 0.996501 -2.153358
v -1.462070 1.097914 -2.011090
v -1.448404 0.953184 -1.911682
v -1.443434 0.805952 -1.810256
v -1.443435 0.885038 -1.886629
v -1.443435 0.936655 -1.983704
v -1.443435 0.955745 -2.091978
v -1.443435 0.940444 -2.200851
v -1.443435 0.892249 -2.299669
v -1.462070 0.952511 -1.737624
v -1.433389 0.938721 -1.620642
v -1.387372 0.950807 -1.603382
v -1.016462 0.950807 -1.603382
v -1.433389 1.155520 -1.908342
v -1.433389 1.069904 -1.747324
v -1.387372 1.086731 -1.734643
v -1.016462 1.086731 -1.734643
v -1.016462 1.175442 -1.901484
v -1.016462 1.208254 -2.087570
v -1.016462 1.181957 -2.274690
v -1.016462 1.099122 -2.444524
v -1.433389 0.955181 -2.563621
v -1.433389 1.081862 -2.432438
v -1.433389 1.161807 -2.268529
v -1.387372 1.181957 -2.274690
v -1.387372 1.208254 -2.087570
v -1.387372 1.175442 -1.901482
v -1.387372 1.099122 -2.444524
v -1.016462 0.967861 -2.580448
v -1.387372 0.967861 -2.580448
v -1.433389 0.794161 -2.649236
v -1.387372 0.801021 -2.669160
v -1.016462 0.801021 -2.669160
v -1.016462 0.427815 -2.675673
v -1.016462 0.614934 -2.701972
v -1.443496 0.707486 -2.230282
v -1.443496 0.658949 -2.256091
v -1.461764 0.667865 -2.282446
v -1.461764 0.608403 -2.272765
v -1.458459 0.721721 -2.253811
v -1.467471 0.791336 -2.346193
v -1.467471 0.705525 -2.391818
v -1.467471 0.609814 -2.408695
v -1.461764 0.547394 -2.284549
v -1.443496 0.550375 -2.257986
v -1.463270 0.808497 -2.368965
v -1.463270 0.714808 -2.418779
v -1.463270 0.928720 -2.197268
v -1.463270 0.882205 -2.292636
v -1.463270 0.925062 -1.987696
v -1.467471 0.914979 -2.092689
v -1.463270 0.943488 -2.092192
v -1.467471 0.901451 -2.188931
v -1.467471 0.858848 -2.276281
v -1.461764 0.764093 -2.209934
v -1.443496 0.739751 -2.198890
v -1.261053 2.440652 1.146864
v 0.908300 0.409466 -2.101513
v 0.908300 0.439526 -2.155895
v 0.902593 0.310685 -2.199243
v 0.926569 0.464665 -2.144590
v 0.926569 0.435650 -2.096140
v 0.926569 0.744756 -2.142639
v 0.926569 0.605419 -2.245364
v 0.926569 0.690117 -1.978377
v 0.926569 0.517010 -1.979584
v 0.926569 0.443300 -2.051777
v 0.911605 0.417955 -2.041111
v 0.902593 0.293809 -2.103533
v 0.906794 0.283726 -2.208525
v 0.926569 0.707486 -2.230283
v 0.908300 0.444694 -1.986288
v 0.902593 0.349939 -1.919940
v 0.902593 0.417450 -1.850029
v 0.902593 0.307335 -2.007290
v 0.906794 0.280067 -1.998954
v 0.906796 0.326582 -1.903585
v 0.906794 0.265300 -2.104031
v 0.906796 0.493978 -1.777443
v 0.926631 0.489987 -1.765849
v 0.926631 0.598260 -1.746758
v 0.906796 0.400291 -1.827258
v 0.926631 0.392912 -1.817465
v 0.926631 0.316538 -1.896553
v 0.926631 0.268342 -1.995370
v 0.926631 0.253041 -2.104243
v 0.926631 0.272132 -2.212518
v 0.906794 0.333539 -2.302213
v 0.926631 0.323748 -2.309592
v 0.906794 0.409867 -2.375923
v 0.926631 0.402835 -2.385965
v 0.906794 0.505237 -2.422437
v 0.926631 0.501652 -2.434163
v 0.906794 0.610312 -2.437205
v 0.926631 0.610526 -2.449464
v 0.906794 0.714808 -2.418779
v 0.902593 0.609814 -2.408695
v 0.902593 0.705525 -2.391819
v 0.902593 0.513573 -2.395170
v 0.902593 0.426222 -2.352566
v 0.902593 0.356312 -2.285054
v 0.908300 0.448694 -2.215439
v 0.908300 0.667865 -2.282446
v 0.911605 0.492571 -2.257810
v 0.926569 0.510547 -2.237000
v 0.926569 0.471004 -2.198815
v 0.926569 0.550375 -2.257986
v 0.908300 0.547394 -2.284549
v 0.908300 0.608403 -2.272765
v 0.926569 0.658949 -2.256091
v 0.908300 0.771739 -2.148268
v 0.926569 0.771499 -2.095045
v 0.908300 0.764093 -2.209934
v 0.926569 0.739751 -2.198890
v 0.911605 0.721721 -2.253811
v 0.902593 0.791336 -2.346193
v 0.906794 0.808497 -2.368965
v 0.906794 0.882205 -2.292636
v 0.902593 0.858848 -2.276281
v 0.902593 0.901451 -2.188931
v 0.908300 0.799321 -2.094708
v 0.926569 0.761955 -2.040907
v 0.902593 0.914979 -2.092689
v 0.902593 0.898102 -1.996979
v 0.911605 0.788729 -2.034639
v 0.926569 0.742068 -2.000521
v 0.908300 0.760092 -1.980783
v 0.908300 0.703809 -1.954456
v 0.902593 0.782564 -1.843657
v 0.908300 0.661394 -1.911672
v 0.902593 0.695213 -1.801052
v 0.902593 0.852474 -1.911168
v 0.906794 0.928720 -2.197268
v 0.906794 0.943488 -2.092193
v 0.906794 0.925062 -1.987696
v 0.906794 0.875247 -1.894008
v 0.906794 0.798919 -1.820300
v 0.926631 0.936655 -1.983704
v 0.926631 0.955745 -2.091979
v 0.926631 0.885038 -1.886629
v 0.926631 0.805952 -1.810256
v 0.906796 0.703549 -1.773785
v 0.926631 0.707135 -1.762059
v 0.906796 0.598474 -1.759017
v 0.902593 0.598972 -1.787526
v 0.902593 0.503262 -1.804403
v 0.911605 0.600992 -1.903183
v 0.908300 0.540921 -1.913775
v 0.908300 0.498491 -1.959170
v 0.926569 0.467399 -2.002369
v 0.926569 0.554124 -1.937017
v 0.926569 0.598678 -1.930586
v 0.926569 0.653116 -1.938236
v 0.907994 0.839662 -2.540586
v 0.936676 0.794161 -2.649237
v 0.936676 0.614567 -2.680904
v 0.907994 0.534648 -2.594368
v 0.936676 0.433975 -2.655524
v 0.936676 0.270065 -2.575580
v 0.907994 0.256276 -2.458597
v 0.936676 0.138884 -2.448898
v 0.936676 0.053268 -2.287878
v 0.907994 0.110872 -2.185132
v 0.936676 0.021601 -2.108284
v 0.936676 0.046980 -1.927692
v 0.921660 0.674844 -2.487258
v 0.921660 0.430804 -2.453811
v 0.921660 0.255215 -2.284221
v 0.921660 0.212746 -2.042080
v 0.907995 0.153976 -1.878429
v 0.921660 0.319637 -1.822965
v 0.907996 0.369126 -1.655635
v 0.921660 0.535559 -1.707921
v 0.907996 0.674138 -1.601853
v 0.921660 0.777829 -1.742736
v 0.936676 0.126924 -1.763784
v 0.936676 0.253607 -1.632600
v 0.936676 0.414625 -1.546985
v 0.936676 0.594221 -1.515317
v 0.936676 0.774812 -1.540698
v 0.926631 0.815876 -2.378757
v 0.921660 0.887105 -2.373288
v 0.926631 0.718799 -2.430372
v 0.936676 0.938721 -1.620642
v 0.907996 0.952511 -1.737625
v 0.921660 0.953184 -1.911682
v 0.907994 1.097914 -2.011090
v 0.921660 0.996501 -2.153358
v 0.907994 1.054810 -2.317794
v 0.936676 1.069904 -1.747324
v 0.936676 1.155520 -1.908342
v 0.936676 1.187187 -2.087938
v 0.936676 1.161807 -2.268529
v 0.936676 1.081862 -2.432438
v 0.936676 0.955181 -2.563621
v 1.409726 0.744756 -2.142639
v 1.409726 0.761955 -2.040907
v 1.409726 0.690117 -1.978377
v 1.409726 0.605419 -2.245364
v 1.409726 0.517010 -1.979584
v 1.427994 0.540921 -1.913775
v 1.427994 0.498491 -1.959170
v 1.409726 0.467399 -2.002369
v 1.409726 0.443300 -2.051777
v 1.409726 0.464665 -2.144590
v 1.427994 0.444694 -1.986288
v 1.433701 0.417450 -1.850029
v 1.433701 0.503262 -1.804403
v 1.424690 0.600992 -1.903183
v 1.433701 0.598972 -1.787526
v 1.427994 0.661394 -1.911672
v 1.409726 0.471004 -2.198815
v 1.427994 0.439526 -2.155895
v 1.427994 0.409466 -2.101513
v 1.409726 0.435650 -2.096140
v 1.424690 0.417955 -2.041111
v 1.433701 0.307335 -2.007290
v 1.433701 0.349939 -1.919940
v 1.433701 0.293809 -2.103533
v 1.433701 0.310685 -2.199243
v 1.427994 0.448694 -2.215439
v 1.409726 0.510547 -2.237000
v 1.427994 0.547394 -2.284549
v 1.427994 0.608403 -2.272765
v 1.409726 0.550375 -2.257986
v 1.424690 0.492571 -2.257810
v 1.433701 0.356312 -2.285054
v 1.429500 0.333539 -2.302213
v 1.429500 0.283726 -2.208525
v 1.427994 0.667865 -2.282446
v 1.409726 0.658949 -2.256091
v 1.433701 0.609814 -2.408695
v 1.433701 0.513573 -2.395170
v 1.433701 0.426222 -2.352566
v 1.429500 0.409867 -2.375923
v 1.409665 0.323748 -2.309592
v 1.429500 0.714808 -2.418779
v 1.433701 0.705525 -2.391819
v 1.429500 0.610312 -2.437205
v 1.429500 0.505237 -2.422437
v 1.409665 0.718799 -2.430372
v 1.409665 0.815876 -2.378757
v 1.429500 0.808497 -2.368965
v 1.409665 0.610526 -2.449464
v 1.409665 0.501652 -2.434163
v 1.409665 0.402835 -2.385965
v 1.433701 0.914979 -2.092689
v 1.429500 0.943488 -2.092193
v 1.429500 0.925062 -1.987696
v 1.433701 0.901451 -2.188931
v 1.429500 0.928720 -2.197268
v 1.433701 0.858848 -2.276281
v 1.429500 0.882205 -2.292636
v 1.433701 0.791336 -2.346193
v 1.427994 0.764093 -2.209934
v 1.409665 0.936655 -1.983704
v 1.409665 0.885038 -1.886629
v 1.429500 0.875247 -1.894008
v 1.409665 0.955745 -2.091979
v 1.409665 0.940444 -2.200851
v 1.409665 0.892249 -2.299669
v 1.429500 0.598474 -1.759017
v 1.429500 0.493978 -1.777443
v 1.433701 0.695213 -1.801052
v 1.429500 0.703549 -1.773785
v 1.433701 0.782564 -1.843657
v 1.429500 0.798919 -1.820300
v 1.433701 0.852474 -1.911168
v 1.433701 0.898102 -1.996979
v 1.424690 0.788729 -2.034639
v 1.427994 0.760092 -1.980783
v 1.409726 0.742068 -2.000521
v 1.427994 0.703809 -1.954456
v 1.427994 0.799321 -2.094708
v 1.427994 0.771739 -2.148268
v 1.409726 0.771499 -2.095045
v 1.424690 0.721721 -2.253811
v 1.409726 0.739751 -2.198890
v 1.409726 0.707486 -2.230283
v 0.675574 0.600542 -0.082101
v 0.675574 0.600542 -1.164767
v 0.675574 0.422012 -1.224266
v 0.675574 0.422012 -0.080731
v 0.675574 0.600543 0.690102
v 0.675574 0.422012 0.691472
v 0.675574 0.600543 1.685531
v 0.675574 0.422012 1.686901
v 0.650147 0.614768 1.835573
v 0.650147 0.436237 1.836941
v 0.586759 0.637788 1.962497
v 0.586759 0.459990 1.997640
v 0.722465 0.461884 1.997231
v 0.690480 0.530459 2.147260
v 0.554774 0.528564 2.147669
v 0.674831 0.651367 2.334527
v 0.539125 0.649472 2.334936
v 0.785852 0.438118 1.836699
v 0.811280 0.423893 1.686657
v 0.811280 0.423893 0.691229
v 0.811280 0.423892 -0.080975
v 0.811280 0.423892 -1.224510
v 0.675573 0.821601 -3.645087
v 0.811279 0.823481 -3.645662
v 0.811279 0.796748 -2.135430
v 0.675574 0.794853 -2.135021
v 0.811279 0.774662 -1.836913
v 0.675574 0.772772 -1.836588
v 0.811279 0.681373 -1.632257
v 0.675574 0.679492 -1.632013
v 0.811280 0.515137 -1.430398
v 0.675574 0.513274 -1.430237
v 0.690480 0.719973 2.112115
v 0.722465 0.637774 1.962087
v 0.554774 0.719988 2.112525
v 0.674831 0.840881 2.299382
v 0.539125 0.840896 2.299792
v -1.293084 2.445306 1.147817
v 0.785852 0.614768 1.834997
v 0.811280 0.600543 1.684957
v 0.811280 0.600543 0.689528
v 0.811280 0.600542 -0.082676
v 0.811280 0.600542 -1.165342
v 0.811279 0.983460 -3.650480
v 0.675573 0.983460 -3.650235
v 0.675574 0.981004 -2.107427
v 0.811279 0.980988 -2.107836
v 0.675574 0.955808 -1.792875
v 0.811279 0.955798 -1.793367
v 0.675574 0.858023 -1.572515
v 0.811279 0.858023 -1.573089
v 0.675574 0.685939 -1.355404
v 0.811280 0.685958 -1.356061
v -0.709787 0.600542 -1.164767
v -0.709787 0.422012 -1.224266
v -0.709787 0.513274 -1.430236
v -0.709787 0.685939 -1.355404
v -0.709787 0.679492 -1.632013
v -0.709787 0.858023 -1.572515
v -0.709787 0.772772 -1.836588
v -0.709787 0.955808 -1.792874
v -0.709787 0.794853 -2.135021
v -0.709787 0.981004 -2.107427
v -0.709787 0.821601 -3.645087
v -0.709787 0.983460 -3.650237
v -0.709787 0.600542 -0.082101
v -0.709787 0.422012 -0.080731
v -0.709787 0.600543 0.690102
v -0.709787 0.422012 0.691472
v -0.709787 0.600543 1.685531
v -0.709787 0.422012 1.686901
v -0.684360 0.614768 1.835573
v -0.684360 0.436237 1.836941
v -0.620972 0.637788 1.962497
v -0.620972 0.459990 1.997641
v -0.573338 0.840896 2.299792
v -0.573338 0.649472 2.334936
v -0.588987 0.528564 2.147669
v -0.588987 0.719988 2.112525
v -0.756678 0.461884 1.997231
v -0.820065 0.438118 1.836699
v -0.845491 0.423893 1.686658
v -0.845493 0.423893 0.691230
v -0.845493 0.423892 -0.080975
v -0.845493 0.423892 -1.224510
v -0.709044 0.840881 2.299382
v -0.724692 0.719973 2.112116
v -0.756678 0.637774 1.962087
v -0.820065 0.614768 1.834997
v -0.845491 0.600543 1.684957
v -0.845493 0.600543 0.689528
v -0.845493 0.600542 -0.082676
v -0.845493 0.600542 -1.165341
v -0.845492 0.823481 -3.645662
v -0.845493 0.983460 -3.650479
v -1.322071 0.466372 -3.023982
v -1.327202 0.459489 -2.965748
v -1.329978 0.469846 -2.970748
v -1.325878 0.475345 -3.017278
v -1.335881 0.517900 -3.048857
v -1.336913 0.516517 -3.037154
v -1.354822 0.562547 -3.015501
v -1.352046 0.552190 -3.010501
v -1.359952 0.555665 -2.957267
v -1.356146 0.546692 -2.963972
v -1.346143 0.504136 -2.932391
v -1.345112 0.505519 -2.944096
v -0.490260 0.673483 -1.593904
v -0.538651 0.576134 -1.474036
v -0.489422 0.599745 -1.449568
v -0.446332 0.685943 -1.556003
v -0.437954 0.571505 -1.454249
v -0.483020 0.632232 -1.636182
v -0.536413 0.524284 -1.503183
v -0.420056 0.762689 -1.718925
v -0.425607 0.808799 -1.679856
v -0.382916 0.819868 -1.640520
v -0.395162 0.657153 -1.560382
v -0.435716 0.519655 -1.483397
v -0.431850 0.603444 -1.640558
v -0.484946 0.496044 -1.507864
v -0.371811 0.727649 -1.718657
v -0.287790 0.813283 -1.848564
v -0.326504 0.847760 -1.855367
v -0.325010 0.893922 -1.830859
v -0.284799 0.905607 -1.799546
v -0.334670 0.784827 -1.640252
v -0.387922 0.615903 -1.602657
v -0.329120 0.738719 -1.679321
v -0.246084 0.871130 -1.792743
v -0.247579 0.824968 -1.817251
v -0.550679 0.458012 -1.328391
v -0.550679 0.602511 0.072073
v -0.550679 0.636253 -0.011986
v -0.550679 0.517648 -1.319571
v -0.499704 0.653126 -0.054016
v -0.499702 0.547608 -1.313174
v -0.448727 0.636253 -0.011986
v -0.448727 0.517932 -1.315597
v -0.448727 0.602511 0.072073
v -0.499702 0.428334 -1.330813
v -0.499704 0.585640 0.114108
v -0.448727 0.458294 -1.324417
v -0.339990 0.886071 -2.364488
v -0.517626 0.883742 -2.444935
v -0.556225 0.913491 -2.406796
v -0.339507 0.827216 -2.363682
v -0.229105 0.830266 -2.226050
v -0.280352 0.800645 -2.208347
v -0.714815 0.690852 -2.825472
v -0.649942 0.750536 -2.730804
v -0.701213 0.777358 -2.718924
v -0.649633 0.819224 -2.487027
v -0.653523 0.877848 -2.492403
v -0.593626 0.884394 -2.367430
v -0.372364 0.915821 -2.323483
v -0.229573 0.889121 -2.226880
v -0.599292 0.791191 -2.501253
v -0.592432 0.825551 -2.366202
v -0.404256 0.886716 -2.281671
v -0.281290 0.918355 -2.210005
v -0.553833 0.795801 -2.404341
v -0.403772 0.827861 -2.280863
v -0.332538 0.888734 -2.192300
v -0.371398 0.798111 -2.321870
v -0.332070 0.829879 -2.191470
v -0.866762 0.662008 -2.871498
v -0.837392 0.620795 -2.903530
v -0.759292 0.723471 -2.803101
v -0.708779 0.833694 -2.736748
v -0.607074 0.908439 -2.512006
v -0.516430 0.824897 -2.443707
v -0.556731 0.880406 -2.526232
v -0.665076 0.863209 -2.766450
v -0.772439 0.775327 -2.827665
v -0.552841 0.821782 -2.520856
v -0.613806 0.836386 -2.778331
v -0.741108 0.794564 -2.874599
v -0.606240 0.780050 -2.760506
v -0.696630 0.761945 -2.896970
v -0.683483 0.710088 -2.872406
v -0.880497 0.713562 -2.896364
v -0.864861 0.723905 -2.953263
v -0.835490 0.682693 -2.985295
v -0.821756 0.631137 -2.960429
v -0.341220 0.517791 -1.317575
v -0.341220 0.636253 -0.011986
v -0.290244 0.653126 -0.054016
v -0.290244 0.547610 -1.313155
v -0.239268 0.636253 -0.011986
v -0.341220 0.458152 -1.326414
v -0.341221 0.602511 0.072073
v -0.341220 0.523148 -1.496407
v -0.341220 0.572640 -1.461028
v -0.290245 0.597385 -1.443337
v -0.239268 0.517791 -1.317575
v -0.239268 0.602511 0.072073
v -0.290244 0.428333 -1.330833
v -0.290244 0.585640 0.114108
v -0.290245 0.498403 -1.514095
v -0.290245 0.610687 -1.607665
v -0.341220 0.627690 -1.583524
v -0.341220 0.661696 -1.535241
v -0.290245 0.678701 -1.511100
v -0.239268 0.572640 -1.461028
v -0.239268 0.458152 -1.326414
v -0.239268 0.523148 -1.496407
v -0.239268 0.661696 -1.535241
v -0.239268 0.627690 -1.583524
v -0.193831 0.541759 -2.121072
v -0.122195 0.402549 -2.173468
v -0.122195 0.410751 -2.009347
v -0.193831 0.544565 -2.074299
v -0.122195 0.529083 -1.902255
v -0.193831 0.581484 -2.041464
v -0.122195 0.688664 -1.904738
v -0.193831 0.630891 -2.041804
v -0.122195 0.803052 -2.022722
v -0.193831 0.663842 -2.075121
v -0.122195 0.794852 -2.186844
v -0.193831 0.661036 -2.121896
v -0.122195 0.676521 -2.293942
v -0.193831 0.624119 -2.154733
v -0.122195 0.516936 -2.291456
v -0.193831 0.574712 -2.154392
v -1.184325 0.624119 -2.154733
v -1.184325 0.661036 -2.121896
v -1.184325 0.663842 -2.075121
v -1.184325 0.630891 -2.041804
v -1.184325 0.581484 -2.041464
v -1.184325 0.544565 -2.074299
v -1.184325 0.541759 -2.121072
v -1.184325 0.574712 -2.154392
v 0.088425 0.688664 -1.904738
v 0.088425 0.803052 -2.022722
v 0.088425 0.410751 -2.009347
v 0.088425 0.529083 -1.902255
v 0.160059 0.541759 -2.121072
v 0.160059 0.544565 -2.074299
v 0.160059 0.581484 -2.041464
v 0.160059 0.630891 -2.041804
v 0.160059 0.663842 -2.075121
v 0.088425 0.794852 -2.186844
v 0.160059 0.661036 -2.121896
v 0.088425 0.676521 -2.293942
v 0.160059 0.624119 -2.154734
v 0.088425 0.516936 -2.291456
v 0.160059 0.574712 -2.154392
v 0.088425 0.402549 -2.173468
v -1.297862 2.453399 1.202100
v -1.262203 2.448619 1.195230
v 1.150555 0.630891 -2.041804
v 1.150555 0.663842 -2.075121
v 1.150555 0.661036 -2.121896
v 1.150555 0.624119 -2.154734
v 1.150555 0.574712 -2.154392
v 1.150555 0.541759 -2.121072
v 1.150555 0.544565 -2.074299
v 1.150555 0.581484 -2.041464
v -0.017114 1.859809 1.768423
v -0.294003 1.859561 1.756404
v -0.513764 1.859313 1.742439
v -0.735545 1.859066 1.725597
v -0.951624 1.858816 1.712914
v -1.116285 1.853380 1.689017
v -1.247238 1.846369 1.669975
v -1.328101 1.834342 1.654089
v -1.354880 1.860358 1.624543
v -0.406227 0.988137 -3.846966
v -1.411176 0.988137 -3.846966
v -1.424409 1.007922 -3.828888
v -0.405667 1.010998 -3.813462
v -1.408983 1.010998 -3.813462
v -1.265132 2.426280 1.178242
v -1.300494 2.428762 1.180882
v -1.442487 0.988137 -3.619780
v -1.442487 0.840534 -3.619780
v -1.384255 0.776805 -3.619780
v -1.408983 1.010998 -3.619780
v -0.405667 1.010998 -3.619780
v -0.402748 0.844078 -3.619780
v -1.384255 0.776805 -3.788734
v -0.399362 0.776805 -3.788734
v -0.017114 0.776805 -3.788734
v -0.017114 0.844158 -3.619780
v -1.411176 0.840534 -3.846966
v -1.442487 0.840534 -3.815654
v -1.442487 0.988137 -3.815654
v -1.424409 0.820750 -3.828888
v -0.402839 0.844068 -3.846966
v -0.017114 0.844068 -3.846966
v -1.032920 2.108509 -0.213007
v -0.017114 2.088670 -0.213178
v -0.017114 2.088670 -0.207198
v -1.032917 2.108510 -0.207028
v -0.980986 2.415746 -0.232137
v -0.980968 2.415764 -0.238226
v -0.944444 2.432446 -0.238121
v -0.944451 2.432443 -0.232137
v -0.017114 2.451985 -0.238117
v -0.017114 2.451985 -0.232137
v -0.017114 2.451985 -0.207198
v -0.944444 2.432446 -0.207195
v -0.980968 2.415764 -0.207090
v -1.019402 2.129544 -0.232137
v -1.019397 2.129544 -0.238281
v -1.035111 2.162240 -0.238311
v -1.035113 2.162244 -0.232137
v -1.000460 2.382030 -0.238427
v -1.000466 2.382017 -0.232137
v -1.000460 2.382030 -0.206887
v -1.035111 2.162240 -0.207003
v -1.019397 2.129544 -0.207035
v -1.303904 2.419121 1.229913
v -1.271958 2.419611 1.221464
v -0.017114 2.108081 -0.232137
v -0.017114 2.108081 -0.238117
v -0.017114 2.108081 -0.207198
v -1.032920 2.108509 -0.232307
v -1.032917 2.108510 -0.238288
v -0.017114 2.088670 -0.238117
v -0.017114 2.088670 -0.232137
v -0.996024 2.432287 -0.232245
v -0.996009 2.432300 -0.238226
v -1.020880 2.389251 -0.238431
v -1.020884 2.389241 -0.232451
v -1.057179 2.159002 -0.238316
v -1.057182 2.159005 -0.232336
v -0.017114 2.475046 -0.232137
v -0.017114 2.475046 -0.238117
v -0.949313 2.453635 -0.238117
v -0.949320 2.453633 -0.232137
v -1.193354 0.660532 3.834985
v -0.399866 0.660532 3.922838
v -0.416692 0.724261 3.981071
v -1.213545 0.724261 3.893217
v -1.411175 0.871864 3.783401
v -1.411175 0.724261 3.783401
v -1.213545 0.871864 3.893217
v -0.416692 0.871864 3.981071
v -0.328458 0.871864 3.949328
v -0.328458 0.724261 3.949328
v -0.314998 0.660532 3.891095
v -1.442487 0.724261 3.626507
v -1.442487 0.871864 3.626507
v -1.408983 0.894725 3.626507
v -1.384254 0.660532 3.626507
v -1.193354 0.671869 3.736323
v -1.211900 0.894725 3.736323
v -0.017113 0.894725 3.782527
v -0.327363 0.894725 3.792434
v -0.327363 0.894725 3.915823
v -0.017113 0.894725 3.916788
v -0.017113 0.871864 3.950292
v -0.017113 0.660532 3.892060
v -0.314998 0.683208 3.792434
v -0.017113 0.705882 3.816942
v -1.442487 0.724261 3.752090
v -1.424409 0.704477 3.765323
v -1.384254 0.660532 3.725168
v -0.017113 0.724261 3.950292
v -0.399866 0.677539 3.824176
v -0.789222 1.561103 3.813394
v -0.779634 1.556386 3.710911
v -0.781165 1.253884 3.715483
v -0.790752 1.246404 3.839646
v -1.239065 1.547206 3.742214
v -1.229476 1.542487 3.710741
v -1.093053 1.550087 3.710832
v -1.102640 1.554804 3.780559
v -0.981947 1.557570 3.810434
v -1.274770 2.395753 1.202585
v -1.306431 2.395194 1.207274
v -1.233527 1.239379 3.765448
v -1.223939 1.246861 3.719263
v -0.956391 1.252546 3.723315
v -0.970904 1.245067 3.831561
v -1.078641 1.251209 3.714195
v -1.098079 1.243729 3.807958
v -0.791366 1.179057 3.839434
v -0.820623 1.171010 3.752865
v -0.819165 1.043956 3.753018
v -0.789780 1.025766 3.839265
v -1.210824 1.172863 3.771821
v -1.206819 1.165490 3.729924
v -1.096512 1.168637 3.735943
v -1.097434 1.176394 3.809706
v -0.985056 1.169822 3.755149
v -0.970889 1.177726 3.832328
v -1.199961 1.040035 3.731195
v -1.199533 1.021365 3.776374
v -1.088147 1.039941 3.737736
v -1.097948 1.021262 3.806752
v -0.980145 1.041948 3.756120
v -0.970353 1.023513 3.830029
v -0.017113 1.588589 3.881120
v -0.017113 1.611919 3.765930
v -0.782881 1.611051 3.698062
v -0.772470 1.587721 3.810678
v -1.122336 1.604211 3.650998
v -0.979670 1.584685 3.806169
v -1.105790 1.580881 3.774745
v -1.271975 1.594961 3.585966
v -1.265357 1.571632 3.724187
v -1.265761 1.251108 3.623093
v -1.259143 1.237995 3.746250
v -1.256022 0.994955 3.626761
v -1.249405 0.994955 3.746910
v -1.253248 0.892875 3.609653
v -1.246630 0.902387 3.729851
v -1.275337 0.995383 -3.626274
v -1.275337 0.995383 -3.642005
v -0.017114 0.995383 -3.661353
v -0.017114 0.995383 -3.632035
v -1.259606 1.711203 -3.753663
v -1.278486 1.699304 -3.760630
v -1.353165 1.699033 -3.743953
v -1.345705 1.710836 -3.735414
v -1.380302 1.699422 -3.692311
v -1.378345 1.711430 -3.674018
v -1.387566 1.588562 -3.692693
v -1.386609 1.588681 -3.674514
v -1.391942 1.346492 -3.691745
v -1.391448 1.346353 -3.673850
v -1.393461 1.189300 -3.692415
v -1.393264 1.171696 -3.674876
v -1.349032 1.190382 -3.766836
v -1.342002 1.172494 -3.759181
v -1.278713 1.190958 -3.772204
v -1.259793 1.172522 -3.765499
v -1.278841 1.347414 -3.772331
v -1.259933 1.347427 -3.765679
v -1.278563 1.588910 -3.766817
v -1.259704 1.588968 -3.760593
v -1.335268 1.771220 -3.728130
v -1.333463 1.756093 -3.723870
v -1.364980 1.757240 -3.696985
v -1.369223 1.774348 -3.699265
v -1.375741 1.756580 -3.534196
v -1.380378 1.772720 -3.534341
v -1.377930 1.753854 -2.994648
v -1.382516 1.766653 -2.997797
v -1.379536 1.749796 -2.521958
v -1.384188 1.762314 -2.521954
v -1.380980 1.745892 -2.003720
v -1.385642 1.757415 -2.003708
v -1.382654 1.736204 -1.321884
v -1.387339 1.749523 -1.321879
v -1.383547 1.730971 -0.247106
v -1.387819 1.747528 -0.246176
v -1.398679 1.702059 -0.247105
v -1.398369 1.708041 -1.322643
v -1.396972 1.717733 -2.003711
v -1.395628 1.719529 -2.521863
v -1.393774 1.725496 -2.988368
v -1.391959 1.729283 -3.534585
v -1.265865 1.620494 3.574502
v -1.130345 1.629448 3.638910
v -0.968830 1.636070 3.685525
v -0.031662 1.636910 3.752879
v -1.261866 0.951739 3.716682
v -1.247316 0.951441 3.590578
v -1.250064 1.129132 3.604483
v -1.264614 1.129430 3.730587
v -1.259710 1.350835 3.606294
v -1.274259 1.351133 3.732399
v -1.379036 0.744732 0.029614
v -1.377020 0.760544 -0.019182
v -1.445590 0.749807 -0.053372
v -1.431709 0.743670 -0.019915
v -1.379036 0.744732 0.131760
v -1.431709 0.743670 0.082232
v -1.374876 0.745902 0.764063
v -1.427549 0.744840 0.793525
v -1.374876 0.745903 1.571861
v -1.429022 0.745907 1.554460
v -1.316032 2.361504 1.272902
v -1.284271 2.362904 1.263895
v -1.418556 1.779730 0.046418
v -1.384652 1.777650 0.055258
v -1.327803 2.104661 0.053065
v -1.368899 2.108034 0.047371
v -1.288266 2.303728 0.050772
v -1.328036 2.310333 0.047649
v -1.264820 2.420064 0.048856
v -1.291579 2.458802 0.047876
v -1.249203 2.498082 0.047080
v -1.285000 2.484926 0.047917
v -1.479698 1.079502 -0.052794
v -1.376186 1.077316 -0.022490
v -1.371632 1.342562 -0.022964
v -1.478338 1.342725 -0.052331
v -1.348090 1.537995 -0.020163
v -1.458146 1.591380 -0.051896
v -1.387336 1.780327 -0.028213
v -1.430253 1.748240 -0.051619
v -1.294610 2.456148 1.200697
v -1.263910 2.448505 1.180956
v -1.269287 2.413231 1.215977
v -1.299401 2.424180 1.228221
v -1.280525 2.348924 1.257380
v -1.312440 2.367280 1.270219
v -1.301562 2.245781 1.313447
v -1.331139 2.260322 1.330007
v -1.332125 2.069806 1.421520
v -1.360956 2.080596 1.434221
v -1.372412 1.761308 1.596744
v -1.406715 1.780810 1.600384
v -1.387504 1.735192 1.597712
v -1.411235 1.748365 1.631376
v -1.389364 1.685491 1.654055
v -1.447191 1.686773 1.709874
v -1.381025 1.389592 1.658518
v -1.467961 1.342623 1.727314
v -1.449458 1.079058 1.730978
v -1.374730 1.105434 1.647487
v -1.370259 0.899665 1.616147
v -1.446795 0.853119 1.692408
v -1.159456 1.045401 -2.752936
v -1.392878 0.866370 -2.792742
v -1.378975 0.762532 -2.901569
v -1.404511 1.036459 -2.869040
v -1.322067 0.823175 -3.539328
v -1.347409 1.045081 -3.631426
v -1.366686 0.662879 -2.803504
v -1.352243 0.621561 -2.910852
v -1.336241 0.628698 -3.113927
v -1.348704 0.649963 -3.482805
v -1.322074 0.717974 -3.682347
v -1.344509 0.688075 -3.663673
v -1.371012 0.628698 -3.113625
v -1.345879 0.615625 -2.804349
v -1.322061 0.878947 -3.740806
v -1.339133 1.040249 -3.725438
v -1.312913 0.995373 -3.708825
v -1.312913 0.995373 -3.623193
v -1.357625 0.591762 -1.377634
v -1.334150 0.596367 -1.377545
v -1.334605 0.596258 -1.276444
v -1.358079 0.591651 -1.285610
v -1.370360 0.599762 -1.272389
v -1.407861 0.601358 -1.293658
v -1.409423 0.604756 -1.378833
v -1.359373 0.615208 -0.222243
v -1.373476 0.656969 -0.222045
v -1.381359 0.657091 -0.247300
v -1.364258 0.606629 -0.247299
v -1.383337 0.656064 -1.168242
v -1.366469 0.599388 -1.167284
v -1.387802 0.657580 -1.273061
v -1.426580 0.639741 -1.295254
v -1.425673 0.641459 -1.378216
v -1.436414 1.074012 -1.163414
v -1.436136 1.139181 -1.333488
v -1.436929 1.010091 -1.304244
v -1.425854 0.855093 -1.167096
v -1.425854 0.855093 -0.247308
v -1.425612 0.854747 -1.280126
v -1.462193 0.853752 -1.310667
v -1.476190 1.010154 -1.336561
v -1.478371 1.141837 -1.366890
v -1.480242 1.308531 -1.441207
v -1.457485 0.849851 -1.402468
v -1.468763 1.014252 -1.433786
v -1.473965 1.154373 -1.486137
v -1.482589 1.220175 -1.542582
v -1.480734 1.355244 -1.492227
v -1.485430 1.263661 -1.619661
v -1.433776 1.389790 -1.461860
v -1.437265 1.325060 -1.407141
v -1.435202 1.341856 -1.155377
v -1.436414 1.074012 -0.247298
v -1.437788 0.858246 -0.223706
v -1.419719 1.568413 -2.522049
v -1.430384 1.434960 -2.528305
v -1.430761 1.440844 -2.172914
v -1.420129 1.575438 -2.003749
v -1.431456 1.442773 -1.834846
v -1.432379 1.410232 -1.546921
v -1.419552 1.583379 -1.330199
v -1.436167 1.342071 -0.247277
v -1.455165 1.080348 -0.224259
v -1.454872 1.342325 -0.223036
v -1.419296 1.584463 -0.247207
v -1.436330 1.588457 -0.222181
v -1.406365 1.734094 -0.235720
v -1.418186 1.731842 -0.221994
v -1.339382 1.811555 -0.258993
v -1.399489 1.804567 -0.225209
v -1.339121 1.811668 -1.321827
v -1.340542 1.812285 -2.003705
v -1.341709 1.813131 -2.522430
v -1.341857 1.813697 -2.998779
v -1.345478 1.812411 -3.533660
v -1.342101 1.812415 -3.695212
v -1.287074 1.812520 -3.700133
v -1.334150 0.623798 -1.331307
v -1.334150 0.623909 -1.377597
v -1.365262 0.713632 -1.383873
v -1.365262 0.728622 -1.336809
v -1.385333 0.849573 -1.404908
v -1.383055 0.865796 -1.351626
v -1.398924 1.034829 -1.435509
v -1.396972 1.044864 -1.388695
v -1.403702 1.161326 -1.488358
v -1.344567 1.825855 -0.243724
v -1.322875 1.813353 -0.281169
v -1.425951 0.629516 -2.809585
v -1.402170 0.612286 -2.807806
v -1.174237 0.614477 -0.217708
v -1.196141 0.623798 -1.356413
v -0.017114 0.623771 -1.387711
v -0.017114 0.612990 -0.234552
v -1.325920 0.615573 -0.221460
v -1.328108 0.599277 -0.244499
v -1.333784 0.619973 -1.160484
v -1.334605 0.623798 -1.276784
v -1.185347 0.947411 -1.411611
v -0.017114 0.947161 -1.436087
v -1.188339 1.028738 -1.441668
v -0.017114 1.027152 -1.473318
v -1.330491 0.592322 -1.165560
v -1.275337 0.995383 -3.709292
v -0.939866 1.079355 -1.326776
v -1.322875 1.079355 -1.329862
v -1.322875 1.079355 -1.123422
v -0.941307 1.079355 -1.122932
v -1.170515 1.079356 -0.383263
v -0.017114 1.079355 -1.141748
v -1.322875 1.079356 -0.409166
v -0.911594 1.079355 -1.356065
v 1.136289 1.079356 -0.383263
v 0.907079 1.079355 -1.122932
v 0.877366 1.079355 -1.356065
v -0.017114 1.079355 -1.374881
v -0.939866 1.313249 -1.492720
v -0.911594 1.292810 -1.514787
v -0.911594 1.354667 -1.625091
v -0.939866 1.373394 -1.595087
v -0.911594 1.079355 -1.811578
v -0.911594 1.388021 -1.811578
v -0.939866 1.414957 -1.820917
v -0.911594 1.391416 -2.162566
v -0.939866 1.418357 -2.171885
v -0.911594 1.368878 -2.498956
v -0.911594 1.079362 -2.498962
v -0.911594 1.079357 -2.162566
v -0.939866 1.395665 -2.505071
v -1.322875 1.392041 -2.509745
v -1.322875 1.412451 -2.171885
v -1.322875 1.409918 -1.820426
v -1.322875 1.370920 -1.588502
v -1.322875 1.315296 -1.488253
v -1.322875 1.323565 -2.677957
v -0.939866 1.322500 -2.674176
v -0.911594 1.301462 -2.656593
v -0.911594 1.201452 -2.758929
v -0.939825 1.215635 -2.777415
v -1.322875 1.215149 -2.779408
v -1.322875 1.079357 -2.844566
v -0.939866 1.079357 -2.848733
v -0.911594 1.079357 -2.819909
v -1.322875 1.813466 -1.321925
v -1.322875 1.814066 -2.003880
v -1.322875 1.814863 -2.522725
v -1.322875 1.815203 -2.998908
v -1.322876 1.079356 -3.113479
v -1.322876 1.812411 -3.533660
v -1.322876 1.079356 -3.468854
v -1.301155 1.079356 -3.662143
v -1.323430 1.813096 -3.663353
v -0.017113 0.588286 3.211648
v -0.017113 0.588286 3.780457
v -0.947958 0.588286 3.764349
v -1.112333 0.588286 3.736449
v -0.017113 0.590921 2.993182
v -0.836383 0.590921 3.039503
v -0.816304 0.592645 2.667675
v -0.866481 0.589196 3.311527
v -1.255972 0.588382 3.675864
v -1.271951 0.588391 3.326662
v -1.328094 0.588401 3.624482
v -1.370166 0.588528 3.563854
v -1.404144 0.588660 3.481238
v -1.424728 0.589389 3.409040
v -1.428099 0.588400 3.333339
v -1.431310 0.590628 1.984638
v -1.438514 0.592536 1.894883
v -1.395443 0.597064 1.860716
v -1.217579 0.594913 1.865748
v -1.270481 0.594121 2.007161
v -0.866481 0.596095 2.034686
v -0.017114 0.596095 2.139083
v -0.836383 0.594371 2.341388
v -0.017114 0.594370 2.389193
v -0.017114 0.592645 2.671555
v -0.017114 0.594913 1.860348
v -1.217579 0.592322 -0.204070
v -0.017114 0.592322 -0.204070
v -0.017114 0.592796 -0.019816
v -1.217579 0.592796 -0.019815
v -0.017114 0.593104 0.801894
v -1.217579 0.593104 0.757875
v -0.017114 0.593962 1.496880
v -1.404874 0.605823 -0.204070
v -1.405192 0.606296 -0.019815
v -1.405205 0.606604 0.801894
v -1.419444 0.593962 1.469714
v -1.404074 0.607462 1.479896
v -1.217579 0.594715 1.655488
v -1.403703 0.608216 1.668660
v -0.017114 0.594715 1.649047
v -1.335554 2.256537 1.330740
v -1.305973 2.257073 1.320262
v -1.424818 1.172886 -3.538128
v -1.425118 1.345889 -3.535014
v -1.430587 1.342585 -3.105452
v -1.433181 1.169351 -3.096922
v -1.438647 1.167114 -2.861624
v -1.431534 1.329882 -2.798946
v -1.418343 1.584939 -2.857016
v -1.430447 1.383556 -2.761794
v -1.430655 1.414232 -2.691483
v -1.417308 1.584993 -3.099574
v -1.414109 1.587134 -3.535218
v -1.382562 0.718866 -3.671828
v -1.377297 0.687195 -3.663502
v -1.390553 0.879941 -3.723233
v -1.394278 1.040251 -3.707805
v -1.423170 1.040281 -3.537246
v -1.431336 1.037739 -3.100491
v -1.380704 0.681077 -3.487557
v -1.420011 0.850343 -2.909297
v -1.434396 1.035593 -2.886733
v -1.416172 0.862761 -3.109270
v -1.385902 0.656492 -3.113632
v -1.412547 0.876502 -3.518948
v -1.389648 0.650597 -2.913930
v -1.426607 0.634522 -2.886107
v -1.461140 0.848185 -2.881109
v -1.475380 1.032390 -2.855492
v -1.402975 0.615436 -2.889827
v -1.374758 0.627776 -2.914114
v -1.479344 1.222430 -2.654533
v -1.474707 1.306613 -2.773377
v -1.479200 1.160697 -2.827312
v -1.479502 1.138339 -2.717623
v -1.474522 1.021584 -2.761401
v -1.460235 0.841274 -2.799446
v -1.476553 1.356686 -2.723675
v -1.478902 1.378295 -2.650355
v -1.481956 1.373694 -1.562092
v -1.480737 1.402931 -1.838835
v -1.481690 1.301981 -1.846811
v -1.479879 1.398804 -2.172921
v -1.482179 1.312232 -2.167024
v -1.478563 1.393211 -2.509513
v -1.480552 1.290488 -2.492891
v -1.480379 1.266269 -2.588719
v -1.419048 0.631378 -0.019827
v -1.418360 0.634075 -0.204069
v -1.469197 0.855093 -0.204073
v -1.469213 0.854114 -0.053189
v -1.480637 1.079324 -0.204069
v -1.479625 1.342954 -0.204057
v -1.460771 1.591232 -0.204893
v -1.438227 1.736732 -0.205890
v -1.415671 1.808312 -0.204944
v -1.369475 2.097199 -0.188365
v -1.328029 2.299092 -0.178314
v -1.290986 2.443018 -0.177771
v -1.284644 2.436866 -0.206235
v -1.321019 2.296315 -0.206456
v -1.360947 2.095107 -0.214557
v -1.423199 1.779256 -0.051554
v -1.272202 2.481035 1.217665
v -1.266584 2.506027 1.123631
v -1.288181 2.482235 1.106309
v -1.258021 2.543265 0.047836
v -1.278421 2.511050 0.047957
v -1.340797 2.095830 1.458616
v -1.308934 2.271438 1.349099
v -1.289002 2.386608 1.285255
v -1.276580 2.448601 1.245590
v -1.307399 2.243255 1.293627
v -1.274133 1.232666 2.189893
v -1.517361 1.206948 2.094011
v -1.510368 1.044910 2.036856
v -1.274142 1.027764 2.066009
v -1.498047 0.835624 2.008148
v -1.274112 0.835085 2.036067
v -1.455920 0.621624 1.994438
v -0.866481 0.830445 2.049945
v -0.866481 0.951190 2.109842
v -0.843329 0.896701 2.334090
v -0.866481 1.079630 2.255001
v -0.866481 1.133561 2.376744
v -1.274114 1.296778 2.339321
v -0.859908 1.138872 2.712268
v -1.274095 1.301930 2.732899
v -0.866481 1.124456 3.042114
v -0.866481 1.047007 3.259623
v -0.866481 1.097447 3.168383
v -0.843328 0.840253 3.067873
v -0.828308 0.879079 2.689629
v -1.476048 1.079566 3.332825
v -1.307605 1.132906 3.270892
v -1.274055 0.842666 3.343504
v -0.866481 0.835250 3.332141
v -1.459525 0.864170 3.355686
v -1.274074 1.282505 3.064349
v -1.274065 1.239401 3.192302
v -1.479966 1.157494 3.304266
v -1.480875 1.262001 3.252568
v -1.482315 1.304024 3.189890
v -1.486779 1.323845 3.093929
v -1.494985 1.352452 2.742722
v -1.506727 1.331552 2.309838
v -1.513225 1.287579 2.190984
v -1.453817 1.162024 3.460183
v -1.403253 1.121994 3.610342
v -1.404863 1.346657 3.594760
v -1.442115 1.082214 3.479571
v -1.472675 1.086068 3.419777
v -1.442607 0.900247 3.516322
v -1.403425 0.929884 3.613205
v -1.476594 1.165240 3.391061
v -1.405314 1.638548 3.562656
v -1.368604 1.351140 3.679463
v -1.355656 1.127566 3.683353
v -1.351685 0.945368 3.667651
v -1.484936 1.397394 3.139689
v -1.494985 1.414371 2.743412
v -1.481956 1.381999 3.214510
v -1.476272 1.351765 3.270380
v -1.427184 1.405900 3.242647
v -1.426425 1.370411 3.312826
v -1.408756 1.670017 3.339870
v -1.425580 1.326885 3.366971
v -1.477157 1.317393 3.305070
v -1.456154 0.867849 3.440012
v -1.458859 0.845509 1.881759
v -1.414722 0.632016 1.862230
v -1.456427 0.623425 1.899360
v -1.491576 0.841171 1.918898
v -1.417557 0.632847 1.638414
v -1.514900 1.268280 2.020134
v -1.505578 1.059334 1.952832
v -1.468104 1.063332 1.917348
v -1.464759 1.283482 1.986201
v -1.510763 1.360632 2.133924
v -1.506727 1.393462 2.276175
v -1.460622 1.387050 2.106729
v -1.452430 1.421329 2.248523
v -1.441932 1.442621 2.745880
v -1.430351 1.425906 3.158815
v -1.430450 1.687218 2.584778
v -1.420072 1.678166 2.992368
v -1.440372 1.696502 2.070492
v -1.224202 2.531334 1.184494
v -1.111481 2.558708 1.209458
v -1.104999 2.587714 0.047799
v -1.225145 2.523504 1.200076
v -1.262616 2.486022 1.222080
v -0.932697 2.568141 1.227448
v -1.112785 2.525396 1.249728
v -1.187093 2.509266 1.248374
v -1.255637 2.472351 1.240120
v -1.239017 2.444567 1.263699
v -1.256542 2.410943 1.283983
v -1.286756 2.282310 1.364412
v -1.219103 2.471480 1.251494
v -1.319199 2.105949 1.472895
v -0.253537 0.922882 3.955416
v 0.252768 0.904277 3.955416
v 0.232730 0.662007 3.955416
v -0.273576 0.680612 3.955416
v -0.273576 0.904277 3.955416
v -0.273576 0.904277 3.960140
v -0.253537 0.922882 3.960140
v 0.232730 0.922882 3.960140
v 0.252768 0.904277 3.960140
v 0.232730 0.922882 3.955416
v 0.252768 0.680612 3.955416
v 0.252768 0.680612 3.960140
v 0.232730 0.662007 3.960140
v -0.253537 0.662007 3.960140
v -0.273576 0.680612 3.960140
v -0.253537 0.662007 3.955416
v -0.016213 0.865201 -3.751782
v -0.016213 0.889802 -3.741592
v -0.040814 0.889802 -3.751782
v -0.033609 0.865201 -3.758986
v -0.051004 0.889802 -3.776381
v -0.040814 0.865201 -3.776381
v 0.008386 0.865201 -3.776381
v 0.018576 0.889802 -3.776381
v 0.008386 0.889802 -3.751782
v 0.001181 0.865201 -3.758986
v -0.016213 0.914401 -3.751782
v -0.033609 0.914401 -3.758986
v -0.040814 0.914401 -3.776381
v -0.033609 0.914401 -3.793776
v -0.040814 0.889802 -3.800981
v -0.033609 0.865201 -3.793776
v -1.336821 2.241152 1.297547
v 0.008386 0.889802 -3.800981
v 0.001181 0.865201 -3.793776
v -0.016214 0.865201 -3.800981
v -0.016214 0.889802 -3.811171
v -0.016214 0.914401 -3.800981
v 0.001181 0.914401 -3.793776
v 0.008386 0.914401 -3.776381
v 0.001181 0.914401 -3.758986
v -0.000546 0.752842 -3.771898
v -0.015625 0.752842 -3.760959
v -0.030688 0.752842 -3.771919
v -0.006292 0.752842 -3.789618
v -0.024920 0.752842 -3.789631
v 0.232729 1.128658 -3.693305
v 0.252767 1.110052 -3.693305
v 0.252767 1.110052 -3.698030
v 0.232729 1.128658 -3.698030
v -0.253538 1.128658 -3.698030
v -0.273576 1.110052 -3.698030
v -0.273576 1.110052 -3.693305
v -0.253538 1.128658 -3.693305
v -0.253538 0.867782 -3.693305
v -0.273576 0.886387 -3.693305
v -0.273576 0.886387 -3.698030
v -0.253538 0.867782 -3.698030
v 0.232729 0.867782 -3.698030
v 0.252767 0.886387 -3.698030
v 0.252767 0.886387 -3.693305
v 0.232729 0.867782 -3.693305
v 1.350027 0.776805 -3.619780
v 1.408261 0.840532 -3.619780
v 1.408261 0.988136 -3.619780
v 1.374756 1.010996 -3.619780
v 0.371440 1.010996 -3.619780
v 0.368522 0.844077 -3.619780
v 0.365135 0.776805 -3.788734
v 1.350027 0.776805 -3.788734
v 1.376948 0.988136 -3.846966
v 1.408261 0.988136 -3.815655
v 1.408261 0.840532 -3.815655
v 1.376948 0.840532 -3.846966
v 0.368612 0.844068 -3.846966
v 1.390182 0.820748 -3.828888
v 0.371999 0.988136 -3.846966
v 1.390182 1.007920 -3.828888
v 1.374756 1.010996 -3.813462
v 0.371440 1.010996 -3.813462
v 0.998694 2.108509 -0.213008
v 0.998691 2.108509 -0.207028
v 0.961798 2.432287 -0.213069
v 0.961783 2.432300 -0.207090
v 0.986653 2.389251 -0.206884
v 0.986658 2.389240 -0.212865
v 1.022953 2.159001 -0.206999
v 1.022954 2.159004 -0.212979
v -0.017114 2.475046 -0.213179
v -0.017114 2.475046 -0.207198
v 0.915087 2.453635 -0.207198
v 0.915092 2.453632 -0.213179
v -0.017114 2.536062 1.300555
v -0.017114 2.504308 1.299278
v 0.212411 2.504308 1.292459
v -0.246638 2.504308 1.292461
v -0.246030 2.535964 1.294887
v -0.474947 2.535868 1.282732
v -0.476162 2.504308 1.279155
v -0.703659 2.535772 1.269308
v -0.705481 2.504308 1.264580
v -0.932780 2.535673 1.256544
v -0.935210 2.504307 1.252214
v -1.170109 2.496855 1.244849
v 1.135883 2.496855 1.244849
v 1.152865 2.509266 1.248374
v 1.078559 2.525394 1.249728
v 0.900984 2.504307 1.252214
v 0.898555 2.535673 1.256544
v 0.671255 2.504307 1.264578
v 0.669433 2.535770 1.269308
v 0.441935 2.504308 1.279155
v 0.440721 2.535868 1.282732
v 0.211804 2.535964 1.294886
v -1.353682 2.137836 1.397783
v -1.324281 2.137911 1.382786
v 0.998694 2.108509 -0.232308
v 0.998691 2.108509 -0.238288
v 0.985171 2.129543 -0.238281
v 0.915087 2.453635 -0.238117
v 0.910217 2.432446 -0.238121
v 0.986658 2.389240 -0.232451
v 1.207708 2.374180 -0.232137
v 1.267848 2.084476 -0.235694
v 1.310341 1.825854 -0.243724
v 1.022954 2.159004 -0.232336
v -0.017114 1.821445 -0.243724
v -1.302076 2.084476 -0.235694
v -1.241936 2.374181 -0.232137
v -1.231753 2.423514 -0.232137
v -1.213514 2.462260 -0.232137
v -1.187670 2.484267 -0.232137
v -1.143638 2.501019 -0.232137
v -1.058682 2.512768 -0.232137
v -0.940306 2.523818 -0.232137
v -0.017114 2.524452 -0.232137
v 0.906078 2.523818 -0.232137
v 1.024455 2.512768 -0.232137
v 1.109411 2.501019 -0.232137
v 0.915092 2.453632 -0.232137
v 1.153443 2.484267 -0.232137
v 1.179288 2.462260 -0.232137
v 1.197527 2.423514 -0.232137
v 0.961798 2.432287 -0.232245
v -0.017114 1.813353 -0.282378
v 1.288648 1.813353 -0.281170
v 1.159128 0.660532 3.834985
v 1.179318 0.724261 3.893217
v 0.382466 0.724261 3.981071
v 0.365641 0.660532 3.922838
v 0.294233 0.724261 3.949328
v 0.280772 0.660532 3.891095
v 0.294233 0.871864 3.949328
v 0.382466 0.871864 3.981071
v 1.179318 0.871864 3.893217
v 1.376948 0.871864 3.783401
v 1.376948 0.724261 3.783401
v 1.374757 0.894725 3.626507
v 1.408261 0.871864 3.626507
v 1.408261 0.724261 3.626507
v 1.350027 0.660532 3.626507
v 1.159128 0.671869 3.736323
v 1.177675 0.894725 3.736322
v 0.293136 0.894725 3.792434
v 0.293137 0.894725 3.915823
v 0.381096 0.894725 3.947567
v 0.381096 0.894725 3.824176
v 1.177675 0.894725 3.859713
v 1.374757 0.894725 3.749897
v 1.390183 0.891649 3.765322
v 1.408261 0.871864 3.752089
v 0.280772 0.683206 3.792434
v 1.408261 0.724261 3.752089
v 1.390183 0.704477 3.765322
v 1.350027 0.660532 3.725168
v -1.325004 2.125440 1.357358
v -1.354316 2.125293 1.363744
v 0.754995 1.561103 3.813393
v 0.756527 1.246404 3.839646
v 0.746939 1.253884 3.715483
v 0.745408 1.556384 3.710911
v 0.947721 1.557570 3.810433
v 1.068414 1.554804 3.780557
v 1.058827 1.550087 3.710831
v 1.204838 1.547204 3.742214
v 1.195251 1.542487 3.710741
v 1.199300 1.239379 3.765447
v 1.189713 1.246859 3.719263
v 1.063852 1.243729 3.807957
v 1.044414 1.251209 3.714194
v 0.936678 1.245067 3.831561
v 0.922165 1.252546 3.723315
v 0.757141 1.179057 3.839433
v 0.755555 1.025766 3.839264
v 0.784939 1.043956 3.753018
v 0.786396 1.171010 3.752865
v 1.165735 1.040035 3.731194
v 1.165308 1.021365 3.776373
v 1.176598 1.172862 3.771821
v 1.172592 1.165488 3.729924
v 0.936126 1.023513 3.830029
v 0.945919 1.041948 3.756119
v 1.063723 1.021260 3.806751
v 1.053922 1.039941 3.737735
v 1.071563 1.580881 3.774745
v 1.231130 1.571632 3.724187
v 1.237749 1.594961 3.585966
v 1.088109 1.604211 3.650997
v 0.945444 1.584685 3.806169
v 0.738243 1.587721 3.810677
v 0.748654 1.611051 3.698061
v 1.186863 0.928630 3.755780
v 1.189412 0.995271 3.762133
v 1.063366 0.995141 3.806349
v 1.058573 0.929049 3.807456
v 0.932514 0.997643 3.831528
v 0.927565 0.928742 3.830617
v 0.728236 1.000146 3.842664
v 1.215178 0.994955 3.746910
v 1.212404 0.902387 3.729851
v 1.058362 0.902935 3.791545
v 0.926212 0.902636 3.815192
v 0.727519 0.902335 3.822528
v 0.723129 0.928436 3.840248
v -0.017113 0.898463 3.884603
v 1.063208 1.176394 3.809706
v 0.730451 1.246680 3.836643
v 0.733168 1.561616 3.816068
v 0.936663 1.177726 3.832328
v -0.767394 1.561616 3.816069
v -0.017113 1.561538 3.881824
v -0.017113 0.988026 3.882274
v -0.764676 1.246680 3.836644
v -0.762463 1.000146 3.842664
v -1.223637 0.995271 3.762133
v -1.097591 0.995141 3.806350
v -0.966740 0.997643 3.831528
v -1.221090 0.928630 3.755781
v -1.092799 0.929049 3.807457
v -0.961790 0.928742 3.830618
v -0.757354 0.928436 3.840248
v -0.761745 0.902335 3.822530
v -0.960438 0.902636 3.815192
v -1.092587 0.902935 3.791546
v 1.224917 1.237995 3.746249
v -1.388366 1.908640 1.524948
v -1.357376 1.912814 1.513900
v 0.950829 1.169822 3.755147
v 1.062286 1.168637 3.735942
v -0.017114 0.995383 -3.692135
v 0.548594 0.995383 -3.692135
v 0.548594 0.843332 -3.692135
v -0.017114 0.843332 -3.692135
v -0.582821 0.843332 -3.692135
v -0.582821 0.995383 -3.692135
v 0.544569 1.102176 -3.692139
v 0.549902 1.059669 -3.692137
v -0.017114 1.053452 -3.692137
v -0.017114 1.134647 -3.692138
v 0.499105 1.130408 -3.692139
v -0.578797 1.102177 -3.692138
v -0.584128 1.059670 -3.692137
v -0.533333 1.130408 -3.692138
v 1.241108 0.995382 -3.626275
v 1.241108 0.995382 -3.642005
v -1.275337 1.040243 -3.732016
v -1.263694 1.144091 -3.757094
v 0.499279 1.179646 -3.766700
v -0.017114 1.180184 -3.767554
v -0.017114 1.346864 -3.771295
v -0.533508 1.179646 -3.766700
v -0.578460 1.136963 -3.763430
v -0.583314 1.040243 -3.726886
v -0.583314 0.995383 -3.714719
v -0.017114 1.709469 -3.750160
v 1.225379 1.711202 -3.753663
v 1.225477 1.588968 -3.760595
v -0.017114 1.589268 -3.761580
v 1.225706 1.347427 -3.765679
v 1.225566 1.172521 -3.765499
v 0.544231 1.136962 -3.763430
v 1.229466 1.144090 -3.757095
v 0.549086 1.040242 -3.726887
v 1.241108 1.040242 -3.732015
v 0.549086 0.995383 -3.714719
v 1.241108 0.995382 -3.709292
v 1.278686 0.995372 -3.708826
v -1.357483 1.903936 1.479683
v -1.388433 1.899695 1.486579
v 1.311478 1.710835 -3.735415
v 1.318936 1.699032 -3.743954
v 1.346074 1.699421 -3.692312
v 1.353340 1.588562 -3.692693
v 1.357714 1.346492 -3.691746
v 1.359233 1.189299 -3.692415
v 1.314804 1.190382 -3.766837
v 1.244487 1.190956 -3.772204
v 1.244613 1.347414 -3.772332
v 1.244335 1.588910 -3.766817
v 1.244260 1.699304 -3.760631
v 1.240033 1.351133 3.732399
v 1.231638 1.620494 3.574501
v 1.225483 1.350835 3.606294
v 1.230389 1.129430 3.730587
v 1.215839 1.129132 3.604483
v 1.227640 0.951739 3.716681
v 1.213091 0.951440 3.590577
v 1.221746 0.588382 3.675864
v 1.078108 0.588286 3.736449
v 1.071681 0.952268 3.781743
v 0.913733 0.588286 3.764349
v 0.923616 0.951688 3.821408
v -0.017113 0.947938 3.858102
v 1.239888 1.296776 2.339321
v 1.239868 1.301930 2.732897
v 1.239847 1.282505 3.064348
v 1.239838 1.239401 3.192302
v 1.273379 1.132905 3.270892
v 0.825682 1.138872 2.712268
v 0.832254 1.133561 2.376744
v 0.832254 1.124456 3.042114
v 0.832254 1.097447 3.168382
v 0.832254 1.047007 3.259623
v 1.239830 0.842666 3.343503
v 0.832254 0.835248 3.332141
v 0.809103 0.840252 3.067873
v 1.237724 0.588391 3.326662
v 0.832254 0.589196 3.311527
v 0.802158 0.590921 3.039502
v 0.782077 0.592645 2.667675
v 0.794082 0.879079 2.689629
v 0.809103 0.896701 2.334089
v 0.832254 1.079630 2.255000
v 0.802158 0.594370 2.341388
v 1.260384 2.456148 1.200697
v 1.253954 2.482235 1.106308
v 1.232357 2.506027 1.123631
v 1.223794 2.543265 0.047836
v 1.237975 2.481035 1.217665
v 1.189976 2.531334 1.184494
v 1.228390 2.486020 1.222080
v 1.190919 2.523502 1.200076
v 1.077255 2.558708 1.209457
v 0.440679 2.574046 1.256897
v 0.211783 2.574839 1.271145
v 0.669371 2.573254 1.241379
v 0.898471 2.568141 1.227448
v 1.070771 2.587714 0.047798
v 1.187233 2.566476 0.047819
v 0.903618 2.601239 0.047798
v -0.017114 2.575632 1.278907
v 1.068784 2.587631 -0.174855
v 0.907258 2.598776 -0.168029
v 1.189298 2.570539 -0.179350
v 1.226838 2.538800 -0.181253
v 1.220926 2.525686 -0.200134
v 1.186497 2.549650 -0.198050
v 1.068386 2.573899 -0.189934
v 0.907065 2.584836 -0.186055
v -0.017114 2.606352 -0.145912
v -0.017114 2.609432 0.101567
v -0.941484 2.598776 -0.168029
v -0.937844 2.601241 0.047798
v -1.103012 2.587631 -0.174855
v -0.941291 2.584836 -0.186055
v -0.017114 2.597026 -0.173847
v -0.703596 2.573254 1.241379
v -0.474906 2.574046 1.256897
v -0.246010 2.574839 1.271145
v -1.378007 1.762351 1.598978
v 1.340649 0.745903 1.571860
v 1.394796 0.745905 1.554460
v 1.393321 0.744839 0.793525
v 1.340649 0.745902 0.764062
v 1.397483 0.743669 0.082231
v 1.344810 0.744732 0.131760
v 1.397483 0.743669 -0.019915
v 1.344810 0.744732 0.029614
v 1.411364 0.749807 -0.053372
v 1.342794 0.760544 -0.019182
v 1.434986 0.854113 -0.053190
v 1.445472 1.079502 -0.052794
v 1.341960 1.077315 -0.022491
v 1.342147 0.852441 -0.023736
v 1.265175 2.424180 1.228219
v 1.235062 2.413231 1.215977
v 1.229684 2.448504 1.180954
v 1.336034 0.899665 1.616147
v 1.340503 1.105434 1.647487
v 1.346799 1.389592 1.658518
v 1.355139 1.685491 1.654053
v 1.353276 1.735191 1.597711
v 1.372488 1.780810 1.600383
v 1.338185 1.761308 1.596744
v 1.384821 0.631376 -0.019827
v 1.384848 0.631609 0.801861
v 1.383709 0.632283 1.479049
v 1.242354 2.448601 1.245590
v 1.221410 2.472351 1.240119
v 1.184876 2.471480 1.251494
v 1.204791 2.444567 1.263698
v 1.222314 2.410943 1.283981
v 1.254776 2.386608 1.285255
v 1.252530 2.282310 1.364412
v 1.274708 2.271438 1.349099
v 1.306570 2.095830 1.458616
v 1.284972 2.105949 1.472893
v 1.320653 1.860358 1.624543
v 1.384328 1.779730 0.046417
v 1.388973 1.779256 -0.051555
v 1.396026 1.748240 -0.051621
v 1.423920 1.591380 -0.051896
v 1.445399 1.342953 -0.204058
v 1.444112 1.342723 -0.052332
v 1.446410 1.079324 -0.204069
v 1.370648 0.605823 -0.204070
v 1.384134 0.634075 -0.204069
v 1.434970 0.855093 -0.204073
v 1.266929 1.079355 -3.662143
v 1.289202 1.813096 -3.663353
v 1.240785 1.812642 -3.673805
v 0.935488 1.079355 -3.662125
v -0.017114 1.812632 -3.670928
v -0.017114 1.079355 -3.659256
v -0.969714 1.079356 -3.662124
v -1.275013 1.812643 -3.673805
v 1.358651 0.866369 -2.792743
v 1.332459 0.662879 -2.803504
v 1.125229 1.045400 -2.752936
v -1.102613 2.573900 -0.189934
v -1.220725 2.549650 -0.198050
v -1.255154 2.525688 -0.200132
v -1.269594 2.496998 -0.203203
v 1.369474 1.161325 -1.488359
v 1.364697 1.034829 -1.435510
v 1.351105 0.849573 -1.404909
v 1.331035 0.713632 -1.383873
v 1.299924 0.623907 -1.377598
v 1.299924 0.623798 -1.331307
v 1.300378 0.623798 -1.276785
v 1.299557 0.619973 -1.160484
v 1.296263 0.592322 -1.165560
v 1.293882 0.599276 -0.244500
v 1.362744 1.044864 -1.388696
v 1.348829 0.865795 -1.351626
v 1.331035 0.728622 -1.336810
v 1.302013 0.628696 -3.113927
v 1.140009 0.614475 -0.217708
v 1.161914 0.623798 -1.356414
v 1.291693 0.615571 -0.221461
v 1.151119 0.947411 -1.411611
v 1.154112 1.028738 -1.441668
v 1.287840 0.823173 -3.539329
v 1.278686 0.995372 -3.623193
v 1.344748 0.762530 -2.901569
v 1.370283 1.036458 -2.869040
v 1.313181 1.045079 -3.631427
v 1.288647 1.079355 -3.468854
v 0.915425 1.079355 -3.468816
v 0.891561 1.079355 -3.121913
v 1.288647 1.079355 -3.113479
v 0.905640 1.079355 -2.848733
v 1.288647 1.079355 -2.844565
v 0.877366 1.079355 -2.819909
v -1.378138 1.741221 1.639895
v 0.905640 1.079355 -1.326776
v 1.288648 1.079355 -1.123423
v 1.288648 1.079356 -0.409166
v 1.288648 1.079355 -1.329862
v 0.905640 1.313249 -1.492720
v 0.905640 1.373392 -1.595087
v 0.877367 1.354666 -1.625091
v 0.877367 1.292810 -1.514789
v 0.877366 1.079355 -1.811579
v 0.877366 1.388021 -1.811578
v 0.905638 1.414956 -1.820917
v 0.877366 1.391416 -2.162566
v 0.905640 1.418355 -2.171885
v 0.877366 1.368876 -2.498956
v 0.877366 1.079361 -2.498963
v 0.877366 1.079355 -2.162566
v 0.905638 1.395664 -2.505071
v 1.288647 1.392041 -2.509746
v 1.288647 1.412450 -2.171886
v 1.288648 1.409918 -1.820427
v 1.288649 1.370919 -1.588503
v 1.288649 1.315295 -1.488254
v 0.905640 1.322499 -2.674176
v 0.905599 1.215635 -2.777415
v 0.877366 1.201452 -2.758929
v 0.877366 1.301462 -2.656593
v 1.288647 1.323564 -2.677957
v 1.288647 1.215147 -2.779409
v 1.411588 1.607798 0.018261
v 1.433131 1.623181 0.051138
v -0.017114 1.079356 -0.349986
v 1.288648 1.813465 -1.321926
v 1.288647 1.815202 -2.998908
v 1.288647 1.814863 -2.522726
v 1.288647 1.814065 -2.003880
v 1.415743 1.595012 0.253458
v 1.412961 1.595080 0.011876
v 1.409488 1.663406 0.253203
v 1.407089 1.664057 0.011801
v 1.343318 1.762540 1.547866
v 1.183352 0.594913 1.865748
v 1.183352 0.594715 1.655488
v 1.370965 0.606295 -0.019816
v 1.183351 0.592796 -0.019816
v 1.183352 0.593104 0.757875
v 1.183351 0.592322 -0.204070
v -0.017114 1.044779 -2.649251
v 0.906505 1.046628 -2.751302
v 1.140585 1.062956 -2.376550
v -0.017114 1.044778 -1.805788
v 1.140585 1.062956 -1.795325
v 1.161913 1.338316 -2.166518
v 1.161913 1.311924 -2.458101
v 0.915964 1.229103 -2.650404
v 0.915970 1.187155 -1.502202
v 0.915970 1.269012 -1.608034
v 1.161913 1.328630 -1.859482
v 1.288649 1.812409 -3.533660
v 1.256888 2.472978 0.136234
v 1.223823 2.467267 0.137301
v 1.232042 2.426392 0.094313
v -1.196141 1.328630 -1.859482
v -0.950197 1.269012 -1.608034
v -0.950197 1.187155 -1.502202
v -0.950192 1.229104 -2.650404
v -1.196141 1.311924 -2.458101
v -1.196141 1.338316 -2.166518
v -0.940731 1.046628 -2.751302
v 1.256393 2.475271 0.052380
v 1.409726 0.471906 2.575422
v 1.427994 0.440428 2.618340
v 1.427994 0.410367 2.672724
v 1.424690 0.418857 2.733126
v 1.433701 0.350840 2.854296
v 1.433701 0.308237 2.766945
v 1.433701 0.294711 2.670704
v 1.429501 0.401193 2.946979
v 1.429501 0.327483 2.870651
v 1.429501 0.280968 2.775283
v 1.409665 0.599162 3.027479
v 1.409665 0.490889 3.008386
v 1.409665 0.393814 2.956772
v 1.409665 0.317440 2.877684
v 1.428301 0.257178 2.315639
v 1.399620 0.139785 2.325339
v 1.399620 0.270967 2.198657
v 1.399620 0.054170 2.486357
v 1.428301 0.111774 2.589105
v 1.399620 0.022502 2.665953
v 1.399620 0.047881 2.846544
v 1.428301 0.154878 2.895809
v 1.399620 0.127825 3.010453
v 1.399620 0.254509 3.141636
v 1.428301 0.370027 3.118601
v 1.399620 0.415527 3.227252
v 1.399620 0.595123 3.258919
v 1.353603 0.594755 3.279987
v 0.982693 0.594755 3.279987
v 0.982693 0.408667 3.247173
v 1.353603 0.408667 3.247173
v 1.353603 0.241827 3.158463
v 1.353603 0.110566 3.022539
v 1.353603 0.027733 2.852704
v 1.353603 0.001434 2.665586
v 0.982692 0.027733 2.852704
v 0.982692 0.110566 3.022539
v 0.982693 0.241827 3.158463
v 0.982692 0.122957 2.312657
v 0.982692 0.034247 2.479497
v 0.982692 0.001434 2.665586
v 1.353603 0.428716 2.098563
v 0.982692 0.428716 2.098563
v 0.982692 0.615836 2.072264
v 1.353603 0.258882 2.181396
v 0.982692 0.258882 2.181396
v 1.353603 0.122957 2.312657
v 1.353603 0.034247 2.479497
v 1.428301 0.535550 2.179868
v 1.399620 0.434877 2.118713
v 1.353603 0.615836 2.072264
v 0.982692 0.801923 2.105077
v 1.353603 0.801923 2.105077
v 0.982692 0.968763 2.193787
v 1.353603 0.968763 2.193787
v 1.353603 1.100024 2.329712
v 1.428301 0.840564 2.233650
v 1.399620 0.615467 2.093332
v 1.399620 0.795063 2.125000
v 1.399620 0.956083 2.210615
v 1.428301 1.055712 2.456442
v 1.399620 1.082764 2.341799
v 1.399620 1.162708 2.505707
v 1.428301 1.098816 2.763147
v 1.399620 1.188089 2.686299
v 1.399620 1.156421 2.865893
v 1.353603 1.176343 2.872753
v 1.353603 1.087633 3.039593
v 0.982692 1.176343 2.872753
v 1.399620 1.070806 3.026913
v 0.982692 1.087633 3.039593
v 0.982693 0.951709 3.170854
v 1.353603 0.951709 3.170854
v 1.399620 0.939623 3.153594
v 1.428301 0.953412 3.036612
v 1.428301 0.675040 3.172383
v 1.399620 0.775714 3.233539
v 1.353603 0.781873 3.253689
v 0.982693 0.781873 3.253689
v 0.982692 1.209155 2.686666
v 0.982692 1.182859 2.499547
v 0.982692 1.100024 2.329712
v 1.353603 1.182859 2.499547
v 1.353603 1.209155 2.686666
v 1.221503 2.469530 0.051437
v 1.428300 0.256276 -2.458597
v 1.399620 0.138884 -2.448898
v 1.399620 0.270065 -2.575580
v 1.399620 0.053268 -2.287878
v 1.428300 0.110872 -2.185132
v 1.399620 0.021601 -2.108284
v 1.399620 0.046980 -1.927692
v 1.428300 0.153976 -1.878429
v 1.399620 0.126924 -1.763784
v 1.399620 0.253607 -1.632601
v 1.428300 0.369126 -1.655635
v 1.399620 0.414625 -1.546985
v 1.399620 0.594221 -1.515317
v 1.353602 0.593854 -1.494250
v 0.982692 0.593854 -1.494250
v 0.982692 0.407765 -1.527062
v 1.353602 0.407765 -1.527062
v 1.353602 0.240925 -1.615772
v 1.353602 0.109664 -1.751697
v 1.353602 0.026831 -1.921532
v 1.353602 0.000533 -2.108651
v 0.982692 0.026831 -1.921531
v 0.982692 0.109664 -1.751699
v 0.982692 0.240925 -1.615772
v 0.982692 0.122055 -2.461578
v 0.982692 0.033345 -2.294739
v 0.982692 0.000533 -2.108651
v 1.353602 0.427815 -2.675674
v 0.982692 0.427815 -2.675674
v 0.982692 0.614934 -2.701972
v 1.353602 0.257980 -2.592839
v 0.982692 0.257980 -2.592839
v 1.353602 0.122055 -2.461578
v 1.353602 0.033345 -2.294739
v 1.428300 0.534648 -2.594368
v 1.399620 0.433975 -2.655524
v 1.353602 0.614934 -2.701972
v 0.982692 0.801021 -2.669160
v 1.353602 0.801021 -2.669160
v 0.982692 0.967861 -2.580448
v 1.353602 0.967861 -2.580448
v 1.353602 1.099122 -2.444524
v 1.428300 0.839662 -2.540586
v 1.399620 0.614567 -2.680904
v 1.399620 0.794161 -2.649237
v 1.399620 0.955181 -2.563621
v 1.428300 1.054810 -2.317794
v 1.399620 1.081862 -2.432438
v 1.399620 1.161807 -2.268529
v 1.428300 1.097914 -2.011090
v 1.399620 1.187187 -2.087938
v 1.399620 1.155520 -1.908342
v 1.353602 1.175442 -1.901482
v 1.353602 1.086731 -1.734644
v 0.982692 1.175442 -1.901484
v 1.399620 1.069904 -1.747324
v 0.982692 1.086731 -1.734644
v 0.982692 0.950807 -1.603382
v 1.353602 0.950807 -1.603382
v 1.399620 0.938721 -1.620642
v 1.428300 0.952511 -1.737625
v 1.428300 0.674138 -1.601853
v 1.399620 0.774812 -1.540698
v 1.353602 0.780972 -1.520548
v 0.982692 0.780972 -1.520548
v 0.982692 1.208254 -2.087571
v 0.982692 1.181957 -2.274690
v 0.982692 1.099122 -2.444524
v 1.353602 1.181957 -2.274690
v 1.353602 1.208254 -2.087571
v 1.414635 0.536461 3.066314
v 1.414635 0.320538 2.951270
v 1.414635 0.213648 2.732157
v 1.414635 0.256117 2.490016
v 1.414635 0.431706 2.320425
v 1.414635 0.778731 3.031501
v 1.414635 0.675746 2.286978
v 1.414635 0.888006 2.400949
v 1.414635 0.997403 2.620879
v 1.414635 0.954086 2.862555
v 1.414634 0.535559 -1.707921
v 1.414634 0.319637 -1.822965
v 1.414634 0.212746 -2.042080
v 1.414634 0.255215 -2.284221
v 1.414634 0.430804 -2.453811
v 1.409665 0.598260 -1.746758
v 1.409665 0.707135 -1.762059
v 1.414634 0.777829 -1.742736
v 1.409665 0.489987 -1.765849
v 1.409665 0.392912 -1.817465
v 1.409665 0.316538 -1.896553
v 1.409665 0.268342 -1.995370
v 1.409665 0.253041 -2.104243
v 1.409665 0.272132 -2.212518
v 1.414634 0.674844 -2.487258
v 1.414634 0.887105 -2.373288
v 1.414634 0.996501 -2.153358
v 1.414634 0.953184 -1.911682
v 1.409665 0.805952 -1.810256
v 1.429500 0.265300 -2.104031
v 1.429500 0.280067 -1.998954
v 1.429500 0.326582 -1.903585
v 1.429500 0.400291 -1.827258
v 1.409726 0.762856 2.733329
v 1.424690 0.789631 2.739597
v 1.409726 0.742970 2.773715
v 1.427994 0.760994 2.793453
v 1.427994 0.704710 2.819781
v 1.409726 0.554124 -1.937017
v 1.409726 0.598678 -1.930586
v 1.409726 0.653116 -1.938236
v 1.378243 1.695529 1.588306
v 1.318561 1.347595 -3.764623
v 1.320299 1.589044 -3.758049
v 1.376893 1.695559 1.532430
v 1.397474 1.700999 0.813604
v 1.246966 2.507757 0.052685
v 1.215608 2.497724 0.049416
v 1.224917 2.468814 1.154097
v 1.205329 1.812642 -3.706979
v 1.225233 1.769560 -3.744156
v -0.017114 1.765205 -3.740448
v -0.017114 1.812622 -3.702138
v -1.239558 1.812643 -3.706979
v -1.259459 1.769562 -3.744156
v 1.257088 2.477787 1.157084
v 1.258706 2.445306 1.147817
v 1.226676 2.440652 1.146864
v -1.273603 2.503595 -0.179802
v -1.261065 2.538800 -0.181253
v -1.221461 2.566476 0.047819
v -1.223526 2.570539 -0.179349
v 1.227826 2.448619 1.195230
v -1.106319 1.346755 3.661741
v -0.956086 1.346922 3.702393
v -0.031662 1.347346 3.743514
v 0.921861 1.346922 3.702393
v 0.934605 1.636070 3.685524
v 1.072093 1.346755 3.661741
v 1.096118 1.629447 3.638910
v 1.263486 2.453399 1.202100
v 1.326730 2.080594 1.434220
v 1.296913 2.260322 1.330007
v 1.278214 2.367280 1.270219
v 1.266116 2.428762 1.180882
v 1.226796 2.470174 1.095072
v 1.221387 2.497700 0.084784
v 1.214975 2.498082 0.047080
v 1.297899 2.069804 1.421519
v 1.267335 2.245781 1.313446
v 1.246298 2.348924 1.257378
v 1.353110 1.780326 -0.028213
v 1.313864 1.537993 -0.020163
v 1.337406 1.342560 -0.022964
v 1.230594 2.420062 0.048856
v 1.254040 2.303728 0.050772
v 1.293577 2.104661 0.053065
v 1.350426 1.777648 0.055258
v 1.230754 2.426280 1.178242
v 1.237580 2.419611 1.221464
v 1.269526 2.419121 1.229913
v -0.017114 1.079355 -2.838724
v -0.017114 1.079355 -3.140729
v -0.017114 1.079361 -2.517778
v -0.017114 1.079355 -2.181382
v -0.017114 1.079355 -1.830395
v -0.017114 1.079355 -3.487631
v -0.949654 1.079356 -3.468816
v -0.925788 1.079356 -3.121913
v 1.272053 2.395194 1.207273
v 1.240393 2.395753 1.202585
v 1.299236 1.756093 -3.723870
v 1.330752 1.757240 -3.696985
v 1.341515 1.756578 -3.534196
v 1.343703 1.753852 -2.994648
v 1.345308 1.749796 -2.521960
v 1.346754 1.745892 -2.003720
v 1.348426 1.736204 -1.321885
v 1.349321 1.730971 -0.247108
v -1.259017 1.755184 -3.739447
v -0.017114 1.752793 -3.735680
v 1.224789 1.755183 -3.739448
v 1.249893 2.362904 1.263895
v 1.281655 2.361504 1.272902
v 1.271595 2.257073 1.320262
v 1.301176 2.256537 1.330740
v 1.302443 2.241152 1.297547
v 1.273022 2.243255 1.293627
v 1.219022 0.892875 3.609653
v 1.221797 0.994955 3.626760
v 1.231535 1.251108 3.623093
v 0.365640 0.677538 3.824176
v 1.022953 2.159001 -0.238317
v 1.000884 2.162240 -0.238311
v 0.986653 2.389251 -0.238432
v 0.966232 2.382030 -0.238429
v 0.961783 2.432300 -0.238226
v 0.946740 2.415764 -0.238226
v 0.985171 2.129543 -0.207035
v 0.985176 2.129544 -0.232137
v 1.289903 2.137911 1.382786
v 1.000887 2.162244 -0.232137
v 0.966238 2.382017 -0.232137
v 0.946759 2.415746 -0.232137
v 0.946740 2.415764 -0.207090
v 0.966232 2.382030 -0.206887
v 1.000884 2.162240 -0.207005
v 1.319304 2.137836 1.397783
v 0.910225 2.432443 -0.232137
v 0.910217 2.432446 -0.207195
v 1.319938 2.125293 1.363744
v 1.290626 2.125440 1.357357
v 1.322999 1.912814 1.513900
v 1.353988 1.908640 1.524948
v 1.354055 1.899695 1.486579
v 1.323105 1.903936 1.479682
v -0.000546 0.870152 -3.771898
v -0.015625 0.870152 -3.760959
v -0.030688 0.870152 -3.771919
v -0.024920 0.870152 -3.789631
v -0.006292 0.870152 -3.789618
v -0.016213 0.924591 -3.776381
v 1.293875 1.834342 1.654087
v 1.213012 1.846369 1.669974
v 1.082059 1.853380 1.689017
v 0.917399 1.858816 1.712914
v 0.701318 1.859066 1.725596
v 0.479538 1.859313 1.742439
v 0.259777 1.859561 1.756404
v 1.318137 1.857947 1.618354
v 1.320653 1.815443 1.624543
v 1.290344 1.831812 1.646627
v 1.348505 0.745851 0.813573
v 1.326271 0.747315 1.386675
v -1.419073 0.631610 0.801861
v -1.417936 0.632283 1.479049
v -1.433389 1.187187 -2.087938
v -1.174812 1.062956 -1.795325
v -1.174813 1.062958 -2.376550
v -1.352789 1.347597 -3.764621
v -1.354527 1.589046 -3.758049
v 0.926631 0.940444 -2.200851
v 0.926631 0.892249 -2.299669
v -0.709044 0.651367 2.334526
v -0.724692 0.530459 2.147259
v -0.845493 0.515137 -1.430398
v -0.845493 0.681373 -1.632257
v -0.845493 0.774662 -1.836913
v -0.845492 0.796748 -2.135430
v -0.845493 0.685958 -1.356060
v -0.845493 0.858023 -1.573089
v -0.845493 0.955798 -1.793367
v -0.845492 0.980988 -2.107835
v -1.112840 0.588188 -2.968746
v -0.290349 0.804738 -1.878250
v -0.290245 0.790828 -1.761014
v -0.239320 0.834015 -1.875978
v -0.290245 0.733061 -1.679779
v -0.239268 0.819170 -1.750084
v -0.239215 0.892921 -1.872861
v -0.239268 0.753410 -1.657609
v -0.239268 0.875851 -1.728220
v -0.290138 0.922549 -1.872013
v -0.341167 0.893273 -1.874285
v -0.290245 0.904192 -1.717290
v -0.239268 0.794107 -1.613269
v -0.341220 0.753410 -1.657609
v -0.341220 0.794107 -1.613269
v -0.341220 0.819170 -1.750084
v -0.341220 0.875851 -1.728220
v -0.341272 0.834367 -1.877402
v -0.290245 0.814455 -1.591099
v -1.324571 1.831812 1.646628
v -1.352363 1.857947 1.618354
v -1.354880 1.815443 1.624543
v -1.255613 2.497700 0.084784
v -1.261022 2.470174 1.095072
v -1.376375 0.852442 -0.023736
v -1.057182 2.159005 -0.212978
v -1.057179 2.159002 -0.206999
v -1.020884 2.389241 -0.212865
v -1.020880 2.389251 -0.206884
v -0.996024 2.432287 -0.213069
v -0.996009 2.432300 -0.207090
v -0.949320 2.453633 -0.213178
v -0.949313 2.453635 -0.207198
v -1.211900 0.894725 3.859713
v -0.415322 0.894725 3.947567
v -0.415322 0.894725 3.824176
v -1.408983 0.894725 3.749897
v -1.424409 0.891649 3.765323
v -1.442487 0.871864 3.752090
v -0.957842 0.951688 3.821408
v -1.105906 0.952268 3.781743
v 1.081472 1.058512 -0.005731
v 1.082591 1.007891 -0.030211
v 1.051832 1.050201 -0.028528
v 1.071177 1.878333 1.377692
v 0.923819 1.896222 1.377553
v 0.917281 1.877316 1.674866
v 1.078408 1.863718 1.653938
v 1.173274 1.860552 1.379780
v 1.165350 1.853348 1.635354
v 1.232768 1.848616 1.381704
v 1.208277 1.851967 1.561832
v 0.702663 1.905763 1.377284
v 0.702551 1.890022 1.362263
v 0.923981 1.880573 1.363088
v 1.070191 1.860025 1.363886
v 1.173353 1.841406 1.363548
v 1.230403 1.832053 1.363795
v 1.173071 1.833907 1.366670
v 1.257173 1.823905 1.362798
v 1.268852 1.833668 1.375182
v 1.235688 1.835765 1.567014
v 1.200735 1.846315 1.640535
v 1.077501 1.852429 1.659121
v 1.282847 1.817438 1.367842
v 1.272118 1.805514 1.358658
v 0.700487 1.858221 1.690439
v 0.478585 1.858523 1.707977
v 0.479474 1.859313 1.722113
v 0.701386 1.859066 1.704569
v 0.916372 1.857931 1.680048
v 0.917641 1.858816 1.694158
v 1.079506 1.853380 1.673128
v 1.210267 1.846369 1.653446
v 1.276234 1.828410 1.570386
v 1.281838 1.478790 1.301522
v 1.270310 1.479229 1.301226
v 1.304509 1.804016 1.475011
v 1.296193 1.817788 1.577556
v 1.287374 1.834342 1.641759
v 1.320013 1.819872 1.632769
v 1.342796 1.698788 1.546244
v 1.301423 1.474895 1.388513
v 1.311718 1.472618 1.300329
v 1.173069 1.472639 1.303359
v 0.923372 1.472662 1.304961
v 0.923372 1.408063 1.308759
v 0.701839 1.408064 1.313944
v 1.079508 1.408054 1.305500
v 1.079508 1.472652 1.304961
v 1.173069 1.408041 1.305653
v 1.311718 1.417646 1.304489
v 1.338052 1.446213 1.534920
v 1.335065 1.465196 1.505121
v 1.351909 1.371619 1.979529
v 1.280357 1.371634 1.979532
v 1.359668 1.669385 1.662119
v 1.326458 1.820435 1.647705
v 1.324069 1.784353 -0.178151
v 1.289628 2.110391 -0.180069
v 1.255098 2.298315 -0.181707
v 1.191226 2.515350 -0.172627
v 1.227299 2.449595 -0.183026
v 1.209332 2.450920 -0.217975
v 1.242114 2.111275 -0.213179
v 1.265953 1.784680 -0.213178
v 1.324069 1.334923 -0.178151
v 1.171121 2.519972 -0.213179
v 1.324069 0.766874 -0.178151
v 1.324156 0.673951 -0.182770
v 1.342794 0.667659 -0.024784
v 1.265953 0.767200 -0.213178
v 1.265953 0.674208 -0.214489
v 0.208871 2.573490 0.424014
v -0.017114 2.577558 0.427911
v -0.017114 2.579092 0.101468
v 0.208009 2.554854 0.748405
v -0.017114 2.558990 0.754353
v 1.050146 2.548526 0.726690
v 1.063589 2.567408 0.409786
v 0.209733 2.575092 0.099621
v -0.017114 2.578562 -0.167835
v 0.210509 2.574622 -0.192332
v -0.017114 2.524452 -0.213179
v 1.067599 2.569257 0.092882
v 1.160836 2.547028 0.407596
v 1.156341 2.528107 0.723347
v 1.016430 2.523949 1.113441
v 0.198731 2.529109 1.113441
v -0.017114 2.533657 1.160990
v 1.151399 2.502386 1.077116
v 1.107978 2.523339 1.141232
v 1.147821 2.486665 1.157186
v 0.671255 2.504308 1.264578
v 1.190986 2.480047 1.080397
v 1.167049 2.466989 1.188923
v 1.074064 2.524452 -0.213179
v 1.071207 2.561482 -0.192332
v 1.165329 2.555229 0.091845
v 1.124806 2.553783 -0.192332
v 1.144207 2.556809 -0.151608
v -0.017114 1.784680 -0.213178
v -0.017114 0.674283 -0.217948
v -0.017114 0.767200 -0.213178
v 1.317441 1.781991 1.641391
v 1.262204 2.093199 1.440064
v 1.238959 2.222668 1.356847
v 1.220563 2.298428 1.308281
v 1.192855 2.412346 1.239033
v 1.180935 2.444567 1.212156
v 0.398516 1.718605 1.035373
v 0.408987 1.642534 1.012416
v 0.392189 1.635694 1.018584
v 0.424587 1.560899 0.996015
v 0.705896 2.012477 1.124061
v 0.626347 2.002469 1.121040
v 0.621525 2.015482 1.133168
v 0.552218 1.973116 1.112182
v 0.543310 1.984505 1.123825
v 0.425820 1.787722 1.063281
v 0.408995 1.794671 1.058330
v 0.439707 1.865553 1.079721
v 0.454718 1.854419 1.083414
v 0.488558 1.926416 1.098089
v 0.500682 1.911692 1.100702
v 0.560584 1.955637 1.113968
v 0.376210 1.710200 1.060639
v 0.387424 1.791653 1.085214
v 0.392197 1.796217 1.067020
v 0.424600 1.871006 1.089584
v 0.476141 1.935229 1.108959
v 0.472609 1.932733 1.127779
v 0.420304 1.867554 1.108114
v 0.381707 1.704752 1.078141
v 0.387424 1.628749 1.036064
v 0.392865 1.784835 1.102363
v 0.425358 1.859365 1.124936
v 0.476948 1.923219 1.144320
v 0.417407 1.777161 1.110668
v 0.447208 1.845952 1.131430
v 0.494615 1.905024 1.149258
v 0.556396 1.950350 1.162938
v 0.544055 1.972018 1.159194
v 0.628340 1.978841 1.171537
v 0.622005 2.002508 1.168545
v 0.705896 1.988557 1.174470
v 0.705896 2.012848 1.171736
v 0.789785 2.002508 1.168545
v 0.620152 2.014184 1.152354
v 0.705896 2.024909 1.155589
v 0.791639 2.014184 1.152354
v 0.871017 1.982747 1.142869
v 0.867737 1.972018 1.159194
v 0.939181 1.932733 1.127779
v 0.868481 1.984505 1.123825
v 0.935650 1.935229 1.108959
v 0.859572 1.973116 1.112181
v 0.991487 1.867554 1.108114
v 0.790264 2.015482 1.133168
v 0.705896 2.026047 1.136354
v 0.540773 1.982747 1.142869
v 0.785443 2.002469 1.121040
v 0.851207 1.955637 1.113968
v 0.911109 1.911692 1.100702
v 0.906924 1.901933 1.118522
v 0.951986 1.845783 1.101570
v 0.957074 1.854419 1.083414
v 0.980315 1.780393 1.081830
v 0.985970 1.787722 1.063281
v 0.989976 1.710219 1.060643
v 0.923233 1.926416 1.098089
v 0.972084 1.865553 1.079721
v 1.002796 1.794671 1.058330
v 0.779809 1.972103 1.139708
v 0.783450 1.978841 1.171537
v 0.848198 1.945019 1.131530
v 0.855395 1.950350 1.162938
v 0.917176 1.905024 1.149258
v 0.964583 1.845952 1.131430
v 0.994384 1.777161 1.110668
v 0.781452 1.983263 1.122308
v 0.631982 1.972103 1.139708
v 0.705896 1.981341 1.142496
v 0.705896 1.992686 1.125153
v 0.630340 1.983263 1.122308
v 0.563594 1.945019 1.131530
v 0.407243 1.703338 1.088388
v 0.421813 1.710219 1.060643
v 0.431476 1.780393 1.081830
v 0.459803 1.845783 1.101570
v 0.504868 1.901933 1.118522
v 0.415962 1.716144 1.041676
v 0.431476 1.640048 1.039459
v 0.425814 1.644566 1.020071
v 0.540773 1.437655 0.978409
v 0.472609 1.487669 0.993499
v 0.476127 1.496672 0.976633
v 0.439692 1.571648 0.991022
v 0.454706 1.577864 0.999937
v 0.459803 1.574658 1.019717
v 0.504866 1.518506 1.002765
v 0.500671 1.520585 0.982648
v 0.488541 1.510776 0.972652
v 0.560573 1.476633 0.969383
v 0.563594 1.475420 0.989759
v 0.494615 1.501653 1.027516
v 0.447208 1.560725 1.045345
v 0.417407 1.629516 1.066106
v 0.552204 1.464068 0.958555
v 0.630334 1.449003 0.961044
v 0.785451 1.434710 0.949695
v 0.705896 1.424700 0.946673
v 0.705896 1.439579 0.958199
v 0.705896 1.405846 0.949219
v 0.790272 1.416410 0.952410
v 0.705896 1.395493 0.965689
v 0.621518 1.416410 0.952410
v 0.626340 1.434710 0.949695
v 0.543297 1.447389 0.961760
v 0.972098 1.571648 0.991022
v 0.987204 1.560899 0.996015
v 0.935664 1.496672 0.976633
v 0.923249 1.510776 0.972652
v 0.868494 1.447389 0.961760
v 0.859587 1.464068 0.958555
v 0.871018 1.437655 0.978409
v 0.791639 1.406216 0.968924
v 0.939183 1.487669 0.993499
v 0.991487 1.552847 1.013164
v 1.019600 1.635694 1.018584
v 1.002804 1.642534 1.012416
v 0.957085 1.577864 0.999937
v 0.911120 1.520585 0.982648
v 0.851217 1.476633 0.969383
v 1.013275 1.718605 1.035373
v 0.906925 1.518506 1.002765
v 0.951988 1.574658 1.019717
v 0.985977 1.644566 1.020071
v 0.980315 1.640048 1.039459
v 0.995829 1.716144 1.041676
v 1.004549 1.703338 1.088388
v 0.994384 1.629516 1.066106
v 0.964583 1.560725 1.045345
v 0.917176 1.501653 1.027516
v 0.848198 1.475420 0.989759
v 0.855394 1.456328 1.013836
v 0.779809 1.448335 0.981581
v 0.631982 1.448335 0.981581
v 0.705896 1.439098 0.978792
v 0.781457 1.449003 0.961044
v 0.783450 1.427837 1.005237
v 0.705896 1.418121 1.002304
v 0.628341 1.427837 1.005237
v 0.556396 1.456328 1.013836
v 0.620152 1.406216 0.968924
v 0.790181 1.405540 0.987758
v 0.705896 1.394981 0.984572
v 0.621610 1.405540 0.987758
v 0.381141 1.715955 1.042802
v 0.420304 1.552847 1.013164
v 0.543479 1.436497 0.997102
v 0.476401 1.485740 1.011972
v 0.424955 1.549907 1.031351
v 0.392655 1.624615 1.053921
v 1.019137 1.624615 1.053921
v 0.986836 1.549907 1.031351
v 0.935390 1.485740 1.011972
v 0.868312 1.436497 0.997102
v 1.030084 1.704752 1.078141
v 1.024366 1.628749 1.036064
v 0.987191 1.871006 1.089584
v 1.019595 1.796217 1.067019
v 1.030650 1.715955 1.042802
v 1.035581 1.710200 1.060639
v 0.934843 1.923219 1.144320
v 0.986432 1.859365 1.124936
v 1.024366 1.791653 1.085214
v 1.018927 1.784835 1.102363
v 0.415023 1.649176 1.042480
v 0.448297 1.587775 1.025396
v 0.566914 1.663215 1.065671
v 0.598395 1.736998 1.084855
v 0.967656 1.590116 1.025396
v 0.990580 1.649176 1.042480
v 0.812063 1.736998 1.084855
v 0.843544 1.663215 1.065671
v 0.626854 1.805077 1.076065
v 0.626854 1.794430 1.047350
v 0.516924 1.709401 1.030018
v 0.415023 1.644382 1.029662
v 0.448297 1.590330 1.007281
v 0.478938 1.634063 1.008957
v 0.595394 1.668132 1.055131
v 0.595394 1.698457 1.011944
v 0.702802 1.713461 1.015311
v 0.702802 1.683135 1.055131
v 0.810210 1.698457 1.011944
v 0.810210 1.668132 1.055131
v 0.926672 1.634063 1.008957
v 0.967656 1.592671 1.007282
v 0.888824 1.709478 1.030175
v 0.778751 1.794430 1.047350
v 0.778751 1.805077 1.076065
v 0.990580 1.644382 1.029662
v 0.898340 1.699877 1.023971
v 0.781259 1.784176 1.037502
v 0.984781 1.636230 1.019890
v 0.702802 1.812172 1.048558
v 0.624346 1.784176 1.037502
v 0.507270 1.699877 1.023971
v 0.421304 1.636726 1.020090
v 0.664828 1.827129 1.080401
v 0.664828 1.816067 1.053010
v 0.702802 1.823840 1.058670
v 0.702802 1.835316 1.084736
v 0.740777 1.827129 1.080401
v 0.740777 1.816067 1.053010
v 0.778751 1.776532 1.103737
v 0.702802 1.806772 1.112409
v 0.626854 1.776532 1.103737
v 0.598353 1.742844 1.072558
v 0.702760 1.688981 1.042833
v 0.595352 1.673977 1.042833
v 0.566871 1.669060 1.053375
v 0.626811 1.782378 1.091440
v 0.702760 1.812619 1.100111
v 0.812020 1.742844 1.072558
v 0.810168 1.673977 1.042833
v 0.843502 1.669060 1.053375
v 0.778709 1.782378 1.091440
v 0.377400 1.537164 1.204417
v 0.372870 1.533369 1.213313
v 0.371220 1.537164 1.223156
v 0.382154 1.546327 1.201680
v 0.373416 1.546327 1.228184
v 0.384351 1.555490 1.206709
v 0.378172 1.555490 1.225450
v 0.382702 1.559285 1.216555
v 0.492772 1.495593 1.240327
v 0.496521 1.511236 1.248910
v 0.528967 1.492834 1.260900
v 0.526425 1.482222 1.255076
v 0.485041 1.489114 1.255513
v 0.521180 1.477827 1.265378
v 0.628848 1.553638 1.289214
v 0.631390 1.564249 1.295036
v 0.626146 1.559854 1.305338
v 0.523723 1.488439 1.271200
v 0.488789 1.504756 1.264095
v 0.623603 1.549243 1.299517
v 1.270589 1.396343 1.341032
v 1.270582 1.407172 1.372908
v 1.270570 1.439322 1.382888
v 1.270706 1.392356 0.263146
v 1.270668 1.620892 0.641157
v 1.270791 1.619486 0.824243
v 1.270879 1.719844 0.255738
v 1.270668 1.497567 0.640553
v 1.270632 1.496976 0.824053
v 1.270527 1.586640 1.379951
v 1.270842 1.694088 1.367889
v 1.270873 1.705200 1.335639
v 1.270748 1.661991 1.378997
v 1.270818 1.709823 0.223705
v 1.270635 1.678521 0.213241
v 1.270580 1.434731 0.218838
v 1.270676 1.402865 0.230657
v 1.234483 2.391133 -0.126672
v 1.240371 2.362776 -0.179406
v 1.239094 2.368425 -0.071150
v 1.235510 2.385985 -0.096267
v 1.246119 2.334887 -0.191290
v 1.252324 2.304707 -0.189642
v 1.261341 2.260652 -0.149672
v 1.250730 2.311751 -0.054649
v 1.244525 2.341931 -0.056297
v 1.257756 2.278213 -0.174789
v 1.260631 2.263788 -0.089594
v 1.262367 2.255504 -0.119266
v 1.256478 2.283863 -0.066533
v 1.234418 1.932849 1.584614
v 1.240646 1.882384 1.612504
v 1.172279 1.886670 1.628606
v 1.166051 1.937134 1.600718
v 1.302500 1.948840 1.480448
v 1.323414 1.806570 1.562159
v 1.298680 1.824095 1.598452
v 1.277766 1.951792 1.515502
v -1.006531 2.429741 1.330756
v -1.144035 2.436440 1.306352
v -1.154378 2.340650 1.369549
v -1.016876 2.333949 1.393951
v -1.004235 2.420190 1.316895
v -1.014580 2.324400 1.380092
v -1.152082 2.331100 1.355688
v -1.141739 2.426891 1.292493
v 1.420713 1.581759 1.944014
v 1.424802 1.597741 1.744029
v 1.420776 1.655573 1.748568
v 1.416688 1.639590 1.948552
v 1.272732 1.714797 1.029185
v 1.265321 1.707269 1.229572
v 1.308296 1.746321 1.232629
v 1.315708 1.753849 1.032242
v 0.755474 2.030881 -0.210239
v 0.955149 2.050779 -0.210403
v 0.949382 2.108639 -0.210851
v 0.749707 2.088742 -0.210687
v 0.545017 2.047124 -0.209247
v 0.474659 2.048295 -0.209683
v 0.476446 1.990347 -0.211104
v 0.546804 1.989177 -0.210670
v 0.945946 2.358660 1.363256
v 0.956021 2.381824 1.345536
v 0.977706 2.398531 1.331297
v 1.037270 2.401265 1.323285
v 1.006703 2.405469 1.323355
v 1.063354 2.386751 1.331100
v 1.079787 2.364804 1.345253
v 1.022559 2.292958 1.402839
v 0.965908 2.311676 1.395094
v 0.949473 2.333624 1.380941
v 0.991990 2.297163 1.402909
v 1.083315 2.339768 1.362940
v 1.073239 2.316603 1.380657
v 1.051556 2.299898 1.394897
v 0.947871 2.367866 1.371744
v 0.951399 2.342830 1.389431
v 0.967832 2.320882 1.403583
v 1.024483 2.302165 1.411327
v 0.993915 2.306369 1.411398
v 1.053480 2.309102 1.403386
v 1.075165 2.325809 1.389146
v 0.979630 2.407737 1.339785
v 0.957946 2.391032 1.354026
v 1.039196 2.410471 1.331774
v 1.081712 2.374010 1.353741
v 1.085240 2.348974 1.371428
v 1.065279 2.395957 1.339588
v 1.008627 2.414675 1.331843
v 1.119531 2.304181 1.378692
v 1.128558 2.284019 1.389683
v 1.062276 2.269038 1.411617
v 1.053251 2.289201 1.400626
v 1.121572 2.309240 1.386939
v 1.055290 2.294260 1.408872
v 1.064317 2.274099 1.419864
v 1.130599 2.289078 1.397930
v 1.237006 1.938952 1.594881
v 1.168638 1.943236 1.610983
v 1.174866 1.892772 1.638873
v 1.243233 1.888487 1.622769
v 1.248308 1.551627 0.905922
v 1.248427 1.522892 0.894682
v 1.248933 1.492129 0.897020
v 1.250654 1.448088 0.937972
v 1.249729 1.465431 0.912470
v 1.251526 1.443533 0.968477
v 1.252172 1.452669 0.997942
v 1.249248 1.581780 0.957976
v 1.248601 1.572644 0.928511
v 1.251045 1.559881 1.013983
v 1.252347 1.502420 1.031771
v 1.252465 1.473686 1.020531
v 1.251839 1.533183 1.029434
v 1.250120 1.577224 0.988481
v -0.960837 2.071262 -0.210288
v -0.976704 2.051034 -0.210213
v -0.982226 2.025926 -0.210305
v -0.960118 1.980938 -0.210888
v -0.976306 2.000908 -0.210546
v -0.936868 1.969970 -0.211262
v -0.911161 1.970175 -0.211597
v -0.912059 2.082808 -0.210848
v -0.937766 2.082603 -0.210515
v -0.872621 2.051869 -0.211564
v -0.872222 2.001744 -0.211898
v -0.888089 1.981515 -0.211823
v -0.866701 2.026852 -0.211805
v -0.888808 2.071839 -0.211224
v -1.223870 1.819877 -0.195334
v -1.231120 2.051115 -0.202396
v -1.298053 2.049102 -0.197796
v -1.290803 1.817865 -0.190735
v 0.742211 0.762808 3.953166
v 1.035052 0.762808 3.911473
v 1.035052 0.848525 3.911472
v 0.742211 0.848525 3.953166
v 1.442470 0.996502 1.398862
v 1.439784 0.965763 1.398746
v 1.437948 0.938069 1.385265
v 1.438037 0.912065 1.331011
v 1.437323 0.918904 1.361090
v 1.439946 0.918904 1.300985
v 1.442673 0.938069 1.276957
v 1.448201 1.043360 1.361565
v 1.445475 1.024196 1.385593
v 1.450825 1.043360 1.301460
v 1.448364 0.996502 1.263804
v 1.445677 0.965763 1.263688
v 1.450201 1.024196 1.277285
v 1.450112 1.050200 1.331539
v -1.475401 1.524197 1.280291
v -1.472058 1.560874 1.280291
v -1.478267 1.560824 1.225504
v -1.481610 1.524149 1.225504
v -1.463133 1.524295 1.280159
v -1.459792 1.560970 1.280159
v -1.466001 1.560921 1.225372
v -1.469344 1.524245 1.225372
v -1.433544 1.721871 1.317388
v -1.428041 1.757725 1.317388
v -1.434197 1.758541 1.188586
v -1.439699 1.722686 1.188586
v -1.421382 1.720260 1.317077
v -1.412968 1.756114 1.317077
v -1.419124 1.756930 1.188275
v -1.427539 1.721075 1.188275
v -1.661108 1.675847 1.261660
v -1.476346 1.554808 1.261660
v -1.476346 1.554808 1.237963
v -1.661108 1.675847 1.237963
v -1.720288 1.743948 1.261660
v -1.720288 1.743948 1.237963
v -1.712325 1.767888 1.261660
v -1.712325 1.767888 1.237963
v -1.432086 1.756708 1.249811
v -1.435121 1.731111 1.233388
v -1.458801 1.744139 1.237963
v -1.454647 1.756351 1.249811
v -1.435121 1.731111 1.266235
v -1.458801 1.744139 1.261660
v -1.290046 1.578253 1.200862
v -1.290046 1.552187 1.236739
v -1.290046 1.510013 1.223035
v -1.290046 1.510013 1.178691
v -1.290046 1.552187 1.164987
v -1.303633 1.552187 1.164987
v -1.303633 1.578253 1.200862
v -1.303633 1.510013 1.178691
v -1.303633 1.510013 1.223035
v -1.303633 1.552187 1.236739
v -1.289897 1.559053 1.200005
v -1.289897 1.629157 1.250940
v -1.279463 1.629157 1.250940
v -1.279463 1.559053 1.200005
v -1.289897 1.545439 1.218743
v -1.289897 1.615545 1.269677
v -1.279463 1.615545 1.269677
v -1.279463 1.545439 1.218742
v -1.279463 1.523414 1.211585
v -1.279463 1.523414 1.188426
v -1.279463 1.545439 1.181269
v -1.289897 1.545439 1.181269
v -1.289897 1.523414 1.188426
v -1.289897 1.523414 1.211585
v -1.257333 1.640676 1.275262
v -1.257333 1.617352 1.281951
v -1.257333 1.603785 1.261835
v -1.257333 1.618722 1.242715
v -1.257333 1.641523 1.251013
v -1.292551 1.617352 1.281951
v -1.292551 1.603785 1.261835
v -1.292551 1.618722 1.242715
v -1.292551 1.641523 1.251013
v -1.292551 1.640676 1.275262
v -1.294532 1.551825 0.801494
v -1.294532 1.577359 0.801494
v -1.340109 1.577359 0.801494
v -1.340109 1.551825 0.801494
v -1.294532 1.551825 0.667566
v -1.294532 1.577359 0.667566
v -1.340109 1.551825 0.667566
v -1.340109 1.577359 0.667566
v -1.340261 1.352221 0.598398
v -1.316495 1.281364 0.575126
v -1.318048 1.280645 0.376416
v -1.340895 1.351491 0.349435
v -1.249719 1.345841 0.371991
v -1.255901 1.349432 0.372256
v -1.242232 1.286746 0.372796
v -1.242290 1.341902 0.393643
v -1.241208 1.287932 0.576749
v -1.241912 1.343733 0.559018
v -1.248739 1.346153 0.577499
v -1.339437 1.353173 0.828929
v -1.302627 1.354326 0.807944
v -1.259984 1.355021 0.769584
v -1.258007 1.352299 0.576149
v -1.341360 1.350955 0.223336
v -1.253062 1.345591 0.099276
v -1.214228 1.321555 0.084451
v -1.305084 1.392356 0.263146
v -1.304957 1.434729 0.218838
v -1.305257 1.719844 0.255739
v -1.305045 1.620892 0.641157
v -1.305045 1.497567 0.640553
v -1.339071 1.516614 0.655327
v -1.304967 1.396343 1.341033
v -1.304947 1.439322 1.382889
v -1.305011 1.496976 0.824053
v -1.339036 1.516193 0.809592
v -1.339070 1.600900 0.655506
v -1.305169 1.619486 0.824243
v -1.339195 1.601167 0.809572
v -1.349031 1.732461 1.406282
v -1.305220 1.694088 1.367888
v -1.305251 1.705200 1.335639
v -1.304905 1.586640 1.379952
v -1.305126 1.661991 1.378997
v -1.349926 1.745863 1.376414
v -1.346330 1.702575 1.419768
v -1.343895 1.587356 1.421212
v -1.337314 1.398226 1.422091
v -1.337476 1.376736 1.404176
v -1.304960 1.407172 1.372909
v -1.337639 1.355245 1.383249
v -1.333247 1.084806 0.840411
v -1.306641 0.923154 0.839291
v -1.318649 0.865638 0.839124
v -1.276818 1.091273 0.819846
v -1.275745 0.877019 0.824723
v -1.214209 0.882649 0.782946
v -1.283437 1.331344 0.819755
v -1.214223 1.093778 0.782688
v -1.214225 1.082873 0.064704
v -1.214216 0.884981 0.076296
v -1.214226 1.331521 0.784851
v -1.269292 0.881320 0.024269
v -1.278314 1.079734 0.022067
v -1.279238 1.319802 0.035237
v -1.339620 1.372193 0.201177
v -1.305054 1.402865 0.230657
v -1.337881 1.393431 0.179017
v -1.340450 1.592765 0.172629
v -1.342895 1.720048 0.171687
v -1.347998 1.751602 0.182157
v -1.349705 1.761709 0.214193
v -1.305196 1.709823 0.223705
v -1.305013 1.678521 0.213241
v -1.304519 1.593635 0.213892
v -1.776886 1.823025 1.258248
v -1.675150 1.823025 1.259832
v -1.687510 1.852715 1.281483
v -1.791568 1.837567 1.257221
v -1.653725 1.823025 1.261330
v -1.662033 1.852715 1.285975
v -1.709423 1.956149 1.278247
v -1.791568 1.972358 1.257221
v -1.776886 1.986901 1.258248
v -1.702177 1.986901 1.263473
v -1.640335 1.956149 1.290430
v -1.627468 1.986901 1.268696
v -1.552758 1.986901 1.273921
v -1.538077 1.972358 1.274947
v -1.538077 1.837567 1.274947
v -1.552758 1.823025 1.273921
v -1.642579 1.995308 1.260826
v -1.686118 1.995308 1.257782
v -1.673716 1.823025 1.239329
v -1.673716 1.780509 1.239329
v -1.675150 1.780509 1.259832
v -1.652291 1.823025 1.240826
v -1.652291 1.778101 1.240826
v -1.653725 1.778101 1.261330
v -1.775882 1.973547 1.226654
v -1.767966 1.966095 1.256313
v -1.767966 1.843830 1.256313
v -1.775882 1.836379 1.226654
v -1.549355 1.973547 1.242494
v -1.561323 1.966095 1.270764
v -1.549355 1.836379 1.242494
v -1.561323 1.843830 1.270764
v -1.778983 1.976617 1.226437
v -1.789365 1.972358 1.225711
v -1.550556 1.986901 1.242410
v -1.546256 1.976617 1.242711
v -1.535873 1.837567 1.243437
v -1.778983 1.833308 1.226437
v -1.774683 1.823025 1.226738
v -1.546256 1.833308 1.242711
v -1.535873 1.972358 1.243437
v -1.789365 1.837567 1.225711
v -1.550556 1.823025 1.242411
v -1.774683 1.986901 1.226737
v -1.699973 1.986901 1.231962
v -1.625265 1.986901 1.237186
v -1.685127 1.995308 1.243612
v -1.641587 1.995308 1.246657
v 1.441024 1.524197 1.280291
v 1.447232 1.524149 1.225504
v 1.443890 1.560824 1.225504
v 1.437681 1.560874 1.280291
v 1.428756 1.524295 1.280159
v 1.425415 1.560970 1.280159
v 1.434966 1.524245 1.225372
v 1.431624 1.560921 1.225372
v 1.399166 1.721871 1.317388
v 1.405321 1.722686 1.188586
v 1.399820 1.758541 1.188586
v 1.393663 1.757725 1.317388
v 1.387005 1.720260 1.317077
v 1.378590 1.756114 1.317077
v 1.393161 1.721075 1.188275
v 1.384747 1.756930 1.188275
v 1.626730 1.675847 1.261660
v 1.626730 1.675847 1.237963
v 1.441968 1.554808 1.237963
v 1.441968 1.554808 1.261660
v 1.685910 1.743948 1.237963
v 1.698661 1.740226 1.249810
v 1.634609 1.666458 1.249810
v 1.443250 1.541006 1.249812
v 1.677947 1.767888 1.261660
v 1.677947 1.767888 1.237963
v 1.685910 1.743948 1.261660
v 1.655621 1.779214 1.237963
v 1.655621 1.779214 1.261660
v 1.424423 1.744139 1.261660
v 1.424423 1.744139 1.237963
v 1.397708 1.756708 1.249810
v 1.420269 1.756351 1.249810
v 1.400743 1.731111 1.233387
v 1.400743 1.731111 1.266235
v 1.255668 1.510013 1.223035
v 1.255668 1.552187 1.236739
v 1.255668 1.578253 1.200862
v 1.255668 1.510013 1.178691
v 1.255668 1.552187 1.164986
v 1.269255 1.578253 1.200862
v 1.269255 1.552187 1.164986
v 1.269255 1.510013 1.178691
v 1.269255 1.510013 1.223035
v 1.269255 1.552187 1.236739
v 1.255519 1.559053 1.200005
v 1.245086 1.559053 1.200005
v 1.245086 1.629157 1.250939
v 1.255519 1.629157 1.250941
v 1.255519 1.545439 1.218743
v 1.255519 1.615545 1.269677
v 1.245086 1.545439 1.218741
v 1.245086 1.615545 1.269677
v 1.245086 1.523414 1.211585
v 1.245086 1.523414 1.188425
v 1.245086 1.545439 1.181269
v 1.255519 1.545439 1.181269
v 1.255519 1.523414 1.188425
v 1.255519 1.523414 1.211585
v 1.222956 1.603785 1.261834
v 1.222956 1.617352 1.281950
v 1.222956 1.640676 1.275262
v 1.222956 1.618723 1.242715
v 1.222956 1.641523 1.251013
v 1.258173 1.617352 1.281950
v 1.258173 1.640676 1.275262
v 1.258173 1.641523 1.251013
v 1.258173 1.618723 1.242715
v 1.260154 1.551825 0.801493
v 1.305732 1.551825 0.801493
v 1.305732 1.577359 0.801493
v 1.260154 1.577359 0.801493
v 1.260154 1.551825 0.667566
v 1.260154 1.577359 0.667566
v 1.305732 1.551825 0.667566
v 1.305732 1.577359 0.667566
v 1.305883 1.352221 0.598398
v 1.306517 1.351491 0.349435
v 1.283670 1.280645 0.376415
v 1.282117 1.281364 0.575126
v 1.207534 1.343733 0.559018
v 1.214361 1.346153 0.577499
v 1.206830 1.287932 0.576748
v 1.207912 1.341902 0.393643
v 1.207854 1.286746 0.372796
v 1.215341 1.345841 0.371991
v 1.221523 1.349432 0.372256
v 1.268250 1.354326 0.807944
v 1.305060 1.353173 0.828929
v 1.225606 1.355021 0.769583
v 1.223629 1.352299 0.576149
v 1.236219 2.382849 -0.156346
v 1.304692 1.600900 0.655505
v 1.304694 1.516614 0.655327
v 1.304658 1.516193 0.809591
v 1.304817 1.601167 0.809572
v -1.477628 1.541006 1.249812
v -1.668986 1.666458 1.249811
v -1.733039 1.740226 1.249811
v -1.721170 1.775210 1.249811
v -1.689999 1.779214 1.237963
v -1.693787 1.790872 1.249811
v 1.284271 0.865638 0.839123
v 1.272263 0.923154 0.839291
v 1.298869 1.084806 0.840411
v 1.303261 1.355245 1.383249
v 1.303098 1.376736 1.404176
v 1.249059 1.331344 0.819755
v 1.242441 1.091273 0.819845
v 1.241367 0.877019 0.824723
v 1.179847 1.082874 0.064703
v 1.179846 1.093778 0.782688
v 1.179849 1.331522 0.784851
v 1.179832 0.882649 0.782946
v 1.179837 0.884981 0.076296
v 1.234914 0.881322 0.024268
v 1.243937 1.079734 0.022067
v 1.179850 1.321556 0.084451
v 1.218684 1.345591 0.099275
v 1.306983 1.350955 0.223336
v 1.244860 1.319802 0.035237
v 1.315327 1.761709 0.214193
v 1.315549 1.745863 1.376414
v 1.313620 1.751602 0.182157
v 1.308517 1.720048 0.171687
v 1.306072 1.592765 0.172629
v 1.303504 1.393431 0.179017
v 1.305242 1.372193 0.201176
v 1.302936 1.398226 1.422091
v 1.309517 1.587356 1.421213
v 1.311952 1.702575 1.419768
v 1.314654 1.732461 1.406282
v 1.675045 1.956149 1.278247
v 1.605958 1.956149 1.290430
v 1.627655 1.852715 1.285975
v 1.653132 1.852715 1.281484
v 1.640772 1.823025 1.259832
v 1.742509 1.823025 1.258247
v 1.757190 1.837567 1.257221
v 1.757190 1.972358 1.257221
v 1.742509 1.986901 1.258247
v 1.667799 1.986901 1.263472
v 1.593090 1.986901 1.268695
v 1.518381 1.986901 1.273920
v 1.651741 1.995308 1.257782
v 1.608201 1.995308 1.260826
v 1.503699 1.972358 1.274947
v 1.503699 1.837567 1.274947
v 1.619347 1.823025 1.261329
v 1.518381 1.823025 1.273920
v 1.639338 1.823025 1.239328
v 1.640772 1.780509 1.259832
v 1.639338 1.780509 1.239328
v 1.617913 1.823025 1.240826
v 1.617913 1.778101 1.240826
v 1.619347 1.778101 1.261329
v 1.501495 1.837567 1.243437
v 1.516178 1.823025 1.242410
v 1.740305 1.823025 1.226737
v 1.754988 1.837567 1.225711
v 1.741505 1.973547 1.226654
v 1.741505 1.836379 1.226654
v 1.733588 1.843830 1.256313
v 1.733588 1.966095 1.256313
v 1.514978 1.973547 1.242494
v 1.526945 1.966095 1.270763
v 1.514978 1.836379 1.242494
v 1.526945 1.843830 1.270763
v 1.511877 1.976617 1.242711
v 1.511877 1.833308 1.242711
v 1.744605 1.833308 1.226437
v 1.754988 1.972358 1.225711
v 1.501495 1.972358 1.243437
v 1.516178 1.986901 1.242410
v 1.744605 1.976617 1.226437
v 1.740305 1.986901 1.226737
v 1.665596 1.986901 1.231962
v 1.590886 1.986901 1.237185
v 1.607210 1.995308 1.246656
v 1.650750 1.995308 1.243613
v -0.436975 2.514766 1.028942
v -0.428926 2.531554 1.024287
v -0.429774 2.518782 1.179929
v -0.441858 2.537680 0.996003
v -0.446604 2.518349 1.006569
v -0.465975 2.540525 0.984384
v -0.469179 2.520415 0.996587
v -0.443162 2.518133 1.203128
v -0.448690 2.498230 1.195610
v -0.437870 2.498580 1.178733
v -0.470593 2.500355 1.199964
v -0.698726 2.499669 1.202015
v -0.694213 2.522900 0.991461
v -0.974546 2.514855 0.992662
v -0.693775 2.541446 0.981968
v -0.973708 2.535007 0.981803
v -1.023408 2.530266 0.994211
v -1.021295 2.510618 1.003513
v -1.051777 2.525253 1.018183
v -1.045867 2.505726 1.024407
v -1.057499 2.506731 1.153623
v -1.049621 2.486531 1.147281
v -0.982304 2.488699 1.189654
v -1.025927 2.484354 1.176275
v -1.032224 2.502986 1.189750
v -0.981607 2.506729 1.202581
v -0.698031 2.518529 1.212273
v -0.469162 2.518456 1.209378
v -1.689999 1.779214 1.261660
v 0.362505 2.532553 0.974003
v 0.365708 2.512883 0.986901
v 0.343133 2.511165 0.996949
v 0.338389 2.530116 0.985715
v 0.333505 2.508366 1.019433
v 0.325453 2.524981 1.014196
v 0.326301 2.517649 1.170188
v 0.345219 2.497657 1.186577
v 0.339691 2.517808 1.193395
v 0.334400 2.497417 1.169698
v 0.367122 2.499932 1.190855
v 0.595254 2.499317 1.192928
v 0.590743 2.515187 0.981690
v 0.871075 2.507188 0.983172
v 0.946150 2.484277 1.138686
v 0.954028 2.504685 1.144318
v 0.928753 2.502206 1.180554
v 0.922456 2.483113 1.167739
v 0.878136 2.506393 1.193247
v 0.878833 2.487923 1.180958
v 0.594561 2.518524 1.202522
v 0.365691 2.518351 1.199631
v 0.917824 2.503334 0.994164
v 0.942396 2.499172 1.015217
v 0.590304 2.533390 0.971557
v 0.870237 2.526950 0.971617
v 0.919937 2.522644 0.984182
v 0.948306 2.518471 1.008315
v -0.005951 1.349025 0.953559
v -0.005952 1.333331 0.966728
v -0.025582 1.332945 0.966270
v -0.025582 1.348640 0.953101
v 0.018105 1.368661 0.976961
v 0.018105 1.352966 0.990130
v 0.011034 1.340593 0.975384
v 0.011034 1.356287 0.962214
v -0.005484 1.388399 1.000484
v -0.005484 1.372705 1.013653
v 0.011034 1.365340 1.004877
v 0.011034 1.381036 0.991708
v -0.018245 1.320252 1.002872
v -0.005704 1.322871 1.005993
v -0.005704 1.054378 1.194308
v -0.018245 1.050780 1.192395
v -0.025996 1.327109 1.011044
v -0.025996 1.060200 1.197403
v -0.018245 1.042966 1.207091
v -0.025996 1.052386 1.212099
v -0.018245 1.010722 1.379872
v -0.025996 1.018894 1.386729
v -0.018245 1.333966 1.019217
v -0.018245 1.069619 1.202412
v -0.018245 1.061805 1.217108
v -0.018245 1.027067 1.393586
v -0.005704 1.046564 1.209004
v -0.005704 1.013844 1.382491
v -0.005704 1.002792 1.394741
v -0.018245 1.000754 1.391212
v -0.005704 1.331347 1.016094
v -0.005704 1.066020 1.200499
v -0.005704 1.058208 1.215195
v -0.005704 1.023946 1.390967
v -0.018245 1.011422 1.409690
v -0.005704 1.009385 1.406160
v -0.025996 1.006088 1.400451
v -0.018245 0.990018 1.395292
v -0.025996 0.990018 1.405960
v -0.018245 0.961479 1.395292
v -0.025996 0.961479 1.405960
v -0.005704 0.990018 1.399367
v -0.005704 0.961479 1.399367
v -0.005704 0.990018 1.412554
v -0.005704 0.961479 1.412554
v -0.018245 0.990018 1.416628
v -0.018245 0.961479 1.416628
v 0.015457 0.970128 1.347297
v 0.014309 0.979104 1.463138
v 0.018975 0.949271 1.471475
v 0.029521 0.936056 1.346362
v -0.039974 0.979104 1.463138
v -0.044640 0.949271 1.471475
v -0.041123 0.970128 1.347297
v -0.055186 0.936056 1.346362
v 0.012530 0.935881 1.347674
v -0.038196 0.935881 1.347674
v 0.032870 0.942062 1.499010
v 0.045346 0.927748 1.326198
v 0.034768 0.923399 1.316014
v -0.060435 0.923399 1.316014
v -0.071393 0.927748 1.326198
v -0.058917 0.942062 1.499010
v 0.043969 0.916910 1.487737
v 0.043969 0.905508 1.349007
v -0.069157 0.916910 1.487737
v -0.069157 0.905508 1.348112
v -0.060435 0.906999 1.336694
v 0.034768 0.906999 1.336694
v 0.061958 0.888840 1.496300
v 0.061958 0.880436 1.319097
v -0.068775 0.889551 1.516284
v 0.043109 0.889551 1.516284
v -0.088970 0.880436 1.319097
v -0.088969 0.888840 1.496300
v 0.080319 0.888917 1.505189
v 0.056494 0.889898 1.528932
v 0.056494 0.837434 1.553189
v 0.090049 0.836451 1.509332
v 0.110842 0.834146 1.304193
v 0.061945 0.833163 1.237658
v 0.067692 0.879363 1.280989
v 0.095365 0.880346 1.300447
v -0.121033 0.880346 1.300447
v -0.093359 0.879363 1.280989
v -0.086978 0.833163 1.237658
v -0.141272 0.834146 1.304193
v -0.082161 0.889898 1.528932
v -0.082161 0.837434 1.553189
v -0.105985 0.888917 1.505189
v -0.119846 0.836451 1.509332
v 0.030417 2.381280 1.392539
v -0.012170 2.372552 1.396120
v -0.053678 2.381280 1.384253
v 0.033018 2.423421 1.364888
v -0.051076 2.423421 1.359008
v -0.008491 2.432149 1.354243
v -0.069794 2.402350 1.376393
v 0.049133 2.402350 1.384709
v -0.012129 2.448023 1.364569
v -0.054278 2.439295 1.372293
v -0.071737 2.418225 1.390941
v 0.047481 2.418225 1.390941
v -0.012129 2.388426 1.417313
v 0.030021 2.397154 1.409588
v -0.054278 2.397154 1.409588
v 0.030021 2.439295 1.372293
v 0.172096 2.403193 1.372328
v 0.171559 2.406656 1.384332
v 0.189950 2.356774 1.390391
v 0.145358 2.424885 1.368479
v 0.144655 2.428602 1.380445
v 0.000624 2.422734 1.359300
v -0.000308 2.426449 1.371253
v -0.000308 2.403174 1.388564
v -0.000308 2.354879 1.400127
v 0.170433 2.321218 1.392595
v 0.185460 2.330531 1.392661
v 0.066410 2.315606 1.386396
v -0.169933 2.313998 1.358850
v -0.066045 2.311506 1.365830
v -0.067027 2.313626 1.377935
v -0.040170 2.307998 1.380225
v 0.039553 2.309183 1.385281
v 0.067295 2.313486 1.374284
v 0.171183 2.319061 1.380479
v 0.186025 2.328123 1.380557
v 0.190288 2.354085 1.378300
v -0.039061 2.305685 1.368149
v 0.040310 2.306864 1.373181
v -0.171048 2.316149 1.370943
v -0.186077 2.325017 1.369102
v -0.184774 2.322619 1.357046
v -0.189038 2.348455 1.354247
v -0.190567 2.351125 1.366264
v -0.170847 2.398103 1.350583
v -0.144107 2.420587 1.350123
v -0.145272 2.424297 1.362062
v -0.172175 2.401553 1.362535
v 0.614251 0.846021 1.662691
v 0.614297 0.821765 1.654402
v 0.614297 0.847117 1.717680
v 0.614251 0.867510 1.702150
v 0.614297 0.981642 1.812036
v 0.614251 0.996950 1.791476
v 0.614297 0.996335 1.833441
v 0.614251 1.021966 1.833676
v 0.624010 0.997021 1.791382
v 0.624010 1.022084 1.833678
v 0.624055 0.981713 1.811942
v 0.624055 0.996452 1.833442
v 0.624055 0.821876 1.654441
v 0.624010 0.846132 1.662727
v 0.624010 0.867604 1.702079
v 0.624055 0.847209 1.717608
v 0.392046 0.846021 1.662689
v 0.392092 0.821765 1.654402
v 0.392092 0.847117 1.717680
v 0.392046 0.867510 1.702150
v 0.450464 0.981642 1.812036
v 0.450419 0.996950 1.791476
v 0.450464 0.996335 1.833441
v 0.450419 1.021966 1.833676
v 0.460178 0.997021 1.791382
v 0.460178 1.022084 1.833678
v 0.460223 0.981713 1.811942
v 0.460223 0.996452 1.833442
v 0.401850 0.821876 1.654441
v 0.401805 0.846132 1.662727
v 0.401805 0.867604 1.702079
v 0.401850 0.847209 1.717608
v 1.063414 1.896904 -0.048427
v 1.063517 1.889176 -0.053059
v 0.992010 1.891466 -0.057162
v 0.991907 1.899194 -0.052530
v -1.094993 1.890027 -0.059367
v -1.094890 1.897755 -0.054735
v -1.026120 1.897483 -0.047470
v -1.026223 1.889755 -0.052102
v -1.103263 1.521366 0.191743
v -1.103397 1.509955 0.185562
v -1.104884 1.485427 0.210302
v -1.104895 1.496982 0.215695
v -1.061941 1.484962 0.213372
v -1.064676 1.496459 0.218703
v -1.034121 1.575454 0.141075
v -1.030013 1.564446 0.130597
v -1.115016 1.564619 0.125150
v -1.119075 1.575464 0.136001
v -1.122840 1.557447 0.133251
v -1.126142 1.568725 0.142984
v -1.127245 1.522940 0.169108
v -1.127506 1.534519 0.176447
v -1.055659 1.511060 0.186626
v -1.059004 1.522400 0.193467
v -1.031140 1.523940 0.173586
v -1.032686 1.534838 0.182182
v -1.023988 1.557237 0.139719
v -1.027793 1.568400 0.149577
v -1.026223 1.874093 -0.024748
v -1.026120 1.877609 -0.016453
v -1.026223 1.836940 -0.002264
v -1.026120 1.839261 0.006441
v -1.038922 1.749278 0.050806
v -1.038820 1.751601 0.059511
v -1.046447 1.449468 0.202133
v -1.046345 1.451791 0.210838
v -1.046447 1.284377 0.240842
v -1.046345 1.286700 0.249548
v -1.046447 1.168308 0.223263
v -1.046345 1.165397 0.231789
v -1.046447 1.083304 0.129110
v -1.046345 1.082233 0.138056
v -1.094890 1.877531 -0.023773
v -1.094993 1.874015 -0.032068
v -1.097627 1.827794 0.006315
v -1.097730 1.825469 -0.002391
v -1.110327 1.751567 0.059382
v -1.110429 1.749244 0.050677
v -1.117851 1.451757 0.210710
v -1.117953 1.449434 0.202005
v -1.117851 1.286667 0.237705
v -1.117953 1.284343 0.228998
v -1.117851 1.169536 0.219373
v -1.117953 1.172450 0.210846
v -1.117851 1.082249 0.137925
v -1.117953 1.083320 0.128979
v 1.659409 1.790872 1.249810
v 1.686792 1.775210 1.249810
v 1.069049 1.521366 0.191742
v 1.070682 1.496982 0.215695
v 1.070670 1.485427 0.210301
v 1.069184 1.509955 0.185562
v 1.030462 1.496459 0.218703
v 1.027728 1.484962 0.213372
v 1.084861 1.575464 0.136000
v 0.999908 1.575454 0.141075
v 0.993580 1.568400 0.149577
v 1.091928 1.568725 0.142984
v 0.998471 1.534838 0.182182
v 1.093293 1.534519 0.176447
v 1.024791 1.522400 0.193467
v 1.080802 1.564619 0.125150
v 0.995798 1.564446 0.130597
v 1.093032 1.522940 0.169107
v 1.088627 1.557447 0.133250
v 0.996927 1.523940 0.173586
v 1.021445 1.511060 0.186625
v 1.258173 1.603785 1.261834
v 0.989775 1.557237 0.139719
v 0.992010 1.836940 -0.002264
v 0.991907 1.839261 0.006441
v 0.991907 1.875226 -0.022392
v 0.992010 1.871712 -0.030687
v 1.012232 1.083304 0.129109
v 1.012132 1.082233 0.138056
v 1.012132 1.165397 0.231789
v 1.012232 1.168308 0.223263
v 1.012132 1.286700 0.249548
v 1.012232 1.284377 0.240841
v 1.012132 1.451791 0.210837
v 1.012232 1.449468 0.202132
v 1.004607 1.751601 0.059511
v 1.004709 1.749278 0.050806
v 1.063414 1.827794 0.006315
v 1.063517 1.825469 -0.002392
v 1.063517 1.876460 -0.034244
v 1.063414 1.879976 -0.025947
v 1.083637 1.082249 0.137925
v 1.083740 1.083320 0.128979
v 1.083740 1.172450 0.210846
v 1.083637 1.169536 0.219372
v 1.083740 1.284343 0.228998
v 1.083637 1.286667 0.237704
v 1.083740 1.449434 0.202005
v 1.083637 1.451757 0.210710
v 1.076216 1.749244 0.050677
v 1.076114 1.751567 0.059382
v 0.289199 0.849741 0.750652
v 0.075824 0.861284 0.793705
v -0.140200 0.861284 0.793705
v -0.340627 0.849741 0.750652
v -1.170109 0.922874 0.231462
v -1.183668 0.992472 0.197650
v -1.181101 0.971848 0.193985
v -1.184733 1.002887 0.339174
v -1.163113 0.899757 0.263983
v -1.157043 0.859970 0.309576
v -1.156734 0.856589 0.507571
v -1.188399 1.006031 0.551628
v -1.156701 0.862076 0.704538
v -1.182811 1.012862 0.728515
v -1.161166 0.922126 0.748279
v -1.175676 0.996210 0.751957
v -1.154527 0.870340 0.730649
v -1.001908 1.278957 0.203619
v -0.998867 1.471328 0.168772
v -1.126035 1.463246 0.172588
v -0.721504 1.462179 0.158899
v -0.721504 1.280282 0.182646
v -0.988888 1.171606 0.178363
v -0.721504 1.166456 0.187947
v -0.721504 1.133396 0.192029
v -0.467141 1.127635 0.186834
v -0.975868 1.133817 0.189346
v -1.117639 1.173862 0.191273
v -1.122176 1.285784 0.203924
v -1.155495 1.283120 0.186331
v -1.147672 1.182405 0.173562
v -1.107804 1.113912 0.145948
v -0.721504 1.111627 0.200660
v -0.475034 1.107869 0.195884
v -0.967975 1.108295 0.196796
v -1.104509 1.092313 0.134348
v -1.143048 1.115111 0.114944
v -1.161695 1.167599 -0.058464
v -1.167681 1.347684 -0.088356
v -1.117859 1.080044 0.097798
v -1.148565 1.097916 -0.005294
v -1.144488 1.098126 -0.046068
v -1.130341 1.073738 -0.040495
v -1.115685 1.058512 -0.005731
v -1.126417 1.657948 0.089651
v -1.157195 1.650169 0.073767
v -1.156482 1.457682 0.155764
v -1.165902 1.620714 -0.135441
v -0.721504 1.864313 -0.032061
v -0.480763 1.868052 -0.030450
v -0.496967 1.884201 -0.070696
v -0.721504 1.658500 0.076068
v -0.962246 1.868052 -0.030450
v -0.991070 1.657421 0.089314
v -1.108828 1.877175 -0.033958
v -1.142003 1.868100 -0.051905
v -1.137869 1.862438 -0.187781
v -1.106387 1.891719 -0.079756
v -0.946044 1.894707 -0.070126
v -1.135700 1.884733 -0.098316
v -1.109761 1.863886 -0.202525
v -0.934141 1.885665 -0.189956
v -0.721504 1.887123 -0.072336
v -0.721504 1.881092 -0.189952
v -0.508701 1.880150 -0.184374
v -0.345239 1.860508 -0.181738
v -0.343173 1.871499 -0.043229
v 0.289215 1.871499 -0.043229
v 0.289097 1.836378 -0.008839
v -0.323821 1.836378 -0.008839
v 0.289227 1.860508 -0.181738
v -0.316594 1.657948 0.089651
v 0.289052 1.657948 0.089651
v 0.446550 1.868052 -0.030450
v 0.462753 1.884201 -0.070696
v 0.474488 1.880150 -0.184374
v 0.687291 1.887123 -0.072336
v 0.687291 1.881092 -0.189952
v 0.911831 1.894707 -0.070126
v 0.687291 1.864313 -0.032061
v 0.406888 1.278957 0.203619
v 0.289079 1.285784 0.203924
v 0.289106 1.173862 0.191273
v 0.289055 1.463246 0.172588
v 0.409929 1.471328 0.168771
v 0.417727 1.657421 0.089314
v 0.687291 1.658500 0.076068
v 0.928032 1.868052 -0.030450
v 0.687291 1.462179 0.158899
v 0.956856 1.657421 0.089314
v 0.964654 1.471328 0.168771
v 1.092203 1.657948 0.089651
v 1.074615 1.877175 -0.033959
v 1.122982 1.650169 0.073767
v 1.122268 1.457682 0.155763
v 1.091822 1.463246 0.172588
v 0.967694 1.278957 0.203619
v 0.687291 1.280375 0.192402
v 0.899927 1.885665 -0.189956
v 1.085827 1.894707 -0.070126
v 1.107790 1.868100 -0.051905
v 1.131688 1.620714 -0.135441
v 1.133468 1.347684 -0.088356
v 1.121281 1.283120 0.186330
v 1.103656 1.862438 -0.187781
v 1.075548 1.863886 -0.202525
v 1.113458 1.182405 0.173562
v 1.127482 1.167599 -0.058464
v 1.108835 1.115111 0.114944
v 1.073591 1.113912 0.140272
v 1.070296 1.092313 0.134348
v 1.083646 1.080044 0.097798
v 1.114352 1.097916 -0.005295
v 1.096128 1.073738 -0.040495
v 1.110275 1.098126 -0.046069
v 1.083426 1.173862 0.191273
v 1.087962 1.285784 0.203924
v 0.954675 1.172267 0.179461
v 0.941654 1.117550 0.140630
v 0.933762 1.089500 0.133977
v 0.687291 1.107940 0.128209
v 0.419909 1.172267 0.179461
v 0.289167 1.113912 0.140272
v 0.432928 1.117550 0.140630
v 0.687291 1.168171 0.167738
v 0.687291 1.083162 0.128833
v 0.440820 1.089500 0.133977
v 0.289186 1.092313 0.134348
v -0.335205 1.123366 0.180766
v -0.325371 1.175228 0.189719
v -0.320834 1.285784 0.203924
v -0.338500 1.106520 0.186339
v -0.316974 1.463246 0.172588
v -0.441101 1.280832 0.193939
v -0.454122 1.170726 0.187708
v -0.444142 1.471328 0.168772
v -0.451941 1.657421 0.089314
v 1.270141 1.593635 0.213892
v -0.721504 1.119414 0.537814
v -0.721504 1.104029 0.339776
v -0.994492 1.123480 0.335392
v -1.007859 1.145706 0.532643
v -1.128737 1.142073 0.340533
v -0.448518 1.123480 0.335392
v -1.144814 1.085403 0.164945
v -1.164142 1.124549 0.341635
v -1.170603 1.019352 0.336104
v -1.172106 1.148224 0.535610
v -1.140159 1.062896 0.116405
v -1.163583 1.005235 0.181334
v -1.175086 1.026598 0.554015
v -1.166581 1.032883 0.729727
v -1.119114 0.912491 0.228604
v -1.120569 0.892519 0.245651
v -1.147197 0.954448 0.187594
v -1.150995 0.981101 0.172695
v -1.153406 1.015055 0.130392
v -1.124698 1.011784 0.115313
v -1.115606 0.966163 0.183450
v -1.131939 0.716182 0.650224
v -1.121392 0.712269 0.756447
v -1.102382 0.849741 0.750652
v -1.113074 0.849236 0.701534
v -1.118865 0.841163 0.507365
v -1.131582 0.718312 0.258302
v -1.122810 0.844853 0.302769
v -1.118771 0.852469 -0.038766
v -1.116804 1.007891 -0.030211
v -1.111549 0.713584 -0.040953
v -0.365788 1.130886 0.811257
v -0.133926 1.105328 0.834890
v 0.075786 1.105328 0.834890
v 0.289354 1.130886 0.811257
v -0.322700 1.144665 0.759063
v 0.289090 1.144665 0.759063
v -0.312703 1.156862 0.686049
v -0.435180 1.144396 0.722796
v -0.451582 1.122974 0.833316
v -0.721504 1.130300 0.715541
v 0.417369 1.122974 0.833316
v 0.400965 1.144396 0.722796
v 0.289029 1.156862 0.686049
v -0.304201 1.164489 0.535751
v -0.435150 1.145706 0.532643
v -1.077223 1.130886 0.811257
v -1.120310 1.144665 0.759063
v -1.154629 1.124403 0.770589
v -1.007830 1.144396 0.722796
v -0.991428 1.122974 0.833316
v -0.721504 1.120879 0.837303
v -0.721504 1.093828 0.867081
v -0.450178 1.096372 0.863084
v -1.169929 1.138703 0.686640
v -0.992831 1.096372 0.863084
v -0.995370 0.995763 0.855364
v -1.093522 0.937321 0.812502
v -1.101897 1.014961 0.829155
v -1.097776 1.105328 0.834890
v -1.137794 0.922976 0.760432
v -1.128999 0.868280 0.740933
v -1.154124 1.004401 0.764972
v -0.980778 0.860644 0.817971
v -1.078794 0.861284 0.793705
v -0.721504 0.841399 0.750914
v -0.721504 0.860712 0.822749
v -0.462231 0.860644 0.817971
v -0.721504 0.991420 0.857942
v -0.447639 0.995763 0.855364
v 0.415965 1.096372 0.863084
v 0.075777 1.014961 0.829155
v -0.132564 1.014961 0.829155
v -0.135331 0.937321 0.812502
v 0.075794 0.937321 0.812502
v 0.413426 0.995763 0.855364
v 0.428018 0.860644 0.817971
v 0.687291 0.841399 0.750914
v 1.044581 0.861284 0.793705
v 0.946564 0.860644 0.817971
v 1.068169 0.849741 0.750652
v 0.687291 0.860712 0.822749
v 0.687291 0.991420 0.857942
v 0.687291 1.093828 0.867081
v 0.961157 0.995763 0.855363
v 0.973617 1.144396 0.722796
v 0.957215 1.122974 0.833316
v 1.043010 1.130886 0.811257
v 0.687291 1.130300 0.715541
v 0.687291 1.120879 0.837302
v 0.958618 1.096372 0.863084
v 1.067684 1.014961 0.829155
v 1.059309 0.937321 0.812502
v 1.063563 1.105328 0.834890
v 1.120416 1.124403 0.770589
v 1.119911 1.004401 0.764971
v 1.103581 0.922976 0.760432
v 1.094786 0.868280 0.740932
v 1.149454 0.992472 0.197649
v 1.129369 1.005235 0.181334
v 1.136390 1.019352 0.336104
v 1.150520 1.002887 0.339174
v 1.140873 1.026598 0.554014
v 1.154186 1.006031 0.551628
v 1.132368 1.032883 0.729727
v 1.135716 1.138703 0.686640
v 1.086095 1.144665 0.759063
v 1.148599 1.012862 0.728514
v 1.141463 0.996210 0.751956
v 1.104594 1.164489 0.535750
v 1.096092 1.156862 0.686048
v 0.973645 1.145706 0.532643
v 1.094524 1.142073 0.340533
v 0.960279 1.123480 0.335392
v 0.687291 1.104029 0.339776
v 1.137893 1.148224 0.535610
v 1.129928 1.124549 0.341635
v 1.110601 1.085403 0.164945
v 1.105946 1.062896 0.116405
v 1.090483 1.011784 0.115313
v 1.119192 1.015055 0.130391
v 1.116781 0.981101 0.172694
v 1.081392 0.966163 0.183450
v 1.122830 0.859970 0.309576
v 1.088597 0.844853 0.302768
v 1.086356 0.892519 0.245651
v 1.128900 0.899757 0.263983
v 1.084901 0.912491 0.228604
v 1.135896 0.922874 0.231461
v 1.112983 0.954448 0.187594
v 1.146887 0.971848 0.193985
v -1.200964 0.662704 0.822503
v -1.148500 0.663555 0.838376
v -0.721504 0.665176 0.848865
v -0.721504 0.712644 0.764202
v -0.321618 0.712269 0.756447
v -0.294510 0.663555 0.838376
v 0.289083 0.712269 0.756447
v 0.288615 0.663555 0.838376
v -1.230139 0.664656 -0.073246
v -1.230476 0.665882 0.245322
v -1.227592 0.665714 0.662208
v -1.219293 0.663570 0.768290
v 0.400937 1.145706 0.532643
v 0.414305 1.123480 0.335392
v 0.289037 1.142073 0.340533
v 0.288977 1.164489 0.535751
v -0.314272 1.142073 0.340533
v 0.687291 1.119414 0.537814
v 1.101148 0.849931 0.707719
v 1.078861 0.849236 0.701534
v 1.084651 0.841163 0.507365
v 1.126953 0.922126 0.748279
v 1.120314 0.870340 0.730649
v 1.122488 0.862076 0.704538
v 1.122521 0.856589 0.507570
v 0.687291 0.712644 0.764201
v 1.087179 0.712269 0.756446
v -1.135361 0.849931 0.707719
v -1.138808 1.164489 0.535751
v -1.130305 1.156862 0.686049
v 0.687291 0.665176 0.848865
v 1.114287 0.663555 0.838376
v 1.166751 0.662704 0.822503
v -0.293859 1.827468 1.423270
v -0.165823 1.829635 1.423264
v -0.180217 1.486379 1.375195
v -0.023035 1.847407 1.434356
v -0.293003 1.843980 1.440378
v -0.048092 1.483364 1.348152
v -0.037786 1.831802 1.414647
v -0.026485 1.839407 1.398791
v -0.031124 1.483023 1.338176
v -0.011068 1.472662 1.319136
v -0.017114 1.848646 1.378715
v -0.017114 1.859809 1.747396
v -0.293003 1.859561 1.732394
v -0.513700 1.859313 1.722113
v -0.025131 1.482666 1.330647
v -0.017114 1.859782 1.380370
v -0.951868 1.858816 1.694158
v -0.735613 1.859066 1.704569
v -0.736040 1.843588 1.446330
v -0.514490 1.843762 1.440311
v -0.515399 1.827220 1.423214
v -0.312342 1.489394 1.393626
v -0.172539 1.473263 1.353442
v -0.736067 1.489329 1.393868
v -0.957598 1.489296 1.393941
v -0.957598 1.826763 1.436217
v -0.736067 1.826973 1.428972
v -0.534028 1.489361 1.393808
v -0.736067 1.479724 1.375172
v -0.957598 1.479724 1.375172
v -0.514534 1.479724 1.375172
v -0.311325 1.479726 1.375172
v -0.172224 1.408064 1.350278
v -0.011390 1.408064 1.313944
v -1.113733 1.479715 1.375172
v -1.113733 1.408054 1.375172
v -1.207297 1.408041 1.375172
v -0.957598 1.408063 1.375172
v -0.736067 1.408064 1.375172
v -0.514534 1.408064 1.375172
v -0.311325 1.408064 1.375172
v -1.207297 1.479703 1.375172
v -1.321170 1.479682 1.372180
v -1.283975 1.486092 1.394114
v -1.321170 1.417646 1.372180
v -1.347540 1.484271 1.466336
v -1.338020 1.788297 1.485104
v -1.330420 1.817788 1.577556
v -1.283973 1.834342 1.570387
v -1.283975 1.820068 1.466496
v -1.336321 1.806355 1.501610
v -1.283975 1.802392 1.448229
v -1.207297 1.487666 1.394096
v -1.244494 1.846369 1.653447
v -1.210076 1.831175 1.462067
v -1.207297 1.814373 1.444217
v -1.113733 1.488585 1.394032
v -1.113733 1.853380 1.673129
v -1.104597 1.838073 1.457272
v -1.104372 1.821354 1.439439
v -0.957246 1.843406 1.453895
v -0.735545 1.859066 1.725596
v -1.321602 1.834342 1.641759
v -1.328101 1.834342 1.654088
v -1.354239 1.819872 1.632769
v -1.360684 1.820435 1.647706
v -1.393896 1.669385 1.662119
v -1.314583 1.371634 1.979532
v -1.386135 1.371619 1.979530
v -1.372279 1.446213 1.534920
v -0.325372 1.256311 1.971436
v -1.327094 0.853867 1.971554
v -1.329616 1.389592 1.966463
v -0.017114 1.389592 1.842072
v -0.017114 1.256311 1.847562
v -0.017114 1.206534 1.787595
v -0.196138 1.206534 1.787595
v -0.281400 1.222903 1.896421
v -0.281376 0.854054 1.794610
v -0.325372 0.727184 1.877145
v -1.326283 0.727184 1.877199
v -1.325609 0.667659 1.744073
v -0.325377 0.667645 0.756007
v -1.377020 0.667659 0.755620
v -1.377020 0.667659 1.571296
v -0.325377 0.667652 1.571490
v -0.325372 0.667659 1.776739
v -0.281359 0.814911 1.731500
v -0.196092 0.891396 1.728180
v -0.281356 0.817190 0.756006
v -0.281360 0.795894 1.571487
v -0.196067 0.857714 1.670339
v -0.196067 0.839281 1.525099
v -0.017114 0.891389 1.728136
v -0.017114 0.861209 1.668366
v -0.017114 0.839277 1.525226
v -0.017114 0.860566 0.756391
v -0.196061 0.860576 0.756135
v -1.377020 0.667659 0.026461
v -1.377020 0.667659 -0.024784
v -1.377020 0.667659 0.135964
v -1.374876 0.745901 0.764063
v -1.374876 0.745901 1.571861
v -1.300179 1.784680 -0.213178
v -1.300179 0.767200 -0.213178
v -1.300179 0.674208 -0.214488
v -1.057182 2.159004 -0.212978
v -1.276342 2.111275 -0.213178
v -1.032922 2.108509 -0.213008
v -1.195063 2.547028 0.407597
v -1.199556 2.555229 0.091845
v -1.101825 2.569257 0.092882
v -1.105433 2.561482 -0.192332
v -1.178434 2.556809 -0.151608
v -1.159033 2.553783 -0.192332
v -1.108292 2.524452 -0.213178
v -1.205348 2.519972 -0.213178
v -1.243559 2.450920 -0.217975
v -1.020884 2.389240 -0.212865
v -1.225452 2.515350 -0.172627
v -0.996025 2.432287 -0.213069
v -0.949320 2.453632 -0.213178
v -0.244735 2.574622 -0.192332
v -0.243959 2.575092 0.099621
v -0.243098 2.573490 0.424014
v -1.097815 2.567408 0.409786
v -1.084373 2.548526 0.726690
v -0.242236 2.554854 0.748405
v -0.246638 2.504308 1.292459
v -0.232958 2.529109 1.113441
v -1.050656 2.523949 1.113441
v -1.190569 2.528107 0.723348
v -0.705481 2.504308 1.264578
v -0.935210 2.504307 1.244919
v -1.142204 2.523339 1.141232
v -1.185626 2.502386 1.077116
v -1.182048 2.486665 1.157186
v -1.201276 2.466989 1.188923
v -1.263910 2.448504 1.180954
v -1.225213 2.480047 1.080397
v -1.261527 2.449595 -0.183025
v -1.289324 2.298315 -0.181706
v -1.264820 2.420062 0.048856
v -1.323855 2.110391 -0.180068
v -1.358295 1.784353 -0.178151
v -1.387336 1.780326 -0.028213
v -1.384652 1.777648 0.055258
v -1.035111 2.162240 -0.207005
v -1.057179 2.159001 -0.206999
v -1.019399 2.129543 -0.207035
v -1.032917 2.108509 -0.207028
v -1.215161 2.444567 1.212157
v -1.239017 2.444567 1.263698
v -1.256542 2.410943 1.283981
v -1.227081 2.412346 1.239033
v -1.254790 2.298428 1.308281
v -1.273185 2.222668 1.356847
v -1.319199 2.105949 1.472893
v -1.296431 2.093199 1.440064
v -1.280525 2.348924 1.257378
v -1.351668 1.781991 1.641392
v -1.332125 2.069804 1.421520
v 0.161834 0.860576 0.756135
v 0.247130 0.817190 0.756005
v 0.291151 0.667645 0.756007
v -0.017114 0.667630 0.756394
v 1.295389 1.389592 1.842706
v 1.292867 0.853867 1.847798
v 0.291145 1.256311 1.847680
v 0.161912 1.206534 1.787595
v 0.247174 1.222903 1.869580
v 0.247150 0.854054 1.794291
v 0.291145 0.727183 1.753388
v 1.292057 0.727183 1.753442
v 1.291384 0.667659 1.634825
v 1.342794 0.667659 1.571296
v 1.342794 0.667659 0.755620
v 0.291151 0.667652 1.571490
v 0.291145 0.667659 1.667490
v 0.247133 0.814911 1.712460
v 0.161865 0.891396 1.728180
v 0.247135 0.795894 1.571487
v 0.161840 0.857714 1.670339
v 0.161840 0.839281 1.525099
v -0.017114 0.667629 -0.024009
v -0.017114 0.667630 0.027235
v 1.342794 0.667659 0.026461
v -0.017114 0.667630 0.136738
v 1.342794 0.667659 0.135964
v 1.340649 0.745901 0.764062
v 1.340649 0.745901 1.571860
v 1.336032 0.899665 1.616147
v 0.701394 1.886565 1.685257
v 0.479494 1.886868 1.702796
v 0.258062 1.858809 1.718249
v 0.258777 1.859561 1.732394
v 0.481115 1.906082 1.377064
v 0.258970 1.887154 1.713067
v 0.259643 1.906370 1.377068
v 0.259489 1.890535 1.362069
v 0.481020 1.890280 1.362066
v 0.480308 1.847259 1.366281
v 0.701839 1.847003 1.366387
v 0.258777 1.847515 1.366282
v 0.051411 1.890749 1.362070
v 0.045642 1.906623 1.377072
v 0.012463 1.875300 1.364361
v -0.000963 1.885159 1.379809
v 0.020554 1.847736 1.366284
v -0.001524 1.826379 1.364196
v 0.061173 1.807028 1.419564
v 0.285627 1.815488 1.419547
v 0.495415 1.819557 1.419528
v 0.705203 1.819327 1.419618
v -0.004571 1.870464 1.742559
v 0.045588 1.887348 1.725156
v 0.914992 1.814807 1.419734
v 0.923371 1.846746 1.366521
v 1.053570 1.807078 1.419413
v 1.069706 1.841138 1.366582
v 1.151454 1.795012 1.419013
v 1.231099 1.786334 1.418394
v 1.245253 1.770525 1.414865
v 0.480308 1.472662 1.306812
v 0.480308 1.408064 1.313944
v 0.258777 1.408064 1.313944
v 0.258777 1.472662 1.306812
v 0.278114 1.482635 1.318395
v -0.011068 1.482669 1.330640
v 0.923372 1.482534 1.318711
v 0.701839 1.482568 1.318637
v 0.705203 1.493294 1.347338
v 0.513875 1.493327 1.347280
v 0.499800 1.482602 1.318576
v 0.303940 1.493366 1.347101
v 0.024362 1.493400 1.347023
v 0.038665 1.786138 1.414729
v 0.701839 1.472662 1.306812
v 1.173069 1.480853 1.318864
v 1.079508 1.481801 1.318802
v 1.243540 1.490382 1.347356
v 1.151454 1.491792 1.347448
v 1.062850 1.492617 1.347448
v 0.914992 1.493260 1.347409
v 0.702760 1.565201 1.013228
v 0.609120 1.595442 1.021899
v 0.796400 1.595442 1.021899
v 0.832321 1.569545 1.243705
v 0.813600 1.606634 1.248863
v 0.778709 1.616792 1.289746
v 0.835187 1.538911 1.268812
v 0.796400 1.424544 1.247878
v 0.702760 1.647033 1.298417
v 0.626811 1.616792 1.289746
v 0.598261 1.605642 1.248862
v 0.570333 1.538911 1.268812
v 0.579540 1.568552 1.243705
v 0.939273 0.846021 1.662691
v 0.939317 0.821765 1.654402
v 0.939317 0.847117 1.717680
v 0.939273 0.867510 1.702150
v 1.056697 0.981643 1.812036
v 1.056653 0.996950 1.791476
v 1.056697 0.996335 1.833441
v 1.056653 1.021968 1.833676
v 1.066412 0.997021 1.791382
v 1.066412 1.022084 1.833678
v 1.066456 0.981713 1.811942
v 1.066456 0.996452 1.833442
v 0.949076 0.821876 1.654441
v 0.949032 0.846132 1.662727
v 0.949032 0.867604 1.702079
v 0.949076 0.847209 1.717608
v 0.982468 0.809632 1.639844
v 0.908213 0.810067 1.639844
v 0.905301 0.839982 1.652051
v 0.986380 0.840158 1.652050
v 0.911056 0.869033 1.675351
v 0.979650 0.868779 1.675351
v 0.702383 0.795562 1.642064
v 0.545239 0.795881 1.642064
v 0.539865 0.841989 1.650941
v 0.706186 0.842039 1.650941
v 0.537656 0.880956 1.674796
v 0.705965 0.880735 1.674242
v 0.428507 0.741631 1.614631
v 0.359603 0.741553 1.614631
v 0.355809 0.837038 1.646326
v 0.425274 0.837753 1.646999
v 0.351691 0.913714 1.680043
v 0.421638 0.913560 1.680043
v 0.907431 0.806771 1.644292
v 0.903916 0.837625 1.658209
v 0.908868 0.867887 1.679999
v 0.981624 0.868229 1.679589
v 0.987066 0.837524 1.658142
v 0.983314 0.806725 1.644088
v 1.084558 0.852469 -0.038766
v 1.097369 0.718312 0.258301
v 1.097726 0.716182 0.650224
v 1.077336 0.713584 -0.040953
v 0.609120 1.424544 1.247878
v 0.702760 1.394303 1.239206
v 0.778513 1.410726 2.025548
v 0.778573 1.593852 1.328393
v 0.702863 1.624032 1.336973
v 0.702863 1.440849 2.034113
v 0.627156 1.593852 1.328393
v 0.627214 1.410726 2.025548
v 0.570922 1.517278 1.307843
v 0.570919 1.334029 2.004966
v 0.609076 1.407617 1.287116
v 0.609181 1.224346 1.984231
v 0.702863 1.377070 1.278439
v 0.702863 1.193888 1.975578
v 0.796652 1.407617 1.287116
v 0.796547 1.224346 1.984231
v 0.834810 1.334029 2.004966
v 0.834807 1.517278 1.307843
v -1.237906 1.371647 1.979534
v -1.113733 1.371654 1.979544
v -0.957598 1.371661 1.979565
v -0.753614 1.371661 1.979575
v -0.514534 1.371661 1.979596
v -0.293003 1.371661 1.979596
v -0.017114 1.371661 1.979589
v 0.258776 1.371661 1.979596
v 0.480308 1.371661 1.979596
v 0.719387 1.371661 1.979575
v 0.923372 1.371661 1.979565
v 1.079506 1.371654 1.979544
v 1.203679 1.371647 1.979533
v 0.544574 0.791402 1.646062
v 0.538915 0.839704 1.661055
v 0.536686 0.879467 1.679868
v 0.707178 0.879519 1.679794
v 0.707069 0.839117 1.660363
v 0.703120 0.791501 1.646311
v 1.196263 0.665882 0.245322
v 1.195925 0.664656 -0.073246
v 1.193378 0.665714 0.662208
v 1.185080 0.663570 0.768290
v 0.350638 0.912567 1.687186
v 0.354574 0.836170 1.653777
v 0.358688 0.737820 1.620082
v 0.430025 0.737233 1.619747
v 0.426001 0.837234 1.654075
v 0.423086 0.912754 1.687186
v -1.348090 1.537993 -0.020163
v -1.358295 1.334923 -0.178151
v -1.358295 0.766874 -0.178151
v -1.358382 0.673951 -0.182770
v -1.371632 1.342560 -0.022964
v -1.376186 1.077315 -0.022490
v -1.376375 0.852441 -0.023736
v -1.086046 1.050201 -0.028528
v -0.046641 1.352760 0.989807
v -0.048213 1.368661 0.976961
v -0.041609 1.356400 0.962580
v 0.043109 0.879726 1.296485
v -0.068775 0.879726 1.296485
v -0.040824 1.340600 0.975588
v -0.040812 1.364820 1.004545
v -0.025582 1.372989 1.013991
v -0.025582 1.388683 1.000821
v -0.041598 1.380617 0.991536
v -0.017451 1.334577 1.015015
v -0.023428 1.329290 1.008715
v -0.007783 1.332558 1.012608
v -0.007783 1.326023 1.004820
v -0.017451 1.324003 1.002414
v -0.028408 1.335204 1.004418
v -0.020096 1.325664 0.993048
v -0.002648 1.329309 0.997390
v -0.020096 1.344746 1.015789
v -0.002648 1.341101 1.011445
v 1.303375 2.101740 1.249154
v 1.303908 2.101740 1.386913
v 1.259225 2.361599 1.249154
v 1.373550 1.759960 1.249154
v 1.312525 2.101740 1.249154
v 1.313058 2.101740 1.386913
v 1.366901 1.759960 1.567425
v 1.378431 1.759960 0.086577
v 1.321977 2.101740 0.086576
v 1.241920 2.482474 0.086576
v 1.268376 2.361599 1.249154
v 1.249715 2.455005 1.153903
v 1.240564 2.455005 1.153903
v 1.369281 1.759960 0.086577
v 1.364400 1.759960 1.249154
v 1.312827 2.101740 0.086576
v 1.232770 2.482474 0.086576
v 1.357751 1.759960 1.567425
v -1.175555 2.495805 1.235986
v -1.217311 2.463723 1.244282
v -1.258832 2.406116 1.280724
v -1.124754 2.508495 1.231888
v -1.151325 2.415185 1.318590
v -1.138040 2.466293 1.281165
v -0.984319 2.470689 1.296257
v -0.970365 2.506513 1.241023
v -0.808367 2.470720 1.301532
v -0.795102 2.512269 1.242897
v -0.821631 2.420263 1.348315
v -0.998274 2.414563 1.330749
v -1.018104 2.304634 1.411354
v -1.176120 2.296511 1.389767
v -0.850000 2.310280 1.437097
v -0.884518 2.130940 1.560597
v -1.062019 2.125402 1.525549
v -1.205835 2.117872 1.505286
v -1.329457 2.103992 1.461970
v -1.284765 2.289556 1.351723
v -1.351916 1.857788 1.619825
v -1.324730 1.832300 1.647530
v -1.247284 1.846369 1.655686
v -1.116330 1.853380 1.674728
v -0.951670 1.858816 1.698626
v -0.735590 1.859066 1.711307
v -0.674435 2.131207 1.563017
v -0.661560 2.310611 1.449722
v -0.251247 2.421048 1.389473
v -0.243749 2.471509 1.338725
v -0.463552 2.471261 1.324772
v -0.471045 2.420800 1.375519
v -0.639304 2.471024 1.312380
v -0.646723 2.420576 1.361528
v -0.486036 2.310809 1.466564
v -0.486559 2.131454 1.579214
v -0.513809 1.859313 1.728150
v -0.294048 1.859561 1.742115
v -0.270870 2.131702 1.593820
v -0.017136 1.859809 1.754135
v -0.631885 2.512565 1.251380
v -0.456056 2.512813 1.262173
v -0.236250 2.513061 1.276124
v -0.017136 2.471756 1.350761
v -0.017136 2.513308 1.288162
v 0.201978 2.513061 1.276124
v 0.209476 2.471509 1.338725
v 0.421785 2.512813 1.262173
v 0.429279 2.471261 1.324772
v 0.597614 2.512565 1.251380
v 0.605033 2.471024 1.312380
v 0.760829 2.512269 1.242896
v 0.774095 2.470720 1.301532
v 0.612451 2.420576 1.361528
v 0.787360 2.420263 1.348315
v 0.436774 2.420800 1.375519
v 0.216976 2.421048 1.389473
v -0.017136 2.421295 1.401508
v -0.266245 2.311058 1.480519
v -0.017136 2.311305 1.492551
v 0.231972 2.311058 1.480519
v 0.451764 2.310809 1.466564
v 0.627288 2.310611 1.449722
v 0.815729 2.310280 1.437097
v 0.236599 2.131702 1.593820
v -0.017136 2.131950 1.605847
v 0.452288 2.131454 1.579214
v 0.259777 1.859561 1.742115
v 0.479538 1.859313 1.728150
v 0.640162 2.131207 1.563017
v 0.850247 2.130940 1.560596
v 0.701318 1.859066 1.711307
v 0.917399 1.858816 1.698625
v 0.964003 2.414563 1.330749
v 0.983833 2.304634 1.411354
v 1.027747 2.125402 1.525549
v 1.082059 1.853380 1.674728
v 1.213012 1.846369 1.655686
v 1.171563 2.117872 1.505286
v 1.141849 2.296511 1.389767
v 1.117052 2.415185 1.318590
v 1.103768 2.466293 1.281164
v 0.950048 2.470689 1.296257
v 0.936092 2.506513 1.241023
v 1.090483 2.508495 1.231888
v 1.224561 2.406116 1.280723
v 1.250492 2.289556 1.351723
v 1.279982 2.105567 1.467663
v 1.317645 1.857788 1.619824
v 1.290459 1.832300 1.647529
v 1.183040 2.463723 1.244282
v 1.141284 2.495805 1.235985
v -1.346903 2.101740 1.249154
v -1.347436 2.101740 1.386914
v -1.302752 2.361599 1.249154
v -1.407928 1.759960 1.249154
v -1.401279 1.759960 1.567425
v -1.356355 2.101740 0.086577
v -1.276298 2.482474 0.086577
v -1.284092 2.455005 1.153903
v -1.412809 1.759960 0.086577
v 1.280689 2.102488 1.461312
v 1.315386 1.858353 1.606899
v 1.286871 1.832300 1.633818
v 1.210267 1.846369 1.648657
v 0.917641 1.858816 1.689369
v 0.701265 1.859066 1.702075
v 0.640110 2.131207 1.553785
v 0.850824 2.130936 1.551342
v 1.079506 1.853380 1.668339
v 1.025211 2.125401 1.519159
v 1.169294 2.117823 1.498179
v 1.248996 2.289423 1.344510
v 1.140352 2.296378 1.382554
v 1.223512 2.405931 1.274582
v 0.451569 2.310809 1.456438
v 0.627236 2.310611 1.440490
v 0.816693 2.310268 1.427856
v 0.981327 2.304632 1.404957
v 1.116003 2.415002 1.311337
v 0.961524 2.414557 1.324348
v 1.089880 2.508259 1.224596
v 1.182248 2.463655 1.237290
v 1.140681 2.495570 1.228693
v -0.017136 2.311305 1.481023
v -0.017136 2.421295 1.389979
v 0.215976 2.421048 1.374962
v 0.230974 2.311058 1.466009
v 0.436579 2.420800 1.365393
v 0.612402 2.420576 1.352294
v 0.788547 2.420245 1.339085
v 0.933640 2.506508 1.234618
v 0.762240 2.512247 1.233679
v 0.597567 2.512565 1.242148
v 0.421589 2.512813 1.252046
v 0.200978 2.513061 1.261613
v -0.017136 2.513308 1.276633
v -0.250247 2.421048 1.374962
v -0.265245 2.311058 1.466009
v -0.470851 2.420800 1.365393
v -0.485840 2.310809 1.456438
v -0.646674 2.420576 1.352294
v -0.661509 2.310611 1.440490
v -0.822820 2.420245 1.339085
v -0.796513 2.512247 1.233680
v -0.967913 2.506508 1.234618
v -0.674381 2.131207 1.553785
v -1.124152 2.508259 1.224596
v -0.995795 2.414557 1.324348
v -0.850964 2.310268 1.427856
v -0.885095 2.130936 1.551343
v -0.951914 1.858816 1.689369
v -0.735536 1.859066 1.702075
v -0.486364 2.131453 1.569088
v -0.513615 1.859313 1.718024
v -1.216521 2.463655 1.237290
v -1.174953 2.495570 1.228693
v -1.244539 1.846369 1.648657
v -1.203565 2.117823 1.498179
v -1.059482 2.125401 1.519159
v -1.015598 2.304632 1.404958
v -1.174624 2.296378 1.382554
v -1.150275 2.415002 1.311337
v -1.113779 1.853380 1.668339
v -1.321142 1.832300 1.633818
v -1.349658 1.858353 1.606899
v -1.330163 2.100913 1.455619
v -1.283268 2.289423 1.344510
v -1.257783 2.405931 1.274583
v -0.631840 2.512565 1.242148
v -0.455861 2.512813 1.252046
v -0.235251 2.513061 1.261613
v -0.979460 2.415897 -0.221569
v -0.942927 2.432595 -0.221462
v -0.015588 2.452136 -0.221460
v -0.998939 2.382167 -0.221770
v -1.033588 2.162395 -0.221654
v -1.017877 2.129694 -0.221622
v -0.015588 2.108232 -0.221459
v 0.986700 2.129694 -0.221623
v 1.002411 2.162395 -0.221654
v 0.967764 2.382167 -0.221770
v 0.948283 2.415897 -0.221569
v 0.911750 2.432595 -0.221462
v -0.269870 2.131702 1.579309
v -0.017136 2.131950 1.594318
v 0.235599 2.131702 1.579309
v 0.452093 2.131453 1.569087
v -0.293048 1.859561 1.727604
v -0.017136 1.859809 1.742606
v 0.258777 1.859561 1.727604
v 0.479342 1.859313 1.718024
v -1.403659 1.759960 0.086577
v -1.347205 2.101740 0.086577
v -1.337752 2.101740 1.249154
v -1.398777 1.759960 1.249154
v -1.392128 1.759960 1.567425
v -1.338286 2.101740 1.386914
v -1.293603 2.361599 1.249154
v -1.274942 2.455005 1.153903
v -1.267147 2.482474 0.086577
v 0.948283 2.415897 -0.218815
v 0.911750 2.432595 -0.218710
v -0.015588 2.452136 -0.218707
v 0.967764 2.382167 -0.219017
v 1.002411 2.162395 -0.218901
v 0.986700 2.129694 -0.218870
v -0.015588 2.108232 -0.218707
v -1.017877 2.129694 -0.218870
v -1.033588 2.162395 -0.218901
v -0.998939 2.382167 -0.219017
v -0.979460 2.415897 -0.218814
v -0.942927 2.432595 -0.218710
vn 0.9651 -0.2055 -0.1626
vn 0.9685 0.1120 -0.2224
vn 0.4911 0.3880 -0.7799
vn 0.1374 0.8982 -0.4177
vn 0.0766 0.9275 -0.3659
vn 0.1034 0.7644 0.6364
vn 0.1758 0.8088 0.5612
vn 0.1725 0.9003 -0.3997
vn 0.1336 0.9610 0.2419
vn 0.2535 0.9117 -0.3234
vn 0.2646 0.9636 0.0381
vn 0.0214 0.9317 -0.3625
vn 0.0093 0.3314 -0.9434
vn 0.0318 0.3247 -0.9453
vn 0.0501 0.2501 -0.9669
vn 0.0309 0.1621 -0.9863
vn 0.1054 0.5245 -0.8449
vn -0.0832 -0.5988 -0.7965
vn -0.0743 0.1277 -0.9890
vn 0.4629 0.8075 -0.3656
vn 0.3237 0.9460 0.0193
vn 0.1339 0.9910 0.0089
vn 0.1267 0.8607 0.4931
vn 0.7404 0.4241 -0.5216
vn -0.1220 0.0865 -0.9888
vn 0.0429 0.7836 0.6198
vn 0.0393 0.7882 0.6142
vn -0.0006 0.9996 -0.0276
vn -0.0007 0.9995 -0.0301
vn 0.0681 0.8168 0.5729
vn 0.0152 0.9994 -0.0310
vn 0.0370 0.9986 -0.0386
vn 0.1031 0.9937 -0.0445
vn 0.3274 0.9438 -0.0456
vn 0.3271 0.4880 -0.8092
vn -0.1813 0.2469 -0.9519
vn 0.8965 0.4270 -0.1182
vn 0.6988 0.6980 -0.1565
vn 0.2442 0.9612 -0.1286
vn 0.1533 0.9354 0.3188
vn 0.0888 0.9442 0.3173
vn 0.0279 0.9525 0.3033
vn 0.6315 0.7153 -0.2994
vn 0.9668 0.1448 -0.2108
vn 0.7679 0.6206 -0.1586
vn 0.5845 0.4971 -0.6413
vn -0.0308 0.4899 -0.8713
vn -0.0103 0.4297 -0.9029
vn -0.0155 -0.7084 -0.7056
vn -0.0040 -0.7272 -0.6864
vn -0.0016 -0.6906 -0.7232
vn 0.0015 0.4706 -0.8823
vn 0.0159 -0.7052 -0.7088
vn 0.5607 -0.5622 -0.6079
vn 0.9859 -0.1440 -0.0851
vn 0.9878 0.0173 -0.1547
vn 0.3968 -0.9145 -0.0788
vn 0.0043 -0.9981 -0.0615
vn 0.9950 0.0360 -0.0936
vn 0.7229 0.6469 -0.2426
vn -0.7661 -0.4882 0.4180
vn -0.4378 -0.6217 0.6495
vn -0.6314 -0.1038 0.7685
vn -0.8459 -0.0358 0.5321
vn -0.6355 0.0096 0.7721
vn -0.8784 -0.1213 0.4623
vn -0.6641 -0.1242 0.7372
vn -0.9232 -0.1375 0.3589
vn -0.6707 -0.1478 0.7268
vn -0.8274 0.1080 0.5511
vn -0.1386 -0.9902 -0.0174
vn -0.7732 -0.6147 0.1559
vn -0.9187 -0.3355 0.2084
vn -0.5182 -0.2143 0.8280
vn -0.3077 -0.0355 0.9508
vn -0.2754 -0.0133 0.9613
vn -0.8549 -0.0221 0.5183
vn -0.4224 -0.5198 0.7426
vn -0.5518 -0.0461 0.8327
vn -0.5498 -0.0047 0.8353
vn -0.8414 -0.0089 0.5404
vn -0.5498 0.0164 0.8351
vn -0.7190 0.3914 0.5743
vn -0.6540 0.5955 0.4665
vn -0.7152 0.6967 0.0562
vn -0.2688 -0.0072 0.9632
vn -0.1948 0.6443 0.7396
vn -0.0132 -0.9994 -0.0313
vn -0.0000 -0.9995 -0.0312
vn -0.0000 -1.0000 -0.0015
vn -0.0139 -0.9979 -0.0635
vn -0.0000 -0.9980 -0.0624
vn -0.1013 -0.9926 -0.0676
vn -0.1071 -0.9937 -0.0343
vn -0.0122 -0.9999 -0.0017
vn -0.0000 -0.9175 0.3978
vn -0.0033 -0.8304 0.5572
vn -0.0000 -0.3205 0.9473
vn -0.0794 -0.9968 0.0042
vn -0.5126 -0.8575 -0.0443
vn -0.4483 -0.8923 -0.0535
vn -0.0137 -0.9943 -0.1059
vn -0.0236 -0.9948 -0.0993
vn -0.0000 -0.9918 -0.1275
vn -0.5113 -0.8524 -0.1098
vn -0.2653 -0.9532 -0.1453
vn -0.5486 -0.8291 -0.1080
vn -0.2562 -0.7186 0.6464
vn 0.0179 -0.8008 0.5987
vn -0.0067 -0.9898 -0.1424
vn 0.0356 -0.7887 0.6138
vn 0.0139 -0.7788 0.6271
vn -0.0000 -0.7826 0.6226
vn 0.0816 -0.9906 -0.1097
vn -0.3569 -0.9312 -0.0739
vn 0.0641 -0.8752 -0.4795
vn -0.7048 -0.7052 -0.0773
vn -0.3584 -0.1224 0.9255
vn -0.0114 -0.2662 0.9638
vn -0.0558 -0.8577 0.5111
vn -0.4575 -0.8892 0.0052
vn -0.2035 -0.8308 0.5181
vn -0.3838 -0.9189 0.0916
vn 0.2881 -0.4488 0.8459
vn -0.0000 -0.7026 0.7116
vn -0.0000 -0.0001 1.0000
vn 0.6186 -0.0910 0.7804
vn 0.6236 0.2216 0.7497
vn 0.4173 0.4628 0.7821
vn 0.1464 0.6388 0.7553
vn -0.0000 0.7019 0.7123
vn -0.0000 0.6762 0.7367
vn -0.0000 -0.0256 0.9997
vn -0.0901 -0.5288 -0.8439
vn -0.2606 -0.2863 -0.9220
vn -0.9898 -0.0664 0.1264
vn -0.9767 -0.2051 -0.0640
vn 0.4967 0.6502 0.5749
vn 0.0262 -0.5200 -0.8538
vn -0.9592 -0.2627 -0.1046
vn -0.9454 -0.2910 -0.1466
vn -0.1616 0.4676 0.8691
vn -0.9340 -0.3445 -0.0950
vn -0.2799 0.4471 0.8496
vn -0.7781 -0.6088 -0.1549
vn -0.4133 0.2156 0.8847
vn -0.1542 0.5052 0.8491
vn 0.0680 -0.6177 -0.7835
vn 0.0548 -0.5143 -0.8559
vn -0.0606 0.2885 -0.9556
vn -0.0567 0.2739 -0.9601
vn -0.7500 -0.0100 -0.6614
vn -0.6712 -0.1883 -0.7169
vn -0.0000 0.3637 -0.9315
vn -0.0196 0.3587 -0.9332
vn -0.2038 0.9073 -0.3678
vn -0.0363 0.3488 -0.9365
vn -0.3930 0.8311 -0.3935
vn 0.6918 0.0244 -0.7217
vn -0.0609 0.3041 -0.9507
vn -0.0572 0.3201 -0.9456
vn 0.6190 -0.1397 -0.7729
vn -0.0490 0.3354 -0.9408
vn 0.5045 -0.2798 -0.8168
vn 0.3564 -0.3869 -0.8505
vn -0.9999 -0.0050 0.0161
vn -0.9656 0.2413 0.0965
vn -0.7535 0.3747 -0.5402
vn -0.6773 0.5552 -0.4827
vn -0.5545 0.7109 -0.4326
vn -0.7062 0.6661 0.2399
vn -0.8655 0.4703 0.1727
vn -0.7537 -0.1907 0.6289
vn -0.9658 -0.2515 -0.0637
vn -0.7275 -0.0038 0.6861
vn -0.6510 0.1697 0.7399
vn -0.5296 0.3169 0.7868
vn 0.2823 -0.3493 0.8935
vn 0.2466 -0.4138 0.8763
vn 0.1966 -0.4664 0.8625
vn 0.1363 -0.5047 0.8525
vn -0.3724 0.4273 0.8239
vn 0.0694 -0.5276 0.8467
vn -0.1914 0.4941 0.8481
vn -0.0000 -0.5353 0.8447
vn -0.0000 0.5162 0.8565
vn 0.1914 0.4941 0.8481
vn -0.2582 0.9083 0.3293
vn -0.0000 0.9397 0.3420
vn 0.2582 0.9083 0.3293
vn 0.4991 0.8153 0.2936
vn 0.3724 0.4273 0.8239
vn 0.7062 0.6661 0.2399
vn 0.3931 0.8311 -0.3934
vn 0.5545 0.7109 -0.4326
vn 0.0363 0.3488 -0.9365
vn 0.8655 0.4703 0.1727
vn 0.2038 0.9073 -0.3678
vn -0.0000 0.9337 -0.3581
vn -0.4991 0.8153 0.2936
vn 0.0196 0.3587 -0.9332
vn -0.3564 -0.3869 -0.8505
vn -0.5045 -0.2798 -0.8168
vn -0.7035 -0.7038 -0.0986
vn -0.8619 -0.5052 -0.0432
vn -0.6190 -0.1396 -0.7729
vn -0.9616 -0.2737 0.0219
vn -0.6918 0.0244 -0.7216
vn -0.9954 -0.0254 0.0921
vn 0.0490 0.3354 -0.9408
vn 0.0572 0.3201 -0.9456
vn 0.0609 0.3041 -0.9507
vn -0.2567 -0.9521 -0.1662
vn -0.0694 -0.5276 0.8467
vn -0.4972 -0.8562 -0.1406
vn -0.1363 -0.5047 0.8525
vn -0.1966 -0.4664 0.8625
vn -0.2466 -0.4138 0.8763
vn -0.2823 -0.3493 0.8935
vn -0.1844 -0.4538 -0.8718
vn 0.2567 -0.9521 -0.1662
vn -0.0000 -0.9848 -0.1739
vn -0.0000 -0.4766 -0.8791
vn 0.1844 -0.4538 -0.8718
vn 0.4972 -0.8562 -0.1406
vn 0.3002 -0.2761 0.9130
vn 0.9954 -0.0254 0.0921
vn 0.9616 -0.2737 0.0219
vn 0.8619 -0.5052 -0.0432
vn 0.7035 -0.7038 -0.0986
vn 0.7179 0.2013 -0.6664
vn 0.9612 0.2227 0.1627
vn 0.6949 0.3790 -0.6111
vn -0.4999 -0.8295 -0.2491
vn -0.7068 -0.6783 -0.2007
vn -0.5474 -0.3412 -0.7642
vn -0.0500 0.2608 -0.9641
vn 0.6242 0.5453 -0.5594
vn 0.8613 0.4535 0.2288
vn 0.7028 0.6514 0.2860
vn 0.5106 0.6885 -0.5151
vn -0.0408 0.2494 -0.9675
vn 0.3617 0.7986 -0.4811
vn 0.4966 0.8027 0.3302
vn 0.2267 -0.0570 0.9723
vn 0.2727 -0.1239 0.9541
vn 0.2974 -0.1991 0.9338
vn -0.0292 0.2399 -0.9704
vn 0.1874 0.8679 -0.4601
vn 0.0156 0.2326 -0.9724
vn -0.0000 0.2284 -0.9736
vn -0.0000 0.8916 -0.4529
vn -0.0000 -0.5594 -0.8289
vn 0.2001 -0.5333 -0.8219
vn -0.0000 -0.9571 -0.2899
vn -0.2001 -0.5333 -0.8219
vn -0.0156 0.2326 -0.9724
vn -0.3869 -0.4587 -0.7999
vn 0.0500 0.2608 -0.9641
vn 0.6712 -0.1883 -0.7169
vn 0.5474 -0.3412 -0.7642
vn 0.0408 0.2494 -0.9675
vn 0.3869 -0.4587 -0.7999
vn 0.0292 0.2399 -0.9704
vn 0.4999 -0.8295 -0.2491
vn 0.2586 -0.9247 -0.2795
vn 0.7068 -0.6783 -0.2007
vn 0.8658 -0.4811 -0.1375
vn 0.7500 -0.0100 -0.6614
vn 0.0568 0.2739 -0.9601
vn -0.6243 0.5453 -0.5594
vn -0.5106 0.6885 -0.5151
vn -0.3617 0.7986 -0.4811
vn 0.0606 0.2885 -0.9556
vn -0.7028 0.6514 0.2860
vn -0.8613 0.4535 0.2288
vn -0.6949 0.3790 -0.6111
vn -0.9612 0.2227 0.1627
vn -0.7178 0.2013 -0.6665
vn -0.3002 -0.2761 0.9130
vn -0.2974 -0.1991 0.9338
vn -0.2727 -0.1239 0.9541
vn -0.2267 -0.0570 0.9723
vn -0.4966 0.8027 0.3302
vn -0.1623 -0.0043 0.9867
vn -0.2564 0.8975 0.3587
vn 0.2564 0.8975 0.3587
vn -0.0000 0.9293 0.3692
vn -0.1874 0.8679 -0.4601
vn -0.0844 0.0291 0.9960
vn -0.0000 0.0405 0.9992
vn 0.0844 0.0291 0.9960
vn 0.1623 -0.0043 0.9867
vn -0.2586 -0.9247 -0.2795
vn 0.1945 -0.8882 0.4163
vn -0.0000 -0.9128 0.4083
vn -0.1945 -0.8882 0.4163
vn -0.0000 0.7023 0.7119
vn -0.0000 -0.7115 0.7027
vn 0.4298 -0.6692 0.6061
vn -0.2894 0.4486 0.8456
vn 0.7552 -0.1113 0.6460
vn -0.6186 0.0902 0.7805
vn 0.7004 0.2491 0.6688
vn -0.6229 -0.2188 0.7511
vn 0.5128 0.5674 0.6443
vn -0.4216 -0.4588 0.7821
vn 0.1666 0.7289 0.6640
vn -0.1471 -0.6385 0.7554
vn -0.0000 0.7122 0.7020
vn -0.0000 -0.7023 0.7119
vn -0.7782 0.1820 -0.6011
vn -0.8658 -0.4811 -0.1375
vn -0.3765 -0.8160 0.4387
vn -0.5326 -0.7013 0.4737
vn -0.6526 -0.5519 0.5192
vn -0.7280 -0.3777 0.5721
vn 0.7280 -0.3777 0.5721
vn 0.6526 -0.5519 0.5192
vn 0.5326 -0.7014 0.4737
vn 0.3765 -0.8160 0.4387
vn 0.7537 -0.1907 0.6289
vn 0.9658 -0.2514 -0.0637
vn 0.6773 0.5552 -0.4827
vn 0.7535 0.3747 -0.5402
vn 0.7782 0.1820 -0.6011
vn 0.9999 -0.0050 0.0161
vn 0.5296 0.3170 0.7868
vn 0.6510 0.1696 0.7399
vn 0.9656 0.2413 0.0966
vn 0.7275 -0.0038 0.6861
vn -0.4929 0.7112 0.5012
vn 0.5603 -0.7249 0.4007
vn 0.1612 -0.6756 0.7194
vn -0.3806 0.0858 0.9207
vn -0.3514 -0.8103 0.4689
vn 0.5725 0.5488 0.6092
vn 0.3372 0.0320 0.9409
vn -0.1344 -0.7910 0.5968
vn -0.6971 0.7019 0.1461
vn -0.5732 0.7321 -0.3681
vn -0.5681 0.8230 -0.0011
vn -0.4002 0.7728 -0.4925
vn 0.6195 -0.4083 -0.6705
vn 0.2149 -0.1936 -0.9572
vn 0.3576 -0.8995 0.2509
vn 0.0786 -0.2320 -0.9695
vn -0.0036 -0.2501 -0.9682
vn -0.0158 -0.9650 0.2618
vn -0.0605 -0.2801 -0.9581
vn -0.0751 -0.9380 -0.3384
vn -0.2326 -0.1895 -0.9539
vn -0.3663 -0.5306 -0.7644
vn 0.5414 0.8349 -0.0994
vn 0.3832 0.7679 -0.5134
vn 0.5990 0.7757 0.1986
vn 0.4648 0.7098 -0.5293
vn 0.3324 0.5617 -0.7576
vn 0.1922 0.5292 -0.8264
vn 0.2794 0.4054 -0.8704
vn -0.0263 0.5138 -0.8575
vn -0.1990 0.5153 -0.8336
vn -0.3537 0.5743 -0.7383
vn -0.2837 0.4138 -0.8650
vn -0.3317 0.9100 0.2486
vn -0.1647 0.7183 -0.6759
vn -0.0148 0.8192 -0.5733
vn -0.0000 0.9700 0.2432
vn 0.3317 0.9100 0.2486
vn 0.2136 0.7149 -0.6658
vn 0.3994 0.1178 0.9092
vn -0.0000 0.2794 0.9602
vn -0.4290 0.1118 0.8964
vn -0.6804 0.5918 -0.4322
vn -0.0002 0.3530 -0.9356
vn -0.3907 0.0794 -0.9171
vn -0.7960 -0.2549 -0.5490
vn -0.5354 0.8240 -0.1852
vn -0.0002 0.9873 -0.1588
vn 0.6709 0.6107 -0.4206
vn 0.3616 0.0709 -0.9296
vn 0.7882 -0.2173 -0.5758
vn 0.5075 0.8427 -0.1800
vn -0.5737 -0.2898 -0.7661
vn -0.8211 -0.4983 -0.2785
vn -0.9166 -0.2799 0.2855
vn -0.3039 0.2365 -0.9229
vn -0.7983 0.2229 0.5595
vn -0.1863 0.7385 -0.6480
vn -0.5285 0.7480 0.4014
vn -0.2818 0.9557 -0.0852
vn 0.2157 -0.3767 -0.9009
vn 0.5059 0.8309 -0.2317
vn 0.0087 0.8748 -0.4844
vn 0.4198 -0.5467 -0.7245
vn -0.3798 -0.8816 0.2801
vn -0.0161 -0.9441 0.3293
vn 0.2664 0.0772 -0.9608
vn -0.4619 0.8219 -0.3334
vn -0.6098 0.6801 0.4069
vn -0.1605 0.1207 0.9796
vn -0.0854 0.3292 0.9404
vn 0.3394 -0.7550 0.5611
vn -0.9414 -0.3356 0.0333
vn -0.9299 -0.2289 0.2880
vn -0.9344 -0.0412 0.3538
vn -0.9299 -0.3642 -0.0516
vn -0.9704 -0.1755 0.1660
vn -0.9686 -0.1786 -0.1728
vn -0.9119 0.4088 -0.0356
vn -0.9693 0.1776 0.1700
vn -0.9692 0.1792 -0.1691
vn -0.9305 0.0106 0.3663
vn -0.9158 0.2962 0.2714
vn -0.9103 0.4108 0.0517
vn -0.9218 0.0519 0.3841
vn -0.9196 0.2867 -0.2685
vn -0.9284 0.0470 -0.3687
vn -0.9400 -0.0425 -0.3386
vn -0.9232 -0.3070 -0.2314
vn -0.9795 -0.2014 -0.0010
vn -0.9795 -0.2014 -0.0011
vn -0.9795 -0.2013 -0.0010
vn -0.9795 -0.2015 -0.0010
vn -0.2287 -0.4924 -0.8398
vn -0.2287 -0.4923 -0.8398
vn -0.7715 -0.4246 -0.4738
vn -0.8433 -0.3555 -0.4031
vn -0.8300 -0.3697 -0.4176
vn -0.7499 -0.4423 -0.4919
vn -0.1189 0.5557 0.8228
vn -0.1190 0.5557 0.8228
vn 0.1190 -0.5557 -0.8228
vn 0.1189 -0.5557 -0.8228
vn 0.9974 0.0674 0.0258
vn -0.6726 0.7400 0.0029
vn 0.0001 0.0078 1.0000
vn -0.0066 -0.0247 0.9997
vn -0.0820 -0.5827 -0.8085
vn -0.0818 -0.5828 -0.8085
vn -0.0820 -0.5828 -0.8085
vn -0.0819 -0.5827 -0.8086
vn -0.0820 -0.5829 -0.8084
vn 0.0820 0.5827 0.8085
vn 0.0821 0.5827 0.8085
vn 0.0821 0.5828 0.8085
vn 0.0820 0.5828 0.8085
vn -0.1576 -0.5261 -0.8357
vn -0.1577 -0.5261 -0.8357
vn 0.1576 0.5262 0.8357
vn 0.1576 0.5262 0.8356
vn 0.1576 0.5261 0.8357
vn 0.2287 0.4923 0.8398
vn -0.9995 -0.0145 0.0264
vn -0.9995 -0.0144 0.0264
vn -0.9996 -0.0144 0.0263
vn -0.9995 -0.0145 0.0263
vn 0.0130 -0.0065 0.9999
vn 0.0131 -0.0065 0.9999
vn 0.0130 -0.0066 0.9999
vn 0.0131 -0.0064 0.9999
vn 0.0129 -0.0064 0.9999
vn 0.0132 -0.0064 0.9999
vn 0.0675 0.0326 0.9972
vn 0.1410 -0.0000 0.9900
vn 0.9952 -0.0872 0.0434
vn 0.9952 -0.0871 0.0434
vn 0.9953 -0.0871 0.0434
vn 0.9952 -0.0873 0.0433
vn 0.9952 -0.0872 0.0433
vn 0.9952 -0.0873 0.0434
vn -0.5638 -0.5621 0.6052
vn -0.5114 0.6022 0.6130
vn -0.5874 0.5941 -0.5496
vn -0.6406 -0.5490 -0.5369
vn 0.0133 -0.6609 0.7504
vn 0.0021 0.7060 0.7083
vn -0.0130 0.7510 -0.6602
vn -0.0020 -0.7075 -0.7067
vn -0.6321 -0.4946 0.5965
vn -0.4760 0.6438 0.5991
vn -0.5172 0.6471 -0.5602
vn -0.6747 -0.4858 -0.5557
vn -0.0718 -0.6767 0.7328
vn 0.0914 0.7226 0.6852
vn 0.0646 0.7396 -0.6699
vn -0.1087 -0.6811 -0.7240
vn 0.2080 0.2404 0.9481
vn 0.0874 0.1340 0.9871
vn 0.0877 0.1339 -0.9871
vn 0.2081 0.2405 -0.9481
vn 0.1012 0.0488 0.9937
vn 0.1012 0.0490 -0.9937
vn 0.1188 -0.0926 0.9886
vn 0.1189 -0.0927 -0.9886
vn 0.1238 0.9923 -0.0000
vn -0.4171 -0.4891 -0.7661
vn -0.2643 -0.2860 -0.9211
vn 0.0565 0.9984 -0.0000
vn -0.4171 -0.4891 0.7661
vn -0.2643 -0.2859 0.9211
vn 0.5957 0.8032 -0.0000
vn 0.5957 0.2482 0.7639
vn 0.5957 -0.6498 0.4721
vn 0.5957 -0.6498 -0.4721
vn 0.5957 0.2482 -0.7639
vn -0.0000 0.3090 -0.9511
vn -0.0000 1.0000 -0.0000
vn -0.0000 -0.8090 -0.5878
vn -0.0000 -0.8090 0.5878
vn -0.0000 0.3090 0.9511
vn -0.4517 0.6309 -0.6309
vn -0.5774 0.8064 -0.1277
vn 0.5774 0.8064 -0.1277
vn 0.7441 0.4724 -0.4724
vn -0.4516 -0.4051 0.7950
vn -0.5773 0.1277 0.8064
vn 0.5773 0.1277 0.8064
vn 0.7441 -0.3033 0.5952
vn 0.5957 0.6329 0.4945
vn 0.5957 -0.2747 0.7548
vn 0.5957 -0.8027 -0.0280
vn 0.5957 -0.2214 -0.7721
vn 0.5957 0.6659 -0.4492
vn -0.0000 -0.3420 0.9397
vn -0.0000 -0.9994 -0.0349
vn -0.0000 -0.2757 -0.9613
vn -0.0000 0.8290 -0.5592
vn -0.0000 0.7880 0.6157
vn 0.5774 -0.5774 0.5774
vn 0.5774 0.5774 0.5774
vn -0.0000 0.7071 0.7071
vn -0.0000 -0.7071 0.7071
vn 0.5774 -0.5774 -0.5774
vn 0.5774 0.5774 -0.5774
vn -0.0000 -0.7071 -0.7071
vn -0.0000 0.7071 -0.7071
vn 0.9354 0.1326 -0.3277
vn 0.4186 0.7305 -0.5396
vn 0.4652 0.7666 0.4427
vn 0.9451 0.0970 0.3122
vn 0.2237 0.7981 0.5595
vn 0.1047 0.7050 0.7014
vn -0.6276 0.5614 0.5393
vn -0.4652 0.8772 0.1187
vn -0.6014 0.5358 -0.5926
vn -0.4683 0.8708 -0.1497
vn 0.1450 0.8108 -0.5671
vn 0.9400 -0.1011 0.3258
vn 0.2249 0.9062 0.3580
vn 0.2483 0.9526 0.1760
vn 0.1875 0.7187 -0.6696
vn 0.8310 0.5228 -0.1899
vn 0.2947 0.9402 -0.1706
vn 0.7994 0.4591 -0.3875
vn 0.9299 -0.3642 -0.0516
vn 0.9400 -0.0425 -0.3386
vn 0.9119 0.4088 -0.0356
vn 0.9704 -0.1754 0.1661
vn 0.9693 0.1775 0.1701
vn 0.7968 0.4017 0.4514
vn 0.9414 -0.3356 0.0333
vn 0.9344 -0.0412 0.3538
vn 0.9692 0.1792 -0.1691
vn 0.7957 0.4035 -0.4516
vn 0.7983 -0.3977 0.4523
vn 0.9686 -0.1786 -0.1728
vn 0.7938 -0.4101 -0.4492
vn 0.9090 0.3481 0.2291
vn 0.9158 0.2962 0.2714
vn 0.9102 0.4108 0.0517
vn 0.9304 0.0106 0.3663
vn 0.9218 0.0519 0.3842
vn 0.6525 0.7534 0.0813
vn 0.4342 0.6710 0.6010
vn 0.9251 0.1514 0.3482
vn 0.5799 0.0878 0.8100
vn 0.9121 0.0254 0.4093
vn 0.5932 0.0588 0.8029
vn 0.9637 -0.0954 0.2494
vn 0.9540 -0.1783 0.2410
vn 0.6373 -0.0070 0.7705
vn 0.5472 0.5235 0.6531
vn 0.9299 -0.2289 0.2880
vn 0.9764 -0.1985 0.0849
vn 0.8253 0.0783 0.5593
vn 0.7641 -0.0776 0.6404
vn 0.8221 -0.0099 0.5692
vn 0.5941 -0.4622 0.6583
vn 0.8378 -0.5229 0.1571
vn 0.3729 -0.9278 -0.0134
vn 0.5776 -0.2554 -0.7753
vn 0.5171 -0.7404 -0.4295
vn 0.4341 0.0182 0.9007
vn 0.4546 -0.6260 0.6336
vn 0.7251 -0.5796 0.3719
vn 0.3932 -0.8570 0.3331
vn 0.4944 -0.8690 -0.0178
vn 0.3794 0.3535 0.8550
vn 0.8680 0.0033 0.4966
vn 0.8768 0.0214 -0.4804
vn 0.7357 -0.6100 -0.2943
vn 0.7615 0.4605 0.4562
vn 0.4418 -0.6515 -0.6167
vn 0.4818 0.0221 -0.8760
vn 0.5502 0.4117 -0.7265
vn 0.5307 0.1263 -0.8381
vn 0.9083 -0.3462 -0.2350
vn 0.9232 -0.3070 -0.2314
vn 0.3161 0.0013 -0.9487
vn 0.7836 0.0170 -0.6210
vn 0.9452 -0.1824 -0.2708
vn 0.5823 0.6567 -0.4793
vn 0.8448 0.3380 -0.4148
vn 0.9302 0.0057 -0.3671
vn 0.9099 0.1979 -0.3646
vn 0.8513 0.4662 -0.2408
vn 0.5597 0.8268 -0.0555
vn 0.9196 0.2867 -0.2685
vn 0.9284 0.0470 -0.3687
vn 0.9824 0.0001 -0.1869
vn 0.0508 0.9986 0.0113
vn 0.5458 0.7654 0.3408
vn 0.8635 0.4197 -0.2796
vn 0.8031 0.3808 0.4583
vn 0.2822 0.8900 -0.3581
vn 0.6579 -0.4999 0.5633
vn 0.7174 -0.3753 -0.5869
vn 0.6333 -0.5702 -0.5233
vn 0.7607 0.2694 0.5905
vn 0.7717 0.2276 0.5939
vn 0.9600 -0.2656 0.0891
vn 0.6384 -0.4489 -0.6252
vn 0.8056 0.1643 0.5692
vn 0.6179 -0.4446 -0.6484
vn 0.8444 0.1628 0.5104
vn 0.6453 -0.4266 -0.6337
vn 0.7958 0.2037 0.5703
vn -0.3685 -0.7607 0.5343
vn -0.3306 -0.6365 0.6968
vn -0.1481 -0.2988 0.9428
vn -0.7931 -0.3129 0.5226
vn 0.2414 -0.6355 0.7334
vn -0.0663 -0.3322 0.9409
vn -0.1732 0.2034 0.9637
vn -0.7960 0.3125 0.5183
vn -0.3716 0.7638 0.5278
vn -0.1625 0.8067 0.5682
vn -0.0322 0.2560 0.9661
vn 0.0626 0.8471 0.5278
vn 0.3073 0.7741 0.5535
vn 0.7263 0.3147 0.6111
vn 0.6943 -0.3357 0.6366
vn 0.2266 -0.7010 0.6762
vn 0.1458 0.9131 0.3808
vn -0.1974 0.9131 0.3569
vn -0.2186 -0.7186 -0.6601
vn -0.6298 -0.0000 -0.7768
vn -0.7318 -0.0000 0.6816
vn 0.3369 -0.5522 -0.7626
vn 0.7784 -0.0000 -0.6278
vn 0.6834 -0.0000 0.7300
vn 0.2859 -0.2114 -0.9347
vn 0.5204 -0.5045 -0.6890
vn 0.5204 0.5045 -0.6890
vn 0.2859 0.2113 -0.9347
vn -0.1530 -0.2113 -0.9654
vn -0.4194 -0.5045 -0.7547
vn -0.1530 0.2113 -0.9654
vn -0.4194 0.5045 -0.7547
vn 0.0698 -0.0000 -0.9976
vn -0.6711 0.2994 -0.6782
vn 0.3381 0.7178 -0.6086
vn 0.7590 -0.2994 -0.5782
vn -0.2495 -0.7179 -0.6499
vn 0.0608 -0.0044 -0.9981
vn 0.7589 0.2994 -0.5782
vn -0.6711 -0.2994 -0.6782
vn 0.3184 -0.7111 -0.6269
vn -0.2501 0.7178 -0.6498
vn -0.0504 0.6432 -0.7641
vn 0.1563 0.6431 -0.7497
vn -0.1584 0.9468 -0.2801
vn 0.1958 0.9468 -0.2553
vn 0.5638 -0.5621 0.6052
vn 0.6406 -0.5490 -0.5369
vn 0.5874 0.5941 -0.5496
vn 0.5114 0.6022 0.6130
vn -0.0133 -0.6608 0.7504
vn -0.0021 0.7060 0.7082
vn 0.0020 -0.7075 -0.7067
vn 0.0130 0.7510 -0.6602
vn 0.6321 -0.4946 0.5965
vn 0.6747 -0.4858 -0.5557
vn 0.5172 0.6471 -0.5602
vn 0.4760 0.6438 0.5991
vn 0.0718 -0.6767 0.7328
vn -0.0914 0.7226 0.6852
vn 0.1087 -0.6811 -0.7240
vn -0.0646 0.7396 -0.6699
vn -0.2080 0.2404 0.9481
vn -0.2081 0.2405 -0.9481
vn -0.0877 0.1339 -0.9871
vn -0.0874 0.1340 0.9871
vn -0.1012 0.0490 -0.9937
vn 0.9778 -0.2096 -0.0000
vn 0.6569 -0.7540 -0.0000
vn 0.5481 -0.8364 0.0001
vn -0.1188 -0.0926 0.9886
vn -0.1189 -0.0926 -0.9886
vn -0.1012 0.0488 0.9937
vn -0.0363 -0.2079 -0.9775
vn -0.0363 -0.2079 0.9775
vn 0.2643 -0.2859 0.9211
vn 0.2643 -0.2860 -0.9211
vn -0.1238 0.9923 -0.0000
vn -0.0565 0.9984 -0.0000
vn 0.4171 -0.4891 -0.7661
vn 0.4171 -0.4891 0.7661
vn -0.5957 -0.6498 0.4721
vn -0.5957 0.2482 0.7639
vn -0.5957 0.8032 -0.0000
vn -0.5957 -0.6498 -0.4721
vn -0.5957 0.2482 -0.7639
vn 0.4517 0.6309 -0.6309
vn -0.7441 0.4724 -0.4724
vn -0.5773 0.8064 -0.1278
vn 0.4516 -0.4051 0.7950
vn -0.7441 -0.3033 0.5952
vn -0.5957 -0.8027 -0.0281
vn -0.5957 -0.2747 0.7548
vn -0.5957 0.6329 0.4945
vn -0.5957 -0.2214 -0.7721
vn -0.5957 0.6659 -0.4492
vn -0.0000 -0.3421 0.9397
vn -0.0000 -0.2756 -0.9613
vn -0.5774 -0.5774 0.5774
vn -0.5774 0.5774 0.5774
vn -0.5774 -0.5774 -0.5774
vn -0.5774 0.5774 -0.5774
vn -0.9354 0.1326 -0.3277
vn -0.9451 0.0970 0.3122
vn -0.4652 0.7666 0.4427
vn -0.4186 0.7305 -0.5396
vn 0.4683 0.8708 -0.1497
vn -0.1450 0.8108 -0.5671
vn 0.6014 0.5358 -0.5926
vn 0.4652 0.8772 0.1187
vn 0.6276 0.5614 0.5393
vn -0.2237 0.7981 0.5595
vn -0.1047 0.7050 0.7014
vn -0.2249 0.9062 0.3580
vn -0.9400 -0.1011 0.3258
vn -0.2483 0.9526 0.1760
vn -0.1875 0.7187 -0.6696
vn -0.7983 -0.3977 0.4523
vn -0.7968 0.4017 0.4514
vn -0.7957 0.4035 -0.4516
vn -0.7938 -0.4101 -0.4492
vn -0.5481 -0.8364 0.0001
vn -0.6569 -0.7540 -0.0000
vn -0.9778 -0.2096 -0.0000
vn -0.7635 0.6458 -0.0000
vn 0.0363 -0.2079 -0.9775
vn -0.2021 0.9794 -0.0000
vn -0.4944 -0.8690 -0.0178
vn -0.3932 -0.8570 0.3331
vn -0.5941 -0.4622 0.6583
vn -0.3729 -0.9278 -0.0134
vn -0.5776 -0.2554 -0.7753
vn -0.5171 -0.7404 -0.4295
vn -0.8378 -0.5229 0.1571
vn -0.8221 -0.0099 0.5692
vn -0.7641 -0.0776 0.6404
vn -0.8253 0.0783 0.5593
vn -0.6373 -0.0070 0.7705
vn -0.9764 -0.1985 0.0849
vn -0.9540 -0.1783 0.2410
vn -0.5932 0.0588 0.8029
vn -0.3794 0.3535 0.8550
vn -0.4341 0.0182 0.9007
vn -0.4546 -0.6260 0.6336
vn -0.8768 0.0214 -0.4804
vn -0.8680 0.0033 0.4966
vn -0.7615 0.4605 0.4562
vn -0.7251 -0.5796 0.3719
vn -0.7357 -0.6100 -0.2943
vn -0.4418 -0.6515 -0.6167
vn -0.4818 0.0221 -0.8760
vn -0.7994 0.4591 -0.3875
vn -0.5307 0.1263 -0.8381
vn -0.2947 0.9402 -0.1706
vn -0.8310 0.5228 -0.1899
vn -0.5502 0.4117 -0.7265
vn -0.3161 0.0013 -0.9487
vn -0.0508 0.9986 0.0113
vn -0.5597 0.8268 -0.0555
vn -0.6525 0.7534 0.0813
vn -0.8448 0.3380 -0.4148
vn -0.8513 0.4662 -0.2408
vn -0.9099 0.1979 -0.3646
vn -0.7836 0.0170 -0.6210
vn -0.9302 0.0057 -0.3671
vn -0.9452 -0.1824 -0.2708
vn -0.9083 -0.3462 -0.2350
vn -0.5823 0.6567 -0.4793
vn -0.6579 -0.4999 0.5633
vn -0.9637 -0.0954 0.2494
vn -0.9121 0.0254 0.4093
vn -0.5799 0.0878 0.8100
vn -0.9251 0.1514 0.3482
vn -0.4342 0.6710 0.6010
vn -0.9090 0.3481 0.2291
vn -0.8635 0.4197 -0.2796
vn -0.5459 0.7654 0.3409
vn -0.5472 0.5235 0.6531
vn -0.8031 0.3808 0.4583
vn -0.2802 0.8906 -0.3581
vn -0.9600 -0.2656 0.0891
vn -0.7174 -0.3753 -0.5869
vn -0.6546 -0.1299 0.7447
vn -0.7245 -0.1393 -0.6751
vn 0.1732 0.2034 0.9637
vn 0.0322 0.2560 0.9661
vn 0.0663 -0.3322 0.9409
vn 0.1481 -0.2988 0.9428
vn 0.3306 -0.6365 0.6968
vn 0.3685 -0.7607 0.5343
vn 0.7931 -0.3129 0.5226
vn 0.7960 0.3125 0.5183
vn 0.3716 0.7638 0.5278
vn 0.1625 0.8067 0.5682
vn -0.0626 0.8471 0.5278
vn -0.3073 0.7741 0.5535
vn 0.1974 0.9131 0.3569
vn -0.1458 0.9131 0.3808
vn -0.7263 0.3147 0.6111
vn -0.6943 -0.3357 0.6366
vn -0.2414 -0.6355 0.7334
vn -0.2266 -0.7010 0.6762
vn 0.2186 -0.7187 -0.6601
vn 0.7318 -0.0000 0.6816
vn 0.6298 -0.0000 -0.7768
vn -0.3369 -0.5522 -0.7626
vn -0.7784 -0.0000 -0.6278
vn -0.6834 -0.0000 0.7300
vn -0.7590 -0.2994 -0.5782
vn -0.3184 -0.7111 -0.6269
vn 0.2495 -0.7179 -0.6499
vn 0.6711 -0.2994 -0.6782
vn -0.2859 -0.2114 -0.9346
vn -0.2859 0.2113 -0.9347
vn -0.5204 0.5045 -0.6890
vn -0.5204 -0.5045 -0.6890
vn 0.1530 -0.2113 -0.9654
vn 0.4194 -0.5045 -0.7547
vn 0.1530 0.2113 -0.9654
vn 0.4194 0.5045 -0.7547
vn -0.0698 -0.0000 -0.9976
vn -0.0608 -0.0044 -0.9981
vn 0.6711 0.2994 -0.6782
vn -0.7590 0.2994 -0.5782
vn -0.3381 0.7178 -0.6087
vn 0.2501 0.7178 -0.6498
vn 0.0504 0.6432 -0.7641
vn -0.1563 0.6431 -0.7497
vn -0.1958 0.9468 -0.2553
vn 0.1584 0.9468 -0.2800
vn 0.4995 -0.8444 -0.1936
vn 0.8317 -0.4774 -0.2835
vn 0.8973 -0.3872 0.2122
vn 0.5210 -0.5115 -0.6833
vn 0.3919 -0.8005 -0.4535
vn 0.1578 -0.5271 -0.8350
vn 0.0864 -0.8219 -0.5630
vn 0.5272 -0.4418 0.7258
vn 0.3040 -0.8239 0.4783
vn 0.5474 -0.8280 0.1218
vn 0.0314 -0.8584 0.5119
vn 0.0061 -0.8812 0.4727
vn 0.0129 -0.8195 -0.5729
vn -0.0281 -0.8047 -0.5930
vn 0.0129 -0.4580 -0.8889
vn -0.0730 -0.4703 -0.8795
vn -0.3372 -0.4362 -0.8343
vn -0.2120 -0.7779 -0.5915
vn -0.7673 -0.3948 -0.5054
vn -0.5494 -0.7615 -0.3439
vn -0.8833 -0.4127 0.2225
vn -0.5624 -0.8245 0.0623
vn -0.0225 -0.9003 0.4347
vn -0.2245 -0.9075 0.3549
vn -0.4249 -0.6034 0.6748
vn -0.0813 -0.5847 0.8072
vn -0.0035 -0.4804 0.8770
vn 0.1064 -0.4659 0.8784
vn 0.0363 -0.2079 0.9775
vn -0.1578 -0.5560 -0.8161
vn -0.0864 -0.8411 -0.5339
vn -0.3919 -0.8158 -0.4252
vn -0.5210 -0.5350 -0.6651
vn -0.4995 -0.8507 -0.1640
vn -0.8316 -0.4871 -0.2667
vn -0.8972 -0.3796 0.2256
vn -0.3041 -0.8067 0.5068
vn -0.5272 -0.4162 0.7408
vn -0.5473 -0.8233 0.1506
vn -0.0314 -0.8400 0.5416
vn -0.0061 -0.8642 0.5032
vn -0.0129 -0.8390 -0.5439
vn 0.0281 -0.8249 -0.5645
vn 0.5624 -0.8219 0.0911
vn 0.8833 -0.4047 0.2368
vn 0.4250 -0.5794 0.6955
vn 0.2246 -0.8946 0.3864
vn 0.0814 -0.5561 0.8271
vn 0.0225 -0.8846 0.4659
vn 0.0035 -0.4495 0.8933
vn -0.1064 -0.4349 0.8942
vn 0.2120 -0.7981 -0.5640
vn 0.5493 -0.7731 -0.3172
vn -0.0129 -0.4887 -0.8723
vn 0.0730 -0.5007 -0.8626
vn 0.3372 -0.4650 -0.8186
vn 0.7673 -0.4122 -0.4913
vn 0.2297 0.0343 -0.9727
vn 0.2700 -0.8324 -0.4839
vn -0.2992 -0.8325 -0.4662
vn -0.2395 0.0234 -0.9706
vn 0.7703 0.4884 -0.4100
vn 0.9399 -0.2729 0.2051
vn 0.7574 -0.6105 -0.2315
vn 0.6010 0.1881 -0.7768
vn 0.2341 0.9624 0.1377
vn 0.3067 0.3138 0.8986
vn 0.7392 0.1346 0.6599
vn 0.6044 0.7946 -0.0566
vn -0.3027 -0.3414 -0.8898
vn 0.7838 -0.1122 -0.6108
vn 0.7658 -0.4772 -0.4311
vn -0.2852 -0.7277 -0.6238
vn -0.9538 0.2474 -0.1702
vn -0.9954 -0.0551 -0.0781
vn -0.2931 -0.9001 -0.3223
vn -0.9983 -0.0576 -0.0100
vn -0.3391 -0.8546 -0.3932
vn -0.9941 0.1048 0.0281
vn -0.2875 0.8063 0.5170
vn -0.3331 0.6915 0.6410
vn -0.3244 0.8940 0.3090
vn -0.2789 0.8443 0.4576
vn 0.7815 -0.5896 -0.2039
vn 0.8570 -0.4592 -0.2339
vn 0.8540 -0.2905 -0.4317
vn -0.3437 -0.5355 -0.7715
vn 0.7602 0.5960 0.2585
vn 0.8501 0.3973 0.3456
vn 0.8347 0.5181 0.1865
vn 0.7573 0.5830 0.2943
vn -0.2834 0.5072 0.8139
vn 0.7667 0.3426 0.5430
vn -0.9962 0.0469 0.0733
vn -0.3321 -0.1768 -0.9265
vn -0.9981 0.0177 0.0593
vn -0.3090 -0.0000 -0.9510
vn -1.0000 -0.0000 -0.0000
vn 0.8402 -0.0925 -0.5343
vn 0.8090 -0.0000 -0.5878
vn 0.7800 0.1026 0.6173
vn 0.8090 -0.0000 0.5878
vn -0.2918 0.1435 0.9456
vn -0.3090 -0.0000 0.9510
vn 0.4622 0.6406 -0.6131
vn 0.5320 0.7058 0.4677
vn 0.4718 0.8257 0.3093
vn 0.3830 0.8477 -0.3672
vn -0.5104 0.7127 0.4811
vn -0.4585 0.8261 0.3278
vn -0.4448 0.6420 -0.6245
vn -0.3707 0.8446 -0.3863
vn -0.0293 0.5511 -0.8339
vn 0.0293 0.5511 -0.8339
vn 0.4764 0.4496 0.7556
vn 0.7649 0.3815 -0.5191
vn 0.3136 0.0884 -0.9454
vn -0.2968 0.0924 -0.9505
vn -0.7732 0.3859 -0.5032
vn -0.4969 0.4422 0.7466
vn 0.7171 0.5070 0.4783
vn 0.9375 0.3065 -0.1645
vn -0.7000 0.5390 0.4684
vn -0.9219 0.3489 -0.1684
vn -0.5461 0.0413 -0.8367
vn 0.5507 0.1015 -0.8285
vn 0.3510 0.9315 0.0955
vn 0.2448 0.9578 -0.1505
vn -0.1051 0.9583 0.2659
vn 0.1066 0.9590 0.2627
vn -0.2168 0.9644 -0.1515
vn -0.3311 0.9384 0.0990
vn 0.6468 0.7221 0.2455
vn 0.2742 0.7800 0.5626
vn 0.3622 0.3698 0.8556
vn 0.9159 0.2082 0.3432
vn 0.8977 0.3476 -0.2707
vn 0.2799 0.6380 -0.7174
vn 0.2785 0.8217 -0.4972
vn 0.6202 0.6975 -0.3591
vn -0.5822 0.7651 -0.2750
vn -0.1714 0.8664 -0.4690
vn -0.2477 0.6181 -0.7461
vn -0.8990 0.3570 -0.2537
vn -0.2921 0.7727 0.5636
vn -0.3541 0.3925 0.8489
vn -0.6150 0.7378 0.2782
vn -0.8823 0.2780 0.3798
vn 0.4866 -0.8690 -0.0902
vn 0.0066 -0.9998 -0.0166
vn -0.4258 -0.8701 -0.2482
vn 0.5315 -0.0073 -0.8470
vn -0.3859 0.0381 -0.9217
vn 0.0742 0.0145 -0.9971
vn -0.8431 -0.3365 -0.4195
vn 0.9099 -0.3954 -0.1258
vn -0.0103 0.9884 -0.1512
vn -0.4937 0.8688 -0.0372
vn -0.8244 0.4046 0.3958
vn 0.7942 0.4604 0.3965
vn -0.0138 -0.1822 0.9832
vn 0.4479 -0.0451 0.8930
vn -0.4636 -0.1129 0.8788
vn 0.4602 0.8846 -0.0753
vn 0.6382 0.3361 -0.6926
vn 0.6286 0.5471 0.5528
vn 0.7551 0.1406 0.6404
vn 0.2899 0.5917 -0.7522
vn 0.2623 0.8556 0.4463
vn 0.0445 0.5534 -0.8317
vn -0.0337 0.9504 0.3092
vn -0.0637 0.3988 0.9148
vn -0.0666 -0.0422 0.9969
vn 0.2147 -0.6516 0.7275
vn 0.6067 -0.3455 0.7159
vn 0.0623 -0.7556 0.6520
vn -0.1693 -0.8068 -0.5661
vn -0.0425 -0.7714 -0.6350
vn -0.1656 -0.7082 0.6863
vn -0.1318 -0.7593 0.6372
vn 0.0710 -0.7571 0.6495
vn 0.1440 -0.7697 -0.6219
vn 0.2642 -0.8013 -0.5367
vn 0.6853 -0.5114 -0.5184
vn 0.7818 -0.0062 -0.6235
vn -0.0359 -0.8161 -0.5768
vn 0.1334 -0.8141 -0.5652
vn -0.2532 -0.6344 0.7304
vn -0.6929 -0.3601 0.6246
vn -0.5981 -0.5241 -0.6063
vn -0.6872 -0.0174 -0.7262
vn -0.8312 0.1205 0.5428
vn -0.5436 0.3220 -0.7751
vn -0.2034 0.5831 -0.7865
vn -0.3420 0.8474 0.4061
vn -0.7079 0.5348 0.4615
vn -0.8401 0.4762 -0.2596
vn -1.0000 -0.0022 0.0009
vn -1.0000 -0.0014 0.0012
vn -0.7676 0.4764 -0.4288
vn -1.0000 -0.0013 0.0012
vn -0.6669 0.5449 -0.5083
vn -1.0000 -0.0017 0.0011
vn -0.5521 0.7173 -0.4250
vn 0.6569 0.5510 -0.5146
vn 0.5421 0.7229 -0.4284
vn 1.0000 0.0014 -0.0012
vn 1.0000 0.0018 -0.0012
vn 1.0000 0.0020 -0.0010
vn 0.8328 0.4861 -0.2648
vn 0.7586 0.4841 -0.4360
vn 1.0000 0.0014 -0.0011
vn -0.8402 0.4762 -0.2595
vn -0.9844 0.1053 0.1413
vn -0.7854 0.5538 -0.2765
vn -0.9870 0.1254 0.1007
vn -0.6000 0.6508 -0.4653
vn -0.5521 0.7173 -0.4251
vn 0.6953 0.4397 -0.5685
vn 0.9879 -0.1231 -0.0939
vn 0.6935 0.4213 -0.5844
vn 0.9834 -0.1127 -0.1421
vn 0.7859 0.4161 0.4573
vn 0.6976 -0.6373 -0.3273
vn 0.7869 0.5910 0.1776
vn 0.6968 -0.7071 -0.1203
vn 0.6810 0.4040 -0.6108
vn 0.6560 -0.7266 0.2041
vn 0.6940 -0.1724 -0.6990
vn 0.7206 -0.3928 0.5714
vn 0.6546 -0.1299 0.7447
vn 0.7245 -0.1393 -0.6751
vn 0.5813 0.8030 -0.1313
vn 0.7429 0.3516 -0.5696
vn -0.7047 0.3578 -0.6127
vn -0.5584 0.8122 -0.1687
vn -0.6875 0.3803 -0.6186
vn -0.5602 0.7981 -0.2220
vn 0.5878 0.7951 -0.1491
vn 0.7230 0.3480 -0.5968
vn -0.4812 0.4430 0.7564
vn -0.9357 -0.1677 0.3103
vn -0.6671 -0.3136 0.6757
vn -0.6416 0.1455 0.7531
vn 0.5483 -0.2392 0.8013
vn 0.4241 0.1510 0.8929
vn 0.3269 0.9439 -0.0479
vn 0.5549 0.6665 -0.4978
vn -0.3680 0.5839 -0.7236
vn -0.4220 0.8960 -0.1381
vn -0.9120 0.0829 -0.4017
vn -0.7850 0.5899 0.1894
vn -0.9024 -0.2608 0.3430
vn -0.7337 0.2553 0.6297
vn 0.8166 -0.1030 0.5679
vn 0.3655 0.4565 0.8112
vn 0.8251 -0.2491 0.5071
vn 0.6030 0.2131 0.7688
vn 0.9585 0.2838 0.0290
vn 0.6419 0.6458 0.4134
vn 0.9999 -0.0093 -0.0083
vn 0.6343 0.5315 0.5613
vn 0.9984 -0.0570 0.0034
vn 0.7012 0.3229 0.6356
vn 0.9962 -0.0864 0.0114
vn 0.6885 0.3266 0.6476
vn 0.9998 -0.0156 -0.0076
vn 0.6823 0.2437 0.6893
vn 0.9999 -0.0001 -0.0117
vn 0.6164 0.0131 0.7873
vn 0.9999 0.0060 -0.0099
vn 0.5742 -0.3869 0.7216
vn 0.9999 0.0112 -0.0100
vn 0.8210 -0.4023 0.4052
vn -0.6750 0.5286 0.5147
vn -0.9996 0.0272 0.0013
vn -0.7096 0.4321 0.5566
vn -0.9958 0.0910 -0.0125
vn -0.6925 0.4081 0.5949
vn -0.9952 0.0966 -0.0141
vn -0.6806 0.2505 0.6885
vn -0.9999 0.0150 0.0077
vn -0.7289 0.0048 0.6846
vn -0.9999 -0.0003 0.0118
vn -0.6996 -0.3368 0.6302
vn -0.9999 -0.0054 0.0102
vn -0.8092 -0.4007 0.4296
vn -0.9999 -0.0095 0.0103
vn 0.2021 0.9794 -0.0000
vn 0.7635 0.6458 -0.0000
vn 0.4812 0.4430 0.7564
vn 0.6416 0.1455 0.7531
vn 0.6671 -0.3137 0.6757
vn 0.9357 -0.1677 0.3103
vn -0.4241 0.1510 0.8929
vn -0.5483 -0.2392 0.8013
vn 0.4220 0.8960 -0.1381
vn -0.3268 0.9439 -0.0479
vn -0.6419 0.6458 0.4134
vn 0.7850 0.5899 0.1894
vn -0.6030 0.2130 0.7688
vn 0.7337 0.2553 0.6297
vn -0.3655 0.4565 0.8112
vn 0.3680 0.5839 -0.7236
vn -0.5550 0.6665 -0.4978
vn 0.9024 -0.2608 0.3430
vn 0.9120 0.0829 -0.4017
vn -0.8251 -0.2492 0.5071
vn -0.8166 -0.1030 0.5679
vn -0.9585 0.2837 0.0290
vn -0.9984 -0.0558 0.0031
vn -0.6971 0.3532 0.6239
vn -0.6900 0.5115 0.5121
vn -0.9999 -0.0091 -0.0085
vn -0.9999 0.0111 -0.0098
vn -0.8209 -0.4024 0.4052
vn -0.5741 -0.3869 0.7216
vn -0.9999 0.0059 -0.0098
vn -0.6163 0.0131 0.7874
vn -0.9999 -0.0001 -0.0115
vn -0.6822 0.2437 0.6893
vn -0.9999 -0.0155 -0.0074
vn -0.6885 0.3266 0.6476
vn -0.9962 -0.0864 0.0114
vn 0.7066 0.4246 0.5661
vn 0.9981 0.0618 -0.0047
vn 0.9999 0.0093 0.0086
vn 0.6684 0.5177 0.5340
vn 0.8092 -0.4007 0.4296
vn 0.9999 -0.0095 0.0103
vn 0.9999 -0.0054 0.0102
vn 0.6996 -0.3368 0.6302
vn 0.9999 -0.0003 0.0118
vn 0.7289 0.0048 0.6846
vn 0.9999 0.0150 0.0077
vn 0.6806 0.2505 0.6885
vn 0.9952 0.0966 -0.0141
vn 0.6925 0.4081 0.5949
vn -0.0147 -0.6178 0.7862
vn -0.0199 -0.7078 0.7062
vn 0.0226 -0.7093 0.7045
vn 0.0160 -0.6178 0.7862
vn -0.7105 -0.5983 -0.3704
vn -0.8959 0.3100 -0.3182
vn -0.8278 -0.2847 -0.4834
vn -0.9665 0.2553 -0.0263
vn -0.7621 -0.5513 -0.3395
vn -0.7394 -0.6381 -0.2147
vn -0.7659 -0.6430 0.0029
vn -0.9828 0.1849 0.0015
vn -0.7981 -0.5903 0.1209
vn -0.9292 0.2852 0.2349
vn -0.7629 -0.2418 0.5996
vn -0.8009 0.0716 0.5944
vn -0.6909 -0.5171 0.5052
vn 0.0482 -0.0162 0.9987
vn 0.0267 0.2895 0.9568
vn -0.2516 0.2729 0.9286
vn 0.0054 0.2648 0.9643
vn 0.0040 0.0657 0.9978
vn 0.0609 0.0555 0.9966
vn -0.0064 0.0849 0.9964
vn 0.0045 0.2460 0.9692
vn 0.0368 0.1913 0.9809
vn -0.1286 0.1562 0.9793
vn -0.2928 -0.3585 0.8864
vn -0.2351 0.0282 0.9716
vn -0.8326 -0.0203 0.5534
vn -0.8245 -0.2654 0.4999
vn -0.3922 -0.5432 0.7424
vn 0.0018 0.8128 0.5826
vn 0.0111 0.8624 0.5060
vn -0.1193 0.8435 0.5237
vn -0.7918 0.4363 0.4274
vn -0.8428 -0.4391 0.3112
vn -0.9949 -0.0933 0.0391
vn -0.9989 -0.0086 0.0452
vn -0.9845 -0.1752 0.0027
vn -0.9108 -0.4112 0.0364
vn -0.9216 -0.3765 -0.0941
vn -0.8103 -0.5858 -0.0172
vn -0.9651 -0.2055 -0.1626
vn -0.2589 0.4354 0.8622
vn -0.8472 0.2540 0.4666
vn -0.8406 0.1502 0.5205
vn -0.9982 0.0547 0.0236
vn 0.0095 0.6958 0.7182
vn -0.0088 0.7526 0.6584
vn 0.0336 0.9869 0.1581
vn -0.0000 0.4344 0.9007
vn 0.0244 0.6695 0.7425
vn 0.0230 0.4418 0.8968
vn -0.2378 0.7458 0.6223
vn -0.7875 0.5269 0.3197
vn -0.6632 0.7264 -0.1802
vn -0.1393 0.9902 0.0106
vn -0.0027 0.9723 0.2335
vn -0.6115 0.7890 -0.0588
vn -0.0947 0.9779 -0.1863
vn -0.0409 0.9963 -0.0758
vn 0.0196 0.9734 0.2283
vn 0.0137 0.9986 -0.0512
vn 0.0614 0.9971 -0.0443
vn 0.0536 0.9959 -0.0731
vn 0.0390 0.9351 0.3522
vn -0.0326 0.9335 0.3570
vn -0.0025 0.5886 0.8084
vn 0.0004 0.5907 0.8069
vn -0.0466 0.9962 -0.0731
vn -0.0036 0.4399 0.8980
vn 0.0037 0.4400 0.8980
vn 0.0095 0.7524 0.6586
vn -0.0295 0.9866 0.1603
vn -0.0549 0.9975 -0.0437
vn -0.0196 0.9734 0.2283
vn -0.0137 0.9986 -0.0512
vn -0.0204 0.9675 0.2519
vn -0.0095 0.6958 0.7182
vn 0.0360 -0.0096 0.9993
vn 0.0023 0.0337 0.9994
vn 0.0246 -0.4048 0.9141
vn 0.0051 0.2829 0.9591
vn 0.0270 0.2896 0.9568
vn 0.0231 0.4418 0.8968
vn -0.0244 0.6694 0.7425
vn -0.0000 0.2851 0.9585
vn -0.0230 0.4418 0.8968
vn -0.0267 0.2895 0.9568
vn 0.2589 0.4354 0.8622
vn 0.2204 0.6926 0.6869
vn 0.8472 0.2540 0.4666
vn 0.8406 0.1502 0.5205
vn 0.2516 0.2729 0.9286
vn -0.0360 -0.0094 0.9993
vn -0.0000 -0.0167 0.9999
vn 0.0060 0.9947 -0.1031
vn 0.4335 0.8967 0.0895
vn 0.8245 0.4827 0.2953
vn 0.9982 0.0547 0.0236
vn 0.9989 -0.0086 0.0452
vn 0.8326 -0.0203 0.5535
vn 0.5692 0.8206 -0.0515
vn 0.1635 0.9713 -0.1727
vn 0.8206 -0.2770 0.5000
vn 0.9949 -0.0933 0.0391
vn 0.8342 -0.4393 0.3333
vn 0.2771 -0.4863 0.8287
vn 0.6149 0.6131 0.4959
vn 0.9845 -0.1752 0.0027
vn 0.9108 -0.4112 0.0364
vn 0.8103 -0.5858 -0.0172
vn 0.9216 -0.3765 -0.0941
vn 0.2504 -0.4157 0.8744
vn 0.2351 0.0282 0.9716
vn -0.0458 -0.4104 0.9108
vn -0.0183 -0.4126 0.9107
vn -0.0524 0.6818 0.7296
vn -0.0000 -0.2738 0.9618
vn 0.0448 -0.4106 0.9107
vn 0.0281 -0.4510 0.8921
vn 0.0181 -0.4124 0.9108
vn -0.0000 -0.3938 0.9192
vn -0.0000 0.7499 0.6615
vn 0.0517 0.6817 0.7298
vn 0.0596 0.6784 0.7323
vn 0.0512 0.0709 0.9962
vn 0.0007 -0.1520 0.9884
vn -0.0423 0.0270 0.9987
vn 0.0250 0.8615 0.5072
vn -0.0124 0.2755 0.9612
vn -0.0465 0.0356 0.9983
vn -0.0012 -0.0435 0.9991
vn -0.0273 0.2672 0.9633
vn -0.9824 0.0001 -0.1869
vn -0.0000 0.9981 -0.0621
vn 0.0003 0.9993 -0.0367
vn 0.0848 0.9889 -0.1220
vn 0.1164 0.9919 -0.0499
vn -0.1625 0.9705 -0.1782
vn -0.0886 0.9892 -0.1167
vn -0.7530 0.6085 -0.2504
vn -0.8220 0.5489 -0.1519
vn -0.9214 0.3830 -0.0654
vn -0.8290 0.5588 -0.0242
vn -0.7835 0.2990 -0.5448
vn -0.9259 0.1503 -0.3465
vn -0.9556 0.2948 0.0034
vn -0.9320 0.2573 0.2551
vn -0.7877 -0.4269 -0.4441
vn -0.8543 -0.3438 -0.3899
vn -0.1547 -0.6095 -0.7775
vn -0.4577 -0.5378 -0.7080
vn -0.7942 -0.2601 -0.5491
vn -0.8954 -0.2311 -0.3807
vn -0.6959 -0.4948 -0.5206
vn -0.8166 0.5749 0.0519
vn -0.4437 0.7329 0.5158
vn -0.5827 -0.5206 0.6240
vn -0.7112 -0.6921 0.1233
vn -0.8602 -0.5098 0.0103
vn -0.8395 0.5432 -0.0161
vn -0.9114 -0.3793 -0.1596
vn -0.9994 -0.0090 -0.0337
vn -0.9685 0.1120 -0.2224
vn -0.8226 0.5669 -0.0454
vn -0.0054 0.9160 0.4011
vn 0.0255 0.3489 0.9368
vn -0.0236 0.3476 0.9373
vn 0.0014 0.9049 0.4257
vn -0.0248 0.9789 0.2029
vn 0.0365 0.9761 0.2143
vn -0.0365 0.9944 0.0996
vn -0.0715 0.9922 0.1018
vn 0.0104 0.8916 0.4527
vn -0.0000 0.9998 0.0202
vn -0.0022 0.8945 0.4470
vn 0.0715 0.9917 0.1068
vn 0.0395 0.9940 0.1019
vn -0.0631 0.9973 -0.0365
vn -0.1164 0.9919 -0.0499
vn -0.1170 0.8835 0.4536
vn -0.1997 0.9366 0.2879
vn -0.7592 0.4612 0.4593
vn 0.0715 0.9922 0.1018
vn -0.0104 0.8916 0.4527
vn -0.0000 0.9168 0.3993
vn -0.0000 0.3616 0.9323
vn 0.0506 0.3768 0.9249
vn -0.8324 0.5379 0.1332
vn -0.1070 0.3556 0.9285
vn -0.1375 -0.1748 0.9749
vn -0.4986 -0.2706 0.8235
vn -0.5398 -0.1172 0.8336
vn -0.4538 0.3590 0.8156
vn -0.5816 -0.2703 0.7673
vn -0.5401 -0.5512 0.6360
vn -0.7331 0.0117 0.6800
vn -0.0876 -0.7112 0.6976
vn -0.3703 -0.6473 0.6662
vn -0.0000 -0.5651 0.8250
vn -0.0000 -0.7043 0.7099
vn 0.0378 -0.7258 0.6869
vn -0.0000 -0.1772 0.9842
vn 0.0508 -0.1733 0.9836
vn -0.0442 0.3737 0.9265
vn -0.0430 -0.1362 0.9897
vn 0.0454 -0.1367 0.9896
vn 0.0415 -0.2297 0.9724
vn -0.0386 -0.2278 0.9729
vn -0.0477 -0.1732 0.9837
vn -0.0357 -0.7251 0.6877
vn 0.3703 -0.6473 0.6662
vn 0.0876 -0.7112 0.6976
vn 0.5827 -0.5206 0.6240
vn 0.1375 -0.1748 0.9749
vn 0.1170 0.8835 0.4536
vn 0.1070 0.3556 0.9285
vn 0.5398 -0.1172 0.8336
vn 0.4986 -0.2706 0.8235
vn 0.4538 0.3590 0.8156
vn 0.7592 0.4613 0.4593
vn 0.7331 0.0117 0.6800
vn 0.5816 -0.2703 0.7673
vn 0.5401 -0.5512 0.6360
vn 0.8959 0.3100 -0.3182
vn 0.9259 0.1503 -0.3465
vn 0.9214 0.3830 -0.0654
vn 0.9665 0.2553 -0.0263
vn 0.9556 0.2948 0.0034
vn 0.9828 0.1849 0.0015
vn 0.9320 0.2573 0.2551
vn 0.8324 0.5379 0.1332
vn 0.1996 0.9366 0.2879
vn 0.9292 0.2852 0.2349
vn 0.8009 0.0716 0.5945
vn 0.1669 0.9853 -0.0373
vn 0.1777 0.9771 0.1169
vn 0.1625 0.9705 -0.1782
vn -0.0942 0.9856 -0.1401
vn -0.0000 0.9949 -0.1008
vn 0.8290 0.5588 -0.0242
vn 0.8220 0.5489 -0.1519
vn 0.7530 0.6085 -0.2504
vn 0.7835 0.2990 -0.5448
vn 0.8954 -0.2311 -0.3807
vn 0.7942 -0.2602 -0.5491
vn 0.4577 -0.5378 -0.7080
vn 0.6959 -0.4948 -0.5206
vn 0.7394 -0.6381 -0.2147
vn 0.9114 -0.3793 -0.1596
vn 0.8543 -0.3438 -0.3899
vn 0.7621 -0.5513 -0.3395
vn 0.7877 -0.4269 -0.4441
vn 0.7105 -0.5983 -0.3704
vn 0.1547 -0.6095 -0.7775
vn 0.8278 -0.2847 -0.4834
vn -0.3077 0.9011 0.3055
vn -0.0926 0.8690 0.4861
vn -0.0000 0.8707 0.4918
vn -0.0000 0.5462 0.8377
vn 0.0101 0.5137 0.8579
vn 0.0065 0.8605 0.5095
vn -0.0101 0.5123 0.8588
vn -0.0085 0.8595 0.5110
vn -0.7206 -0.3928 0.5714
vn -0.6560 -0.7266 0.2041
vn -0.6940 -0.1724 -0.6990
vn -0.3805 0.9248 -0.0040
vn -0.4549 0.8904 -0.0168
vn -0.4635 0.8856 0.0300
vn -0.4377 0.8924 0.1094
vn 0.1271 0.9906 -0.0511
vn 0.0966 0.9851 -0.1420
vn 0.0713 0.9828 -0.1706
vn 0.0757 0.9964 -0.0381
vn -0.0636 0.9848 -0.1616
vn 0.3173 -0.9324 0.1733
vn 0.7112 -0.6921 0.1233
vn 0.8602 -0.5098 0.0103
vn 0.7629 -0.2418 0.5996
vn 0.6909 -0.5171 0.5052
vn 0.7981 -0.5903 0.1209
vn 0.7659 -0.6430 0.0029
vn 0.4437 0.7329 0.5158
vn -0.3173 -0.9324 0.1733
vn -0.1669 0.9853 -0.0373
vn -0.1777 0.9771 0.1169
vn -0.6968 -0.7071 -0.1203
vn -0.6810 0.4040 -0.6108
vn -0.0001 0.8705 0.4921
vn 0.0926 0.8690 0.4861
vn 0.3077 0.9011 0.3055
vn -0.0154 0.4375 -0.8991
vn -0.0330 0.3929 -0.9190
vn -0.1209 0.5312 -0.8386
vn -0.3317 0.9326 -0.1426
vn -0.0086 0.9183 -0.3957
vn -0.2685 0.5488 -0.7916
vn -0.4757 0.5792 -0.6620
vn -0.8640 0.4156 -0.2843
vn -0.5853 0.2880 -0.7580
vn -0.1183 0.4381 -0.8911
vn -0.8193 0.1666 -0.5486
vn -0.1339 0.9860 0.0992
vn 0.0003 0.9996 -0.0267
vn 0.0003 0.9996 -0.0270
vn -0.0232 0.9338 0.3570
vn -0.0204 0.9410 0.3377
vn -0.0000 0.9416 0.3367
vn -0.5679 -0.0149 -0.8230
vn -0.8730 0.2634 -0.4105
vn -0.0162 0.9994 -0.0315
vn 0.0001 0.9996 -0.0295
vn -0.0123 0.9160 -0.4011
vn -0.0054 0.9150 -0.4034
vn -0.0121 0.4293 -0.9031
vn -0.0476 0.5421 -0.8390
vn -0.1473 0.5045 -0.8508
vn -0.0036 0.5674 -0.8235
vn -0.0025 0.5762 -0.8173
vn -0.0301 0.4534 -0.8908
vn -0.0246 0.4371 -0.8991
vn -0.0032 0.5589 -0.8292
vn -0.0001 0.5210 -0.8535
vn -0.0001 0.5223 -0.8528
vn -0.0002 0.5197 -0.8543
vn -0.0575 0.5372 -0.8415
vn -0.1403 -0.6775 -0.7220
vn -0.0951 -0.6402 -0.7623
vn -0.0035 0.5365 -0.8439
vn 0.0001 -0.6855 -0.7281
vn -0.0171 -0.6952 -0.7186
vn -0.0000 -0.6855 -0.7281
vn -0.0617 -0.7060 -0.7055
vn 0.0035 0.5591 -0.8291
vn -0.5004 0.5374 -0.6788
vn -0.2206 0.7570 -0.6151
vn -0.5042 -0.5458 -0.6692
vn -0.9100 0.1303 -0.3937
vn -0.8045 0.3024 -0.5111
vn -0.4207 0.8876 -0.1875
vn -0.1784 0.9747 -0.1345
vn -0.3177 0.8422 -0.4356
vn -0.7973 0.5753 -0.1824
vn -0.3447 0.4186 -0.8402
vn -0.0105 0.6157 -0.7879
vn -0.0927 0.9943 -0.0529
vn -0.1136 0.9045 -0.4111
vn -0.0910 0.4612 -0.8826
vn -0.0077 0.5942 -0.8043
vn -0.0391 0.9984 -0.0414
vn -0.0589 0.9143 -0.4007
vn -0.0521 0.4577 -0.8876
vn -0.0282 0.9182 -0.3952
vn -0.0011 1.0000 -0.0000
vn -0.0492 0.9460 0.3204
vn -0.0888 0.9442 0.3173
vn -0.1533 0.9354 0.3188
vn -0.2485 0.9600 -0.1293
vn -0.2658 0.9538 -0.1402
vn -0.7065 0.6605 -0.2543
vn -0.7477 0.5680 -0.3440
vn -0.9833 0.0467 -0.1760
vn -0.0047 -0.9976 -0.0686
vn -0.3929 -0.9154 -0.0878
vn -0.9406 -0.2826 -0.1879
vn -0.2812 -0.1043 -0.9540
vn 0.5987 0.2546 -0.7594
vn 0.6518 -0.0374 -0.7575
vn -0.1526 -0.1280 -0.9800
vn -0.1156 0.4622 -0.8792
vn -0.0000 0.5074 -0.8617
vn -0.3566 0.5672 -0.7424
vn -0.5912 0.5570 -0.5833
vn -0.8637 0.2583 -0.4328
vn -0.5397 0.5040 -0.6743
vn 0.6183 0.6156 -0.4886
vn 0.5896 0.7734 -0.2330
vn -0.2725 0.9336 -0.2326
vn 0.7159 0.6982 -0.0023
vn 0.7379 0.6665 -0.1067
vn -0.5822 0.8131 0.0023
vn -0.5511 0.8026 -0.2285
vn -0.8407 0.5052 -0.1950
vn -0.3980 0.5379 -0.7431
vn -0.5974 0.5046 -0.6232
vn -0.7766 0.6291 -0.0327
vn -0.3093 0.9081 -0.2824
vn -0.2420 0.9695 -0.0382
vn -0.0000 0.6011 -0.7992
vn -0.0000 0.9504 -0.3109
vn -0.0000 0.9984 -0.0566
vn -0.0000 0.7171 -0.6970
vn -0.1760 0.7408 -0.6482
vn 0.2925 0.0906 -0.9520
vn 0.3049 0.3181 -0.8977
vn -0.1588 -0.0034 -0.9873
vn 0.7012 0.7129 0.0055
vn 0.7152 0.6967 0.0563
vn 0.7190 0.3914 0.5743
vn 0.6945 0.7153 0.0769
vn 0.6978 0.7163 -0.0000
vn 0.6912 0.7227 -0.0011
vn 0.9996 -0.0271 -0.0030
vn 0.9845 0.0011 -0.1751
vn 0.2754 -0.0133 0.9613
vn 0.2688 -0.0072 0.9632
vn 0.1948 0.6443 0.7396
vn -0.0006 -0.0003 1.0000
vn 0.3077 -0.0355 0.9508
vn -0.0000 -0.0005 1.0000
vn 0.5126 -0.8575 -0.0443
vn 0.4575 -0.8892 0.0052
vn 0.0794 -0.9968 0.0042
vn 0.0558 -0.8577 0.5111
vn 0.3838 -0.9189 0.0916
vn 0.2035 -0.8308 0.5181
vn 0.0114 -0.2662 0.9638
vn 0.4224 -0.5198 0.7426
vn 0.5182 -0.2143 0.8280
vn -0.0007 0.0015 1.0000
vn 0.7732 -0.6147 0.1559
vn 0.0015 0.0031 1.0000
vn 0.0003 0.0006 1.0000
vn 0.0033 -0.8304 0.5572
vn 0.0122 -0.9999 -0.0017
vn 0.0132 -0.9994 -0.0313
vn 0.1071 -0.9937 -0.0343
vn 0.1013 -0.9926 -0.0676
vn 0.0139 -0.9979 -0.0635
vn 0.0207 -0.9887 -0.1484
vn 0.0236 -0.9948 -0.0993
vn 0.0130 -0.9941 -0.1079
vn 0.4483 -0.8923 -0.0535
vn -0.0356 -0.7887 0.6138
vn 0.0073 -0.9896 -0.1438
vn 0.0183 -0.9864 -0.1635
vn 0.2563 -0.7158 0.6496
vn 0.2653 -0.9532 -0.1453
vn 0.5113 -0.8524 -0.1098
vn 0.5486 -0.8291 -0.1080
vn 0.3584 -0.1224 0.9255
vn 0.7048 -0.7051 -0.0773
vn 0.3470 -0.8184 -0.4580
vn -0.0816 -0.9906 -0.1097
vn 0.3569 -0.9312 -0.0739
vn 0.9187 -0.3355 0.2084
vn 0.9232 -0.1375 0.3589
vn 0.9748 -0.2217 0.0258
vn 0.8275 0.1077 0.5511
vn 0.1386 -0.9902 -0.0174
vn 0.6641 -0.1242 0.7372
vn 0.8784 -0.1213 0.4623
vn 0.8459 -0.0358 0.5321
vn 0.6314 -0.1038 0.7685
vn 0.9893 -0.0777 0.1238
vn 0.9845 -0.1714 -0.0372
vn -0.7869 0.5910 0.1776
vn 0.1471 -0.6385 0.7554
vn -0.1666 0.7288 0.6641
vn 0.4216 -0.4588 0.7821
vn -0.5128 0.5674 0.6443
vn 0.6229 -0.2188 0.7511
vn -0.7004 0.2491 0.6688
vn 0.0003 -0.0006 1.0000
vn 0.0004 -0.0005 1.0000
vn 0.0004 -0.0000 1.0000
vn 0.0005 -0.0000 1.0000
vn -0.6976 -0.6373 -0.3273
vn 0.7781 -0.6088 -0.1549
vn 0.8701 -0.2840 0.4027
vn 0.8451 0.0856 0.5277
vn 0.9340 -0.3445 -0.0950
vn 0.1616 0.4676 0.8691
vn 0.9454 -0.2910 -0.1467
vn 0.9592 -0.2627 -0.1046
vn 0.8420 0.1828 0.5075
vn 0.9767 -0.2050 -0.0640
vn -0.4967 0.6502 0.5749
vn -0.0263 -0.5200 -0.8538
vn 0.4092 -0.5359 -0.7385
vn -0.0680 -0.6177 -0.7835
vn 0.9898 -0.0664 0.1263
vn 0.6490 -0.4834 -0.5875
vn 0.2606 -0.2863 -0.9220
vn 0.1760 0.7408 -0.6482
vn 0.5974 0.5047 -0.6232
vn 0.2725 0.9336 -0.2326
vn -0.0000 0.7068 -0.7074
vn -0.6154 0.0052 -0.7882
vn -0.5840 0.2626 -0.7681
vn -0.0755 -0.0234 -0.9969
vn 0.3067 0.5534 -0.7744
vn -0.0291 -0.0036 -0.9996
vn 0.2729 0.3902 -0.8794
vn 0.4603 0.5478 -0.6986
vn -0.6154 0.6083 -0.5013
vn -0.4825 0.8056 -0.3438
vn -0.7327 0.6303 -0.2566
vn -0.7159 0.6982 -0.0023
vn 0.5822 0.8131 0.0023
vn 0.5272 0.8130 -0.2470
vn 0.7894 0.5759 -0.2127
vn 0.3832 0.5532 -0.7397
vn 0.7759 0.6297 -0.0378
vn 0.2937 0.9090 -0.2957
vn 0.2420 0.9695 -0.0382
vn -0.7859 0.4161 0.4573
vn -0.0000 0.9999 0.0171
vn -0.7012 0.7129 0.0055
vn -0.6978 0.7163 -0.0000
vn -0.6945 0.7153 0.0769
vn -0.6912 0.7227 -0.0011
vn -0.9996 -0.0271 -0.0030
vn -0.9276 0.0466 -0.3707
vn -0.8083 0.1090 -0.5786
vn -0.2514 0.0838 -0.9643
vn 0.1633 -0.0013 -0.9866
vn -0.6333 -0.5702 -0.5233
vn 0.0570 0.7532 0.6553
vn 0.0427 0.7451 0.6656
vn 0.0502 0.7780 0.6262
vn -0.0003 0.9996 -0.0266
vn 0.0019 0.9302 -0.3671
vn 0.0483 0.7549 0.6541
vn 0.0014 0.9296 -0.3685
vn 0.0004 0.3244 -0.9459
vn 0.0008 0.3249 -0.9458
vn -0.0005 -0.5601 -0.8285
vn -0.0041 -0.5572 -0.8304
vn 0.0022 -0.5354 -0.8446
vn -0.0820 0.3315 -0.9399
vn -0.2017 0.9074 -0.3688
vn -0.2900 0.2819 -0.9146
vn -0.6253 0.6931 -0.3587
vn 0.1826 -0.2898 -0.9395
vn -0.0379 -0.0397 -0.9985
vn 0.1597 -0.3340 -0.9290
vn 0.0038 -0.3895 -0.9210
vn -0.0002 -0.4232 -0.9060
vn -0.0047 -0.4264 -0.9045
vn -0.2988 0.7696 0.5643
vn -0.0806 0.9120 0.4023
vn -0.0112 -0.4001 -0.9164
vn -0.0145 -0.5284 -0.8489
vn -0.0314 -0.3816 -0.9238
vn -0.0399 -0.5214 -0.8524
vn -0.0360 -0.3352 -0.9414
vn -0.2456 -0.3365 -0.9091
vn -0.5616 0.0073 -0.8274
vn 0.0003 0.3702 -0.9290
vn -0.0000 -0.7264 -0.6873
vn -0.0146 0.3834 -0.9235
vn -0.0034 0.8602 -0.5099
vn 0.0837 0.5344 -0.8411
vn 0.0016 0.8828 -0.4698
vn -0.0011 0.8645 -0.5026
vn 0.0008 0.6565 -0.7543
vn 0.0006 0.6560 -0.7548
vn 0.0003 0.8630 -0.5053
vn -0.0009 0.6574 -0.7536
vn 0.1193 0.5402 -0.8331
vn 0.4477 -0.0109 -0.8941
vn -0.0038 0.3729 -0.9279
vn -0.0369 0.9043 -0.4253
vn 0.0072 0.8914 -0.4531
vn -0.3880 0.6040 -0.6962
vn 0.0008 0.6634 -0.7482
vn 0.0055 0.6592 -0.7520
vn 0.0023 0.6576 -0.7534
vn 0.0492 0.9460 0.3204
vn 0.0232 0.9541 0.2986
vn 0.0204 0.9410 0.3377
vn 0.0232 0.9338 0.3570
vn -0.0000 -0.4105 -0.9119
vn -0.5764 -0.2188 -0.7873
vn 0.5764 -0.2188 -0.7873
vn 0.8886 0.3334 0.3149
vn 0.7891 0.4191 0.4490
vn 0.5912 0.6432 0.4866
vn 0.9935 0.0876 0.0722
vn 0.6798 -0.6324 -0.3714
vn -0.0002 0.8119 0.5838
vn -0.6074 0.6456 0.4630
vn -0.8145 0.4533 0.3621
vn -0.9926 0.1093 0.0532
vn -0.9043 0.3897 0.1743
vn -0.7607 0.2694 0.5905
vn -0.8401 0.4763 -0.2596
vn -1.0000 -0.0021 0.0008
vn -0.9479 0.1917 0.2546
vn -0.7695 0.6193 -0.1561
vn -0.9580 0.2251 0.1775
vn -0.5284 0.7242 -0.4430
vn -1.0000 -0.0017 0.0010
vn 0.7041 0.3449 -0.6207
vn 0.5422 0.7229 -0.4284
vn 0.9606 -0.2219 -0.1674
vn 1.0000 0.0017 -0.0012
vn 0.6149 0.3910 -0.6849
vn 0.9452 -0.2030 -0.2558
vn 0.4897 -0.2477 -0.8360
vn -0.5071 -0.2239 -0.8323
vn -0.6265 0.3958 -0.6715
vn 0.6698 0.3890 -0.6324
vn -0.3721 0.8678 -0.3294
vn 0.3791 0.8437 -0.3800
vn 0.5306 -0.2483 -0.8105
vn -0.5132 -0.2293 -0.8271
vn -0.6464 0.2326 -0.7267
vn 0.6477 0.2472 -0.7207
vn -0.5484 0.7652 -0.3372
vn 0.5133 0.7746 -0.3695
vn 0.5271 -0.1833 -0.8298
vn -0.5316 -0.2528 -0.8084
vn -0.6364 0.2522 -0.7289
vn 0.6576 0.2912 -0.6948
vn -0.5545 0.7150 -0.4258
vn 0.5037 0.7365 -0.4515
vn -0.6407 -0.5596 -0.5257
vn -0.9770 0.1320 -0.1673
vn -0.5742 0.8174 -0.0460
vn 0.5353 0.8334 -0.1373
vn 0.9910 0.1058 -0.0816
vn 0.6456 -0.5690 -0.5093
vn 0.9994 -0.0090 -0.0337
vn 0.8395 0.5432 -0.0161
vn 0.8166 0.5749 0.0519
vn 0.8226 0.5669 -0.0454
vn -0.7717 0.2276 0.5939
vn -0.6384 -0.4489 -0.6252
vn -0.6822 -0.6317 -0.3681
vn 0.0002 -0.8655 -0.5009
vn 0.6227 0.7568 0.1989
vn 0.6338 0.7129 0.3001
vn 0.0003 0.9204 0.3910
vn -0.0000 0.9672 0.2541
vn -0.6323 0.7130 0.3030
vn -0.6227 0.7568 0.1989
vn -0.9944 0.0970 0.0415
vn -0.9912 0.1282 0.0338
vn -0.6953 -0.6792 -0.2351
vn -0.6984 -0.6922 -0.1818
vn 0.0006 -0.9447 -0.3280
vn -0.0000 -0.9672 -0.2542
vn 0.6944 -0.6797 -0.2362
vn 0.6984 -0.6922 -0.1819
vn 0.9912 0.1282 0.0338
vn 0.9942 0.0999 0.0408
vn 0.0001 -0.9982 -0.0601
vn -0.0000 -0.9982 -0.0601
vn -0.0016 -0.9984 -0.0566
vn -0.0000 -0.9985 -0.0546
vn -0.0001 -0.9985 -0.0544
vn -0.0000 -0.9985 -0.0542
vn -0.0001 -0.9985 -0.0540
vn -0.0001 -0.9985 -0.0539
vn -0.5199 -0.5325 -0.6679
vn -0.9939 -0.0354 -0.1049
vn -0.7071 0.7037 0.0701
vn 0.6661 0.7453 0.0312
vn 0.9951 -0.0084 -0.0990
vn 0.5578 -0.5483 -0.6231
vn -0.8056 0.1643 0.5692
vn 0.4549 0.8904 -0.0168
vn 0.3805 0.9248 -0.0040
vn 0.4635 0.8856 0.0300
vn 0.4377 0.8924 0.1094
vn -0.6179 -0.4446 -0.6484
vn -0.6733 0.7392 0.0171
vn -0.9868 0.0162 -0.1612
vn -0.6451 -0.5755 -0.5026
vn 0.6316 -0.4896 -0.6012
vn 0.9923 0.0754 -0.0985
vn 0.6339 0.7725 -0.0375
vn -0.8444 0.1628 0.5104
vn -0.6453 -0.4266 -0.6337
vn -0.7958 0.2037 0.5703
vn 0.9999 0.0037 0.0134
vn 0.8549 -0.0221 0.5183
vn 0.8414 -0.0089 0.5404
vn 0.6540 0.5955 0.4665
vn 0.9936 -0.0704 0.0889
vn 0.9939 -0.0032 0.1098
vn 0.9931 -0.0014 0.1170
vn -0.4911 0.3880 -0.7799
vn -0.9360 -0.2647 0.2322
vn -0.7831 0.4791 -0.3964
vn -0.6332 0.2000 -0.7477
vn 0.0768 0.9735 -0.2153
vn -0.0780 0.9741 -0.2124
vn -0.7583 -0.6238 -0.1893
vn -0.7842 0.0624 0.6174
vn -0.3092 0.3476 0.8852
vn -0.2465 0.9586 0.1423
vn -0.6365 0.7688 -0.0608
vn -0.3386 0.5916 0.7317
vn -0.9996 0.0118 -0.0250
vn 0.8333 0.3378 0.4377
vn 0.7925 -0.4296 -0.4329
vn -0.2819 -0.6806 -0.6763
vn -0.7843 -0.4686 0.4065
vn -0.2905 -0.9423 -0.1666
vn 0.6335 -0.7704 0.0710
vn -0.2520 -0.1124 0.9612
vn 0.5936 -0.2121 0.7763
vn 0.5422 -0.8402 -0.0061
vn 0.9304 -0.1797 0.3195
vn 0.9114 -0.3350 0.2390
vn 0.9030 0.4295 -0.0076
vn 0.8940 0.4477 0.0166
vn 0.7031 -0.7047 -0.0948
vn 0.6964 -0.7176 0.0122
vn 0.7135 -0.6907 0.1178
vn 0.9027 0.4293 -0.0273
vn 0.9009 0.4326 -0.0343
vn 0.8908 0.4543 -0.0075
vn 0.8876 0.4600 0.0230
vn 0.8855 0.4561 0.0890
vn 0.7603 -0.6121 -0.2175
vn 0.8893 0.4058 0.2108
vn 0.7566 -0.5407 -0.3677
vn 0.8912 0.4471 0.0761
vn 0.9926 0.1215 -0.0015
vn 0.9931 0.1171 -0.0014
vn 0.9201 0.3758 -0.1107
vn 0.9930 0.1181 0.0013
vn 0.9316 0.3239 0.1652
vn 0.8917 0.2413 0.3829
vn 0.7170 -0.3816 -0.5834
vn 0.8931 0.1347 0.4293
vn 0.6809 -0.2140 -0.7005
vn 0.9170 0.0367 0.3973
vn 0.7002 -0.1889 -0.6885
vn 0.9430 0.3327 0.0007
vn 0.9434 0.3318 0.0021
vn 0.8546 0.2394 -0.4608
vn 0.9455 0.1095 -0.3068
vn 0.9449 0.0340 -0.3255
vn 0.7049 0.0278 -0.7088
vn 0.7011 -0.0202 -0.7127
vn 0.6577 0.1439 -0.7394
vn 0.7112 0.5344 -0.4567
vn 0.5998 0.1616 -0.7836
vn 0.8342 0.2928 -0.4673
vn 0.6881 0.3143 -0.6540
vn 0.7032 0.0743 -0.7071
vn 0.9194 0.2210 0.3253
vn 0.9994 0.0343 0.0012
vn 0.9437 -0.0308 -0.3292
vn 0.7180 -0.1190 -0.6858
vn 0.9653 -0.1591 -0.2072
vn 0.8476 -0.2598 -0.4627
vn 0.9530 -0.2660 0.1449
vn 0.9998 -0.0181 0.0047
vn 0.9912 -0.1326 0.0029
vn 0.9695 -0.2444 0.0171
vn 0.3840 -0.8874 -0.2552
vn 0.6296 -0.7502 0.2019
vn 0.6686 -0.7435 0.0146
vn 0.4860 -0.7933 0.3668
vn 0.8250 -0.1945 0.5306
vn 0.9019 -0.0733 0.4257
vn 0.9035 0.0487 0.4257
vn 0.9037 0.1262 0.4091
vn 0.6093 -0.6749 0.4163
vn 0.8345 -0.2509 0.4906
vn 0.9088 -0.0617 0.4126
vn 0.7215 -0.2316 -0.6525
vn 0.4999 -0.5997 -0.6249
vn 0.0031 -0.7513 -0.6599
vn 0.0293 -0.9768 0.2122
vn -0.7182 -0.6940 0.0503
vn -0.6261 -0.5146 -0.5859
vn 0.8969 0.0260 -0.4414
vn 0.8950 0.0254 -0.4453
vn 0.9098 0.1171 -0.3983
vn 0.9020 0.1183 -0.4152
vn 0.8690 0.2653 -0.4176
vn 0.9120 0.2353 -0.3361
vn 0.9369 0.2727 -0.2189
vn 0.8832 0.3960 -0.2514
vn 0.7530 -0.4795 0.4506
vn 0.7455 -0.3308 0.5786
vn 0.7244 -0.2275 0.6508
vn 0.7415 -0.1643 0.6505
vn 0.8788 -0.0676 -0.4724
vn 0.6865 -0.4383 0.5802
vn 0.9001 0.4257 -0.0929
vn 0.7484 -0.6065 0.2684
vn 0.9987 -0.0482 -0.0182
vn 0.9941 -0.0376 -0.1017
vn 0.9925 -0.0054 -0.1221
vn 0.9998 -0.0011 -0.0197
vn 0.9993 0.0353 -0.0108
vn 0.9936 0.1133 -0.0040
vn 0.9939 0.1105 -0.0044
vn 0.9921 0.0241 -0.1228
vn 0.9899 0.0956 -0.1042
vn 0.9451 0.3220 -0.0556
vn 0.9427 0.3336 -0.0009
vn 0.9480 0.3183 0.0002
vn 0.9967 0.0544 -0.0599
vn 0.9567 0.2036 -0.2080
vn 0.9946 0.0194 -0.1018
vn 0.9416 -0.0718 -0.3291
vn 0.8803 -0.0708 -0.4691
vn 0.9931 -0.1150 -0.0225
vn 0.9911 -0.1143 -0.0681
vn 0.7508 0.0972 -0.6534
vn 0.7290 -0.1119 -0.6753
vn 0.8896 -0.4546 -0.0434
vn 0.2041 -0.0702 -0.9764
vn 0.4543 -0.3794 -0.8060
vn 0.3589 -0.8427 -0.4014
vn 0.4733 -0.7856 -0.3986
vn 0.8140 -0.3117 -0.4902
vn 0.5166 -0.8543 -0.0579
vn 0.9463 -0.3208 -0.0406
vn -0.3054 -0.9498 -0.0680
vn 0.5624 -0.6554 -0.5042
vn 0.7674 -0.2506 -0.5901
vn -0.5540 -0.1256 -0.8230
vn -0.6612 -0.4089 -0.6290
vn -0.3440 -0.8091 -0.4765
vn -0.7378 -0.6710 -0.0737
vn -0.7058 -0.4447 0.5515
vn 0.2494 -0.7428 0.6213
vn 0.7995 -0.4250 -0.4244
vn 0.0827 0.9002 -0.4275
vn 0.3771 0.7459 -0.5490
vn 0.8588 0.2013 -0.4711
vn 0.4320 0.2459 -0.8677
vn 0.4882 0.8727 0.0018
vn 0.9873 0.1588 -0.0008
vn 0.9885 0.1512 -0.0022
vn 0.4719 0.8817 0.0023
vn 0.9856 0.1692 -0.0017
vn 0.4644 0.8856 0.0024
vn 0.9833 0.1819 -0.0027
vn 0.4504 0.8928 -0.0000
vn 0.4161 0.9093 -0.0025
vn 0.9768 0.2127 -0.0257
vn 0.1017 -0.1454 0.9841
vn 0.1800 -0.3591 0.9158
vn 0.6820 -0.4123 0.6040
vn 0.6497 -0.1945 0.7349
vn 0.3006 -0.8952 0.3290
vn 0.0591 -0.7398 0.6702
vn 0.3261 -0.7921 0.5160
vn 0.6519 -0.3933 0.6483
vn 0.7844 -0.1627 0.5986
vn 0.8085 -0.2093 0.5500
vn 0.2847 -0.7260 0.6260
vn 0.8592 -0.2791 0.4287
vn 0.5148 -0.7783 -0.3595
vn 0.8027 -0.5785 0.1448
vn 0.8156 -0.4826 0.3192
vn 0.8509 0.4866 -0.1980
vn 0.8562 0.3046 -0.4174
vn 0.9006 0.0571 -0.4309
vn 0.9188 -0.0574 -0.3905
vn 0.8757 -0.2785 -0.3944
vn 0.9051 0.3924 -0.1639
vn 0.9250 0.2246 -0.3063
vn 0.9006 -0.0073 -0.4346
vn 0.9099 0.0539 -0.4114
vn 0.9180 -0.0508 -0.3933
vn 0.8595 -0.2813 -0.4268
vn 0.3648 -0.9095 -0.1992
vn 0.5421 -0.8403 -0.0015
vn 0.9512 -0.3084 0.0011
vn 0.9613 0.0572 -0.2694
vn 0.9187 -0.0003 -0.3950
vn 0.9371 0.2085 -0.2799
vn 0.9034 0.4283 0.0214
vn 0.6388 0.7688 0.0294
vn 0.5102 0.8594 0.0345
vn 0.6696 0.7394 0.0701
vn 0.4558 0.8886 0.0519
vn 0.4108 0.9052 0.1088
vn 0.8488 0.5254 0.0592
vn 0.9007 0.4328 0.0389
vn 0.9138 0.4054 0.0272
vn 0.8653 0.4992 -0.0461
vn 0.8476 0.5293 -0.0375
vn 0.8623 0.4083 0.2996
vn 0.9031 0.2986 0.3085
vn 0.8397 -0.5169 -0.1665
vn 0.8503 0.4785 0.2190
vn 0.8511 0.5179 0.0858
vn 0.8592 0.5020 0.0994
vn 0.8465 0.5319 0.0216
vn 0.8508 0.5251 0.0195
vn 0.7929 -0.6092 0.0123
vn 0.8022 -0.5924 -0.0745
vn 0.8366 -0.2252 -0.4994
vn 0.8636 -0.3359 -0.3760
vn 0.9202 0.2754 0.2783
vn 0.9478 0.0847 0.3074
vn 0.9802 0.0655 0.1870
vn 0.9720 -0.0076 0.2349
vn 0.8176 -0.2133 -0.5348
vn 0.9849 -0.1029 0.1391
vn 0.7661 -0.0894 -0.6365
vn 0.6827 -0.7230 0.1060
vn 0.6329 -0.7439 0.2148
vn 0.9459 -0.0755 0.3155
vn 0.9285 0.0222 0.3706
vn 0.5632 -0.5901 -0.5784
vn 0.9051 0.0020 0.4252
vn 0.9624 0.0449 0.2679
vn 0.8993 0.3955 0.1868
vn 0.9023 0.3489 0.2533
vn 0.8364 -0.0797 0.5423
vn 0.6589 -0.0402 0.7512
vn 0.7337 0.0291 0.6788
vn 0.6765 0.3025 0.6714
vn 0.5202 0.7595 0.3906
vn 0.5961 -0.7368 0.3189
vn 0.4874 -0.7237 0.4886
vn 0.6002 -0.1000 0.7936
vn 0.8752 0.4395 0.2023
vn 0.5814 0.7734 0.2524
vn 0.6160 0.4827 0.6225
vn 0.7165 0.5533 0.4249
vn 0.2603 0.8505 0.4571
vn 0.0919 0.9893 0.1130
vn 0.0533 0.9667 0.2502
vn 0.1241 0.7067 0.6966
vn 0.1622 0.2363 0.9580
vn 0.6828 -0.0289 0.7300
vn 0.3436 -0.6741 0.6539
vn 0.0127 0.0798 0.9967
vn 0.1165 -0.6605 0.7418
vn -0.0000 -0.6842 0.7293
vn -0.0000 0.3078 0.9514
vn -0.1622 0.2363 0.9580
vn -0.0000 0.8030 0.5960
vn -0.0000 0.9817 0.1904
vn 0.0305 0.9964 0.0785
vn 0.5846 0.8038 0.1107
vn -0.0533 0.9667 0.2502
vn -0.1241 0.7067 0.6966
vn -0.0000 0.9990 0.0445
vn -0.0000 0.9979 0.0652
vn 0.0412 0.9973 0.0614
vn -0.0000 0.9972 0.0745
vn -0.0305 0.9964 0.0785
vn -0.5814 0.7734 0.2524
vn -0.6160 0.4827 0.6225
vn -0.0412 0.9973 0.0614
vn -0.5846 0.8038 0.1107
vn -0.7165 0.5533 0.4249
vn -0.6829 -0.0289 0.7300
vn -0.3436 -0.6741 0.6539
vn -0.1165 -0.6605 0.7418
vn -0.5394 0.8339 0.1168
vn -0.5618 0.8234 0.0801
vn -0.0752 0.9954 0.0586
vn -0.0919 0.9893 0.1130
vn -0.2603 0.8505 0.4571
vn -0.0127 0.0798 0.9967
vn -0.6765 0.3025 0.6714
vn -0.5202 0.7595 0.3906
vn -0.4108 0.9052 0.1088
vn -0.4558 0.8886 0.0519
vn -0.1011 0.9937 0.0476
vn -0.5102 0.8594 0.0345
vn -0.6388 0.7688 0.0294
vn -0.3265 0.9442 0.0424
vn -0.2039 0.9776 0.0521
vn -0.6696 0.7394 0.0701
vn -0.4926 0.8659 0.0871
vn -0.1539 0.9851 0.0769
vn -0.2475 0.9645 0.0923
vn -0.1206 0.9907 0.0623
vn -0.3581 0.9089 0.2139
vn -0.1630 0.9485 0.2716
vn -0.3644 0.7757 0.5153
vn -0.1859 0.8120 0.5533
vn -0.1172 0.8660 0.4862
vn -0.7258 0.6228 0.2920
vn -0.4746 0.8626 0.1749
vn 0.1172 0.8659 0.4862
vn 0.0826 0.9800 0.1813
vn 0.1630 0.9485 0.2716
vn 0.0375 0.9807 0.1920
vn 0.0319 0.9991 0.0283
vn -0.0000 0.9996 0.0273
vn -0.0000 0.9864 0.1646
vn -0.0375 0.9807 0.1920
vn -0.0661 0.8712 0.4865
vn -0.0826 0.9800 0.1812
vn -0.0960 0.9949 0.0313
vn -0.0319 0.9991 0.0283
vn 0.0661 0.8712 0.4865
vn -0.0000 0.8810 0.4731
vn -0.4973 0.8664 0.0448
vn -0.5843 0.8110 0.0289
vn -0.4632 0.8845 0.0547
vn -0.5440 0.8375 0.0511
vn -0.6299 0.7727 0.0787
vn -0.0456 0.9979 0.0458
vn -0.5015 0.8622 0.0708
vn 0.0456 0.9979 0.0458
vn 0.4632 0.8845 0.0547
vn 0.5844 0.8110 0.0289
vn 0.5440 0.8375 0.0511
vn 0.6299 0.7727 0.0787
vn 0.1207 0.9907 0.0623
vn 0.5015 0.8623 0.0708
vn 0.1011 0.9937 0.0476
vn 0.0752 0.9954 0.0586
vn 0.5618 0.8234 0.0801
vn 0.5394 0.8339 0.1168
vn 0.2475 0.9645 0.0923
vn 0.3266 0.9442 0.0424
vn 0.2035 0.9777 0.0521
vn 0.4926 0.8659 0.0871
vn 0.1539 0.9851 0.0769
vn 0.3581 0.9089 0.2139
vn 0.4973 0.8664 0.0448
vn 0.4746 0.8627 0.1750
vn 0.7259 0.6228 0.2921
vn 0.3643 0.7757 0.5153
vn 0.1859 0.8120 0.5533
vn 0.0960 0.9949 0.0313
vn 0.9778 0.0639 -0.1997
vn 0.7410 0.1783 -0.6474
vn 0.9651 0.2260 -0.1323
vn 0.9702 0.1762 -0.1663
vn 0.7033 0.1437 -0.6962
vn 0.8891 0.0979 -0.4471
vn 0.8907 0.1911 -0.4125
vn 0.9106 0.2249 -0.3468
vn 0.7458 0.1376 0.6518
vn 0.7223 0.1664 0.6713
vn 0.9571 0.2550 -0.1373
vn 0.6949 0.1833 0.6954
vn 0.7355 0.2011 -0.6470
vn 0.6871 0.2874 -0.6673
vn 0.9448 0.2990 -0.1341
vn 0.6863 0.1717 0.7068
vn 0.9607 0.1192 0.2508
vn -0.0042 0.0053 1.0000
vn -0.0268 0.0089 0.9996
vn -0.0269 0.0088 0.9996
vn -0.0267 0.0088 0.9996
vn 0.9908 -0.1218 0.0594
vn 0.9908 -0.0636 0.1196
vn 0.7316 -0.4177 0.5388
vn 0.7316 -0.2131 0.6476
vn 0.7316 -0.0213 0.6814
vn 0.9908 0.0188 0.1343
vn 0.7316 0.2083 0.6491
vn 0.9912 -0.0580 -0.1189
vn 0.9912 0.0229 -0.1302
vn 0.9912 0.0951 -0.0919
vn 0.9912 0.1309 -0.0185
vn 0.9907 -0.1337 -0.0236
vn 0.9912 0.1167 0.0621
vn 0.9908 -0.0942 -0.0975
vn 0.9912 0.0579 0.1189
vn 0.9907 -0.0189 -0.1344
vn 0.9281 -0.0178 0.3719
vn 0.9287 0.1193 0.3512
vn 0.9279 -0.1110 0.3560
vn 0.9280 -0.2328 0.2908
vn 0.9281 -0.2984 0.2225
vn 0.9281 -0.3591 0.0982
vn 0.9287 -0.3707 0.0050
vn 0.9286 -0.3470 -0.1316
vn 0.9283 -0.3036 -0.2148
vn 0.9282 -0.2041 -0.3110
vn 0.9283 -0.1193 -0.3521
vn 0.9289 0.0178 -0.3698
vn 0.9912 -0.0234 0.1302
vn 0.9280 0.1109 -0.3556
vn 0.9288 0.2317 -0.2893
vn 0.9912 -0.0951 0.0921
vn 0.9907 0.0636 -0.1199
vn 0.9907 0.1222 -0.0594
vn 0.9912 -0.1309 0.0186
vn 0.9908 0.1336 0.0235
vn 0.9912 -0.1167 -0.0623
vn 0.9908 0.0943 0.0976
vn 0.7316 0.3833 0.5638
vn 0.7316 0.0213 -0.6814
vn 0.7316 0.2131 -0.6476
vn 0.7316 0.4177 -0.5388
vn 0.7316 0.5530 -0.3987
vn 0.7316 0.6546 -0.1903
vn 0.7316 0.6817 0.0025
vn 0.7316 0.6415 0.2308
vn 0.7316 0.5500 0.4028
vn 0.7316 -0.3833 -0.5638
vn 0.7316 -0.2083 -0.6491
vn 0.7316 -0.5500 -0.4028
vn 0.7316 -0.6415 -0.2308
vn 0.7316 -0.6817 -0.0025
vn 0.7316 -0.6546 0.1903
vn 0.7316 -0.5530 0.3987
vn 0.9301 0.2938 -0.2205
vn 0.9286 0.3583 -0.0970
vn 0.9281 0.3722 -0.0046
vn 0.9287 0.3469 0.1313
vn 0.9283 0.3035 0.2148
vn 0.9285 0.2037 0.3104
vn 0.9630 -0.1723 -0.2070
vn 0.9983 0.0465 0.0350
vn 0.9982 0.0340 0.0485
vn 0.9985 0.0512 0.0176
vn 0.9616 -0.2626 -0.0793
vn 0.9387 -0.2248 -0.2612
vn 0.9655 -0.2567 0.0446
vn 0.9983 0.0582 0.0010
vn 0.9616 -0.2630 -0.0780
vn 0.9668 -0.1478 -0.2087
vn 0.9404 -0.2023 -0.2732
vn 0.9655 -0.1217 -0.2303
vn 0.9983 0.0170 0.0557
vn 0.9982 0.0567 -0.0173
vn 0.9985 0.0326 -0.0432
vn 0.8164 0.3476 -0.4613
vn 0.8164 0.4731 -0.3313
vn 0.9983 0.0477 -0.0334
vn 0.9630 -0.2502 0.0999
vn 0.9404 -0.3224 0.1079
vn 0.9391 -0.3373 0.0661
vn 0.9668 -0.2441 0.0761
vn 0.9387 -0.3179 0.1331
vn 0.9616 -0.1555 0.2260
vn 0.9616 -0.1565 0.2253
vn 0.9655 -0.0369 0.2579
vn 0.9983 0.0189 -0.0550
vn 0.8164 0.1880 -0.5461
vn 0.9982 0.0010 -0.0592
vn 0.9668 -0.0031 0.2557
vn 0.9643 0.0080 0.2646
vn 0.9404 0.0030 0.3399
vn 0.9391 -0.0414 0.3412
vn 0.9985 -0.0188 -0.0505
vn 0.9668 0.2332 0.1043
vn 0.9404 0.3242 0.1022
vn 0.9982 -0.0560 -0.0193
vn 0.9391 0.3117 0.1448
vn 0.9668 0.2422 0.0819
vn 0.9616 0.1669 0.2177
vn 0.9388 0.0284 0.3434
vn 0.9654 0.1582 0.2074
vn 0.9990 -0.0260 -0.0372
vn 0.9985 -0.0410 -0.0350
vn 0.8164 0.0101 -0.5775
vn 0.8164 -0.1689 -0.5523
vn 0.8163 -0.3313 -0.4731
vn 0.8164 -0.4613 -0.3476
vn 0.8164 -0.5461 -0.1880
vn 0.8163 0.5523 -0.1689
vn 0.8164 0.5775 0.0101
vn 0.8164 0.5461 0.1880
vn 0.8164 0.4613 0.3476
vn 0.8164 0.3313 0.4731
vn 0.8164 0.1689 0.5523
vn 0.8164 -0.0101 0.5775
vn 0.8164 -0.1880 0.5461
vn 0.9988 -0.0041 0.0497
vn 0.9985 -0.0145 0.0519
vn 0.8164 -0.3476 0.4612
vn 0.9982 -0.0357 0.0473
vn 0.8164 -0.4731 0.3313
vn 0.9983 -0.0477 0.0334
vn 0.9634 -0.0137 -0.2676
vn 0.9643 0.1490 -0.2188
vn 0.9404 0.1973 -0.2768
vn 0.9655 0.1814 -0.1869
vn 0.9391 0.2340 -0.2517
vn 0.9616 0.2587 -0.0915
vn 0.9668 0.1528 -0.2050
vn 0.9634 0.2503 -0.0957
vn 0.9988 -0.0486 0.0115
vn 0.9985 -0.0539 0.0023
vn 0.8163 -0.5523 0.1689
vn 0.8164 -0.5775 -0.0101
vn 0.9388 0.3354 0.0792
vn 0.9643 0.2541 0.0741
vn 0.9388 0.1789 -0.2945
vn 0.9616 -0.0071 -0.2743
vn 0.9391 -0.1671 -0.3003
vn 0.2088 -0.3184 0.9247
vn 0.2088 -0.0171 0.9778
vn -0.2088 -0.0171 0.9778
vn 0.2088 0.2859 0.9352
vn -0.2088 0.2859 0.9352
vn -0.7316 0.2083 0.6491
vn -0.7316 -0.0213 0.6814
vn -0.9908 0.0188 0.1343
vn -0.9908 -0.0636 0.1196
vn -0.2088 -0.5886 0.7810
vn -0.2088 -0.8011 0.5609
vn 0.2088 -0.8011 0.5609
vn 0.2088 -0.5886 0.7810
vn -0.2088 -0.3184 0.9247
vn -0.7316 -0.2131 0.6476
vn -0.7316 -0.4177 0.5388
vn -0.9908 -0.1218 0.0594
vn 0.2088 -0.9352 0.2859
vn -0.2088 -0.9352 0.2859
vn -0.7316 -0.5530 0.3987
vn -0.7316 -0.6546 0.1903
vn -0.2088 -0.9778 -0.0171
vn 0.2088 -0.9778 -0.0171
vn -0.2088 -0.9247 -0.3184
vn 0.2088 -0.9247 -0.3184
vn -0.2088 -0.7810 -0.5886
vn -0.7316 -0.6415 -0.2308
vn -0.9907 -0.1337 -0.0236
vn -0.7316 -0.6817 -0.0025
vn -0.9908 -0.0942 -0.0975
vn -0.9912 0.0951 -0.0919
vn -0.9912 0.1310 -0.0185
vn -0.9912 0.1168 0.0621
vn -0.9912 0.0579 0.1189
vn -0.9907 -0.0190 -0.1344
vn -0.9912 -0.0234 0.1302
vn -0.9907 0.0636 -0.1199
vn -0.7316 0.0213 -0.6814
vn -0.7316 0.2131 -0.6476
vn -0.9912 -0.0951 0.0921
vn -0.9283 -0.3036 -0.2148
vn -0.9282 -0.2041 -0.3110
vn -0.9283 -0.1193 -0.3521
vn -0.9289 0.0178 -0.3698
vn -0.9280 0.1109 -0.3556
vn -0.9288 0.2317 -0.2892
vn -0.9301 0.2937 -0.2205
vn -0.9286 0.3583 -0.0970
vn -0.9912 -0.1309 0.0186
vn -0.9281 0.3722 -0.0046
vn -0.9287 0.3469 0.1313
vn -0.9912 -0.1167 -0.0623
vn -0.9283 0.3035 0.2148
vn -0.9285 0.2037 0.3104
vn -0.9912 -0.0580 -0.1189
vn -0.9287 0.1193 0.3512
vn -0.7316 0.4177 -0.5388
vn -0.2088 0.5886 -0.7810
vn -0.9907 0.1222 -0.0594
vn -0.9908 0.1336 0.0235
vn -0.9908 0.0943 0.0976
vn -0.7316 0.6415 0.2308
vn -0.7316 0.6817 0.0025
vn -0.7316 0.6546 -0.1903
vn -0.7316 0.5530 -0.3987
vn -0.2088 0.8011 -0.5609
vn 0.2088 0.5886 -0.7810
vn -0.2088 0.3184 -0.9247
vn 0.2088 0.3184 -0.9247
vn 0.2088 0.8011 -0.5609
vn 0.2088 0.9352 -0.2859
vn -0.2088 0.9352 -0.2859
vn 0.2088 0.9778 0.0171
vn -0.2088 0.9778 0.0171
vn 0.2088 0.9247 0.3184
vn -0.2088 0.9247 0.3184
vn 0.2088 0.0171 -0.9778
vn 0.2088 -0.2859 -0.9352
vn 0.2088 -0.5609 -0.8011
vn 0.2088 -0.7810 -0.5886
vn -0.2088 0.0171 -0.9778
vn -0.2088 -0.2859 -0.9352
vn -0.2088 -0.5609 -0.8011
vn -0.7316 -0.5500 -0.4028
vn -0.7316 -0.3833 -0.5638
vn -0.7316 -0.2083 -0.6491
vn -0.9388 0.3354 0.0792
vn -0.9643 0.2541 0.0741
vn -0.9634 0.2503 -0.0957
vn -0.9985 -0.0539 0.0023
vn -0.9982 -0.0560 -0.0193
vn -0.9988 -0.0486 0.0115
vn -0.9982 -0.0357 0.0473
vn -0.9404 0.1973 -0.2768
vn -0.9655 0.1815 -0.1869
vn -0.9983 -0.0477 0.0334
vn -0.9616 0.2587 -0.0915
vn -0.9668 0.2422 0.0819
vn -0.9404 0.3242 0.1022
vn -0.9668 0.1528 -0.2050
vn -0.9391 0.2340 -0.2517
vn -0.9668 -0.0031 0.2557
vn -0.9616 0.1669 0.2177
vn -0.9391 0.3117 0.1448
vn -0.9668 0.2332 0.1043
vn -0.9985 -0.0410 -0.0350
vn -0.9654 0.1582 0.2074
vn -0.9388 0.0284 0.3434
vn -0.9643 0.0080 0.2646
vn -0.9404 0.0030 0.3399
vn -0.9982 0.0010 -0.0592
vn -0.9655 -0.0369 0.2579
vn -0.9985 -0.0188 -0.0505
vn -0.9990 -0.0260 -0.0372
vn -0.9391 -0.0413 0.3412
vn -0.9616 -0.1555 0.2260
vn -0.9668 -0.2441 0.0761
vn -0.9668 -0.1478 -0.2087
vn -0.9616 -0.0071 -0.2743
vn -0.9391 -0.1671 -0.3003
vn -0.9655 -0.1217 -0.2303
vn -0.9982 0.0340 0.0485
vn -0.9405 -0.2023 -0.2732
vn -0.9983 0.0170 0.0557
vn -0.9988 -0.0041 0.0497
vn -0.9634 -0.0137 -0.2676
vn -0.9388 0.1789 -0.2945
vn -0.9643 0.1490 -0.2188
vn -0.9985 -0.0145 0.0519
vn -0.8164 -0.4731 0.3313
vn -0.8163 -0.3476 0.4613
vn -0.8163 -0.1880 0.5461
vn -0.8163 -0.0101 0.5775
vn -0.8164 0.1689 0.5523
vn -0.8163 0.3313 0.4731
vn -0.9282 -0.2984 0.2225
vn -0.8163 -0.5523 0.1689
vn -0.9280 -0.2328 0.2908
vn -0.9279 -0.1110 0.3560
vn -0.9281 -0.0178 0.3719
vn -0.8163 0.4613 0.3476
vn -0.8163 0.5461 0.1880
vn -0.8163 0.5775 0.0101
vn -0.8163 0.5523 -0.1689
vn -0.9983 0.0465 0.0350
vn -0.9985 0.0512 0.0176
vn -0.9983 0.0582 0.0010
vn -0.9982 0.0567 -0.0173
vn -0.9983 0.0477 -0.0334
vn -0.8164 0.4731 -0.3313
vn -0.9655 -0.2567 0.0446
vn -0.9616 -0.2626 -0.0793
vn -0.9630 -0.1723 -0.2070
vn -0.9387 -0.2248 -0.2612
vn -0.9616 -0.2630 -0.0780
vn -0.9391 -0.3373 0.0661
vn -0.9404 -0.3224 0.1079
vn -0.9983 0.0189 -0.0550
vn -0.9985 0.0326 -0.0432
vn -0.9616 -0.1565 0.2253
vn -0.9387 -0.3179 0.1331
vn -0.9630 -0.2502 0.0999
vn -0.8163 0.3476 -0.4613
vn -0.8163 0.1880 -0.5461
vn -0.8163 0.0101 -0.5775
vn -0.8164 -0.1689 -0.5523
vn -0.8163 -0.3313 -0.4731
vn -0.8163 -0.4613 -0.3476
vn -0.9286 -0.3470 -0.1316
vn -0.8163 -0.5461 -0.1880
vn -0.9287 -0.3707 0.0050
vn -0.8163 -0.5775 -0.0101
vn -0.9281 -0.3590 0.0982
vn -0.7316 0.5500 0.4028
vn -0.7316 0.3833 0.5638
vn -0.2088 0.5609 0.8011
vn -0.2088 0.7810 0.5886
vn 0.2088 0.5609 0.8011
vn 0.2088 0.7810 0.5886
vn -0.9912 0.0229 -0.1302
vn -0.9930 -0.0172 0.1169
vn -0.9068 -0.3452 0.2421
vn -0.9129 -0.3411 -0.2240
vn -0.7678 0.5960 0.2349
vn -0.9618 0.2284 0.1507
vn -0.9614 0.2040 -0.1847
vn -0.7777 0.5906 -0.2151
vn -0.9937 -0.0443 0.1033
vn -0.9893 -0.0404 -0.1405
vn -0.9973 0.0705 0.0189
vn -0.9970 0.0585 -0.0516
vn -0.9956 0.0901 0.0248
vn -0.9573 0.2785 0.0774
vn -0.9973 -0.0136 -0.0726
vn -0.9614 0.2572 -0.0981
vn -0.9857 0.1574 -0.0595
vn -0.5954 0.0574 -0.8013
vn -0.6765 0.4090 -0.6124
vn -0.9985 0.0539 0.0003
vn -0.6331 0.0322 -0.7734
vn -0.6192 -0.0096 -0.7852
vn -0.9933 0.1151 0.0032
vn -0.8328 0.5534 0.0094
vn -0.9826 -0.1853 0.0142
vn -0.9978 -0.0329 0.0579
vn -0.9989 -0.0462 -0.0017
vn -0.9990 0.0361 0.0265
vn -0.9890 0.1464 -0.0203
vn -0.8365 0.5467 -0.0384
vn -0.6902 -0.1026 0.7164
vn -0.5951 -0.4596 0.6593
vn -0.6323 -0.7404 0.2282
vn -0.6522 -0.7580 -0.0068
vn -0.9725 -0.2329 0.0011
vn -0.6321 -0.1302 -0.7638
vn -0.6950 -0.7190 0.0071
vn -0.3714 -0.5900 -0.7169
vn -0.9047 0.3885 -0.1747
vn -0.8136 -0.0084 -0.5814
vn -0.7656 0.5787 0.2809
vn -0.9997 0.0191 -0.0173
vn -0.5743 -0.1143 -0.8106
vn -0.3141 0.1431 -0.9385
vn -0.9345 0.3555 0.0156
vn -0.9999 -0.0088 0.0139
vn -0.9628 0.2700 -0.0121
vn -0.9974 -0.0726 0.0026
vn -0.9349 0.3460 -0.0797
vn -0.9192 0.3702 0.1344
vn -0.7304 0.6501 -0.2094
vn -0.6749 0.1288 -0.7266
vn -0.8832 0.4017 0.2421
vn -0.7312 0.1339 0.6689
vn -0.8413 -0.0430 0.5389
vn -0.9302 0.3157 -0.1873
vn -0.6666 0.7453 0.0150
vn -0.7585 0.0081 0.6516
vn -0.7844 0.0917 0.6135
vn -0.6504 0.5142 0.5591
vn -0.6715 0.5657 0.4785
vn -0.3871 0.5716 -0.7235
vn 0.7678 0.5961 0.2349
vn 0.7777 0.5906 -0.2151
vn 0.9614 0.2040 -0.1847
vn 0.9619 0.2283 0.1507
vn 0.9068 -0.3452 0.2421
vn 0.9930 -0.0173 0.1169
vn 0.9047 0.3885 -0.1747
vn 0.8136 -0.0084 -0.5814
vn 0.7656 0.5787 0.2809
vn 0.9997 0.0191 -0.0173
vn 0.7304 0.6501 -0.2094
vn 0.6749 0.1288 -0.7266
vn 0.8832 0.4017 0.2421
vn 0.7312 0.1339 0.6689
vn 0.8413 -0.0430 0.5389
vn 0.6665 0.7453 0.0150
vn 0.6504 0.5141 0.5591
vn 0.9192 0.3702 0.1344
vn 0.6715 0.5657 0.4785
vn 0.7844 0.0917 0.6135
vn 0.7585 0.0081 0.6516
vn 0.6902 -0.1026 0.7164
vn 0.5951 -0.4596 0.6593
vn 0.6323 -0.7404 0.2282
vn -0.6869 0.3507 0.6365
vn 0.3714 -0.5900 -0.7169
vn 0.6321 -0.1302 -0.7638
vn 0.6192 -0.0096 -0.7852
vn -0.7076 0.1704 -0.6858
vn 0.6331 0.0322 -0.7734
vn 0.5954 0.0574 -0.8013
vn 0.3142 0.1431 -0.9385
vn 0.3871 0.5716 -0.7234
vn 0.5743 -0.1143 -0.8106
vn 0.6766 0.4090 -0.6124
vn 0.9999 -0.0088 0.0139
vn 0.9974 -0.0726 0.0026
vn 0.9302 0.3157 -0.1873
vn 0.9990 0.0361 0.0265
vn 0.9890 0.1464 -0.0203
vn 0.8365 0.5467 -0.0384
vn 0.9933 0.1151 0.0032
vn 0.8328 0.5534 0.0094
vn 0.9857 0.1574 -0.0595
vn 0.9970 0.0585 -0.0516
vn 0.9973 0.0705 0.0189
vn 0.9956 0.0901 0.0248
vn 0.9985 0.0539 0.0003
vn 0.9978 -0.0329 0.0579
vn 0.9989 -0.0462 -0.0017
vn 0.9826 -0.1853 0.0142
vn 0.9725 -0.2329 0.0011
vn 0.6522 -0.7580 -0.0068
vn 0.6950 -0.7190 0.0071
vn -0.8164 -0.5461 -0.1880
vn -0.8163 -0.1689 -0.5523
vn -0.9286 -0.3470 -0.1315
vn -0.9283 -0.2041 -0.3109
vn -0.8163 0.4731 -0.3313
vn -0.9288 0.2317 -0.2893
vn -0.9301 0.2938 -0.2205
vn -0.9404 -0.3223 0.1079
vn -0.9391 -0.3372 0.0661
vn -0.9655 0.1814 -0.1869
vn -0.9988 -0.0485 0.0115
vn -0.9985 -0.0145 0.0520
vn -0.9404 0.1974 -0.2768
vn -0.9404 -0.2023 -0.2732
vn -0.9287 0.1192 0.3512
vn -0.8164 0.3313 0.4731
vn -0.8163 -0.4731 0.3313
vn -0.9907 -0.0189 -0.1344
vn -0.9912 0.1309 -0.0185
vn -0.9388 -0.3179 0.1331
vn 0.9404 0.1974 -0.2768
vn 0.8163 0.5461 0.1880
vn 0.8163 -0.1880 0.5461
vn 0.9286 0.3583 -0.0971
vn 0.8163 0.5775 0.0101
vn 0.9287 0.1192 0.3512
vn 0.8163 0.3476 -0.4613
vn 0.8164 0.5523 -0.1689
vn 0.9404 -0.3223 0.1079
vn 0.9391 -0.3372 0.0661
vn 0.9388 -0.3179 0.1331
vn 0.9985 -0.0411 -0.0350
vn 0.8164 -0.3313 -0.4731
vn 0.9286 -0.3470 -0.1315
vn 0.9282 -0.2041 -0.3109
vn 0.9283 -0.1193 -0.3522
vn 0.9387 0.3354 0.0792
vn 0.9655 0.1815 -0.1869
vn 0.9667 0.2422 0.0819
vn 0.9667 0.1528 -0.2051
vn 0.9667 -0.0031 0.2557
vn 0.9616 0.1669 0.2178
vn 0.9387 0.0284 0.3434
vn 0.9990 -0.0261 -0.0372
vn 0.9985 0.0326 -0.0433
vn 0.9282 -0.2984 0.2225
vn 0.9985 -0.0145 0.0520
vn 0.9387 0.1789 -0.2945
vn 0.9667 -0.1478 -0.2087
vn -0.4012 0.7441 -0.5342
vn -0.5149 0.8370 0.1851
vn -0.8164 0.0101 -0.5775
vn -0.8164 -0.4613 -0.3476
vn -0.8164 -0.5775 -0.0101
vn -0.9281 -0.3591 0.0982
vn -0.9281 -0.2984 0.2225
vn -0.8164 -0.3476 0.4612
vn -0.8164 -0.1880 0.5461
vn -0.8164 -0.0101 0.5775
vn -0.8164 0.4613 0.3476
vn -0.9388 -0.2248 -0.2612
vn -0.9286 0.3583 -0.0971
vn -0.9391 -0.0414 0.3412
vn -0.8164 0.3476 -0.4613
vn -0.8164 0.1880 -0.5461
vn -0.8164 0.5461 0.1880
vn -0.8164 -0.3476 0.4613
vn 0.9388 -0.2248 -0.2612
vn -0.7071 0.7071 -0.0000
vn -0.7570 0.6390 0.1362
vn -0.6584 -0.7364 -0.1554
vn -0.7022 -0.7120 -0.0000
vn -0.6945 0.7132 -0.0954
vn -0.6702 -0.7420 -0.0179
vn -0.6303 0.7088 -0.3168
vn -0.6496 -0.7546 -0.0930
vn -0.7136 0.5438 -0.4416
vn -0.6757 -0.7366 0.0292
vn 0.6278 -0.6808 0.3774
vn 0.6594 -0.6113 0.4376
vn -0.7090 -0.6593 0.2504
vn 0.7585 -0.5168 0.3970
vn -0.7993 -0.5331 0.2774
vn 0.6959 -0.6621 0.2782
vn 0.7161 -0.6922 0.0896
vn 0.7120 -0.7022 -0.0000
vn 0.6682 -0.7278 -0.1545
vn -0.5774 -0.5846 -0.5700
vn 0.5826 -0.5753 -0.5741
vn 0.7183 -0.6950 -0.0318
vn -0.7086 -0.7048 -0.0323
vn 0.7532 -0.6374 -0.1628
vn -0.7447 -0.6464 -0.1660
vn 0.7412 -0.5696 -0.3552
vn -0.7340 -0.5757 -0.3603
vn 0.6819 -0.6221 -0.3847
vn -0.6738 -0.6290 -0.3877
vn 0.7117 0.6423 -0.2844
vn 0.7010 0.7131 -0.0078
vn -0.7083 0.5592 -0.4309
vn 0.5894 0.7002 -0.4028
vn -0.6093 0.6420 -0.4654
vn -0.8095 -0.5487 -0.2087
vn 0.7185 0.6778 0.1561
vn 0.7336 0.6787 0.0329
vn 0.7071 0.7071 -0.0000
vn 0.7576 0.6382 0.1368
vn 0.5752 0.5698 -0.5869
vn -0.5763 0.5697 -0.5860
vn -0.6983 0.7152 0.0292
vn 0.6985 0.7150 0.0291
vn -0.6708 0.7187 0.1829
vn 0.6715 0.7182 0.1822
vn -0.6790 0.6280 0.3801
vn 0.6806 0.6270 0.3790
vn -0.7354 0.5794 0.3515
vn 0.7370 0.5776 0.3510
vn 0.7570 0.6390 0.1362
vn 0.6584 -0.7364 -0.1554
vn 0.6738 -0.6290 -0.3877
vn 0.7354 0.5794 0.3515
vn 0.7340 -0.5757 -0.3603
vn 0.6790 0.6280 0.3801
vn 0.7447 -0.6464 -0.1660
vn 0.6708 0.7187 0.1829
vn 0.7086 -0.7048 -0.0323
vn 0.6983 0.7152 0.0292
vn 0.5774 -0.5846 -0.5700
vn 0.5763 0.5697 -0.5860
vn 0.7022 -0.7120 -0.0000
vn 0.6945 0.7132 -0.0954
vn 0.6702 -0.7420 -0.0179
vn 0.6303 0.7088 -0.3168
vn 0.6496 -0.7546 -0.0930
vn 0.7136 0.5438 -0.4416
vn 0.6757 -0.7366 0.0292
vn 0.6093 0.6420 -0.4654
vn 0.7993 -0.5331 0.2774
vn 0.7090 -0.6593 0.2504
vn 0.7083 0.5592 -0.4309
vn -0.6278 -0.6808 0.3774
vn -0.6959 -0.6621 0.2782
vn -0.7161 -0.6922 0.0896
vn -0.7120 -0.7022 -0.0000
vn -0.6682 -0.7278 -0.1545
vn -0.5894 0.7002 -0.4028
vn -0.7117 0.6423 -0.2844
vn -0.7010 0.7131 -0.0078
vn -0.7185 0.6778 0.1561
vn -0.7336 0.6787 0.0329
vn -0.7576 0.6382 0.1368
vn -0.5826 -0.5753 -0.5741
vn -0.5752 0.5698 -0.5869
vn -0.3202 -0.7905 -0.5221
vn -0.3893 -0.8831 0.2618
vn -0.9426 0.1333 -0.3061
vn -0.9825 0.0917 0.1622
vn -0.5061 -0.0968 -0.8570
vn -0.8673 -0.3276 0.3748
vn -0.7611 0.5042 -0.4079
vn -0.7131 -0.6946 0.0954
vn -0.8302 0.4116 0.3760
vn -0.6811 -0.6286 -0.3754
vn -0.6443 -0.2821 0.7109
vn -0.7953 -0.2203 -0.5647
vn -0.8864 0.4618 0.0325
vn -0.8971 0.4388 0.0525
vn -0.0923 0.8724 0.4799
vn -0.1471 0.6985 0.7004
vn 0.8397 0.3682 0.3992
vn -0.7281 -0.2227 -0.6482
vn -0.8171 -0.4037 -0.4116
vn -0.7531 -0.1112 -0.6485
vn -0.8006 0.5989 0.0204
vn -0.0980 0.7541 0.6494
vn 0.7645 0.1820 0.6184
vn 0.8429 -0.5263 -0.1117
vn 0.1112 -0.6904 -0.7149
vn 0.0150 -0.8700 -0.4929
vn 0.0962 -0.7237 -0.6834
vn 0.0120 -0.8395 -0.5432
vn -0.7522 -0.1872 -0.6318
vn -0.7381 0.6643 -0.1177
vn 0.0151 0.8761 0.4819
vn 0.6998 0.2259 0.6777
vn 0.8518 -0.5119 -0.1115
vn 0.8532 -0.5200 0.0408
vn 0.7712 0.2480 0.5863
vn 0.7839 -0.6161 0.0766
vn -0.8384 -0.5353 -0.1029
vn -0.5509 -0.8297 0.0902
vn -0.9610 0.2755 -0.0250
vn -0.9013 0.4325 0.0258
vn -0.0038 0.9962 -0.0868
vn -0.0209 0.9905 0.1360
vn 0.9611 0.2753 -0.0232
vn 0.8951 0.4360 0.0938
vn 0.5464 -0.8331 0.0860
vn -0.0049 -0.9913 -0.1312
vn 0.0009 -0.9944 0.1056
vn 0.8339 -0.5506 -0.0385
vn 0.5358 0.4694 -0.7018
vn 0.5628 0.5686 -0.6000
vn -0.0913 0.9946 0.0502
vn 0.5433 -0.4805 -0.6884
vn 0.8420 -0.4644 -0.2745
vn 0.1087 -0.9939 -0.0193
vn 0.2658 -0.8864 0.3789
vn 0.2032 -0.9425 0.2652
vn -0.7350 -0.4697 0.4890
vn -0.8028 -0.4934 0.3348
vn -0.8478 0.4730 0.2397
vn -0.6271 0.4731 0.6187
vn 0.0368 0.9968 -0.0714
vn 0.8341 0.4708 -0.2875
vn 0.0271 -0.9941 0.1049
vn -0.6120 -0.4618 0.6420
vn -0.5201 0.5454 0.6574
vn 0.0920 0.9946 -0.0470
vn -0.0580 -0.9935 0.0983
vn -0.5110 -0.5361 0.6719
vn -0.7843 0.5658 0.2545
vn 0.0528 -0.9977 -0.0435
vn -0.7754 -0.5705 0.2706
vn -0.2389 -0.2198 0.9459
vn 0.2618 -0.8937 0.3644
vn -0.5036 -0.3527 0.7887
vn -0.8364 0.5240 0.1609
vn -0.0923 0.9924 -0.0815
vn 0.5872 -0.5665 -0.5782
vn 0.7651 0.5541 -0.3280
vn -0.0967 0.9451 -0.3123
vn -0.7383 0.5793 0.3453
vn 0.8492 -0.4706 -0.2396
vn 0.7192 0.4915 -0.4912
vn -0.1829 0.8730 -0.4521
vn 0.8842 -0.4094 -0.2249
vn 0.5340 0.3112 -0.7861
vn 0.7508 -0.5345 -0.3879
vn -0.4891 0.7200 0.4923
vn -0.2040 0.8542 -0.4782
vn 0.2679 0.1576 -0.9505
vn 0.4905 -0.6775 -0.5481
vn -0.8988 0.4341 0.0617
vn -0.0038 0.9962 -0.0869
vn -0.0011 0.9904 0.1380
vn -0.8370 -0.5425 -0.0708
vn -0.8354 -0.4472 -0.3197
vn -0.9036 0.3485 0.2491
vn -0.0000 0.8135 0.5815
vn 0.8992 0.4334 0.0602
vn 0.0007 -0.9914 -0.1305
vn -0.0000 -0.8135 -0.5815
vn -0.0000 -0.5758 -0.8176
vn -0.8552 -0.2984 -0.4237
vn -0.8775 0.2761 0.3920
vn -0.0000 0.5758 0.8176
vn 0.9036 0.3485 0.2491
vn 0.8367 -0.5433 -0.0693
vn 0.8354 -0.4472 -0.3197
vn 0.8775 0.2761 0.3921
vn 0.8552 -0.2984 -0.4237
vn -0.6061 -0.7440 -0.2812
vn -0.4790 -0.8215 -0.3094
vn -0.4805 -0.7923 0.3761
vn -0.6006 -0.7197 0.3483
vn -0.4824 -0.3085 0.8199
vn -0.5947 -0.2824 0.7527
vn -0.4808 0.3476 0.8050
vn -0.5994 0.3119 0.7372
vn -0.4790 0.8215 0.3094
vn -0.6061 0.7440 0.2813
vn -0.4805 0.7923 -0.3760
vn -0.6006 0.7197 -0.3483
vn -0.4824 0.3085 -0.8199
vn -0.5947 0.2824 -0.7527
vn -0.4808 -0.3476 -0.8050
vn -0.5994 -0.3119 -0.7372
vn -0.0000 0.3523 -0.9359
vn -0.0000 0.8996 -0.4366
vn -0.0000 0.9359 0.3523
vn -0.0000 0.3884 0.9215
vn -0.0000 -0.3523 0.9359
vn -0.0000 -0.8996 0.4367
vn -0.0000 -0.9359 -0.3523
vn -0.0000 -0.3884 -0.9215
vn 0.4808 0.3476 0.8050
vn 0.4790 0.8215 0.3094
vn 0.4805 -0.7923 0.3761
vn 0.4824 -0.3085 0.8199
vn 0.6061 -0.7440 -0.2812
vn 0.6006 -0.7197 0.3483
vn 0.5947 -0.2824 0.7527
vn 0.5994 0.3119 0.7372
vn 0.6061 0.7440 0.2813
vn 0.4805 0.7923 -0.3760
vn 0.6006 0.7197 -0.3483
vn 0.4824 0.3085 -0.8199
vn 0.5947 0.2824 -0.7527
vn 0.4808 -0.3476 -0.8050
vn 0.5994 -0.3119 -0.7372
vn 0.4790 -0.8215 -0.3094
vn -0.5516 0.6870 0.4731
vn -0.0434 0.8189 0.5723
vn 0.1241 0.8314 0.5417
vn -0.2963 0.7652 0.5715
vn 0.6104 0.3722 -0.6992
vn -0.3131 0.2882 -0.9049
vn -0.4746 0.7421 -0.4734
vn 0.6566 0.7201 -0.2246
vn -0.0739 0.9945 -0.0739
vn -0.8136 -0.3394 -0.4720
vn -0.6964 0.3596 0.6211
vn -0.7209 -0.2798 0.6340
vn -0.3116 -0.7139 0.6271
vn -0.2169 0.7267 0.6518
vn 0.5731 0.5816 0.5773
vn 0.4795 -0.3703 0.7956
vn -0.3178 -0.8933 -0.3178
vn 0.0179 -0.9691 -0.2462
vn -0.0000 -0.9716 -0.2367
vn -0.0000 0.1887 0.9820
vn -0.3131 -0.2882 -0.9049
vn -0.9049 -0.2882 -0.3131
vn -0.9049 0.2882 -0.3131
vn -0.5491 -0.6300 -0.5491
vn 0.3701 -0.1051 -0.9230
vn -0.0000 0.4154 -0.9096
vn -0.5406 -0.8413 0.0005
vn -0.5407 -0.8412 0.0005
vn 0.6730 -0.7396 -0.0000
vn 0.4213 -0.4590 -0.7822
vn 0.1471 -0.6384 -0.7555
vn 0.2231 -0.9748 -0.0001
vn -0.0000 -0.7023 -0.7119
vn -0.0000 -1.0000 -0.0000
vn 0.5415 0.8407 0.0001
vn 0.2894 0.4488 -0.8455
vn 0.6186 0.0903 -0.7805
vn 0.9894 0.1452 0.0001
vn 0.6230 -0.2189 -0.7510
vn 0.9428 -0.3335 0.0001
vn 0.9894 0.1452 -0.0001
vn 0.5415 0.8407 -0.0001
vn -0.5942 0.5593 0.5780
vn -0.0000 0.7023 -0.7119
vn -0.2823 -0.4306 -0.8572
vn -0.4298 -0.6692 -0.6062
vn -0.0000 -0.7115 -0.7027
vn -0.0000 -0.6868 -0.7268
vn -0.4184 0.4642 -0.7806
vn -0.5128 0.5674 -0.6443
vn -0.7004 0.2491 -0.6689
vn -0.6218 0.2263 -0.7498
vn -0.7551 -0.1113 -0.6461
vn -0.5977 -0.0943 -0.7961
vn -0.0000 0.7019 -0.7123
vn -0.0000 0.7122 -0.7020
vn -0.1666 0.7289 -0.6641
vn -0.1467 0.6387 -0.7554
vn -0.1141 -0.9220 0.3699
vn 0.0758 -0.9189 0.3871
vn 0.0974 -0.3395 0.9355
vn -0.2838 -0.3605 0.8885
vn -0.5662 0.1861 0.8030
vn -0.5662 -0.1861 0.8030
vn -0.2587 0.4351 0.8624
vn 0.1008 0.4397 0.8925
vn 0.1561 0.4842 0.8609
vn 0.1746 -0.3566 0.9178
vn 0.0299 -0.9679 0.2496
vn -0.7209 -0.2798 -0.6340
vn -0.6964 0.3554 -0.6235
vn -0.0353 0.7101 -0.7033
vn -0.1109 -0.6953 -0.7101
vn 0.2624 -0.8595 -0.4386
vn 0.2017 0.9101 -0.3619
vn 0.0413 0.9634 0.2648
vn -0.0000 0.9554 0.2955
vn -0.0000 0.4667 0.8844
vn -0.0000 -0.9841 0.1774
vn -0.0056 -0.9701 -0.2427
vn -0.0000 -0.8561 -0.5168
vn -0.9049 -0.2882 0.3131
vn -0.6468 -0.5892 0.4843
vn -0.3895 -0.9010 0.1911
vn -0.0000 -0.3616 0.9323
vn 0.0100 -0.9857 -0.1680
vn -0.3726 -0.2183 0.9019
vn -0.6062 -0.5555 0.5692
vn -0.5959 0.5549 0.5805
vn -0.2253 0.3367 0.9142
vn -0.0770 -0.1083 0.9911
vn 0.5055 -0.5042 0.7001
vn 0.0223 -0.6766 0.7360
vn -0.1866 -0.6059 0.7734
vn -0.0984 -0.6057 0.7896
vn -0.7532 -0.2938 -0.5885
vn -0.2351 0.3442 0.9090
vn 0.5017 0.5691 0.6515
vn -0.0313 0.7178 0.6955
vn -0.0859 0.6719 0.7357
vn -0.0168 0.6782 0.7347
vn -0.1851 0.6740 0.7152
vn -0.2064 -0.2199 0.9534
vn -0.4593 -0.5657 0.6849
vn -0.4740 0.5089 0.7186
vn -0.2876 0.2381 0.9277
vn -0.0335 -0.3477 0.9370
vn 0.5623 -0.4946 0.6627
vn -0.0775 -0.6537 0.7528
vn -0.1732 -0.6464 0.7431
vn -0.0527 -0.6888 0.7230
vn -0.0744 -0.6522 0.7544
vn 0.5574 0.4685 0.6854
vn -0.1598 0.2703 0.9494
vn -0.1099 0.5961 0.7954
vn -0.1928 0.5886 0.7851
vn -0.0706 0.6314 0.7723
vn -0.1007 0.6184 0.7794
vn -0.0000 0.6268 0.7792
vn -0.0000 0.9801 0.1985
vn -0.0360 0.9780 0.2056
vn -0.0633 0.7013 0.7101
vn -0.1113 0.9746 0.1943
vn -0.0998 0.6920 0.7150
vn -0.2258 0.6907 0.6870
vn -0.7891 0.5966 0.1464
vn -0.6916 0.5488 0.4696
vn -0.9984 -0.0248 0.0502
vn -0.8791 -0.0074 0.4766
vn -0.9978 -0.0376 0.0542
vn -0.8467 -0.0657 0.5279
vn -0.9977 -0.0381 0.0563
vn -0.8700 -0.1905 0.4548
vn -0.1271 -0.9867 0.1013
vn -0.0000 -0.9997 0.0250
vn -0.0151 0.2570 -0.9663
vn 0.0004 0.3371 -0.9415
vn -0.5688 0.3926 -0.7227
vn -0.4975 0.5564 -0.6655
vn -0.9126 0.3190 -0.2557
vn -0.9567 0.2036 -0.2080
vn -0.9776 0.0392 -0.2070
vn -0.9967 0.0544 -0.0599
vn -0.9724 0.0096 -0.2330
vn -0.9946 0.0194 -0.1017
vn -0.9355 -0.1734 -0.3077
vn -0.9416 -0.0718 -0.3291
vn -0.5183 -0.2375 -0.8216
vn -0.4543 -0.3794 -0.8060
vn 0.0827 -0.1572 -0.9841
vn 0.0139 -0.1926 -0.9812
vn 0.1180 0.0139 -0.9929
vn 0.1670 0.0109 -0.9859
vn 0.1017 0.0386 -0.9941
vn 0.1594 0.0387 -0.9865
vn -0.4321 0.2459 -0.8677
vn -0.4877 -0.0310 -0.8724
vn -0.8515 -0.1577 -0.5001
vn -0.8588 0.2013 -0.4711
vn -0.9910 0.1289 -0.0346
vn -0.9768 0.2126 -0.0257
vn -0.9967 0.0815 -0.0034
vn -0.9833 0.1819 -0.0027
vn -0.9978 0.0668 -0.0031
vn -0.9856 0.1692 -0.0017
vn -0.9979 0.0651 -0.0020
vn -0.9885 0.1512 -0.0022
vn -0.9963 0.0862 -0.0004
vn -0.9873 0.1588 -0.0008
vn -0.7903 0.1045 -0.6037
vn -0.8342 0.2928 -0.4673
vn -0.8546 0.2394 -0.4608
vn -0.9434 0.3318 0.0021
vn -0.9430 0.3328 0.0007
vn -0.9480 0.3183 0.0002
vn -0.9427 0.3336 -0.0009
vn -0.9451 0.3220 -0.0556
vn 0.4109 -0.5012 0.7615
vn -0.2060 -0.7074 0.6762
vn -0.1069 -0.7169 0.6889
vn -0.0005 -0.7279 0.6857
vn -0.0988 -0.1023 0.9898
vn 0.9934 0.0064 0.1146
vn 0.9931 0.0238 0.1145
vn 0.4686 -0.0237 0.8831
vn 0.8074 0.0707 0.5858
vn 0.4386 0.0669 0.8962
vn -0.9293 -0.0570 0.3649
vn -0.7776 0.5649 0.2762
vn -0.7524 0.6587 -0.0001
vn -0.0207 0.9998 -0.0010
vn -0.7392 0.6735 0.0023
vn 0.2117 0.7203 -0.6605
vn -0.8444 0.4434 -0.3006
vn -0.5792 0.5066 0.6387
vn -0.6790 -0.5349 0.5027
vn -0.2380 -0.5857 0.7748
vn -0.7458 0.1376 0.6518
vn -0.7223 0.1664 0.6713
vn -0.0267 0.0127 0.9996
vn -0.6949 0.1833 0.6954
vn -0.6863 0.1717 0.7068
vn -0.8016 -0.0168 0.5977
vn -0.2838 -0.0029 0.9589
vn -0.2672 0.0101 0.9636
vn -0.7977 0.0326 0.6021
vn -0.2728 0.0082 0.9620
vn -0.8006 0.0801 0.5938
vn -0.2863 -0.7746 0.5640
vn -0.8546 0.1694 0.4909
vn -0.9913 0.0071 -0.1316
vn -0.4735 -0.7765 -0.4157
vn -0.9682 0.0032 -0.2500
vn -0.5133 -0.3713 -0.7737
vn -0.9848 0.0731 -0.1577
vn -0.9841 0.0846 -0.1560
vn -0.4935 -0.3775 -0.7835
vn -0.9666 0.0004 -0.2565
vn -0.9231 -0.0030 -0.3847
vn -0.6782 -0.2927 -0.6740
vn -0.9778 0.0640 -0.1997
vn -0.7049 -0.2750 -0.6539
vn -0.9371 0.2085 -0.2799
vn -0.9006 -0.0073 -0.4346
vn -0.9187 -0.0003 -0.3950
vn -0.9613 0.0572 -0.2694
vn 0.0747 -0.8104 0.5810
vn 0.2313 -0.3158 0.9202
vn 0.9978 0.0606 0.0272
vn 0.7208 -0.5561 -0.4137
vn 0.9979 0.0061 0.0646
vn 0.3957 -0.6536 0.6452
vn 0.6243 0.1329 0.7698
vn 0.7378 -0.6710 -0.0737
vn 0.7560 -0.6540 0.0277
vn 0.3054 -0.9498 -0.0679
vn 0.6612 -0.4089 -0.6290
vn 0.3440 -0.8091 -0.4765
vn -0.5166 -0.8543 -0.0579
vn 0.7058 -0.4447 0.5515
vn 0.5540 -0.1256 -0.8230
vn -0.2042 -0.0702 -0.9764
vn 0.6203 -0.4207 -0.6620
vn 0.5948 -0.0335 0.8032
vn -0.0031 -0.7513 -0.6599
vn 0.6261 -0.5146 -0.5859
vn 0.7183 -0.6939 0.0503
vn -0.0293 -0.9768 0.2122
vn -0.4860 -0.7933 0.3668
vn -0.6093 -0.6749 0.4163
vn -0.4999 -0.5997 -0.6249
vn -0.3839 -0.8874 -0.2552
vn -0.8476 -0.2598 -0.4627
vn -0.9530 -0.2660 0.1450
vn -0.6296 -0.7502 0.2019
vn -0.9695 -0.2444 0.0171
vn -0.6686 -0.7435 0.0146
vn -0.8250 -0.1944 0.5306
vn -0.8345 -0.2509 0.4906
vn -0.7215 -0.2316 -0.6525
vn -0.9998 -0.0181 0.0047
vn -0.9037 0.1262 0.4091
vn -0.9035 0.0487 0.4257
vn -0.9912 -0.1326 0.0029
vn -0.9653 -0.1591 -0.2072
vn -0.9019 -0.0733 0.4257
vn -0.9088 -0.0617 0.4126
vn -0.9169 0.0367 0.3973
vn -0.8931 0.1347 0.4293
vn -0.8917 0.2413 0.3829
vn -0.7002 -0.1889 -0.6885
vn -0.6809 -0.2140 -0.7005
vn -0.7170 -0.3816 -0.5834
vn -0.7566 -0.5407 -0.3677
vn -0.8893 0.4058 0.2108
vn -0.7603 -0.6121 -0.2175
vn -0.9316 0.3239 0.1652
vn -0.9194 0.2210 0.3253
vn -0.9994 0.0343 0.0012
vn -0.9437 -0.0308 -0.3292
vn -0.7180 -0.1190 -0.6858
vn -0.9931 0.1171 -0.0014
vn -0.9009 0.4326 -0.0343
vn -0.8908 0.4543 -0.0075
vn -0.9926 0.1215 -0.0015
vn -0.8876 0.4600 0.0230
vn -0.8912 0.4472 0.0761
vn -0.9930 0.1181 0.0013
vn -0.9449 0.0340 -0.3255
vn -0.7011 -0.0202 -0.7128
vn -0.7049 0.0278 -0.7088
vn -0.9455 0.1095 -0.3068
vn -0.7032 0.0743 -0.7071
vn -0.6881 0.3143 -0.6540
vn -0.6577 0.1439 -0.7394
vn -0.7112 0.5344 -0.4567
vn -0.5998 0.1616 -0.7836
vn -0.4882 0.8727 0.0018
vn -0.4719 0.8816 0.0023
vn -0.4644 0.8856 0.0024
vn -0.4504 0.8928 -0.0000
vn -0.4161 0.9093 -0.0025
vn -0.3771 0.7459 -0.5490
vn -0.0827 0.9002 -0.4275
vn 0.8744 -0.3064 -0.3762
vn 0.7461 0.1031 -0.6579
vn 0.6698 0.0843 -0.7377
vn 0.6123 0.0506 -0.7890
vn 0.6648 -0.0477 -0.7455
vn 0.5916 -0.0716 -0.8030
vn 0.7286 -0.1569 -0.6667
vn 0.5891 -0.2679 -0.7623
vn 0.0670 -0.5948 -0.8011
vn -0.3131 0.3973 -0.8626
vn 0.1629 0.8817 -0.4429
vn -0.6865 -0.4383 0.5802
vn -0.2494 -0.7428 0.6213
vn 0.0243 -0.8766 -0.4805
vn -0.0762 -0.7402 -0.6681
vn -0.0000 -0.7493 -0.6622
vn -0.0000 -0.9553 -0.2956
vn -0.0700 -0.9945 -0.0775
vn -0.0769 -0.9555 0.2848
vn 0.7510 -0.6599 -0.0214
vn 0.7007 -0.7133 -0.0150
vn -0.0936 -0.2684 -0.9587
vn -0.0000 -0.2882 -0.9576
vn -0.2853 -0.2446 -0.9267
vn -0.0000 -0.8327 -0.5538
vn 0.6836 -0.7297 -0.0145
vn -0.0068 -0.7281 -0.6854
vn 0.1269 0.9311 0.3420
vn 0.6157 0.6965 0.3685
vn 0.0527 0.7422 -0.6681
vn 0.6245 0.6252 -0.4682
vn 0.4063 0.8849 0.2276
vn -0.0527 0.7422 -0.6681
vn -0.4063 0.8850 0.2276
vn 0.3814 0.6802 0.6260
vn 0.9108 0.3102 0.2724
vn 0.9011 0.4156 0.1238
vn 0.3732 0.8641 0.3377
vn 0.9063 0.4200 0.0476
vn 0.3513 0.9326 0.0832
vn 0.9165 0.3999 -0.0093
vn 0.3645 0.9308 -0.0280
vn 0.9059 0.4116 -0.0994
vn 0.3609 0.9071 -0.2166
vn 0.7428 0.6524 -0.1505
vn 0.7096 0.7044 -0.0183
vn 0.7221 0.6890 0.0620
vn 0.7482 0.6253 0.2218
vn 0.7676 0.4717 0.4340
vn 0.7599 0.5340 -0.3705
vn 0.3589 0.7680 -0.5304
vn 0.9036 0.3581 -0.2352
vn 0.8884 0.2650 -0.3749
vn 0.3299 0.5490 -0.7680
vn 0.7449 0.3774 -0.5501
vn 0.6046 0.6746 -0.4235
vn 0.1447 0.9086 -0.3918
vn 0.4470 0.8626 -0.2371
vn 0.6672 0.7449 0.0004
vn 0.6708 0.7417 0.0010
vn 0.6739 0.7388 0.0011
vn 0.6779 0.7352 -0.0017
vn 0.7033 0.7108 0.0063
vn 0.7166 0.6964 0.0379
vn 0.5389 0.5906 0.6006
vn 0.3518 0.8915 0.2855
vn -0.0000 -1.0000 -0.0062
vn -0.0000 -0.7748 0.6322
vn -0.0753 -0.7429 0.6652
vn -0.1958 -0.7234 0.6621
vn -0.0000 -1.0000 -0.0085
vn -0.6942 -0.7176 -0.0562
vn -0.6791 -0.7340 0.0027
vn -0.3366 -0.8748 -0.3485
vn -0.3298 -0.7264 0.6029
vn -0.0272 -0.6823 -0.7306
vn -0.4874 -0.7237 0.4886
vn -0.5961 -0.7368 0.3189
vn -0.6329 -0.7439 0.2148
vn -0.6827 -0.7230 0.1060
vn -0.5632 -0.5901 -0.5784
vn -0.3261 -0.7921 0.5160
vn -0.5148 -0.7783 -0.3595
vn -0.3648 -0.9095 -0.1992
vn -0.0074 -0.9999 -0.0116
vn -0.0591 -0.7398 0.6702
vn -0.3006 -0.8952 0.3290
vn -0.6915 -0.7209 0.0468
vn -0.0000 -1.0000 -0.0064
vn -0.0000 -1.0000 -0.0057
vn -0.0000 -1.0000 0.0026
vn -0.0155 -0.8855 -0.4644
vn -0.0000 -0.9555 -0.2951
vn -0.0000 -1.0000 0.0015
vn -0.0359 -0.9994 0.0015
vn -0.0000 -1.0000 0.0008
vn -0.0335 -0.9994 -0.0029
vn -0.0000 -1.0000 0.0031
vn -0.5207 -0.7046 -0.4820
vn -0.5391 -0.8422 0.0008
vn -0.5423 -0.8402 -0.0061
vn -0.9114 -0.3350 0.2390
vn -0.9304 -0.1797 0.3195
vn -0.0324 -0.9994 0.0087
vn -0.5421 -0.8403 -0.0015
vn -0.0000 -1.0000 0.0029
vn -0.5697 0.4621 0.6796
vn -0.9925 -0.0054 -0.1221
vn -0.9921 0.0241 -0.1228
vn -0.9993 0.0353 -0.0108
vn -0.9998 -0.0011 -0.0197
vn -0.9098 0.1171 -0.3983
vn -0.9120 0.2353 -0.3360
vn -0.9936 0.1133 -0.0040
vn -0.9369 0.2727 -0.2189
vn -0.9201 0.3758 -0.1107
vn -0.9939 0.1105 -0.0044
vn -0.9899 0.0956 -0.1042
vn -0.7674 -0.2506 -0.5901
vn -0.5624 -0.6554 -0.5042
vn -0.7290 -0.1119 -0.6753
vn -0.7508 0.0972 -0.6534
vn -0.9941 -0.0376 -0.1017
vn -0.9987 -0.0482 -0.0182
vn -0.8896 -0.4546 -0.0434
vn -0.8803 -0.0708 -0.4691
vn -0.8950 0.0254 -0.4453
vn -0.9931 -0.1150 -0.0225
vn -0.9463 -0.3208 -0.0406
vn -0.9911 -0.1143 -0.0681
vn -0.8139 -0.3117 -0.4902
vn -0.7996 -0.4250 -0.4244
vn -0.8788 -0.0676 -0.4724
vn -0.8969 0.0260 -0.4414
vn -0.3589 -0.8427 -0.4013
vn -0.4733 -0.7856 -0.3986
vn -0.7530 -0.4795 0.4506
vn -0.8690 0.2653 -0.4176
vn -0.9020 0.1183 -0.4152
vn -0.7455 -0.3308 0.5787
vn -0.7244 -0.2275 0.6508
vn -0.7415 -0.1643 0.6505
vn -0.8832 0.3960 -0.2514
vn -0.9001 0.4257 -0.0929
vn -0.8855 0.4561 0.0890
vn -0.8940 0.4477 0.0166
vn -0.7031 -0.7047 -0.0948
vn -0.9030 0.4295 -0.0076
vn -0.6964 -0.7176 0.0122
vn -0.9027 0.4293 -0.0273
vn -0.7135 -0.6907 0.1178
vn -0.7484 -0.6065 0.2684
vn -0.9458 -0.3244 0.0154
vn -0.7817 -0.2817 -0.5564
vn -0.8727 -0.1238 -0.4723
vn -0.8197 -0.0920 0.5654
vn -0.9027 -0.0206 -0.4297
vn -0.9000 0.0373 -0.4343
vn -0.8891 0.0979 -0.4471
vn -0.8907 0.1911 -0.4125
vn -0.9106 0.2249 -0.3468
vn -0.9702 0.1762 -0.1663
vn -0.9651 0.2260 -0.1323
vn -0.9571 0.2550 -0.1373
vn -0.7355 0.2011 -0.6470
vn -0.7410 0.1783 -0.6474
vn -0.7033 0.1437 -0.6962
vn -0.9621 0.0293 0.2710
vn -0.6936 0.6262 0.3560
vn -0.6702 0.7389 0.0700
vn -0.9882 -0.1348 -0.0729
vn -0.7043 0.7099 0.0060
vn -0.9607 0.1192 0.2508
vn -0.7291 0.4339 0.5292
vn -0.6745 0.4605 0.5770
vn -0.5694 0.5114 0.6436
vn -0.5969 0.5281 0.6040
vn -0.2847 -0.7260 0.6260
vn -0.8592 -0.2791 0.4287
vn -0.8085 -0.2093 0.5500
vn -0.1800 -0.3591 0.9158
vn -0.7844 -0.1627 0.5986
vn -0.1017 -0.1454 0.9841
vn -0.6519 -0.3933 0.6483
vn -0.6497 -0.1945 0.7349
vn -0.6820 -0.4123 0.6040
vn -0.9964 -0.0588 0.0612
vn -0.7507 -0.5365 0.3855
vn -0.7662 -0.6260 0.1448
vn -0.2748 -0.9422 0.1919
vn -0.7897 -0.6134 -0.0101
vn -0.2891 -0.9572 -0.0138
vn -0.7842 -0.6137 -0.0915
vn -0.6724 -0.4245 -0.6064
vn -0.7695 -0.5945 -0.2334
vn -0.9971 -0.0452 -0.0617
vn -0.9973 -0.0737 0.0001
vn -0.8176 -0.2133 -0.5348
vn -0.1446 -0.4442 -0.8842
vn -0.0728 -0.0780 -0.9943
vn -0.6444 -0.0972 -0.7585
vn -0.7661 -0.0894 -0.6365
vn -0.2839 -0.9425 -0.1765
vn -0.2560 -0.7821 -0.5681
vn -0.8366 -0.2252 -0.4994
vn -0.8636 -0.3359 -0.3760
vn -0.8397 -0.5169 -0.1665
vn -0.8022 -0.5924 -0.0745
vn -0.7929 -0.6092 0.0123
vn -0.8027 -0.5785 0.1448
vn -0.8156 -0.4826 0.3192
vn -0.9478 0.0847 0.3074
vn -0.9051 0.0020 0.4252
vn -0.9624 0.0449 0.2679
vn -0.9285 0.0222 0.3706
vn -0.9720 -0.0076 0.2349
vn -0.9459 -0.0755 0.3155
vn -0.8364 -0.0797 0.5423
vn -0.9802 0.0655 0.1870
vn -0.8993 0.3955 0.1868
vn -0.7337 0.0291 0.6788
vn -0.6589 -0.0402 0.7512
vn -0.6002 -0.1000 0.7936
vn -0.8511 0.5179 0.0858
vn -0.8508 0.5251 0.0195
vn -0.8503 0.4785 0.2190
vn -0.8623 0.4083 0.2996
vn -0.8752 0.4395 0.2023
vn -0.9023 0.3489 0.2533
vn -0.8488 0.5254 0.0592
vn -0.9202 0.2754 0.2783
vn -0.9031 0.2986 0.3085
vn -0.9849 -0.1029 0.1391
vn -0.9180 -0.0508 -0.3933
vn -0.8595 -0.2813 -0.4268
vn -0.8757 -0.2785 -0.3944
vn -0.9188 -0.0574 -0.3905
vn -0.9512 -0.3084 0.0011
vn -0.8562 0.3046 -0.4174
vn -0.9006 0.0571 -0.4309
vn -0.9099 0.0539 -0.4114
vn -0.9250 0.2246 -0.3063
vn -0.8509 0.4866 -0.1980
vn -0.8476 0.5293 -0.0375
vn -0.9051 0.3924 -0.1639
vn -0.8653 0.4992 -0.0461
vn -0.8465 0.5319 0.0216
vn -0.8592 0.5020 0.0994
vn -0.9138 0.4053 0.0272
vn -0.9007 0.4328 0.0389
vn -0.9034 0.4283 0.0214
vn -0.4355 0.8782 0.1980
vn -0.1765 0.9237 0.3400
vn -0.1294 0.9915 0.0123
vn -0.4167 0.7955 0.4399
vn -0.5121 0.6871 0.5154
vn -0.0579 0.9078 0.4154
vn -0.1235 0.3942 0.9107
vn -0.1353 0.4925 0.8597
vn -0.3941 0.5566 0.7314
vn -0.2873 0.5555 0.7803
vn -0.3628 0.5642 0.7417
vn -0.6291 0.4810 0.6107
vn -0.2829 0.7203 -0.6333
vn 0.7139 0.3113 -0.6272
vn 0.2829 -0.7203 -0.6334
vn -0.7139 -0.3113 -0.6272
vn -0.7139 0.3113 -0.6272
vn -0.7139 0.3113 0.6272
vn -0.2829 0.7203 0.6334
vn 0.2828 0.7203 0.6333
vn 0.7139 0.3113 0.6272
vn 0.2828 0.7203 -0.6333
vn 0.7139 -0.3113 -0.6272
vn 0.7139 -0.3113 0.6272
vn 0.2829 -0.7203 0.6334
vn -0.2828 -0.7203 0.6333
vn -0.7139 -0.3113 0.6272
vn -0.2828 -0.7203 -0.6333
vn -0.0000 -0.3827 0.9239
vn -0.0000 -0.0000 1.0000
vn -0.7071 -0.0000 0.7071
vn -0.6533 -0.3827 0.6533
vn -0.9239 -0.3827 -0.0000
vn 0.9239 -0.3827 -0.0000
vn 1.0000 -0.0000 -0.0000
vn 0.7071 -0.0000 0.7071
vn 0.6533 -0.3827 0.6533
vn -0.0000 0.6630 0.7486
vn -0.5294 0.6630 0.5294
vn -0.7486 0.6630 -0.0000
vn -0.5294 0.6630 -0.5293
vn -0.7071 -0.0000 -0.7071
vn -0.6533 -0.3827 -0.6533
vn -0.7411 -0.2208 -0.6341
vn 0.7071 -0.0000 -0.7071
vn 0.6533 -0.3827 -0.6533
vn -0.0000 -0.3827 -0.9239
vn -0.0000 -0.0000 -1.0000
vn -0.0000 0.6630 -0.7486
vn 0.5294 0.6630 -0.5293
vn 0.7486 0.6630 -0.0000
vn 0.5293 0.6630 0.5294
vn 0.7637 -0.5957 0.2487
vn -0.0006 -0.5957 0.8032
vn -0.7641 -0.5957 0.2477
vn 0.4726 -0.5957 -0.6495
vn -0.4717 -0.5957 -0.6501
vn 0.3655 0.9308 -0.0000
vn 0.9166 0.3997 -0.0000
vn -0.9166 0.3998 -0.0000
vn -0.3655 0.9308 -0.0000
vn -0.3655 -0.9308 -0.0000
vn -0.9166 -0.3998 -0.0000
vn -0.2828 -0.7203 -0.6334
vn 0.2828 -0.7203 -0.6334
vn 0.9166 -0.3998 -0.0000
vn 0.3655 -0.9308 -0.0000
vn 0.3116 -0.7139 0.6271
vn 0.7209 -0.2798 0.6340
vn 0.6963 0.3596 0.6211
vn 0.2169 0.7267 0.6518
vn -0.5731 0.5816 0.5773
vn -0.4795 -0.3703 0.7956
vn -0.0179 -0.9691 -0.2462
vn 0.3178 -0.8933 -0.3178
vn 0.3131 0.2882 -0.9049
vn 0.9049 0.2882 -0.3131
vn 0.9049 -0.2882 -0.3131
vn 0.3131 -0.2882 -0.9049
vn -0.3701 -0.1051 -0.9230
vn 0.5491 -0.6300 -0.5491
vn -0.6104 0.3722 -0.6992
vn 0.4746 0.7421 -0.4734
vn 0.0739 0.9945 -0.0739
vn -0.6565 0.7201 -0.2246
vn -0.0000 0.2258 0.9742
vn -0.0394 -0.0756 0.9964
vn -0.0399 0.2318 0.9719
vn -0.0576 0.2387 0.9694
vn -0.0590 0.2439 0.9680
vn -0.0586 -0.1445 0.9878
vn -0.0577 0.2978 0.9529
vn -0.0407 -0.1326 0.9903
vn 0.1353 0.4925 0.8597
vn 0.1235 0.3941 0.9107
vn 0.0577 0.2978 0.9529
vn 0.0586 -0.1445 0.9878
vn 0.0590 0.2439 0.9680
vn 0.0576 0.2387 0.9694
vn 0.0399 0.2318 0.9719
vn -0.5201 0.4840 0.7037
vn 0.2824 -0.4307 -0.8572
vn 0.4298 -0.6692 -0.6061
vn -0.2893 0.4487 -0.8456
vn 0.1666 0.7289 -0.6640
vn -0.1471 -0.6385 -0.7555
vn 0.6218 0.2262 -0.7498
vn 0.2068 0.0538 -0.9769
vn 0.1800 0.0624 -0.9817
vn 0.3131 0.3973 -0.8626
vn 0.5978 -0.0943 -0.7961
vn -0.0000 0.6469 -0.7626
vn -0.1800 0.0624 -0.9817
vn -0.2068 0.0538 -0.9769
vn -0.2208 0.0733 -0.9726
vn -0.1966 0.1444 -0.9698
vn -0.1232 0.2045 -0.9711
vn -0.0474 0.2697 -0.9618
vn -0.0237 0.2946 -0.9553
vn -0.0155 0.3259 -0.9453
vn -0.0000 0.3313 -0.9435
vn 0.0155 0.3259 -0.9453
vn 0.0237 0.2946 -0.9553
vn 0.0474 0.2697 -0.9618
vn 0.1467 0.6388 -0.7553
vn 0.1232 0.2045 -0.9711
vn 0.1966 0.1444 -0.9698
vn 0.2208 0.0733 -0.9726
vn 0.4184 0.4642 -0.7806
vn -0.0000 0.6716 -0.7409
vn -0.1629 0.8817 -0.4429
vn 0.1141 -0.9220 0.3699
vn 0.2838 -0.3605 0.8885
vn -0.0974 -0.3395 0.9355
vn -0.0758 -0.9189 0.3871
vn -0.1746 -0.3566 0.9178
vn -0.0299 -0.9679 0.2496
vn -0.1561 0.4842 0.8609
vn -0.1008 0.4397 0.8925
vn 0.2587 0.4351 0.8624
vn 0.5662 0.1860 0.8030
vn 0.5662 -0.1860 0.8030
vn 0.0353 0.7101 -0.7033
vn 0.6963 0.3554 -0.6235
vn 0.7209 -0.2798 -0.6340
vn 0.1109 -0.6953 -0.7101
vn -0.2624 -0.8595 -0.4386
vn -0.2017 0.9101 -0.3619
vn -0.0413 0.9634 0.2648
vn -0.0474 0.9416 0.3335
vn 0.0958 0.9442 0.3151
vn 0.0944 0.9948 0.0375
vn 0.5458 0.7278 0.4151
vn 0.9049 0.2882 0.3131
vn 0.0056 -0.9701 -0.2427
vn 0.9049 -0.2882 0.3131
vn 0.6468 -0.5892 0.4843
vn 0.3895 -0.9010 0.1911
vn -0.7759 -0.2077 -0.5956
vn 0.3726 -0.2183 0.9019
vn 0.2254 0.3367 0.9142
vn 0.5959 0.5549 0.5805
vn 0.6062 -0.5555 0.5692
vn 0.0984 -0.6057 0.7896
vn 0.1866 -0.6059 0.7734
vn -0.0223 -0.6766 0.7360
vn 0.0770 -0.1084 0.9911
vn -0.5055 -0.5043 0.7001
vn 0.2351 0.3443 0.9090
vn -0.5017 0.5691 0.6515
vn 0.1851 0.6740 0.7152
vn 0.0168 0.6782 0.7347
vn 0.0859 0.6719 0.7357
vn 0.0313 0.7178 0.6955
vn 0.2064 -0.2199 0.9534
vn 0.2876 0.2381 0.9277
vn 0.4740 0.5089 0.7186
vn 0.4593 -0.5657 0.6849
vn -0.5573 0.4685 0.6855
vn 0.1598 0.2703 0.9494
vn 0.0335 -0.3476 0.9370
vn -0.5623 -0.4946 0.6627
vn 0.1007 0.6184 0.7794
vn 0.0706 0.6314 0.7723
vn 0.1928 0.5886 0.7851
vn 0.1099 0.5961 0.7954
vn 0.2258 0.6907 0.6870
vn 0.6916 0.5488 0.4696
vn 0.7891 0.5966 0.1464
vn 0.1113 0.9746 0.1943
vn 0.0998 0.6920 0.7150
vn 0.0633 0.7013 0.7101
vn 0.0360 0.9780 0.2056
vn 0.4384 -0.2694 0.8575
vn 0.4388 -0.0857 0.8945
vn 0.2588 -0.0240 0.9656
vn 0.2628 -0.2622 0.9285
vn 0.1171 0.0127 0.9930
vn 0.1049 -0.2744 0.9559
vn 0.0602 0.0017 0.9982
vn 0.8467 -0.0657 0.5279
vn 0.8700 -0.1905 0.4548
vn 0.2459 -0.5053 0.8272
vn 0.0923 -0.5105 0.8549
vn 0.0539 -0.5524 0.8319
vn 0.0583 -0.3046 0.9507
vn -0.0000 0.0066 1.0000
vn 0.1732 -0.6464 0.7431
vn -0.0160 0.0371 0.9992
vn 0.1055 0.1223 0.9869
vn 0.0744 -0.6522 0.7544
vn -0.1055 0.1223 0.9869
vn -0.0000 0.0215 0.9998
vn -0.0000 0.0159 0.9999
vn 0.0161 0.0371 0.9992
vn -0.0602 0.0017 0.9982
vn -0.4388 -0.0857 0.8945
vn -0.2588 -0.0240 0.9656
vn -0.1171 0.0127 0.9930
vn -0.4384 -0.2694 0.8575
vn -0.2628 -0.2622 0.9285
vn -0.1049 -0.2744 0.9559
vn -0.0583 -0.3046 0.9507
vn -0.0539 -0.5523 0.8319
vn -0.0923 -0.5105 0.8549
vn -0.2459 -0.5053 0.8272
vn 0.8791 -0.0074 0.4765
vn -0.5966 0.4556 0.6607
vn 0.0527 -0.6888 0.7231
vn 0.0775 -0.6537 0.7528
vn -0.4435 0.0023 -0.8963
vn 0.4435 0.0023 -0.8963
vn -0.6481 -0.2922 -0.7032
vn -0.7255 -0.0270 -0.6877
vn -0.0000 -0.4934 -0.8698
vn -0.1650 -0.5177 -0.8395
vn 0.6481 -0.2922 -0.7032
vn 0.7254 -0.0270 -0.6877
vn 0.1650 -0.5177 -0.8395
vn 0.1271 -0.9867 0.1013
vn -0.0419 -0.3312 -0.9426
vn -0.0385 -0.2591 -0.9651
vn -0.1122 -0.3943 -0.9121
vn -0.0000 -0.4989 -0.8667
vn -0.0000 0.0097 -1.0000
vn 0.1122 -0.3943 -0.9121
vn 0.3692 -0.4012 -0.8383
vn 0.7187 -0.2192 -0.6599
vn 0.7526 -0.1781 -0.6339
vn -0.0000 0.2059 -0.9786
vn 0.0151 0.2570 -0.9663
vn -0.1593 0.0387 -0.9865
vn -0.0000 0.0662 -0.9978
vn -0.1670 0.0109 -0.9859
vn -0.0139 -0.1926 -0.9812
vn -0.3692 -0.4012 -0.8383
vn 0.0385 -0.2591 -0.9651
vn -0.7187 -0.2192 -0.6598
vn 0.0419 -0.3312 -0.9426
vn -0.7527 -0.1781 -0.6339
vn 0.0068 -0.7281 -0.6855
vn -0.6203 -0.4207 -0.6620
vn -0.7659 -0.2012 -0.6106
vn 0.4975 0.5564 -0.6655
vn 0.5688 0.3926 -0.7227
vn 0.9126 0.3190 -0.2557
vn 0.9776 0.0392 -0.2070
vn 0.9724 0.0096 -0.2330
vn 0.9355 -0.1734 -0.3078
vn 0.5183 -0.2374 -0.8216
vn -0.0827 -0.1572 -0.9841
vn -0.1180 0.0139 -0.9929
vn -0.1017 0.0386 -0.9941
vn -0.0004 0.3371 -0.9415
vn -0.4386 0.0669 0.8962
vn -0.4109 -0.5013 0.7615
vn -0.8074 0.0707 0.5858
vn -0.4686 -0.0237 0.8831
vn -0.9931 0.0238 0.1145
vn 0.0988 -0.1023 0.9898
vn -0.9934 0.0064 0.1146
vn 0.3298 -0.7264 0.6029
vn 0.1958 -0.7234 0.6621
vn 0.3057 -0.1282 0.9435
vn 0.0753 -0.7429 0.6652
vn 0.1490 -0.1573 0.9762
vn -0.0000 -0.1979 0.9802
vn 0.2748 -0.9422 0.1919
vn 0.2891 -0.9572 -0.0138
vn 0.2839 -0.9425 -0.1765
vn 0.2560 -0.7821 -0.5681
vn 0.1446 -0.4442 -0.8842
vn 0.7897 -0.6134 -0.0101
vn 0.7662 -0.6260 0.1448
vn 0.7842 -0.6137 -0.0915
vn 0.7695 -0.5945 -0.2334
vn 0.6724 -0.4245 -0.6064
vn 0.0728 -0.0780 -0.9943
vn 0.6444 -0.0972 -0.7585
vn 0.9971 -0.0452 -0.0617
vn 0.0272 -0.6823 -0.7306
vn 0.3366 -0.8748 -0.3485
vn 0.6942 -0.7176 -0.0562
vn 0.6791 -0.7340 0.0027
vn 0.9973 -0.0737 0.0001
vn 0.9964 -0.0588 0.0612
vn 0.7507 -0.5365 0.3855
vn 0.6915 -0.7209 0.0468
vn 0.9913 0.0072 -0.1315
vn 0.9882 -0.1348 -0.0729
vn 0.6702 0.7389 0.0700
vn 0.7043 0.7099 0.0060
vn 0.6936 0.6262 0.3560
vn 0.4355 0.8782 0.1980
vn 0.5121 0.6871 0.5154
vn 0.4167 0.7955 0.4400
vn 0.1766 0.9237 0.3400
vn 0.0318 0.8776 0.4783
vn 0.0247 0.8649 0.5014
vn 0.0357 0.8896 0.4554
vn 0.0579 0.9078 0.4154
vn 0.1294 0.9915 0.0123
vn 0.3649 0.9309 0.0138
vn 0.0449 0.9990 0.0082
vn -0.0000 0.8506 0.5258
vn 0.0897 0.9308 -0.3543
vn 0.0275 0.9458 -0.3235
vn 0.3632 0.8558 -0.3684
vn 0.7486 0.5954 -0.2917
vn 0.4724 0.4505 -0.7576
vn 0.2305 0.5391 -0.8101
vn 0.0526 0.6444 -0.7629
vn 0.0160 0.7012 -0.7127
vn -0.0000 0.9860 -0.1667
vn -0.0000 1.0000 0.0090
vn -0.0275 0.9458 -0.3235
vn -0.0449 0.9990 0.0082
vn -0.0897 0.9308 -0.3542
vn -0.0160 0.7012 -0.7127
vn -0.0000 0.8226 -0.5687
vn -0.0357 0.8896 0.4554
vn -0.0318 0.8776 0.4783
vn -0.0247 0.8649 0.5014
vn -0.2117 0.7204 -0.6605
vn 0.8444 0.4434 -0.3006
vn 0.7392 0.6735 0.0023
vn 0.0207 0.9998 -0.0010
vn 0.7524 0.6587 -0.0001
vn 0.7776 0.5649 0.2762
vn 0.9293 -0.0570 0.3649
vn 0.8197 -0.0920 0.5654
vn 0.8016 -0.0168 0.5977
vn 0.9682 0.0032 -0.2500
vn 0.6953 0.2687 -0.6666
vn 0.7049 -0.2750 -0.6539
vn 0.6783 -0.2927 -0.6740
vn 0.9231 -0.0030 -0.3847
vn 0.9458 -0.3244 0.0154
vn 0.9579 -0.2872 0.0023
vn 0.9545 -0.2981 0.0014
vn 0.5969 0.5281 0.6040
vn 0.3941 0.5566 0.7314
vn 0.5694 0.5114 0.6436
vn 0.6745 0.4605 0.5770
vn 0.7291 0.4339 0.5292
vn 0.2963 0.7652 0.5715
vn 0.6791 -0.5349 0.5027
vn 0.9621 0.0293 0.2710
vn 0.8546 0.1694 0.4909
vn 0.8006 0.0801 0.5938
vn 0.9000 0.0373 -0.4344
vn 0.7977 0.0326 0.6021
vn 0.9027 -0.0206 -0.4297
vn 0.5207 -0.7046 -0.4820
vn 0.7817 -0.2817 -0.5564
vn 0.8727 -0.1238 -0.4723
vn -0.5389 0.5906 0.6006
vn -0.3518 0.8915 0.2855
vn -0.0715 0.7366 0.6725
vn 0.0011 0.7122 0.7019
vn -0.0000 0.7134 0.7008
vn -0.0011 0.7122 0.7019
vn 0.0715 0.7366 0.6725
vn -0.2313 -0.3158 0.9202
vn -0.6243 0.1329 0.7698
vn -0.0747 -0.8105 0.5810
vn -0.0526 0.6444 -0.7629
vn -0.2305 0.5391 -0.8101
vn -0.4724 0.4505 -0.7575
vn -0.6871 0.2874 -0.6673
vn -0.0670 -0.5948 -0.8011
vn -0.7286 -0.1569 -0.6668
vn -0.6648 -0.0477 -0.7455
vn -0.6698 0.0843 -0.7377
vn -0.7460 0.1031 -0.6579
vn -0.8744 -0.3064 -0.3762
vn -0.7007 -0.7133 -0.0150
vn -0.7510 -0.6599 -0.0214
vn -0.6836 -0.7297 -0.0145
vn 0.0769 -0.9555 0.2848
vn -0.5891 -0.2679 -0.7623
vn -0.5916 -0.0716 -0.8030
vn -0.6123 0.0506 -0.7890
vn -0.7560 -0.6540 0.0277
vn -0.0243 -0.8767 -0.4805
vn 0.0762 -0.7402 -0.6681
vn 0.0701 -0.9945 -0.0775
vn 0.0936 -0.2684 -0.9587
vn 0.2853 -0.2446 -0.9267
vn -0.9979 0.0061 0.0646
vn -0.5948 -0.0335 0.8032
vn -0.9978 0.0606 0.0272
vn -0.7208 -0.5561 -0.4137
vn -0.3957 -0.6536 0.6452
vn -0.7166 0.6964 0.0379
vn -0.1447 0.9086 -0.3918
vn -0.6046 0.6746 -0.4235
vn -0.4470 0.8626 -0.2371
vn -0.1269 0.9311 0.3420
vn -0.6245 0.6252 -0.4682
vn -0.6157 0.6965 0.3685
vn -0.3814 0.6802 0.6260
vn -0.3732 0.8641 0.3377
vn -0.9011 0.4156 0.1238
vn -0.9108 0.3102 0.2724
vn -0.9062 0.4201 0.0477
vn -0.3512 0.9326 0.0832
vn -0.9165 0.4000 -0.0093
vn -0.3644 0.9308 -0.0280
vn -0.9059 0.4116 -0.0994
vn -0.3609 0.9071 -0.2166
vn -0.7428 0.6524 -0.1505
vn -0.7096 0.7044 -0.0183
vn -0.7221 0.6890 0.0620
vn -0.7482 0.6253 0.2218
vn -0.7676 0.4717 0.4340
vn -0.3589 0.7680 -0.5304
vn -0.3299 0.5490 -0.7680
vn -0.8884 0.2650 -0.3749
vn -0.9036 0.3581 -0.2352
vn -0.7599 0.5340 -0.3705
vn -0.7449 0.3774 -0.5501
vn 0.9973 -0.0136 -0.0726
vn 0.9129 -0.3411 -0.2240
vn -0.0000 0.7327 -0.6805
vn -0.6672 0.7449 0.0004
vn -0.6779 0.7352 -0.0017
vn -0.6739 0.7388 0.0011
vn -0.6708 0.7416 0.0010
vn 0.9614 0.2572 -0.0981
vn 0.9573 0.2784 0.0774
vn 0.9893 -0.0404 -0.1404
vn 0.9937 -0.0443 0.1033
vn 0.0074 -0.9999 -0.0116
vn 0.0324 -0.9994 0.0087
vn 0.5391 -0.8423 0.0008
vn 0.0359 -0.9994 0.0015
vn 0.0335 -0.9994 -0.0029
vn 0.0155 -0.8855 -0.4644
vn -0.0000 -0.9996 0.0300
vn 0.1627 -0.9594 0.2302
vn 0.6968 -0.6850 -0.2125
vn -0.0000 -0.9995 -0.0305
vn 0.7646 -0.6039 0.2253
vn 0.6334 -0.7737 0.0176
vn 0.4506 -0.8927 -0.0093
vn 0.8058 -0.5694 0.1629
vn 0.8335 -0.0156 -0.5523
vn 0.8427 -0.5382 0.0169
vn 0.5260 -0.8502 0.0231
vn -0.7033 0.7108 0.0063
vn 0.6869 0.3507 0.6365
vn -0.5260 -0.8502 0.0231
vn -0.8427 -0.5382 0.0169
vn -0.8335 -0.0156 -0.5523
vn -0.8058 -0.5694 0.1629
vn -0.4506 -0.8927 -0.0093
vn -0.6334 -0.7737 0.0176
vn -0.1627 -0.9594 0.2302
vn 0.7076 0.1704 -0.6858
vn 0.7316 -0.6546 0.1904
vn 0.2087 -0.9352 0.2859
vn 0.9912 0.1168 0.0621
vn 0.9349 0.3460 -0.0797
vn 0.5588 0.0102 -0.8292
vn 0.5733 0.0492 -0.8179
vn 0.9628 0.2700 -0.0121
vn 0.9345 0.3555 0.0156
vn 0.4012 0.7441 -0.5342
vn 0.0284 0.9035 -0.4276
vn 0.1033 0.1995 -0.9744
vn -0.0000 0.1555 -0.9878
vn -0.0000 0.9027 -0.4303
vn -0.0284 0.9035 -0.4276
vn -0.1033 0.1995 -0.9744
vn 0.5149 0.8370 0.1851
vn 0.8095 -0.5487 -0.2087
vn -0.9448 0.2990 -0.1341
vn -0.7486 0.5954 -0.2917
vn -0.3649 0.9309 0.0138
vn -0.3632 0.8558 -0.3684
vn -0.3002 0.0475 0.9527
vn -0.1614 0.0418 0.9860
vn -0.0007 -0.0323 0.9995
vn 0.1604 0.0421 0.9862
vn 0.1061 -0.7171 0.6888
vn 0.3002 0.0475 0.9527
vn 0.2060 -0.7074 0.6762
vn 0.5516 0.6869 0.4731
vn 0.9665 0.0004 -0.2565
vn 0.9841 0.0845 -0.1560
vn 0.9848 0.0731 -0.1577
vn 0.8136 -0.3394 -0.4720
vn 0.5942 0.5593 0.5780
vn 0.7532 -0.2938 -0.5885
vn 0.4877 -0.0310 -0.8724
vn 0.8515 -0.1577 -0.5001
vn 0.9910 0.1289 -0.0346
vn 0.9967 0.0816 -0.0034
vn 0.9978 0.0668 -0.0031
vn 0.9979 0.0651 -0.0020
vn 0.9963 0.0862 -0.0004
vn 0.7904 0.1045 -0.6036
vn -0.1037 -0.0030 -0.9946
vn -0.0000 -0.0218 -0.9998
vn 0.1037 -0.0030 -0.9946
vn 0.5792 0.5066 0.6387
vn 0.5697 0.4621 0.6796
vn 0.7411 -0.2208 -0.6341
vn 0.9977 -0.0381 0.0563
vn 0.9978 -0.0376 0.0542
vn 0.9984 -0.0248 0.0502
vn -0.0100 -0.9857 -0.1679
vn 0.7552 -0.1113 -0.6460
vn -0.6187 0.0903 -0.7804
vn 0.7004 0.2491 -0.6688
vn -0.6229 -0.2189 -0.7510
vn 0.5128 0.5675 -0.6443
vn -0.4213 -0.4590 -0.7822
vn -0.5415 0.8407 0.0001
vn -0.9894 0.1452 0.0001
vn -0.9428 -0.3335 0.0001
vn -0.6730 -0.7396 -0.0000
vn 0.5201 0.4840 0.7037
vn -0.2231 -0.9748 -0.0000
vn 0.7759 -0.2077 -0.5956
vn 0.5966 0.4556 0.6607
vn 0.7659 -0.2012 -0.6106
vn 0.9508 -0.0000 0.3097
vn -0.0007 -0.0000 1.0000
vn -0.9513 -0.0000 0.3084
vn -0.5872 -0.0000 -0.8094
vn 0.5883 -0.0000 -0.8086
vn -0.8072 0.4647 -0.3639
vn -0.6334 -0.1481 -0.7595
vn -0.8043 0.5076 -0.3088
vn -0.9579 -0.2873 0.0023
vn -0.9545 -0.2981 0.0014
vn -0.7646 -0.6039 0.2253
vn -0.6968 -0.6850 -0.2125
vn -0.5588 0.0102 -0.8292
vn -0.5733 0.0492 -0.8179
vn -0.7585 -0.5168 0.3970
vn -0.6594 -0.6113 0.4376
vn -0.6819 -0.6221 -0.3847
vn -0.7412 -0.5696 -0.3552
vn -0.7532 -0.6374 -0.1628
vn -0.7183 -0.6950 -0.0318
vn -0.7370 0.5776 0.3510
vn -0.6806 0.6270 0.3790
vn -0.6715 0.7182 0.1822
vn -0.6985 0.7150 0.0291
vn -0.9434 -0.3188 -0.0914
vn -0.0072 -0.9985 -0.0537
vn -0.0000 -0.9331 -0.3597
vn 0.8730 -0.4875 -0.0141
vn -0.0000 -0.6762 -0.7367
vn 0.9028 -0.4014 -0.1546
vn 0.8571 0.5137 0.0386
vn 0.8967 -0.2993 -0.3261
vn 0.8359 0.5120 0.1977
vn -0.0019 0.9986 0.0521
vn -0.8573 0.5147 0.0144
vn -0.0000 0.9330 0.3600
vn 0.8400 0.3669 0.3997
vn -0.8967 -0.2993 -0.3261
vn -0.8400 0.3669 0.3997
vn -0.9028 -0.4014 -0.1546
vn -0.8359 0.5120 0.1977
vn -0.8772 -0.4786 -0.0385
vn 0.8043 0.5076 -0.3088
vn 0.8072 0.4648 -0.3638
vn 0.6334 -0.1481 -0.7595
vn -0.3020 0.0225 0.9531
vn -0.9894 -0.1453 0.0004
vn -0.9427 0.3335 0.0001
vn -0.6727 0.7400 -0.0001
vn -0.2239 0.9746 -0.0001
vn -0.0958 0.9442 0.3151
vn 0.0474 0.9416 0.3335
vn -0.0944 0.9948 0.0375
vn -0.5458 0.7278 0.4151
vn -0.9049 0.2882 0.3131
vn -0.1490 -0.1573 0.9762
vn -0.3057 -0.1282 0.9435
vn -0.9854 -0.1702 -0.0027
vn -0.9874 -0.1584 0.0038
vn -0.9856 -0.1674 0.0246
vn 0.9852 0.1710 0.0110
vn 0.9848 0.1736 -0.0005
vn 0.9854 0.1703 0.0029
vn 0.9859 0.1662 0.0206
vn 0.9866 0.1630 0.0041
vn 0.9826 0.1856 0.0064
vn 0.9798 0.1998 0.0056
vn 0.9848 0.1738 -0.0041
vn 0.9810 0.1938 -0.0022
vn -0.9838 -0.1793 0.0016
vn -0.9862 -0.1653 -0.0073
vn -0.9844 -0.1758 -0.0123
vn -0.9834 -0.1814 -0.0041
vn -0.9786 -0.2058 0.0019
vn -0.9853 -0.1704 -0.0147
vn -0.0826 0.5052 0.8591
vn -0.3980 0.6779 0.6181
vn -0.3150 0.5906 0.7429
vn -0.1479 0.7471 0.6481
vn -0.2001 0.5830 0.7874
vn -0.2169 0.6996 0.6808
vn -0.0600 0.7074 0.7043
vn -0.0207 0.8382 0.5450
vn -0.0366 0.7590 0.6501
vn -0.0348 0.8204 0.5707
vn -0.0605 0.6527 0.7552
vn -0.0936 0.5788 0.8101
vn -0.1341 0.5743 0.8076
vn -0.2294 0.5440 0.8071
vn -0.0858 0.5981 0.7968
vn -0.0946 0.5238 0.8466
vn -0.1593 0.5251 0.8360
vn -0.2341 0.5332 0.8130
vn -0.3283 0.5385 0.7760
vn -0.3111 0.5395 0.7824
vn -0.2400 0.5382 0.8079
vn -0.1928 0.6206 0.7601
vn -0.1918 0.5119 0.8374
vn -0.1456 0.4972 0.8553
vn -0.1098 0.4796 0.8706
vn -0.0503 0.4779 0.8769
vn -0.0485 0.5154 0.8556
vn -0.0667 0.5841 0.8089
vn -0.0425 0.6765 0.7352
vn -0.0372 0.7765 0.6291
vn -0.0421 0.7763 0.6289
vn -0.0521 0.6764 0.7347
vn -0.0442 0.7683 0.6386
vn -0.0589 0.6664 0.7433
vn -0.0641 0.5860 0.8078
vn -0.0670 0.5080 0.8587
vn -0.0631 0.4856 0.8719
vn -0.0483 0.4818 0.8749
vn -0.0490 0.5071 0.8605
vn -0.0000 0.4799 0.8773
vn -0.0350 0.8289 0.5583
vn -0.0354 0.8346 0.5498
vn -0.0330 0.8343 0.5502
vn -0.0000 0.7735 0.6338
vn -0.0000 0.8332 0.5530
vn 0.0330 0.8343 0.5503
vn 0.0372 0.7765 0.6291
vn 0.0354 0.8346 0.5498
vn 0.0421 0.7763 0.6289
vn 0.0350 0.8289 0.5583
vn 0.0442 0.7683 0.6386
vn 0.0348 0.8204 0.5707
vn 0.0366 0.7590 0.6501
vn 0.0589 0.6664 0.7433
vn 0.0605 0.6527 0.7552
vn 0.0521 0.6764 0.7347
vn 0.0425 0.6765 0.7352
vn -0.0000 0.6737 0.7390
vn -0.0458 0.5885 0.8072
vn -0.0000 0.5867 0.8098
vn 0.0458 0.5885 0.8072
vn 0.0641 0.5860 0.8078
vn 0.0667 0.5841 0.8089
vn 0.0858 0.5981 0.7968
vn 0.0490 0.5071 0.8605
vn -0.0000 0.5063 0.8624
vn 0.0670 0.5080 0.8587
vn 0.0483 0.4818 0.8749
vn 0.0631 0.4856 0.8719
vn 0.0485 0.5154 0.8556
vn 0.0946 0.5238 0.8466
vn 0.0503 0.4779 0.8769
vn 0.1098 0.4796 0.8706
vn 0.0936 0.5788 0.8101
vn 0.1341 0.5743 0.8076
vn 0.1593 0.5251 0.8360
vn 0.1456 0.4972 0.8553
vn 0.1918 0.5119 0.8374
vn 0.2333 0.5331 0.8132
vn 0.2290 0.5443 0.8070
vn 0.2001 0.5830 0.7874
vn 0.2169 0.6996 0.6808
vn 0.0600 0.7074 0.7043
vn 0.0207 0.8382 0.5450
vn 0.1479 0.7471 0.6481
vn 0.3150 0.5906 0.7429
vn 0.3110 0.5407 0.7816
vn 0.3269 0.5387 0.7765
vn 0.2375 0.5383 0.8086
vn 0.1928 0.6206 0.7601
vn 0.3980 0.6779 0.6181
vn 0.0826 0.5052 0.8591
vn -0.9848 0.1736 -0.0005
vn -0.9854 0.1703 0.0029
vn -0.9848 0.1738 -0.0041
vn -0.9852 0.1710 0.0110
vn -0.9859 0.1662 0.0206
vn -0.9826 0.1856 0.0064
vn -0.9798 0.1998 0.0056
vn -0.9810 0.1938 -0.0022
vn -0.9866 0.1630 0.0041
vn -0.3244 -0.5199 -0.7902
vn -0.2845 -0.5205 -0.8051
vn -0.2636 -0.5234 -0.8103
vn -0.2181 -0.5104 -0.8319
vn -0.0883 -0.4746 -0.8758
vn -0.0582 -0.4864 -0.8718
vn -0.0463 -0.5076 -0.8604
vn -0.0901 -0.5207 -0.8490
vn -0.1500 -0.4914 -0.8579
vn -0.1566 -0.5316 -0.8324
vn -0.2393 -0.5249 -0.8168
vn -0.3118 -0.5433 -0.7795
vn -0.2288 -0.5459 -0.8060
vn -0.3046 -0.5884 -0.7490
vn -0.0527 -0.5863 -0.8084
vn -0.0596 -0.5893 -0.8057
vn -0.0899 -0.6002 -0.7948
vn -0.1272 -0.5697 -0.8119
vn -0.1890 -0.6204 -0.7612
vn -0.0766 -0.6567 -0.7502
vn -0.1107 -0.6723 -0.7320
vn -0.2493 -0.6529 -0.7153
vn 0.0193 -0.2366 -0.9714
vn -0.0000 -0.5868 -0.8097
vn -0.0000 -0.7085 -0.7057
vn -0.0385 -0.7125 -0.7006
vn -0.0428 -0.5885 -0.8074
vn -0.0405 -0.7113 -0.7017
vn -0.0538 -0.7029 -0.7093
vn -0.0590 -0.6937 -0.7178
vn -0.0484 -0.7185 -0.6939
vn -0.0338 -0.7601 -0.6489
vn -0.0389 -0.7715 -0.6350
vn -0.0321 -0.7781 -0.6274
vn -0.0364 -0.7782 -0.6269
vn -0.0000 -0.7774 -0.6290
vn 0.0385 -0.7125 -0.7006
vn 0.0428 -0.5885 -0.8074
vn 0.0405 -0.7113 -0.7017
vn 0.0527 -0.5863 -0.8084
vn 0.0538 -0.7029 -0.7093
vn 0.0596 -0.5893 -0.8057
vn 0.0590 -0.6937 -0.7178
vn 0.0338 -0.7601 -0.6489
vn 0.0484 -0.7185 -0.6939
vn 0.0463 -0.5076 -0.8604
vn 0.1107 -0.6723 -0.7320
vn 0.0766 -0.6567 -0.7502
vn 0.0899 -0.6002 -0.7948
vn 0.0901 -0.5207 -0.8490
vn 0.0883 -0.4746 -0.8758
vn 0.0582 -0.4864 -0.8718
vn 0.0542 -0.5086 -0.8593
vn 0.0520 -0.4828 -0.8742
vn 0.2493 -0.6529 -0.7153
vn -0.0192 -0.2366 -0.9714
vn 0.2196 -0.5117 -0.8306
vn 0.2401 -0.5247 -0.8167
vn 0.1566 -0.5316 -0.8324
vn 0.1272 -0.5697 -0.8119
vn 0.2288 -0.5459 -0.8060
vn 0.1890 -0.6204 -0.7612
vn 0.1500 -0.4914 -0.8579
vn 0.2618 -0.5274 -0.8083
vn 0.2804 -0.5241 -0.8042
vn 0.3257 -0.5198 -0.7897
vn 0.3125 -0.5430 -0.7794
vn 0.3046 -0.5884 -0.7490
vn 0.0389 -0.7716 -0.6350
vn 0.0321 -0.7781 -0.6274
vn 0.0364 -0.7782 -0.6269
vn -0.0001 0.0061 -1.0000
vn -0.0001 0.0067 -1.0000
vn -0.0000 0.0001 -1.0000
vn 0.0002 0.0017 -1.0000
vn 0.0004 -0.0007 -1.0000
vn 0.0004 -0.0006 -1.0000
vn -0.0004 -0.0006 -1.0000
vn -0.0004 -0.0007 -1.0000
vn -0.0002 0.0017 -1.0000
vn 0.0001 0.0061 -1.0000
vn 0.0001 0.0067 -1.0000
vn 0.0463 -0.5082 -0.8600
vn -0.0000 -0.5069 -0.8620
vn -0.0463 -0.5082 -0.8600
vn -0.0542 -0.5086 -0.8593
vn 0.0441 -0.4801 -0.8761
vn -0.0000 -0.4785 -0.8781
vn -0.0441 -0.4801 -0.8761
vn -0.0520 -0.4828 -0.8742
vn 0.9862 -0.1653 -0.0073
vn 0.9834 -0.1814 -0.0041
vn 0.9854 -0.1702 -0.0027
vn 0.9844 -0.1758 -0.0123
vn 0.9853 -0.1704 -0.0147
vn 0.9874 -0.1584 0.0038
vn 0.9856 -0.1674 0.0246
vn 0.9838 -0.1793 0.0016
vn 0.9786 -0.2058 0.0019
vn -0.0001 -0.0062 1.0000
vn -0.0001 -0.0066 1.0000
vn 0.0002 -0.0018 1.0000
vn 0.0004 0.0007 1.0000
vn 0.0004 0.0006 1.0000
vn -0.0004 0.0006 1.0000
vn -0.0004 0.0007 1.0000
vn -0.0002 -0.0018 1.0000
vn 0.0001 -0.0062 1.0000
vn 0.0001 -0.0066 1.0000
vt -1.370100 0.246600
vt -1.378900 0.241700
vt -1.370100 0.238800
vt 0.240200 0.902300
vt 0.273400 0.904300
vt 0.270500 0.974600
vt 0.234400 0.963900
vt 0.216800 0.900400
vt 0.217800 0.956100
vt 0.204100 0.898400
vt 0.209000 0.934600
vt 0.322300 0.908200
vt 0.324200 0.902300
vt 0.273400 0.900400
vt 0.240200 0.896500
vt 0.216800 0.892600
vt 0.205100 0.888700
vt 0.216800 0.890600
vt 0.203100 0.885700
vt 0.193400 0.898400
vt 0.201200 0.935500
vt 0.210900 0.956100
vt 0.232400 0.968800
vt 0.192400 0.892600
vt 0.200200 0.882800
vt 0.320300 0.984400
vt 0.373000 0.988300
vt 0.372100 0.992200
vt 0.320300 0.988300
vt 0.267600 0.979500
vt 0.266600 0.983400
vt 0.230500 0.971700
vt 0.203100 0.957000
vt 0.185500 0.933600
vt 0.187500 0.816400
vt 0.194300 0.812500
vt 0.181600 0.908200
vt 0.171900 0.929700
vt 0.187500 0.951200
vt 0.201200 0.960900
vt 0.230500 0.974600
vt 0.185500 0.955100
vt 0.162100 0.943400
vt 0.152300 0.900400
vt 0.160200 0.826200
vt 0.168000 0.804700
vt 0.219700 0.801800
vt 0.269500 0.800800
vt 0.269500 0.786100
vt 0.322300 0.787100
vt 0.236300 0.786100
vt 0.238300 0.800800
vt 0.219700 0.787100
vt 0.169900 0.790000
vt 0.121100 0.843800
vt 0.132800 0.841800
vt 0.048800 0.880900
vt 0.041000 0.863300
vt 0.125000 0.912100
vt 0.160200 0.947300
vt 3.877000 0.177700
vt 3.857400 0.179700
vt 3.857400 0.105500
vt 3.939500 0.177700
vt 3.875000 0.234400
vt 3.939500 0.103500
vt 3.859400 0.060500
vt 3.939500 0.062500
vt 3.859400 0.033200
vt 3.859400 0.015600
vt 3.849600 0.015600
vt 3.939500 0.011700
vt 3.939500 0.027300
vt 3.964800 0.025400
vt 3.962900 0.103500
vt 3.962900 0.177700
vt 3.939500 0.281300
vt 3.962900 0.011700
vt 3.875000 0.279300
vt 3.875000 0.341800
vt 3.939500 0.412100
vt 3.875000 0.392600
vt 3.875000 0.414100
vt 3.941400 0.435500
vt 3.875000 0.435500
vt 3.962900 0.412100
vt 3.962900 0.435500
vt 0.738300 0.136700
vt 0.681600 0.136700
vt 0.679700 0.187500
vt 0.738300 0.085900
vt 0.681600 0.085900
vt 0.949200 0.089800
vt 0.951200 0.138700
vt 0.736300 0.189500
vt 0.679700 0.230500
vt 0.738300 0.234400
vt 0.679700 0.242200
vt 0.949200 0.189500
vt 0.968800 0.138700
vt 0.970700 0.087900
vt 0.939500 0.029300
vt 0.738300 0.029300
vt 0.683600 0.019500
vt 0.974600 0.035200
vt 0.960900 0.023400
vt 0.978500 0.021500
vt 0.964800 0.005900
vt 0.910200 0.005900
vt 0.853500 0.003900
vt 0.794900 0.002000
vt 0.740200 0.000000
vt 0.683600 0.000000
vt 0.978500 0.189500
vt 0.988300 0.033200
vt 0.984400 0.033200
vt 1.000000 0.019500
vt 0.990200 0.013700
vt 0.988300 0.005900
vt 0.949200 0.246100
vt 0.949200 0.240200
vt 0.968800 0.185500
vt 0.988300 0.310500
vt 0.980500 0.257800
vt 0.970700 0.246100
vt 0.960900 0.240200
vt 0.964800 0.230500
vt 0.974600 0.232400
vt 0.929700 0.310500
vt 0.675800 0.310500
vt 0.675800 0.361300
vt 0.992200 0.365200
vt 0.935500 0.304700
vt 0.929700 0.267600
vt 0.921900 0.261700
vt 0.910200 0.257800
vt 0.679700 0.252000
vt 0.673800 0.539100
vt 0.990200 0.541000
vt 0.990200 0.525400
vt 0.673800 0.521500
vt -3.033200 0.138700
vt -3.035200 0.238300
vt -3.019500 0.240200
vt -3.019500 0.134800
vt -3.011700 0.246100
vt -3.033200 0.080100
vt -3.021500 0.089800
vt -3.023400 0.062500
vt -3.009800 0.076200
vt -3.025400 0.023400
vt -3.011700 0.033200
vt -3.027300 0.011700
vt -3.013700 0.019500
vt -3.007800 0.136700
vt -3.013700 0.007800
vt -3.031300 0.002000
vt -3.044900 0.011700
vt -3.039100 0.025400
vt -3.035200 0.044900
vt 0.902300 0.644500
vt 0.894500 0.644500
vt 0.886700 0.646500
vt 0.931600 0.673800
vt 0.929700 0.666000
vt 0.931600 0.666000
vt 0.927700 0.658200
vt 0.929700 0.658200
vt 0.908200 0.646500
vt 0.910200 0.644500
vt 0.916000 0.648400
vt 0.916000 0.650400
vt 0.921900 0.652300
vt 0.921900 0.654300
vt 0.925800 0.660200
vt 0.902300 0.642600
vt 0.910200 0.642600
vt 0.918000 0.646500
vt 0.923800 0.652300
vt 0.925800 0.650400
vt 0.902300 0.640600
vt 0.894500 0.642600
vt 0.910200 0.640600
vt 0.919900 0.644500
vt 0.912100 0.640600
vt 0.919900 0.642600
vt 0.927700 0.648400
vt 0.933600 0.656300
vt 0.931600 0.656300
vt 0.935500 0.664100
vt 0.935500 0.666000
vt 0.939500 0.673800
vt 0.935500 0.673800
vt 0.935500 0.683600
vt 0.933600 0.666000
vt 0.933600 0.673800
vt 0.933600 0.681600
vt 0.929700 0.691400
vt 0.931600 0.691400
vt 0.925800 0.697300
vt 0.929700 0.689500
vt 0.923800 0.695300
vt 0.927700 0.687500
vt 0.918000 0.701200
vt 0.931600 0.681600
vt 0.929700 0.681600
vt 0.925800 0.687500
vt 0.921900 0.693400
vt 0.919900 0.693400
vt 0.914100 0.697300
vt 0.916000 0.697300
vt 0.908200 0.699200
vt 0.908200 0.701200
vt 0.902300 0.701200
vt 0.916000 0.699200
vt 0.910200 0.701200
vt 0.927700 0.681600
vt 0.923800 0.679700
vt 0.925800 0.673800
vt 0.921900 0.685500
vt 0.918000 0.691400
vt 0.914100 0.693400
vt 0.908200 0.695300
vt 0.923800 0.668000
vt 0.927700 0.666000
vt 0.927700 0.673800
vt 0.929700 0.673800
vt 0.925800 0.662100
vt 0.908200 0.650400
vt 0.902300 0.650400
vt 0.902300 0.648400
vt 0.908200 0.648400
vt 0.914100 0.652300
vt 0.914100 0.650400
vt 0.918000 0.658200
vt 0.919900 0.656300
vt 0.921900 0.662100
vt 0.902300 0.646500
vt 0.896500 0.648400
vt 0.894500 0.646500
vt 0.875000 0.658200
vt 0.878900 0.650400
vt 0.880900 0.652300
vt 0.886700 0.648400
vt 0.886700 0.650400
vt 0.888700 0.650400
vt 0.884800 0.656300
vt 0.882800 0.654300
vt 0.877000 0.660200
vt 0.878900 0.662100
vt 0.884800 0.658200
vt 0.890600 0.652300
vt 0.896500 0.650400
vt 0.877000 0.658200
vt 0.875000 0.666000
vt 0.875000 0.681600
vt 0.873000 0.673800
vt 0.875000 0.673800
vt 0.871100 0.673800
vt 0.871100 0.681600
vt 0.869100 0.673800
vt 0.871100 0.666000
vt 0.886700 0.699200
vt 0.886700 0.701200
vt 0.880900 0.695300
vt 0.880900 0.693400
vt 0.875000 0.689500
vt 0.877000 0.687500
vt 0.875000 0.691400
vt 0.878900 0.697300
vt 0.884800 0.701200
vt 0.894500 0.705100
vt 0.894500 0.701200
vt 0.886700 0.697300
vt 0.882800 0.693400
vt 0.902300 0.705100
vt 0.884800 0.693400
vt 0.888700 0.697300
vt 0.896500 0.699200
vt 0.902300 0.697300
vt 0.896500 0.695300
vt 0.890600 0.693400
vt 0.884800 0.691400
vt 0.878900 0.687500
vt 0.882800 0.685500
vt 0.877000 0.681600
vt 0.877000 0.666000
vt 0.877000 0.673800
vt 0.878900 0.679700
vt 0.878900 0.673800
vt 0.878900 0.668000
vt 0.882800 0.662100
vt 0.869100 0.683600
vt 0.869100 0.666000
vt 0.675800 0.306600
vt 0.675800 0.308600
vt 0.912100 0.306600
vt 0.912100 0.302700
vt 0.916000 0.298800
vt 0.914100 0.296900
vt 0.912100 0.269500
vt 0.904300 0.269500
vt 0.904300 0.259800
vt 0.902300 0.261700
vt 0.890600 0.257800
vt 0.890600 0.259800
vt 0.675800 0.253900
vt 0.675800 0.257800
vt 0.884800 0.646500
vt 0.873000 0.656300
vt 0.877000 0.650400
vt 0.884800 0.644500
vt 0.892600 0.640600
vt 0.892600 0.638700
vt 0.902300 0.636700
vt 0.867200 0.683600
vt 0.865200 0.673800
vt 0.867200 0.664100
vt 0.871100 0.656300
vt 0.877000 0.648400
vt 0.884800 0.642600
vt 0.902300 0.710900
vt 0.892600 0.709000
vt 0.892600 0.707000
vt 0.884800 0.703100
vt 0.884800 0.705100
vt 0.877000 0.697300
vt 0.877000 0.699200
vt 0.873000 0.691400
vt 0.871100 0.691400
vt 0.902300 0.707000
vt 0.910200 0.705100
vt 0.919900 0.703100
vt 0.910200 0.707000
vt 0.933600 0.691400
vt 0.927700 0.699200
vt 0.919900 0.705100
vt 0.912100 0.709000
vt 0.668900 0.742200
vt 0.674800 0.736300
vt 0.685500 0.743200
vt 0.689500 0.751000
vt 0.728500 0.736300
vt 0.733400 0.742200
vt 0.713900 0.751000
vt 0.716800 0.743200
vt 0.742200 0.724600
vt 0.745100 0.718800
vt 0.743200 0.714800
vt 0.731400 0.728500
vt 0.718800 0.740200
vt 0.719700 0.740200
vt 0.730500 0.713900
vt 0.730500 0.715800
vt 0.727500 0.716800
vt 0.716800 0.712900
vt 0.713900 0.713900
vt 0.713900 0.719700
vt 0.702100 0.719700
vt 0.702100 0.714800
vt 0.691400 0.718800
vt 0.691400 0.712900
vt 0.687500 0.711900
vt 0.677700 0.715800
vt 0.673800 0.714800
vt 0.673800 0.712900
vt 0.673800 0.730500
vt 0.662100 0.717800
vt 0.656300 0.720700
vt 0.663100 0.729500
vt 0.686500 0.742200
vt 0.689500 0.740200
vt 0.733400 0.726600
vt 0.738300 0.712900
vt 0.718800 0.727500
vt 0.714800 0.742200
vt 0.745100 0.712900
vt 0.742200 0.710000
vt 0.747100 0.715800
vt 0.732400 0.729500
vt 0.714800 0.744100
vt 0.701200 0.748000
vt 0.701200 0.730500
vt 0.684600 0.727500
vt 0.688500 0.742200
vt 0.665000 0.715800
vt 0.669900 0.729500
vt 0.655300 0.715800
vt 0.669900 0.731400
vt 0.655300 0.719700
vt 0.661100 0.711900
vt 0.688500 0.753900
vt 0.694300 0.755900
vt 0.694300 0.749000
vt 0.688500 0.744100
vt 0.701200 0.751000
vt 0.701200 0.758800
vt 0.708000 0.755900
vt 0.708000 0.749000
vt 0.714800 0.753900
vt 0.714800 0.754900
vt 0.701200 0.760700
vt 0.688500 0.754900
vt 0.739300 0.735400
vt 0.702100 0.716800
vt 0.740200 0.710900
vt 0.750000 0.709000
vt 0.729500 0.749000
vt 0.702100 0.760700
vt 0.663100 0.736300
vt 0.663100 0.711900
vt 0.651400 0.710000
vt 0.674800 0.750000
vt 0.701200 0.745100
vt 0.692400 0.755900
vt -4.589800 0.859400
vt -4.589800 0.857400
vt -4.585900 0.857400
vt -4.589800 0.862300
vt -4.585900 0.859400
vt -4.589800 0.864300
vt -4.585900 0.862300
vt -4.585900 0.864300
vt -4.918000 0.873000
vt -4.918000 0.875000
vt -4.929700 0.875000
vt -4.929700 0.873000
vt -4.918000 0.871100
vt -4.929700 0.872100
vt -4.960900 0.874000
vt -4.960900 0.875000
vt -4.960900 0.876000
vt -4.929700 0.876000
vt -4.918000 0.877000
vt -4.882800 0.873000
vt -4.882800 0.874000
vt -4.882800 0.875000
vt -4.882800 0.876000
vt -4.882800 0.877900
vt -4.960900 0.873000
vt -4.929700 0.871100
vt -4.918000 0.870100
vt -4.882800 0.869100
vt -4.882800 0.870100
vt -4.882800 0.871100
vt -4.882800 0.872100
vt -4.960900 0.872100
vt 0.701200 0.759800
vt 0.439500 0.668900
vt 0.443400 0.669900
vt 0.452100 0.677700
vt 0.127000 0.666000
vt 0.236300 0.724600
vt 0.289100 0.724600
vt 0.122100 0.752000
vt 0.236300 0.694300
vt 0.289100 0.694300
vt 0.449200 0.715800
vt 0.445300 0.746100
vt 0.436500 0.748000
vt 0.449200 0.736300
vt 0.114300 0.750000
vt 0.112300 0.740200
vt 0.112300 0.675800
vt 0.116200 0.667000
vt 0.710000 0.852500
vt 0.701200 0.842800
vt 0.721700 0.852500
vt 0.716800 0.853500
vt 0.701200 0.835900
vt 0.705100 0.831100
vt 0.716800 0.824200
vt 0.730500 0.842800
vt 0.727500 0.846700
vt 0.710000 0.826200
vt 0.727500 0.831100
vt 0.721700 0.826200
vt 0.730500 0.835900
vt 0.709000 0.755900
vt 0.729000 0.847300
vt 0.729000 0.829600
vt 0.701700 0.830100
vt 0.702100 0.848000
vt 0.994100 0.845000
vt 0.995100 0.904300
vt 0.966800 0.904300
vt 0.970200 0.849200
vt 0.785200 0.854500
vt 0.752000 0.854500
vt 0.752000 0.822300
vt 0.785200 0.822300
vt 0.674800 0.786100
vt 0.727500 0.786100
vt 0.727500 0.799800
vt 0.674800 0.799800
vt 0.668900 0.820300
vt 0.709000 0.820300
vt 0.709000 0.830100
vt 0.668900 0.830100
vt 0.661100 0.861300
vt 0.688500 0.851600
vt 0.695300 0.871100
vt 0.664100 0.878900
vt 0.539100 0.874000
vt 0.543000 0.878900
vt 0.547900 0.884800
vt 0.561500 0.884800
vt 0.555700 0.885700
vt 0.566400 0.878900
vt 0.569300 0.874000
vt 0.555700 0.855500
vt 0.543000 0.862300
vt 0.539100 0.866200
vt 0.547900 0.857400
vt 0.569300 0.866200
vt 0.566400 0.862300
vt 0.561500 0.857400
vt 0.535200 0.889600
vt 0.536100 0.883800
vt 0.517600 0.879900
vt 0.517600 0.884800
vt 0.571300 0.881800
vt 0.571300 0.874000
vt 0.575200 0.869100
vt 0.588900 0.862300
vt 0.581100 0.864300
vt 0.595700 0.864300
vt 0.601600 0.869100
vt 0.581100 0.892600
vt 0.575200 0.886700
vt 0.595700 0.892600
vt 0.604500 0.881800
vt 0.604500 0.874000
vt 0.601600 0.886700
vt 0.588900 0.893600
vt 0.995100 0.845700
vt 0.966800 0.845700
vt 0.771500 0.752900
vt 0.771500 0.740200
vt 0.790000 0.740200
vt 0.790000 0.752900
vt 0.784200 0.770500
vt 0.771500 0.769500
vt 0.772500 0.765600
vt 0.785200 0.765600
vt 0.798800 0.765600
vt 0.798800 0.769500
vt 0.786100 0.769500
vt 0.771500 0.759800
vt 0.790000 0.760700
vt 0.791000 0.764600
vt 0.771500 0.763700
vt 0.791000 0.754900
vt 0.790000 0.758800
vt 0.771500 0.757800
vt 0.772500 0.753900
vt 0.843800 0.754900
vt 0.843800 0.740200
vt 0.894500 0.740200
vt 0.894500 0.754900
vt 0.843800 0.771500
vt 0.858400 0.770500
vt 0.858400 0.776400
vt 0.843800 0.776400
vt 0.875000 0.776400
vt 0.860400 0.776400
vt 0.860400 0.770500
vt 0.874000 0.771500
vt 0.843800 0.755900
vt 0.895500 0.756800
vt 0.895500 0.762700
vt 0.843800 0.761700
vt 0.843800 0.769500
vt 0.843800 0.764600
vt 0.895500 0.763700
vt 0.895500 0.768600
vt -0.205100 0.709000
vt -0.202100 0.756800
vt -0.207000 0.756800
vt -0.210000 0.708000
vt -0.205100 0.688500
vt -0.210000 0.688500
vt -0.205100 0.682600
vt -0.210000 0.681600
vt -0.219700 0.766600
vt -0.227500 0.766600
vt -0.227500 0.775400
vt -0.219700 0.775400
vt -0.203100 0.766600
vt -0.212900 0.766600
vt -0.212900 0.775400
vt -0.203100 0.775400
vt 2.115200 0.869100
vt 2.128900 0.861300
vt 2.125000 0.845700
vt 2.107400 0.845700
vt 2.101600 0.861300
vt 2.357400 0.880900
vt 2.357400 0.882800
vt 2.377000 0.882800
vt 2.377000 0.880900
vt 2.388700 0.880900
vt 2.388700 0.882800
vt 2.394500 0.882800
vt 2.394500 0.880900
vt 2.365200 0.880900
vt 2.365200 0.882800
vt 2.367200 0.884800
vt 2.394500 0.884800
vt 2.367200 0.882800
vt 2.361300 0.884800
vt 2.380900 0.884800
vt 2.380900 0.880900
vt 2.361300 0.880900
vt 2.115200 0.863300
vt 2.134800 0.886700
vt 2.142600 0.882800
vt 2.123000 0.857400
vt 2.365200 0.800800
vt 2.373000 0.794900
vt 2.369100 0.787100
vt 2.361300 0.787100
vt 2.357400 0.794900
vt 2.357400 0.884800
vt 2.367200 0.880900
vt 2.355500 0.884800
vt 2.355500 0.879900
vt 2.365200 0.879900
vt 2.365200 0.884800
vt 2.404300 0.884800
vt 2.404300 0.882800
vt 2.371100 0.798800
vt 2.373000 0.791000
vt 2.365200 0.787100
vt 2.359400 0.791000
vt 2.361300 0.798800
vt 2.242200 0.878900
vt 2.242200 0.882800
vt 2.253900 0.882800
vt 2.253900 0.878900
vt 2.263700 0.882800
vt 2.263700 0.878900
vt 2.246100 0.882800
vt 2.246100 0.878900
vt 2.259800 0.882800
vt 2.259800 0.878900
vt 2.421900 0.814500
vt 2.418000 0.814500
vt 2.418000 0.816400
vt 2.421900 0.816400
vt 2.326200 0.881800
vt 2.326200 0.877900
vt 2.293000 0.877900
vt 2.293000 0.881800
vt 2.414100 0.814500
vt 2.414100 0.816400
vt 2.419900 0.811500
vt 2.453100 0.811500
vt 2.453100 0.805700
vt 2.419900 0.805700
vt 2.044900 0.629900
vt 2.060500 0.618200
vt 2.062500 0.533200
vt 2.044900 0.525400
vt 2.091800 0.532200
vt 2.085900 0.529300
vt 2.080100 0.532200
vt 2.091800 0.541000
vt 2.078100 0.621100
vt 2.089800 0.612300
vt 2.089800 0.621100
vt 0.217800 0.657200
vt 0.321300 0.657200
vt 0.295900 0.651400
vt 0.270500 0.651400
vt 0.215800 0.651400
vt 0.114300 0.654300
vt 0.148400 0.657200
vt 0.156300 0.647500
vt 0.082000 0.647500
vt 0.157200 0.645500
vt 0.074200 0.642600
vt 0.242200 0.700200
vt 0.285200 0.700200
vt 0.242200 0.720700
vt 0.285200 0.720700
vt 0.458000 0.755900
vt 0.449200 0.761700
vt 0.527300 0.773400
vt 0.461900 0.750000
vt 0.554700 0.702100
vt 0.461900 0.718800
vt 0.554700 0.648400
vt 0.463900 0.667000
vt 0.458000 0.660200
vt 0.554700 0.588900
vt 0.547900 0.758800
vt 0.452100 0.656300
vt 0.323200 0.584000
vt 0.546900 0.540000
vt 0.308600 0.542000
vt 0.539100 0.520500
vt 0.308600 0.519500
vt 0.300800 0.498000
vt 0.043900 0.522500
vt 0.043900 0.498000
vt 0.300800 0.582000
vt 0.298800 0.528300
vt 0.278300 0.528300
vt 0.508800 0.499000
vt 0.453100 0.499000
vt 0.300800 0.646500
vt 0.278300 0.582000
vt 0.068400 0.578100
vt 0.072300 0.528300
vt 0.278300 0.645500
vt 0.159200 0.650400
vt 0.210000 0.649400
vt 0.215800 0.648400
vt 0.056600 0.528300
vt 0.056600 0.580100
vt 0.060500 0.644500
vt 0.043900 0.652300
vt 0.107400 0.660200
vt 0.043900 0.582000
vt 0.043900 0.704100
vt 0.100600 0.667000
vt 0.043900 0.777300
vt 0.065400 0.777300
vt 0.099600 0.719700
vt 0.099600 0.753900
vt 0.101600 0.761700
vt 0.112300 0.763700
vt 0.112300 0.718800
vt 0.285200 0.778300
vt 0.415000 0.778300
vt 0.501000 0.776400
vt 0.514600 0.778300
vt 0.410200 0.778300
vt 0.074200 0.782200
vt 1.926800 0.406300
vt 1.943400 0.403300
vt 1.947300 0.410200
vt 1.928700 0.413100
vt 1.920900 0.405300
vt 1.782200 0.340800
vt 1.783200 0.337900
vt 1.894500 0.407200
vt 1.895500 0.415000
vt 1.859400 0.408200
vt 1.858400 0.415000
vt 1.791000 0.412100
vt 1.789100 0.420900
vt 1.748000 0.411100
vt 1.742200 0.422900
vt 0.969700 0.772500
vt 0.940400 0.772500
vt 0.944300 0.765600
vt 0.973600 0.768600
vt 0.933600 0.772500
vt 0.936500 0.765600
vt 0.951200 0.736300
vt 0.973600 0.732400
vt 0.969700 0.729500
vt 0.947300 0.729500
vt 0.929700 0.736300
vt 0.929700 0.729500
vt 0.908200 0.729500
vt 0.904300 0.732400
vt 0.904300 0.768600
vt 0.908200 0.772500
vt 0.933600 0.725600
vt 0.944300 0.725600
vt 0.834000 0.726600
vt 0.823200 0.726600
vt 0.823200 0.720700
vt 0.834000 0.720700
vt 0.821300 0.733400
vt 0.809600 0.733400
vt 0.809600 0.727500
vt 0.821300 0.727500
vt 0.821300 0.740200
vt 0.809600 0.740200
vt 0.809600 0.734400
vt 0.821300 0.734400
vt 0.821300 0.726600
vt 0.809600 0.726600
vt 0.809600 0.720700
vt 0.821300 0.720700
vt 0.807600 0.693400
vt 0.807600 0.699200
vt 0.784200 0.699200
vt 0.782200 0.693400
vt 0.916000 0.765600
vt 0.916000 0.757800
vt 0.954100 0.757800
vt 0.957000 0.765600
vt 0.916000 0.740200
vt 0.916000 0.734400
vt 0.939500 0.734400
vt 0.939500 0.740200
vt 0.766600 0.724600
vt 0.769500 0.718800
vt 0.807600 0.716800
vt 0.809600 0.721700
vt 0.769500 0.686500
vt 0.766600 0.686500
vt 0.812500 0.683600
vt 0.812500 0.686500
vt 0.815400 0.711900
vt 0.769500 0.713900
vt 0.769500 0.716800
vt 0.812500 0.713900
vt 0.815400 0.686500
vt 0.766600 0.711900
vt 0.812500 0.716800
vt 0.792000 0.716800
vt 0.787100 0.716800
vt 0.769500 0.683600
vt 0.784200 0.683600
vt 0.796900 0.683600
vt 0.807600 0.704100
vt 0.784200 0.704100
vt 0.784200 0.706100
vt 0.807600 0.706100
vt 0.807600 0.711900
vt 0.784200 0.711900
vt 1.905300 0.808600
vt 1.905300 0.833000
vt 1.969700 0.833000
vt 1.969700 0.808600
vt 0.916000 0.724600
vt 0.918900 0.732400
vt 0.916000 0.732400
vt 0.931600 0.732400
vt 0.931600 0.724600
vt 0.933600 0.729500
vt 0.941400 0.729500
vt 0.933600 0.727500
vt 0.941400 0.727500
vt 0.946300 0.732400
vt 0.946300 0.724600
vt 0.959000 0.729500
vt 0.959000 0.724600
vt 0.961900 0.724600
vt 0.961900 0.729500
vt -0.213900 0.688500
vt -0.213900 0.708000
vt -0.210900 0.757800
vt -0.217800 0.688500
vt -0.217800 0.709000
vt -0.214800 0.756800
vt -0.209000 0.675800
vt -0.203100 0.677700
vt -0.197300 0.627000
vt -0.202100 0.626000
vt 0.712900 0.743200
vt 0.689500 0.743200
vt 2.369100 0.879900
vt 2.359400 0.879900
vt 2.359400 0.884800
vt 2.369100 0.884800
vt 2.400400 0.884800
vt 2.400400 0.879900
vt 0.658200 0.728500
vt 0.748000 0.723600
vt 0.705100 0.846700
vt -0.212900 0.681600
vt -0.211900 0.675800
vt -0.206100 0.624000
vt 1.970700 0.033200
vt 1.962900 0.033200
vt 1.961900 0.121100
vt 1.971700 0.121100
vt 0.769500 0.726600
vt 0.766600 0.726600
vt 0.766600 0.731400
vt 0.769500 0.731400
vt 0.789100 0.731400
vt 0.789100 0.726600
vt 0.933600 0.773400
vt 0.936500 0.773400
vt 0.936500 0.767600
vt 0.933600 0.767600
vt 0.916000 0.767600
vt 0.916000 0.773400
vt 0.916000 0.727500
vt 0.624000 0.529300
vt 0.624000 0.532200
vt 0.657200 0.532200
vt 0.616200 0.529300
vt 0.621100 0.526400
vt 0.613300 0.524400
vt 0.618200 0.521500
vt 0.663100 0.529300
vt 0.660200 0.526400
vt 0.657200 0.529300
vt 0.663100 0.521500
vt 0.663100 0.474600
vt 0.616200 0.474600
vt 0.618200 0.414100
vt 0.613300 0.474600
vt 0.613300 0.414100
vt 0.616200 0.402300
vt 0.621100 0.402300
vt 0.621100 0.394500
vt 0.624000 0.400400
vt 0.654300 0.394500
vt 0.652300 0.397500
vt 0.660200 0.411100
vt 0.657200 0.402300
vt 0.663100 0.400400
vt 0.666000 0.411100
vt 0.668900 0.474600
vt 0.666000 0.524400
vt 0.574200 0.690400
vt 0.580100 0.687500
vt 0.582000 0.694300
vt 0.577100 0.696300
vt 0.584000 0.696300
vt 0.584000 0.699200
vt 0.617200 0.699200
vt 0.620100 0.694300
vt 0.624000 0.696300
vt 0.617200 0.696300
vt 0.624000 0.687500
vt 0.624000 0.641600
vt 0.577100 0.641600
vt 0.580100 0.580100
vt 0.613300 0.564500
vt 0.615200 0.561500
vt 0.624000 0.567400
vt 0.617200 0.570300
vt 0.627000 0.578100
vt 0.620100 0.578100
vt 0.629900 0.641600
vt 0.627000 0.690400
vt 0.582000 0.570300
vt 0.584000 0.567400
vt 0.574200 0.641600
vt 0.574200 0.580100
vt 0.577100 0.570300
vt 0.582000 0.561500
vt -0.215800 0.675800
vt -0.210000 0.624000
vt -0.216800 0.681600
vt -4.183600 0.913100
vt -4.183600 0.905300
vt -4.179700 0.905300
vt -4.179700 0.913100
vt -4.191400 0.913100
vt -4.191400 0.905300
vt -4.187500 0.905300
vt -4.187500 0.913100
vt -4.199200 0.914100
vt -4.199200 0.905300
vt -4.195300 0.905300
vt -4.195300 0.914100
vt -4.546900 0.902300
vt -4.546900 0.906300
vt -4.648400 0.906300
vt -4.648400 0.902300
vt -4.546900 0.899400
vt -4.648400 0.899400
vt -4.652300 0.902300
vt -4.656300 0.899400
vt -4.707000 0.902300
vt -4.710900 0.899400
vt -4.546900 0.915000
vt -4.546900 0.918900
vt -4.648400 0.918900
vt -4.648400 0.915000
vt -4.652300 0.918900
vt -4.652300 0.915000
vt -4.707000 0.918900
vt -4.710900 0.915000
vt -4.652300 0.907200
vt -4.707000 0.907200
vt -4.714800 0.907200
vt -4.714800 0.902300
vt -4.546900 0.911100
vt -4.648400 0.911100
vt -4.652300 0.911100
vt -4.710900 0.911100
vt -4.714800 0.915000
vt -4.714800 0.911100
vt -4.714800 0.899400
vt -4.718800 0.902300
vt -4.718800 0.899400
vt -4.726600 0.900400
vt -4.726600 0.896500
vt -4.718800 0.906300
vt -4.726600 0.905300
vt -4.718800 0.910200
vt -4.730500 0.909200
vt -4.722700 0.914100
vt -4.730500 0.912100
vt -4.714800 0.918900
vt -4.722700 0.918900
vt -4.730500 0.916000
vt 0.127000 0.949200
vt 0.148400 0.943400
vt 0.154300 0.949200
vt 0.127000 0.960900
vt 0.089800 0.900400
vt 0.089800 0.914100
vt 0.085900 0.918000
vt 0.082000 0.902300
vt 0.095700 0.929700
vt 0.115200 0.945300
vt 0.111300 0.953100
vt 0.089800 0.929700
vt 0.125000 0.957000
vt 0.113300 0.953100
vt 0.162100 0.949200
vt 0.125000 0.964800
vt 0.125000 0.966800
vt 0.109400 0.960900
vt 0.105500 0.957000
vt 0.082000 0.925800
vt 0.082000 0.919900
vt 0.078100 0.902300
vt 0.162100 0.955100
vt 0.130900 0.970700
vt 0.078100 0.925800
vt 0.072300 0.900400
vt 0.097700 0.960900
vt 0.080100 0.933600
vt 0.103500 0.964800
vt 0.125000 0.968800
vt 0.166000 0.962900
vt 0.130900 0.978500
vt 0.066400 0.925800
vt 0.064500 0.902300
vt 0.095700 0.966800
vt 0.070300 0.933600
vt 0.062500 0.892600
vt 0.058600 0.900400
vt 0.048800 0.902300
vt 0.050800 0.888700
vt 0.138700 0.996100
vt 0.117200 0.998000
vt 0.125000 0.986300
vt 0.132800 0.990200
vt 0.089800 0.970700
vt 0.095700 0.974600
vt 0.097700 0.990200
vt 0.082000 0.978500
vt 0.089800 0.990200
vt 0.171900 0.964800
vt 0.175800 0.974600
vt 0.062500 0.931600
vt 0.052700 0.931600
vt 0.066400 0.937500
vt 0.054700 0.939500
vt 2.085900 0.624000
vt 0.185500 0.996100
vt 0.175800 0.988300
vt 0.193400 0.966800
vt 0.203100 0.974600
vt -4.023400 0.013700
vt -4.015600 0.011700
vt -4.003900 0.013700
vt -4.023400 0.029300
vt -4.003900 0.029300
vt -4.015600 0.031300
vt -4.000000 0.021500
vt -4.027300 0.021500
vt -4.410200 0.760700
vt -4.394500 0.755900
vt -4.386700 0.741200
vt -4.433600 0.741200
vt -4.410200 0.721700
vt -4.425800 0.725600
vt -4.394500 0.725600
vt -4.425800 0.755900
vt -4.089800 0.991200
vt -4.085900 0.977500
vt -4.097700 0.999000
vt -4.097700 0.995100
vt -4.136700 0.999000
vt -4.136700 0.995100
vt -4.136700 0.991200
vt -4.136700 0.977500
vt -4.089800 0.969700
vt -4.089800 0.971700
vt -4.121100 0.965800
vt -4.187500 0.965800
vt -4.156300 0.961900
vt -4.156300 0.965800
vt -4.148400 0.963900
vt -4.128900 0.965800
vt -4.121100 0.961900
vt -4.089800 0.965800
vt -4.085900 0.969700
vt -4.082000 0.977500
vt -4.148400 0.960000
vt -4.128900 0.961900
vt -4.187500 0.969700
vt -4.187500 0.971700
vt -4.191400 0.969700
vt -4.195300 0.977500
vt -4.191400 0.977500
vt -4.187500 0.991200
vt -4.179700 0.999000
vt -4.179700 0.995100
vt -5.246100 0.307100
vt -5.238300 0.307100
vt -5.238300 0.323200
vt -5.246100 0.323200
vt -5.238300 0.371100
vt -5.246100 0.371100
vt -5.238300 0.382300
vt -5.246100 0.382300
vt -5.253900 0.371100
vt -5.253900 0.382300
vt -5.253900 0.307100
vt -5.253900 0.323200
vt -5.304700 0.267100
vt -5.296900 0.267100
vt -5.296900 0.283200
vt -5.304700 0.283200
vt -5.296900 0.333500
vt -5.304700 0.333500
vt -5.296900 0.344700
vt -5.304700 0.344700
vt -5.308600 0.333500
vt -5.308600 0.344700
vt -5.312500 0.333500
vt -5.312500 0.344700
vt -5.312500 0.267100
vt -5.308600 0.267100
vt -5.308600 0.283200
vt -5.312500 0.283200
vt 1.667000 0.215800
vt 1.660200 0.208000
vt 1.666000 0.201200
vt 1.671900 0.210000
vt 1.678700 0.221700
vt 1.679700 0.213900
vt 1.973600 0.229500
vt 1.950200 0.221700
vt 1.972700 0.221700
vt 1.961900 0.210000
vt 0.008300 0.916700
vt 0.005500 0.916700
vt 0.037100 0.955100
vt 0.041000 0.955100
vt 0.041000 0.941400
vt 0.035200 0.941400
vt 0.035200 0.937500
vt 0.019500 0.937500
vt 0.019500 0.941400
vt 0.011700 0.986300
vt 0.009800 0.990200
vt 0.046900 0.990200
vt 0.044900 0.986300
vt 0.050800 0.982400
vt 0.046900 0.982400
vt 0.050800 0.962900
vt 0.046900 0.962900
vt 0.015600 0.941400
vt 0.013700 0.955100
vt 0.019500 0.955100
vt 0.005900 0.962900
vt 0.009800 0.962900
vt 0.005900 0.982400
vt 0.009800 0.982400
vt 0.005500 0.904700
vt 0.008300 0.904700
vt 0.005500 0.890800
vt 0.008300 0.890800
vt 0.005500 0.818500
vt 0.008300 0.818500
vt 0.005500 0.708000
vt 0.008300 0.708000
vt 0.005500 0.652100
vt 0.008300 0.652100
vt 0.005500 0.612500
vt 0.008300 0.612500
vt 0.005500 0.571800
vt 0.008300 0.571800
vt 0.032100 0.904700
vt 0.032100 0.916700
vt 0.035000 0.916700
vt 0.035000 0.904700
vt 0.032100 0.890800
vt 0.035000 0.890800
vt 0.032100 0.818500
vt 0.035000 0.818500
vt 0.032100 0.708000
vt 0.035000 0.708000
vt 0.032100 0.652100
vt 0.035000 0.652100
vt 0.032100 0.612500
vt 0.035000 0.612500
vt 0.032100 0.571800
vt 0.035000 0.571800
vt -1.756800 0.067900
vt -1.789100 0.081100
vt -1.824200 0.081100
vt -1.855500 0.067900
vt 0.613300 0.209000
vt 0.595700 0.212900
vt 0.599600 0.212900
vt 0.597700 0.183600
vt 0.617200 0.201200
vt 0.627000 0.193400
vt 0.632800 0.148400
vt 0.599600 0.136700
vt 0.632800 0.103500
vt 0.599600 0.097700
vt 0.621100 0.093800
vt 0.601600 0.091800
vt 0.630900 0.099600
vt 0.538100 0.269500
vt 0.538100 0.317400
vt 0.564500 0.314900
vt 0.474600 0.314900
vt 0.474600 0.267600
vt 0.540000 0.241700
vt 0.472400 0.232900
vt 0.478800 0.219700
vt 0.421400 0.219700
vt 0.540000 0.222200
vt 0.568400 0.248000
vt 0.564500 0.273900
vt 0.572800 0.273900
vt 0.578600 0.248000
vt 0.574700 0.230500
vt 0.478500 0.211400
vt 0.421400 0.213400
vt 0.537600 0.208000
vt 0.574200 0.217800
vt 0.586900 0.237300
vt 0.631800 0.250000
vt 0.634300 0.304200
vt 0.588900 0.222200
vt 0.615700 0.237300
vt 0.626000 0.237300
vt 0.624000 0.226600
vt 0.615700 0.219700
vt 0.564500 0.360400
vt 0.572800 0.360400
vt 0.572800 0.314900
vt 0.617700 0.381800
vt 0.474600 0.425300
vt 0.415300 0.425300
vt 0.421400 0.436000
vt 0.468500 0.369100
vt 0.529800 0.425300
vt 0.535600 0.366700
vt 0.562500 0.425300
vt 0.568400 0.423300
vt 0.586900 0.451200
vt 0.564500 0.431600
vt 0.527800 0.440400
vt 0.572800 0.431600
vt 0.574700 0.460000
vt 0.529800 0.470700
vt 0.474600 0.436000
vt 0.476600 0.470700
vt 0.425500 0.470700
vt 0.378400 0.470700
vt 0.380400 0.431600
vt 0.231100 0.431600
vt 0.231100 0.420900
vt 0.380400 0.418900
vt 0.231100 0.470700
vt 0.380400 0.366700
vt 0.231100 0.369100
vt 0.194200 0.427200
vt 0.190200 0.440400
vt 0.188100 0.470700
vt 0.137000 0.440400
vt 0.137000 0.470700
vt 0.083700 0.440400
vt 0.137000 0.427200
vt 0.204500 0.267600
vt 0.231100 0.267600
vt 0.231100 0.239300
vt 0.231100 0.313000
vt 0.204500 0.314900
vt 0.202400 0.366700
vt 0.137000 0.369100
vt 0.079700 0.427200
vt 0.138900 0.314900
vt 0.077600 0.366700
vt 0.075600 0.317400
vt 0.058600 0.365200
vt 0.048800 0.427700
vt 0.034600 0.366700
vt 0.038700 0.314900
vt 0.048800 0.314500
vt 0.075600 0.269500
vt 0.137000 0.267600
vt 0.083700 0.470700
vt 0.042800 0.436000
vt 0.032600 0.427200
vt 0.003900 0.377000
vt 0.003900 0.302700
vt 0.037100 0.273400
vt 0.003900 0.439500
vt 0.034600 0.464400
vt 0.042800 0.472700
vt 0.039100 0.252000
vt 0.003900 0.250000
vt 0.028500 0.232900
vt 0.038700 0.230500
vt 0.038700 0.222200
vt 0.026400 0.219700
vt 0.003900 0.230500
vt 0.003900 0.218800
vt 0.003900 0.222700
vt 0.054700 0.248000
vt 0.049000 0.273900
vt 0.075600 0.241700
vt 0.075600 0.222200
vt 0.075600 0.217800
vt 0.134900 0.219700
vt 0.200300 0.239300
vt 0.231100 0.219700
vt 0.198400 0.219700
vt 0.134900 0.239300
vt 0.134900 0.213400
vt 0.194200 0.217800
vt 0.231100 0.213400
vt 0.380400 0.219700
vt 0.380400 0.239300
vt 0.380400 0.267600
vt 0.380400 0.213400
vt 0.380400 0.313000
vt 0.409200 0.265100
vt 0.407000 0.231000
vt 0.409200 0.314900
vt 0.409200 0.366700
vt 0.472700 0.142600
vt 0.472700 0.185500
vt 0.537100 0.185500
vt 0.539100 0.142600
vt 0.564500 0.183600
vt 0.416000 0.185500
vt 0.421900 0.212900
vt 0.478500 0.210900
vt 0.537100 0.209000
vt 0.570300 0.218800
vt 0.578100 0.218800
vt 0.574200 0.183600
vt 0.595700 0.183600
vt 0.572300 0.138700
vt 0.380900 0.212900
vt 0.572300 0.236300
vt 0.576200 0.230500
vt 0.591800 0.218800
vt 0.597700 0.136700
vt 0.595700 0.093800
vt 0.617200 0.214800
vt 0.625000 0.210900
vt 0.603500 0.218800
vt 0.597700 0.218800
vt 0.587900 0.226600
vt 0.587900 0.234400
vt 0.603500 0.224600
vt -1.423800 0.367700
vt -1.423800 0.391100
vt -1.406300 0.391100
vt -1.406300 0.379400
vt -1.406300 0.344200
vt -1.423800 0.295400
vt -1.406300 0.301300
vt -1.406300 0.234900
vt -1.394500 0.289600
vt -1.392600 0.289600
vt -1.382800 0.281700
vt -1.378900 0.268100
vt -1.378900 0.236800
vt -1.367200 0.244600
vt -1.363300 0.262200
vt -1.423800 0.234900
vt 0.396500 0.078100
vt 0.345700 0.070300
vt 0.300800 0.068400
vt 0.253900 0.078100
vt 0.386700 0.091800
vt 0.253900 0.091800
vt 0.384800 0.109400
vt 0.414100 0.099600
vt 0.416000 0.074200
vt 0.472700 0.099600
vt 0.226600 0.074200
vt 0.228500 0.099600
vt 0.253900 0.109400
vt 0.380900 0.142600
vt 0.414100 0.142600
vt 0.552700 0.078100
vt 0.564500 0.089800
vt 0.572300 0.085900
vt 0.539100 0.099600
vt 0.531300 0.076200
vt 0.472700 0.074200
vt 0.472700 0.066400
vt 0.416000 0.066400
vt 0.572300 0.103500
vt 0.531300 0.068400
vt 0.537100 0.048800
vt 0.558600 0.037100
vt 0.558600 0.052700
vt 0.554700 0.074200
vt 0.574200 0.031300
vt 0.572300 0.015600
vt 0.576200 0.052700
vt 0.531300 0.017600
vt 0.554700 0.017600
vt 0.562500 0.009800
vt 0.476600 0.000000
vt 0.476600 0.015600
vt 0.421900 0.015600
vt 0.472700 0.044900
vt 0.416000 0.044900
vt 0.226600 0.066400
vt 0.300800 0.048800
vt 0.345700 0.048800
vt 0.345700 0.031300
vt 0.300800 0.031300
vt 0.226600 0.044900
vt 0.394500 0.000000
vt 0.347700 0.013700
vt 0.300800 0.015600
vt 0.220700 0.015600
vt 0.252000 0.000000
vt 0.164100 0.000000
vt 0.300800 0.013700
vt 0.085900 0.017600
vt 0.109400 0.017600
vt 0.078100 0.009800
vt 0.164100 0.015600
vt 0.164100 0.044900
vt 0.166000 0.066400
vt 0.107400 0.048800
vt 0.103500 0.099600
vt 0.109400 0.076200
vt 0.087900 0.078100
vt 0.166000 0.099600
vt 0.166000 0.074200
vt 0.109400 0.068400
vt 0.084000 0.052700
vt 0.084000 0.037100
vt 0.085900 0.074200
vt 0.066400 0.085900
vt 0.064500 0.052700
vt 0.066400 0.031300
vt 0.068400 0.015600
vt 0.046900 0.212900
vt 0.048800 0.218800
vt 0.046900 0.183600
vt 0.043000 0.183600
vt 0.043000 0.136700
vt 0.041000 0.136700
vt 0.046900 0.093800
vt 0.068400 0.103500
vt 0.078100 0.089800
vt 0.041000 0.097700
vt 0.037100 0.091800
vt 0.039100 0.087900
vt 0.078100 0.138700
vt 0.078100 0.103500
vt 0.103500 0.142600
vt 0.078100 0.183600
vt 0.107400 0.185500
vt 0.078100 0.226600
vt 0.111300 0.226600
vt 0.166000 0.185500
vt 0.164100 0.230500
vt 0.068400 0.138700
vt 0.068400 0.177700
vt 0.068400 0.218800
vt 0.064500 0.230500
vt 0.068400 0.236300
vt 0.056600 0.234400
vt 0.056600 0.226600
vt 0.043000 0.218800
vt 0.037100 0.224600
vt 0.013700 0.193400
vt 0.007800 0.193400
vt 0.015600 0.210900
vt 0.023400 0.201200
vt 0.021500 0.214800
vt 0.029300 0.209000
vt 0.037100 0.218800
vt 0.041000 0.212900
vt -1.981400 0.029300
vt -1.996100 0.003400
vt -1.986300 0.003400
vt -1.916000 0.003400
vt -1.916000 0.029300
vt -1.855500 0.029300
vt -1.855500 0.003400
vt -1.756800 0.029300
vt -1.756800 0.003400
vt -1.449200 0.232900
vt -1.447300 0.289600
vt -1.445300 0.367700
vt -1.445300 0.391100
vt -1.445300 0.404800
vt 0.228500 0.142600
vt 0.226600 0.185500
vt 0.253900 0.185500
vt 0.253900 0.142600
vt 0.384800 0.185500
vt 0.220700 0.226600
vt 0.253900 0.230500
vt 0.166000 0.142600
vt 0.003900 0.103500
vt 0.007800 0.093800
vt 0.000000 0.091800
vt 0.000000 0.103500
vt 0.000000 0.148400
vt 0.021500 0.093800
vt 0.017600 0.089800
vt 0.009800 0.099600
vt 0.009800 0.103500
vt 0.009800 0.148400
vt -1.693400 0.029300
vt -1.626000 0.029300
vt -1.630900 0.067900
vt -1.693400 0.067900
vt -1.916000 0.067900
vt -1.978500 0.067900
vt 0.638700 0.103500
vt 0.634800 0.093800
vt 0.640600 0.091800
vt 0.640600 0.103500
vt 0.640600 0.148400
vt 0.634800 0.193400
vt 0.601600 0.087900
vt 0.621100 0.089800
vt 0.564500 0.138700
vt 0.564500 0.103500
vt -1.693400 0.003400
vt -1.623000 0.003400
vt -1.619100 0.003400
vt 0.568400 0.900000
vt 0.534700 0.901200
vt 0.538100 0.810400
vt 0.497600 0.908900
vt 0.567900 0.906900
vt 0.502900 0.808500
vt 0.501500 0.901600
vt 0.497100 0.900300
vt 0.498300 0.807300
vt 0.492400 0.802400
vt 0.494100 0.894600
vt 0.498800 0.990600
vt 0.570800 0.983800
vt 0.628400 0.978800
vt 0.571300 0.990100
vt 0.628400 0.984200
vt 0.499000 0.996100
vt 0.496800 0.806900
vt 0.492900 0.896800
vt 0.742200 0.967300
vt 0.686000 0.972100
vt 0.683600 0.904500
vt 0.625500 0.904800
vt 0.626000 0.898400
vt 0.572800 0.810900
vt 0.535600 0.804200
vt 0.684100 0.809400
vt 0.742700 0.809900
vt 0.741200 0.898700
vt 0.683600 0.898300
vt 0.630900 0.809600
vt 0.684100 0.804000
vt 0.742700 0.804400
vt 0.626000 0.804000
vt 0.572300 0.805500
vt 0.535600 0.787000
vt 0.492700 0.785400
vt 0.783700 0.805700
vt 0.784200 0.786900
vt 0.809100 0.788100
vt 0.742700 0.785800
vt 0.684100 0.785200
vt 0.626000 0.785300
vt 0.572300 0.786700
vt 0.808600 0.806900
vt 0.838400 0.808300
vt 0.830100 0.815400
vt 0.839400 0.792100
vt 0.854500 0.819300
vt 0.842800 0.900400
vt 0.841300 0.928400
vt 0.827600 0.929300
vt 0.825200 0.904300
vt 0.840300 0.908000
vt 0.831100 0.896500
vt 0.809600 0.815400
vt 0.818400 0.953100
vt 0.812500 0.906300
vt 0.809600 0.899400
vt 0.783700 0.810900
vt 0.784200 0.960100
vt 0.779300 0.904100
vt 0.778800 0.898300
vt 0.741200 0.904600
vt 0.686000 0.977600
vt 0.742200 0.972100
vt 0.785200 0.964100
vt 0.819300 0.957500
vt 0.837900 0.946900
vt 0.839800 0.949900
vt 0.846700 0.942700
vt 0.847700 0.946200
vt 0.886700 0.940200
vt 0.929200 0.847300
vt 0.999000 0.990700
vt 0.983400 0.998100
vt 0.933100 0.891900
vt 0.918900 0.876600
vt 0.912100 0.856400
vt 0.913100 0.851900
vt 0.818400 0.753900
vt 0.992200 0.699200
vt 0.984400 0.787100
vt 0.757800 0.773400
vt 0.757800 0.750000
vt 0.757800 0.734400
vt 0.787100 0.732400
vt 0.806600 0.742200
vt 0.806600 0.677700
vt 0.826200 0.669900
vt 0.994100 0.677700
vt 0.994100 0.654300
vt 0.814500 0.496100
vt 0.990200 0.488300
vt 1.000000 0.625000
vt 0.822300 0.630900
vt 0.826200 0.656300
vt 0.802700 0.664100
vt 0.787100 0.677700
vt 0.793000 0.500000
vt 0.796900 0.638700
vt 0.785200 0.662100
vt 0.781300 0.636700
vt 0.757800 0.679700
vt 0.757800 0.664100
vt 0.757800 0.638700
vt 0.757800 0.505900
vt 0.781300 0.503900
vt 2.890600 0.076200
vt 2.992200 0.052700
vt 2.937500 0.084000
vt 2.978500 0.021500
vt 2.949200 0.000000
vt 2.822300 0.000000
vt 2.822300 0.072300
vt 2.992200 0.459000
vt 2.992200 0.470700
vt 2.970700 0.468800
vt 2.974600 0.457000
vt 2.992200 0.431600
vt 2.974600 0.433600
vt 2.992200 0.285200
vt 2.974600 0.285200
vt 2.992200 0.093800
vt 2.974600 0.093800
vt 0.992200 0.359400
vt 0.994100 0.519500
vt 0.679700 0.521500
vt 0.679700 0.539100
vt 0.994100 0.533200
vt 0.929700 0.300800
vt 0.988300 0.308600
vt 0.925800 0.308600
vt 0.964800 0.138700
vt 0.964800 0.189500
vt 0.943400 0.189500
vt 0.943400 0.232400
vt 0.959000 0.226600
vt 0.955100 0.232400
vt 0.943400 0.242200
vt 0.968800 0.242200
vt 0.978500 0.253900
vt 0.923800 0.263700
vt 0.974600 0.228500
vt 0.916000 0.257800
vt 0.904300 0.253900
vt 0.673800 0.252000
vt 0.673800 0.242200
vt 0.728500 0.232400
vt 0.673800 0.230500
vt 0.728500 0.187500
vt 0.673800 0.187500
vt 0.726600 0.136700
vt 0.939500 0.138700
vt 0.671900 0.136700
vt 0.935500 0.087900
vt 0.726600 0.085900
vt 0.671900 0.085900
vt 0.669900 0.019500
vt 0.669900 0.000000
vt 0.726600 0.000000
vt 0.726600 0.029300
vt 0.925800 0.025400
vt 0.964800 0.087900
vt 0.785200 0.002000
vt 0.839800 0.003900
vt 0.896500 0.005900
vt 0.955100 0.005900
vt 0.945300 0.021500
vt 0.962900 0.033200
vt 0.964800 0.019500
vt 0.974600 0.005900
vt 0.978500 0.013700
vt 0.988300 0.017600
vt 0.980500 0.031300
vt 0.974600 0.033200
vt 1.919900 0.220700
vt 1.919900 0.242200
vt 1.931600 0.238300
vt 1.929700 0.218800
vt 1.931600 0.175800
vt 1.919900 0.125000
vt 1.994100 0.210900
vt 1.992200 0.232400
vt 2.003900 0.234400
vt 1.996100 0.179700
vt 1.935500 0.125000
vt 1.916000 0.037100
vt 1.935500 0.037100
vt 1.998000 0.125000
vt 1.976600 0.033200
vt 2.000000 0.033200
vt 0.892600 0.259800
vt 0.679700 0.257800
vt 0.679700 0.253900
vt 0.896500 0.257800
vt 0.906300 0.259800
vt 0.906300 0.269500
vt 0.910200 0.269500
vt 0.916000 0.296900
vt 0.919900 0.298800
vt 0.910200 0.302700
vt 0.679700 0.306600
vt 0.679700 0.308600
vt -3.025400 0.019500
vt -3.023400 0.009800
vt -3.041000 0.019500
vt -3.041000 0.031300
vt -3.043000 0.044900
vt -3.027300 0.037100
vt -3.046900 0.097700
vt -3.029300 0.080100
vt -3.031300 0.111300
vt -3.046900 0.166000
vt -3.031300 0.164100
vt -3.037100 0.293000
vt -3.015600 0.099600
vt -3.015600 0.060500
vt -3.011700 0.037100
vt -3.005900 0.021500
vt -3.029300 0.285200
vt -3.017600 0.168000
vt -3.011700 0.283200
vt -0.474600 0.347700
vt -0.453100 0.347700
vt -0.443400 0.355500
vt -0.437500 0.378900
vt -0.474600 0.378900
vt -0.511700 0.378900
vt -0.505900 0.355500
vt -0.496100 0.347700
vt 0.972700 0.800800
vt 0.984400 0.710900
vt 0.808600 0.752000
vt 0.785200 0.736300
vt 0.800800 0.746100
vt 0.808600 0.683600
vt 0.822300 0.664100
vt 0.988300 0.681600
vt 0.992200 0.654300
vt 1.000000 0.638700
vt 0.996100 0.498000
vt 0.820300 0.500000
vt 0.822300 0.638700
vt 0.824200 0.648400
vt 0.806600 0.668000
vt 0.789100 0.681600
vt 0.796900 0.503900
vt 0.800800 0.642600
vt 0.789100 0.666000
vt 0.787100 0.638700
vt 0.785200 0.505900
vt 0.990200 0.335900
vt 0.980500 0.332000
vt 0.763700 0.330100
vt 0.994100 0.363300
vt 0.757800 0.363300
vt 0.757800 0.373000
vt 0.994100 0.373000
vt 0.757800 0.392600
vt 0.994100 0.392600
vt 0.757800 0.498000
vt 2.970700 0.459000
vt 2.992200 0.447300
vt 2.974600 0.447300
vt 2.992200 0.421900
vt 2.974600 0.421900
vt 2.992200 0.271500
vt 2.974600 0.269500
vt 2.992200 0.072300
vt 2.974600 0.072300
vt 2.992200 0.056600
vt 2.939500 0.062500
vt 2.892600 0.054700
vt 2.978500 0.027300
vt 2.949200 0.005900
vt 2.824200 0.007800
vt 2.824200 0.050800
vt 0.322300 0.978500
vt 0.373000 0.982400
vt 0.423800 0.990200
vt 0.423800 0.994100
vt 0.373000 0.906300
vt 0.490200 0.989300
vt 0.487300 0.996100
vt 0.423800 0.984400
vt 0.423800 0.906300
vt 0.423800 0.902300
vt 0.373000 0.902300
vt 0.373000 0.892600
vt 0.324200 0.892600
vt 0.423800 0.892600
vt 0.470700 0.900400
vt 0.470700 0.904300
vt 0.478500 0.896500
vt 0.482400 0.900400
vt 0.476600 0.890600
vt 0.482400 0.884800
vt 0.464800 0.878900
vt 0.416000 0.878900
vt 0.369100 0.878900
vt 0.322300 0.878900
vt 0.486300 0.890600
vt 0.488300 0.896500
vt 0.488300 0.986300
vt 0.476600 0.984400
vt 0.275400 0.878900
vt 0.273400 0.894500
vt 0.244100 0.878900
vt 0.240200 0.894500
vt 0.224600 0.877000
vt 0.207000 0.876000
vt 0.205100 0.875000
vt 0.373000 0.800800
vt 0.373000 0.787100
vt 0.423800 0.787100
vt 0.423800 0.800800
vt 0.488300 0.787100
vt 0.488300 0.800800
vt 0.416000 0.811500
vt 0.484400 0.806600
vt 0.488300 0.806600
vt 0.275400 0.810500
vt 0.324200 0.810500
vt 0.324200 0.816400
vt 0.365200 0.816400
vt 0.369100 0.810500
vt 0.412100 0.816400
vt 0.475600 0.814500
vt 0.470700 0.875000
vt 0.322300 0.800800
vt 0.218800 0.812500
vt 0.240200 0.812500
vt 0.199200 0.814500
vt 0.222700 0.818400
vt 0.242200 0.818400
vt 0.275400 0.818400
vt 0.267600 0.988300
vt 0.320300 0.994100
vt 0.373000 0.996100
vt 0.423800 0.999000
vt 0.701200 0.672900
vt 0.734400 0.682600
vt 0.668000 0.683600
vt 0.703100 0.566400
vt 0.707000 0.564500
vt 0.713900 0.567400
vt 0.702100 0.567400
vt 0.689000 0.567400
vt 0.687500 0.546900
vt 0.695300 0.544900
vt 0.699200 0.546900
vt 0.707000 0.546900
vt 0.712900 0.548800
vt 0.720700 0.546900
vt 0.721200 0.567400
vt 0.731000 0.567400
vt 0.728500 0.546900
vt 0.736300 0.544900
vt 0.734400 0.564500
vt 0.742200 0.567400
vt 0.740200 0.564500
vt -5.261700 0.303200
vt -5.257800 0.303200
vt -5.257800 0.319300
vt -5.261700 0.319300
vt -5.257800 0.378400
vt -5.261700 0.378400
vt -5.257800 0.389600
vt -5.261700 0.389600
vt -5.265600 0.378400
vt -5.265600 0.389600
vt -5.273400 0.378400
vt -5.273400 0.389600
vt -5.273400 0.303200
vt -5.265600 0.303200
vt -5.265600 0.319300
vt -5.273400 0.319300
vt -5.234400 0.270500
vt -5.210900 0.270500
vt -5.210900 0.281700
vt -5.238300 0.281700
vt -5.210900 0.294400
vt -5.234400 0.294400
vt -5.191400 0.272900
vt -5.136700 0.272900
vt -5.136700 0.289600
vt -5.195300 0.289600
vt -5.136700 0.305200
vt -5.195300 0.304700
vt -5.195300 0.247600
vt -5.195300 0.223600
vt -5.160200 0.222200
vt -5.160200 0.246600
vt -5.132800 0.220700
vt -5.132800 0.245100
vt -5.210900 0.269500
vt -5.207000 0.282200
vt -5.210900 0.295900
vt -5.238300 0.295400
vt -5.238300 0.282200
vt -5.238300 0.269500
vt -1.366200 0.268100
vt -1.377900 0.272000
vt -1.404300 0.240200
vt -1.385700 0.286100
vt -1.394500 0.295400
vt -1.397500 0.298800
vt -1.406300 0.310500
vt -1.427700 0.301300
vt -1.406300 0.352500
vt -1.426800 0.382800
vt -1.404300 0.392600
vt -1.403300 0.402300
vt -1.426800 0.404800
vt -1.426800 0.239300
vt 0.462900 0.875000
vt 0.470700 0.818400
vt 0.468800 0.871100
vt 0.410200 0.818400
vt 0.416000 0.877000
vt 0.371100 0.877000
vt 0.365200 0.818400
vt 0.326200 0.877000
vt 0.324200 0.818400
vt 0.281300 0.877000
vt 0.281300 0.820300
vt 0.250000 0.877000
vt 0.250000 0.820300
vt 0.230500 0.875000
vt 0.230500 0.820300
vt 0.210900 0.871100
vt 0.210900 0.820300
vt 0.212900 0.873000
vt 0.648400 0.564500
vt 0.644500 0.564500
vt 0.646500 0.544900
vt 0.656300 0.544900
vt 0.658200 0.544900
vt 0.654800 0.567400
vt 0.668000 0.544900
vt 0.668000 0.567400
vt 0.679200 0.567400
vt 0.677700 0.546900
vt 0.718800 0.660200
vt 0.714800 0.577100
vt 0.724100 0.577100
vt 0.730500 0.660200
vt 0.731900 0.577100
vt 0.740200 0.658200
vt 0.743200 0.577100
vt 0.753900 0.658200
vt 0.650400 0.660200
vt 0.653800 0.577100
vt 0.667000 0.577100
vt 0.664100 0.662100
vt 0.678200 0.577100
vt 0.679700 0.664100
vt 0.691900 0.577100
vt 0.691400 0.664100
vt 0.707000 0.660200
vt 0.703100 0.577100
vt -1.316400 0.095700
vt -1.320300 0.023400
vt -1.304700 0.023400
vt -1.306600 0.095700
vt -1.294900 0.023400
vt -1.293000 0.095700
vt -1.277300 0.023400
vt -1.275400 0.093800
vt -1.250000 0.093800
vt -1.250000 0.019500
vt -1.224600 0.093800
vt -1.224600 0.019500
vt -1.197300 0.093800
vt -1.201200 0.019500
vt -1.166000 0.089800
vt -1.185500 0.017600
vt -1.168000 0.013700
vt -1.134800 0.013700
vt -1.134800 0.089800
vt -1.107400 0.009800
vt -1.107400 0.089800
vt -1.085900 0.009800
vt -1.080100 0.087900
vt -1.058600 0.009800
vt -1.056600 0.087900
vt -1.039100 0.087900
vt -1.041000 0.009800
vt -1.023400 0.087900
vt -1.029300 0.009800
vt -1.015600 0.087900
vt -1.013700 0.007800
vt -5.136700 0.271500
vt -5.132800 0.289600
vt -5.132800 0.307100
vt -5.195300 0.307100
vt -5.199200 0.289600
vt -5.195300 0.271500
vt -1.446300 0.298800
vt -1.447300 0.233400
vt -1.445300 0.384800
vt -1.444300 0.406700
vt -1.442400 0.418000
vt -5.128900 0.219700
vt -5.160200 0.219200
vt -5.199200 0.222700
vt -5.199200 0.249000
vt -5.160200 0.249000
vt -5.128900 0.246100
vt 1.976600 0.046900
vt 1.972700 0.111300
vt 1.935500 0.043000
vt 1.925800 0.164100
vt 1.916000 0.043000
vt 1.892600 0.310500
vt 1.912100 0.312500
vt 1.890600 0.335900
vt 1.908200 0.337900
vt 1.955100 0.318400
vt 1.951200 0.343800
vt 1.968800 0.166000
vt 1.962900 0.236300
vt 1.957000 0.294900
vt 0.978500 0.335900
vt 0.752000 0.330100
vt 0.968800 0.332000
vt 0.982400 0.363300
vt 0.982400 0.371100
vt 0.982400 0.386700
vt -1.367200 0.234900
vt 0.892600 0.833000
vt 0.888700 0.831100
vt 0.886700 0.825200
vt 0.892600 0.811500
vt 0.900400 0.807600
vt 0.921900 0.835000
vt 0.941400 0.807600
vt 0.929700 0.836900
vt 0.951200 0.836900
vt 0.959000 0.835000
vt 0.982400 0.807600
vt 0.988300 0.835000
vt 0.988300 0.811500
vt 0.994100 0.825200
vt 0.992200 0.831100
vt -4.171900 0.905300
vt -4.171900 0.913100
vt -4.175800 0.913100
vt -4.003900 0.058600
vt -4.003900 0.064500
vt -4.039100 0.064500
vt -4.039100 0.058600
vt -4.003900 0.054700
vt -4.039100 0.054700
vt -4.003900 0.046900
vt -4.039100 0.046900
vt -4.003900 0.043000
vt -4.039100 0.043000
vt -4.003900 0.037100
vt -4.039100 0.037100
vt -4.003900 0.033200
vt -4.039100 0.033200
vt -4.003900 0.027300
vt -4.039100 0.027300
vt -4.003900 0.021500
vt -4.039100 0.021500
vt 0.119100 0.980500
vt 0.101600 0.970700
vt 0.066400 0.894500
vt -4.175800 0.905300
vt -4.203100 0.905300
vt -4.203100 0.913100
vt -4.347700 0.738300
vt -4.347700 0.750000
vt -4.355500 0.754900
vt -4.378900 0.730500
vt -4.371100 0.723600
vt -4.359400 0.723600
vt -4.375000 0.752000
vt -4.367200 0.756800
vt -4.378900 0.740200
vt -4.351600 0.730500
vt -4.214800 0.905300
vt -4.214800 0.913100
vt -4.171900 0.896500
vt -4.179700 0.896500
vt -4.187500 0.896500
vt -4.546900 0.919900
vt -4.543000 0.916000
vt -4.543000 0.911100
vt -4.195300 0.897500
vt -4.543000 0.906300
vt -4.203100 0.897500
vt -4.543000 0.901400
vt -4.214800 0.896500
vt -4.543000 0.897500
vt 0.312500 0.638700
vt 0.312500 0.594700
vt 0.311500 0.595700
vt 0.770500 0.114300
vt 0.733400 0.114300
vt 0.734400 0.101600
vt 0.769500 0.102500
vt 0.805700 0.100600
vt 0.807600 0.113300
vt 0.809600 0.121100
vt 0.770500 0.122100
vt 0.732400 0.122100
vt 0.702100 0.111300
vt 0.709000 0.096700
vt 0.695300 0.108400
vt 0.701200 0.091800
vt 0.700200 0.118200
vt 0.751000 0.138700
vt 0.809600 0.137700
vt 0.829100 0.118200
vt 0.676800 0.139600
vt 0.691400 0.115200
vt 0.690400 0.103500
vt 0.695300 0.084000
vt 0.682600 0.083000
vt 0.690400 0.067400
vt 0.678700 0.066400
vt 0.686500 0.045900
vt 0.751000 0.157200
vt 0.675800 0.155300
vt 0.555700 0.155300
vt 0.555700 0.139600
vt 0.554700 0.109400
vt 0.551800 0.109400
vt 0.551800 0.076200
vt 0.551800 0.158200
vt 0.556600 0.170900
vt 0.551800 0.170900
vt 0.555700 0.161100
vt 0.553700 0.159200
vt 0.551800 0.139600
vt 0.684600 0.106400
vt 0.656300 0.109400
vt 0.554700 0.075200
vt 0.551800 0.047900
vt 0.554700 0.046900
vt 0.551800 0.021500
vt 0.554700 0.021500
vt 0.657200 0.075200
vt 0.657200 0.046900
vt 0.659200 0.021500
vt 0.551800 0.015600
vt 0.554700 0.014600
vt 0.657200 0.013700
vt 0.669900 0.012700
vt 0.669900 0.021500
vt 0.670900 0.046900
vt 0.673800 0.066400
vt 0.676800 0.083000
vt 0.673800 0.015600
vt 0.674800 0.020500
vt 0.675800 0.046900
vt 0.682600 0.013700
vt 0.680700 0.006800
vt 0.670900 0.010700
vt 0.668900 0.007800
vt 0.679700 0.003900
vt 0.844700 0.068400
vt 0.851600 0.069300
vt 0.848600 0.085900
vt 0.841800 0.085000
vt 0.835900 0.102500
vt 0.840800 0.107400
vt 0.835900 0.114300
vt 0.831100 0.108400
vt 0.823200 0.091800
vt 0.830100 0.082000
vt 0.835000 0.067400
vt 0.838900 0.044900
vt 0.848600 0.045900
vt 0.839800 0.017600
vt 0.823200 0.111300
vt 0.816400 0.097700
vt 0.873000 0.069300
vt 0.922900 0.070300
vt 0.922900 0.086900
vt 0.873000 0.086900
vt 0.874000 0.108400
vt 0.847700 0.139600
vt 0.873000 0.139600
vt 0.921900 0.109400
vt 0.921900 0.139600
vt 0.921900 0.158200
vt 0.862300 0.158200
vt 0.809600 0.157200
vt 0.938500 0.139600
vt 0.938500 0.156300
vt 0.938500 0.109400
vt 0.939500 0.087900
vt 0.853500 0.045900
vt 0.874000 0.047900
vt 0.920900 0.049800
vt 0.942400 0.070300
vt 0.943400 0.049800
vt 0.917000 0.024400
vt 0.948200 0.070300
vt 0.949200 0.087900
vt 0.849600 0.016600
vt 0.854500 0.015600
vt 0.854500 0.019500
vt 0.875000 0.016600
vt 0.875000 0.020500
vt 0.917000 0.019500
vt 0.936500 0.025400
vt 0.937500 0.029300
vt 0.951200 0.048800
vt 0.944300 0.027300
vt 0.941400 0.024400
vt 0.854500 0.011700
vt 0.842800 0.006800
vt 0.840800 0.013700
vt 0.848600 0.018600
vt 0.948200 0.171900
vt 0.942400 0.169900
vt 0.941400 0.165000
vt 0.945300 0.164100
vt 0.675800 0.170900
vt 0.675800 0.161100
vt 0.751000 0.162100
vt 0.751000 0.171900
vt 0.809600 0.163100
vt 0.809600 0.171900
vt 0.863300 0.164100
vt 0.863300 0.171900
vt 0.921900 0.170900
vt 0.921900 0.164100
vt 0.939500 0.170900
vt 0.163500 0.043000
vt 0.153900 0.054200
vt 0.141100 0.038600
vt 0.148100 0.031300
vt 0.156900 0.015600
vt 0.172900 0.025400
vt 0.192400 0.041500
vt 0.193600 0.047400
vt 0.187600 0.067400
vt 0.175700 0.082000
vt 0.139800 0.065900
vt 0.160800 0.093300
vt 0.191400 0.018600
vt 0.193400 0.013700
vt 0.203100 0.015600
vt 0.157200 0.093800
vt 0.169900 0.089800
vt 0.176800 0.097700
vt 0.188500 0.087900
vt 0.180700 0.081100
vt 0.196300 0.065400
vt 0.187500 0.064500
vt 0.190400 0.042000
vt 0.200200 0.042000
vt 0.202100 0.018600
vt 0.180700 0.102500
vt 0.194300 0.090800
vt 0.220700 0.097700
vt 0.202100 0.066400
vt 0.205100 0.043000
vt 0.207000 0.021500
vt 0.209000 0.015600
vt 0.228500 0.016600
vt 0.223600 0.022500
vt 0.221700 0.043900
vt 0.220700 0.068400
vt 0.220700 0.134800
vt 0.184600 0.135700
vt 0.206100 0.144500
vt 0.127900 0.142600
vt 0.220700 0.148400
vt 0.079100 0.141600
vt 0.034200 0.141600
vt 0.047900 0.137700
vt 0.085000 0.136700
vt 0.128900 0.135700
vt 0.165000 0.106400
vt 0.161100 0.100600
vt 0.053700 0.099600
vt 0.049800 0.096700
vt 0.061500 0.093800
vt 0.060500 0.102500
vt 0.065400 0.110400
vt 0.110400 0.109400
vt 0.111300 0.103500
vt 0.110400 0.096700
vt 0.072300 0.094700
vt 0.046900 0.080100
vt 0.054700 0.089800
vt 0.042000 0.100600
vt 0.030300 0.083000
vt 0.038100 0.082000
vt 0.034200 0.074200
vt 0.043000 0.072300
vt 0.027300 0.051800
vt 0.036100 0.049800
vt 0.025400 0.020500
vt 0.018600 0.021500
vt 0.020500 0.055700
vt 0.027300 0.074200
vt 0.033200 0.019500
vt 0.012700 0.081100
vt 0.017600 0.104500
vt 0.023400 0.135700
vt 0.047900 0.104500
vt 0.009800 0.060500
vt 0.003900 0.082000
vt 0.007800 0.106400
vt 0.012700 0.134800
vt 0.016600 0.139600
vt 0.008800 0.022500
vt 0.001000 0.023400
vt 0.002000 0.062500
vt 0.056600 0.108400
vt 0.720700 0.510700
vt 0.716800 0.509800
vt 0.717800 0.515600
vt 0.719700 0.530300
vt 0.741200 0.534200
vt 0.715800 0.490200
vt 0.711900 0.490200
vt 0.709000 0.490200
vt 0.712900 0.509800
vt 0.711900 0.509800
vt 0.710900 0.527300
vt 0.713900 0.541000
vt 0.723600 0.541000
vt 0.747100 0.543000
vt 0.707000 0.490200
vt 0.696300 0.373000
vt 0.700200 0.373000
vt 0.709000 0.257800
vt 0.709000 0.373000
vt 0.717800 0.373000
vt 0.748000 0.493200
vt 0.743200 0.515600
vt 0.715800 0.257800
vt 0.711900 0.257800
vt 0.857400 0.373000
vt 0.799800 0.373000
vt 0.795900 0.495100
vt 0.754900 0.373000
vt 0.748000 0.254900
vt 0.720700 0.235400
vt 0.716800 0.236300
vt 0.795900 0.252900
vt 0.743200 0.229500
vt 0.717800 0.230500
vt 0.712900 0.236300
vt 0.711900 0.236300
vt 0.707000 0.257800
vt 0.740200 0.223600
vt 0.793900 0.217800
vt 0.798800 0.204100
vt 0.741200 0.210000
vt 0.719700 0.213900
vt 0.710900 0.216800
vt 0.713900 0.203100
vt 0.723600 0.203100
vt 0.747100 0.200200
vt 0.804700 0.195300
vt 0.865200 0.202100
vt 0.867200 0.194300
vt 0.966800 0.195300
vt 0.966800 0.198200
vt 0.980500 0.195300
vt 0.995100 0.196300
vt 0.981400 0.198200
vt 0.969700 0.201200
vt 0.964800 0.205100
vt 0.943400 0.213900
vt 0.990200 0.206100
vt 0.987300 0.217800
vt 0.992200 0.207000
vt 0.989300 0.217800
vt 0.987300 0.235400
vt 0.996100 0.202100
vt 0.998000 0.198200
vt 0.995100 0.198200
vt 0.987300 0.510700
vt 0.985400 0.510700
vt 0.987300 0.526400
vt 0.983400 0.491200
vt 0.933600 0.496100
vt 0.930700 0.373000
vt 0.975600 0.373000
vt 0.983400 0.256800
vt 0.984400 0.256800
vt 0.985400 0.235400
vt 0.939500 0.230500
vt 0.933600 0.251000
vt 0.984400 0.491200
vt 0.977500 0.373000
vt 0.942400 0.220700
vt 0.876000 0.218800
vt 0.859400 0.214800
vt 0.861300 0.218800
vt 0.795900 0.222700
vt 0.857400 0.251000
vt 0.942400 0.215800
vt 0.857400 0.496100
vt 0.859400 0.529300
vt 0.876000 0.525400
vt 0.861300 0.525400
vt 0.795900 0.521500
vt 0.943400 0.530300
vt 0.942400 0.528300
vt 0.865200 0.541000
vt 0.798800 0.540000
vt 0.793900 0.526400
vt 0.740200 0.520500
vt 0.964800 0.539100
vt 0.804700 0.546900
vt 0.867200 0.547900
vt 0.966800 0.546900
vt 0.966800 0.544900
vt 0.980500 0.546900
vt 0.981400 0.544900
vt 0.969700 0.542000
vt 0.990200 0.538100
vt 0.942400 0.523400
vt 0.995100 0.544900
vt 0.995100 0.545900
vt 0.998000 0.544900
vt 0.996100 0.541000
vt 0.992200 0.537100
vt 0.989300 0.526400
vt 0.939500 0.515600
vt 0.128900 0.109400
vt 0.140600 0.117200
vt 0.128900 0.123000
vt 0.548800 0.229500
vt 0.544900 0.229500
vt 0.545900 0.202100
vt 0.548800 0.202100
vt 0.548800 0.168000
vt 0.544900 0.138200
vt 0.547900 0.138200
vt 0.547400 0.156300
vt 0.544900 0.156700
vt 0.546900 0.166000
vt 0.511700 0.203100
vt 0.512700 0.230500
vt 0.543900 0.248000
vt 0.512700 0.248000
vt 0.547900 0.248000
vt 0.548800 0.256800
vt 0.543900 0.256800
vt 0.514600 0.252900
vt 0.512700 0.256800
vt 0.543000 0.139600
vt 0.543900 0.160200
vt 0.532200 0.161100
vt 0.532200 0.139600
vt 0.719700 0.722700
vt 0.722700 0.722700
vt 0.725600 0.723600
vt 0.728500 0.730500
vt 0.727500 0.727500
vt 0.727500 0.733400
vt 0.725600 0.736300
vt 0.713900 0.727500
vt 0.715800 0.723600
vt 0.713900 0.733400
vt 0.719700 0.737300
vt 0.722700 0.737300
vt 0.715800 0.736300
vt 0.712900 0.730500
vt 0.929200 0.653800
vt 0.929700 0.610400
vt 0.940900 0.621100
vt 0.940900 0.599400
vt 0.940900 0.577600
vt 0.930200 0.568400
vt 0.940900 0.556200
vt 0.916500 0.552700
vt 0.917500 0.588600
vt 0.917000 0.632100
vt 0.916500 0.675500
vt 0.929200 0.697300
vt 0.916000 0.719200
vt 0.929200 0.740700
vt 0.916000 0.762300
vt 0.929200 0.783900
vt 0.913100 0.577900
vt 0.913100 0.560800
vt 0.913100 0.599600
vt 0.912600 0.621300
vt 0.912600 0.643100
vt 0.912100 0.665000
vt 0.912100 0.686800
vt 0.911600 0.708300
vt 0.911600 0.730000
vt 0.911100 0.751500
vt 0.911100 0.773200
vt 0.911100 0.794700
vt 0.916000 0.805800
vt 0.911100 0.816400
vt 0.911600 0.837900
vt 0.916000 0.848800
vt 0.929200 0.827400
vt 0.929200 0.870800
vt 0.916500 0.892300
vt 0.929700 0.914300
vt 0.917000 0.936000
vt 0.929700 0.957800
vt 0.918000 0.975800
vt 0.928700 0.997600
vt 0.940900 0.968600
vt 0.940900 0.990100
vt 0.940900 0.794900
vt 0.940900 0.816700
vt 0.940900 0.838400
vt 0.940900 0.860100
vt 0.940900 0.881800
vt 0.940900 0.903500
vt 0.940900 0.925200
vt 0.940900 0.946900
vt 0.940900 0.751300
vt 0.940900 0.773200
vt 0.940900 0.729700
vt 0.940900 0.708000
vt 0.940900 0.686300
vt 0.940900 0.664600
vt 0.940900 0.642800
vt 0.911600 0.859600
vt 0.912100 0.881300
vt 0.912100 0.903100
vt 0.912600 0.924900
vt 0.913100 0.946700
vt 0.913100 0.964200
vt 0.913100 0.988800
vt 0.492900 0.632800
vt 0.497100 0.656000
vt 0.477100 0.656300
vt 0.515600 0.649400
vt 0.504900 0.628400
vt 0.493200 0.626200
vt 0.515100 0.621100
vt 0.531700 0.637500
vt 0.501500 0.623000
vt 0.482200 0.622600
vt 0.480700 0.628900
vt 0.468500 0.629200
vt 0.457800 0.650400
vt 0.543500 0.621300
vt 0.549300 0.582000
vt 0.554700 0.581100
vt 0.555200 0.602800
vt 0.549300 0.602100
vt 0.525900 0.598600
vt 0.518600 0.609100
vt 0.510300 0.616500
vt 0.513200 0.605700
vt 0.520000 0.596700
vt 0.519500 0.587600
vt 0.525900 0.585900
vt 0.522000 0.574000
vt 0.543000 0.563000
vt 0.547900 0.560300
vt 0.530800 0.546900
vt 0.506800 0.571000
vt 0.503900 0.556600
vt 0.511700 0.566900
vt 0.516100 0.577100
vt 0.514600 0.535400
vt 0.479200 0.553000
vt 0.469500 0.560500
vt 0.456300 0.536100
vt 0.480700 0.559600
vt 0.472200 0.566700
vt 0.491700 0.559300
vt 0.500500 0.561800
vt 0.491900 0.553000
vt 0.495400 0.529500
vt 0.475300 0.529800
vt 0.535200 0.542700
vt 0.517100 0.530300
vt 0.496300 0.523900
vt 0.474400 0.523900
vt 0.453600 0.531000
vt 0.451400 0.526900
vt 0.473600 0.519300
vt 0.497100 0.519300
vt 0.519000 0.525900
vt 0.538100 0.539300
vt 0.552200 0.558100
vt 0.559600 0.580300
vt 0.560100 0.603500
vt 0.548800 0.623800
vt 0.553200 0.626000
vt 0.536100 0.641600
vt 0.539600 0.644800
vt 0.518600 0.654500
vt 0.498000 0.661900
vt 0.476100 0.661900
vt 0.521000 0.658900
vt 0.498800 0.666500
vt 0.475600 0.666500
vt 0.455300 0.655500
vt 0.453100 0.659700
vt 0.437500 0.642800
vt 0.434100 0.646200
vt 0.424300 0.625500
vt 0.441700 0.638700
vt 0.429400 0.622800
vt 0.417200 0.604700
vt 0.423100 0.603800
vt 0.417200 0.582800
vt 0.422900 0.583700
vt 0.458000 0.621800
vt 0.450400 0.611800
vt 0.450200 0.598900
vt 0.446300 0.587200
vt 0.452900 0.587900
vt 0.456100 0.577400
vt 0.456800 0.598400
vt 0.450200 0.575200
vt 0.429000 0.564700
vt 0.440400 0.548100
vt 0.423600 0.562000
vt 0.436300 0.544200
vt 0.461200 0.570100
vt 0.457300 0.564700
vt 0.456500 0.609900
vt 0.462200 0.616900
vt 0.471200 0.623000
vt 0.420200 0.627700
vt 0.412600 0.605500
vt 0.412400 0.582300
vt 0.419400 0.560100
vt 0.432900 0.540800
vt 0.990200 0.599400
vt 0.990200 0.577600
vt 0.946800 0.577600
vt 0.996100 0.599400
vt 0.996100 0.577600
vt 0.996100 0.556200
vt 0.990200 0.555700
vt 0.946800 0.555700
vt 0.946800 0.621100
vt 0.946800 0.642800
vt 0.990200 0.642800
vt 0.990200 0.621100
vt 0.946800 0.599400
vt 0.990200 0.664600
vt 0.946800 0.664600
vt 0.946800 0.686300
vt 0.990200 0.686300
vt 0.946800 0.708000
vt 0.990200 0.708000
vt 0.946800 0.729700
vt 0.946800 0.838400
vt 0.946800 0.860100
vt 0.990200 0.838400
vt 0.946800 0.816700
vt 0.990200 0.816700
vt 0.990200 0.860100
vt 0.990200 0.881800
vt 0.946800 0.881800
vt 0.990200 0.903500
vt 0.946800 0.903500
vt 0.990200 0.925200
vt 0.946800 0.925200
vt 0.996100 0.925200
vt 0.996100 0.903500
vt 0.996100 0.881800
vt 0.996100 0.860100
vt 0.996100 0.838400
vt 0.996100 0.816700
vt 0.996100 0.794900
vt 0.990200 0.794900
vt 0.996100 0.773200
vt 0.990200 0.773200
vt 0.996100 0.751300
vt 0.990200 0.751300
vt 0.996100 0.729700
vt 0.990200 0.729700
vt 0.996100 0.708000
vt 0.946800 0.794900
vt 0.946800 0.773200
vt 0.946800 0.751300
vt 0.946800 0.968700
vt 0.946800 0.946900
vt 0.946800 0.990500
vt 0.990200 0.990500
vt 0.990200 0.968700
vt 0.990200 0.946900
vt 0.996100 0.990100
vt 0.996100 0.968600
vt 0.996100 0.946900
vt 0.387700 0.127900
vt 0.390600 0.129900
vt 0.407200 0.129900
vt 0.390600 0.132800
vt 0.387700 0.134800
vt 0.410200 0.134800
vt 0.407200 0.132800
vt 0.411100 0.135700
vt 0.386700 0.135700
vt 0.413100 0.137700
vt 0.383800 0.137700
vt 0.413100 0.126000
vt 0.411100 0.127000
vt 0.410200 0.127900
vt 0.386700 0.127000
vt 0.383800 0.126000
vt 0.418000 0.121100
vt 0.418900 0.139600
vt 0.322300 0.097700
vt 0.418000 0.093800
vt 0.418000 0.063500
vt 0.321300 0.126000
vt 0.322300 0.138700
vt 0.248000 0.036100
vt 0.243200 0.063500
vt 0.322300 0.063500
vt 0.240200 0.093800
vt 0.241200 0.127000
vt 0.241200 0.137700
vt 0.220700 0.061500
vt 0.225600 0.031300
vt 0.238300 0.020500
vt 0.257800 0.020500
vt 0.322300 0.036100
vt 0.418000 0.036100
vt 0.322300 0.020500
vt 0.418000 0.020500
vt -1.955100 0.908200
vt -1.953100 0.778300
vt -1.946300 0.777300
vt -1.948200 0.907200
vt -0.951200 0.756800
vt -0.951200 0.883800
vt -0.947300 0.889600
vt -0.949200 0.756800
vt -1.954100 0.762700
vt -1.957000 0.889600
vt -1.963900 0.888700
vt -1.960900 0.760700
vt 0.418900 0.145500
vt 0.418000 0.142600
vt 0.322300 0.142600
vt 0.322300 0.144500
vt 0.242200 0.141600
vt 0.242200 0.144500
vt 0.235400 0.142600
vt 0.231400 0.144500
vt -1.959000 0.908200
vt -1.958000 0.833000
vt -1.949200 0.832000
vt -1.950200 0.906300
vt -0.954100 0.744100
vt -0.954100 0.814500
vt -0.947300 0.814500
vt -0.946300 0.744100
vt -1.943400 0.762700
vt -1.945300 0.836900
vt -1.955100 0.835900
vt -1.952100 0.760700
vt -1.952100 0.911100
vt -1.954100 0.917000
vt -1.957000 0.849600
vt -1.949200 0.850600
vt -1.956100 0.730500
vt -1.948200 0.729500
vt -1.948200 0.855500
vt -1.953100 0.854500
vt 0.051800 -0.184600
vt 0.046900 -0.196300
vt 0.037100 -0.166000
vt 0.057600 -0.171900
vt 0.058600 -0.146500
vt 0.037100 -0.163100
vt 0.037100 -0.145500
vt 0.038100 -0.119100
vt 0.057600 -0.117200
vt 0.039100 -0.089800
vt 0.053700 -0.089800
vt 0.046900 -0.073200
vt 0.039100 -0.075200
vt -1.947300 0.917000
vt 0.051800 -0.258800
vt 0.039100 -0.259800
vt 0.039100 -0.243200
vt 0.051800 -0.243200
vt 0.039100 -0.170900
vt 0.052700 -0.170900
vt 0.039100 -0.086900
vt 0.052700 -0.086900
vt 0.322300 0.150400
vt 0.273400 0.150400
vt 0.272500 0.150400
vt 0.239300 0.150400
vt 0.233400 0.150400
vt 0.418000 0.151400
vt 0.407200 0.151400
vt 0.403300 0.151400
vt -1.956100 0.930700
vt -1.958000 0.911100
vt -1.948200 0.908200
vt -1.948200 0.927700
vt -1.958000 0.930700
vt 0.222700 0.137700
vt 0.222700 0.127000
vt 0.220700 0.094700
vt -1.950200 0.931600
vt -1.958000 0.918900
vt -1.951200 0.918900
vt -1.949200 0.930700
vt 0.220700 0.146500
vt 0.228500 0.150400
vt 0.232400 0.153300
vt -1.957000 0.930700
vt 0.043900 -0.087900
vt 0.051800 -0.085000
vt 0.056600 -0.108400
vt 0.036100 -0.108400
vt 0.035200 -0.145500
vt 0.055700 -0.143600
vt -0.954100 0.882800
vt -0.962900 0.891600
vt -0.946300 0.891600
vt 0.036100 -0.189500
vt 0.053700 -0.190400
vt 0.040000 -0.228500
vt 0.058600 -0.226600
vt 0.050800 -0.267600
vt 0.043900 -0.254900
vt 0.043900 -0.266600
vt 0.042000 -0.258800
vt 0.041000 -0.252900
vt -1.944300 0.750000
vt -1.952100 0.750000
vt -1.944300 0.911100
vt -1.957000 0.932600
vt -1.954100 0.728500
vt -1.947300 0.729500
vt -1.951200 0.933600
vt 0.996100 0.664600
vt 0.996100 0.642800
vt 0.996100 0.621100
vt 0.996100 0.686300
vt -1.948200 0.929700
vt -1.956100 0.929700
vt -1.955100 0.733400
vt 0.985400 0.110400
vt 0.985400 0.041000
vt 0.971700 0.041000
vt 0.971700 0.110400
vt 0.985400 0.135700
vt 0.985400 0.047900
vt 0.971700 0.047900
vt 0.971700 0.135700
vt 0.985400 0.019500
vt 0.971700 0.019500
vt 0.985400 0.127000
vt 0.985400 0.123000
vt 0.971700 0.123000
vt 0.971700 0.127000
vt 0.985400 0.005900
vt 0.971700 0.005900
vt 0.958000 0.005900
vt 0.968800 0.005900
vt 0.968800 0.012700
vt 0.958000 0.012700
vt 0.968800 0.022500
vt 0.958000 0.022500
vt 0.958000 0.127000
vt 0.968800 0.127000
vt 0.958000 0.123000
vt 0.968800 0.123000
vt 0.958000 0.135700
vt 0.968800 0.135700
vt 0.968800 0.019500
vt 0.958000 0.019500
vt 0.958000 0.047900
vt 0.968800 0.047900
vt 0.958000 0.041000
vt 0.968800 0.041000
vt 0.968800 0.110400
vt 0.958000 0.110400
vt 0.958000 0.016600
vt 0.968800 0.016600
vt 0.968800 0.111300
vt 0.958000 0.111300
vt 0.968800 0.130900
vt 0.958000 0.130900
vt 0.968800 0.144500
vt 0.958000 0.144500
vt 0.968800 0.160200
vt 0.958000 0.160200
vt 0.968800 0.173800
vt 0.958000 0.173800
vt 0.989300 0.012700
vt 0.989300 0.005900
vt 0.998000 0.005900
vt 0.998000 0.012700
vt 0.989300 0.022500
vt 0.998000 0.022500
vt -1.948200 0.733400
vt 0.989300 0.127000
vt 0.998000 0.127000
vt 0.989300 0.123000
vt 0.998000 0.123000
vt 0.989300 0.135700
vt 0.998000 0.135700
vt 0.998000 0.019500
vt 0.989300 0.019500
vt 0.989300 0.047900
vt 0.998000 0.047900
vt 0.989300 0.041000
vt 0.998000 0.041000
vt 0.998000 0.110400
vt 0.989300 0.110400
vt 0.989300 0.016600
vt 0.998000 0.016600
vt 0.998000 0.111300
vt 0.989300 0.111300
vt 0.998000 0.130900
vt 0.989300 0.130900
vt 0.998000 0.144500
vt 0.989300 0.144500
vt 0.998000 0.160200
vt 0.989300 0.160200
vt 0.998000 0.173800
vt 0.989300 0.173800
vt 0.985400 0.003900
vt 0.985400 0.011700
vt 0.971700 0.011700
vt 0.971700 0.003900
vt 0.985400 0.173800
vt 0.971700 0.173800
vt 0.971700 0.160200
vt 0.985400 0.160200
vt 0.971700 0.144500
vt 0.985400 0.144500
vt 0.971700 0.130900
vt 0.985400 0.130900
vt 0.971700 0.111300
vt 0.985400 0.111300
vt 0.971700 0.016600
vt 0.985400 0.016600
vt 0.985400 0.022500
vt 0.971700 0.022500
vt 0.971700 0.012700
vt 0.985400 0.012700
vt 0.992200 0.043900
vt 0.996100 0.043900
vt 0.996100 0.046900
vt 0.992200 0.046900
vt 0.988300 0.043900
vt 0.988300 0.046900
vt 0.984400 0.043900
vt 0.984400 0.046900
vt 0.979500 0.043900
vt 0.979500 0.046900
vt 0.975600 0.043900
vt 0.975600 0.046900
vt 0.971700 0.043900
vt 0.971700 0.046900
vt -0.958000 0.736300
vt -0.949200 0.928700
vt -0.953100 0.737300
vt 0.980500 0.127900
vt 0.980500 0.119100
vt 0.984400 0.119100
vt 0.984400 0.127900
vt 0.988300 0.119100
vt 0.976600 0.127900
vt 0.976600 0.119100
vt 0.976600 0.136700
vt 0.980500 0.136700
vt 0.984400 0.136700
vt 0.988300 0.127900
vt 0.992200 0.119100
vt 0.971700 0.127900
vt 0.971700 0.119100
vt 0.971700 0.136700
vt 0.971700 0.147500
vt 0.976600 0.147500
vt 0.980500 0.147500
vt 0.984400 0.147500
vt 0.988300 0.136700
vt 0.992200 0.127900
vt 0.996100 0.119100
vt 0.996100 0.127900
vt 0.992200 0.136700
vt 0.988300 0.147500
vt 0.996100 0.136700
vt 0.992200 0.147500
vt 0.996100 0.147500
vt 0.976600 0.160200
vt 0.976600 0.085000
vt 0.980500 0.089800
vt 0.980500 0.160200
vt 0.984400 0.091800
vt 0.984400 0.160200
vt 0.988300 0.089800
vt 0.988300 0.160200
vt 0.992200 0.085000
vt 0.971700 0.082000
vt 0.971700 0.168900
vt 0.976600 0.168900
vt 0.980500 0.168900
vt 0.984400 0.168900
vt 0.988300 0.168900
vt 0.992200 0.160200
vt 0.996100 0.081100
vt 0.996100 0.160200
vt 0.992200 0.168900
vt 0.996100 0.168900
vt -0.949200 0.914100
vt 0.988300 0.038100
vt 0.988300 0.048800
vt 0.984400 0.048800
vt 0.992200 0.038100
vt 0.992200 0.030300
vt 0.996100 0.030300
vt 0.971700 0.076200
vt 0.971700 0.068400
vt 0.975600 0.068400
vt 0.975600 0.054700
vt 0.979500 0.054700
vt 0.979500 0.048800
vt 0.984400 0.038100
vt 0.988300 0.030300
vt 0.971700 0.054700
vt 0.975600 0.048800
vt 0.979500 0.038100
vt 0.984400 0.030300
vt 0.971700 0.048800
vt 0.975600 0.038100
vt 0.979500 0.030300
vt 0.971700 0.038100
vt 0.975600 0.030300
vt 0.971700 0.030300
vt -0.954100 0.927700
vt 0.975600 0.085000
vt 0.975600 0.112300
vt 0.971700 0.112300
vt 0.971700 0.085000
vt 0.975600 0.076200
vt 0.979500 0.068400
vt 0.984400 0.054700
vt 0.996100 0.038100
vt 0.992200 0.048800
vt 0.988300 0.054700
vt 0.984400 0.068400
vt 0.979500 0.076200
vt 0.996100 0.048800
vt 0.992200 0.054700
vt 0.988300 0.068400
vt 0.984400 0.076200
vt 0.996100 0.054700
vt 0.992200 0.068400
vt 0.988300 0.076200
vt 0.996100 0.068400
vt 0.992200 0.076200
vt 0.996100 0.076200
vt 0.979500 0.085000
vt 0.984400 0.085000
vt 0.988300 0.085000
vt 0.996100 0.085000
vt 0.996100 0.112300
vt 0.992200 0.112300
vt 0.988300 0.112300
vt 0.984400 0.112300
vt 0.979500 0.112300
vt 0.979500 0.160200
vt 0.979500 0.088900
vt 0.975600 0.160200
vt 0.975600 0.084000
vt 0.975600 0.168900
vt 0.979500 0.168900
vt 0.971700 0.081100
vt 0.971700 0.174800
vt 0.975600 0.174800
vt 0.979500 0.174800
vt 0.984400 0.174800
vt 0.996100 0.082000
vt 0.988300 0.174800
vt 0.992200 0.174800
vt 0.996100 0.174800
vt 0.979500 0.119100
vt 0.986300 0.103500
vt 0.968800 0.103500
vt 0.975600 0.119100
vt 0.957000 0.115200
vt 0.972700 0.122100
vt 0.956100 0.131800
vt 0.972700 0.127000
vt 0.968800 0.145500
vt 0.974600 0.129900
vt 0.985400 0.145500
vt 0.979500 0.129900
vt 0.998000 0.132800
vt 0.982400 0.127000
vt 0.999000 0.116200
vt 0.982400 0.122100
vt 0.984400 0.060500
vt 0.984400 0.165000
vt 0.989300 0.165000
vt 0.989300 0.060500
vt 0.995100 0.165000
vt 0.995100 0.060500
vt 1.000000 0.165000
vt 1.000000 0.060500
vt 0.959000 0.060500
vt 0.959000 0.165000
vt 0.963900 0.165000
vt 0.963900 0.060500
vt 0.969700 0.165000
vt 0.969700 0.060500
vt 0.974600 0.165000
vt 0.974600 0.060500
vt 0.979500 0.165000
vt 0.979500 0.060500
vt 0.967800 0.170900
vt 0.991200 0.170900
vt 0.991200 0.154300
vt 0.967800 0.154300
vt 0.967800 0.196300
vt 0.991200 0.196300
vt 0.991200 0.003900
vt 0.967800 0.003900
vt -1.958000 0.922900
vt -1.950200 0.923800
vt 0.991200 0.162100
vt 0.967800 0.162100
vt 0.967800 0.178700
vt 0.991200 0.178700
vt 0.967800 0.186500
vt 0.991200 0.186500
vt 0.967800 0.011700
vt 0.991200 0.011700
vt -1.950200 0.932600
vt 0.052700 1.724600
vt 0.040000 1.725600
vt 0.042000 1.767600
vt 0.041000 1.801800
vt 0.052700 1.869100
vt 0.041000 1.835900
vt 0.040000 1.869100
vt 0.039100 1.894500
vt 0.051800 1.893600
vt 0.039100 1.915000
vt 0.050800 1.915000
vt 0.039100 1.927700
vt 0.051800 1.927700
vt 0.032200 1.931600
vt 0.049800 1.934600
vt 3.048800 0.614300
vt 3.238300 0.614300
vt 3.242200 0.620100
vt 3.048800 0.627900
vt 3.238300 0.627000
vt -1.955100 0.727500
vt -1.946300 0.726600
vt 3.005900 -0.400400
vt 3.005900 -0.377900
vt 3.015600 -0.369100
vt 3.011700 -0.404300
vt 3.191400 -0.404300
vt 3.191400 -0.378900
vt 3.234400 0.593800
vt 3.242200 0.563500
vt 3.048800 0.563500
vt 3.048800 0.593800
vt 3.056600 -0.393600
vt 3.203100 -0.393600
vt 3.203100 -0.409200
vt 3.056600 -0.409200
vt 3.238300 0.591800
vt 3.248000 0.591800
vt 3.248000 0.614300
vt 3.242200 0.585000
vt 3.048800 0.591800
vt 3.203100 -0.367200
vt 3.056600 -0.367200
vt 3.275400 0.591800
vt 3.275400 0.614300
vt -0.950200 0.730500
vt -0.954100 0.727500
vt 0.047900 0.934600
vt 0.047900 0.729500
vt 0.045900 0.729500
vt 0.045900 0.934600
vt 0.045900 0.924800
vt 0.047900 0.924800
vt 0.047900 0.917000
vt 0.045900 0.917000
vt 0.047900 0.730500
vt 0.045900 0.730500
vt 0.041000 0.730500
vt 0.041000 0.917000
vt 0.041000 0.924800
vt 0.047900 0.815400
vt 0.045900 0.815400
vt 0.045900 0.823200
vt 0.047900 0.823200
vt 0.045900 0.874000
vt 0.047900 0.874000
vt 0.045900 0.881800
vt 0.047900 0.881800
vt 0.053700 0.881800
vt 0.053700 0.874000
vt 0.053700 0.823200
vt 0.053700 0.815400
vt -1.958000 0.913100
vt -1.951200 0.914100
vt 0.045900 0.727500
vt 0.044900 0.727500
vt 0.044900 0.929700
vt 0.045900 0.929700
vt 0.051800 0.929700
vt 0.051800 0.727500
vt 0.043900 0.933600
vt 0.044900 0.933600
vt 0.044900 0.728500
vt 0.043900 0.728500
vt 0.043000 0.891600
vt 0.044900 0.891600
vt 0.044900 0.880900
vt 0.043000 0.880900
vt 0.044900 0.828100
vt 0.043000 0.828100
vt 0.044900 0.816400
vt 0.043000 0.816400
vt 0.043900 0.730500
vt 0.042000 0.730500
vt 0.042000 0.918000
vt 0.043900 0.918000
vt 0.042000 0.928700
vt 0.043900 0.928700
vt 0.041000 0.731400
vt 0.044900 0.927700
vt 0.048800 0.927700
vt 0.041000 0.794900
vt 0.040000 0.798800
vt 0.047900 0.804700
vt 0.051800 0.800800
vt 0.050800 0.812500
vt 0.055700 0.812500
vt 0.050800 0.864300
vt 0.055700 0.866200
vt 0.045900 0.871100
vt 0.047900 0.877000
vt 0.049800 0.924800
vt 0.049800 0.743200
vt 0.045900 0.743200
vt 2.201200 0.631800
vt 2.019500 0.631800
vt 2.019500 0.622100
vt 2.201200 0.622100
vt 2.244100 0.589800
vt 2.244100 0.622100
vt 2.201200 0.589800
vt 2.019500 0.589800
vt 2.000000 0.589800
vt 2.000000 0.622100
vt 2.000000 0.631800
vt 2.824200 0.915000
vt 2.824200 0.862300
vt 2.810500 0.854500
vt 2.804700 0.938500
vt 2.736300 0.936500
vt 2.740200 0.856400
vt 2.039100 0.565400
vt 2.109400 0.565400
vt 2.109400 0.583000
vt 2.039100 0.583000
vt 2.109400 0.589800
vt 2.039100 0.589800
vt 2.039100 0.631800
vt 2.109400 0.631800
vt 2.109400 0.649400
vt 2.039100 0.649400
vt 2.255900 0.622100
vt 2.250000 0.627000
vt 2.244100 0.631800
vt 2.039100 0.622100
vt 2.109400 0.622100
vt 2.244100 0.649400
vt 2.201200 0.649400
vt 2.019500 0.649400
vt 2.000000 0.649400
vt 0.033200 0.407200
vt 0.026400 0.407200
vt 0.025400 0.430700
vt 0.035200 0.430700
vt 0.023400 0.441400
vt 0.026400 0.441400
vt 0.026400 0.430700
vt 0.020500 0.430700
vt 0.026400 0.406300
vt 0.018600 0.420900
vt 0.018600 0.406300
vt -1.944300 0.756800
vt -1.946300 0.764600
vt -1.953100 0.765600
vt 0.024400 0.407200
vt 0.020500 0.407200
vt 0.021500 0.430700
vt 0.023400 0.430700
vt 0.037100 0.406300
vt 0.027300 0.406300
vt 0.028300 0.419900
vt 0.037100 0.420900
vt 0.027300 0.429700
vt 0.035200 0.429700
vt 0.028300 0.440400
vt 0.032200 0.440400
vt 0.033200 0.423800
vt 0.039100 0.421900
vt 0.039100 0.414100
vt 0.032200 0.412100
vt 0.027300 0.441400
vt 0.031300 0.440400
vt 0.030300 0.431600
vt 0.024400 0.432600
vt 0.028300 0.424800
vt 0.021500 0.422900
vt 0.027300 0.412100
vt 0.020500 0.410200
vt 0.016600 0.417000
vt 0.017600 0.425800
vt 0.020500 0.426800
vt 0.019500 0.415000
vt 0.030300 0.414100
vt 0.029300 0.405300
vt 0.025400 0.407200
vt 0.025400 0.414100
vt 0.030300 0.421900
vt 0.025400 0.423800
vt 0.031300 0.432600
vt 0.026400 0.436500
vt -1.953100 0.757800
vt 0.044900 0.600600
vt 0.047900 0.616200
vt 0.146500 0.613300
vt 0.142600 0.599600
vt 0.191400 0.615200
vt 0.170900 0.596700
vt 0.187500 0.599600
vt 0.210900 0.620100
vt 0.208000 0.603500
vt 1.190400 0.618200
vt 1.202100 0.597700
vt 1.141600 0.593800
vt 1.137700 0.617200
vt 1.096700 0.597700
vt 1.099600 0.619100
vt 1.075200 0.602500
vt 1.085000 0.619100
vt 0.676800 0.524400
vt 0.676800 0.543900
vt 0.619100 0.543000
vt 0.621100 0.522500
vt 0.677700 0.479500
vt 0.621100 0.503900
vt 0.622100 0.479500
vt 0.604500 0.541000
vt 0.583000 0.539100
vt 0.583000 0.522500
vt 0.605500 0.525400
vt 0.605500 0.508800
vt 0.583000 0.507800
vt 0.605500 0.485400
vt 0.583000 0.485400
vt -0.946300 0.906300
vt -0.947300 0.896500
vt -0.954100 0.899400
vt 0.674800 0.588900
vt 0.673800 0.588900
vt 0.673800 0.669900
vt 0.675800 0.669900
vt 1.484400 -0.869100
vt 1.487300 -0.871100
vt 1.501000 -0.871100
vt 1.501000 -0.869100
vt 1.514600 -0.871100
vt 1.518600 -0.869100
vt 1.514600 -0.893600
vt 1.518600 -0.893600
vt 1.515600 -0.939500
vt 1.518600 -0.939500
vt 1.515600 -0.968800
vt 1.518600 -0.972700
vt 1.499000 -0.968800
vt 1.499000 -0.972700
vt 1.487300 -0.968800
vt 1.484400 -0.972700
vt 1.487300 -0.939500
vt 1.484400 -0.939500
vt 1.487300 -0.893600
vt 1.484400 -0.893600
vt 0.945300 0.162100
vt 0.941400 0.162100
vt 0.921900 0.162100
vt 0.862300 0.162100
vt 0.809600 0.161100
vt 0.751000 0.161100
vt 0.675800 0.160200
vt 0.555700 0.159200
vt 0.946300 0.156300
vt -0.950200 0.909200
vt 0.239300 0.608400
vt 0.229500 0.600600
vt 0.212900 0.604500
vt 0.214800 0.620100
vt 0.189500 0.606400
vt 0.188500 0.623000
vt 0.049800 0.605500
vt 0.049800 0.621100
vt 0.084000 0.600600
vt 0.082000 0.628900
vt 0.116200 0.627000
vt 0.116200 0.599600
vt 0.156300 0.626000
vt 0.158200 0.597700
vt 0.201200 0.629900
vt 0.212900 0.615200
vt 0.529300 1.014200
vt 0.540000 1.014200
vt 0.546900 1.000500
vt 0.539100 1.002500
vt 0.509800 1.014200
vt 0.519500 1.002500
vt 0.385700 1.014200
vt 0.379900 1.004500
vt 0.227500 1.014200
vt 0.231400 1.003500
vt -1.959000 0.896500
vt -1.952100 0.898400
vt 0.087900 1.912100
vt 0.097700 1.911100
vt 0.100600 1.823200
vt 0.089800 1.823200
vt 0.105500 1.769500
vt 0.093800 1.769500
vt 0.107400 1.738300
vt 0.098600 1.729500
vt 0.109400 1.717800
vt 0.099600 1.721700
vt 0.054700 1.418000
vt 0.077100 1.417000
vt 0.071300 1.361300
vt 0.048800 1.363300
vt 0.071300 1.319300
vt 0.047900 1.312500
vt 0.057600 1.270500
vt 0.048800 1.277300
vt 0.093800 1.926800
vt 0.103500 1.929700
vt 0.103500 1.916000
vt 0.093800 1.915000
vt 0.078100 1.915000
vt 0.086900 1.914100
vt 0.086900 1.897500
vt 0.078100 1.900400
vt 0.087900 1.869100
vt 0.079100 1.872100
vt 0.090800 1.821300
vt 0.082000 1.823200
vt 0.096700 1.740200
vt 0.087900 1.743200
vt 0.664100 1.145100
vt 0.669900 1.145300
vt 0.676800 1.143300
vt 0.671400 1.135300
vt 0.687000 1.126100
vt 0.683600 1.110800
vt 0.766600 1.110500
vt 0.775400 1.089500
vt 0.846200 1.075200
vt 0.843800 1.099200
vt 0.901900 1.096700
vt 0.909700 1.074900
vt 0.944300 1.104300
vt 0.903800 1.110200
vt 0.809600 0.658200
vt 0.805700 0.635700
vt 0.792000 0.622100
vt 0.794900 0.656300
vt 0.712900 0.627000
vt 0.700200 0.653300
vt 0.805700 0.610400
vt 0.792000 0.604500
vt 0.766600 0.604500
vt 0.720700 0.605500
vt 0.695300 0.613300
vt 0.697300 0.609400
vt 0.805700 0.604500
vt 0.687500 0.632800
vt 0.688500 0.653300
vt 0.690400 0.647500
vt 0.701200 0.647500
vt 0.824200 0.718800
vt 0.829100 0.718800
vt 0.829100 0.711900
vt 0.824200 0.710000
vt 0.830100 0.702100
vt 0.826200 0.701200
vt 0.831100 0.689500
vt 0.827100 0.687500
vt 0.834000 0.679700
vt -0.959000 0.004900
vt -0.952100 0.014600
vt -0.957000 0.008800
vt -0.972700 0.001000
vt 0.330100 0.966800
vt 0.328100 0.964800
vt 0.328100 0.960900
vt 0.329100 0.961900
vt 0.899400 0.593800
vt 0.830100 0.590800
vt 0.824200 0.666000
vt 0.898400 0.668900
vt 0.896000 0.587400
vt 0.893600 0.585000
vt 0.840800 0.584000
vt 0.836900 0.583000
vt 0.835900 0.582000
vt 0.864300 0.770500
vt 0.839800 0.770500
vt 0.835900 0.681600
vt 0.860400 0.680700
vt 0.833000 0.770500
vt 0.830100 0.681600
vt 0.846700 0.785200
vt 0.856400 0.783200
vt 0.864300 0.781300
vt 0.833000 0.787100
vt 0.840800 0.691400
vt 0.839800 0.691400
vt 0.837900 0.697300
vt 0.840800 0.697300
vt 0.839800 0.750000
vt 0.836900 0.750000
vt 0.836900 0.752000
vt 0.839800 0.752000
vt 0.662100 0.593500
vt 0.669400 0.593500
vt 0.669900 0.588400
vt 0.662600 0.588100
vt 0.474600 0.722700
vt 0.474600 0.675800
vt 0.497100 0.675800
vt 0.497100 0.722700
vt 0.580100 0.695300
vt 0.496100 0.835900
vt 0.577100 0.675800
vt 0.471700 0.726600
vt 0.580100 0.976600
vt 0.497100 0.948200
vt 0.471700 0.944300
vt 0.468800 0.835900
vt 0.095900 0.422900
vt 0.099000 0.420900
vt 0.095600 0.409200
vt 0.092600 0.412100
vt 0.068900 0.463900
vt 0.109200 0.449200
vt 0.114700 0.443800
vt 0.127300 0.393600
vt 0.094400 0.390600
vt 0.090300 0.389200
vt 0.094700 0.354000
vt 0.090100 0.353000
vt 0.095600 0.319300
vt 0.125900 0.314500
vt 0.128400 0.353500
vt 0.092300 0.318800
vt 0.052200 0.313000
vt 0.049100 0.351600
vt 0.049300 0.392100
vt 0.052800 0.419900
vt 0.057200 0.434600
vt 0.057000 0.291500
vt 0.096300 0.301300
vt 0.099400 0.302700
vt 0.105800 0.290000
vt 0.102300 0.288100
vt 0.063400 0.274900
vt 0.069800 0.259800
vt 0.109800 0.273900
vt 0.114800 0.278800
vt -0.949200 0.884800
vt -0.957000 0.884800
vt 0.012800 0.439900
vt 0.013000 0.551300
vt 0.091600 0.537600
vt 0.091500 0.460900
vt 0.066200 0.421900
vt 0.091500 0.439000
vt 0.060200 0.411100
vt 0.012600 0.366700
vt 0.056000 0.386200
vt 0.055700 0.348600
vt 0.012500 0.311000
vt 0.057800 0.312500
vt 0.065100 0.294400
vt 0.012300 0.260300
vt 0.076700 0.283700
vt 0.091100 0.247600
vt 0.091200 0.276400
vt 0.012500 0.203100
vt 0.091100 0.209500
vt 0.091100 0.189000
vt 0.012400 0.189000
vt 0.821300 0.770500
vt 0.821300 0.811500
vt 0.876000 0.809600
vt 0.884800 0.805700
vt 0.820300 0.757800
vt 0.867200 0.759800
vt 0.866200 0.734400
vt 0.870100 0.778300
vt 0.894500 0.802700
vt 0.894500 0.778300
vt 0.898400 0.799800
vt 0.899400 0.793900
vt 0.902300 0.788100
vt 0.903300 0.783200
vt 0.904300 0.778300
vt 0.902300 0.685500
vt 0.902300 0.679700
vt 0.899400 0.677700
vt 0.889600 0.677700
vt 0.892600 0.687500
vt 0.868200 0.689500
vt 0.819300 0.698200
vt 0.867200 0.710900
vt 0.819300 0.715800
vt 0.820300 0.734400
vt 0.820300 0.678700
vt 0.325200 0.702100
vt 0.397500 0.703100
vt 0.397500 0.690400
vt 0.325200 0.690400
vt 0.397500 0.638700
vt 0.325200 0.641600
vt 0.397500 0.593800
vt 0.335400 0.709200
vt 0.395800 0.709000
vt 0.314500 0.709500
vt 0.312500 0.702100
vt 0.312500 0.690400
vt 0.309600 0.709500
vt 0.325200 0.583000
vt 0.312500 0.583000
vt 0.397500 0.584000
vt 0.397500 0.570300
vt 0.325200 0.569300
vt 0.313500 0.570300
vt -1.959000 0.870100
vt -1.952100 0.872100
vt 0.032200 0.144500
vt 0.026400 0.147500
vt 0.030300 0.149400
vt 0.037100 0.148400
vt -0.207000 0.002000
vt -0.211900 0.004900
vt -0.447300 0.004900
vt -0.447300 0.002000
vt -0.601600 0.004900
vt -0.601600 0.002000
vt -0.718800 0.004900
vt -0.718800 0.001000
vt -0.825200 0.001000
vt -0.825200 0.004900
vt -0.946300 0.004900
vt -0.946300 0.000000
vt -0.975600 0.004900
vt -0.983400 0.001000
vt -0.983400 0.011700
vt 0.523400 0.034200
vt 0.525400 0.035200
vt 0.522500 0.020500
vt 0.544900 0.020000
vt 0.545400 0.049300
vt 0.525400 0.048800
vt 0.525400 0.076200
vt 0.544900 0.076200
vt 0.525400 0.107400
vt 0.544900 0.107900
vt 0.525400 0.137700
vt 0.549300 0.022000
vt 0.549300 0.016100
vt 0.544900 0.015100
vt 0.549300 0.049300
vt 0.548300 0.076200
vt 0.548300 0.107900
vt 0.525400 0.158200
vt 0.525400 0.163100
vt 0.508800 0.163100
vt 0.305200 0.252900
vt 0.303000 0.259800
vt 0.312300 0.260300
vt 0.314000 0.253400
vt 0.513700 0.262700
vt 0.199200 0.217800
vt 0.190300 0.224600
vt 0.237500 0.239700
vt 0.240200 0.232900
vt 0.268800 0.242200
vt 0.266800 0.249000
vt 0.286600 0.248000
vt 0.284900 0.254900
vt 0.296400 0.257800
vt 0.298300 0.251000
vt -1.957000 0.762700
vt -1.950200 0.760700
vt -1.951200 0.783200
vt 0.129200 0.030800
vt 0.131500 0.045900
vt 0.124600 0.048800
vt 0.129000 0.070300
vt 0.104900 0.048300
vt 0.102700 0.071300
vt 0.085600 0.047900
vt 0.074500 0.043900
vt 0.079200 0.046400
vt 0.082800 0.027800
vt 0.106800 0.026900
vt 0.040400 0.072300
vt 0.063000 0.059100
vt 0.051800 0.042000
vt 0.067600 0.032200
vt 0.080700 0.005900
vt 0.108600 0.004400
vt 0.133300 0.007300
vt 0.059500 0.012200
vt 0.041100 0.022500
vt 0.025100 0.033200
vt 0.032600 0.056200
vt 0.079200 0.069300
vt 0.070900 0.066400
vt 0.042900 0.074700
vt 0.052700 0.086900
vt 0.060500 0.093800
vt 0.071300 0.098100
vt 0.101400 0.102500
vt 0.134900 0.102100
vt 0.148800 0.099100
vt 0.310800 0.271500
vt 0.307600 0.289100
vt 0.514600 0.290000
vt 0.307600 0.271500
vt 0.302500 0.262200
vt 0.304700 0.309600
vt 0.294900 0.288100
vt 0.298100 0.280800
vt 0.298100 0.263700
vt 0.287600 0.267600
vt 0.284900 0.266100
vt 0.263700 0.259300
vt 0.295900 0.269500
vt 0.233600 0.249000
vt 0.198200 0.237300
vt 0.187000 0.233400
vt 2.996100 0.040000
vt 2.994100 0.087900
vt 2.970700 0.085900
vt 2.972700 0.038100
vt 2.990200 0.103500
vt 2.990200 0.099600
vt 2.992200 0.099600
vt 2.992200 0.103500
vt 2.992200 0.197300
vt 2.992200 0.201200
vt 2.990200 0.201200
vt 2.990200 0.197300
vt 2.986300 0.197300
vt 2.986300 0.201200
vt 2.980500 0.201200
vt 2.980500 0.197300
vt 2.980500 0.103500
vt 2.980500 0.099600
vt 2.986300 0.099600
vt 2.986300 0.103500
vt 2.968800 0.146500
vt 2.974600 0.146500
vt 2.974600 0.190400
vt 2.968800 0.190400
vt 2.968800 0.099600
vt 2.974600 0.099600
vt 2.974600 0.142600
vt 2.968800 0.142600
vt 2.293000 0.769500
vt 2.294900 0.783200
vt 2.281300 0.782200
vt 2.281300 0.769500
vt 2.269500 0.782200
vt 2.269500 0.769500
vt 2.218800 0.769500
vt 2.218800 0.782200
vt 2.207000 0.782200
vt 2.207000 0.769500
vt 2.291000 0.796900
vt 2.279300 0.794900
vt 2.267600 0.794900
vt 2.255900 0.794900
vt 2.255900 0.782200
vt 2.255900 0.769500
vt -1.957000 0.785200
vt 2.232400 0.782200
vt 2.232400 0.769500
vt 2.244100 0.769500
vt 2.244100 0.782200
vt 2.244100 0.794900
vt 2.232400 0.794900
vt 2.220700 0.793900
vt -0.957000 0.857400
vt -0.949200 0.878900
vt -0.949200 0.859400
vt 2.209000 0.794900
vt 2.197300 0.795900
vt 2.193400 0.783200
vt 2.195300 0.769500
vt 2.103500 0.769500
vt 2.101600 0.792000
vt 2.109400 0.806600
vt 2.115200 0.769500
vt 2.119100 0.792000
vt 3.238300 0.647500
vt 3.048800 0.647500
vt 0.044900 0.901400
vt 0.043000 0.901400
vt 0.043000 0.837900
vt 0.044900 0.837900
vt 0.043000 0.826200
vt 0.044900 0.826200
vt 0.048800 0.730500
vt 0.049800 0.730500
vt 0.049800 0.918000
vt 0.048800 0.918000
vt 0.049800 0.928700
vt 0.048800 0.928700
vt 0.970700 -0.626000
vt 0.978500 -0.626000
vt 0.978500 -0.657200
vt 0.978500 -0.594700
vt 0.970700 -0.594700
vt 0.970700 -0.564500
vt 0.978500 -0.563500
vt 0.970700 -0.533200
vt 0.978500 -0.533200
vt 0.970700 -0.502000
vt 0.978500 -0.501000
vt 0.973600 -0.477500
vt 0.980500 -0.469700
vt 0.977500 -0.468800
vt 0.980500 -0.782200
vt 0.977500 -0.784200
vt 0.973600 -0.774400
vt 0.978500 -0.749000
vt 0.970700 -0.749000
vt 0.978500 -0.718800
vt 0.970700 -0.718800
vt 0.978500 -0.687500
vt 0.970700 -0.687500
vt 0.970700 -0.657200
vt -1.958000 0.839800
vt -1.951200 0.841800
vt 0.033200 0.946300
vt 0.035200 0.972700
vt 0.078100 0.979500
vt 0.116200 0.984400
vt 0.066400 0.950200
vt 0.073200 0.947300
vt 0.116200 0.826200
vt 0.076200 0.826200
vt 0.073200 0.704100
vt 0.116200 0.668000
vt 0.066400 0.702100
vt 0.033200 0.705100
vt 0.078100 0.671900
vt 0.035200 0.678700
vt 0.026400 0.710000
vt 0.028300 0.679700
vt 0.024400 0.714800
vt 0.022500 0.682600
vt 0.019500 0.684600
vt 0.017600 0.691400
vt 0.020500 0.826200
vt 0.015600 0.702100
vt 0.012700 0.714800
vt 0.012700 0.826200
vt 0.012700 0.936500
vt 0.015600 0.950200
vt 0.017600 0.960000
vt 0.024400 0.937500
vt 0.019500 0.966800
vt 0.022500 0.969700
vt 0.028300 0.971700
vt 0.026400 0.942400
vt -0.627000 0.004900
vt -0.627000 0.015600
vt -0.300800 0.014600
vt -0.295900 0.004900
vt 2.000000 0.565400
vt 2.000000 0.583000
vt 2.019500 0.583000
vt 2.019500 0.565400
vt 2.201200 0.583000
vt 2.201200 0.565400
vt 2.250000 0.565400
vt 2.250000 0.583000
vt 2.253900 0.585900
vt 2.255900 0.589800
vt 2.279300 0.565400
vt 2.279300 0.649400
vt -1.950200 0.812500
vt -1.956100 0.813500
vt -0.949200 0.832000
vt -0.957000 0.829100
vt 0.562500 0.199200
vt 0.574200 0.199200
vt 0.574200 0.216800
vt 0.562500 0.217800
vt 0.574200 0.236300
vt 0.562500 0.236300
vt 0.574200 0.264600
vt 0.574200 0.195300
vt 0.558600 0.196300
vt 0.558600 0.217800
vt 0.558600 0.236300
vt 0.558600 0.264600
vt 0.562500 0.265600
vt 0.555700 0.370100
vt 0.607400 0.216800
vt 0.607400 0.200200
vt 0.619100 0.197300
vt 0.579100 0.203100
vt 0.579100 0.216800
vt 0.579100 0.236300
vt 0.579100 0.260700
vt 0.619100 0.263700
vt 0.608400 0.260700
vt 0.684600 0.263700
vt 0.684600 0.372100
vt 0.678700 0.264600
vt 0.678700 0.261700
vt 0.619100 0.260700
vt 0.619100 0.236300
vt 0.607400 0.236300
vt 0.619100 0.216800
vt 0.684600 0.479500
vt 0.678700 0.479500
vt 0.678700 0.372100
vt 0.573200 0.370100
vt 0.619100 0.478500
vt 0.678700 0.480500
vt 0.677700 0.508800
vt 0.683600 0.507800
vt 0.681600 0.526400
vt 0.677700 0.526400
vt 0.619100 0.481400
vt 0.574200 0.478500
vt 0.579100 0.480500
vt 0.608400 0.481400
vt 0.619100 0.507800
vt 0.607400 0.507800
vt 0.607400 0.525400
vt 0.619100 0.525400
vt 0.619100 0.543900
vt 0.607400 0.542000
vt 0.573200 0.543000
vt 0.579100 0.539100
vt 0.573200 0.525400
vt 0.579100 0.525400
vt 0.579100 0.507800
vt 0.573200 0.505900
vt 0.681600 0.548800
vt 0.676800 0.544900
vt 0.619100 0.547900
vt 0.573200 0.546900
vt 0.561500 0.543000
vt 0.561500 0.524400
vt 0.561500 0.504900
vt 0.561500 0.477500
vt 0.556600 0.478500
vt 0.556600 0.504900
vt 0.556600 0.524400
vt 0.556600 0.546900
vt 0.677700 0.234400
vt 0.683600 0.234400
vt 0.681600 0.215800
vt 0.677700 0.216800
vt 0.681600 0.194300
vt 0.676800 0.197300
vt 0.619100 0.194300
vt -1.956100 0.780300
vt -1.949200 0.784200
vt 0.605500 0.256800
vt 0.583000 0.256800
vt 0.583000 0.233400
vt 0.605500 0.232400
vt 0.583000 0.217800
vt 0.605500 0.216800
vt 0.604500 0.202100
vt 0.583000 0.203100
vt 0.791000 0.830100
vt 0.791000 0.884800
vt 0.767600 0.884800
vt 0.767600 0.830100
vt 0.767600 0.771500
vt 0.791000 0.771500
vt 0.805700 0.884800
vt 0.799800 0.884800
vt 0.799800 0.830100
vt 0.811500 0.830100
vt 0.811500 0.880900
vt 0.805700 0.771500
vt 0.799800 0.771500
vt 0.811500 0.777300
vt 0.786100 0.680700
vt 0.780300 0.677700
vt 0.780300 0.684600
vt 0.764600 0.685500
vt 0.762700 0.677700
vt 0.762700 0.685500
vt 0.767600 0.895500
vt 0.766600 0.834000
vt 0.744100 0.834000
vt 0.767600 0.772500
vt 0.772500 0.767600
vt 0.784200 0.765600
vt 0.790000 0.765600
vt 0.786100 0.684600
vt 0.698200 0.834000
vt 0.698200 0.980500
vt 0.712900 0.980500
vt 0.713900 0.834000
vt 0.742200 0.980500
vt 0.762700 0.981400
vt 0.772500 0.901400
vt 0.764600 0.981400
vt 0.784200 0.903300
vt 0.780300 0.984400
vt 0.790000 0.903300
vt 0.786100 0.984400
vt 0.786100 0.988300
vt 0.780300 0.991200
vt 0.762700 0.991200
vt -1.948200 0.868200
vt -1.955100 0.872100
vt -0.949200 0.777300
vt -0.959000 0.774400
vt 0.011700 0.023400
vt 0.009800 0.059600
vt 0.010700 0.084000
vt 0.017600 0.109400
vt 0.032200 0.132800
vt 1.032200 0.298300
vt 1.031300 0.275900
vt 1.075200 0.274900
vt 1.076200 0.299300
vt 1.032200 0.322800
vt 1.077100 0.321800
vt 1.077100 0.456500
vt 1.033200 0.456500
vt 0.305700 0.502900
vt 0.314500 0.502900
vt 0.312500 0.496100
vt 0.513700 0.493200
vt 0.512700 0.499000
vt 0.302700 0.497100
vt 0.310500 0.484400
vt 0.302700 0.494100
vt 0.307600 0.485400
vt 0.297900 0.475600
vt 0.294900 0.466800
vt 0.307600 0.466800
vt 0.290000 0.413100
vt 0.304700 0.411100
vt 0.303700 0.394500
vt 0.290000 0.429700
vt 0.304700 0.429700
vt 0.290000 0.447300
vt 0.304700 0.447300
vt 0.514600 0.465800
vt 0.514600 0.484400
vt 0.514600 0.448200
vt 0.303700 0.377900
vt 0.542000 0.465800
vt 0.543000 0.451200
vt 0.542000 0.485400
vt 0.543900 0.493200
vt 0.543900 0.499000
vt 0.548800 0.499000
vt 0.547900 0.493200
vt 0.546900 0.485400
vt 0.546900 0.465800
vt 0.546900 0.451200
vt 0.543000 0.377900
vt 0.515600 0.377900
vt 0.543000 0.304700
vt 0.514600 0.307600
vt 0.542000 0.290000
vt 0.546900 0.304700
vt 0.546900 0.377900
vt 0.290000 0.309600
vt 0.304700 0.327100
vt 0.304700 0.343800
vt 0.303700 0.361300
vt 0.290000 0.327100
vt 0.290000 0.343800
vt 0.289100 0.361300
vt 0.289100 0.377900
vt 0.289100 0.394500
vt -1.955100 0.742200
vt -1.947300 0.746100
vt 0.062500 1.464800
vt 0.083000 1.462900
vt 0.085000 1.482400
vt 0.070300 1.487300
vt 0.226600 0.983400
vt 0.226600 0.964800
vt 0.247100 0.983400
vt 0.247100 0.830100
vt 0.225600 0.832000
vt 0.247100 0.704100
vt 0.225600 0.690400
vt 0.246100 0.674800
vt 0.296900 0.498000
vt 0.297900 0.493200
vt 0.293000 0.487300
vt 0.288100 0.488300
vt 0.285200 0.490200
vt 0.285200 0.501000
vt 0.263700 0.497100
vt 0.266600 0.506800
vt 0.237300 0.516600
vt 0.233400 0.506800
vt 0.198200 0.519500
vt 0.190400 0.531300
vt 0.187500 0.522500
vt -1.947300 0.904300
vt -1.953100 0.906300
vt 0.117200 0.990200
vt 0.217800 0.994100
vt 0.217800 0.989300
vt 0.117200 0.950200
vt 0.217800 0.832000
vt 0.117200 0.832000
vt 0.117200 0.713900
vt 0.217800 0.674800
vt 0.117200 0.673800
vt 0.217800 0.669900
vt 0.316400 0.964800
vt 0.316400 0.960000
vt 0.306600 0.960900
vt 0.309600 0.981400
vt 0.026400 0.672900
vt 0.045900 0.669900
vt 0.076200 0.665000
vt 0.119100 0.660200
vt 0.001000 0.714800
vt 0.004900 0.696300
vt 0.008800 0.680700
vt 0.012700 0.676800
vt 0.017600 0.675800
vt 0.330100 0.962900
vt 0.324200 0.957000
vt 0.330100 0.957000
vt 0.338900 0.962900
vt 0.339800 0.957000
vt 0.351600 0.957000
vt 0.352500 0.963900
vt 0.361300 0.964800
vt 0.367200 0.958000
vt 0.371100 0.960000
vt 0.369100 0.968800
vt 0.373000 0.962900
vt 0.371100 0.968800
vt 0.823200 0.728500
vt 0.826200 0.724600
vt 0.826200 0.733400
vt 0.823200 0.733400
vt 0.824200 0.741200
vt 0.826200 0.741200
vt 0.826200 0.806600
vt -0.947300 0.744100
vt -0.957000 0.737300
vt -0.283200 0.001000
vt -0.296900 0.008800
vt 0.756800 0.660200
vt 0.687500 0.649400
vt 0.686500 0.660200
vt 0.235400 0.995100
vt 0.235400 0.950200
vt 0.274400 0.947300
vt 0.274400 0.995100
vt 0.303700 0.948200
vt 0.304700 0.995100
vt 0.307600 0.944300
vt -1.951200 0.742200
vt -1.944300 0.743200
vt 0.474600 0.948200
vt 0.497100 0.995100
vt 0.577100 0.995100
vt 0.474600 0.995100
vt 0.589800 0.683600
vt 0.679700 0.683600
vt 0.679700 0.702100
vt 0.589800 0.836900
vt 0.679700 0.836900
vt 0.679700 0.971700
vt 0.589800 0.990200
vt 0.679700 0.990200
vt 0.543000 0.007800
vt 0.543000 0.014600
vt 0.512700 0.014600
vt 0.512700 0.007800
vt 0.373000 0.007800
vt 0.373000 0.014600
vt 0.258800 0.014600
vt 0.258800 0.007800
vt 0.231400 0.014600
vt 0.226600 0.009800
vt 0.739300 0.668900
vt 0.723600 0.579100
vt 0.674800 0.584000
vt 0.671900 0.588600
vt 0.731400 0.594700
vt 0.731400 0.609400
vt 0.755900 0.593800
vt 0.793900 0.668000
vt 0.793000 0.593800
vt 0.816400 0.592800
vt 0.815400 0.668000
vt 0.356400 0.975600
vt 0.335900 0.974600
vt 0.334000 0.958000
vt 0.328100 0.959000
vt 0.322300 0.990200
vt 0.322300 0.959000
vt 0.314500 0.958000
vt 0.307600 0.977500
vt 0.306600 0.959000
vt 0.308600 0.991200
vt 0.415000 0.960900
vt 0.415000 0.973600
vt 0.404300 0.989300
vt 0.405300 0.961900
vt 0.399400 0.957000
vt 0.393600 0.957000
vt 0.396500 0.989300
vt 0.377900 0.958000
vt 0.377900 0.974600
vt 0.356400 0.958000
vt -0.213900 0.007800
vt -0.206100 0.002900
vt -0.206100 0.018600
vt -0.242200 0.002000
vt -0.242200 0.007800
vt -0.361300 0.002900
vt -0.361300 0.007800
vt -0.466800 0.007800
vt -0.466800 0.002900
vt -0.582000 0.002900
vt -0.582000 0.007800
vt -0.732400 0.002900
vt -0.732400 0.007800
vt -0.968800 0.002900
vt -0.963900 0.007800
vt 0.001000 -0.382800
vt 0.001000 -0.415000
vt 0.055700 -0.415000
vt 0.055700 -0.382800
vt 0.114300 -0.382800
vt 0.114300 -0.415000
vt 1.500000 -0.939500
vt 1.500000 -0.893600
vt 0.683600 0.978500
vt 0.682600 0.983400
vt 0.688500 0.989300
vt 0.689500 0.980500
vt 0.691400 0.834000
vt 0.684600 0.834000
vt 0.683600 0.689500
vt 0.689500 0.686500
vt 0.688500 0.679700
vt 0.682600 0.685500
vt -0.307600 0.002900
vt -0.294900 0.001000
vt -0.304700 0.010700
vt -0.316400 0.012700
vt -0.627000 0.011700
vt -0.627000 0.002000
vt -0.948200 0.002900
vt -0.940400 0.012700
vt -0.952100 0.010700
vt -0.960900 0.001000
vt 0.734900 0.605000
vt 0.741700 0.593800
vt 0.759300 0.605200
vt 0.753900 0.587900
vt 0.772500 0.586200
vt 0.796900 0.605200
vt 0.792500 0.586900
vt 0.808600 0.591100
vt 0.815400 0.596700
vt 0.819300 0.605500
vt 0.543900 0.262700
vt 0.514600 0.271500
vt 0.546900 0.290000
vt 0.542000 0.271500
vt 0.546400 0.271000
vt 0.547900 0.262700
vt 0.698200 0.609400
vt 0.826200 0.726600
vt 0.827100 0.727500
vt 0.076200 0.986300
vt 0.119100 0.991200
vt 0.045900 0.982400
vt 0.026400 0.978500
vt 0.017600 0.976600
vt 0.012700 0.974600
vt 0.008800 0.971700
vt 0.004900 0.956100
vt 0.001000 0.937500
vt 0.001000 0.826200
vt -0.001000 0.506800
vt -0.001000 0.522500
vt -0.029300 0.521500
vt -0.030300 0.504900
vt -0.001000 0.489300
vt -0.031300 0.488300
vt -0.002000 0.391600
vt -0.032200 0.391600
vt -0.034200 0.292000
vt -0.003900 0.291000
vt -0.034200 0.276400
vt -0.003900 0.272500
vt -0.033200 0.259800
vt -0.004900 0.257800
vt 0.199200 0.538100
vt 0.240200 0.523400
vt 0.268600 0.513700
vt 0.287100 0.508800
vt 0.298800 0.504900
vt 0.096700 1.700200
vt 0.095700 1.675800
vt 0.102500 1.680700
vt 0.102500 1.703100
vt 0.097700 1.970700
vt 0.091800 1.980500
vt 0.098600 1.980500
vt 0.048800 1.271500
vt 0.056600 1.510700
vt 0.051800 1.494100
vt 0.094700 1.493200
vt 0.107400 1.511700
vt 0.213900 0.992200
vt 0.213900 0.953100
vt 0.343800 0.944300
vt 0.304700 0.835900
vt 0.271500 0.835900
vt 0.307600 0.726600
vt 0.343800 0.726600
vt 0.340800 0.835900
vt 0.380900 0.726600
vt 0.379900 0.835900
vt 0.419900 0.726600
vt 0.418000 0.835900
vt 0.419900 0.944300
vt 0.380900 0.944300
vt 0.584000 0.835900
vt 0.232400 0.835900
vt 0.213900 0.835900
vt 0.235400 0.720700
vt 0.274400 0.723600
vt 0.690400 0.679700
vt 0.691400 0.686500
vt 0.697300 0.678700
vt 0.698200 0.686500
vt 0.692400 0.834000
vt 0.691400 0.980500
vt 0.697300 0.990200
vt 0.690400 0.989300
vt 0.779300 0.894500
vt 0.781300 0.834000
vt 0.783200 0.900400
vt 0.781300 0.898400
vt 0.790000 0.901400
vt 0.622100 0.262700
vt 0.621100 0.237300
vt 0.677700 0.262700
vt 0.621100 0.220700
vt 0.676800 0.217800
vt 0.619100 0.199200
vt 0.676800 0.199200
vt 0.215800 0.144500
vt 0.228500 0.022500
vt 0.235400 0.001000
vt 0.243200 0.011700
vt 0.298800 0.475600
vt 0.089800 1.980500
vt 3.273400 -0.380900
vt 3.252000 -0.380900
vt 3.252000 -0.413100
vt 3.275400 -0.413100
vt 3.275400 -0.385700
vt 2.724600 0.037100
vt 2.800800 0.037100
vt 2.802700 0.041000
vt 2.800800 0.078100
vt 2.720700 0.075200
vt 2.724600 0.078100
vt 2.802700 0.075200
vt 2.720700 0.041000
vt 2.117200 0.765600
vt 2.121100 0.765600
vt 2.121100 0.806600
vt 2.117200 0.806600
vt 2.115200 0.765600
vt 2.115200 0.806600
vt 2.111300 0.765600
vt 2.111300 0.806600
vt 2.107400 0.765600
vt 2.107400 0.806600
vt 2.103500 0.765600
vt 2.103500 0.806600
vt 2.205100 0.807600
vt 2.214800 0.806600
vt 2.226600 0.806600
vt 2.238300 0.806600
vt 2.250000 0.806600
vt 2.261700 0.806600
vt 2.273400 0.806600
vt 2.283200 0.807600
vt 2.994100 0.038100
vt 2.996100 0.085900
vt 2.972700 0.087900
vt 2.970700 0.040000
vt -0.010700 0.164100
vt -0.014600 0.184600
vt -0.031300 0.174800
vt 0.031300 1.931600
vt 0.039100 1.926800
vt 0.205100 0.133800
vt 0.205100 0.147500
vt 0.216800 0.141600
vt 0.002900 0.112300
vt 0.712900 0.686500
vt 0.742200 0.686500
vt 0.980500 0.078100
vt 0.974600 0.078100
vt 0.978500 0.074200
vt 0.971700 0.074200
vt 0.974600 0.070300
vt 0.980500 0.070300
vt 0.983400 0.074200
vt 0.274400 0.675800
vt 0.304700 0.675800
vt 0.303700 0.722700
vt 0.235400 0.675800
vt 0.996100 0.165000
vt 0.992200 0.165000
vt 0.996100 0.140600
vt 0.988300 0.165000
vt 0.996100 0.132800
vt 0.992200 0.140600
vt 0.996100 0.125000
vt 0.992200 0.132800
vt 0.988300 0.140600
vt 0.979500 0.147500
vt 0.984400 0.140600
vt 0.988300 0.132800
vt 0.992200 0.125000
vt 0.975600 0.132800
vt 0.975600 0.125000
vt 0.979500 0.125000
vt 0.979500 0.132800
vt 0.975600 0.140600
vt 0.979500 0.140600
vt 0.975600 0.147500
vt 0.984400 0.132800
vt 0.988300 0.125000
vt 0.984400 0.125000
vt 0.971700 0.132800
vt 0.971700 0.125000
vt 0.971700 0.140600
vt 0.971700 0.165000
vt 0.975600 0.165000
vt 3.275400 -0.412100
vt 3.252000 -0.412100
vt 3.279300 -0.409200
vt 3.252000 -0.383800
vt 3.279300 -0.383800
vt 0.298300 0.280800
vt 0.213900 0.719700
vt 0.213900 0.678700
vt 0.781300 0.770500
vt 0.779300 0.774400
vt 0.790000 0.767600
vt 0.783200 0.768600
vt -0.777300 0.343800
vt -0.754900 0.343800
vt -0.777300 0.331100
vt -0.809600 0.343800
vt -0.809600 0.314500
vt -0.809600 0.448200
vt -0.777300 0.448200
vt -0.743200 0.448200
vt -0.745100 0.351600
vt 0.266600 0.488300
vt 0.263700 0.492200
vt 0.254900 0.496100
vt 0.267600 0.483400
vt 0.252900 0.485400
vt 0.261700 0.484400
vt 0.259800 0.469700
vt 0.267600 0.468800
vt 0.259800 0.453100
vt 0.267600 0.452100
vt 0.252000 0.454100
vt 0.252900 0.471700
vt 0.239300 0.473600
vt 0.239300 0.488300
vt 0.238300 0.457000
vt 0.214800 0.460000
vt 0.215800 0.477500
vt 0.216800 0.491200
vt 0.217800 0.503900
vt 0.241200 0.499000
vt 0.186500 0.505900
vt 0.181600 0.502900
vt 0.183600 0.495100
vt 0.181600 0.483400
vt 0.180700 0.466800
vt 0.180700 0.446300
vt 0.214800 0.440400
vt 0.236300 0.439500
vt 0.250000 0.399400
vt 0.257800 0.399400
vt 0.258800 0.420900
vt 0.250000 0.420900
vt 0.258800 0.437500
vt 0.251000 0.438500
vt 0.235400 0.422900
vt 0.212900 0.422900
vt 0.179700 0.425800
vt 0.178700 0.404300
vt 0.211900 0.401400
vt 0.177700 0.377000
vt 0.267600 0.436500
vt 0.266600 0.419900
vt 0.265600 0.398400
vt 0.256800 0.377000
vt 0.265600 0.377000
vt 0.265600 0.355500
vt 0.257800 0.355500
vt 0.266600 0.335000
vt 0.258800 0.335000
vt 0.267600 0.318400
vt 0.258800 0.317400
vt 0.267600 0.302700
vt 0.259800 0.301800
vt 0.251000 0.316400
vt 0.252000 0.300800
vt 0.250000 0.334000
vt 0.250000 0.354500
vt 0.249000 0.377000
vt 0.234400 0.401400
vt 0.234400 0.377000
vt 0.234400 0.352500
vt 0.235400 0.332000
vt 0.236300 0.315400
vt 0.238300 0.297900
vt 0.211900 0.352500
vt 0.210900 0.377000
vt 0.212900 0.332000
vt 0.178700 0.350600
vt 0.179700 0.330100
vt 0.214800 0.314500
vt 0.214800 0.294900
vt 0.180700 0.308600
vt 0.180700 0.288100
vt 0.252900 0.283200
vt 0.239300 0.281300
vt 0.215800 0.277300
vt 0.181600 0.271500
vt 0.183600 0.259800
vt 0.216800 0.262700
vt 0.239300 0.266600
vt 0.252900 0.268600
vt 0.261700 0.269500
vt 0.259800 0.285200
vt 0.267600 0.286100
vt 0.267600 0.270500
vt 0.254900 0.258800
vt 0.241200 0.255900
vt 0.217800 0.252900
vt 0.186500 0.249000
vt 0.181600 0.252000
vt 0.263700 0.262700
vt 0.266600 0.265600
vt -0.703100 0.198200
vt -0.715800 0.198200
vt -0.703100 0.222700
vt -0.703100 0.167000
vt -0.732400 0.167000
vt -0.594700 0.198200
vt -0.594700 0.233400
vt -0.694300 0.230500
vt -0.594700 0.167000
vt 0.217800 0.502000
vt 0.214800 0.439500
vt 0.181600 0.482400
vt 0.216800 0.490200
vt 0.239300 0.487300
vt 0.239300 0.472700
vt 0.252000 0.470700
vt 0.266600 0.487300
vt 0.235400 0.401400
vt 0.266600 0.468800
vt 0.266600 0.398400
vt 0.235400 0.352500
vt 0.266600 0.286100
vt 0.267600 0.271500
vt 0.252000 0.284200
vt 0.266600 0.266600
vt 0.216800 0.263700
vt 0.239300 0.282200
vt 0.181600 0.272500
vt 0.217800 0.251000
vt 0.266600 0.355500
vt 0.259800 0.278300
vt 0.261700 0.282200
vt 0.263700 0.375000
vt 0.256800 0.276400
vt 0.234400 0.273400
vt 0.231400 0.274400
vt 0.228500 0.375000
vt 0.231400 0.475600
vt 0.234400 0.477500
vt 0.256800 0.473600
vt 0.259800 0.471700
vt 0.261700 0.467800
vt 0.211900 0.377000
vt 0.178700 0.377000
vt 0.178700 0.403300
vt 0.179700 0.424800
vt -0.733400 0.167000
vt -0.716800 0.198200
vt -0.695300 0.231400
vt 0.261700 0.267600
vt 0.263700 0.271500
vt 0.265600 0.374000
vt 0.257800 0.264600
vt 0.233400 0.261700
vt 0.229500 0.262700
vt 0.227500 0.374000
vt 0.229500 0.485400
vt 0.233400 0.488300
vt 0.257800 0.483400
vt 0.261700 0.481400
vt 0.263700 0.477500
s 1
usemtl material_1
f 3400/1/1 3401/2/2 3402/3/3
f 3403/4/4 3404/5/5 3405/6/6
f 3405/6/6 3406/7/7 3403/4/4
f 3407/8/8 3403/4/4 3406/7/7
f 3406/7/7 3408/9/9 3407/8/8
f 3409/10/10 3407/8/8 3408/9/9
f 3408/9/9 3410/11/11 3409/10/10
f 3405/6/6 3404/5/5 3411/12/12
f 3412/13/13 3411/12/12 3404/5/5
f 3404/5/5 3413/14/14 3412/13/13
f 3413/14/14 3404/5/5 3403/4/4
f 3403/4/4 3414/15/15 3413/14/14
f 3414/15/15 3403/4/4 3407/8/8
f 3407/8/8 3415/16/16 3414/15/15
f 3415/16/16 3407/8/8 3409/10/10
f 3409/10/10 3416/17/17 3415/16/16
f 3414/15/15 3415/16/16 3417/18/18
f 3418/19/19 3417/18/18 3415/16/16
f 3415/16/16 3416/17/17 3418/19/19
f 3419/20/20 3418/19/19 3416/17/17
f 3416/17/17 3409/10/10 3419/20/20
f 3420/21/21 3419/20/20 3409/10/10
f 3409/10/10 3410/11/11 3420/21/21
f 3421/22/22 3420/21/21 3410/11/11
f 3410/11/11 3408/9/9 3421/22/22
f 3422/23/23 3421/22/22 3408/9/9
f 3418/19/19 3419/20/20 3423/24/24
f 3423/24/24 3424/25/25 3418/19/19
f 3425/26/26 3426/27/27 3427/28/28
f 3427/28/28 3428/29/29 3425/26/26
f 3429/30/30 3425/26/26 3428/29/29
f 3428/29/29 3430/31/31 3429/30/30
f 3422/23/23 3429/30/30 3430/31/31
f 3430/31/31 3431/32/32 3422/23/23
f 3421/22/22 3422/23/23 3431/32/32
f 3431/32/32 3432/33/33 3421/22/22
f 3420/21/21 3421/22/22 3432/33/33
f 3432/33/33 3433/34/34 3420/21/21
f 3433/34/34 3419/20/20 3420/21/21
f 3434/35/35 3435/36/36 3424/25/25
f 3424/25/25 3423/24/24 3434/35/35
f 3434/35/35 3423/24/24 3436/37/37
f 3436/37/37 3423/24/24 3419/20/20
f 3436/37/37 3419/20/20 3437/38/38
f 3419/20/20 3433/34/34 3437/38/38
f 3437/38/38 3433/34/34 3438/39/39
f 3438/39/39 3433/34/34 3432/33/33
f 3438/39/39 3432/33/33 3329/40/40
f 3330/41/41 3329/40/40 3432/33/33
f 3329/40/40 3328/42/42 3438/39/39
f 3439/43/43 3438/39/39 3328/42/42
f 3438/39/39 3439/43/43 3437/38/38
f 3440/44/44 3437/38/38 3439/43/43
f 3440/44/44 3436/37/37 3437/38/38
f 3440/44/44 3441/45/45 3436/37/37
f 3436/37/37 3441/45/45 3434/35/35
f 3442/46/46 3434/35/35 3441/45/45
f 3435/36/36 3434/35/35 3442/46/46
f 3435/36/36 3442/46/46 3443/47/47
f 3444/48/48 3445/49/49 3446/50/50
f 3447/51/51 3445/49/49 3444/48/48
f 3444/48/48 3448/52/52 3447/51/51
f 3449/53/53 3447/51/51 3448/52/52
f 3448/52/52 3443/47/47 3449/53/53
f 3450/54/54 3449/53/53 3443/47/47
f 3443/47/47 3442/46/46 3450/54/54
f 3451/55/55 3450/54/54 3442/46/46
f 3442/46/46 3452/56/56 3451/55/55
f 3440/44/44 3451/55/55 3452/56/56
f 3440/44/44 3452/56/56 3441/45/45
f 3441/45/45 3452/56/56 3442/46/46
f 3453/57/57 3454/58/58 3450/54/54
f 3450/54/54 3451/55/55 3453/57/57
f 3455/59/59 3453/57/57 3451/55/55
f 3451/55/55 3440/44/44 3455/59/59
f 3456/60/60 3455/59/59 3440/44/44
f 3456/60/60 3440/44/44 3439/43/43
f 3328/42/42 3456/60/60 3439/43/43
f 3257/61/61 3263/62/62 3262/63/63
f 3257/61/61 3457/64/64 3258/65/65
f 3257/61/61 3262/63/63 3457/64/64
f 3262/63/63 3458/66/66 3457/64/64
f 3458/66/66 3262/63/63 3261/67/67
f 3261/67/67 3459/68/68 3458/66/66
f 3459/68/68 3261/67/67 3260/69/69
f 3253/70/70 3252/71/71 3460/72/72
f 3253/70/70 3460/72/72 3260/69/69
f 3460/72/72 3461/73/73 3260/69/69
f 3260/69/69 3461/73/73 3459/68/68
f 3459/68/68 3461/73/73 3462/74/74
f 3463/75/75 3459/68/68 3462/74/74
f 3463/75/75 3458/66/66 3459/68/68
f 3458/66/66 3463/75/75 3464/76/76
f 3464/76/76 3457/64/64 3458/66/66
f 3465/77/77 3457/64/64 3464/76/76
f 3462/74/74 3461/73/73 3460/72/72
f 3460/72/72 3466/78/78 3462/74/74
f 3258/65/65 3457/64/64 3465/77/77
f 3465/77/77 3259/79/79 3258/65/65
f 2869/80/80 3259/79/79 3465/77/77
f 3465/77/77 3467/81/81 2869/80/80
f 2869/80/80 3467/81/81 2870/82/82
f 2870/82/82 3467/81/81 2866/83/83
f 2866/83/83 3467/81/81 3468/84/84
f 3468/84/84 3469/85/85 2866/83/83
f 3465/77/77 3464/76/76 3470/86/86
f 3465/77/77 3470/86/86 3467/81/81
f 3467/81/81 3470/86/86 3471/87/87
f 3471/87/87 3468/84/84 3467/81/81
f 3472/88/88 3473/89/89 3474/90/90
f 3475/91/91 3476/92/92 3473/89/89
f 3473/89/89 3472/88/88 3475/91/91
f 3477/93/93 3475/91/91 3472/88/88
f 3472/88/88 3478/94/94 3477/93/93
f 3478/94/94 3472/88/88 3479/95/95
f 3474/90/90 3479/95/95 3472/88/88
f 3479/95/95 3474/90/90 3480/96/96
f 3481/97/97 3480/96/96 3482/98/98
f 3480/96/96 3481/97/97 3479/95/95
f 3483/99/99 3479/95/95 3481/97/97
f 3479/95/95 3483/99/99 3478/94/94
f 3484/100/100 3478/94/94 3483/99/99
f 3478/94/94 3484/100/100 3485/101/101
f 3485/101/101 3477/93/93 3478/94/94
f 3485/101/101 3486/102/102 3477/93/93
f 3475/91/91 3477/93/93 3486/102/102
f 3486/102/102 3487/103/103 3475/91/91
f 3476/92/92 3475/91/91 3487/103/103
f 3487/103/103 3488/104/104 3476/92/92
f 3485/101/101 3489/105/105 3490/106/106
f 3485/101/101 3490/106/106 3486/102/102
f 3491/107/107 3490/106/106 3489/105/105
f 2591/108/108 3490/106/106 3491/107/107
f 3486/102/102 3490/106/106 2591/108/108
f 2591/108/108 2594/109/109 3486/102/102
f 2594/109/109 3492/110/110 3486/102/102
f 3487/103/103 3486/102/102 3492/110/110
f 3492/110/110 2598/111/111 3487/103/103
f 2598/111/111 2581/112/112 3487/103/103
f 3488/104/104 3487/103/103 2581/112/112
f 2581/112/112 2580/113/113 3488/104/104
f 3252/114/71 3251/115/114 3493/116/115
f 3491/107/107 3493/116/115 3251/115/114
f 3491/107/107 3251/115/114 2873/117/116
f 3491/107/107 2873/117/116 3494/118/117
f 2886/119/118 3491/107/107 3494/118/117
f 3491/107/107 2886/119/118 2591/108/108
f 3481/97/97 3482/98/98 3495/120/119
f 3481/97/97 3495/120/119 3496/121/120
f 3481/97/97 3496/121/120 3483/99/99
f 3496/121/120 3497/122/121 3483/99/99
f 3483/99/99 3497/122/121 3484/100/100
f 3484/100/100 3497/122/121 3252/114/71
f 3484/100/100 3252/114/71 3485/101/101
f 3252/114/71 3493/116/115 3485/101/101
f 3493/116/115 3489/105/105 3485/101/101
f 3489/105/105 3493/116/115 3491/107/107
f 3495/120/119 3463/123/75 3462/124/74
f 3495/120/119 3462/124/74 3466/125/78
f 3495/120/119 3466/125/78 3498/126/122
f 3498/126/122 3496/121/120 3495/120/119
f 3496/121/120 3498/126/122 3499/127/123
f 3496/121/120 3499/127/123 3497/122/121
f 3252/114/71 3497/122/121 3499/127/123
f 3499/127/123 3460/128/72 3252/114/71
f 3466/125/78 3460/128/72 3499/127/123
f 3499/127/123 3498/126/122 3466/125/78
f 2567/129/124 1906/130/125 3500/131/126
f 2567/129/124 3500/131/126 3464/132/76
f 2567/129/124 3464/132/76 2574/133/127
f 3464/132/76 3463/123/75 2574/133/127
f 2572/134/128 2574/133/127 3463/123/75
f 3495/120/119 2572/134/128 3463/123/75
f 3495/120/119 2569/135/129 2572/134/128
f 3495/120/119 2578/136/130 2569/135/129
f 3495/120/119 2575/137/131 2578/136/130
f 3495/120/119 3482/98/98 2575/137/131
f 3501/138/132 3471/139/87 3470/140/86
f 3470/140/86 3502/141/133 3501/138/132
f 3500/131/126 3502/141/133 3470/140/86
f 3470/140/86 3464/132/76 3500/131/126
f 3254/142/134 2880/143/135 3503/144/136
f 3504/145/137 3503/144/136 321/146/138
f 3503/144/136 3504/145/137 3254/142/134
f 3255/147/139 3254/142/134 3504/145/137
f 3504/145/137 3505/148/140 3255/147/139
f 3255/147/139 3505/148/140 3506/149/141
f 2890/150/142 3506/149/141 3505/148/140
f 3507/151/143 3506/149/141 2890/150/142
f 2890/150/142 2888/152/144 3507/151/143
f 3508/153/145 3507/151/143 2888/152/144
f 2888/152/144 2887/154/146 3508/153/145
f 321/146/138 2893/155/147 3504/145/137
f 3505/148/140 3504/145/137 2893/155/147
f 2890/150/142 3505/148/140 2893/155/147
f 3508/153/145 2887/154/146 2886/156/118
f 2886/156/118 3494/157/117 3508/153/145
f 3508/153/145 3494/157/117 2873/158/116
f 3507/151/143 3508/153/145 2873/158/116
f 2873/158/116 2872/159/148 3507/151/143
f 3506/149/141 3507/151/143 2872/159/148
f 2872/159/148 3256/160/149 3506/149/141
f 3506/149/141 3256/160/149 3255/147/139
f 3509/161/150 3510/162/151 3511/162/152
f 3512/163/153 3511/162/152 3510/162/151
f 3513/164/154 3514/165/155 3515/166/156
f 3514/165/155 3516/167/157 3517/168/158
f 3517/168/158 3515/166/156 3514/165/155
f 3518/169/159 3519/170/160 3520/171/161
f 3520/171/161 3521/172/162 3518/169/159
f 3521/172/162 3520/171/161 3522/173/163
f 3522/173/163 3523/174/164 3521/172/162
f 3523/174/164 3522/173/163 3516/167/157
f 3516/167/157 3524/175/165 3523/174/164
f 3524/175/165 3516/167/157 3514/165/155
f 3525/176/166 3526/177/167 3527/170/168
f 3528/178/169 3527/170/168 3526/177/167
f 3527/170/168 3528/178/169 3520/171/161
f 3522/173/163 3520/171/161 3528/178/169
f 3528/178/169 3529/179/170 3522/173/163
f 3516/167/157 3522/173/163 3529/179/170
f 3529/179/170 3517/168/158 3516/167/157
f 3517/168/158 3529/179/170 3530/180/171
f 3531/178/172 3530/180/171 3529/179/170
f 3532/181/173 3525/176/166 3533/182/174
f 3525/176/166 3532/181/173 3534/183/175
f 3534/183/175 3526/177/167 3525/176/166
f 3526/177/167 3534/183/175 3535/184/176
f 3535/184/176 3531/178/172 3526/177/167
f 3531/178/172 3535/184/176 3536/180/177
f 3534/183/175 3537/185/178 3538/186/179
f 3538/186/179 3535/184/176 3534/183/175
f 3535/184/176 3538/186/179 3539/187/180
f 3539/187/180 3536/180/177 3535/184/176
f 3536/180/177 3539/187/180 3540/188/181
f 3540/188/181 3541/189/182 3536/180/177
f 3541/189/182 3540/188/181 3542/190/183
f 3542/190/183 3543/191/184 3541/189/182
f 3543/191/184 3542/190/183 3544/192/185
f 3544/192/185 3545/193/186 3543/191/184
f 3546/194/187 3545/193/186 3544/192/185
f 3547/195/188 3543/191/184 3545/193/186
f 3545/193/186 3548/196/189 3547/195/188
f 3549/197/190 3548/196/189 3545/193/186
f 3545/193/186 3546/194/187 3549/197/190
f 3550/198/191 3549/197/190 3546/194/187
f 3546/194/187 3551/199/192 3550/198/191
f 3552/200/193 3550/198/191 3551/199/192
f 3553/201/194 3550/198/191 3552/200/193
f 3552/200/193 3554/202/195 3553/201/194
f 3555/203/196 3553/201/194 3554/202/195
f 3554/202/195 3552/200/193 3556/204/197
f 3550/198/191 3553/201/194 3557/205/198
f 3557/205/198 3549/197/190 3550/198/191
f 3549/197/190 3557/205/198 3558/196/199
f 3541/189/182 3559/168/200 3530/180/171
f 3559/168/200 3541/189/182 3543/191/184
f 3543/191/184 3547/195/188 3559/168/200
f 3559/168/200 3547/195/188 3515/166/156
f 3558/196/199 3515/166/156 3547/195/188
f 3515/166/156 3558/196/199 3513/164/154
f 3513/164/154 3558/196/199 3557/205/198
f 3557/205/198 3560/206/201 3513/164/154
f 3560/206/201 3557/205/198 3553/201/194
f 3553/201/194 3555/203/196 3560/206/201
f 3560/206/201 3555/203/196 3561/207/202
f 3562/208/203 3561/207/202 3555/203/196
f 3561/207/202 3562/208/203 3563/209/204
f 3564/210/205 3563/209/204 3562/208/203
f 3562/208/203 3565/211/206 3564/210/205
f 3566/212/207 3564/210/205 3565/211/206
f 3565/211/206 3567/213/208 3566/212/207
f 3568/214/209 3566/212/207 3567/213/208
f 3569/208/210 3570/215/211 3565/211/206
f 3567/213/208 3565/211/206 3570/215/211
f 3570/215/211 3571/216/212 3567/213/208
f 3572/217/213 3573/218/214 3544/219/185
f 3573/218/214 3572/217/213 3574/207/215
f 3574/207/215 3575/220/216 3573/218/214
f 3575/220/216 3574/207/215 3563/209/204
f 3563/209/204 3576/221/217 3575/220/216
f 3576/221/217 3563/209/204 3564/210/205
f 3564/210/205 3577/222/218 3576/221/217
f 3577/222/218 3564/210/205 3566/212/207
f 3566/212/207 3578/223/219 3577/222/218
f 3578/223/219 3566/212/207 3568/214/209
f 3574/207/215 3572/217/213 3579/206/220
f 3544/219/185 3542/224/183 3580/225/221
f 3580/225/221 3581/226/222 3544/219/185
f 3544/219/185 3581/226/222 3572/217/213
f 3572/217/213 3581/226/222 3582/227/223
f 3582/227/223 3579/206/220 3572/217/213
f 3579/206/220 3582/227/223 3513/164/154
f 3513/164/154 3582/227/223 3583/165/224
f 3580/225/221 3583/165/224 3582/227/223
f 3583/165/224 3580/225/221 3584/228/225
f 3584/228/225 3524/175/165 3583/165/224
f 3582/227/223 3581/226/222 3580/225/221
f 3537/229/178 3585/230/226 3586/231/227
f 3586/231/227 3587/232/228 3537/229/178
f 3538/233/179 3537/229/178 3587/232/228
f 3587/232/228 3588/234/229 3538/233/179
f 3539/235/180 3538/233/179 3588/234/229
f 3588/234/229 3589/236/230 3539/235/180
f 3540/237/181 3539/235/180 3589/236/230
f 3589/236/230 3584/228/225 3540/237/181
f 3542/224/183 3540/237/181 3584/228/225
f 3584/228/225 3580/225/221 3542/224/183
f 3524/175/165 3584/228/225 3589/236/230
f 3589/236/230 3523/174/164 3524/175/165
f 3523/174/164 3589/236/230 3588/234/229
f 3588/234/229 3521/172/162 3523/174/164
f 3521/172/162 3588/234/229 3587/232/228
f 3587/232/228 3518/169/159 3521/172/162
f 3518/169/159 3587/232/228 3586/231/227
f 3586/231/227 3590/238/231 3518/169/159
f 3590/238/231 3586/231/227 3591/239/232
f 3591/239/232 3592/240/233 3590/238/231
f 3593/241/234 3594/242/235 3595/243/236
f 3512/163/153 3595/243/236 3594/242/235
f 3595/243/236 3512/163/153 3596/244/237
f 3510/162/151 3596/244/237 3512/163/153
f 3597/245/238 3596/244/237 3510/162/151
f 3510/162/151 3592/240/233 3597/245/238
f 3592/240/233 3510/162/151 3509/161/150
f 3509/161/150 3590/238/231 3592/240/233
f 3590/238/231 3509/161/150 3519/170/160
f 3519/170/160 3518/169/159 3590/238/231
f 3592/240/233 3591/239/232 3598/246/239
f 3598/246/239 3597/245/238 3592/240/233
f 3597/245/238 3598/246/239 3599/247/240
f 3599/247/240 3600/248/241 3597/245/238
f 3596/244/237 3597/245/238 3600/248/241
f 3600/248/241 3601/243/242 3596/244/237
f 3601/243/242 3600/248/241 3602/249/243
f 3603/250/244 3602/249/243 3600/248/241
f 3600/248/241 3599/247/240 3603/250/244
f 3603/250/244 3599/247/240 3604/251/245
f 3605/252/246 3604/251/245 3599/247/240
f 3599/247/240 3598/246/239 3605/252/246
f 3606/253/247 3605/252/246 3598/246/239
f 3598/246/239 3591/239/232 3606/253/247
f 3585/230/226 3606/253/247 3591/239/232
f 3591/239/232 3586/231/227 3585/230/226
f 3607/254/248 3602/249/243 3608/255/249
f 3609/256/250 3610/257/251 3611/258/252
f 3612/259/253 3610/257/251 3609/256/250
f 3609/256/250 3613/260/254 3612/259/253
f 3614/261/255 3612/259/253 3613/260/254
f 3615/262/256 3612/259/253 3614/261/255
f 3612/259/253 3615/262/256 3616/255/257
f 3607/254/248 3616/255/257 3615/262/256
f 3615/262/256 3617/241/258 3607/254/248
f 3601/243/242 3607/254/248 3617/241/258
f 3602/249/243 3607/254/248 3601/243/242
f 3611/258/252 3610/257/251 3616/255/257
f 3616/255/257 3610/257/251 3612/259/253
f 3618/263/259 3619/264/260 3620/265/261
f 3620/265/261 3621/266/262 3618/263/259
f 3621/266/262 3620/265/261 3622/267/263
f 3622/267/263 3623/268/264 3621/266/262
f 3623/268/264 3622/267/263 3613/260/254
f 3613/260/254 3609/256/250 3623/268/264
f 3622/267/263 3624/269/265 3625/260/266
f 3624/269/265 3622/267/263 3620/265/261
f 3620/265/261 3626/270/267 3624/269/265
f 3626/270/267 3620/265/261 3619/264/260
f 3619/264/260 3627/271/268 3626/270/267
f 3627/271/268 3619/264/260 3628/272/269
f 3629/273/270 3628/272/269 3619/264/260
f 3619/264/260 3618/263/259 3629/273/270
f 3629/273/270 3618/263/259 3630/274/271
f 3631/275/272 3630/274/271 3618/263/259
f 3618/263/259 3621/266/262 3631/275/272
f 3632/268/273 3631/275/272 3621/266/262
f 3628/272/269 3629/273/270 3633/276/274
f 3630/274/271 3631/275/272 3634/277/275
f 3634/277/275 3635/278/276 3630/274/271
f 3636/273/277 3630/274/271 3635/278/276
f 3635/278/276 3637/279/278 3636/273/277
f 3638/214/279 3636/273/277 3637/279/278
f 3636/273/277 3638/214/279 3633/276/274
f 3571/216/212 3633/276/274 3638/214/279
f 3568/214/209 3639/280/280 3578/223/219
f 3639/280/280 3568/214/209 3637/279/278
f 3637/279/278 3640/281/281 3639/280/280
f 3640/281/281 3637/279/278 3635/278/276
f 3635/278/276 3641/282/282 3640/281/281
f 3641/282/282 3635/278/276 3634/277/275
f 3634/277/275 3642/283/283 3641/282/282
f 3642/283/283 3634/277/275 3643/284/284
f 3643/284/284 3644/285/285 3642/283/283
f 3644/285/285 3643/284/284 3645/286/286
f 3602/249/243 3603/250/244 3646/287/287
f 3646/287/287 3608/255/249 3602/249/243
f 3608/255/249 3646/287/287 3647/288/288
f 3647/288/288 3611/258/252 3608/255/249
f 3648/256/289 3611/258/252 3647/288/288
f 3647/288/288 3645/286/286 3648/256/289
f 3632/268/273 3648/256/289 3645/286/286
f 3645/286/286 3643/284/284 3632/268/273
f 3631/275/272 3632/268/273 3643/284/284
f 3643/284/284 3634/277/275 3631/275/272
f 3645/286/286 3649/289/290 3644/285/285
f 3649/289/290 3645/286/286 3647/288/288
f 3647/288/288 3650/290/291 3649/289/290
f 3651/291/292 3650/290/291 3647/288/288
f 3647/288/288 3646/287/287 3651/291/292
f 3652/292/293 3651/291/292 3646/287/287
f 3646/287/287 3603/250/244 3652/292/293
f 3604/251/245 3652/292/293 3603/250/244
f 3596/244/237 3601/243/242 3595/243/236
f 3617/241/258 3595/243/236 3601/243/242
f 3595/243/236 3617/241/258 3593/241/234
f 3653/262/294 3593/241/234 3617/241/258
f 3617/241/258 3615/262/256 3653/262/294
f 3614/261/255 3653/262/294 3615/262/256
f 3654/293/295 3655/261/296 3614/261/255
f 3614/261/255 3655/261/296 3656/294/297
f 3613/260/254 3625/260/266 3614/261/255
f 3625/260/266 3613/260/254 3622/267/263
f 1931/295/298 1907/296/299 2568/297/300
f 2568/297/300 3304/298/301 1931/295/298
f 3304/298/301 2568/297/300 2573/299/302
f 2573/299/302 3312/300/303 3304/298/301
f 3312/300/303 2573/299/302 2571/301/304
f 2571/301/304 3311/302/305 3312/300/303
f 3311/302/305 2571/301/304 2570/303/306
f 2570/303/306 3310/304/307 3311/302/305
f 3310/304/307 2570/303/306 2577/305/308
f 2577/305/308 3315/306/309 3310/304/307
f 3315/306/309 2577/305/308 2576/307/310
f 2576/307/310 1915/308/311 3315/306/309
f 3616/255/257 3608/255/249 3611/258/252
f 3608/255/249 3616/255/257 3607/254/248
f 3621/266/262 3623/268/264 3632/268/273
f 3648/256/289 3632/268/273 3623/268/264
f 3623/268/264 3609/256/250 3648/256/289
f 3611/258/252 3648/256/289 3609/256/250
f 3519/170/160 3509/161/150 3657/176/312
f 3511/162/152 3657/176/312 3509/161/150
f 3657/176/312 3511/162/152 3533/182/174
f 3658/309/313 3533/182/174 3511/162/152
f 3511/162/152 3512/163/153 3658/309/313
f 3594/242/235 3658/309/313 3512/163/153
f 3656/294/297 3653/262/294 3614/261/255
f 3653/262/294 3656/294/297 3659/310/314
f 3659/310/314 3593/241/234 3653/262/294
f 3593/241/234 3659/310/314 3660/311/315
f 3660/311/315 3594/242/235 3593/241/234
f 3594/242/235 3660/311/315 3661/312/316
f 3661/312/316 3658/309/313 3594/242/235
f 3658/309/313 3661/312/316 3662/313/317
f 3662/313/317 3533/182/174 3658/309/313
f 3533/182/174 3662/313/317 3532/181/173
f 3606/314/247 3662/313/317 3661/312/316
f 3662/313/317 3606/314/247 3585/315/226
f 3585/315/226 3532/181/173 3662/313/317
f 3532/181/173 3585/315/226 3537/185/178
f 3649/316/290 3650/317/291 3655/261/296
f 3655/261/296 3650/317/291 3651/318/292
f 3651/318/292 3656/294/297 3655/261/296
f 3656/294/297 3651/318/292 3652/319/293
f 3652/319/293 3659/310/314 3656/294/297
f 3659/310/314 3652/319/293 3604/320/245
f 3604/320/245 3660/311/315 3659/310/314
f 3660/311/315 3604/320/245 3605/321/246
f 3605/321/246 3661/312/316 3660/311/315
f 3661/312/316 3605/321/246 3606/314/247
f 3639/322/280 3640/323/281 3663/324/318
f 3664/325/319 3663/324/318 3640/323/281
f 3640/323/281 3641/326/282 3664/325/319
f 3665/327/320 3664/325/319 3641/326/282
f 3641/326/282 3642/328/283 3665/327/320
f 3666/329/321 3665/327/320 3642/328/283
f 3642/328/283 3644/330/285 3666/329/321
f 3654/293/295 3666/329/321 3644/330/285
f 3644/330/285 3649/316/290 3654/293/295
f 3655/261/296 3654/293/295 3649/316/290
f 3667/331/322 3663/324/318 3668/272/323
f 3627/271/268 3668/272/323 3663/324/318
f 3663/324/318 3664/325/319 3627/271/268
f 3626/270/267 3627/271/268 3664/325/319
f 3664/325/319 3665/327/320 3626/270/267
f 3624/269/265 3626/270/267 3665/327/320
f 3665/327/320 3666/329/321 3624/269/265
f 3625/260/266 3624/269/265 3666/329/321
f 3666/329/321 3654/293/295 3625/260/266
f 3614/261/255 3625/260/266 3654/293/295
f 3554/202/195 3569/208/210 3555/203/196
f 3569/208/210 3554/202/195 3669/204/324
f 3669/204/324 3570/215/211 3569/208/210
f 3570/215/211 3669/204/324 3670/332/325
f 3670/332/325 3571/216/212 3570/215/211
f 3571/216/212 3670/332/325 3671/276/326
f 3672/331/327 3671/276/326 3670/332/325
f 3671/276/326 3672/331/327 3668/272/323
f 3673/200/328 3674/333/329 3556/204/197
f 3675/332/330 3556/204/197 3674/333/329
f 3674/333/329 3676/334/331 3675/332/330
f 3672/331/327 3675/332/330 3676/334/331
f 3573/194/214 3575/335/216 3551/199/192
f 3673/200/328 3551/199/192 3575/335/216
f 3575/335/216 3576/336/217 3673/200/328
f 3674/333/329 3673/200/328 3576/336/217
f 3576/336/217 3577/337/218 3674/333/329
f 3676/334/331 3674/333/329 3577/337/218
f 3577/337/218 3578/338/219 3676/334/331
f 3667/331/322 3676/334/331 3578/338/219
f 3578/338/219 3639/322/280 3667/331/322
f 3663/324/318 3667/331/322 3639/322/280
f 3520/171/161 3519/170/160 3527/170/168
f 3657/176/312 3527/170/168 3519/170/160
f 3527/170/168 3657/176/312 3525/176/166
f 3533/182/174 3525/176/166 3657/176/312
f 3529/179/170 3528/178/169 3531/178/172
f 3526/177/167 3531/178/172 3528/178/169
f 3536/180/177 3530/180/171 3531/178/172
f 3530/180/171 3536/180/177 3541/189/182
f 3515/166/156 3517/168/158 3559/168/200
f 3530/180/171 3559/168/200 3517/168/158
f 3537/185/178 3534/183/175 3532/181/173
f 3514/165/155 3583/165/224 3524/175/165
f 3583/165/224 3514/165/155 3513/164/154
f 3513/164/154 3560/206/201 3579/206/220
f 3561/207/202 3579/206/220 3560/206/201
f 3579/206/220 3561/207/202 3574/207/215
f 3563/209/204 3574/207/215 3561/207/202
f 3628/272/269 3668/272/323 3627/271/268
f 3668/272/323 3628/272/269 3671/276/326
f 3633/276/274 3671/276/326 3628/272/269
f 3671/276/326 3633/276/274 3571/216/212
f 3676/334/331 3667/331/322 3672/331/327
f 3668/272/323 3672/331/327 3667/331/322
f 3633/276/274 3629/273/270 3636/273/277
f 3630/274/271 3636/273/277 3629/273/270
f 3637/279/278 3568/214/209 3638/214/279
f 3567/213/208 3638/214/279 3568/214/209
f 3638/214/279 3567/213/208 3571/216/212
f 3670/332/325 3675/332/330 3672/331/327
f 3675/332/330 3670/332/325 3669/204/324
f 3669/204/324 3556/204/197 3675/332/330
f 3556/204/197 3669/204/324 3554/202/195
f 3551/199/192 3673/200/328 3552/200/193
f 3556/204/197 3552/200/193 3673/200/328
f 3544/192/185 3573/194/214 3546/194/187
f 3551/199/192 3546/194/187 3573/194/214
f 3677/339/332 3678/340/333 3679/341/334
f 3679/341/334 3680/342/335 3677/339/332
f 3681/343/336 3682/344/337 3683/345/338
f 3683/345/338 3684/346/339 3681/343/336
f 3680/347/335 3685/348/340 3686/349/341
f 3686/349/341 3687/350/342 3680/347/335
f 3680/347/335 3687/350/342 3688/351/343
f 3688/351/343 3677/352/332 3680/347/335
f 3678/353/333 3689/354/344 3690/355/345
f 3690/355/345 3679/356/334 3678/353/333
f 3691/357/346 3679/356/334 3690/355/345
f 3690/355/345 3692/358/347 3691/357/346
f 3691/357/346 3692/358/347 3693/359/348
f 3693/359/348 3694/360/349 3691/357/346
f 3694/360/349 3693/359/348 3695/361/350
f 3695/361/350 3696/362/351 3694/360/349
f 3684/363/339 3696/362/351 3695/361/350
f 3695/361/350 3697/364/352 3684/363/339
f 3684/363/339 3697/364/352 3698/365/353
f 3698/365/353 3681/366/336 3684/363/339
f 3699/367/354 3700/368/355 3701/369/356
f 3701/369/356 3683/370/338 3699/367/354
f 3699/367/354 3683/370/338 3682/371/337
f 3682/371/337 3702/372/357 3699/367/354
f 3703/373/358 3697/374/352 3695/375/350
f 3695/375/350 3704/376/359 3703/373/358
f 3705/377/360 3698/378/353 3697/374/352
f 3697/374/352 3703/373/358 3705/377/360
f 3702/379/357 3705/377/360 3703/373/358
f 3703/373/358 3699/380/354 3702/379/357
f 3699/380/354 3703/373/358 3704/376/359
f 3704/376/359 3700/381/355 3699/380/354
f 3706/382/361 3700/381/355 3704/376/359
f 3706/382/361 3704/376/359 3695/375/350
f 3706/382/361 3695/375/350 3693/383/348
f 3706/382/361 3693/383/348 3692/384/347
f 3706/382/361 3692/384/347 3707/385/362
f 3707/385/362 3692/384/347 3690/386/345
f 3690/386/345 3708/387/363 3707/385/362
f 3709/388/364 3708/387/363 3690/386/345
f 3687/389/342 3708/387/363 3709/388/364
f 3709/388/364 3688/390/343 3687/389/342
f 3690/386/345 3689/391/344 3709/388/364
f 3685/392/340 3710/393/365 3711/394/366
f 3711/394/366 3686/395/341 3685/392/340
f 3707/385/362 3686/395/341 3711/394/366
f 3686/395/341 3707/385/362 3708/387/363
f 3708/387/363 3687/389/342 3686/395/341
f 3707/385/362 3712/396/367 3706/382/361
f 3707/385/362 3711/394/366 3712/396/367
f 3712/396/367 3711/394/366 3710/393/365
f 3710/393/365 3713/397/368 3712/396/367
f 3712/396/367 3713/397/368 3714/398/369
f 3714/398/369 3715/399/370 3712/396/367
f 3706/382/361 3712/396/367 3715/399/370
f 3706/382/361 3715/399/370 3700/381/355
f 3701/400/356 3700/381/355 3715/399/370
f 3715/399/370 3714/398/369 3701/400/356
f 3716/401/371 3701/400/356 3714/398/369
f 3716/401/371 3714/398/369 3713/397/368
f 3716/401/371 3713/397/368 3717/402/372
f 3718/403/373 3717/402/372 3713/397/368
f 3710/393/365 3718/403/373 3713/397/368
f 3710/393/365 3685/392/340 3718/403/373
f 3719/404/374 3720/405/375 3721/406/376
f 3719/404/374 3721/406/376 3722/407/377
f 3719/404/374 3723/408/378 3724/409/379
f 3719/404/374 3724/409/379 3725/410/380
f 3719/404/374 3725/410/380 3720/405/375
f 3725/410/380 3726/411/381 3720/405/375
f 3725/410/380 3727/412/382 3726/411/381
f 3724/409/379 3728/413/383 3725/410/380
f 3547/195/188 3548/196/189 3558/196/199
f 3558/196/199 3548/196/189 3549/197/190
f 3555/203/196 3569/208/210 3562/208/203
f 3565/211/206 3562/208/203 3569/208/210
f 3680/342/335 3694/414/349 3718/415/373
f 3729/416/384 3730/417/385 3731/418/386
f 3731/418/386 3732/419/387 3729/416/384
f 3732/419/387 3731/418/386 3733/420/388
f 3733/420/388 3734/421/389 3732/419/387
f 3734/421/389 3733/420/388 3735/422/390
f 3735/422/390 3736/423/391 3734/421/389
f 3737/424/392 3738/425/393 3739/426/394
f 3739/426/394 3740/427/395 3737/424/392
f 3741/428/396 3737/424/392 3740/427/395
f 3740/427/395 3742/429/397 3741/428/396
f 3742/429/397 3740/427/395 3743/430/398
f 3744/431/399 3743/430/398 3740/427/395
f 3740/427/395 3739/426/394 3744/431/399
f 3745/432/400 3744/431/399 3739/426/394
f 3739/426/394 3746/433/401 3745/432/400
f 3746/433/401 3739/426/394 3738/425/393
f 3738/425/393 3747/434/402 3746/433/401
f 3738/425/393 3737/424/392 3732/435/387
f 3732/435/387 3734/436/389 3738/425/393
f 3738/425/393 3734/436/389 3736/437/391
f 3747/434/402 3738/425/393 3736/437/391
f 3736/437/391 3735/438/390 3747/434/402
f 3747/434/402 3735/438/390 3733/439/388
f 3743/430/398 3748/440/403 3742/429/397
f 3746/441/401 3742/429/397 3748/440/403
f 3742/429/397 3746/441/401 3747/442/402
f 3747/442/402 3741/428/396 3742/429/397
f 3741/428/396 3747/442/402 3733/443/388
f 3733/443/388 3731/444/386 3741/428/396
f 3741/428/396 3731/444/386 3730/445/385
f 3737/424/392 3741/428/396 3730/445/385
f 3730/445/385 3729/446/384 3737/424/392
f 3737/424/392 3729/446/384 3732/435/387
f 3748/440/403 3745/447/400 3746/441/401
f 3694/414/349 3717/448/372 3718/415/373
f 3749/449/404 3750/450/405 3751/451/406
f 3752/452/407 3749/449/404 3751/451/406
f 3753/453/408 3754/454/409 3755/455/410
f 3753/453/408 3755/455/410 3756/456/411
f 3755/455/410 3752/452/407 3756/456/411
f 3752/452/407 3757/457/412 3756/456/411
f 3752/452/407 3751/451/406 3757/457/412
f 3751/451/406 3758/458/413 3757/457/412
f 3758/458/413 3754/454/409 3757/457/412
f 3758/458/413 3759/459/414 3754/454/409
f 3754/454/409 3759/459/414 3760/460/415
f 3760/460/415 3755/455/410 3754/454/409
f 3758/458/413 3761/461/416 3759/459/414
f 3755/455/410 3762/462/417 3763/463/418
f 3755/455/410 3763/463/418 3764/464/419
f 3755/455/410 3764/464/419 3752/452/407
f 3764/464/419 3765/465/420 3752/452/407
f 3766/466/421 3767/467/422 3768/468/422
f 3769/469/423 3766/466/421 3768/468/422
f 3767/467/422 3770/470/422 3771/471/421
f 3767/467/422 3771/471/421 3772/472/421
f 3767/467/422 3772/472/421 3768/468/422
f 3772/472/421 3773/473/422 3768/468/422
f 3773/473/422 3774/474/422 3768/468/422
f 3771/471/421 3775/475/421 3772/472/421
f 3772/472/421 3776/476/422 3773/473/422
f 3772/472/421 3777/477/422 3776/476/422
f 3776/476/422 3778/478/424 3773/473/422
f 3694/414/349 3716/479/371 3717/448/372
f 3779/480/425 3780/481/425 3781/482/425
f 3781/482/425 3782/483/426 3779/480/425
f 3783/484/427 3784/485/428 3785/486/429
f 3785/486/429 3786/487/430 3783/484/427
f 3787/488/431 3788/489/432 3789/490/432
f 3789/490/432 3790/491/431 3787/488/431
f 3791/488/433 3792/491/433 3793/490/434
f 3793/490/434 3794/489/434 3791/488/433
f 3795/492/435 3796/493/435 3797/494/435
f 3797/494/435 3798/495/435 3795/492/435
f 3799/496/436 3800/497/436 3801/498/436
f 3801/498/436 3802/499/436 3799/496/436
f 3803/492/437 3804/493/437 3805/494/437
f 3805/494/437 3806/495/437 3803/492/437
f 3807/500/438 3808/501/438 3809/502/438
f 3809/502/438 3810/503/438 3807/500/438
f 3811/504/439 3812/505/440 3813/506/439
f 3814/507/439 3811/504/439 3813/506/439
f 3815/508/439 3814/507/439 3813/506/439
f 3814/507/439 3816/509/441 3817/510/439
f 3814/507/439 3817/510/439 3818/511/439
f 3814/507/439 3818/511/439 3811/504/439
f 3818/511/439 3819/512/439 3811/504/439
f 3819/512/439 3820/513/442 3811/504/439
f 3818/511/439 3821/514/443 3819/512/439
f 3817/510/439 3822/515/439 3823/516/439
f 3817/510/439 3823/516/439 3818/511/439
f 3823/516/439 3824/517/439 3818/511/439
f 3825/504/444 3826/513/444 3827/512/444
f 3825/504/444 3827/512/444 3828/511/444
f 3827/512/444 3829/514/444 3828/511/444
f 3828/511/444 3830/517/444 3831/516/444
f 3832/506/444 3833/505/445 3825/504/444
f 3832/506/444 3825/504/444 3834/507/444
f 3825/504/444 3828/511/444 3834/507/444
f 3828/511/444 3835/510/444 3834/507/444
f 3828/511/444 3831/516/444 3835/510/444
f 3831/516/444 3836/515/444 3835/510/444
f 3835/510/444 3837/509/446 3834/507/444
f 3838/508/447 3832/506/444 3834/507/444
f 3839/518/448 3840/519/448 3841/520/448
f 3841/520/448 3842/521/449 3839/518/448
f 3843/518/450 3844/521/451 3845/520/451
f 3845/520/451 3846/519/452 3843/518/450
f 3847/480/453 3848/483/453 3849/482/453
f 3849/482/453 3850/481/453 3847/480/453
f 3851/522/454 3852/523/454 3853/524/454
f 3851/522/454 3853/524/454 3854/525/454
f 3853/524/454 3855/526/454 3854/525/454
f 3854/525/454 3856/527/454 3857/528/454
f 3858/529/455 3859/530/455 3851/522/454
f 3858/529/455 3851/522/454 3860/531/454
f 3851/522/454 3854/525/454 3860/531/454
f 3854/525/454 3861/532/454 3860/531/454
f 3854/525/454 3857/528/454 3861/532/454
f 3857/528/454 3862/533/456 3861/532/454
f 3861/532/454 3863/534/457 3860/531/454
f 3864/535/455 3858/529/455 3860/531/454
f 3865/522/458 3866/523/459 3867/524/459
f 3865/522/458 3867/524/459 3868/525/458
f 3867/524/459 3869/526/460 3868/525/458
f 3868/525/458 3870/527/461 3871/528/458
f 3872/529/458 3873/530/458 3865/522/458
f 3872/529/458 3865/522/458 3874/531/458
f 3865/522/458 3868/525/458 3874/531/458
f 3868/525/458 3875/532/458 3874/531/458
f 3868/525/458 3871/528/458 3875/532/458
f 3871/528/458 3876/533/462 3875/532/458
f 3875/532/458 3877/534/459 3874/531/458
f 3878/535/463 3872/529/458 3874/531/458
f 3879/536/464 3880/485/464 3881/486/464
f 3881/486/464 3882/537/464 3879/536/464
f 3883/536/465 3884/485/465 3885/486/465
f 3885/486/465 3886/537/465 3883/536/465
f 3887/522/466 3888/523/467 3889/524/468
f 3887/522/466 3889/524/468 3890/525/466
f 3889/524/468 3891/526/466 3890/525/466
f 3890/525/466 3892/527/466 3893/528/466
f 3894/529/466 3895/530/469 3887/522/466
f 3894/529/466 3887/522/466 3896/531/466
f 3887/522/466 3890/525/466 3896/531/466
f 3890/525/466 3897/532/466 3896/531/466
f 3890/525/466 3893/528/466 3897/532/466
f 3893/528/466 3898/533/470 3897/532/466
f 3897/532/466 3899/534/468 3896/531/466
f 3900/535/471 3894/529/466 3896/531/466
f 3901/538/472 3902/539/473 3903/540/474
f 3903/540/474 3904/541/475 3901/538/472
f 3905/542/476 3906/543/477 3902/544/473
f 3902/544/473 3901/545/472 3905/542/476
f 3904/545/475 3903/546/474 3907/547/478
f 3907/547/478 3908/548/479 3904/545/475
f 3903/549/474 3902/550/473 3906/551/477
f 3906/551/477 3907/552/478 3903/549/474
f 3904/553/475 3908/554/479 3905/555/476
f 3905/555/476 3901/556/472 3904/553/475
f 3909/557/480 3910/558/481 3911/559/482
f 3911/559/482 3912/560/483 3909/557/480
f 3913/561/484 3914/562/485 3910/563/481
f 3910/563/481 3909/564/480 3913/561/484
f 3912/565/483 3911/566/482 3915/567/486
f 3915/567/486 3916/568/487 3912/565/483
f 3911/569/482 3910/570/481 3914/571/485
f 3914/571/485 3915/572/486 3911/569/482
f 3912/573/483 3916/574/487 3913/575/484
f 3913/575/484 3909/576/480 3912/573/483
f 3917/577/488 3918/578/489 3919/579/490
f 3919/579/490 3920/580/491 3917/577/488
f 3921/581/492 3917/577/488 3920/580/491
f 3920/580/491 3922/582/493 3921/581/492
f 3923/583/494 3921/581/492 3922/582/493
f 3922/582/493 3924/584/495 3923/583/494
f 3694/414/349 3683/345/338 3716/479/371
f 3925/585/496 3926/586/497 3927/587/498
f 3927/587/498 3928/588/499 3925/585/496
f 3926/589/497 3929/590/500 3930/591/501
f 3930/591/501 3927/592/498 3926/589/497
f 3925/585/496 3928/588/499 3930/591/501
f 3930/591/501 3929/590/500 3925/585/496
f 3931/593/502 3932/594/503 3933/595/504
f 3931/593/502 3933/595/504 3934/596/505
f 3935/597/506 3931/593/502 3934/596/505
f 3935/598/506 3936/599/507 3937/600/508
f 3937/600/508 3931/601/502 3935/598/506
f 3934/602/505 3938/603/509 3936/604/507
f 3936/604/507 3935/605/506 3934/602/505
f 3933/606/504 3939/607/510 3938/603/509
f 3938/603/509 3934/602/505 3933/606/504
f 3932/598/503 3940/599/511 3939/607/510
f 3939/607/510 3933/606/504 3932/598/503
f 3931/601/502 3937/600/508 3940/604/511
f 3940/604/511 3932/605/503 3931/601/502
f 3941/608/512 3942/609/513 3943/604/514
f 3943/604/514 3944/610/515 3941/608/512
f 3945/611/516 3946/612/517 3942/613/513
f 3942/613/513 3941/614/512 3945/611/516
f 3944/615/515 3943/616/514 3947/617/518
f 3947/617/518 3948/618/519 3944/615/515
f 3944/619/515 3948/620/519 3949/621/504
f 3944/619/515 3949/621/504 3950/622/505
f 3951/623/506 3944/619/515 3950/622/505
f 3951/599/506 3952/624/507 3941/608/512
f 3941/608/512 3944/610/515 3951/599/506
f 3950/624/505 3953/598/509 3952/625/507
f 3952/625/507 3951/608/506 3950/624/505
f 3949/626/504 3954/627/510 3953/628/509
f 3953/628/509 3950/629/505 3949/626/504
f 3943/604/514 3942/609/513 3946/630/517
f 3946/630/517 3947/631/518 3943/604/514
f 3955/632/520 3956/633/521 3957/634/522
f 3955/632/520 3957/634/522 3958/635/523
f 3959/636/524 3955/632/520 3958/635/523
f 3956/637/521 3960/638/525 3961/639/526
f 3961/639/526 3957/640/522 3956/637/521
f 3957/640/522 3961/639/526 3962/641/527
f 3962/641/527 3958/642/523 3957/640/522
f 3958/637/523 3962/638/527 3963/643/528
f 3963/643/528 3959/644/524 3958/637/523
f 3959/644/524 3963/643/528 3964/645/529
f 3964/645/529 3955/646/520 3959/644/524
f 3955/646/520 3964/645/529 3960/641/525
f 3960/641/525 3956/642/521 3955/646/520
f 3965/647/530 3966/648/531 3967/649/532
f 3967/649/532 3968/650/533 3965/647/530
f 3969/651/534 3970/652/535 3966/653/531
f 3966/653/531 3965/654/530 3969/651/534
f 3971/648/536 3972/655/537 3970/656/535
f 3970/656/535 3969/649/534 3971/648/536
f 3972/657/537 3967/658/532 3966/659/531
f 3966/659/531 3970/660/535 3972/657/537
f 3971/658/536 3969/659/534 3965/660/530
f 3965/660/530 3968/657/533 3971/658/536
f 3973/661/538 3974/662/539 3975/663/540
f 3975/663/540 3976/664/541 3973/661/538
f 3977/665/542 3978/666/543 3979/667/544
f 3977/665/542 3979/667/544 3980/668/545
f 3979/667/544 3981/669/546 3980/668/545
f 3981/669/546 3982/670/547 3980/668/545
f 3981/669/546 3983/671/548 3982/670/547
f 3694/414/349 3684/346/339 3683/345/338
f 3976/664/541 3975/663/540 3979/667/544
f 3979/667/544 3978/666/543 3976/664/541
f 3973/672/538 3984/673/549 3985/674/550
f 3973/672/538 3985/674/550 3986/675/551
f 3987/676/552 3973/672/538 3986/675/551
f 3988/677/553 3976/678/541 3978/679/543
f 3978/679/543 3989/680/554 3988/677/553
f 3989/680/554 3978/679/543 3977/681/542
f 3990/682/555 3989/680/554 3977/681/542
f 3988/677/553 3991/452/556 3976/678/541
f 3991/452/556 3973/672/538 3976/678/541
f 3991/452/556 3992/464/557 3993/455/558
f 3994/453/559 3991/452/556 3993/455/558
f 3994/453/559 3995/456/560 3991/452/556
f 3996/683/561 3995/456/560 3994/453/559
f 3997/449/562 3984/673/549 3973/672/538
f 3991/452/556 3997/449/562 3973/672/538
f 3998/451/563 3997/449/562 3991/452/556
f 3999/457/564 3998/451/563 3991/452/556
f 3995/456/560 3999/457/564 3991/452/556
f 4000/684/565 3999/457/564 3995/456/560
f 3995/456/560 3996/683/561 4000/684/565
f 4000/684/565 3996/683/561 4001/685/566
f 3994/453/559 4001/685/566 3996/683/561
f 4001/685/566 3994/453/559 4002/454/567
f 3999/457/564 4000/684/565 4003/686/568
f 4003/686/568 4002/454/567 3999/457/564
f 4002/454/567 4003/686/568 4001/685/566
f 4001/685/566 4003/686/568 4000/684/565
f 4004/687/569 4005/459/570 4006/460/571
f 4006/460/571 4005/459/570 4002/454/567
f 4002/454/567 4005/459/570 4007/458/572
f 3999/457/564 4002/454/567 4007/458/572
f 3999/457/564 4007/458/572 3998/451/563
f 4005/459/570 4008/461/573 4007/458/572
f 3994/453/559 3993/455/558 4002/454/567
f 4002/454/567 3993/455/558 4006/460/571
f 4009/688/574 4006/460/571 3993/455/558
f 4006/460/571 4009/688/574 4004/687/569
f 4004/687/569 4009/688/574 2951/689/575
f 4010/690/576 4004/687/569 2951/689/575
f 4010/690/576 2951/689/575 752/691/577
f 4011/692/578 4010/690/576 752/691/577
f 750/693/579 4011/692/578 752/691/577
f 750/693/579 4012/694/580 4011/692/578
f 750/693/579 4013/695/581 4012/694/580
f 4013/695/581 750/693/579 749/696/582
f 2951/689/575 755/697/583 752/691/577
f 4014/450/584 4013/695/581 4015/698/585
f 4013/695/581 749/696/582 4015/698/585
f 749/696/582 4016/699/586 4015/698/585
f 4016/699/586 749/696/582 748/700/587
f 748/700/587 4017/701/588 4016/699/586
f 4017/701/588 748/700/587 747/702/589
f 747/702/589 4018/703/590 4017/701/588
f 4018/703/590 747/702/589 757/704/591
f 1067/705/592 4018/703/590 757/704/591
f 1067/705/592 757/704/591 758/706/593
f 4019/707/594 4016/699/586 4017/701/588
f 4020/708/595 4019/707/594 4017/701/588
f 4018/703/590 4020/708/595 4017/701/588
f 4019/707/594 4020/708/595 4021/709/596
f 747/702/589 746/710/597 756/711/598
f 747/702/589 756/711/598 757/704/591
f 3998/451/563 4014/450/584 3997/449/562
f 4015/698/585 3997/449/562 4014/450/584
f 3997/449/562 4015/698/585 3984/673/549
f 4016/699/586 3984/673/549 4015/698/585
f 4016/699/586 4022/712/599 3984/673/549
f 4016/699/586 4019/707/594 4022/712/599
f 4022/712/599 4019/707/594 4023/713/600
f 4021/709/596 4023/713/600 4019/707/594
f 4024/714/601 4023/713/600 4021/709/596
f 4021/709/596 4025/715/602 4024/714/601
f 4023/713/600 4026/716/603 4022/712/599
f 4026/716/603 4023/713/600 4024/714/601
f 4024/714/601 3990/682/555 4026/716/603
f 3980/717/545 4026/716/603 3990/682/555
f 3980/717/545 3982/718/547 4026/716/603
f 3982/718/547 3986/675/551 4026/716/603
f 4022/712/599 4026/716/603 3986/675/551
f 3986/675/551 3985/674/550 4022/712/599
f 4022/712/599 3985/674/550 3984/673/549
f 3983/719/548 3987/676/552 3986/675/551
f 4024/714/601 4025/715/602 4027/720/604
f 4027/720/604 4028/721/605 4024/714/601
f 3990/682/555 4024/714/601 4028/721/605
f 4028/721/605 4029/722/606 3990/682/555
f 3989/680/554 3990/682/555 4029/722/606
f 1065/723/607 3989/680/554 4029/722/606
f 1065/723/607 3988/677/553 3989/680/554
f 1065/723/607 4030/724/608 3988/677/553
f 3991/452/556 3988/677/553 4030/724/608
f 4030/724/608 4031/465/609 3991/452/556
f 1065/723/607 4029/722/606 4028/721/605
f 1065/723/607 4028/721/605 1066/725/610
f 1066/725/610 4028/721/605 4027/720/604
f 4027/720/604 1067/705/592 1066/725/610
f 1065/723/607 1064/726/611 4032/727/612
f 1065/723/607 4032/727/612 4030/724/608
f 4031/465/609 4030/724/608 4032/727/612
f 1064/726/611 761/728/613 736/729/614
f 3991/452/556 4031/465/609 3992/464/557
f 4032/727/612 3992/464/557 4031/465/609
f 3992/464/557 4032/727/612 4033/730/615
f 1064/726/611 4033/730/615 4032/727/612
f 4034/731/616 4033/730/615 1064/726/611
f 4034/731/616 1064/726/611 736/729/614
f 4035/732/617 4034/731/616 736/729/614
f 4036/733/618 4035/732/617 736/729/614
f 4037/462/619 4035/732/617 4036/733/618
f 4036/733/618 3993/455/558 4037/462/619
f 3993/455/558 4036/733/618 4009/688/574
f 4038/463/620 4037/462/619 3993/455/558
f 3992/464/557 4038/463/620 3993/455/558
f 3992/464/557 4039/734/621 4038/463/620
f 4033/730/615 4039/734/621 3992/464/557
f 4039/734/621 4033/730/615 4034/731/616
f 4034/731/616 4038/463/620 4039/734/621
f 4038/463/620 4034/731/616 4035/732/617
f 4035/732/617 4037/462/619 4038/463/620
f 4009/688/574 4036/733/618 745/735/622
f 4009/688/574 745/735/622 723/736/623
f 4009/688/574 723/736/623 743/737/624
f 4009/688/574 743/737/624 2951/689/575
f 743/737/624 2856/738/625 2951/689/575
f 745/735/622 720/739/626 723/736/623
f 736/729/614 739/740/627 745/735/622
f 4036/733/618 736/729/614 745/735/622
f 719/741/628 1985/742/629 1928/743/630
f 1928/743/630 2091/744/631 719/741/628
f 724/745/632 723/746/623 720/747/626
f 720/747/626 719/741/628 724/745/632
f 724/745/632 719/741/628 2091/744/631
f 2398/748/633 724/745/632 2091/744/631
f 2398/748/633 2091/744/631 2327/749/634
f 2662/750/635 2398/748/633 2327/749/634
f 2327/749/634 2602/751/636 2662/750/635
f 2774/752/637 2662/750/635 2602/751/636
f 2602/751/636 2733/753/638 2774/752/637
f 743/754/624 2774/752/637 2733/753/638
f 2733/753/638 2856/755/625 743/754/624
f 4040/756/639 4041/757/640 4042/758/641
f 4042/758/641 4043/759/642 4040/756/639
f 4041/757/640 4044/760/643 4045/761/644
f 4045/761/644 4042/758/641 4041/757/640
f 4046/762/645 4042/758/641 4045/761/644
f 4043/759/642 4042/758/641 4046/762/645
f 4046/762/645 4047/763/646 4043/759/642
f 4048/764/647 4047/763/646 4046/762/645
f 4046/762/645 4049/765/648 4048/764/647
f 4049/765/648 4046/762/645 4050/766/649
f 4050/766/649 4051/767/650 4049/765/648
f 4052/768/651 4051/767/650 4050/766/649
f 4045/761/644 4050/766/649 4046/762/645
f 4050/766/649 4053/769/652 4052/768/651
f 4054/770/653 4053/769/652 4050/766/649
f 4050/766/649 4045/761/644 4054/770/653
f 4054/770/653 4045/761/644 4044/760/643
f 4044/760/643 4055/771/654 4054/770/653
f 4051/767/650 4056/772/655 4057/773/656
f 4057/773/656 4049/765/648 4051/767/650
f 4058/774/657 4059/775/658 4060/776/659
f 4060/776/659 4041/777/640 4058/774/657
f 4061/778/660 4062/779/661 4059/780/658
f 4059/780/658 4058/781/657 4061/778/660
f 4044/782/643 4063/783/662 4062/784/661
f 4062/784/661 4061/785/660 4044/782/643
f 4041/786/640 4060/787/659 4063/788/662
f 4063/788/662 4044/789/643 4041/786/640
f 4064/790/663 4065/791/664 4066/792/665
f 4066/792/665 4067/793/666 4064/790/663
f 4068/794/667 4069/795/668 4065/796/664
f 4065/796/664 4064/797/663 4068/794/667
f 4070/798/669 4071/799/670 4069/800/668
f 4069/800/668 4068/801/667 4070/798/669
f 4067/802/666 4066/803/665 4071/804/670
f 4071/804/670 4070/805/669 4067/802/666
f 4072/806/671 4064/806/663 4073/807/672
f 4064/806/663 4072/806/671 4074/808/673
f 4075/809/671 4068/809/667 4074/808/673
f 4068/809/667 4075/809/671 4076/810/674
f 4067/811/666 4077/811/671 4073/807/672
f 4077/811/671 4067/811/666 4078/812/675
f 4079/813/676 4070/813/669 4076/810/674
f 4070/813/669 4079/813/676 4078/812/675
f 4080/814/677 4075/809/671 4074/808/673
f 4075/809/671 4080/814/677 4076/810/674
f 4070/813/669 4068/809/667 4076/810/674
f 4068/809/667 4064/806/663 4074/808/673
f 4067/811/666 4070/813/669 4078/812/675
f 4064/806/663 4067/811/666 4073/807/672
f 4078/812/675 4081/815/678 4077/811/671
f 4077/811/671 4081/815/678 4073/807/672
f 4082/816/679 4079/813/676 4076/810/674
f 4079/813/676 4082/816/679 4061/817/660
f 4079/813/676 4061/817/660 4058/818/657
f 4079/813/676 4058/818/657 4078/812/675
f 4073/807/672 4083/819/680 4072/806/671
f 4072/806/671 4083/819/680 4084/820/681
f 4072/806/671 4084/820/681 4085/821/682
f 4072/806/671 4085/821/682 4074/808/673
f 4043/792/642 4047/791/646 4073/822/672
f 4073/822/672 4081/823/678 4043/792/642
f 4076/824/674 4080/825/677 4053/826/652
f 4053/826/652 4054/827/653 4076/824/674
f 4066/828/665 4065/829/664 4069/830/668
f 4069/830/668 4071/831/670 4066/828/665
f 4048/832/647 4083/833/680 4073/834/672
f 4084/835/681 4083/833/680 4048/832/647
f 4048/832/647 4049/836/648 4084/835/681
f 4086/837/683 4084/835/681 4049/836/648
f 4084/835/681 4086/837/683 4087/838/684
f 4087/838/684 4086/837/683 4057/839/656
f 4057/839/656 4056/840/655 4087/838/684
f 4085/841/682 4087/838/684 4056/840/655
f 4056/840/655 4051/842/650 4085/841/682
f 4074/843/673 4085/841/682 4051/842/650
f 4051/842/650 4052/844/651 4074/843/673
f 4074/843/673 4052/844/651 4053/845/652
f 4053/845/652 4080/846/677 4074/843/673
f 4087/838/684 4085/841/682 4084/835/681
f 4049/836/648 4057/839/656 4086/837/683
f 4088/538/685 4089/541/686 4090/540/687
f 4090/540/687 4091/539/688 4088/538/685
f 4092/542/689 4088/545/685 4091/544/688
f 4091/544/688 4093/543/690 4092/542/689
f 4089/545/686 4094/548/691 4095/547/692
f 4095/547/692 4090/546/687 4089/545/686
f 4090/549/687 4095/552/692 4093/551/690
f 4093/551/690 4091/550/688 4090/549/687
f 4089/553/686 4088/556/685 4092/555/689
f 4092/555/689 4094/554/691 4089/553/686
f 4096/557/693 4097/560/694 4098/559/695
f 4098/559/695 4099/558/696 4096/557/693
f 4100/561/697 4096/564/693 4099/563/696
f 4099/563/696 4101/562/698 4100/561/697
f 4097/565/694 4102/568/699 4103/567/700
f 4103/567/700 4098/566/695 4097/565/694
f 4098/569/695 4103/572/700 4101/571/698
f 4101/571/698 4099/570/696 4098/569/695
f 4097/573/694 4096/576/693 4100/575/697
f 4100/575/697 4102/574/699 4097/573/694
f 4104/577/701 4105/580/702 4106/579/703
f 4106/579/703 4107/578/704 4104/577/701
f 4108/582/705 4109/847/706 4110/848/707
f 4110/848/707 4105/580/702 4108/582/705
f 4105/580/702 4110/848/707 4111/849/708
f 4111/849/708 4106/579/703 4105/580/702
f 4112/583/709 4113/584/710 4108/582/705
f 4108/582/705 4114/581/711 4112/583/709
f 4114/581/711 4108/582/705 4105/580/702
f 4105/580/702 4104/577/701 4114/581/711
f 4109/847/706 4114/850/711 4104/851/701
f 4104/851/701 4110/848/707 4109/847/706
f 4110/848/707 4104/851/701 4107/852/704
f 4107/852/704 4111/849/708 4110/848/707
f 4115/853/712 4113/584/710 4112/583/709
f 4112/583/709 4116/854/713 4115/853/712
f 4115/853/712 4116/854/713 4117/855/714
f 4117/855/714 4118/856/715 4115/853/712
f 4119/585/716 4120/588/717 4118/587/715
f 4118/587/715 4121/586/718 4119/585/716
f 4121/589/718 4118/592/715 4117/591/714
f 4117/591/714 4122/590/719 4121/589/718
f 4119/585/716 4122/590/719 4117/591/714
f 4117/591/714 4120/588/717 4119/585/716
f 4123/595/720 4124/594/721 4125/593/722
f 4126/596/723 4123/595/720 4125/593/722
f 4127/597/724 4126/596/723 4125/593/722
f 3694/414/349 3696/857/351 3684/346/339
f 4127/598/724 4125/601/722 4128/600/508
f 4128/600/508 4129/599/507 4127/598/724
f 4126/602/723 4127/605/724 4129/604/507
f 4129/604/507 4130/603/509 4126/602/723
f 4123/606/720 4126/602/723 4130/603/509
f 4130/603/509 4131/607/510 4123/606/720
f 4124/598/721 4123/606/720 4131/607/510
f 4131/607/510 4132/599/511 4124/598/721
f 4125/601/722 4124/605/721 4132/604/511
f 4132/604/511 4128/600/508 4125/601/722
f 4133/608/725 4134/610/726 4135/604/727
f 4135/604/727 4136/609/514 4133/608/725
f 4137/611/728 4133/614/725 4136/613/514
f 4136/613/514 4138/612/518 4137/611/728
f 4134/615/726 4139/618/729 4140/617/517
f 4140/617/517 4135/616/727 4134/615/726
f 4141/621/720 4139/620/729 4134/619/726
f 4142/622/723 4141/621/720 4134/619/726
f 4143/623/724 4142/622/723 4134/619/726
f 3680/342/335 3691/858/346 3694/414/349
f 4143/599/724 4134/610/726 4133/608/725
f 4133/608/725 4144/624/507 4143/599/724
f 4142/624/723 4143/608/724 4144/625/507
f 4144/625/507 4145/598/509 4142/624/723
f 4141/626/720 4142/629/723 4145/628/509
f 4145/628/509 4146/627/510 4141/626/720
f 4139/859/729 4141/860/720 4146/861/510
f 4146/861/510 4137/862/728 4139/859/729
f 4139/859/729 4137/862/728 4138/863/518
f 4138/863/518 4140/864/517 4139/859/729
f 4135/604/727 4140/631/517 4138/630/518
f 4138/630/518 4136/609/514 4135/604/727
f 4147/634/730 4148/633/731 4149/632/732
f 4150/635/733 4147/634/730 4149/632/732
f 4151/636/734 4150/635/733 4149/632/732
f 3680/342/335 3679/341/334 3691/858/346
f 4149/646/732 4148/642/731 4152/641/735
f 4152/641/735 4153/645/529 4149/646/732
f 4151/644/734 4149/646/732 4153/645/529
f 4153/645/529 4154/643/528 4151/644/734
f 4150/637/733 4151/644/734 4154/643/528
f 4154/643/528 4155/638/736 4150/637/733
f 3701/369/356 3716/865/371 3683/370/338
f 4156/647/737 4157/650/533 4158/649/532
f 4158/649/532 4159/648/738 4156/647/737
f 4160/651/739 4156/654/737 4159/653/738
f 4159/653/738 4161/652/740 4160/651/739
f 4162/648/536 4160/649/739 4161/656/740
f 4161/656/740 4163/655/537 4162/648/536
f 4163/657/537 4161/660/740 4159/659/738
f 4159/659/738 4158/658/532 4163/657/537
f 4162/658/536 4157/657/533 4156/660/737
f 4156/660/737 4160/659/739 4162/658/536
f 4164/661/741 4165/664/742 4166/663/743
f 4166/663/743 4167/662/744 4164/661/741
f 4168/670/745 4169/671/746 4170/669/747
f 4171/668/748 4168/670/745 4170/669/747
f 4171/668/748 4170/669/747 4172/667/749
f 4173/665/750 4171/668/748 4172/667/749
f 4173/665/750 4172/667/749 4174/666/751
f 3718/866/373 3685/348/340 3680/347/335
f 4165/664/742 4174/666/751 4172/667/749
f 4172/667/749 4166/663/743 4165/664/742
f 4175/674/752 4176/673/753 4164/672/741
f 4177/675/754 4175/674/752 4164/672/741
f 4178/676/755 4177/675/754 4164/672/741
f 3766/466/421 4179/867/422 3767/467/422
f 4166/663/743 4172/667/749 4170/669/747
f 4170/669/747 4167/662/744 4166/663/743
f 4180/685/756 4181/683/757 4182/684/758
f 4182/684/758 4183/686/759 4180/685/756
f 4183/686/759 4182/684/758 3757/457/412
f 3757/457/412 3754/454/409 4183/686/759
f 4180/685/756 4183/686/759 3754/454/409
f 3754/454/409 3753/453/408 4180/685/756
f 4181/683/757 4180/685/756 3753/453/408
f 3753/453/408 3756/456/411 4181/683/757
f 4182/684/758 4181/683/757 3756/456/411
f 3756/456/411 3757/457/412 4182/684/758
f 3920/580/491 3919/579/490 4184/849/760
f 4184/849/760 4185/848/761 3920/580/491
f 3922/582/493 3920/580/491 4185/848/761
f 4185/848/761 4186/847/762 3922/582/493
f 4185/848/761 4184/849/760 3918/852/489
f 3918/852/489 3917/851/488 4185/848/761
f 4186/847/762 4185/848/761 3917/851/488
f 3917/851/488 3921/850/492 4186/847/762
f 3924/584/495 3922/582/493 4186/847/762
f 4186/847/762 4187/868/763 3924/584/495
f 4188/853/764 3924/584/495 4187/868/763
f 4187/868/763 4189/869/765 4188/853/764
f 4188/853/764 4189/869/765 3928/870/499
f 3928/870/499 3927/856/498 4188/853/764
f 3339/711/766 805/710/767 802/702/768
f 3338/704/769 3339/711/766 802/702/768
f 809/705/770 808/706/771 3338/704/769
f 809/705/770 3338/704/769 4190/703/772
f 3338/704/769 802/702/768 4190/703/772
f 4191/701/773 4190/703/772 802/702/768
f 802/702/768 801/700/774 4191/701/773
f 4192/699/775 4191/701/773 801/700/774
f 801/700/774 800/696/776 4192/699/775
f 4193/698/777 4192/699/775 800/696/776
f 4194/695/778 4193/698/777 800/696/776
f 4194/695/778 800/696/776 798/693/779
f 4193/698/777 4176/673/753 4192/699/775
f 4195/712/780 4175/674/752 4177/675/754
f 4176/673/753 4175/674/752 4195/712/780
f 4192/699/775 4176/673/753 4195/712/780
f 4192/699/775 4195/712/780 4196/707/781
f 4191/701/773 4192/699/775 4196/707/781
f 4191/701/773 4196/707/781 4197/708/782
f 4190/703/772 4191/701/773 4197/708/782
f 4177/675/754 4178/676/755 4169/719/746
f 4198/714/783 4199/713/784 4200/716/785
f 4195/712/780 4200/716/785 4199/713/784
f 4199/713/784 4196/707/781 4195/712/780
f 4196/707/781 4199/713/784 4201/709/786
f 4201/709/786 4197/708/782 4196/707/781
f 4201/709/786 4199/713/784 4198/714/783
f 4198/714/783 4202/715/787 4201/709/786
f 4203/720/788 4202/715/787 4198/714/783
f 4198/714/783 4204/721/789 4203/720/788
f 4204/721/789 4198/714/783 4205/682/790
f 4200/716/785 4205/682/790 4198/714/783
f 4171/717/748 4205/682/790 4200/716/785
f 4171/717/748 4200/716/785 4168/718/745
f 4200/716/785 4177/675/754 4168/718/745
f 4177/675/754 4200/716/785 4195/712/780
f 815/723/791 4206/680/792 4207/677/793
f 4207/677/793 4206/680/792 4174/679/751
f 4173/681/750 4174/679/751 4206/680/792
f 4173/681/750 4206/680/792 4205/682/790
f 4208/722/794 4205/682/790 4206/680/792
f 4205/682/790 4208/722/794 4204/721/789
f 815/723/791 4204/721/789 4208/722/794
f 815/723/791 812/725/795 4204/721/789
f 4203/720/788 4204/721/789 812/725/795
f 812/725/795 809/705/770 4203/720/788
f 4174/679/751 4165/678/742 4207/677/793
f 815/723/791 4208/722/794 4206/680/792
f 787/735/796 4209/733/797 4210/688/798
f 787/735/796 777/729/799 4209/733/797
f 777/729/799 4211/732/800 4209/733/797
f 777/729/799 4212/731/801 4211/732/800
f 777/729/799 817/726/802 4212/731/801
f 817/726/802 4213/730/803 4212/731/801
f 4214/727/804 4213/730/803 817/726/802
f 815/723/791 4214/727/804 817/726/802
f 815/723/791 4215/724/805 4214/727/804
f 815/723/791 4207/677/793 4215/724/805
f 777/729/799 818/728/806 817/726/802
f 787/735/796 782/740/807 777/729/799
f 798/693/779 4216/694/808 4194/695/778
f 798/693/779 4217/692/809 4216/694/808
f 798/693/779 795/691/810 4217/692/809
f 4217/692/809 795/691/810 4218/690/811
f 795/691/810 792/689/812 4218/690/811
f 792/689/812 4219/687/813 4218/690/811
f 792/689/812 4210/688/798 4219/687/813
f 792/689/812 2991/737/814 4210/688/798
f 2991/737/814 774/736/815 4210/688/798
f 774/736/815 787/735/796 4210/688/798
f 795/691/810 789/697/816 792/689/812
f 792/689/812 794/738/817 2991/737/814
f 769/747/818 774/746/815 775/745/819
f 775/745/819 770/741/820 769/747/818
f 777/871/799 782/872/807 783/873/821
f 783/873/821 778/874/822 777/871/799
f 4220/762/823 4221/766/824 4222/761/825
f 4222/761/825 4223/758/826 4220/762/823
f 4224/757/827 4223/758/826 4222/761/825
f 4223/758/826 4224/757/827 4225/756/828
f 4225/756/828 4226/759/829 4223/758/826
f 4220/762/823 4223/758/826 4226/759/829
f 4226/759/829 4227/763/830 4220/762/823
f 4220/762/823 4227/763/830 4228/764/831
f 4228/764/831 4229/765/832 4220/762/823
f 4221/766/824 4220/762/823 4229/765/832
f 4229/765/832 4230/767/833 4221/766/824
f 4221/766/824 4230/767/833 4231/768/834
f 4230/767/833 4229/765/832 4232/773/835
f 4232/773/835 4233/772/836 4230/767/833
f 4231/768/834 4234/769/837 4221/766/824
f 4221/766/824 4234/769/837 4235/770/838
f 4235/770/838 4222/761/825 4221/766/824
f 4236/760/839 4222/761/825 4235/770/838
f 4222/761/825 4236/760/839 4224/757/827
f 4235/770/838 4237/771/840 4236/760/839
f 4238/774/841 4224/777/827 4239/776/842
f 4239/776/842 4240/775/843 4238/774/841
f 4241/778/844 4238/781/841 4240/780/843
f 4240/780/843 4242/779/845 4241/778/844
f 4236/782/839 4241/785/844 4242/784/845
f 4242/784/845 4243/783/846 4236/782/839
f 4224/786/827 4236/789/839 4243/788/846
f 4243/788/846 4239/787/842 4224/786/827
f 4237/875/840 4235/876/838 4244/877/847
f 4244/877/847 4245/878/848 4237/875/840
f 4237/875/840 4245/878/848 4241/879/844
f 4241/879/844 4236/880/839 4237/875/840
f 4246/881/849 4247/882/850 4226/883/829
f 4226/883/829 4225/884/828 4246/881/849
f 4246/881/849 4225/884/828 4224/885/827
f 4224/885/827 4238/886/841 4246/881/849
f 4248/790/851 4249/793/852 4250/792/853
f 4250/792/853 4251/791/854 4248/790/851
f 4252/794/855 4248/797/851 4251/796/854
f 4251/796/854 4253/795/856 4252/794/855
f 4254/798/857 4252/801/855 4253/800/856
f 4253/800/856 4255/799/858 4254/798/857
f 4249/802/852 4254/805/857 4255/804/858
f 4255/804/858 4250/803/853 4249/802/852
f 4244/810/847 4256/809/859 4252/809/855
f 4244/810/847 4252/809/855 4254/813/857
f 4257/813/860 4244/810/847 4254/813/857
f 4245/816/848 4244/810/847 4257/813/860
f 4241/817/844 4245/816/848 4257/813/860
f 4238/818/841 4241/817/844 4257/813/860
f 4246/812/849 4238/818/841 4257/813/860
f 4246/812/849 4257/813/860 4254/813/857
f 4246/812/849 4254/813/857 4249/811/852
f 4258/811/859 4246/812/849 4249/811/852
f 4259/807/861 4258/811/859 4249/811/852
f 4259/807/861 4247/815/850 4258/811/859
f 4246/812/849 4258/811/859 4247/815/850
f 4259/807/861 4249/811/852 4248/806/851
f 4244/810/847 4260/814/862 4256/809/859
f 4260/814/862 4261/808/863 4256/809/859
f 4256/809/859 4261/808/863 4252/809/855
f 4261/808/863 4248/806/851 4252/809/855
f 4261/808/863 4262/806/859 4248/806/851
f 4262/806/859 4259/807/861 4248/806/851
f 4259/807/861 4262/806/859 4263/819/864
f 4264/820/865 4263/819/864 4262/806/859
f 4265/821/866 4264/820/865 4262/806/859
f 4261/808/863 4265/821/866 4262/806/859
f 4226/792/829 4247/823/850 4259/822/861
f 4259/822/861 4227/791/830 4226/792/829
f 4244/824/847 4235/827/838 4234/826/837
f 4234/826/837 4260/825/862 4244/824/847
f 4250/828/853 4255/831/858 4253/830/856
f 4253/830/856 4251/829/854 4250/828/853
f 4264/835/865 4265/841/866 4266/838/867
f 4266/838/867 4267/837/868 4264/835/865
f 4261/843/863 4260/846/862 4234/845/837
f 4234/845/837 4231/844/834 4261/843/863
f 4261/843/863 4231/844/834 4230/842/833
f 4230/842/833 4265/841/866 4261/843/863
f 4265/841/866 4230/842/833 4233/840/836
f 4233/840/836 4266/838/867 4265/841/866
f 4266/838/867 4233/840/836 4232/839/835
f 4232/839/835 4267/837/868 4266/838/867
f 4267/837/868 4232/839/835 4229/836/832
f 4229/836/832 4264/835/865 4267/837/868
f 4264/835/865 4229/836/832 4228/832/831
f 4228/832/831 4263/833/864 4264/835/865
f 4259/834/861 4263/833/864 4228/832/831
f 4228/832/831 4227/887/830 4259/834/861
f 4268/888/869 4269/889/870 4270/890/871
f 4271/891/872 4269/889/870 4268/888/869
f 4268/888/869 4272/892/873 4271/891/872
f 4273/893/874 4271/891/872 4272/892/873
f 4272/892/873 4274/894/875 4273/893/874
f 4270/890/871 4275/895/876 4276/896/877
f 4276/896/877 4277/897/878 4270/890/871
f 4270/890/871 4277/897/878 4268/888/869
f 4268/888/869 4277/897/878 4276/896/877
f 4276/896/877 4272/892/873 4268/888/869
f 4272/892/873 4276/896/877 4278/898/879
f 4278/898/879 4274/894/875 4272/892/873
f 4274/894/875 4278/898/879 4279/899/880
f 4279/899/880 4280/900/881 4274/894/875
f 4281/901/882 4280/900/881 4279/899/880
f 4282/902/883 4273/893/874 4274/894/875
f 4274/894/875 4280/900/881 4282/902/883
f 4283/903/884 4282/902/883 4280/900/881
f 4280/900/881 4281/901/882 4283/903/884
f 4284/904/885 4283/903/884 4281/901/882
f 4281/901/882 4285/905/886 4284/904/885
f 4286/906/887 4284/904/885 4285/905/886
f 4285/905/886 4287/907/888 4286/906/887
f 4288/908/889 4286/906/887 4287/907/888
f 4287/907/888 4289/909/890 4288/908/889
f 4279/899/880 4290/910/891 4281/901/882
f 4285/905/886 4281/901/882 4290/910/891
f 4290/910/891 4291/911/892 4285/905/886
f 4287/907/888 4285/905/886 4291/911/892
f 4291/911/892 4289/909/890 4287/907/888
f 4292/912/893 4288/908/889 4289/909/890
f 4289/909/890 4291/911/892 4292/912/893
f 4293/913/894 4292/912/893 4291/911/892
f 4291/911/892 4290/910/891 4293/913/894
f 4294/914/895 4293/913/894 4290/910/891
f 4290/910/891 4279/899/880 4294/914/895
f 4295/915/896 4294/914/895 4279/899/880
f 4279/899/880 4278/898/879 4295/915/896
f 4275/895/876 4295/915/896 4278/898/879
f 4278/898/879 4276/896/877 4275/895/876
f 4188/853/764 3927/856/498 3930/855/501
f 3930/855/501 4296/854/897 4188/853/764
f 4188/853/764 4296/854/897 3923/583/494
f 3923/583/494 3924/584/495 4188/853/764
f 4297/916/898 4298/917/899 4299/918/900
f 4299/918/900 4300/919/901 4297/916/898
f 4300/919/901 4299/918/900 4301/920/902
f 4301/920/902 4302/921/903 4300/919/901
f 4303/922/904 4302/921/903 4301/920/902
f 4304/923/905 4305/924/906 4303/922/904
f 4303/922/904 4306/925/907 4304/923/905
f 4301/920/902 4306/925/907 4303/922/904
f 4304/923/905 4306/925/907 4301/920/902
f 4301/920/902 4299/918/900 4304/923/905
f 4307/926/908 4304/923/905 4299/918/900
f 4299/918/900 4298/917/899 4307/926/908
f 4308/927/909 4307/926/908 4298/917/899
f 4298/917/899 4309/928/910 4308/927/909
f 4308/927/909 4309/928/910 4310/929/911
f 4311/930/912 4312/931/913 4313/932/914
f 4313/932/914 4314/933/915 4311/930/912
f 4314/933/915 4313/932/914 4315/934/916
f 4315/934/916 4316/935/917 4314/933/915
f 4316/935/917 4315/934/916 4317/936/918
f 4317/936/918 4308/927/909 4316/935/917
f 4308/927/909 4317/936/918 4318/937/919
f 4318/937/919 4307/926/908 4308/927/909
f 4307/926/908 4318/937/919 4305/924/906
f 4305/924/906 4304/923/905 4307/926/908
f 4310/929/911 4316/935/917 4308/927/909
f 4316/935/917 4310/929/911 4319/938/920
f 4319/938/920 4314/933/915 4316/935/917
f 4314/933/915 4319/938/920 4320/939/921
f 4320/939/921 4311/930/912 4314/933/915
f 4298/917/899 4297/916/898 4321/940/922
f 4321/940/922 4309/928/910 4298/917/899
f 4309/928/910 4321/940/922 4322/941/923
f 4322/941/923 4310/929/911 4309/928/910
f 4310/929/911 4322/941/923 4323/942/924
f 4323/942/924 4319/938/920 4310/929/911
f 4319/938/920 4323/942/924 4324/943/925
f 4324/943/925 4320/939/921 4319/938/920
f 4320/939/921 4324/943/925 4312/931/913
f 4312/931/913 4311/930/912 4320/939/921
f 4296/944/897 3930/945/501 3928/870/499
f 3928/870/499 4189/869/765 4296/944/897
f 4296/944/897 4189/869/765 4187/868/763
f 4187/868/763 3923/946/494 4296/944/897
f 3923/946/494 4187/868/763 4186/847/762
f 4186/847/762 3921/850/492 3923/946/494
f 4325/947/926 4326/948/927 4327/949/928
f 4327/949/928 4328/950/929 4325/947/926
f 4329/951/930 4330/952/931 4331/953/932
f 4331/953/932 4332/954/933 4329/951/930
f 4333/955/934 4334/956/935 4335/957/936
f 4335/957/936 4336/958/937 4333/955/934
f 4332/954/933 4331/953/932 4326/948/927
f 4326/948/927 4325/947/926 4332/954/933
f 4337/959/938 4338/960/939 4339/961/940
f 4339/961/940 4340/962/941 4337/959/938
f 4341/963/942 4337/959/938 4340/962/941
f 4340/962/941 4342/964/943 4341/963/942
f 4342/964/943 4340/962/941 4343/965/944
f 4343/965/944 4344/966/945 4342/964/943
f 4344/966/945 4343/965/944 4345/967/946
f 4345/967/946 4346/968/947 4344/966/945
f 4347/969/948 4341/970/942 4342/971/943
f 4342/971/943 4348/972/949 4347/969/948
f 4348/972/949 4342/971/943 4344/973/945
f 4344/973/945 4349/974/950 4348/972/949
f 4349/974/950 4344/973/945 4346/975/947
f 4346/975/947 4350/976/951 4349/974/950
f 4340/962/941 4339/961/940 4351/977/952
f 4351/977/952 4343/965/944 4340/962/941
f 4343/965/944 4351/977/952 4352/978/953
f 4352/978/953 4345/967/946 4343/965/944
f 4345/967/946 4352/978/953 4353/979/954
f 4353/979/954 4354/980/955 4345/967/946
f 4355/981/956 4347/969/948 4348/972/949
f 4348/972/949 4356/982/957 4355/981/956
f 4356/982/957 4348/972/949 4349/974/950
f 4349/974/950 4357/983/958 4356/982/957
f 4357/983/958 4349/974/950 4350/976/951
f 4350/976/951 4358/984/959 4357/983/958
f 4358/984/959 4350/976/951 4359/985/960
f 4359/985/960 4360/986/961 4358/984/959
f 4346/968/947 4345/967/946 4354/980/955
f 4354/980/955 4361/987/962 4346/968/947
f 4361/987/962 4354/980/955 4362/988/963
f 4362/988/963 4363/989/964 4361/987/962
f 4363/989/964 4362/988/963 4364/990/965
f 4364/990/965 4365/991/966 4363/989/964
f 4354/980/955 4353/979/954 4366/992/967
f 4366/992/967 4362/988/963 4354/980/955
f 4362/988/963 4366/992/967 4367/993/968
f 4367/993/968 4364/990/965 4362/988/963
f 4338/960/939 4355/981/956 4356/982/957
f 4356/982/957 4339/961/940 4338/960/939
f 4339/961/940 4356/982/957 4357/983/958
f 4357/983/958 4351/977/952 4339/961/940
f 4351/977/952 4357/983/958 4358/984/959
f 4358/984/959 4352/978/953 4351/977/952
f 4352/978/953 4358/984/959 4360/986/961
f 4360/986/961 4353/979/954 4352/978/953
f 4353/979/954 4360/986/961 4368/994/969
f 4368/994/969 4366/992/967 4353/979/954
f 4366/992/967 4368/994/969 4369/995/970
f 4369/995/970 4367/993/968 4366/992/967
f 4360/986/961 4359/985/960 4370/996/971
f 4370/996/971 4368/994/969 4360/986/961
f 4368/994/969 4370/996/971 4371/997/972
f 4371/997/972 4369/995/970 4368/994/969
f 4350/976/951 4346/975/947 4361/998/962
f 4361/998/962 4359/985/960 4350/976/951
f 4359/985/960 4361/998/962 4363/999/964
f 4363/999/964 4370/996/971 4359/985/960
f 4370/996/971 4363/999/964 4365/1000/966
f 4365/1000/966 4371/997/972 4370/996/971
f 4372/1001/973 4373/1002/974 4374/1003/975
f 4374/1003/975 4375/1004/976 4372/1001/973
f 4373/1005/974 4376/1006/977 4377/1007/978
f 4377/1007/978 4374/1008/975 4373/1005/974
f 4376/1009/977 4378/1010/979 4379/1011/980
f 4379/1011/980 4377/1012/978 4376/1009/977
f 4375/1004/976 4380/1013/981 4372/1001/973
f 4378/1010/979 4372/1001/973 4380/1013/981
f 4380/1013/981 4381/1014/982 4378/1010/979
f 4381/1014/982 4379/1011/980 4378/1010/979
f 4375/1004/976 4374/1003/975 4382/1015/983
f 4382/1015/983 4383/1016/984 4375/1004/976
f 4384/1017/985 4380/1013/981 4375/1004/976
f 4381/1014/982 4380/1013/981 4384/1017/985
f 4384/1017/985 4385/1018/986 4381/1014/982
f 4379/1011/980 4381/1014/982 4385/1018/986
f 4385/1018/986 4386/1019/987 4379/1011/980
f 4377/1012/978 4379/1011/980 4386/1019/987
f 4386/1019/987 4387/1020/988 4377/1012/978
f 3948/859/519 3947/864/518 3946/863/517
f 3946/863/517 3945/862/516 3948/859/519
f 3948/859/519 3945/862/516 3954/861/510
f 3954/861/510 3949/860/504 3948/859/519
f 4374/1008/975 4377/1007/978 4387/1021/988
f 4387/1021/988 4382/1022/983 4374/1008/975
f 4383/1016/984 4382/1015/983 4388/1023/989
f 4388/1023/989 4389/1024/990 4383/1016/984
f 4382/1022/983 4387/1021/988 4390/1025/991
f 4390/1025/991 4388/1026/989 4382/1022/983
f 4387/1020/988 4386/1019/987 4391/1027/992
f 4391/1027/992 4390/1028/991 4387/1020/988
f 4391/1027/992 4386/1019/987 4385/1018/986
f 4385/1018/986 4392/1029/993 4391/1027/992
f 4385/1018/986 4384/1017/985 4393/1030/994
f 4393/1030/994 4392/1029/993 4385/1018/986
f 4389/1024/990 4388/1023/989 4394/1031/995
f 4394/1031/995 4395/1032/996 4389/1024/990
f 4388/1026/989 4390/1025/991 4396/1033/997
f 4396/1033/997 4397/1034/998 4388/1026/989
f 4390/1028/991 4391/1027/992 4398/1035/999
f 4398/1035/999 4399/1036/1000 4390/1028/991
f 4400/1037/1001 4401/1038/1002 4402/1039/1003
f 4402/1039/1003 4403/1040/1004 4400/1037/1001
f 4404/1041/1005 4405/1042/1006 4406/1043/1007
f 4406/1043/1007 4407/1044/1008 4404/1041/1005
f 4408/1045/1009 4409/1046/1010 4410/1047/1011
f 4410/1047/1011 4411/1048/1012 4408/1045/1009
f 4409/1046/1010 4406/1043/1007 4405/1042/1006
f 4405/1042/1006 4410/1049/1011 4409/1046/1010
f 4407/1044/1008 4400/1050/1001 4403/1051/1004
f 4403/1051/1004 4404/1041/1005 4407/1044/1008
f 4401/1038/1002 4412/1052/1013 4413/1053/1014
f 4413/1053/1014 4402/1039/1003 4401/1038/1002
f 4414/1054/1015 4408/1045/1009 4411/1048/1012
f 4411/1048/1012 4415/1055/1016 4414/1054/1015
f 4412/1052/1013 4414/1054/1015 4415/1055/1016
f 4415/1055/1016 4413/1053/1014 4412/1052/1013
f 3983/671/548 3981/669/546 3987/1056/552
f 3987/1056/552 3981/669/546 3974/662/539
f 3974/662/539 3973/661/538 3987/1056/552
f 4376/1057/977 4373/1058/974 4372/1059/973
f 4372/1059/973 4378/1060/979 4376/1057/977
f 4416/1061/1017 4417/1062/1018 4418/1063/1019
f 4416/1061/1017 4418/1063/1019 4419/1064/1020
f 4418/1063/1019 4420/1065/1021 4419/1064/1020
f 4420/1065/1021 4421/1066/1022 4419/1064/1020
f 4418/1063/1019 4422/1067/1023 4420/1065/1021
f 4416/1061/1017 4419/1064/1020 4423/1068/1024
f 4424/1069/1025 4425/1070/1026 4426/1071/1027
f 4424/1069/1025 4426/1071/1027 4427/1072/1028
f 4426/1071/1027 4428/1073/1029 4427/1072/1028
f 4428/1073/1029 4429/1074/1030 4427/1072/1028
f 4426/1071/1027 4430/1075/1031 4428/1073/1029
f 4424/1069/1025 4427/1072/1028 4431/1076/1032
f 4432/1077/1033 4433/1077/1034 4434/1078/1035
f 4433/1077/1034 4432/1077/1033 4435/1079/1036
f 4435/1079/1036 4436/1080/1037 4433/1077/1034
f 4436/1080/1037 4435/1079/1036 4437/1081/1038
f 4437/1081/1038 4438/1082/1039 4436/1080/1037
f 4436/1080/1037 4438/1082/1039 4439/1083/1040
f 4439/1083/1040 4433/1077/1034 4436/1080/1037
f 4433/1077/1034 4439/1083/1040 4440/1084/1041
f 4440/1084/1041 4434/1078/1035 4433/1077/1034
f 4441/1085/1042 4434/1078/1035 4440/1084/1041
f 4441/1085/1042 4442/1086/1043 4434/1078/1035
f 4440/1084/1041 4443/1087/1044 4441/1085/1042
f 4444/1088/1045 4445/1089/1046 4446/1090/1047
f 4447/1091/1048 4446/1090/1047 4445/1089/1046
f 4446/1090/1047 4447/1091/1048 4440/1084/1041
f 4447/1091/1048 4448/1092/1049 4440/1084/1041
f 4448/1092/1049 4443/1087/1044 4440/1084/1041
f 4449/1093/1050 4443/1087/1044 4448/1092/1049
f 4443/1087/1044 4449/1093/1050 4450/1094/1051
f 4450/1094/1051 4441/1085/1042 4443/1087/1044
f 4441/1085/1042 4450/1094/1051 4451/1095/1052
f 4451/1095/1052 4442/1086/1043 4441/1085/1042
f 4442/1086/1043 4451/1095/1052 4452/1096/1053
f 4452/1096/1053 4434/1078/1035 4442/1086/1043
f 4434/1078/1035 4452/1096/1053 4432/1077/1033
f 4445/1089/1046 4453/1097/1054 4447/1091/1048
f 4448/1092/1049 4447/1091/1048 4453/1097/1054
f 4453/1097/1054 4454/1098/1055 4448/1092/1049
f 4448/1092/1049 4454/1098/1055 4449/1093/1050
f 4455/1099/1056 4456/1100/1057 4457/1101/1058
f 4458/1102/1059 4457/1101/1058 4456/1100/1057
f 4456/1100/1057 4459/1103/1060 4458/1102/1059
f 4460/1104/1061 4458/1102/1059 4459/1103/1060
f 4459/1103/1060 4456/1100/1057 4455/1099/1056
f 4438/1082/1039 4437/1081/1038 4461/1105/1062
f 4461/1105/1062 4462/1106/1063 4438/1082/1039
f 4439/1083/1040 4438/1082/1039 4462/1106/1063
f 4462/1106/1063 4463/1104/1064 4439/1083/1040
f 4440/1084/1041 4439/1083/1040 4463/1104/1064
f 4463/1104/1064 4459/1103/1060 4440/1084/1041
f 4446/1090/1047 4440/1084/1041 4459/1103/1060
f 4459/1103/1060 4455/1099/1056 4446/1090/1047
f 4446/1090/1047 4455/1099/1056 4444/1088/1045
f 4457/1101/1058 4444/1088/1045 4455/1099/1056
f 4463/1104/1064 4462/1106/1063 4461/1105/1062
f 3980/717/545 3990/682/555 3977/681/542
f 4464/1107/1065 4465/1108/1066 4466/1109/1067
f 4466/1109/1067 4467/1110/1068 4464/1107/1065
f 4467/1110/1068 4466/1109/1067 4468/1111/1069
f 4468/1111/1069 4469/1112/1070 4467/1110/1068
f 4469/1112/1070 4468/1111/1069 4470/1113/1071
f 4470/1113/1071 4471/1114/1072 4469/1112/1070
f 4472/1112/1073 4469/1112/1070 4471/1114/1072
f 4471/1114/1072 4473/1114/1074 4472/1112/1073
f 4474/1115/1075 4472/1112/1073 4473/1114/1074
f 4473/1114/1074 4475/1116/1076 4474/1115/1075
f 4476/1117/1077 4477/1107/1078 4478/1110/1079
f 4467/1110/1068 4478/1110/1079 4477/1107/1078
f 4478/1110/1079 4467/1110/1068 4469/1112/1070
f 4469/1112/1070 4472/1112/1073 4478/1110/1079
f 4479/1118/1080 4478/1110/1079 4472/1112/1073
f 4472/1112/1073 4474/1115/1075 4479/1118/1080
f 4478/1110/1079 4479/1118/1080 4476/1117/1077
f 4477/1107/1078 4464/1107/1065 4467/1110/1068
f 3982/718/547 3983/719/548 3986/675/551
f 4480/1119/1081 4481/1120/1066 4482/1121/1082
f 4482/1121/1082 4483/1122/1083 4480/1119/1081
f 4483/1122/1083 4482/1121/1082 4484/1123/1084
f 4484/1123/1084 4485/1124/1085 4483/1122/1083
f 4485/1124/1085 4484/1123/1084 4486/1125/1071
f 4486/1125/1071 4487/1126/1086 4485/1124/1085
f 4488/1127/1087 4485/1124/1085 4487/1126/1086
f 4487/1126/1086 4489/1128/1074 4488/1127/1087
f 4490/1129/1088 4488/1127/1087 4489/1128/1074
f 4489/1128/1074 4491/1130/1076 4490/1129/1088
f 4492/1131/1077 4493/1132/1078 4494/1133/1089
f 4483/1122/1083 4494/1133/1089 4493/1132/1078
f 4494/1133/1089 4483/1122/1083 4485/1124/1085
f 4485/1124/1085 4488/1127/1087 4494/1133/1089
f 4495/1134/1090 4494/1133/1089 4488/1127/1087
f 4488/1127/1087 4490/1129/1088 4495/1134/1090
f 4494/1133/1089 4495/1134/1090 4492/1131/1077
f 4493/1132/1078 4480/1119/1081 4483/1122/1083
f 1864/1135/1091 1928/1136/630 1985/1137/629
f 1985/1137/629 1887/1138/1092 1864/1135/1091
f 1210/1139/1093 1864/1135/1091 1887/1138/1092
f 1887/1138/1092 1391/1140/1094 1210/1139/1093
f 1391/1140/1094 1211/1141/1095 1210/1139/1093
f 1391/1140/1094 786/1142/1096 1211/1141/1095
f 786/1142/1096 823/1143/1097 1211/1141/1095
f 785/1144/1098 823/1143/1097 786/1142/1096
f 823/1143/1097 785/1144/1098 740/873/1099
f 740/873/1099 735/874/1100 823/1143/1097
f 736/871/614 735/874/1100 740/873/1099
f 740/873/1099 739/872/627 736/871/614
f 4073/834/672 4047/887/646 4048/832/647
f 4496/1145/1101 4497/1146/1102 4498/1146/1103
f 4498/1146/1103 4499/1145/1104 4496/1145/1101
f 4500/1146/1105 4501/1145/1106 4502/1145/1107
f 4502/1145/1107 4503/1146/1108 4500/1146/1105
f 4504/1147/1109 4505/1148/1110 4506/1149/1111
f 4506/1149/1111 4507/1150/1112 4504/1147/1109
f 4507/1150/1112 4506/1151/1111 4508/1152/1113
f 4508/1152/1113 4509/1153/1114 4507/1150/1112
f 4510/1154/1115 4511/1155/1116 4512/1156/1117
f 4512/1156/1117 4513/1157/1118 4510/1154/1115
f 4513/1157/1118 4512/1156/1117 4514/1158/1119
f 4514/1158/1119 4515/1159/1120 4513/1157/1118
f 4515/1159/1120 4514/1158/1119 4516/1160/1121
f 4516/1160/1121 4517/1161/1122 4515/1159/1120
f 4517/1161/1122 4516/1160/1121 4505/1148/1110
f 4505/1148/1110 4504/1147/1109 4517/1161/1122
f 4509/1153/1114 4508/1162/1113 4518/1163/1123
f 4518/1163/1123 4519/1164/1124 4509/1153/1114
f 4519/1164/1124 4518/1163/1123 4520/1165/1125
f 4520/1165/1125 4521/1166/1126 4519/1164/1124
f 4521/1166/1126 4520/1165/1125 4522/1167/1127
f 4522/1167/1127 4523/1168/1128 4521/1166/1126
f 4523/1168/1128 4522/1167/1127 4511/1155/1116
f 4511/1155/1116 4510/1154/1115 4523/1168/1128
f 4524/1169/1129 4503/1146/1108 4502/1145/1107
f 4502/1145/1107 4525/1170/1130 4524/1169/1129
f 4526/1171/1131 4524/1169/1129 4525/1170/1130
f 4525/1170/1130 4527/1172/1132 4526/1171/1131
f 4528/1173/1133 4526/1171/1131 4527/1172/1132
f 4527/1172/1132 4529/1174/1134 4528/1173/1133
f 4530/1175/1135 4528/1173/1133 4529/1174/1134
f 4529/1174/1134 4531/1176/1136 4530/1175/1135
f 4532/1177/1137 4530/1175/1135 4531/1176/1136
f 4531/1176/1136 4533/1178/1138 4532/1177/1137
f 4534/1179/1139 4532/1177/1137 4533/1178/1138
f 4533/1178/1138 4535/1180/1140 4534/1179/1139
f 4536/1181/1141 4534/1179/1139 4535/1180/1140
f 4535/1180/1140 4537/1182/1142 4536/1181/1141
f 4055/875/654 4044/880/643 4061/879/660
f 4061/879/660 4082/878/679 4055/875/654
f 4055/875/654 4082/878/679 4076/877/674
f 4076/877/674 4054/876/653 4055/875/654
f 4538/1183/1143 4501/1184/1106 4500/1185/1105
f 4500/1185/1105 4539/1186/1144 4538/1183/1143
f 4540/1187/1145 4538/1183/1143 4539/1186/1144
f 4539/1186/1144 4541/1188/1146 4540/1187/1145
f 4542/1189/1147 4540/1187/1145 4541/1188/1146
f 4541/1188/1146 4543/1190/1148 4542/1189/1147
f 4544/1191/1149 4542/1189/1147 4543/1190/1148
f 4543/1190/1148 4545/1192/1150 4544/1191/1149
f 4546/1193/1151 4544/1191/1149 4545/1192/1150
f 4545/1192/1150 4547/1194/1152 4546/1193/1151
f 4548/1195/1153 4546/1193/1151 4547/1194/1152
f 4547/1194/1152 4549/1196/1154 4548/1195/1153
f 4550/1197/1155 4548/1195/1153 4549/1196/1154
f 4549/1196/1154 4551/1198/1156 4550/1197/1155
f 4078/881/675 4058/886/657 4041/885/640
f 4041/885/640 4040/884/639 4078/881/675
f 4078/881/675 4040/884/639 4043/883/642
f 4043/883/642 4081/882/678 4078/881/675
f 4525/1170/1130 4502/1145/1107 4501/1184/1106
f 4501/1184/1106 4538/1183/1143 4525/1170/1130
f 4527/1172/1132 4525/1170/1130 4538/1183/1143
f 4538/1183/1143 4540/1187/1145 4527/1172/1132
f 4529/1174/1134 4527/1172/1132 4540/1187/1145
f 4540/1187/1145 4542/1189/1147 4529/1174/1134
f 4531/1176/1136 4529/1174/1134 4542/1189/1147
f 4542/1189/1147 4544/1191/1149 4531/1176/1136
f 4533/1178/1138 4531/1176/1136 4544/1191/1149
f 4544/1191/1149 4546/1193/1151 4533/1178/1138
f 4535/1180/1140 4533/1178/1138 4546/1193/1151
f 4546/1193/1151 4548/1195/1153 4535/1180/1140
f 4537/1182/1142 4535/1180/1140 4548/1195/1153
f 4548/1195/1153 4550/1197/1155 4537/1182/1142
f 4115/853/712 4118/856/715 4120/870/717
f 4120/870/717 4552/869/1157 4115/853/712
f 4115/853/712 4552/869/1157 4553/868/1158
f 4553/868/1158 4113/584/710 4115/853/712
f 4113/584/710 4553/868/1158 4109/847/706
f 4109/847/706 4108/582/705 4113/584/710
f 4554/1147/1159 4555/1150/1160 4556/1149/1161
f 4556/1149/1161 4557/1148/1162 4554/1147/1159
f 4555/1150/1160 4558/1153/1163 4559/1152/1164
f 4559/1152/1164 4556/1151/1161 4555/1150/1160
f 4560/1157/1165 4561/1154/1166 4562/1168/1167
f 4562/1168/1167 4563/1159/1168 4560/1157/1165
f 4563/1159/1168 4562/1168/1167 4564/1166/1169
f 4564/1166/1169 4565/1161/1170 4563/1159/1168
f 4565/1161/1170 4564/1166/1169 4566/1164/1171
f 4566/1164/1171 4554/1147/1159 4565/1161/1170
f 4554/1147/1159 4566/1164/1171 4558/1153/1163
f 4558/1153/1163 4555/1150/1160 4554/1147/1159
f 4561/1154/1166 4560/1157/1165 4567/1156/1172
f 4567/1156/1172 4568/1155/1173 4561/1154/1166
f 4563/1159/1168 4565/1161/1170 4569/1160/1174
f 4569/1160/1174 4570/1158/1175 4563/1159/1168
f 4560/1157/1165 4563/1159/1168 4570/1158/1175
f 4570/1158/1175 4567/1156/1172 4560/1157/1165
f 4112/946/709 4114/850/711 4109/847/706
f 4109/847/706 4553/868/1158 4112/946/709
f 4116/944/713 4112/946/709 4553/868/1158
f 4553/868/1158 4552/869/1157 4116/944/713
f 4116/944/713 4552/869/1157 4120/870/717
f 4120/870/717 4117/945/714 4116/944/713
f 4565/1161/1170 4554/1147/1159 4557/1148/1162
f 4557/1148/1162 4569/1160/1174 4565/1161/1170
f 4566/1164/1171 4564/1166/1169 4571/1165/1176
f 4571/1165/1176 4572/1163/1177 4566/1164/1171
f 4558/1153/1163 4566/1164/1171 4572/1163/1177
f 4572/1163/1177 4559/1162/1164 4558/1153/1163
f 4147/640/730 4150/642/733 4155/641/736
f 4155/641/736 4573/639/526 4147/640/730
f 4148/637/731 4147/640/730 4573/639/526
f 4573/639/526 4152/638/735 4148/637/731
f 4169/671/746 4178/1056/755 4170/669/747
f 4167/662/744 4170/669/747 4178/1056/755
f 4178/1056/755 4164/661/741 4167/662/744
f 4177/675/754 4169/719/746 4168/718/745
f 4562/1168/1167 4561/1154/1166 4568/1155/1173
f 4568/1155/1173 4574/1167/1178 4562/1168/1167
f 4564/1166/1169 4562/1168/1167 4574/1167/1178
f 4574/1167/1178 4571/1165/1176 4564/1166/1169
f 4171/717/748 4173/681/750 4205/682/790
f 4575/1171/1179 4576/1172/1180 4577/1170/1181
f 4577/1170/1181 4578/1169/1182 4575/1171/1179
f 4578/1169/1182 4577/1170/1181 4499/1145/1104
f 4499/1145/1104 4498/1146/1103 4578/1169/1182
f 4579/1181/1183 4580/1182/1184 4581/1180/1185
f 4581/1180/1185 4582/1179/1186 4579/1181/1183
f 4582/1179/1186 4581/1180/1185 4583/1178/1187
f 4583/1178/1187 4584/1177/1188 4582/1179/1186
f 4584/1177/1188 4583/1178/1187 4585/1176/1189
f 4585/1176/1189 4586/1175/1190 4584/1177/1188
f 4586/1175/1190 4585/1176/1189 4587/1174/1191
f 4587/1174/1191 4588/1173/1192 4586/1175/1190
f 4588/1173/1192 4587/1174/1191 4576/1172/1180
f 4576/1172/1180 4575/1171/1179 4588/1173/1192
f 4589/1187/1193 4590/1188/1194 4591/1186/1195
f 4591/1186/1195 4592/1183/1196 4589/1187/1193
f 4592/1183/1196 4591/1186/1195 4497/1185/1102
f 4497/1185/1102 4496/1184/1101 4592/1183/1196
f 4593/1197/1197 4594/1198/1198 4595/1196/1199
f 4595/1196/1199 4596/1195/1200 4593/1197/1197
f 4596/1195/1200 4595/1196/1199 4597/1194/1201
f 4597/1194/1201 4598/1193/1202 4596/1195/1200
f 4598/1193/1202 4597/1194/1201 4599/1192/1203
f 4599/1192/1203 4600/1191/1204 4598/1193/1202
f 4600/1191/1204 4599/1192/1203 4601/1190/1205
f 4601/1190/1205 4602/1189/1206 4600/1191/1204
f 4602/1189/1206 4601/1190/1205 4590/1188/1194
f 4590/1188/1194 4589/1187/1193 4602/1189/1206
f 4576/1172/1180 4589/1187/1193 4592/1183/1196
f 4592/1183/1196 4577/1170/1181 4576/1172/1180
f 4577/1170/1181 4592/1183/1196 4496/1184/1101
f 4496/1184/1101 4499/1145/1104 4577/1170/1181
f 4580/1182/1184 4593/1197/1197 4596/1195/1200
f 4596/1195/1200 4581/1180/1185 4580/1182/1184
f 4581/1180/1185 4596/1195/1200 4598/1193/1202
f 4598/1193/1202 4583/1178/1187 4581/1180/1185
f 4583/1178/1187 4598/1193/1202 4600/1191/1204
f 4600/1191/1204 4585/1176/1189 4583/1178/1187
f 4585/1176/1189 4600/1191/1204 4602/1189/1206
f 4602/1189/1206 4587/1174/1191 4585/1176/1189
f 4587/1174/1191 4602/1189/1206 4589/1187/1193
f 4589/1187/1193 4576/1172/1180 4587/1174/1191
f 4603/1199/1207 4604/1200/1208 4605/1201/1209
f 4605/1201/1209 4606/1202/1210 4603/1199/1207
f 4607/1203/1211 4608/1204/1212 4609/1205/1213
f 4607/1203/1211 4610/1206/1214 4608/1204/1212
f 4611/1207/1215 4610/1206/1214 4607/1203/1211
f 4612/1208/1216 4610/1206/1214 4611/1207/1215
f 4610/1206/1214 4612/1208/1216 4613/1209/1217
f 4613/1209/1217 4614/1210/1218 4610/1206/1214
f 4614/1210/1218 4613/1209/1217 4615/1211/1219
f 4615/1211/1219 4616/1212/1220 4614/1210/1218
f 4617/1213/1221 4616/1212/1220 4615/1211/1219
f 4618/1214/1222 4616/1212/1220 4617/1213/1221
f 4617/1213/1221 4615/1211/1219 4619/1215/1223
f 4201/709/786 4202/715/787 4203/720/788
f 4620/1216/1224 4621/1217/1225 4622/1218/1226
f 4623/1219/1227 4621/1217/1225 4620/1216/1224
f 4620/1216/1224 4624/1220/1228 4623/1219/1227
f 4624/1220/1228 4620/1216/1224 4625/1221/1229
f 4625/1221/1229 4626/1222/1230 4624/1220/1228
f 4626/1222/1230 4627/1223/1231 4628/1224/1232
f 4629/1225/1233 4627/1223/1231 4626/1222/1230
f 4626/1222/1230 4625/1221/1229 4629/1225/1233
f 4629/1225/1233 4625/1221/1229 4630/1226/1234
f 4630/1226/1234 4625/1221/1229 4620/1216/1224
f 4620/1216/1224 4631/1227/1235 4630/1226/1234
f 4622/1218/1226 4631/1227/1235 4620/1216/1224
f 4632/1228/1236 4631/1227/1235 4622/1218/1226
f 4630/1226/1234 4631/1227/1235 4632/1228/1236
f 4632/1228/1236 4633/1229/1237 4630/1226/1234
f 4634/1230/1238 4630/1226/1234 4633/1229/1237
f 4630/1226/1234 4634/1230/1238 4629/1225/1233
f 4627/1223/1231 4635/1231/1239 4636/1232/1240
f 4637/1233/1241 4635/1231/1239 4627/1223/1231
f 4627/1223/1231 4629/1225/1233 4637/1233/1241
f 4638/1234/1242 4637/1233/1241 4629/1225/1233
f 4629/1225/1233 4634/1230/1238 4638/1234/1242
f 4638/1234/1242 4634/1230/1238 4639/1235/1243
f 4633/1229/1237 4639/1235/1243 4634/1230/1238
f 4639/1235/1243 4633/1229/1237 4640/1236/1244
f 4641/1237/1245 4640/1236/1244 4633/1229/1237
f 4633/1229/1237 4632/1228/1236 4641/1237/1245
f 4639/1235/1243 4642/1238/1246 4638/1234/1242
f 4642/1238/1246 4639/1235/1243 4643/1239/1247
f 4640/1236/1244 4643/1239/1247 4639/1235/1243
f 4640/1236/1244 4644/1240/1248 4643/1239/1247
f 4643/1239/1247 4644/1240/1248 4645/1241/1249
f 4645/1241/1249 4646/1242/1250 4643/1239/1247
f 4643/1239/1247 4646/1242/1250 4642/1238/1246
f 4647/1243/1251 4648/1244/1252 4649/1245/1253
f 4641/1237/1245 4649/1245/1253 4648/1244/1252
f 4648/1244/1252 4650/1246/1254 4641/1237/1245
f 4651/1247/1255 4652/1248/1256 4653/1249/1257
f 4652/1248/1256 4651/1247/1255 4654/1250/1258
f 4654/1250/1258 4651/1247/1255 4655/1251/1259
f 4655/1251/1259 4656/1252/1260 4654/1250/1258
f 4647/1243/1251 4656/1252/1260 4655/1251/1259
f 4655/1251/1259 4657/1253/1261 4647/1243/1251
f 4648/1244/1252 4647/1243/1251 4657/1253/1261
f 4657/1253/1261 4658/1254/1262 4648/1244/1252
f 4650/1246/1254 4648/1244/1252 4658/1254/1262
f 4658/1254/1262 4659/1255/1263 4650/1246/1254
f 4658/1254/1262 4657/1253/1261 4660/1256/1264
f 4661/1257/1265 4655/1251/1259 4651/1247/1255
f 4657/1253/1261 4655/1251/1259 4661/1257/1265
f 4661/1257/1265 4660/1256/1264 4657/1253/1261
f 4662/1258/1266 4660/1256/1264 4661/1257/1265
f 4660/1256/1264 4662/1258/1266 4658/1254/1262
f 4662/1258/1266 4659/1255/1263 4658/1254/1262
f 4663/1259/1267 4659/1255/1263 4662/1258/1266
f 4663/1259/1267 4662/1258/1266 4661/1257/1265
f 4661/1257/1265 4664/1260/1268 4663/1259/1267
f 4664/1260/1268 4661/1257/1265 4665/1261/1269
f 4665/1261/1269 4666/1262/1270 4664/1260/1268
f 4667/1263/1271 4666/1262/1270 4665/1261/1269
f 4651/1247/1255 4665/1261/1269 4661/1257/1265
f 4653/1249/1257 4665/1261/1269 4651/1247/1255
f 4665/1261/1269 4653/1249/1257 4667/1263/1271
f 4668/1264/1272 4667/1263/1271 4653/1249/1257
f 4653/1249/1257 4669/1265/1273 4668/1264/1272
f 4668/1264/1272 4669/1265/1273 4670/1266/1274
f 4671/1267/1275 4670/1266/1274 4669/1265/1273
f 4669/1265/1273 4672/1268/1276 4671/1267/1275
f 4652/1248/1256 4672/1268/1276 4669/1265/1273
f 4669/1265/1273 4653/1249/1257 4652/1248/1256
f 4670/1266/1274 4673/1269/1277 4668/1264/1272
f 4674/1270/1278 4672/1268/1276 4652/1248/1256
f 4672/1268/1276 4674/1270/1278 4675/1271/1279
f 4675/1271/1279 4671/1267/1275 4672/1268/1276
f 4676/1272/1280 4671/1267/1275 4675/1271/1279
f 4670/1266/1274 4671/1267/1275 4676/1272/1280
f 4676/1272/1280 4677/1273/1281 4670/1266/1274
f 4673/1269/1277 4670/1266/1274 4677/1273/1281
f 4677/1273/1281 4678/1274/1282 4673/1269/1277
f 4678/1274/1282 4677/1273/1281 4679/1275/1283
f 4679/1275/1283 4680/1276/1284 4678/1274/1282
f 4681/1277/1285 4679/1275/1283 4682/1278/1286
f 4682/1278/1286 4679/1275/1283 4677/1273/1281
f 4677/1273/1281 4676/1272/1280 4682/1278/1286
f 4683/1279/1287 4684/1280/1288 4685/1281/1289
f 4686/1282/1290 4684/1280/1288 4683/1279/1287
f 4683/1279/1287 4687/1283/1291 4686/1282/1290
f 4675/1271/1279 4686/1282/1290 4687/1283/1291
f 4687/1283/1291 4688/1284/1292 4675/1271/1279
f 4675/1271/1279 4688/1284/1292 4676/1272/1280
f 4676/1272/1280 4688/1284/1292 4689/1285/1258
f 4689/1285/1258 4682/1278/1286 4676/1272/1280
f 4690/1286/1293 4682/1278/1286 4689/1285/1258
f 4682/1278/1286 4690/1286/1293 4681/1277/1285
f 4691/1287/1294 4687/1283/1291 4683/1279/1287
f 4688/1284/1292 4687/1283/1291 4691/1287/1294
f 4691/1287/1294 4689/1285/1258 4688/1284/1292
f 4692/1288/1295 4689/1285/1258 4691/1287/1294
f 4691/1287/1294 4693/1289/1296 4692/1288/1295
f 4694/1290/1297 4692/1288/1295 4693/1289/1296
f 4690/1286/1293 4692/1288/1295 4694/1290/1297
f 4689/1285/1258 4692/1288/1295 4690/1286/1293
f 4681/1277/1285 4690/1286/1293 4695/1291/1298
f 4694/1290/1297 4695/1291/1298 4690/1286/1293
f 4695/1291/1298 4694/1290/1297 4696/1292/1299
f 4697/1293/1300 4696/1292/1299 4694/1290/1297
f 4694/1290/1297 4698/1294/1301 4697/1293/1300
f 4693/1289/1296 4698/1294/1301 4694/1290/1297
f 4698/1294/1301 4693/1289/1296 4699/1295/1302
f 4699/1295/1302 4693/1289/1296 4691/1287/1294
f 4691/1287/1294 4700/1296/1303 4699/1295/1302
f 4683/1279/1287 4700/1296/1303 4691/1287/1294
f 4701/1297/1304 4680/1276/1284 4679/1275/1283
f 4679/1275/1283 4681/1277/1285 4701/1297/1304
f 4701/1297/1304 4681/1277/1285 4702/1298/1305
f 4695/1291/1298 4702/1298/1305 4681/1277/1285
f 4702/1298/1305 4695/1291/1298 4703/1299/1306
f 4696/1292/1299 4703/1299/1306 4695/1291/1298
f 4703/1299/1306 4696/1292/1299 4704/1300/1307
f 4705/1301/1308 4704/1300/1307 4696/1292/1299
f 4696/1292/1299 4697/1293/1300 4705/1301/1308
f 4705/1301/1308 4697/1293/1300 4706/1302/1309
f 4704/1300/1307 4707/1303/1310 4703/1299/1306
f 4703/1299/1306 4707/1304/1310 4708/1305/1311
f 4708/1305/1311 4702/1298/1305 4703/1299/1306
f 4702/1298/1305 4708/1305/1311 4701/1297/1304
f 4705/1301/1308 4706/1302/1309 4709/1306/1312
f 4709/1306/1312 4710/1307/1313 4705/1301/1308
f 4711/1308/1314 4712/1309/1315 4713/1310/1316
f 4713/1310/1316 4714/1311/1317 4711/1308/1314
f 4715/1312/1318 4711/1308/1314 4714/1311/1317
f 4714/1311/1317 3400/1313/1 4715/1312/1318
f 4715/1312/1318 3400/1313/1 4716/1314/1319
f 4716/1314/1319 4717/1312/1320 4715/1312/1318
f 4710/1307/1313 4715/1312/1318 4717/1312/1320
f 4711/1308/1314 4715/1312/1318 4710/1307/1313
f 4710/1307/1313 4709/1306/1312 4711/1308/1314
f 4712/1309/1315 4711/1308/1314 4709/1306/1312
f 4709/1306/1312 4718/1315/1321 4712/1309/1315
f 4718/1315/1321 4709/1306/1312 4706/1302/1309
f 4706/1302/1309 4719/1316/1322 4718/1315/1321
f 4706/1302/1309 4697/1293/1300 4698/1294/1301
f 4698/1294/1301 4719/1316/1322 4706/1302/1309
f 4699/1295/1302 4719/1316/1322 4698/1294/1301
f 4718/1315/1321 4719/1316/1322 4699/1295/1302
f 4699/1295/1302 4720/1317/1323 4718/1315/1321
f 4712/1309/1315 4718/1315/1321 4720/1317/1323
f 4720/1317/1323 4721/1318/1324 4712/1309/1315
f 4713/1310/1316 4712/1309/1315 4721/1318/1324
f 4721/1318/1324 4722/1319/1325 4713/1310/1316
f 4722/1319/1325 4721/1318/1324 4723/1320/1326
f 4700/1296/1303 4683/1279/1287 4724/1321/1327
f 4685/1281/1289 4724/1321/1327 4683/1279/1287
f 4724/1321/1327 4685/1281/1289 4725/1322/1328
f 4725/1322/1328 4726/1323/1329 4724/1321/1327
f 4727/1324/1330 4724/1321/1327 4726/1323/1329
f 4726/1323/1329 4723/1320/1326 4727/1324/1330
f 4727/1324/1330 4723/1320/1326 4721/1318/1324
f 4721/1318/1324 4720/1317/1323 4727/1324/1330
f 4700/1296/1303 4727/1324/1330 4720/1317/1323
f 4720/1317/1323 4699/1295/1302 4700/1296/1303
f 4724/1321/1327 4727/1324/1330 4700/1296/1303
f 4723/1320/1326 4728/1325/1331 4722/1319/1325
f 4729/1326/1332 4728/1325/1331 4723/1320/1326
f 4723/1320/1326 4726/1323/1329 4729/1326/1332
f 4730/1327/1333 4729/1326/1332 4726/1323/1329
f 4726/1323/1329 4725/1322/1328 4730/1327/1333
f 4730/1327/1333 4725/1322/1328 4731/1328/1334
f 4732/1329/1335 4731/1328/1334 4725/1322/1328
f 4725/1322/1328 4685/1281/1289 4732/1329/1335
f 4733/1330/1336 4732/1329/1335 4685/1281/1289
f 4685/1281/1289 4684/1280/1288 4733/1330/1336
f 4731/1328/1334 4734/1331/1337 4730/1327/1333
f 4684/1280/1288 4686/1282/1290 4735/1332/1338
f 4735/1332/1338 4733/1330/1336 4684/1280/1288
f 4736/1333/1339 4733/1330/1336 4735/1332/1338
f 4732/1329/1335 4733/1330/1336 4736/1333/1339
f 4736/1333/1339 4737/1334/1340 4732/1329/1335
f 4731/1328/1334 4732/1329/1335 4737/1334/1340
f 4737/1334/1340 4628/1224/1232 4731/1328/1334
f 4734/1331/1337 4731/1328/1334 4628/1224/1232
f 4628/1224/1232 4636/1232/1240 4734/1331/1337
f 4636/1232/1240 4628/1224/1232 4627/1223/1231
f 4735/1332/1338 4738/1335/1341 4736/1333/1339
f 4686/1282/1290 4675/1271/1279 4674/1270/1278
f 4674/1270/1278 4735/1332/1338 4686/1282/1290
f 4738/1335/1341 4735/1332/1338 4674/1270/1278
f 4674/1270/1278 4739/1336/1295 4738/1335/1341
f 4623/1219/1227 4738/1335/1341 4739/1336/1295
f 4736/1333/1339 4738/1335/1341 4623/1219/1227
f 4623/1219/1227 4624/1220/1228 4736/1333/1339
f 4737/1334/1340 4736/1333/1339 4624/1220/1228
f 4624/1220/1228 4626/1222/1230 4737/1334/1340
f 4628/1224/1232 4737/1334/1340 4626/1222/1230
f 4641/1237/1245 4632/1228/1236 4649/1245/1253
f 4622/1218/1226 4649/1245/1253 4632/1228/1236
f 4649/1245/1253 4622/1218/1226 4647/1243/1251
f 4647/1243/1251 4622/1218/1226 4621/1217/1225
f 4621/1217/1225 4656/1252/1260 4647/1243/1251
f 4656/1252/1260 4621/1217/1225 4623/1219/1227
f 4623/1219/1227 4654/1250/1258 4656/1252/1260
f 4739/1336/1295 4654/1250/1258 4623/1219/1227
f 4654/1250/1258 4739/1336/1295 4652/1248/1256
f 4652/1248/1256 4739/1336/1295 4674/1270/1278
f 3763/463/418 4740/734/1342 3764/464/419
f 4741/1337/1343 4742/1338/1344 4743/1339/1345
f 4743/1339/1345 4744/1340/1346 4741/1337/1343
f 4744/1340/1346 4743/1339/1345 4745/1341/1347
f 4742/1338/1344 4746/1342/1348 4636/1343/1240
f 4636/1343/1240 4635/1344/1239 4742/1338/1344
f 4742/1338/1344 4635/1344/1239 4637/1345/1241
f 4637/1345/1241 4743/1339/1345 4742/1338/1344
f 4743/1339/1345 4637/1345/1241 4638/1346/1242
f 4638/1346/1242 4745/1341/1347 4743/1339/1345
f 4745/1341/1347 4638/1346/1242 4747/1347/1349
f 4747/1347/1349 4748/1348/1350 4745/1341/1347
f 4749/1349/1351 4748/1348/1350 4747/1347/1349
f 4750/1350/1352 4748/1348/1350 4749/1349/1351
f 4734/1351/1337 4636/1343/1240 4746/1342/1348
f 4638/1346/1242 4642/1352/1246 4751/1353/1353
f 4751/1353/1353 4747/1347/1349 4638/1346/1242
f 4751/1353/1353 4752/1354/1354 4747/1347/1349
f 4747/1347/1349 4752/1354/1354 4749/1349/1351
f 4749/1349/1351 4752/1354/1354 4608/1204/1212
f 4608/1204/1212 4610/1206/1214 4749/1349/1351
f 4753/1355/1355 4749/1349/1351 4610/1206/1214
f 4610/1206/1214 4614/1210/1218 4753/1355/1355
f 4754/1356/1356 4753/1355/1355 4614/1210/1218
f 4614/1210/1218 4616/1212/1220 4754/1356/1356
f 4754/1356/1356 4616/1212/1220 4618/1214/1222
f 4609/1205/1213 4608/1204/1212 4752/1354/1354
f 4755/1357/1357 4756/1358/1358 4611/1207/1215
f 4611/1207/1215 4607/1203/1211 4755/1357/1357
f 4757/1359/1359 4755/1357/1357 4607/1203/1211
f 4607/1203/1211 4609/1205/1213 4757/1359/1359
f 4758/1360/1360 4757/1359/1359 4609/1205/1213
f 4752/1354/1354 4758/1360/1360 4609/1205/1213
f 4758/1360/1360 4752/1354/1354 4759/1361/1361
f 4759/1361/1361 4752/1354/1354 4751/1353/1353
f 4760/1362/1362 4759/1361/1361 4751/1353/1353
f 4751/1353/1353 4642/1352/1246 4760/1362/1362
f 4758/1360/1360 4759/1361/1361 4760/1362/1362
f 4760/1362/1362 4761/1363/1363 4758/1360/1360
f 4761/1363/1363 4757/1359/1359 4758/1360/1360
f 4761/1363/1363 4755/1357/1357 4757/1359/1359
f 3760/460/415 3759/459/414 4219/687/813
f 4219/687/813 4210/688/798 3760/460/415
f 3755/455/410 3760/460/415 4210/688/798
f 4210/688/798 4209/733/797 3755/455/410
f 3762/462/417 3755/455/410 4209/733/797
f 4209/733/797 4211/732/800 3762/462/417
f 3763/463/418 3762/462/417 4211/732/800
f 4211/732/800 4212/731/801 3763/463/418
f 4740/734/1342 3763/463/418 4212/731/801
f 4212/731/801 4213/730/803 4740/734/1342
f 3764/464/419 4740/734/1342 4213/730/803
f 4213/730/803 4214/727/804 3764/464/419
f 3765/465/420 3764/464/419 4214/727/804
f 4214/727/804 4215/724/805 3765/465/420
f 3752/452/407 3765/465/420 4215/724/805
f 4215/724/805 4207/677/793 3752/452/407
f 4207/677/793 4165/678/742 3752/452/407
f 4165/678/742 4164/672/741 3752/452/407
f 4164/672/741 3749/449/404 3752/452/407
f 4164/672/741 4176/673/753 3749/449/404
f 4176/673/753 4193/698/777 3749/449/404
f 3750/450/405 3749/449/404 4193/698/777
f 4193/698/777 4194/695/778 3750/450/405
f 3751/451/406 3750/450/405 4194/695/778
f 4194/695/778 4216/694/808 3751/451/406
f 3758/458/413 3751/451/406 4216/694/808
f 4216/694/808 4217/692/809 3758/458/413
f 3761/461/416 3758/458/413 4217/692/809
f 4217/692/809 4218/690/811 3761/461/416
f 3759/459/414 3761/461/416 4218/690/811
f 4218/690/811 4219/687/813 3759/459/414
f 4762/1364/1364 4763/1365/1365 4764/1366/1366
f 4764/1366/1366 4765/1367/1367 4762/1364/1364
f 4766/1368/1368 4762/1364/1364 4765/1367/1367
f 4766/1368/1368 4767/1369/1369 4762/1364/1364
f 4768/1370/1370 4767/1369/1369 4766/1368/1368
f 4767/1369/1369 4768/1370/1370 4769/1371/1371
f 4756/1372/1358 4769/1371/1371 4768/1370/1370
f 4755/1373/1357 4769/1371/1371 4756/1372/1358
f 4761/1374/1363 4769/1371/1371 4755/1373/1357
f 4769/1371/1371 4761/1374/1363 4760/1375/1362
f 4760/1375/1362 4770/1376/1372 4769/1371/1371
f 4646/1377/1250 4770/1376/1372 4760/1375/1362
f 4760/1375/1362 4642/1378/1246 4646/1377/1250
f 4769/1371/1371 4771/1379/1373 4767/1369/1369
f 4772/1380/1374 4773/1381/1375 4774/1382/1376
f 4774/1382/1376 4775/1383/1377 4772/1380/1374
f 4776/1384/1378 4772/1380/1374 4775/1383/1377
f 4775/1383/1377 4777/1385/1379 4776/1384/1378
f 4778/1386/1380 4776/1384/1378 4777/1385/1379
f 4779/1387/1381 4776/1384/1378 4778/1386/1380
f 4772/1380/1374 4776/1384/1378 4779/1387/1381
f 4779/1387/1381 4780/1388/1382 4772/1380/1374
f 4780/1388/1382 4779/1387/1381 4781/1389/1383
f 4741/1337/1343 4781/1389/1383 4779/1387/1381
f 4775/1383/1377 4782/1390/1384 4783/1391/1385
f 4783/1391/1385 4777/1385/1379 4775/1383/1377
f 4783/1391/1385 4784/1392/1386 4777/1385/1379
f 4777/1385/1379 4784/1392/1386 4778/1386/1380
f 4785/1393/1387 4778/1386/1380 4784/1392/1386
f 4779/1387/1381 4778/1386/1380 4785/1393/1387
f 4785/1393/1387 4786/1394/1388 4779/1387/1381
f 4779/1387/1381 4786/1394/1388 4741/1337/1343
f 4741/1337/1343 4786/1394/1388 4746/1342/1348
f 4746/1342/1348 4742/1338/1344 4741/1337/1343
f 4787/1395/1389 4788/1396/1390 4789/1397/1391
f 4790/1398/1392 4788/1396/1390 4787/1395/1389
f 4787/1395/1389 4791/1399/1393 4790/1398/1392
f 4781/1389/1383 4790/1398/1392 4791/1399/1393
f 4791/1399/1393 4792/1400/1394 4781/1389/1383
f 4781/1389/1383 4792/1400/1394 4780/1388/1382
f 4780/1388/1382 4792/1400/1394 4793/1401/1395
f 4793/1401/1395 4794/1402/1396 4780/1388/1382
f 4772/1380/1374 4780/1388/1382 4794/1402/1396
f 4794/1402/1396 4773/1381/1375 4772/1380/1374
f 4795/1403/1397 4789/1397/1391 4788/1396/1390
f 4793/1401/1395 4796/1404/1398 4797/1405/1399
f 4798/1406/1400 4797/1405/1399 4799/1407/1401
f 4799/1407/1401 4797/1405/1399 4796/1404/1398
f 4796/1404/1398 4800/1408/1402 4799/1407/1401
f 4798/1406/1400 4801/1409/1403 4802/1410/1404
f 4801/1409/1403 4798/1406/1400 4799/1407/1401
f 4799/1407/1401 4803/1411/1405 4801/1409/1403
f 4803/1411/1405 4799/1407/1401 4800/1408/1402
f 4800/1408/1402 4789/1397/1391 4803/1411/1405
f 4789/1397/1391 4800/1408/1402 4787/1395/1389
f 4787/1395/1389 4800/1408/1402 4796/1404/1398
f 4796/1404/1398 4791/1399/1393 4787/1395/1389
f 4791/1399/1393 4796/1404/1398 4793/1401/1395
f 4793/1401/1395 4792/1400/1394 4791/1399/1393
f 4804/1412/1406 4797/1405/1399 4798/1406/1400
f 4798/1406/1400 4805/1413/1407 4804/1412/1406
f 4802/1410/1404 4805/1413/1407 4798/1406/1400
f 4805/1413/1407 4802/1410/1404 4764/1414/1366
f 4805/1413/1407 4764/1414/1366 4804/1412/1406
f 4804/1412/1406 4764/1414/1366 4806/1415/1408
f 4804/1412/1406 4806/1415/1408 4807/1416/1409
f 4808/1417/1410 4807/1416/1409 4806/1415/1408
f 4809/1418/1411 4807/1416/1409 4808/1417/1410
f 4808/1417/1410 4810/1419/1412 4809/1418/1411
f 4804/1412/1406 4807/1416/1409 4809/1418/1411
f 4775/1383/1377 4774/1382/1376 4811/1420/1413
f 4811/1420/1413 4774/1382/1376 4812/1421/1414
f 4812/1421/1414 4774/1382/1376 4773/1381/1375
f 4773/1381/1375 4813/1422/1415 4812/1421/1414
f 4813/1422/1415 4773/1381/1375 4794/1402/1396
f 4794/1402/1396 4810/1419/1412 4813/1422/1415
f 4810/1419/1412 4794/1402/1396 4793/1401/1395
f 4793/1401/1395 4809/1418/1411 4810/1419/1412
f 4797/1405/1399 4809/1418/1411 4793/1401/1395
f 4809/1418/1411 4797/1405/1399 4804/1412/1406
f 4814/1423/1416 4810/1419/1412 4808/1417/1410
f 4814/1423/1416 4813/1422/1415 4810/1419/1412
f 4813/1422/1415 4814/1423/1416 4815/1424/1417
f 4815/1424/1417 4812/1421/1414 4813/1422/1415
f 4815/1424/1417 4816/1425/1418 4812/1421/1414
f 4812/1421/1414 4816/1425/1418 4811/1420/1413
f 4808/1417/1410 4806/1415/1408 4606/1426/1210
f 4605/1427/1209 4808/1417/1410 4606/1426/1210
f 4808/1417/1410 4605/1427/1209 4814/1423/1416
f 4814/1423/1416 4605/1427/1209 4604/1428/1208
f 4604/1428/1208 4815/1424/1417 4814/1423/1416
f 4817/1429/1419 4603/1430/1207 4818/1431/1408
f 4604/1432/1208 4603/1430/1207 4817/1429/1419
f 4815/1424/1417 4604/1432/1208 4817/1429/1419
f 4817/1429/1419 4816/1425/1418 4815/1424/1417
f 4819/1433/1420 4820/1434/1421 4821/1435/1422
f 4820/1434/1421 4818/1431/1408 4821/1435/1422
f 4820/1434/1421 4822/1436/1409 4818/1431/1408
f 4817/1429/1419 4818/1431/1408 4822/1436/1409
f 4817/1429/1419 4822/1436/1409 4823/1437/1411
f 4823/1437/1411 4816/1425/1418 4817/1429/1419
f 4816/1425/1418 4823/1437/1411 4824/1438/1395
f 4824/1438/1395 4811/1420/1413 4816/1425/1418
f 4782/1390/1384 4811/1420/1413 4824/1438/1395
f 4811/1420/1413 4782/1390/1384 4775/1383/1377
f 4824/1438/1395 4823/1437/1411 4825/1439/1423
f 4820/1434/1421 4825/1439/1423 4823/1437/1411
f 4823/1437/1411 4822/1436/1409 4820/1434/1421
f 4826/1440/1381 4827/1441/1382 4828/1442/1424
f 4827/1441/1382 4826/1440/1381 4829/1443/1383
f 4829/1443/1383 4830/1444/1394 4827/1441/1382
f 4782/1390/1384 4830/1444/1394 4829/1443/1383
f 4824/1438/1395 4830/1444/1394 4782/1390/1384
f 4827/1441/1382 4830/1444/1394 4824/1438/1395
f 4824/1438/1395 4831/1445/1425 4827/1441/1382
f 4825/1439/1423 4831/1445/1425 4824/1438/1395
f 4831/1445/1425 4825/1439/1423 4832/1446/1426
f 4833/1447/1427 4832/1446/1426 4825/1439/1423
f 4833/1447/1427 4825/1439/1423 4820/1434/1421
f 4820/1434/1421 4819/1433/1420 4833/1447/1427
f 4832/1446/1426 4834/1448/1428 4831/1445/1425
f 4828/1442/1424 4827/1441/1382 4831/1445/1425
f 4831/1445/1425 4834/1448/1428 4828/1442/1424
f 4828/1442/1424 4834/1448/1428 4835/1449/1429
f 4836/1450/1430 4835/1449/1429 4834/1448/1428
f 4834/1448/1428 4832/1446/1426 4836/1450/1430
f 4837/1451/1431 4836/1450/1430 4832/1446/1426
f 4832/1446/1426 4833/1447/1427 4837/1451/1431
f 4838/1452/1432 4837/1451/1431 4833/1447/1427
f 4833/1447/1427 4819/1433/1420 4838/1452/1432
f 4819/1433/1420 4821/1435/1422 4838/1452/1432
f 4839/1453/1433 4840/1454/1434 4841/1455/1435
f 4841/1455/1435 4842/1456/1436 4839/1453/1433
f 4842/1456/1436 4841/1455/1435 4843/1457/1437
f 4843/1457/1437 4844/1458/1438 4842/1456/1436
f 4844/1458/1438 4843/1457/1437 4845/1459/1439
f 4845/1459/1439 4843/1457/1437 4846/1460/1440
f 4846/1460/1440 4835/1449/1429 4845/1459/1439
f 4847/1461/1441 4835/1449/1429 4846/1460/1440
f 4835/1449/1429 4847/1461/1441 4828/1442/1424
f 4828/1442/1424 4847/1461/1441 4826/1440/1381
f 4845/1459/1439 4848/1462/1442 4844/1458/1438
f 4849/1463/1443 4848/1462/1442 4845/1459/1439
f 4845/1459/1439 4836/1464/1430 4849/1463/1443
f 4836/1464/1430 4845/1459/1439 4835/1449/1429
f 4850/1465/1444 4851/1466/1445 4846/1460/1440
f 4846/1460/1440 4851/1466/1445 4847/1461/1441
f 4826/1440/1381 4847/1461/1441 4851/1466/1445
f 4826/1440/1381 4851/1466/1445 4850/1465/1444
f 4850/1465/1444 4852/1467/1388 4826/1440/1381
f 4852/1467/1388 4850/1465/1444 4853/1468/1446
f 4853/1468/1446 4854/1469/1447 4852/1467/1388
f 4854/1469/1447 4853/1468/1446 4713/1470/1316
f 4713/1470/1316 4722/1471/1325 4854/1469/1447
f 4855/1472/1448 4854/1469/1447 4722/1471/1325
f 4722/1471/1325 4728/1473/1331 4855/1472/1448
f 4846/1460/1440 4856/1474/1449 4850/1465/1444
f 4850/1465/1444 4856/1474/1449 4857/1475/1450
f 4857/1475/1450 4853/1468/1446 4850/1465/1444
f 4853/1468/1446 4857/1475/1450 4858/1476/1451
f 4858/1476/1451 4713/1470/1316 4853/1468/1446
f 4713/1470/1316 4858/1476/1451 4859/1477/1452
f 4859/1477/1452 4714/1478/1317 4713/1470/1316
f 4860/1479/1453 4714/1478/1317 4859/1477/1452
f 4859/1477/1452 4861/1480/1454 4860/1479/1453
f 4860/1479/1453 4861/1480/1454 4862/1481/1455
f 4862/1481/1455 4863/1482/1456 4860/1479/1453
f 4862/1481/1455 4861/1480/1454 4840/1454/1434
f 4861/1480/1454 4859/1477/1452 4840/1454/1434
f 4859/1477/1452 4858/1476/1451 4840/1454/1434
f 4841/1455/1435 4840/1454/1434 4858/1476/1451
f 4858/1476/1451 4857/1475/1450 4841/1455/1435
f 4841/1455/1435 4857/1475/1450 4856/1474/1449
f 4856/1474/1449 4843/1457/1437 4841/1455/1435
f 4843/1457/1437 4856/1474/1449 4846/1460/1440
f 4864/1483/1457 4865/1484/1458 4866/1485/1459
f 4866/1485/1459 4867/1486/1460 4864/1483/1457
f 4867/1486/1460 4866/1485/1459 4868/1487/1461
f 4868/1487/1461 4869/1488/1462 4867/1486/1460
f 4869/1488/1462 4868/1487/1461 4870/1489/1463
f 4863/1482/1456 4870/1489/1463 4868/1487/1461
f 4863/1482/1456 4862/1481/1455 4870/1489/1463
f 4862/1481/1455 4871/1490/1464 4870/1489/1463
f 4871/1490/1464 4862/1481/1455 4840/1454/1434
f 4840/1454/1434 4839/1453/1433 4871/1490/1464
f 4870/1489/1463 4871/1490/1464 4869/1488/1462
f 774/736/815 769/739/818 787/735/796
f 4763/1491/1365 4872/1492/1465 4873/1493/1466
f 4763/1491/1365 4873/1493/1466 4874/1494/1467
f 4874/1494/1467 4875/1495/1468 4763/1491/1365
f 4876/1496/1469 4875/1495/1468 4874/1494/1467
f 4874/1494/1467 4877/1497/1470 4876/1496/1469
f 4878/1498/1471 4876/1496/1469 4877/1497/1470
f 4877/1497/1470 4879/1499/1472 4878/1498/1471
f 3012/1144/1473 3011/1142/1474 3105/1143/1475
f 4771/1379/1373 4880/1500/1476 4881/1501/1477
f 4881/1501/1477 4767/1369/1369 4771/1379/1373
f 4762/1364/1364 4767/1369/1369 4881/1501/1477
f 4881/1501/1477 4882/1502/1478 4762/1364/1364
f 4882/1502/1478 4883/1503/1479 4762/1364/1364
f 4762/1364/1364 4883/1503/1479 4763/1365/1365
f 4763/1365/1365 4883/1503/1479 4872/1504/1465
f 4884/1505/1480 4885/1506/1481 4886/1507/1482
f 4886/1507/1482 4887/1508/1483 4884/1505/1480
f 4887/1508/1483 4886/1507/1482 4888/1509/1484
f 4855/1472/1448 4728/1473/1331 4729/1510/1332
f 4729/1510/1332 4885/1506/1481 4855/1472/1448
f 4885/1506/1481 4729/1510/1332 4730/1511/1333
f 4730/1511/1333 4886/1507/1482 4885/1506/1481
f 4886/1507/1482 4730/1511/1333 4734/1351/1337
f 4734/1351/1337 4888/1509/1484 4886/1507/1482
f 4746/1342/1348 4888/1509/1484 4734/1351/1337
f 4888/1509/1484 4746/1342/1348 4786/1394/1388
f 4786/1394/1388 4785/1393/1387 4888/1509/1484
f 4888/1509/1484 4785/1393/1387 4887/1508/1483
f 4784/1392/1386 4887/1508/1483 4785/1393/1387
f 4887/1508/1483 4784/1392/1386 4783/1391/1385
f 4783/1391/1385 4884/1505/1480 4887/1508/1483
f 4889/1512/1343 4884/1505/1480 4783/1391/1385
f 4885/1506/1481 4884/1505/1480 4889/1512/1343
f 4889/1512/1343 4855/1472/1448 4885/1506/1481
f 4854/1469/1447 4855/1472/1448 4889/1512/1343
f 4889/1512/1343 4852/1467/1388 4854/1469/1447
f 4826/1440/1381 4852/1467/1388 4889/1512/1343
f 4889/1512/1343 4829/1443/1383 4826/1440/1381
f 4783/1391/1385 4829/1443/1383 4889/1512/1343
f 4829/1443/1383 4783/1391/1385 4782/1390/1384
f 3105/1143/1475 778/874/822 783/873/821
f 4890/1513/1485 4838/1514/1432 4821/1515/1422
f 4821/1515/1422 4891/1516/1486 4890/1513/1485
f 4890/1513/1485 4891/1516/1486 4892/1517/1487
f 4893/1518/1488 4849/1463/1443 4836/1464/1430
f 4836/1464/1430 4837/1519/1431 4893/1518/1488
f 4894/1520/1489 4893/1518/1488 4837/1519/1431
f 4837/1519/1431 4838/1514/1432 4894/1520/1489
f 4894/1520/1489 4838/1514/1432 4890/1513/1485
f 4890/1513/1485 4895/1521/1490 4894/1520/1489
f 4895/1521/1490 4890/1513/1485 4892/1517/1487
f 4892/1517/1487 4896/1522/1491 4895/1521/1490
f 4896/1522/1491 4892/1517/1487 4865/1484/1458
f 4865/1484/1458 4864/1483/1457 4896/1522/1491
f 783/873/821 3012/1144/1473 3105/1143/1475
f 4897/1523/1468 4898/1524/1492 4821/1525/1422
f 4821/1525/1422 4818/1526/1408 4897/1523/1468
f 4897/1523/1468 4818/1526/1408 4603/1199/1207
f 4603/1199/1207 4878/1498/1471 4897/1523/1468
f 4878/1498/1471 4603/1199/1207 4606/1202/1210
f 4606/1202/1210 4876/1496/1469 4878/1498/1471
f 4875/1495/1468 4876/1496/1469 4606/1202/1210
f 4606/1202/1210 4806/1527/1408 4875/1495/1468
f 4875/1495/1468 4806/1527/1408 4764/1528/1366
f 4764/1528/1366 4763/1491/1365 4875/1495/1468
f 4899/1529/1493 4802/1530/1404 4619/1215/1223
f 4764/1531/1366 4802/1530/1404 4899/1529/1493
f 4899/1529/1493 4765/1532/1367 4764/1531/1366
f 4899/1529/1493 4766/1533/1368 4765/1532/1367
f 4766/1533/1368 4899/1529/1493 4615/1211/1219
f 4615/1211/1219 4613/1209/1217 4766/1533/1368
f 4768/1534/1370 4766/1533/1368 4613/1209/1217
f 4613/1209/1217 4612/1208/1216 4768/1534/1370
f 4756/1358/1358 4768/1534/1370 4612/1208/1216
f 4612/1208/1216 4611/1207/1215 4756/1358/1358
f 4619/1215/1223 4615/1211/1219 4899/1529/1493
f 4749/1349/1351 4753/1355/1355 4750/1350/1352
f 4753/1355/1355 4795/1403/1397 4750/1350/1352
f 4795/1403/1397 4753/1355/1355 4754/1356/1356
f 4754/1356/1356 4789/1397/1391 4795/1403/1397
f 4803/1535/1405 4789/1397/1391 4754/1356/1356
f 4618/1214/1222 4803/1535/1405 4754/1356/1356
f 4803/1535/1405 4618/1214/1222 4617/1213/1221
f 4617/1213/1221 4801/1536/1403 4803/1535/1405
f 4801/1536/1403 4617/1213/1221 4619/1215/1223
f 4619/1215/1223 4802/1530/1404 4801/1536/1403
f 4790/1398/1392 4781/1389/1383 4741/1337/1343
f 4741/1337/1343 4744/1340/1346 4790/1398/1392
f 4790/1398/1392 4744/1340/1346 4900/1537/1494
f 4745/1341/1347 4900/1537/1494 4744/1340/1346
f 4900/1537/1494 4745/1341/1347 4748/1348/1350
f 4748/1348/1350 4750/1350/1352 4900/1537/1494
f 4900/1537/1494 4750/1350/1352 4795/1403/1397
f 4795/1403/1397 4901/1538/1495 4900/1537/1494
f 4788/1396/1390 4901/1538/1495 4795/1403/1397
f 4790/1398/1392 4901/1538/1495 4788/1396/1390
f 4900/1537/1494 4901/1538/1495 4790/1398/1392
f 3233/1140/1496 3223/1141/1497 3011/1142/1474
f 4878/1498/1471 4879/1499/1472 4902/1539/1498
f 4902/1539/1498 4897/1523/1468 4878/1498/1471
f 4898/1524/1492 4897/1523/1468 4902/1539/1498
f 4902/1539/1498 4903/1540/1499 4898/1524/1492
f 4898/1524/1492 4903/1540/1499 4904/1541/1500
f 4905/1542/1501 4906/1543/1502 4907/1544/1503
f 4908/1545/1504 4906/1543/1502 4905/1542/1501
f 4908/1545/1504 4905/1542/1501 4909/1546/1505
f 4910/1547/1506 4907/1544/1503 4906/1543/1502
f 4906/1543/1502 4911/1548/1507 4910/1547/1506
f 4908/1545/1504 4911/1548/1507 4906/1543/1502
f 4911/1548/1507 4908/1545/1504 4912/1549/1508
f 4910/1547/1506 4911/1548/1507 4912/1549/1508
f 4913/1550/1509 4914/1551/1510 4910/1547/1506
f 4912/1549/1508 4913/1550/1509 4910/1547/1506
f 4913/1550/1509 4912/1549/1508 4915/1552/1511
f 4912/1549/1508 4908/1545/1504 4915/1552/1511
f 4916/1553/1512 4915/1552/1511 4908/1545/1504
f 4909/1546/1505 4916/1553/1512 4908/1545/1504
f 4909/1546/1505 4917/1554/1513 4916/1553/1512
f 4918/1555/1514 4917/1554/1513 4909/1546/1505
f 1874/1556/1515 4917/1554/1513 4918/1555/1514
f 4918/1555/1514 1875/1557/1516 1874/1556/1515
f 4917/1554/1513 1874/1556/1515 1873/1558/1517
f 1873/1558/1517 4916/1553/1512 4917/1554/1513
f 4915/1552/1511 4919/1559/1518 4913/1550/1509
f 4913/1550/1509 4919/1559/1518 4914/1551/1510
f 4916/1553/1512 4920/1560/1519 4915/1552/1511
f 4921/1561/1520 4922/1562/1521 4923/1563/1522
f 4924/1564/1523 4923/1563/1522 4922/1562/1521
f 4922/1562/1521 4918/1555/1514 4924/1564/1523
f 4909/1546/1505 4924/1564/1523 4918/1555/1514
f 4925/1565/1524 4924/1564/1523 4909/1546/1505
f 4909/1546/1505 4905/1542/1501 4925/1565/1524
f 4925/1565/1524 4905/1542/1501 4926/1566/1525
f 4907/1544/1503 4926/1566/1525 4905/1542/1501
f 4927/1567/1526 4926/1566/1525 4907/1544/1503
f 4927/1567/1526 4907/1544/1503 4910/1547/1506
f 4928/1568/1527 4929/1569/1528 4930/1570/1529
f 4930/1570/1529 4931/1571/1530 4928/1568/1527
f 4923/1563/1522 4931/1571/1530 4930/1570/1529
f 4931/1571/1530 4923/1563/1522 4924/1564/1523
f 4924/1564/1523 4925/1565/1524 4931/1571/1530
f 4931/1571/1530 4925/1565/1524 4932/1572/1531
f 4926/1566/1525 4932/1572/1531 4925/1565/1524
f 4932/1572/1531 4928/1568/1527 4931/1571/1530
f 4928/1568/1527 4933/1573/1532 4934/1574/1533
f 4933/1573/1532 4928/1568/1527 4932/1572/1531
f 4932/1572/1531 4935/1575/1534 4933/1573/1532
f 4935/1575/1534 4932/1572/1531 4926/1566/1525
f 4926/1566/1525 4936/1576/1535 4935/1575/1534
f 4927/1567/1526 4936/1576/1535 4926/1566/1525
f 4936/1576/1535 4927/1567/1526 4937/1577/1536
f 4938/1578/1537 4937/1577/1536 4927/1567/1526
f 4927/1567/1526 4914/1551/1510 4938/1578/1537
f 4914/1551/1510 4927/1567/1526 4910/1547/1506
f 4939/1579/1538 4940/1580/1539 4941/1581/1540
f 4940/1580/1539 4939/1579/1538 4934/1574/1533
f 4934/1574/1533 4942/1582/1541 4940/1580/1539
f 4943/1583/1541 4942/1582/1541 4934/1574/1533
f 4934/1574/1533 4933/1573/1532 4943/1583/1541
f 4943/1583/1541 4933/1573/1532 4935/1575/1534
f 4935/1575/1534 4944/1584/1541 4943/1583/1541
f 4945/1585/1542 4944/1584/1541 4935/1575/1534
f 4935/1575/1534 4936/1576/1535 4945/1585/1542
f 4937/1577/1536 4945/1585/1542 4936/1576/1535
f 4946/1586/1543 4947/1587/1544 4948/1588/1545
f 4949/1589/1546 4947/1587/1544 4946/1586/1543
f 4946/1586/1543 4941/1581/1540 4949/1589/1546
f 4948/1588/1545 4950/1590/1547 4951/1591/1548
f 4952/1592/1549 4953/1593/1550 4954/1594/1551
f 4954/1594/1551 4955/1595/1552 4952/1592/1549
f 4952/1592/1549 4955/1595/1552 4951/1591/1548
f 4951/1591/1548 4955/1595/1552 4954/1594/1551
f 4954/1594/1551 4956/1596/1553 4951/1591/1548
f 4951/1591/1548 4956/1596/1553 4948/1588/1545
f 4957/1597/1554 4948/1588/1545 4956/1596/1553
f 4948/1588/1545 4957/1597/1554 4946/1586/1543
f 4939/1579/1538 4946/1586/1543 4957/1597/1554
f 4941/1581/1540 4946/1586/1543 4939/1579/1538
f 4954/1594/1551 4953/1593/1550 4958/1598/1555
f 4958/1598/1555 4959/1599/1556 4954/1594/1551
f 4956/1596/1553 4954/1594/1551 4959/1599/1556
f 4959/1599/1556 4960/1600/1557 4956/1596/1553
f 4956/1596/1553 4960/1600/1557 4957/1597/1554
f 4961/1601/1558 4957/1597/1554 4960/1600/1557
f 4957/1597/1554 4961/1601/1558 4939/1579/1538
f 4939/1579/1538 4961/1601/1558 4929/1569/1528
f 4929/1569/1528 4934/1574/1533 4939/1579/1538
f 4934/1574/1533 4929/1569/1528 4928/1568/1527
f 4959/1599/1556 4958/1598/1555 4962/1602/1559
f 4962/1602/1559 4963/1603/1560 4959/1599/1556
f 4960/1600/1557 4959/1599/1556 4963/1603/1560
f 4963/1603/1560 4964/1604/1561 4960/1600/1557
f 4960/1600/1557 4964/1604/1561 4961/1601/1558
f 4929/1569/1528 4961/1601/1558 4964/1604/1561
f 4964/1604/1561 4930/1570/1529 4929/1569/1528
f 4965/1605/1562 4930/1570/1529 4964/1604/1561
f 4930/1570/1529 4965/1605/1562 4923/1563/1522
f 4923/1563/1522 4965/1605/1562 4921/1561/1520
f 4963/1603/1560 4962/1602/1559 4921/1561/1520
f 4921/1561/1520 4965/1605/1562 4963/1603/1560
f 4964/1604/1561 4963/1603/1560 4965/1605/1562
f 1875/1557/1516 4918/1555/1514 4922/1562/1521
f 4922/1562/1521 4966/1606/1563 1875/1557/1516
f 4966/1606/1563 4922/1562/1521 4921/1561/1520
f 4921/1561/1520 1877/1607/1564 4966/1606/1563
f 1877/1607/1564 4921/1561/1520 4962/1602/1559
f 4962/1602/1559 1878/1608/1565 1877/1607/1564
f 1878/1608/1565 4962/1602/1559 4958/1598/1555
f 4958/1598/1555 1879/1609/1566 1878/1608/1565
f 1879/1609/1566 4958/1598/1555 4967/1610/1567
f 4967/1610/1567 4968/1611/1568 1879/1609/1566
f 4968/1611/1568 4967/1610/1567 4969/1612/1569
f 4969/1612/1569 4970/1613/1570 4968/1611/1568
f 4971/1614/1571 4970/1613/1570 4969/1612/1569
f 4949/1615/1546 4972/1616/1572 4973/1617/1573
f 4973/1617/1573 4974/1618/1574 4949/1615/1546
f 4971/1614/1571 4974/1618/1574 4973/1617/1573
f 4971/1614/1571 4950/1619/1547 4974/1618/1574
f 4971/1614/1571 4951/1591/1548 4950/1619/1547
f 4971/1614/1571 4969/1612/1569 4951/1591/1548
f 4969/1612/1569 4952/1592/1549 4951/1591/1548
f 4952/1592/1549 4969/1612/1569 4967/1610/1567
f 4967/1610/1567 4953/1593/1550 4952/1592/1549
f 4967/1610/1567 4958/1598/1555 4953/1593/1550
f 4950/1619/1547 4948/1620/1545 4947/1621/1544
f 4950/1619/1547 4947/1621/1544 4949/1615/1546
f 4950/1619/1547 4949/1615/1546 4974/1618/1574
f 3223/1141/1497 3105/1143/1475 3011/1142/1474
f 4975/1622/1575 4976/1623/1576 4977/1624/1577
f 4975/1622/1575 4977/1624/1577 4978/1625/1578
f 4975/1622/1575 4978/1625/1578 4979/1626/1579
f 4979/1626/1579 4980/1627/1580 4981/1628/1581
f 4979/1626/1579 4981/1628/1581 4982/1629/1582
f 4979/1626/1579 4982/1629/1582 4975/1622/1575
f 4975/1622/1575 4982/1629/1582 4983/1630/1583
f 4983/1630/1583 4984/1631/1584 4975/1622/1575
f 4976/1623/1576 4975/1622/1575 4984/1631/1584
f 4984/1631/1584 4985/1632/1585 4976/1623/1576
f 4986/1633/1586 4985/1632/1585 4984/1631/1584
f 4983/1630/1583 4982/1629/1582 4981/1628/1581
f 4987/1634/1587 4988/1635/1588 4989/1636/1589
f 4989/1636/1589 4990/1637/1590 4987/1634/1587
f 4990/1637/1590 4989/1636/1589 4986/1633/1586
f 4986/1633/1586 4991/1638/1591 4990/1637/1590
f 4984/1631/1584 4991/1638/1591 4986/1633/1586
f 4992/1639/1592 4991/1638/1591 4984/1631/1584
f 4984/1631/1584 4983/1630/1583 4992/1639/1592
f 4992/1639/1592 4983/1630/1583 4993/1640/1593
f 4981/1628/1581 4993/1640/1593 4983/1630/1583
f 4993/1640/1593 4981/1628/1581 4980/1627/1580
f 4994/1641/1594 4987/1634/1587 4990/1637/1590
f 4995/1642/1595 4990/1637/1590 4991/1638/1591
f 4991/1638/1591 4992/1639/1592 4995/1642/1595
f 4995/1642/1595 4992/1639/1592 4996/1643/1596
f 4993/1640/1593 4996/1643/1596 4992/1639/1592
f 4996/1643/1596 4997/1644/1597 4995/1642/1595
f 4980/1627/1580 4998/1645/1598 4993/1640/1593
f 4993/1640/1593 4998/1645/1598 4999/1646/1599
f 4999/1646/1599 4996/1643/1596 4993/1640/1593
f 4996/1643/1596 4999/1646/1599 5000/1647/1600
f 5000/1647/1600 4997/1644/1597 4996/1643/1596
f 4997/1644/1597 5000/1647/1600 5001/1648/1601
f 5001/1648/1601 5002/1649/1602 4997/1644/1597
f 4997/1644/1597 5002/1649/1602 4994/1641/1594
f 4994/1641/1594 4995/1642/1595 4997/1644/1597
f 4990/1637/1590 4995/1642/1595 4994/1641/1594
f 2129/1650/1603 4986/1651/1586 2130/1652/1604
f 2129/1650/1603 4985/1653/1585 4986/1651/1586
f 2129/1650/1603 4976/1654/1576 4985/1653/1585
f 2129/1650/1603 4977/1655/1577 4976/1654/1576
f 2126/1656/1605 4977/1655/1577 2129/1650/1603
f 5003/1657/1606 5004/1658/1607 2081/1659/1608
f 2081/1659/1608 2080/1660/1609 5003/1657/1606
f 5005/1661/1610 5003/1657/1606 2080/1660/1609
f 2080/1660/1609 2084/1662/1611 5005/1661/1610
f 4988/1663/1588 5005/1661/1610 2084/1662/1611
f 2084/1662/1611 5006/1664/1612 4988/1663/1588
f 4989/1665/1589 4988/1663/1588 5006/1664/1612
f 5006/1664/1612 5007/1666/1613 4989/1665/1589
f 5007/1666/1613 4986/1651/1586 4989/1665/1589
f 2130/1652/1604 4986/1651/1586 5007/1666/1613
f 3500/131/126 5008/1667/1614 5009/1668/1615
f 5009/1668/1615 3502/1669/133 3500/131/126
f 3501/1670/132 3502/1669/133 5009/1668/1615
f 5009/1668/1615 5010/1671/1616 3501/1670/132
f 5011/1672/1617 5012/1673/1618 5008/1667/1614
f 5013/1674/1619 5011/1672/1617 5008/1667/1614
f 3500/131/126 5013/1674/1619 5008/1667/1614
f 3500/131/126 1906/130/125 5013/1674/1619
f 5014/1675/1620 5015/1676/1621 5016/1677/1622
f 5017/1678/1623 5016/1677/1622 5015/1676/1621
f 5017/1678/1623 5015/1676/1621 5018/1679/1624
f 5017/1678/1623 5018/1679/1624 5019/1680/1625
f 5020/1681/1626 5017/1678/1623 5019/1680/1625
f 5019/1680/1625 5021/1682/1627 5020/1681/1626
f 5020/1681/1626 5021/1682/1627 5022/1683/1628
f 5020/1681/1626 5022/1683/1628 5012/1673/1618
f 5020/1681/1626 5012/1673/1618 5023/1684/1629
f 5012/1673/1618 5011/1672/1617 5023/1684/1629
f 5021/1682/1627 5019/1680/1625 5018/1679/1624
f 5018/1679/1624 5024/1685/1630 5021/1682/1627
f 5020/1681/1626 5023/1684/1629 5025/1686/1631
f 5020/1681/1626 5025/1686/1631 5026/1687/1632
f 5020/1681/1626 5026/1687/1632 2575/1688/131
f 5020/1681/1626 2575/1688/131 3482/1689/98
f 3482/1689/98 5027/1690/1633 5020/1681/1626
f 3482/1689/98 3480/1691/96 5027/1690/1633
f 5028/1692/1634 5027/1690/1633 3480/1691/96
f 3480/1691/96 3474/1693/90 5028/1692/1634
f 5029/1694/1635 5028/1692/1634 3474/1693/90
f 5028/1692/1634 5029/1694/1635 5030/1695/1636
f 3474/1693/90 3473/1696/89 5029/1694/1635
f 5030/1695/1636 5016/1677/1622 5028/1692/1634
f 5027/1690/1633 5028/1692/1634 5016/1677/1622
f 5016/1677/1622 5017/1678/1623 5027/1690/1633
f 5027/1690/1633 5017/1678/1623 5020/1681/1626
f 5031/1697/1637 5030/1695/1636 5029/1694/1635
f 5029/1694/1635 5032/1698/1638 5031/1697/1637
f 5032/1698/1638 5029/1694/1635 3473/1696/89
f 3473/1696/89 3476/1699/92 5032/1698/1638
f 3488/1700/104 2580/1701/113 5033/1702/1639
f 5033/1702/1639 5034/1703/1640 3488/1700/104
f 3476/1699/92 3488/1700/104 5034/1703/1640
f 5034/1703/1640 5032/1698/1638 3476/1699/92
f 5032/1698/1638 5034/1703/1640 5035/1704/1641
f 5035/1704/1641 5031/1697/1637 5032/1698/1638
f 5036/1705/1642 5031/1697/1637 5035/1704/1641
f 5030/1695/1636 5031/1697/1637 5036/1705/1642
f 5036/1705/1642 5014/1675/1620 5030/1695/1636
f 5016/1677/1622 5030/1695/1636 5014/1675/1620
f 2585/1706/1643 5034/1703/1640 5033/1702/1639
f 5034/1703/1640 2585/1706/1643 5037/1707/1644
f 5037/1707/1644 5035/1704/1641 5034/1703/1640
f 5038/1708/1645 5035/1704/1641 5037/1707/1644
f 5035/1704/1641 5038/1708/1645 2590/1709/1646
f 5039/1710/1647 5040/1711/1648 5036/1705/1642
f 5039/1710/1647 5036/1705/1642 5035/1704/1641
f 2590/1709/1646 5039/1710/1647 5035/1704/1641
f 5041/1712/1649 5039/1710/1647 2590/1709/1646
f 2590/1709/1646 2485/1713/1650 5041/1712/1649
f 2485/1713/1650 5042/1714/1651 5041/1712/1649
f 5041/1712/1649 5042/1714/1651 5043/1715/1652
f 3382/1716/1653 5041/1712/1649 5043/1715/1652
f 3382/1716/1653 5044/1717/1654 5041/1712/1649
f 5022/1718/1628 5021/1719/1627 5024/1720/1630
f 5024/1720/1630 5045/1721/1655 5022/1718/1628
f 5046/1722/1656 5012/1723/1618 5022/1718/1628
f 5046/1722/1656 5022/1718/1628 5045/1721/1655
f 5046/1722/1656 5045/1721/1655 5047/1724/1657
f 5024/1720/1630 5047/1724/1657 5045/1721/1655
f 5024/1720/1630 2100/1725/1658 5047/1724/1657
f 5024/1720/1630 3381/1726/1659 2100/1725/1658
f 5047/1724/1657 2096/1727/1660 5046/1722/1656
f 5048/1728/1661 5046/1722/1656 2096/1727/1660
f 5046/1722/1656 5048/1728/1661 5012/1723/1618
f 5008/1729/1614 5012/1723/1618 5048/1728/1661
f 5048/1728/1661 5049/1730/1662 5008/1729/1614
f 2094/1731/1663 5049/1730/1662 5048/1728/1661
f 2094/1731/1663 5050/1732/1664 5049/1730/1662
f 2094/1731/1663 5051/1733/1665 5050/1732/1664
f 2096/1727/1660 2094/1731/1663 5048/1728/1661
f 3233/1140/1496 3224/1139/1666 3223/1141/1497
f 1916/1734/1667 1915/1735/311 2576/1736/310
f 2576/1736/310 3391/1737/1668 1916/1734/1667
f 1917/304/1669 1916/1734/1667 3391/1737/1668
f 3391/1737/1668 3389/1738/1670 1917/304/1669
f 1924/1739/1671 1917/304/1669 3389/1738/1670
f 3389/1738/1670 3387/1740/1672 1924/1739/1671
f 5052/1741/1673 1924/1739/1671 3387/1740/1672
f 3387/1740/1672 5053/1742/1674 5052/1741/1673
f 5054/1743/1675 5052/1741/1673 5053/1742/1674
f 5053/1742/1674 5055/297/1676 5054/1743/1675
f 1931/1744/298 5054/1743/1675 5055/297/1676
f 5055/297/1676 1907/1745/299 1931/1744/298
f 3224/1139/1666 3233/1140/1496 3264/1138/1677
f 5056/1746/1678 5042/1747/1651 2485/1748/1650
f 2485/1748/1650 5057/1749/1679 5056/1746/1678
f 5056/1746/1678 5057/1749/1679 5058/1750/1680
f 5058/1750/1680 5059/1751/1681 5056/1746/1678
f 5059/1751/1681 5058/1750/1680 2484/1752/1682
f 2484/1752/1682 5060/1753/1683 5059/1751/1681
f 5061/1754/1684 5060/1753/1683 2484/1752/1682
f 5061/1754/1684 2484/1752/1682 5062/1755/1685
f 5063/1756/1686 5062/1755/1685 277/1757/1687
f 5061/1754/1684 5062/1755/1685 5063/1756/1686
f 2116/1758/1688 5061/1754/1684 5063/1756/1686
f 5060/1753/1683 5061/1754/1684 2116/1758/1688
f 2116/1758/1688 5064/1759/1689 5060/1753/1683
f 5060/1753/1683 5064/1759/1689 2112/1760/1690
f 2112/1760/1690 5059/1751/1681 5060/1753/1683
f 5059/1751/1681 2112/1760/1690 5043/1761/1652
f 5043/1761/1652 5056/1746/1678 5059/1751/1681
f 5056/1746/1678 5043/1761/1652 5042/1747/1651
f 277/1757/1687 5065/1762/1691 5063/1756/1686
f 5066/1763/1692 5063/1756/1686 5065/1762/1691
f 5063/1756/1686 5066/1763/1692 2116/1758/1688
f 5065/1762/1691 2120/1764/1693 5066/1763/1692
f 5001/1765/1601 5067/1766/1694 5068/1767/1695
f 5001/1765/1601 5068/1767/1695 5069/1768/1696
f 5001/1765/1601 5069/1768/1696 5070/1769/1697
f 5001/1765/1601 5070/1769/1697 4987/1770/1587
f 4994/1771/1594 5001/1765/1601 4987/1770/1587
f 4994/1771/1594 5002/1772/1602 5001/1765/1601
f 5071/1773/1698 5072/1774/1699 5073/1775/1700
f 5071/1773/1698 5073/1775/1700 4978/1625/1578
f 5073/1775/1700 4979/1626/1579 4978/1625/1578
f 4979/1626/1579 5074/1776/1701 4980/1627/1580
f 4979/1626/1579 5075/1777/1702 5074/1776/1701
f 4979/1626/1579 5073/1775/1700 5075/1777/1702
f 5076/1778/1703 5075/1777/1702 5073/1775/1700
f 5073/1775/1700 5077/1779/1704 5076/1778/1703
f 5077/1779/1704 5073/1775/1700 5072/1774/1699
f 5072/1774/1699 5078/1780/1705 5077/1779/1704
f 5077/1779/1704 5078/1780/1705 5079/1781/1706
f 5074/1776/1701 5075/1777/1702 5076/1778/1703
f 5080/1782/1707 5081/1783/1708 5069/1784/1696
f 5069/1784/1696 5082/1785/1709 5080/1782/1707
f 5079/1781/1706 5080/1782/1707 5082/1785/1709
f 5082/1785/1709 5083/1786/1710 5079/1781/1706
f 5079/1781/1706 5083/1786/1710 5077/1779/1704
f 5077/1779/1704 5083/1786/1710 5084/1787/1711
f 5084/1787/1711 5076/1778/1703 5077/1779/1704
f 5085/1788/1712 5076/1778/1703 5084/1787/1711
f 5076/1778/1703 5085/1788/1712 5074/1776/1701
f 4980/1627/1580 5074/1776/1701 5085/1788/1712
f 5082/1785/1709 5069/1784/1696 5068/1789/1695
f 5083/1786/1710 5082/1785/1709 5086/1790/1713
f 5086/1790/1713 5084/1787/1711 5083/1786/1710
f 5087/1791/1714 5084/1787/1711 5086/1790/1713
f 5084/1787/1711 5087/1791/1714 5085/1788/1712
f 5086/1790/1713 5088/1792/1715 5087/1791/1714
f 5085/1788/1712 4998/1645/1598 4980/1627/1580
f 4999/1646/1599 4998/1645/1598 5085/1788/1712
f 5085/1788/1712 5087/1791/1714 4999/1646/1599
f 5000/1647/1600 4999/1646/1599 5087/1791/1714
f 5087/1791/1714 5088/1792/1715 5000/1647/1600
f 5001/1648/1601 5000/1647/1600 5088/1792/1715
f 5088/1792/1715 5067/1793/1694 5001/1648/1601
f 5068/1789/1695 5067/1793/1694 5088/1792/1715
f 5088/1792/1715 5086/1790/1713 5068/1789/1695
f 5068/1789/1695 5086/1790/1713 5082/1785/1709
f 3264/1138/1677 3238/1135/1716 3224/1139/1666
f 3468/1794/84 3471/1795/87 3501/1796/132
f 3469/1797/85 3468/1794/84 3501/1796/132
f 3501/1796/132 5089/1798/1717 3469/1797/85
f 3469/1797/85 5089/1798/1717 5090/1799/508
f 5090/1799/508 5091/1800/1718 3469/1797/85
f 5091/1800/1718 5090/1799/508 5092/1801/508
f 5092/1801/508 5093/1802/1719 5091/1800/1718
f 5093/1802/1719 5092/1801/508 5070/1803/1697
f 5093/1802/1719 5070/1803/1697 5069/1784/1696
f 5093/1802/1719 5069/1784/1696 5081/1783/1708
f 2866/1804/83 3469/1657/85 5091/1805/1718
f 5091/1805/1718 2864/1806/1720 2866/1804/83
f 2864/1806/1720 5091/1805/1718 5093/1807/1719
f 5093/1807/1719 2862/1808/1721 2864/1806/1720
f 2862/1808/1721 5093/1807/1719 5081/1809/1708
f 5081/1809/1708 5094/1810/1722 2862/1808/1721
f 5094/1810/1722 5081/1809/1708 5080/1811/1707
f 5080/1811/1707 5095/1812/1723 5094/1810/1722
f 5095/1812/1723 5080/1811/1707 5079/1813/1706
f 5096/1814/1724 5095/1812/1723 5079/1813/1706
f 2875/1815/1725 5096/1814/1724 5079/1813/1706
f 2875/1815/1725 5079/1813/1706 5078/1816/1705
f 2875/1815/1725 5078/1816/1705 5072/1817/1699
f 2875/1815/1725 5072/1817/1699 5071/1818/1698
f 2876/1819/1726 2875/1815/1725 5071/1818/1698
f 3238/1135/1716 3264/1138/1677 3276/1137/1727
f 3408/9/9 3406/7/7 3422/23/23
f 3429/30/30 3422/23/23 3406/7/7
f 3406/7/7 3405/6/6 3429/30/30
f 3425/26/26 3429/30/30 3405/6/6
f 3405/6/6 5097/1820/1728 3425/26/26
f 3426/27/27 3425/26/26 5097/1820/1728
f 5097/1820/1728 5098/1821/1729 3426/27/27
f 5099/1822/1730 3426/27/27 5098/1821/1729
f 3426/27/27 5099/1822/1730 5100/1823/1731
f 5100/1823/1731 3427/28/28 3426/27/27
f 5101/1824/1732 5098/1821/1729 5097/1820/1728
f 5100/1823/1731 4916/1825/1512 1873/1826/1517
f 4916/1825/1512 5100/1823/1731 5099/1822/1730
f 5102/1827/1733 4916/1825/1512 5099/1822/1730
f 5098/1821/1729 5102/1827/1733 5099/1822/1730
f 5103/1828/1734 5102/1827/1733 5098/1821/1729
f 5098/1821/1729 5101/1824/1732 5103/1828/1734
f 5104/1829/1735 5103/1828/1734 5101/1824/1732
f 5101/1824/1732 5105/1830/1736 5104/1829/1735
f 5104/1829/1735 5105/1830/1736 5106/1831/1737
f 5107/1832/1738 5106/1831/1737 5105/1830/1736
f 5106/1831/1737 5108/1833/1739 5104/1829/1735
f 5108/1833/1739 5109/1834/1740 5104/1829/1735
f 5103/1828/1734 5104/1829/1735 5109/1834/1740
f 5109/1834/1740 5110/1835/1741 5103/1828/1734
f 5102/1827/1733 5103/1828/1734 5110/1835/1741
f 5111/1836/1742 5112/1837/1743 5110/1835/1741
f 5110/1835/1741 5109/1834/1740 5111/1836/1742
f 5108/1833/1739 5111/1836/1742 5109/1834/1740
f 5108/1833/1739 5113/1838/1744 5111/1836/1742
f 5111/1836/1742 5113/1838/1744 5114/1839/1745
f 5114/1839/1745 5113/1838/1744 5115/1840/1746
f 5116/1841/1747 5115/1840/1746 5113/1838/1744
f 5113/1838/1744 5108/1833/1739 5116/1841/1747
f 5117/1842/1748 5116/1841/1747 5108/1833/1739
f 5108/1833/1739 5106/1831/1737 5117/1842/1748
f 5118/1843/1749 5117/1842/1748 5106/1831/1737
f 4915/1844/1511 4920/1845/1519 5111/1836/1742
f 5111/1836/1742 4920/1845/1519 5112/1837/1743
f 5119/1846/1750 5112/1837/1743 4920/1845/1519
f 5110/1835/1741 5112/1837/1743 5119/1846/1750
f 5119/1846/1750 5120/1847/1751 5110/1835/1741
f 5110/1835/1741 5120/1847/1751 5102/1827/1733
f 5102/1827/1733 5120/1847/1751 5119/1846/1750
f 5102/1827/1733 5119/1846/1750 4916/1825/1512
f 4920/1845/1519 4916/1825/1512 5119/1846/1750
f 5106/1831/1737 5107/1832/1738 5118/1843/1749
f 5121/1848/1752 5118/1843/1749 5107/1832/1738
f 5107/1832/1738 5122/1849/1753 5121/1848/1752
f 5123/1850/1754 5121/1848/1752 5122/1849/1753
f 5122/1849/1753 5124/1851/1755 5123/1850/1754
f 5125/1852/1756 5123/1850/1754 5124/1851/1755
f 5124/1851/1755 3417/18/18 5125/1852/1756
f 5126/1853/1757 5125/1852/1756 3417/18/18
f 3417/18/18 3418/19/19 5126/1853/1757
f 5127/1854/1758 5126/1853/1757 3418/19/19
f 3411/12/12 5097/1820/1728 3405/6/6
f 5097/1820/1728 3411/12/12 5101/1824/1732
f 5105/1830/1736 5101/1824/1732 3411/12/12
f 3411/12/12 3412/13/13 5105/1830/1736
f 5105/1830/1736 3412/13/13 5107/1832/1738
f 5122/1849/1753 5107/1832/1738 3412/13/13
f 3412/13/13 3413/14/14 5122/1849/1753
f 5124/1851/1755 5122/1849/1753 3413/14/14
f 3413/14/14 3414/15/15 5124/1851/1755
f 3417/18/18 5124/1851/1755 3414/15/15
f 5128/1855/1759 5129/1856/1760 5130/1857/1760
f 5130/1857/1760 5131/1858/1761 5128/1855/1759
f 5131/1858/1761 5130/1857/1760 4938/1859/1537
f 4938/1859/1537 4914/1860/1510 5131/1858/1761
f 5132/1861/1762 5131/1858/1761 4914/1860/1510
f 4914/1860/1510 5133/1862/1763 5132/1861/1762
f 4919/1863/1518 5133/1862/1763 4914/1860/1510
f 5114/1839/1745 5133/1862/1763 4919/1863/1518
f 4919/1863/1518 4915/1844/1511 5114/1839/1745
f 4915/1844/1511 5111/1836/1742 5114/1839/1745
f 5134/1864/1764 5135/1865/1765 5136/1866/1766
f 5137/1867/1767 5136/1866/1766 5135/1865/1765
f 5135/1865/1765 5138/1868/1768 5137/1867/1767
f 5139/1869/1769 5137/1867/1767 5138/1868/1768
f 5138/1868/1768 5132/1861/1762 5139/1869/1769
f 5140/1870/1770 5139/1869/1769 5132/1861/1762
f 5132/1861/1762 5133/1862/1763 5140/1870/1770
f 5141/1871/1771 5140/1870/1770 5133/1862/1763
f 5133/1862/1763 5114/1839/1745 5141/1871/1771
f 5115/1840/1746 5141/1871/1771 5114/1839/1745
f 5138/1868/1768 5135/1865/1765 5142/1872/1772
f 5142/1872/1772 5128/1855/1759 5138/1868/1768
f 5132/1861/1762 5138/1868/1768 5128/1855/1759
f 5128/1855/1759 5131/1858/1761 5132/1861/1762
f 3435/36/36 3443/47/47 5143/1873/1773
f 5143/1873/1773 3443/47/47 3448/52/52
f 3448/52/52 5144/1874/1774 5143/1873/1773
f 5134/1864/1764 5144/1874/1774 3448/52/52
f 3448/52/52 3444/48/48 5134/1864/1764
f 5135/1865/1765 5134/1864/1764 3444/48/48
f 3444/48/48 5142/1872/1772 5135/1865/1765
f 3446/50/50 5142/1872/1772 3444/48/48
f 5128/1855/1759 5142/1872/1772 3446/50/50
f 3446/50/50 5129/1856/1760 5128/1855/1759
f 3418/19/19 3424/25/25 5127/1854/1758
f 5145/1875/1775 5127/1854/1758 3424/25/25
f 3424/25/25 3435/36/36 5145/1875/1775
f 5146/1876/1776 5145/1875/1775 3435/36/36
f 3435/36/36 5143/1873/1773 5146/1876/1776
f 5147/1877/1777 5146/1876/1776 5143/1873/1773
f 5143/1873/1773 5144/1874/1774 5147/1877/1777
f 5148/1878/1778 5147/1877/1777 5144/1874/1774
f 5144/1874/1774 5134/1864/1764 5148/1878/1778
f 5136/1866/1766 5148/1878/1778 5134/1864/1764
f 3432/33/33 3431/32/32 3330/41/41
f 3331/1879/1779 3330/41/41 3431/32/32
f 3431/32/32 3430/31/31 3331/1879/1779
f 3332/1880/1780 3331/1879/1779 3430/31/31
f 3430/31/31 3428/29/29 3332/1880/1780
f 3333/1881/1781 3332/1880/1780 3428/29/29
f 3428/29/29 3427/28/28 3333/1881/1781
f 3334/1882/1782 3333/1881/1781 3427/28/28
f 3427/28/28 5100/1823/1731 3334/1882/1782
f 1873/1826/1517 3334/1882/1782 5100/1823/1731
f 5149/1883/1783 5150/1884/1784 3721/406/376
f 5149/1883/1783 3721/406/376 3720/405/375
f 5149/1883/1783 3720/405/375 3726/411/381
f 5149/1883/1783 3726/411/381 5151/1885/1785
f 5152/1886/1786 5153/1887/1787 5154/1888/1788
f 5154/1888/1788 5155/1889/1789 5152/1886/1786
f 5155/1889/1789 5156/1890/1790 5151/1891/1785
f 5151/1891/1785 3726/1892/381 5155/1889/1789
f 5155/1889/1789 3726/1892/381 3727/1893/382
f 3727/1893/382 5152/1886/1786 5155/1889/1789
f 5152/1886/1786 3727/1893/382 3725/1894/380
f 3725/1894/380 5153/1887/1787 5152/1886/1786
f 5153/1887/1787 3725/1894/380 3728/1895/383
f 3728/1895/383 5154/1888/1788 5153/1887/1787
f 5154/1888/1788 3728/1895/383 3724/1896/379
f 3724/1896/379 5157/1897/1791 5154/1888/1788
f 5158/1898/1792 5157/1897/1791 3724/1896/379
f 3724/1896/379 3723/1899/378 5158/1898/1792
f 5158/1898/1792 3723/1899/378 3719/1900/374
f 3719/1900/374 5159/1901/1793 5158/1898/1792
f 5160/1902/1794 5158/1898/1792 5159/1901/1793
f 5159/1901/1793 5161/1903/1795 5160/1902/1794
f 3276/1137/1727 3265/1136/1796 3238/1135/1716
f 3975/663/540 3974/662/539 3981/669/546
f 3981/669/546 3979/667/544 3975/663/540
f 4027/720/604 4025/715/602 4021/709/596
f 1067/705/592 4027/720/604 4021/709/596
f 1067/705/592 4021/709/596 4020/708/595
f 1067/705/592 4020/708/595 4018/703/590
f 5162/1904/1797 5163/1905/1798 5164/1906/1799
f 5164/1906/1799 5165/1907/1800 5162/1904/1797
f 5165/1907/1800 5164/1906/1799 5166/1908/1801
f 5166/1908/1801 5167/1909/1802 5165/1907/1800
f 5167/1909/1802 5166/1908/1801 5168/1910/1803
f 5168/1910/1803 5169/1911/1086 5167/1909/1802
f 5170/1912/1804 5167/1909/1802 5169/1911/1086
f 5169/1911/1086 5171/1913/1805 5170/1912/1804
f 5172/1914/1806 5170/1912/1804 5171/1913/1805
f 5171/1913/1805 5173/1915/1807 5172/1914/1806
f 5174/1916/1077 5175/1917/1078 5176/1918/1808
f 5165/1907/1800 5176/1918/1808 5175/1917/1078
f 5176/1918/1808 5165/1907/1800 5167/1909/1802
f 5167/1909/1802 5170/1912/1804 5176/1918/1808
f 5177/1919/1809 5176/1918/1808 5170/1912/1804
f 5170/1912/1804 5172/1914/1806 5177/1919/1809
f 5176/1918/1808 5177/1919/1809 5174/1916/1077
f 5175/1917/1078 5162/1904/1797 5165/1907/1800
f 3265/743/1796 3276/742/1727 770/741/820
f 5178/1920/1810 5179/1921/1811 5180/1922/1812
f 5180/1922/1812 5181/1923/1813 5178/1920/1810
f 5181/1923/1813 5180/1922/1812 5182/1924/1814
f 5182/1924/1814 5183/1925/1815 5181/1923/1813
f 5184/1926/1816 5185/1927/1817 5186/1928/1818
f 5186/1928/1818 5187/1929/1819 5184/1926/1816
f 5187/1929/1819 5186/1928/1818 5188/1930/1820
f 5188/1930/1820 5189/1931/1821 5187/1929/1819
f 5190/1932/1822 5191/1933/1823 5192/1934/1824
f 5192/1934/1824 5193/1935/1825 5190/1932/1822
f 5193/1935/1825 5192/1934/1824 5194/1936/1826
f 5194/1936/1826 5195/1937/1827 5193/1935/1825
f 4005/459/570 4004/687/569 4010/690/576
f 4010/690/576 4008/461/573 4005/459/570
f 4008/461/573 4010/690/576 4011/692/578
f 4011/692/578 4007/458/572 4008/461/573
f 4007/458/572 4011/692/578 4012/694/580
f 4012/694/580 3998/451/563 4007/458/572
f 3998/451/563 4012/694/580 4013/695/581
f 4013/695/581 4014/450/584 3998/451/563
f 5179/1921/1811 5196/1938/1828 5197/1939/1829
f 5197/1939/1829 5180/1922/1812 5179/1921/1811
f 5180/1922/1812 5197/1939/1829 5198/1940/1830
f 5198/1940/1830 5182/1924/1814 5180/1922/1812
f 5182/1924/1814 5198/1940/1830 5199/1941/1831
f 5199/1941/1831 5183/1925/1815 5182/1924/1814
f 5183/1925/1815 5199/1941/1831 5200/1942/1832
f 5200/1942/1832 5181/1923/1813 5183/1925/1815
f 5181/1923/1813 5200/1942/1832 5201/1943/1833
f 5201/1943/1833 5178/1920/1810 5181/1923/1813
f 5178/1920/1810 5201/1943/1833 5196/1938/1828
f 5196/1938/1828 5179/1921/1811 5178/1920/1810
f 3400/1/1 4714/1944/1317 4860/1945/1453
f 4860/1945/1453 3401/2/2 3400/1/1
f 5202/1946/1834 3401/2/2 4860/1945/1453
f 4860/1945/1453 4863/1947/1456 5202/1946/1834
f 4863/1947/1456 4868/1948/1461 5202/1946/1834
f 4868/1948/1461 4866/1949/1459 5202/1946/1834
f 4866/1949/1459 4865/1950/1458 5202/1946/1834
f 5202/1946/1834 4865/1950/1458 5203/1951/1835
f 4865/1950/1458 4892/1952/1487 5203/1951/1835
f 4892/1952/1487 5204/1953/1836 5203/1951/1835
f 4892/1952/1487 4891/1954/1486 5204/1953/1836
f 5204/1953/1836 4891/1954/1486 4821/1955/1422
f 4821/1955/1422 4898/1956/1492 5204/1953/1836
f 5203/1951/1835 5205/1957/1837 5202/1946/1834
f 770/741/820 3288/744/1838 3265/743/1796
f 5115/1958/1746 5140/1959/1770 5141/1960/1771
f 5115/1958/1746 5139/1961/1769 5140/1959/1770
f 5115/1958/1746 5116/1962/1747 5139/1961/1769
f 5139/1961/1769 5116/1962/1747 5117/1963/1748
f 5117/1963/1748 5137/1964/1767 5139/1961/1769
f 5137/1964/1767 5117/1963/1748 5118/1965/1749
f 5118/1965/1749 5136/1966/1766 5137/1964/1767
f 5136/1966/1766 5118/1965/1749 5121/1967/1752
f 5121/1967/1752 5148/1968/1778 5136/1966/1766
f 5148/1968/1778 5121/1967/1752 5123/1969/1754
f 5123/1969/1754 5147/1970/1777 5148/1968/1778
f 5147/1970/1777 5123/1969/1754 5125/1971/1756
f 5125/1971/1756 5146/1972/1776 5147/1970/1777
f 5127/1973/1758 5146/1972/1776 5125/1971/1756
f 5127/1973/1758 5145/1974/1775 5146/1972/1776
f 5127/1973/1758 5125/1971/1756 5126/1975/1757
f 3293/748/1839 3288/744/1838 775/745/819
f 5161/1976/1795 5159/1977/1793 3719/1978/374
f 3719/1978/374 3722/1979/377 5161/1976/1795
f 5161/1976/1795 3722/1979/377 3721/1980/376
f 3721/1980/376 5160/1981/1794 5161/1976/1795
f 5160/1981/1794 3721/1980/376 5150/1982/1784
f 5150/1982/1784 5206/1983/1840 5160/1981/1794
f 5207/1984/1841 5206/1983/1840 5150/1982/1784
f 5150/1982/1784 5149/1985/1783 5207/1984/1841
f 5207/1984/1841 5149/1985/1783 5151/1891/1785
f 5151/1891/1785 5156/1890/1790 5207/1984/1841
f 5208/1986/1842 5209/1987/1843 5210/1988/1844
f 5210/1988/1844 5211/1989/1845 5208/1986/1842
f 5211/1989/1845 5210/1988/1844 5212/1990/1846
f 5212/1990/1846 5213/1991/1847 5211/1989/1845
f 5213/1991/1847 5212/1990/1846 5214/1992/1848
f 5214/1992/1848 5215/1993/1849 5213/1991/1847
f 5215/1994/1849 5214/1995/1848 5216/1996/1850
f 5216/1996/1850 5217/1997/1851 5215/1994/1849
f 5217/1997/1851 5216/1996/1850 5218/1998/1852
f 5218/1998/1852 5219/1999/1853 5217/1997/1851
f 5219/1999/1853 5218/1998/1852 5220/2000/1854
f 5220/2000/1854 5221/2001/1855 5219/1999/1853
f 5222/2002/1856 5221/2001/1855 5220/2000/1854
f 5220/2000/1854 5223/2003/1857 5222/2002/1856
f 5222/2002/1856 5223/2003/1857 5209/1987/1843
f 5209/1987/1843 5208/1986/1842 5222/2002/1856
f 4972/2004/1572 4949/2005/1546 4941/2006/1540
f 4941/2006/1540 5224/2007/1858 4972/2004/1572
f 5224/2007/1858 4941/2006/1540 4940/2008/1539
f 4940/2008/1539 5225/2009/1858 5224/2007/1858
f 5225/2009/1858 4940/2008/1539 4942/2010/1541
f 4942/2010/1541 5226/2011/1859 5225/2009/1858
f 5227/2012/1859 5226/2011/1859 4942/2010/1541
f 4942/2010/1541 4943/2013/1541 5227/2012/1859
f 5228/2014/1859 5227/2012/1859 4943/2013/1541
f 4943/2013/1541 4944/2015/1541 5228/2014/1859
f 5229/2016/1859 5228/2014/1859 4944/2015/1541
f 4944/2015/1541 4945/2017/1542 5229/2016/1859
f 5230/2018/1860 5229/2016/1859 4945/2017/1542
f 4937/2019/1536 5230/2018/1860 4945/2017/1542
f 4937/2019/1536 4938/2020/1537 5230/2018/1860
f 5230/2018/1860 4938/2020/1537 5130/2021/1760
f 5130/2021/1760 5231/2022/1861 5230/2018/1860
f 5231/2022/1861 5130/2021/1760 5129/2023/1760
f 5129/2023/1760 5232/2024/1861 5231/2022/1861
f 5232/2024/1861 5129/2023/1760 3446/2025/50
f 3446/2025/50 5233/2026/1862 5232/2024/1861
f 5233/2026/1862 3446/2025/50 3445/2027/49
f 3445/2027/49 5234/2028/1863 5233/2026/1862
f 5235/2029/1864 5234/2028/1863 3445/2027/49
f 3445/2027/49 3447/2030/51 5235/2029/1864
f 5236/2031/1865 5235/2029/1864 3447/2030/51
f 3447/2030/51 3449/2032/53 5236/2031/1865
f 3454/2033/58 5236/2031/1865 3449/2032/53
f 3449/2032/53 3450/2034/54 3454/2033/58
f 3288/744/1838 770/741/820 775/745/819
f 5216/1996/1850 5214/1995/1848 5160/1981/1794
f 5160/1981/1794 5206/1983/1840 5216/1996/1850
f 5218/1998/1852 5216/1996/1850 5206/1983/1840
f 5206/1983/1840 5207/1984/1841 5218/1998/1852
f 5220/2000/1854 5218/1998/1852 5207/1984/1841
f 5207/1984/1841 5156/1890/1790 5220/2000/1854
f 5223/2003/1857 5220/2000/1854 5156/1890/1790
f 5156/1890/1790 5155/1889/1789 5223/2003/1857
f 5209/1987/1843 5223/2003/1857 5155/1889/1789
f 5155/1889/1789 5154/1888/1788 5209/1987/1843
f 5210/1988/1844 5209/1987/1843 5154/1888/1788
f 5154/1888/1788 5157/1897/1791 5210/1988/1844
f 5212/1990/1846 5210/1988/1844 5157/1897/1791
f 5157/1897/1791 5158/1898/1792 5212/1990/1846
f 5214/1992/1848 5212/1990/1846 5158/1898/1792
f 5158/1898/1792 5160/1902/1794 5214/1992/1848
f 5237/2035/1866 5238/2036/1867 5186/1928/1818
f 5188/1930/1820 5186/1928/1818 5238/2036/1867
f 5238/2036/1867 5239/2037/1868 5188/1930/1820
f 5189/1931/1821 5188/1930/1820 5239/2037/1868
f 5239/2037/1868 5240/2038/1869 5189/1931/1821
f 5187/1929/1819 5189/1931/1821 5240/2038/1869
f 5240/2038/1869 5241/2039/1870 5187/1929/1819
f 5184/1926/1816 5187/1929/1819 5241/2039/1870
f 5241/2039/1870 5242/2040/1871 5184/1926/1816
f 5185/1927/1817 5184/1926/1816 5242/2040/1871
f 5242/2040/1871 5237/2035/1866 5185/1927/1817
f 5186/1928/1818 5185/1927/1817 5237/2035/1866
f 3293/748/1839 3290/749/1872 3288/744/1838
f 5243/2041/1873 5244/2042/1874 5205/1957/1837
f 5205/1957/1837 5203/1951/1835 5243/2041/1873
f 5243/2041/1873 5203/1951/1835 5204/1953/1836
f 5204/1953/1836 5245/2043/1875 5243/2041/1873
f 5245/2043/1875 5204/1953/1836 5246/2044/1876
f 5204/1953/1836 4898/1956/1492 5246/2044/1876
f 4898/1956/1492 4904/2045/1500 5246/2044/1876
f 3290/749/1872 3293/748/1839 3317/750/1877
f 5195/1937/1827 5194/1936/1826 5247/2046/1878
f 5248/2047/1879 5247/2046/1878 5194/1936/1826
f 5194/1936/1826 5192/1934/1824 5248/2047/1879
f 5249/2048/1880 5248/2047/1879 5192/1934/1824
f 5192/1934/1824 5191/1933/1823 5249/2048/1880
f 5250/2049/1881 5249/2048/1880 5191/1933/1823
f 5191/1933/1823 5190/1932/1822 5250/2049/1881
f 5251/2050/1882 5250/2049/1881 5190/1932/1822
f 5190/1932/1822 5193/1935/1825 5251/2050/1882
f 5252/2051/1883 5251/2050/1882 5193/1935/1825
f 5193/1935/1825 5195/1937/1827 5252/2051/1883
f 5247/2046/1878 5252/2051/1883 5195/1937/1827
f 3317/750/1877 3306/751/1884 3290/749/1872
f 809/705/770 4190/703/772 4197/708/782
f 809/705/770 4197/708/782 4201/709/786
f 809/705/770 4201/709/786 4203/720/788
f 3306/751/1884 3317/750/1877 3321/752/1885
f 5040/1711/1648 5039/1710/1647 5041/1712/1649
f 5041/1712/1649 5044/1717/1654 5040/1711/1648
f 5036/1705/1642 5040/1711/1648 5044/1717/1654
f 5036/1705/1642 5044/1717/1654 3381/114/1659
f 5036/1705/1642 3381/114/1659 5014/1675/1620
f 3381/114/1659 5015/1676/1621 5014/1675/1620
f 5018/1679/1624 5015/1676/1621 3381/114/1659
f 3381/114/1659 5024/1685/1630 5018/1679/1624
f 5044/1717/1654 3382/1716/1653 3381/114/1659
f 3321/752/1885 3318/753/1886 3306/751/1884
f 5050/2052/1664 5253/2053/1887 5049/2054/1662
f 5254/2055/1888 5049/2054/1662 5253/2053/1887
f 5008/2056/1614 5049/2054/1662 5254/2055/1888
f 5008/2056/1614 5254/2055/1888 5009/2057/1615
f 5254/2055/1888 5255/2058/1889 5009/2057/1615
f 5010/2059/1616 5009/2057/1615 5255/2058/1889
f 5255/2058/1889 5256/2060/1890 5010/2059/1616
f 5256/2060/1890 5255/2058/1889 2081/2061/1608
f 2081/2061/1608 5004/2062/1607 5256/2060/1890
f 5253/2053/1887 5257/2063/1891 5254/2055/1888
f 5254/2055/1888 5257/2063/1891 5258/2064/1892
f 5258/2064/1892 5255/2058/1889 5254/2055/1888
f 5258/2064/1892 5259/2065/1893 5255/2058/1889
f 5259/2065/1893 2081/2061/1608 5255/2058/1889
f 5256/2066/1890 3501/2067/132 5010/2068/1616
f 3501/2067/132 5256/2066/1890 5004/2069/1607
f 5004/2069/1607 5089/1798/1717 3501/2067/132
f 5090/1799/508 5089/1798/1717 5004/2069/1607
f 5004/2069/1607 5003/2070/1606 5090/1799/508
f 5092/1801/508 5090/1799/508 5003/2070/1606
f 5003/2070/1606 5005/2071/1610 5092/1801/508
f 5005/2071/1610 5070/1803/1697 5092/1801/508
f 5005/2071/1610 4987/1634/1587 5070/1803/1697
f 5005/2071/1610 4988/1635/1588 4987/1634/1587
f 4849/1463/1443 4893/1518/1488 4848/1462/1442
f 4893/1518/1488 4895/1521/1490 4848/1462/1442
f 4844/1458/1438 4848/1462/1442 4895/1521/1490
f 4895/1521/1490 4896/1522/1491 4844/1458/1438
f 4842/1456/1436 4844/1458/1438 4896/1522/1491
f 4896/1522/1491 4864/1483/1457 4842/1456/1436
f 4864/1483/1457 4867/1486/1460 4842/1456/1436
f 4867/1486/1460 4869/1488/1462 4842/1456/1436
f 4869/1488/1462 4839/1453/1433 4842/1456/1436
f 4869/1488/1462 4871/1490/1464 4839/1453/1433
f 4893/1518/1488 4894/1520/1489 4895/1521/1490
f 3318/753/1886 3321/752/1885 2991/754/814
f 4646/1377/1250 5260/2072/1894 4770/1376/1372
f 2991/754/814 794/755/817 3318/753/1886
f 4504/1147/1109 4507/1150/1112 4509/1153/1114
f 4509/1153/1114 4519/1164/1124 4504/1147/1109
f 4517/1161/1122 4504/1147/1109 4519/1164/1124
f 4519/1164/1124 4521/1166/1126 4517/1161/1122
f 4515/1159/1120 4517/1161/1122 4521/1166/1126
f 4521/1166/1126 4523/1168/1128 4515/1159/1120
f 4513/1157/1118 4515/1159/1120 4523/1168/1128
f 4523/1168/1128 4510/1154/1115 4513/1157/1118
f 4461/1105/1062 4460/1104/1061 4463/1104/1064
f 4459/1103/1060 4463/1104/1064 4460/1104/1061
f 4444/2073/1045 4457/2074/1058 4458/2075/1059
f 4458/2075/1059 4460/2076/1061 4444/2073/1045
f 4444/2073/1045 4460/2076/1061 4461/2077/1062
f 4445/2078/1046 4444/2073/1045 4461/2077/1062
f 4461/2077/1062 4437/2079/1038 4445/2078/1046
f 4453/2080/1054 4445/2078/1046 4437/2079/1038
f 4454/2081/1055 4453/2080/1054 4437/2079/1038
f 4449/2082/1050 4454/2081/1055 4437/2079/1038
f 4449/2082/1050 4437/2079/1038 4435/2083/1036
f 4435/2083/1036 4450/2084/1051 4449/2082/1050
f 4435/2083/1036 4432/2085/1033 4450/2084/1051
f 4450/2084/1051 4432/2085/1033 4452/2086/1053
f 4452/2086/1053 4451/2087/1052 4450/2084/1051
f 5261/2088/1895 5262/2089/1896 5263/2090/1897
f 4419/2091/1020 4421/2092/1022 4424/2093/1025
f 4424/2093/1025 4431/2094/1032 4419/2091/1020
f 4423/2095/1024 4419/2091/1020 4431/2094/1032
f 4431/2094/1032 4427/2096/1028 4423/2095/1024
f 4416/2097/1017 4423/2095/1024 4427/2096/1028
f 4427/2096/1028 4429/2098/1030 4416/2097/1017
f 4417/2099/1018 4416/2097/1017 4429/2098/1030
f 4429/2098/1030 4428/2100/1029 4417/2099/1018
f 4418/2101/1019 4417/2099/1018 4428/2100/1029
f 4428/2100/1029 4430/2102/1031 4418/2101/1019
f 4422/2103/1023 4418/2101/1019 4430/2102/1031
f 4430/2102/1031 4426/2104/1027 4422/2103/1023
f 4420/2105/1021 4422/2103/1023 4426/2104/1027
f 4426/2104/1027 4425/2106/1026 4420/2105/1021
f 4421/2107/1022 4420/2105/1021 4425/2106/1026
f 4425/2106/1026 4424/2108/1025 4421/2107/1022
f 4395/1032/996 4394/1031/995 4400/1050/1001
f 4400/1050/1001 4407/1044/1008 4395/1032/996
f 5264/2109/1898 4395/1032/996 4407/1044/1008
f 4407/1044/1008 4406/1043/1007 5264/2109/1898
f 5265/2110/1899 5264/2109/1898 4406/1043/1007
f 4406/1043/1007 4409/1046/1010 5265/2110/1899
f 4398/1035/999 5265/2110/1899 4409/1046/1010
f 4409/1046/1010 4408/1045/1009 4398/1035/999
f 4399/1036/1000 4398/1035/999 4408/1045/1009
f 4408/1045/1009 4414/1054/1015 4399/1036/1000
f 4396/1033/997 4399/1036/1000 4414/1054/1015
f 4414/1054/1015 4412/1052/1013 4396/1033/997
f 4397/1034/998 4396/1033/997 4412/1052/1013
f 4412/1052/1013 4401/1038/1002 4397/1034/998
f 4394/2111/995 4397/1034/998 4401/1038/1002
f 4401/1038/1002 4400/1037/1001 4394/2111/995
f 4393/1030/994 4389/1024/990 4395/1032/996
f 4395/1032/996 5264/2109/1898 4393/1030/994
f 4392/1029/993 4393/1030/994 5264/2109/1898
f 5264/2109/1898 5265/2110/1899 4392/1029/993
f 4391/1027/992 4392/1029/993 5265/2110/1899
f 5265/2110/1899 4398/1035/999 4391/1027/992
f 4399/1036/1000 4396/1033/997 4390/1025/991
f 5263/2090/1897 5266/2112/1900 5261/2088/1895
f 4397/1034/998 4394/2111/995 4388/1026/989
f 5267/2113/1901 5268/2113/1902 5269/2114/1903
f 4393/1030/994 4384/1017/985 4383/1016/984
f 5269/2114/1903 5270/2114/1904 5267/2113/1901
f 4383/1016/984 4389/1024/990 4393/1030/994
f 5263/2115/1897 5262/2116/1896 5270/2117/1904
f 4329/2118/930 4332/2119/933 4325/2120/926
f 4329/2118/930 4325/2120/926 5263/2115/1897
f 4329/2118/930 5263/2115/1897 4333/2121/934
f 5263/2115/1897 5270/2117/1904 4333/2121/934
f 5270/2117/1904 5269/2122/1903 4333/2121/934
f 4333/2121/934 4336/2123/937 4329/2118/930
f 4325/2120/926 4328/2124/929 5263/2115/1897
f 5266/2112/1900 5263/2090/1897 4328/950/929
f 4375/1004/976 4383/1016/984 4384/1017/985
f 4328/950/929 4327/949/928 5266/2112/1900
f 5271/969/1905 5272/970/1906 4341/970/942
f 4330/952/931 4329/951/930 4336/958/937
f 4341/970/942 4347/969/948 5271/969/1905
f 4336/958/937 4335/957/936 4330/952/931
f 5273/981/1907 5271/969/1905 4347/969/948
f 4334/956/935 4333/955/934 5269/2114/1903
f 4347/969/948 4355/981/956 5273/981/1907
f 5269/2114/1903 5268/2113/1902 4334/956/935
f 5274/960/1908 5273/981/1907 4355/981/956
f 5261/2125/1895 5267/2113/1901 5270/2114/1904
f 4355/981/956 4338/960/939 5274/960/1908
f 5270/2114/1904 5262/2126/1896 5261/2125/1895
f 5275/959/1909 5274/960/1908 4338/960/939
f 5276/2127/1910 4327/949/928 5277/2128/1911
f 4338/960/939 4337/959/938 5275/959/1909
f 5276/2127/1910 5266/2112/1900 4327/949/928
f 5272/963/1906 5275/959/1909 4337/959/938
f 5276/2127/1910 5261/2088/1895 5266/2112/1900
f 4337/959/938 4341/963/942 5272/963/1906
f 4326/948/927 5278/2129/1912 4327/949/928
f 5276/2130/1910 5272/970/1906 5271/969/1905
f 5278/2129/1912 5277/2128/1911 4327/949/928
f 5271/969/1905 5279/2131/1913 5276/2130/1910
f 4326/948/927 4331/953/932 5278/2129/1912
f 5280/2132/1914 5279/2131/1913 5271/969/1905
f 4330/952/931 5280/2133/1914 4331/953/932
f 5271/969/1905 5273/981/1907 5280/2132/1914
f 5280/2133/1914 5278/2129/1912 4331/953/932
f 5278/2134/1912 5280/2132/1914 5273/981/1907
f 4330/952/931 4335/957/936 5280/2133/1914
f 5273/981/1907 5274/960/1908 5278/2134/1912
f 4334/956/935 5279/2135/1913 4335/957/936
f 5277/2136/1911 5278/2134/1912 5274/960/1908
f 5279/2135/1913 5280/2133/1914 4335/957/936
f 5274/960/1908 5275/959/1909 5277/2136/1911
f 4334/956/935 5268/2113/1902 5279/2135/1913
f 5277/2136/1911 5275/959/1909 5272/963/1906
f 5279/2135/1913 5261/2125/1895 5276/2137/1910
f 5272/963/1906 5276/2138/1910 5277/2136/1911
f 5279/2135/1913 5267/2113/1901 5261/2125/1895
f 5279/2135/1913 5268/2113/1902 5267/2113/1901
usemtl material_0.001
f 1/2139/1915 2/2140/1916 3/2141/1917
f 4/2142/1918 5/2143/1919 6/2144/1920
f 6/2144/1920 7/2145/1921 4/2142/1918
f 7/2145/1921 8/2146/1922 9/2147/1923
f 9/2147/1923 4/2142/1918 7/2145/1921
f 4/2142/1918 9/2147/1923 10/2148/1924
f 10/2148/1924 11/2149/1925 4/2142/1918
f 5/2143/1919 4/2142/1918 11/2149/1925
f 11/2149/1925 12/2150/1926 5/2143/1919
f 13/2151/1927 5/2143/1919 12/2150/1926
f 5/2143/1919 13/2151/1927 14/2152/1928
f 14/2152/1928 6/2144/1920 5/2143/1919
f 15/2153/1929 16/2154/1930 14/2152/1928
f 14/2152/1928 13/2151/1927 15/2153/1929
f 15/2153/1929 13/2151/1927 17/2155/1931
f 12/2150/1926 17/2155/1931 13/2151/1927
f 17/2155/1931 12/2150/1926 18/2156/1932
f 12/2150/1926 11/2149/1925 18/2156/1932
f 19/2157/1933 18/2156/1932 11/2149/1925
f 11/2149/1925 10/2148/1924 19/2157/1933
f 19/2157/1933 10/2148/1924 20/2158/1934
f 20/2158/1934 10/2148/1924 9/2147/1923
f 18/2156/1932 21/2159/1935 17/2155/1931
f 22/2160/1936 17/2155/1931 21/2159/1935
f 17/2155/1931 22/2160/1936 15/2153/1929
f 23/2161/1937 15/2153/1929 22/2160/1936
f 16/2154/1930 15/2153/1929 23/2161/1937
f 24/2162/1938 16/2154/1930 23/2161/1937
f 23/2161/1937 25/2163/1939 24/2162/1938
f 26/2164/1940 24/2162/1938 25/2163/1939
f 25/2163/1939 27/2165/1941 26/2164/1940
f 28/2166/1942 26/2164/1940 27/2165/1941
f 29/2167/1943 30/2168/1944 21/2159/1935
f 21/2159/1935 30/2168/1944 31/2169/1945
f 31/2169/1945 32/2170/1946 21/2159/1935
f 21/2159/1935 32/2170/1946 33/2171/1947
f 34/2172/1948 33/2171/1947 32/2170/1946
f 33/2171/1947 34/2172/1948 35/2173/1949
f 36/2174/1950 37/2175/1951 38/2176/1952
f 36/2174/1950 39/2177/1953 37/2175/1951
f 36/2174/1950 40/2178/1954 39/2177/1953
f 39/2177/1953 40/2178/1954 31/2169/1945
f 32/2170/1946 31/2169/1945 40/2178/1954
f 41/2179/1955 32/2170/1946 40/2178/1954
f 32/2170/1946 41/2179/1955 34/2172/1948
f 41/2179/1955 40/2178/1954 36/2174/1950
f 22/2160/1936 42/2180/1956 23/2161/1937
f 42/2180/1956 22/2160/1936 21/2159/1935
f 21/2159/1935 43/2181/1957 42/2180/1956
f 33/2171/1947 43/2181/1957 21/2159/1935
f 43/2181/1957 33/2171/1947 44/2182/1958
f 35/2173/1949 44/2182/1958 33/2171/1947
f 44/2182/1958 35/2173/1949 45/2183/1959
f 45/2183/1959 46/2184/1960 44/2182/1958
f 46/2184/1960 45/2183/1959 47/2185/1961
f 47/2185/1961 48/2186/1962 46/2184/1960
f 44/2182/1958 49/2187/1963 43/2181/1957
f 49/2187/1963 44/2182/1958 46/2184/1960
f 46/2184/1960 50/2188/1964 49/2187/1963
f 50/2188/1964 46/2184/1960 48/2186/1962
f 48/2186/1962 51/2189/1965 50/2188/1964
f 48/2186/1962 47/2185/1961 52/2190/1966
f 52/2190/1966 53/2191/1967 48/2186/1962
f 51/2189/1965 48/2186/1962 53/2191/1967
f 53/2191/1967 54/2192/1968 51/2189/1965
f 51/2189/1965 54/2192/1968 55/2193/1969
f 55/2193/1969 56/2194/1970 51/2189/1965
f 51/2189/1965 56/2194/1970 57/2195/1971
f 57/2195/1971 50/2188/1964 51/2189/1965
f 50/2188/1964 57/2195/1971 58/2196/1972
f 58/2196/1972 49/2187/1963 50/2188/1964
f 49/2187/1963 58/2196/1972 59/2197/1973
f 43/2181/1957 49/2187/1963 59/2197/1973
f 59/2197/1973 42/2180/1956 43/2181/1957
f 56/2194/1970 55/2193/1969 60/2198/1974
f 60/2198/1974 61/2199/1975 56/2194/1970
f 57/2195/1971 56/2194/1970 61/2199/1975
f 61/2199/1975 62/2200/1976 57/2195/1971
f 58/2196/1972 57/2195/1971 62/2200/1976
f 62/2200/1976 27/2165/1941 58/2196/1972
f 59/2197/1973 58/2196/1972 27/2165/1941
f 27/2165/1941 25/2163/1939 59/2197/1973
f 59/2197/1973 25/2163/1939 23/2161/1937
f 23/2161/1937 42/2180/1956 59/2197/1973
f 27/2165/1941 62/2200/1976 28/2166/1942
f 63/104/1977 28/2166/1942 62/2200/1976
f 62/2200/1976 61/2199/1975 63/104/1977
f 64/2201/1978 63/104/1977 61/2199/1975
f 61/2199/1975 60/2198/1974 64/2201/1978
f 65/2202/1979 64/2201/1978 60/2198/1974
f 60/2198/1974 66/2203/1980 65/2202/1979
f 65/2202/1979 66/2203/1980 67/2204/1981
f 55/2193/1969 67/2204/1981 66/2203/1980
f 55/2193/1969 66/2203/1980 60/2198/1974
f 67/2204/1981 68/2205/1982 65/2202/1979
f 69/2206/1983 70/2207/1984 71/2208/1985
f 71/2208/1985 72/2209/1986 69/2206/1983
f 73/2210/1987 72/2209/1986 71/2208/1985
f 71/2208/1985 74/2211/1988 73/2210/1987
f 74/2211/1988 75/2212/1989 76/2213/1990
f 76/2213/1990 73/2210/1987 74/2211/1988
f 73/2210/1987 76/2213/1990 77/2214/1991
f 72/2209/1986 73/2210/1987 77/2214/1991
f 77/2214/1991 78/2215/1992 72/2209/1986
f 72/2209/1986 78/2215/1992 79/2216/1993
f 79/2216/1993 69/2206/1983 72/2209/1986
f 69/2206/1983 79/2216/1993 80/2217/1994
f 80/2217/1994 81/2218/1995 69/2206/1983
f 70/2207/1984 69/2206/1983 81/2218/1995
f 81/2218/1995 80/2217/1994 82/2219/1996
f 75/2212/1989 20/2158/1934 83/2220/1997
f 83/2220/1997 76/2213/1990 75/2212/1989
f 9/2147/1923 83/2220/1997 20/2158/1934
f 83/2220/1997 9/2147/1923 8/2146/1922
f 8/2146/1922 84/2221/1998 83/2220/1997
f 76/2213/1990 83/2220/1997 84/2221/1998
f 84/2221/1998 77/2214/1991 76/2213/1990
f 85/2222/1999 86/2223/2000 87/2224/2001
f 87/2224/2001 88/2225/2002 85/2222/1999
f 70/2207/1984 85/2222/1999 88/2225/2002
f 88/2225/2002 71/2208/1985 70/2207/1984
f 71/2208/1985 88/2225/2002 89/2226/2003
f 89/2226/2003 74/2211/1988 71/2208/1985
f 90/2227/2004 74/2211/1988 89/2226/2003
f 90/2227/2004 75/2212/1989 74/2211/1988
f 90/2227/2004 20/2158/1934 75/2212/1989
f 20/2158/1934 90/2227/2004 19/2157/1933
f 89/2226/2003 88/2225/2002 87/2224/2001
f 89/2226/2003 91/2228/2005 90/2227/2004
f 89/2226/2003 92/2229/2006 93/2230/2007
f 93/2230/2007 91/2228/2005 89/2226/2003
f 91/2228/2005 93/2230/2007 94/2231/2008
f 94/2231/2008 95/2232/2009 91/2228/2005
f 90/2227/2004 91/2228/2005 95/2232/2009
f 90/2227/2004 95/2232/2009 96/2233/2010
f 96/2233/2010 19/2157/1933 90/2227/2004
f 19/2157/1933 96/2233/2010 29/2167/1943
f 29/2167/1943 18/2156/1932 19/2157/1933
f 21/2159/1935 18/2156/1932 29/2167/1943
f 97/2234/2011 98/2235/2012 94/2231/2008
f 94/2231/2008 93/2230/2007 97/2234/2011
f 99/2236/2013 97/2234/2011 93/2230/2007
f 93/2230/2007 92/2229/2006 99/2236/2013
f 100/2237/2014 99/2236/2013 92/2229/2006
f 81/2218/1995 101/2238/2015 70/2207/1984
f 85/2222/1999 70/2207/1984 101/2238/2015
f 101/2238/2015 102/2239/2016 85/2222/1999
f 86/2223/2000 85/2222/1999 102/2239/2016
f 102/2239/2016 103/2240/2017 86/2223/2000
f 104/2241/2018 86/2223/2000 103/2240/2017
f 86/2223/2000 104/2241/2018 100/2237/2014
f 100/2237/2014 87/2224/2001 86/2223/2000
f 92/2229/2006 87/2224/2001 100/2237/2014
f 87/2224/2001 92/2229/2006 89/2226/2003
f 105/2242/2019 103/2240/2017 106/2243/2020
f 103/2240/2017 105/2242/2019 104/2241/2018
f 107/2244/2021 104/2241/2018 105/2242/2019
f 100/2237/2014 104/2241/2018 107/2244/2021
f 107/2244/2021 108/2245/2022 100/2237/2014
f 109/2246/2023 110/2247/2024 111/2248/2025
f 111/2248/2025 110/2247/2024 112/2249/2026
f 112/2249/2026 113/2250/2027 111/2248/2025
f 113/2250/2027 112/2249/2026 114/2251/2028
f 114/2251/2028 106/2243/2020 113/2250/2027
f 106/2243/2020 114/2251/2028 115/2252/2029
f 115/2252/2029 116/2253/2030 106/2243/2020
f 106/2243/2020 116/2253/2030 105/2242/2019
f 117/2254/2031 105/2242/2019 116/2253/2030
f 105/2242/2019 117/2254/2031 107/2244/2021
f 116/2253/2030 118/2255/2032 117/2254/2031
f 116/2253/2030 115/2252/2029 118/2255/2032
f 115/2252/2029 119/2256/2033 118/2255/2032
f 110/2247/2024 109/2246/2023 120/2257/2034
f 121/2258/2035 120/2257/2034 109/2246/2023
f 109/2246/2023 122/2259/2036 121/2258/2035
f 122/2259/2036 109/2246/2023 123/2260/2037
f 111/2248/2025 123/2260/2037 109/2246/2023
f 123/2260/2037 111/2248/2025 101/2238/2015
f 101/2238/2015 111/2248/2025 113/2250/2027
f 113/2250/2027 102/2239/2016 101/2238/2015
f 102/2239/2016 113/2250/2027 106/2243/2020
f 106/2243/2020 103/2240/2017 102/2239/2016
f 101/2238/2015 81/2218/1995 123/2260/2037
f 82/2219/1996 123/2260/2037 81/2218/1995
f 123/2260/2037 82/2219/1996 122/2259/2036
f 124/2261/2038 125/2262/2039 126/2263/2040
f 126/2263/2040 127/2264/2041 124/2261/2038
f 128/2265/2042 37/2175/1951 39/2177/1953
f 39/2177/1953 129/2266/2043 128/2265/2042
f 128/2265/2042 129/2266/2043 130/2267/2044
f 130/2267/2044 131/2268/2045 128/2265/2042
f 131/2268/2045 130/2267/2044 132/2269/2046
f 132/2269/2046 133/2270/2047 131/2268/2045
f 133/2270/2047 132/2269/2046 134/2271/2048
f 134/2271/2048 135/2272/2049 133/2270/2047
f 136/2273/2050 135/2272/2049 134/2271/2048
f 134/2271/2048 137/2274/2051 136/2273/2050
f 125/2275/2039 136/2273/2050 137/2274/2051
f 137/2274/2051 126/2263/2040 125/2275/2039
f 138/2276/2052 139/2277/2053 140/2278/2054
f 140/2278/2054 141/2279/2055 138/2276/2052
f 138/2276/2052 141/2279/2055 142/2280/2056
f 142/2280/2056 143/2281/2057 138/2276/2052
f 138/2276/2052 143/2281/2057 144/2282/2058
f 145/2283/2059 138/2276/2052 144/2282/2058
f 145/2283/2059 146/2284/2060 138/2276/2052
f 139/2277/2053 138/2276/2052 146/2284/2060
f 146/2284/2060 147/2285/2061 139/2277/2053
f 148/2286/2062 139/2277/2053 147/2285/2061
f 147/2285/2061 149/2287/2063 148/2286/2062
f 145/2288/2059 144/2289/2058 150/2290/2064
f 151/2291/2065 152/2292/2066 153/2293/2067
f 154/2294/2068 153/2293/2067 152/2292/2066
f 152/2292/2066 149/2295/2063 154/2294/2068
f 155/2296/2069 154/2294/2068 149/2295/2063
f 149/2295/2063 147/2297/2061 155/2296/2069
f 155/2296/2069 147/2297/2061 146/2298/2060
f 146/2298/2060 156/2299/2070 155/2296/2069
f 156/2299/2070 146/2298/2060 145/2288/2059
f 145/2288/2059 157/2300/2071 156/2299/2070
f 150/2290/2064 157/2300/2071 145/2288/2059
f 158/2301/2072 159/2302/2073 160/2303/2074
f 159/2302/2073 158/2301/2072 153/2293/2067
f 153/2293/2067 154/2294/2068 159/2302/2073
f 161/2304/2075 159/2302/2073 154/2294/2068
f 154/2294/2068 155/2296/2069 161/2304/2075
f 161/2304/2075 155/2296/2069 156/2299/2070
f 156/2299/2070 162/2305/2076 161/2304/2075
f 162/2305/2076 156/2299/2070 157/2300/2071
f 157/2300/2071 163/2306/2077 162/2305/2076
f 157/2300/2071 150/2290/2064 164/2307/2078
f 164/2307/2078 163/2306/2077 157/2300/2071
f 165/2308/2079 163/2306/2077 164/2307/2078
f 165/2308/2079 166/2309/2080 163/2306/2077
f 163/2306/2077 166/2309/2080 167/2310/2081
f 167/2310/2081 162/2305/2076 163/2306/2077
f 162/2305/2076 167/2310/2081 168/2311/2082
f 168/2311/2082 161/2304/2075 162/2305/2076
f 161/2304/2075 168/2311/2082 160/2303/2074
f 160/2303/2074 159/2302/2073 161/2304/2075
f 158/2301/2072 160/2303/2074 169/2312/2083
f 169/2312/2083 170/2313/2084 158/2301/2072
f 171/2314/2085 170/2313/2084 169/2312/2083
f 170/2313/2084 171/2314/2085 172/2315/2086
f 173/2316/2087 171/2314/2085 169/2312/2083
f 174/2317/2088 175/2318/2089 176/2319/2090
f 176/2319/2090 177/2320/2091 174/2317/2088
f 172/2315/2086 174/2317/2088 177/2320/2091
f 177/2320/2091 178/2321/2092 172/2315/2086
f 172/2315/2086 178/2321/2092 170/2313/2084
f 170/2313/2084 178/2321/2092 179/2322/2093
f 170/2313/2084 179/2322/2093 158/2301/2072
f 158/2301/2072 179/2322/2093 180/2323/2094
f 180/2323/2094 153/2293/2067 158/2301/2072
f 153/2293/2067 180/2323/2094 151/2291/2065
f 181/2324/2095 182/2325/2096 183/2326/2097
f 184/2327/2098 181/2324/2095 183/2326/2097
f 185/1460/2099 184/2327/2098 183/2326/2097
f 184/2327/2098 185/1460/2099 186/2328/2100
f 187/2329/2101 186/2328/2100 185/1460/2099
f 177/2320/2091 186/2328/2100 187/2329/2101
f 178/2321/2092 177/2320/2091 187/2329/2101
f 178/2321/2092 187/2329/2101 179/2322/2093
f 179/2322/2093 187/2329/2101 188/2330/2102
f 188/2330/2102 180/2323/2094 179/2322/2093
f 180/2323/2094 188/2330/2102 189/2331/2103
f 189/2331/2103 151/2291/2065 180/2323/2094
f 185/1460/2099 183/2326/2097 190/2332/2104
f 188/2330/2102 185/1460/2099 190/2332/2104
f 185/1460/2099 188/2330/2102 187/2329/2101
f 190/2332/2104 189/2331/2103 188/2330/2102
f 191/2333/2105 192/2334/2106 182/2325/2096
f 182/2325/2096 192/2334/2106 183/2326/2097
f 182/2325/2096 193/2335/2107 194/2336/2108
f 194/2336/2108 195/2337/2109 182/2325/2096
f 182/2325/2096 195/2337/2109 191/2333/2105
f 191/2333/2105 195/2337/2109 196/2338/2110
f 196/2338/2110 197/2339/2111 191/2333/2105
f 197/2339/2111 196/2338/2110 198/2340/2112
f 198/2340/2112 199/2341/2113 197/2339/2111
f 199/2341/2113 198/2340/2112 200/2342/2114
f 201/2343/2115 200/2342/2114 198/2340/2112
f 198/2340/2112 202/2344/2116 201/2343/2115
f 196/2338/2110 195/2337/2109 194/2336/2108
f 194/2336/2108 203/2345/2117 196/2338/2110
f 200/2342/2114 204/2346/2118 199/2341/2113
f 202/2344/2116 198/2340/2112 196/2338/2110
f 196/2338/2110 203/2345/2117 202/2344/2116
f 202/2344/2116 203/2345/2117 205/2347/2119
f 203/2345/2117 194/2336/2108 205/2347/2119
f 206/2348/2120 205/2347/2119 194/2336/2108
f 194/2336/2108 193/2335/2107 206/2348/2120
f 207/2349/2121 206/2348/2120 193/2335/2107
f 193/2335/2107 208/2350/2122 207/2349/2121
f 208/2350/2122 193/2335/2107 182/2325/2096
f 182/2325/2096 181/2324/2095 208/2350/2122
f 201/2343/2115 202/2344/2116 209/2351/2123
f 202/2344/2116 205/2347/2119 209/2351/2123
f 209/2351/2123 205/2347/2119 210/2352/2124
f 211/2353/2125 210/2352/2124 205/2347/2119
f 205/2347/2119 206/2348/2120 211/2353/2125
f 212/2354/2126 211/2353/2125 206/2348/2120
f 206/2348/2120 207/2349/2121 212/2354/2126
f 207/2349/2121 213/2355/2127 212/2354/2126
f 213/2355/2127 207/2349/2121 176/2319/2090
f 176/2319/2090 175/2318/2089 213/2355/2127
f 209/2351/2123 214/2356/2128 201/2343/2115
f 215/2357/2129 214/2356/2128 209/2351/2123
f 209/2351/2123 216/2358/2130 215/2357/2129
f 210/2352/2124 216/2358/2130 209/2351/2123
f 186/2328/2100 177/2320/2091 176/2319/2090
f 217/2359/2131 186/2328/2100 176/2319/2090
f 186/2328/2100 217/2359/2131 184/2327/2098
f 181/2324/2095 184/2327/2098 217/2359/2131
f 217/2359/2131 208/2350/2122 181/2324/2095
f 208/2350/2122 217/2359/2131 176/2319/2090
f 176/2319/2090 207/2349/2121 208/2350/2122
f 218/2360/2132 219/2361/2133 220/2362/2134
f 220/2362/2134 221/2363/2135 222/2364/2136
f 218/2360/2132 223/2365/2137 224/2366/2138
f 224/2366/2138 219/2361/2133 218/2360/2132
f 219/2361/2133 224/2366/2138 225/2367/2139
f 225/2367/2139 226/2368/2140 219/2361/2133
f 220/2362/2134 219/2361/2133 226/2368/2140
f 226/2368/2140 227/2369/2141 220/2362/2134
f 220/2362/2134 227/2369/2141 221/2363/2135
f 227/2369/2141 228/2370/2142 221/2363/2135
f 221/2363/2135 228/2370/2142 212/2371/2126
f 212/2371/2126 213/2372/2127 221/2363/2135
f 222/2364/2136 221/2363/2135 213/2372/2127
f 213/2372/2127 175/2373/2089 222/2364/2136
f 227/2369/2141 226/2368/2140 225/2367/2139
f 225/2367/2139 229/2374/2143 227/2369/2141
f 230/2375/2144 229/2374/2143 225/2367/2139
f 230/2375/2144 231/2376/2145 232/2377/2146
f 225/2367/2139 231/2376/2145 230/2375/2144
f 233/2378/2147 231/2376/2145 225/2367/2139
f 225/2367/2139 224/2366/2138 233/2378/2147
f 234/2379/2148 233/2378/2147 224/2366/2138
f 224/2366/2138 223/2365/2137 234/2379/2148
f 234/2379/2148 223/2365/2137 235/2380/2149
f 235/2380/2149 223/2365/2137 218/2360/2132
f 218/2360/2132 236/2381/2150 235/2380/2149
f 218/2360/2132 220/2362/2134 236/2381/2150
f 234/2379/2148 237/2382/2151 238/2383/2152
f 238/2383/2152 233/2378/2147 234/2379/2148
f 239/2384/2153 240/2385/2154 241/2386/2155
f 241/2386/2155 240/2385/2154 242/2387/2156
f 242/2387/2156 235/2380/2149 241/2386/2155
f 235/2380/2149 242/2387/2156 234/2379/2148
f 234/2379/2148 242/2387/2156 243/2388/2157
f 243/2388/2157 237/2382/2151 234/2379/2148
f 244/2389/2158 237/2382/2151 243/2388/2157
f 238/2383/2152 237/2382/2151 244/2389/2158
f 244/2389/2158 245/2390/2159 238/2383/2152
f 232/2377/2146 238/2383/2152 245/2390/2159
f 233/2378/2147 238/2383/2152 232/2377/2146
f 232/2377/2146 231/2376/2145 233/2378/2147
f 246/2391/2160 243/2388/2157 242/2387/2156
f 247/2392/2161 243/2388/2157 246/2391/2160
f 243/2388/2157 247/2392/2161 244/2389/2158
f 244/2389/2158 247/2392/2161 248/2393/2162
f 244/2389/2158 248/2393/2162 245/2390/2159
f 249/2394/2163 245/2390/2159 248/2393/2162
f 245/2390/2159 249/2394/2163 232/2377/2146
f 232/2377/2146 249/2394/2163 250/2395/2164
f 250/2395/2164 251/2396/2165 232/2377/2146
f 232/2377/2146 251/2396/2165 230/2375/2144
f 242/2387/2156 240/2385/2154 246/2391/2160
f 247/2392/2161 252/2397/2166 248/2393/2162
f 247/2392/2161 253/2398/2167 252/2397/2166
f 252/2397/2166 253/2398/2167 254/2399/2168
f 254/2399/2168 255/2400/2169 252/2397/2166
f 248/2393/2162 252/2397/2166 255/2400/2169
f 255/2400/2169 256/2401/2170 248/2393/2162
f 248/2393/2162 250/2395/2164 249/2394/2163
f 248/2393/2162 256/2401/2170 250/2395/2164
f 250/2395/2164 256/2401/2170 257/2402/2171
f 258/2403/2172 257/2402/2171 256/2401/2170
f 256/2401/2170 259/2404/2173 258/2403/2172
f 259/2404/2173 256/2401/2170 255/2400/2169
f 255/2400/2169 260/2405/2174 259/2404/2173
f 260/2405/2174 255/2400/2169 254/2399/2168
f 254/2399/2168 261/2406/2175 260/2405/2174
f 261/2406/2175 254/2399/2168 262/2407/2176
f 262/2407/2176 263/2408/2177 261/2406/2175
f 264/2409/2178 263/2408/2177 262/2407/2176
f 262/2407/2176 265/2410/2179 264/2409/2178
f 264/2409/2178 265/2410/2179 266/2411/2180
f 267/2412/2181 266/2411/2180 268/2413/2182
f 265/2410/2179 268/2413/2182 266/2411/2180
f 265/2410/2179 269/2414/2183 268/2413/2182
f 269/2414/2183 265/2410/2179 262/2407/2176
f 262/2407/2176 270/2415/2184 269/2414/2183
f 271/2416/2185 270/2415/2184 262/2407/2176
f 272/2417/2186 270/2415/2184 271/2416/2185
f 271/2416/2185 273/2418/2187 272/2417/2186
f 274/2419/2188 272/2417/2186 273/2418/2187
f 273/2418/2187 275/2420/2189 274/2419/2188
f 276/2421/2190 275/2420/2189 273/2418/2187
f 277/2422/1687 278/2423/2191 279/2424/2192
f 267/2412/2181 279/2424/2192 278/2423/2191
f 267/2412/2181 268/2413/2182 279/2424/2192
f 272/2417/2186 279/2424/2192 268/2413/2182
f 272/2417/2186 268/2413/2182 269/2414/2183
f 272/2417/2186 269/2414/2183 270/2415/2184
f 277/2422/1687 279/2424/2192 272/2417/2186
f 274/2419/2188 277/2422/1687 272/2417/2186
f 280/2425/2193 281/2426/2194 282/2427/2195
f 283/2428/2196 281/2426/2194 280/2425/2193
f 281/2426/2194 283/2428/2196 284/2429/2197
f 285/2430/2198 284/2429/2197 283/2428/2196
f 283/2428/2196 286/2431/2199 285/2430/2198
f 285/2430/2198 286/2431/2199 287/2432/2200
f 288/2433/2201 287/2432/2200 286/2431/2199
f 287/2432/2200 288/2433/2201 276/2421/2190
f 276/2421/2190 289/2434/2202 287/2432/2200
f 273/2418/2187 289/2434/2202 276/2421/2190
f 289/2434/2202 290/2435/2203 291/2436/2204
f 291/2436/2204 287/2432/2200 289/2434/2202
f 287/2432/2200 291/2436/2204 285/2430/2198
f 280/2425/2193 292/2437/2205 283/2428/2196
f 286/2431/2199 283/2428/2196 292/2437/2205
f 292/2437/2205 293/2438/2206 286/2431/2199
f 286/2431/2199 293/2438/2206 288/2433/2201
f 273/2418/2187 290/2435/2203 289/2434/2202
f 273/2418/2187 294/2439/2207 290/2435/2203
f 294/2439/2207 295/2440/2208 290/2435/2203
f 295/2440/2208 294/2439/2207 296/2441/2209
f 297/2442/2210 295/2440/2208 296/2441/2209
f 298/2443/2211 297/2442/2210 296/2441/2209
f 299/2444/2212 297/2442/2210 298/2443/2211
f 298/2443/2211 246/2391/2160 299/2444/2212
f 239/2384/2153 299/2444/2212 246/2391/2160
f 246/2391/2160 240/2385/2154 239/2384/2153
f 246/2391/2160 298/2443/2211 247/2392/2161
f 247/2392/2161 298/2443/2211 253/2398/2167
f 298/2443/2211 296/2441/2209 253/2398/2167
f 254/2399/2168 253/2398/2167 296/2441/2209
f 296/2441/2209 262/2407/2176 254/2399/2168
f 262/2407/2176 296/2441/2209 271/2416/2185
f 296/2441/2209 300/2445/2213 271/2416/2185
f 273/2418/2187 271/2416/2185 300/2445/2213
f 273/2418/2187 300/2445/2213 294/2439/2207
f 294/2439/2207 300/2445/2213 296/2441/2209
f 241/2386/2155 301/2446/2214 239/2384/2153
f 302/2447/2215 303/2448/2216 304/2449/2217
f 301/2446/2214 304/2449/2217 303/2448/2216
f 305/2450/2218 304/2449/2217 301/2446/2214
f 301/2446/2214 241/2386/2155 305/2450/2218
f 236/2381/2150 305/2450/2218 241/2386/2155
f 241/2386/2155 235/2380/2149 236/2381/2150
f 302/2447/2215 306/2451/2219 307/2452/2220
f 306/2451/2219 302/2447/2215 308/2453/2221
f 309/2454/2222 308/2453/2221 302/2447/2215
f 302/2447/2215 310/2455/2223 309/2454/2222
f 309/2454/2222 310/2455/2223 311/2456/2224
f 311/2456/2224 310/2455/2223 236/2381/2150
f 310/2455/2223 305/2450/2218 236/2381/2150
f 310/2455/2223 302/2447/2215 305/2450/2218
f 302/2447/2215 304/2449/2217 305/2450/2218
f 308/2453/2221 312/2457/2225 306/2451/2219
f 220/2362/2134 311/2456/2224 236/2381/2150
f 222/2364/2136 311/2456/2224 220/2362/2134
f 311/2456/2224 222/2364/2136 309/2454/2222
f 309/2454/2222 222/2364/2136 175/2373/2089
f 175/2373/2089 174/2458/2088 309/2454/2222
f 308/2453/2221 309/2454/2222 174/2458/2088
f 174/2458/2088 172/2459/2086 308/2453/2221
f 308/2453/2221 172/2459/2086 171/2460/2085
f 171/2460/2085 313/2461/2226 308/2453/2221
f 171/2460/2085 314/2462/2227 313/2461/2226
f 315/2463/2228 316/2464/2229 313/2461/2226
f 308/2453/2221 313/2461/2226 316/2464/2229
f 316/2464/2229 312/2457/2225 308/2453/2221
f 317/2465/2230 312/2457/2225 316/2464/2229
f 306/2451/2219 312/2457/2225 317/2465/2230
f 317/2465/2230 282/2427/2195 306/2451/2219
f 282/2427/2195 307/2452/2220 306/2451/2219
f 282/2427/2195 318/2466/2231 307/2452/2220
f 302/2447/2215 307/2452/2220 318/2466/2231
f 302/2447/2215 318/2466/2231 303/2448/2216
f 317/2465/2230 316/2464/2229 315/2463/2228
f 317/2465/2230 315/2463/2228 319/2467/2232
f 314/2462/2227 315/2463/2228 313/2461/2226
f 173/2468/2087 315/2463/2228 314/2462/2227
f 173/2468/2087 319/2467/2232 315/2463/2228
f 173/2468/2087 320/2469/2233 319/2467/2232
f 319/2467/2232 320/2469/2233 321/2470/138
f 317/2465/2230 319/2467/2232 321/2470/138
f 322/2471/2234 317/2465/2230 321/2470/138
f 282/2427/2195 317/2465/2230 322/2471/2234
f 322/2471/2234 323/2472/2235 282/2427/2195
f 282/2427/2195 323/2472/2235 280/2425/2193
f 284/2429/2197 324/2473/2236 281/2426/2194
f 282/2427/2195 281/2426/2194 324/2473/2236
f 282/2427/2195 324/2473/2236 318/2466/2231
f 318/2466/2231 324/2473/2236 303/2448/2216
f 303/2448/2216 324/2473/2236 301/2446/2214
f 284/2429/2197 301/2446/2214 324/2473/2236
f 301/2446/2214 284/2429/2197 285/2430/2198
f 285/2430/2198 239/2384/2153 301/2446/2214
f 299/2444/2212 239/2384/2153 285/2430/2198
f 285/2430/2198 291/2436/2204 299/2444/2212
f 291/2436/2204 290/2435/2203 299/2444/2212
f 299/2444/2212 290/2435/2203 295/2440/2208
f 295/2440/2208 297/2442/2210 299/2444/2212
f 169/2474/2083 325/2475/2237 173/2476/2087
f 326/2477/2238 327/2478/2239 328/2479/2240
f 328/2479/2240 329/2480/2241 326/2477/2238
f 38/2481/1952 329/2480/2241 328/2479/2240
f 330/2482/2242 41/2483/1955 36/2484/1950
f 36/2484/1950 331/2485/2243 330/2482/2242
f 331/2485/2243 36/2484/1950 38/2481/1952
f 38/2481/1952 332/2486/2244 331/2485/2243
f 328/2479/2240 332/2486/2244 38/2481/1952
f 333/2487/2245 332/2486/2244 328/2479/2240
f 333/2487/2245 328/2479/2240 327/2478/2239
f 327/2478/2239 334/2488/2246 333/2487/2245
f 334/2488/2246 327/2478/2239 335/2489/2247
f 335/2489/2247 327/2478/2239 326/2477/2238
f 335/2489/2247 336/2490/2248 334/2488/2246
f 326/2477/2238 337/2491/2249 335/2489/2247
f 335/2489/2247 337/2491/2249 338/2492/2250
f 338/2492/2250 339/2493/2251 335/2489/2247
f 335/2489/2247 339/2493/2251 336/2490/2248
f 339/2493/2251 340/2494/2252 336/2490/2248
f 339/2493/2251 341/2495/2253 340/2494/2252
f 342/2496/2254 343/2497/2254 344/2498/2254
f 344/2498/2254 345/2499/2254 342/2496/2254
f 346/2500/2255 347/2501/2255 348/2502/2255
f 346/2500/2255 348/2502/2255 349/2503/2255
f 348/2502/2255 350/2504/2255 349/2503/2255
f 349/2503/2255 351/2505/2256 352/2506/2256
f 353/2507/2255 354/2508/2256 346/2500/2255
f 353/2507/2255 346/2500/2255 355/2509/2255
f 346/2500/2255 349/2503/2255 355/2509/2255
f 349/2503/2255 356/2510/2255 355/2509/2255
f 349/2503/2255 352/2506/2256 356/2510/2255
f 352/2506/2256 357/2511/2255 356/2510/2255
f 356/2510/2255 358/2512/2255 355/2509/2255
f 359/2513/2257 353/2507/2255 355/2509/2255
f 360/2514/2258 361/2515/2259 362/2516/2260
f 361/2515/2259 363/2517/2261 362/2516/2260
f 364/2518/2262 363/2517/2261 361/2515/2259
f 361/2515/2259 365/2519/2263 364/2518/2262
f 365/2519/2263 366/2520/2264 364/2518/2262
f 367/2521/2265 365/2519/2263 368/2522/2266
f 368/2522/2266 365/2519/2263 361/2515/2259
f 368/2522/2266 361/2515/2259 369/2523/2267
f 369/2523/2267 361/2515/2259 360/2514/2258
f 369/2523/2267 360/2514/2258 370/2524/2268
f 370/2524/2268 360/2514/2258 371/2525/2269
f 370/2524/2268 371/2525/2269 372/2526/2270
f 372/2526/2270 371/2525/2269 373/2527/2271
f 372/2526/2270 373/2527/2271 374/2528/2272
f 374/2528/2272 373/2527/2271 375/2529/2273
f 376/2530/2274 377/2531/2275 367/2521/2265
f 367/2521/2265 368/2522/2266 376/2530/2274
f 378/2532/2276 376/2530/2274 368/2522/2266
f 379/2533/2277 378/2532/2276 368/2522/2266
f 368/2522/2266 369/2523/2267 379/2533/2277
f 380/2534/2278 379/2533/2277 369/2523/2267
f 381/2535/2279 380/2534/2278 369/2523/2267
f 369/2523/2267 370/2524/2268 381/2535/2279
f 382/2536/2280 381/2535/2279 370/2524/2268
f 383/2537/2281 382/2536/2280 370/2524/2268
f 370/2524/2268 372/2526/2270 383/2537/2281
f 384/2538/2282 383/2537/2281 372/2526/2270
f 385/2539/2283 384/2538/2282 372/2526/2270
f 372/2526/2270 374/2528/2272 385/2539/2283
f 386/2540/2284 385/2539/2283 374/2528/2272
f 387/2541/2285 386/2540/2284 374/2528/2272
f 374/2528/2272 388/2542/2286 387/2541/2285
f 389/2543/2287 387/2541/2285 388/2542/2286
f 390/2544/2288 389/2543/2287 388/2542/2286
f 388/2542/2286 391/2545/2289 390/2544/2288
f 374/2528/2272 375/2529/2273 388/2542/2286
f 388/2542/2286 375/2529/2273 392/2546/2290
f 388/2542/2286 392/2546/2290 391/2545/2289
f 391/2545/2289 392/2546/2290 393/2547/2291
f 391/2545/2289 393/2547/2291 394/2548/2292
f 394/2548/2292 393/2547/2291 395/2549/2293
f 394/2548/2292 395/2549/2293 396/2550/2294
f 396/2550/2294 395/2549/2293 397/2551/2295
f 396/2550/2294 397/2551/2295 367/2552/2265
f 367/2552/2265 397/2551/2295 365/2553/2263
f 365/2553/2263 397/2551/2295 398/2554/2296
f 398/2554/2296 366/2555/2264 365/2553/2263
f 392/2546/2290 375/2529/2273 399/2556/2297
f 399/2556/2297 400/2557/2298 392/2546/2290
f 392/2546/2290 400/2557/2298 401/2558/2299
f 393/2547/2291 392/2546/2290 401/2558/2299
f 401/2558/2299 402/2559/2300 393/2547/2291
f 393/2547/2291 402/2559/2300 403/2560/2301
f 395/2549/2293 393/2547/2291 403/2560/2301
f 403/2560/2301 404/2561/2302 395/2549/2293
f 395/2549/2293 404/2561/2302 405/2562/2303
f 397/2551/2295 395/2549/2293 405/2562/2303
f 405/2562/2303 406/2563/2304 397/2551/2295
f 397/2551/2295 406/2563/2304 398/2554/2296
f 407/2564/2305 408/2565/2306 375/2529/2273
f 375/2529/2273 373/2527/2271 407/2564/2305
f 373/2527/2271 409/2566/2307 407/2564/2305
f 410/2567/2308 409/2566/2307 373/2527/2271
f 373/2527/2271 371/2525/2269 410/2567/2308
f 371/2525/2269 411/2568/2309 410/2567/2308
f 412/2569/2310 411/2568/2309 371/2525/2269
f 371/2525/2269 360/2514/2258 412/2569/2310
f 360/2514/2258 413/2570/2311 412/2569/2310
f 362/2516/2260 413/2570/2311 360/2514/2258
f 414/2571/2312 390/2544/2288 391/2545/2289
f 415/2572/2313 414/2571/2312 391/2545/2289
f 391/2545/2289 394/2548/2292 415/2572/2313
f 416/2573/2314 415/2572/2313 394/2548/2292
f 417/2574/2315 416/2573/2314 394/2548/2292
f 394/2548/2292 396/2550/2294 417/2574/2315
f 418/2575/2316 417/2574/2315 396/2550/2294
f 419/2576/2317 418/2575/2316 396/2550/2294
f 396/2550/2294 367/2552/2265 419/2576/2317
f 377/2577/2275 419/2576/2317 367/2552/2265
f 408/2565/2306 399/2556/2297 375/2529/2273
f 420/2578/2318 421/2579/2319 422/2580/2320
f 423/2581/2321 421/2579/2319 420/2578/2318
f 420/2578/2318 424/2582/2322 423/2581/2321
f 424/2582/2322 420/2578/2318 425/2583/2323
f 426/2584/2324 427/2585/2325 423/2581/2321
f 423/2581/2321 424/2582/2322 426/2584/2324
f 426/2584/2324 424/2582/2322 428/2586/2326
f 425/2583/2323 428/2586/2326 424/2582/2322
f 428/2586/2326 425/2583/2323 429/2587/2327
f 429/2587/2327 425/2583/2323 420/2578/2318
f 420/2578/2318 430/2588/2328 429/2587/2327
f 422/2580/2320 430/2588/2328 420/2578/2318
f 431/2589/2329 430/2588/2328 422/2580/2320
f 422/2580/2320 432/2590/2330 431/2589/2329
f 433/2591/2331 427/2585/2325 426/2584/2324
f 434/2592/2332 435/2593/2333 436/2594/2334
f 436/2594/2334 437/2595/2335 434/2592/2332
f 434/2592/2332 437/2595/2335 438/2596/2336
f 438/2596/2336 437/2595/2335 433/2591/2331
f 433/2591/2331 439/2597/2337 438/2596/2336
f 426/2584/2324 439/2597/2337 433/2591/2331
f 439/2597/2337 426/2584/2324 440/2598/2338
f 428/2586/2326 440/2598/2338 426/2584/2324
f 441/2599/2339 440/2598/2338 428/2586/2326
f 441/2599/2339 428/2586/2326 429/2587/2327
f 440/2598/2338 441/2599/2339 439/2597/2337
f 438/2596/2336 439/2597/2337 441/2599/2339
f 441/2599/2339 442/2600/2340 438/2596/2336
f 442/2600/2340 441/2599/2339 443/2601/2341
f 442/2600/2340 443/2601/2341 444/2602/2342
f 445/2603/2343 444/2602/2342 443/2601/2341
f 434/2592/2332 444/2602/2342 445/2603/2343
f 445/2603/2343 446/2604/2344 434/2592/2332
f 435/2593/2333 434/2592/2332 446/2604/2344
f 446/2604/2344 447/2605/2345 435/2593/2333
f 444/2602/2342 438/2596/2336 442/2600/2340
f 438/2596/2336 444/2602/2342 434/2592/2332
f 448/2606/2346 446/2604/2344 445/2603/2343
f 441/2599/2339 449/2607/2347 443/2601/2341
f 450/2608/2348 451/2609/2349 449/2607/2347
f 452/2610/2350 449/2607/2347 451/2609/2349
f 449/2607/2347 452/2610/2350 443/2601/2341
f 443/2601/2341 452/2610/2350 445/2603/2343
f 451/2609/2349 445/2603/2343 452/2610/2350
f 445/2603/2343 451/2609/2349 448/2606/2346
f 448/2606/2346 451/2609/2349 450/2608/2348
f 450/2608/2348 453/2611/2351 448/2606/2346
f 454/2612/2352 455/2613/2353 456/2614/2354
f 455/2613/2353 454/2612/2352 457/2615/2355
f 457/2615/2355 458/2616/2356 455/2613/2353
f 458/2616/2356 457/2615/2355 459/2617/2357
f 458/2616/2356 459/2617/2357 449/2607/2347
f 459/2617/2357 460/2618/2358 449/2607/2347
f 449/2607/2347 460/2618/2358 450/2608/2348
f 461/2619/2359 450/2608/2348 460/2618/2358
f 453/2611/2351 450/2608/2348 461/2619/2359
f 461/2619/2359 462/2620/2360 453/2611/2351
f 460/2618/2358 459/2617/2357 461/2619/2359
f 463/2621/2361 462/2620/2360 461/2619/2359
f 461/2619/2359 454/2612/2352 463/2621/2361
f 454/2612/2352 461/2619/2359 459/2617/2357
f 459/2617/2357 457/2615/2355 454/2612/2352
f 447/2605/2345 446/2604/2344 448/2606/2346
f 448/2606/2346 464/2622/2362 447/2605/2345
f 464/2622/2362 448/2606/2346 453/2611/2351
f 453/2611/2351 465/2623/2363 464/2622/2362
f 465/2623/2363 453/2611/2351 462/2620/2360
f 462/2620/2360 466/2624/2364 465/2623/2363
f 466/2624/2364 462/2620/2360 463/2621/2361
f 463/2621/2361 467/2625/2365 466/2624/2364
f 467/2625/2365 463/2621/2361 456/2614/2354
f 456/2614/2354 463/2621/2361 454/2612/2352
f 456/2614/2354 468/2626/2366 467/2625/2365
f 467/2625/2365 468/2626/2366 383/2627/2281
f 383/2627/2281 384/2628/2282 467/2625/2365
f 466/2624/2364 467/2625/2365 384/2628/2282
f 384/2628/2282 385/2629/2283 466/2624/2364
f 465/2623/2363 466/2624/2364 385/2629/2283
f 385/2629/2283 386/2630/2284 465/2623/2363
f 464/2622/2362 465/2623/2363 386/2630/2284
f 386/2630/2284 387/2631/2285 464/2622/2362
f 447/2605/2345 464/2622/2362 387/2631/2285
f 387/2631/2285 389/2632/2287 447/2605/2345
f 435/2593/2333 447/2605/2345 389/2632/2287
f 389/2632/2287 390/2633/2288 435/2593/2333
f 436/2594/2334 435/2593/2333 390/2633/2288
f 390/2633/2288 414/2634/2312 436/2594/2334
f 469/2635/2367 436/2594/2334 414/2634/2312
f 414/2634/2312 415/2636/2313 469/2635/2367
f 470/2637/2368 469/2635/2367 415/2636/2313
f 415/2636/2313 416/2638/2314 470/2637/2368
f 471/2639/2369 470/2637/2368 416/2638/2314
f 437/2595/2335 436/2594/2334 469/2635/2367
f 469/2635/2367 433/2591/2331 437/2595/2335
f 433/2591/2331 469/2635/2367 470/2637/2368
f 470/2637/2368 427/2585/2325 433/2591/2331
f 427/2585/2325 470/2637/2368 471/2639/2369
f 471/2639/2369 423/2581/2321 427/2585/2325
f 423/2581/2321 471/2639/2369 472/2640/2370
f 472/2640/2370 421/2579/2319 423/2581/2321
f 421/2579/2319 472/2640/2370 473/2641/2371
f 473/2641/2371 422/2580/2320 421/2579/2319
f 416/2638/2314 417/2642/2315 471/2639/2369
f 472/2640/2370 471/2639/2369 417/2642/2315
f 417/2642/2315 418/2643/2316 472/2640/2370
f 473/2641/2371 472/2640/2370 418/2643/2316
f 418/2643/2316 419/2644/2317 473/2641/2371
f 474/2645/2372 473/2641/2371 419/2644/2317
f 419/2644/2317 377/2646/2275 474/2645/2372
f 475/2647/2373 474/2645/2372 377/2646/2275
f 377/2646/2275 376/2648/2274 475/2647/2373
f 476/2649/2374 475/2647/2373 376/2648/2274
f 422/2580/2320 473/2641/2371 474/2645/2372
f 474/2645/2372 432/2590/2330 422/2580/2320
f 432/2590/2330 474/2645/2372 475/2647/2373
f 475/2647/2373 477/2650/2375 432/2590/2330
f 477/2650/2375 475/2647/2373 476/2649/2374
f 476/2649/2374 478/2651/2376 477/2650/2375
f 478/2651/2376 476/2649/2374 479/2652/2377
f 479/2652/2377 480/2653/2378 478/2651/2376
f 480/2653/2378 479/2652/2377 481/2654/2379
f 481/2654/2379 482/2655/2380 480/2653/2378
f 431/2589/2329 432/2590/2330 477/2650/2375
f 477/2650/2375 483/2656/2381 431/2589/2329
f 483/2656/2381 477/2650/2375 478/2651/2376
f 478/2651/2376 484/2657/2382 483/2656/2381
f 484/2657/2382 478/2651/2376 480/2653/2378
f 480/2653/2378 485/2658/2383 484/2657/2382
f 486/2659/2384 485/2658/2383 480/2653/2378
f 485/2658/2383 486/2659/2384 487/2660/2385
f 488/2661/2386 487/2660/2385 486/2659/2384
f 489/2662/2387 487/2660/2385 488/2661/2386
f 486/2659/2384 490/2663/2388 488/2661/2386
f 480/2653/2378 482/2655/2380 486/2659/2384
f 486/2659/2384 482/2655/2380 491/2664/2389
f 491/2664/2389 490/2663/2388 486/2659/2384
f 490/2663/2388 491/2664/2389 492/2665/2390
f 482/2655/2380 481/2654/2379 493/2666/2391
f 493/2666/2391 491/2664/2389 482/2655/2380
f 491/2664/2389 493/2666/2391 494/2667/2392
f 494/2667/2392 492/2665/2390 491/2664/2389
f 492/2665/2390 494/2667/2392 468/2626/2366
f 441/2599/2339 429/2587/2327 449/2607/2347
f 429/2587/2327 489/2662/2387 449/2607/2347
f 489/2662/2387 458/2616/2356 449/2607/2347
f 489/2662/2387 488/2661/2386 458/2616/2356
f 488/2661/2386 495/2668/2393 458/2616/2356
f 495/2668/2393 488/2661/2386 490/2663/2388
f 490/2663/2388 496/2669/2394 495/2668/2393
f 492/2665/2390 496/2669/2394 490/2663/2388
f 496/2669/2394 492/2665/2390 456/2614/2354
f 468/2626/2366 456/2614/2354 492/2665/2390
f 456/2614/2354 455/2613/2353 496/2669/2394
f 496/2669/2394 455/2613/2353 458/2616/2356
f 458/2616/2356 495/2668/2393 496/2669/2394
f 487/2660/2385 489/2662/2387 485/2658/2383
f 484/2657/2382 485/2658/2383 489/2662/2387
f 489/2662/2387 497/2670/2395 484/2657/2382
f 483/2656/2381 484/2657/2382 497/2670/2395
f 497/2670/2395 498/2671/2396 483/2656/2381
f 431/2589/2329 483/2656/2381 498/2671/2396
f 498/2671/2396 499/2672/2397 431/2589/2329
f 430/2588/2328 431/2589/2329 499/2672/2397
f 499/2672/2397 429/2587/2327 430/2588/2328
f 429/2587/2327 499/2672/2397 498/2671/2396
f 429/2587/2327 498/2671/2396 489/2662/2387
f 498/2671/2396 497/2670/2395 489/2662/2387
f 376/2648/2274 378/2673/2276 476/2649/2374
f 479/2652/2377 476/2649/2374 378/2673/2276
f 378/2673/2276 379/2674/2277 479/2652/2377
f 481/2654/2379 479/2652/2377 379/2674/2277
f 379/2674/2277 380/2675/2278 481/2654/2379
f 493/2666/2391 481/2654/2379 380/2675/2278
f 380/2675/2278 381/2676/2279 493/2666/2391
f 494/2667/2392 493/2666/2391 381/2676/2279
f 381/2676/2279 382/2677/2280 494/2667/2392
f 468/2626/2366 494/2667/2392 382/2677/2280
f 382/2677/2280 383/2627/2281 468/2626/2366
f 500/2678/2398 501/2679/2399 502/2680/2400
f 500/2678/2398 363/2681/2261 364/2682/2262
f 364/2682/2262 501/2679/2399 500/2678/2398
f 501/2679/2399 364/2682/2262 366/2683/2264
f 366/2683/2264 503/2684/2401 501/2679/2399
f 502/2680/2400 501/2679/2399 503/2684/2401
f 503/2684/2401 504/2685/2402 502/2680/2400
f 502/2680/2400 504/2685/2402 505/2520/2403
f 505/2520/2403 506/2518/2404 502/2680/2400
f 507/2519/2405 506/2518/2404 505/2520/2403
f 506/2518/2404 507/2519/2405 508/2515/2406
f 509/2686/2407 510/2687/2408 511/2688/2409
f 511/2688/2409 512/2689/2410 509/2686/2407
f 513/2690/2411 509/2686/2407 512/2689/2410
f 512/2689/2410 500/2678/2398 513/2690/2411
f 502/2680/2400 513/2690/2411 500/2678/2398
f 513/2690/2411 502/2680/2400 506/2518/2404
f 506/2518/2404 514/2517/2412 513/2690/2411
f 508/2515/2406 514/2517/2412 506/2518/2404
f 508/2515/2406 515/2516/2413 514/2517/2412
f 515/2516/2413 508/2515/2406 516/2514/2414
f 517/2691/2415 511/2688/2409 510/2687/2408
f 510/2687/2408 518/2692/2416 517/2691/2415
f 518/2692/2416 510/2687/2408 519/2570/2417
f 515/2516/2413 519/2570/2417 510/2687/2408
f 510/2687/2408 509/2686/2407 515/2516/2413
f 514/2517/2412 515/2516/2413 509/2686/2407
f 509/2686/2407 513/2690/2411 514/2517/2412
f 516/2514/2414 519/2570/2417 515/2516/2413
f 516/2514/2414 520/2569/2418 519/2570/2417
f 519/2570/2417 520/2569/2418 518/2692/2416
f 521/2693/2419 518/2692/2416 520/2569/2418
f 517/2691/2415 518/2692/2416 521/2693/2419
f 521/2693/2419 522/2694/2420 517/2691/2415
f 522/2694/2420 521/2693/2419 523/2695/2421
f 523/2695/2421 524/2696/2422 522/2694/2420
f 524/2696/2422 523/2695/2421 525/2697/2423
f 525/2697/2423 523/2695/2421 526/2567/2424
f 520/2569/2418 516/2514/2414 527/2525/2425
f 527/2525/2425 528/2568/2426 520/2569/2418
f 520/2569/2418 528/2568/2426 521/2693/2419
f 523/2695/2421 521/2693/2419 528/2568/2426
f 528/2568/2426 526/2567/2424 523/2695/2421
f 527/2525/2425 526/2567/2424 528/2568/2426
f 526/2567/2424 527/2525/2425 529/2527/2427
f 530/2523/2428 516/2514/2414 508/2515/2406
f 530/2523/2428 531/2524/2429 516/2514/2414
f 531/2524/2429 527/2525/2425 516/2514/2414
f 531/2524/2429 532/2526/2430 527/2525/2425
f 532/2526/2430 529/2527/2427 527/2525/2425
f 533/2528/2431 529/2527/2427 532/2526/2430
f 533/2528/2431 534/2529/2432 529/2527/2427
f 533/2528/2431 535/2542/2433 534/2529/2432
f 535/2542/2433 536/2546/2434 534/2529/2432
f 537/2556/2435 534/2529/2432 536/2546/2434
f 536/2546/2434 538/2557/2436 537/2556/2435
f 535/2542/2433 539/2545/2437 536/2546/2434
f 532/2526/2430 540/2538/2438 541/2539/2439
f 541/2539/2439 533/2528/2431 532/2526/2430
f 542/2540/2440 533/2528/2431 541/2539/2439
f 533/2528/2431 542/2540/2440 543/2541/2441
f 543/2541/2441 535/2542/2433 533/2528/2431
f 544/2543/2442 535/2542/2433 543/2541/2441
f 535/2542/2433 544/2543/2442 545/2544/2443
f 545/2544/2443 539/2545/2437 535/2542/2433
f 546/2571/2444 539/2545/2437 545/2544/2443
f 539/2545/2437 546/2571/2444 547/2572/2445
f 547/2572/2445 548/2548/2446 539/2545/2437
f 549/2573/2447 548/2548/2446 547/2572/2445
f 548/2548/2446 549/2573/2447 550/2574/2448
f 550/2574/2448 551/2550/2449 548/2548/2446
f 552/2575/2450 551/2550/2449 550/2574/2448
f 551/2550/2449 552/2575/2450 553/2576/2451
f 553/2576/2451 554/2552/2452 551/2550/2449
f 555/2577/2453 554/2552/2452 553/2576/2451
f 538/2557/2436 556/2558/2454 557/2698/2455
f 536/2546/2434 556/2558/2454 538/2557/2436
f 556/2558/2454 536/2546/2434 558/2547/2456
f 539/2545/2437 558/2547/2456 536/2546/2434
f 539/2545/2437 548/2548/2446 558/2547/2456
f 548/2548/2446 559/2549/2457 558/2547/2456
f 548/2548/2446 551/2550/2449 559/2549/2457
f 551/2550/2449 560/2551/2458 559/2549/2457
f 551/2550/2449 554/2552/2452 560/2551/2458
f 554/2552/2452 507/2553/2405 560/2551/2458
f 559/2549/2457 561/2562/2459 562/2561/2460
f 559/2549/2457 562/2561/2460 563/2560/2461
f 563/2560/2461 558/2547/2456 559/2549/2457
f 558/2547/2456 563/2560/2461 564/2559/2462
f 558/2547/2456 564/2559/2462 556/2558/2454
f 556/2558/2454 564/2559/2462 565/2699/2463
f 565/2699/2463 557/2698/2455 556/2558/2454
f 566/2700/2464 557/2698/2455 565/2699/2463
f 567/2701/2465 557/2698/2455 566/2700/2464
f 566/2700/2464 568/2702/2466 567/2701/2465
f 565/2699/2463 569/2703/2467 566/2700/2464
f 570/2704/2468 569/2703/2467 565/2699/2463
f 565/2699/2463 571/2705/2469 570/2704/2468
f 572/2706/2470 570/2704/2468 571/2705/2469
f 571/2705/2469 573/2707/2471 572/2706/2470
f 574/2708/2472 572/2706/2470 573/2707/2471
f 573/2707/2471 575/2709/2473 574/2708/2472
f 575/2709/2473 573/2707/2471 562/2561/2460
f 563/2560/2461 562/2561/2460 573/2707/2471
f 573/2707/2471 571/2705/2469 563/2560/2461
f 564/2559/2462 563/2560/2461 571/2705/2469
f 571/2705/2469 565/2699/2463 564/2559/2462
f 574/2708/2472 405/2710/2303 404/2711/2302
f 404/2711/2302 572/2706/2470 574/2708/2472
f 572/2706/2470 404/2711/2302 403/2712/2301
f 403/2712/2301 570/2704/2468 572/2706/2470
f 570/2704/2468 403/2712/2301 402/2713/2300
f 402/2713/2300 569/2703/2467 570/2704/2468
f 569/2703/2467 402/2713/2300 401/2714/2299
f 401/2714/2299 566/2700/2464 569/2703/2467
f 566/2700/2464 401/2714/2299 400/2715/2298
f 400/2715/2298 568/2702/2466 566/2700/2464
f 568/2702/2466 400/2715/2298 399/2716/2297
f 399/2716/2297 576/2717/2474 568/2702/2466
f 576/2717/2474 399/2716/2297 408/2718/2306
f 408/2718/2306 577/2719/2475 576/2717/2474
f 577/2719/2475 408/2718/2306 407/2720/2305
f 407/2720/2305 578/2721/2476 577/2719/2475
f 578/2721/2476 407/2720/2305 409/2722/2307
f 409/2722/2307 579/2723/2477 578/2721/2476
f 579/2723/2477 409/2722/2307 410/2724/2308
f 580/2725/2478 567/2701/2465 568/2702/2466
f 568/2702/2466 576/2717/2474 580/2725/2478
f 581/2726/2479 580/2725/2478 576/2717/2474
f 576/2717/2474 577/2719/2475 581/2726/2479
f 582/2727/2480 581/2726/2479 577/2719/2475
f 577/2719/2475 578/2721/2476 582/2727/2480
f 525/2697/2423 582/2727/2480 578/2721/2476
f 578/2721/2476 579/2723/2477 525/2697/2423
f 525/2697/2423 579/2723/2477 524/2696/2422
f 410/2724/2308 524/2696/2422 579/2723/2477
f 582/2727/2480 525/2697/2423 583/2566/2481
f 583/2566/2481 584/2564/2482 582/2727/2480
f 581/2726/2479 582/2727/2480 584/2564/2482
f 584/2564/2482 585/2565/2483 581/2726/2479
f 580/2725/2478 581/2726/2479 585/2565/2483
f 526/2567/2424 583/2566/2481 525/2697/2423
f 529/2527/2427 583/2566/2481 526/2567/2424
f 529/2527/2427 584/2564/2482 583/2566/2481
f 584/2564/2482 529/2527/2427 534/2529/2432
f 534/2529/2432 585/2565/2483 584/2564/2482
f 534/2529/2432 537/2556/2435 585/2565/2483
f 585/2565/2483 537/2556/2435 580/2725/2478
f 567/2701/2465 580/2725/2478 537/2556/2435
f 537/2556/2435 538/2557/2436 567/2701/2465
f 557/2698/2455 567/2701/2465 538/2557/2436
f 586/2668/2484 587/2669/2485 588/2663/2486
f 588/2663/2486 587/2669/2485 589/2665/2487
f 590/2614/2488 589/2665/2487 587/2669/2485
f 589/2665/2487 591/2664/2489 588/2663/2486
f 592/2653/2490 593/2658/2491 594/2659/2492
f 594/2659/2492 595/2655/2493 592/2653/2490
f 591/2664/2489 595/2655/2493 594/2659/2492
f 594/2659/2492 588/2663/2486 591/2664/2489
f 596/2661/2494 588/2663/2486 594/2659/2492
f 588/2663/2486 596/2661/2494 586/2668/2484
f 596/2661/2494 597/2616/2495 586/2668/2484
f 587/2669/2485 586/2668/2484 597/2616/2495
f 597/2616/2495 598/2613/2496 587/2669/2485
f 587/2669/2485 598/2613/2496 590/2614/2488
f 593/2658/2491 599/2662/2497 600/2660/2498
f 600/2660/2498 594/2659/2492 593/2658/2491
f 594/2659/2492 600/2660/2498 596/2661/2494
f 599/2662/2497 596/2661/2494 600/2660/2498
f 599/2662/2497 597/2616/2495 596/2661/2494
f 599/2662/2497 601/2607/2499 597/2616/2495
f 597/2616/2495 601/2607/2499 602/2617/2500
f 597/2616/2495 602/2617/2500 603/2615/2501
f 604/2612/2502 603/2615/2501 602/2617/2500
f 603/2615/2501 604/2612/2502 598/2613/2496
f 598/2613/2496 597/2616/2495 603/2615/2501
f 590/2614/2488 598/2613/2496 604/2612/2502
f 604/2612/2502 605/2621/2503 590/2614/2488
f 605/2621/2503 604/2612/2502 606/2619/2504
f 602/2617/2500 606/2619/2504 604/2612/2502
f 606/2619/2504 602/2617/2500 607/2618/2505
f 602/2617/2500 601/2607/2499 607/2618/2505
f 608/2608/2506 607/2618/2505 601/2607/2499
f 601/2607/2499 609/2609/2507 608/2608/2506
f 608/2608/2506 609/2609/2507 610/2606/2508
f 610/2606/2508 609/2609/2507 611/2603/2509
f 610/2606/2508 612/2611/2510 608/2608/2506
f 607/2618/2505 608/2608/2506 606/2619/2504
f 606/2619/2504 608/2608/2506 612/2611/2510
f 612/2611/2510 613/2620/2511 606/2619/2504
f 606/2619/2504 613/2620/2511 605/2621/2503
f 609/2609/2507 601/2607/2499 614/2610/2512
f 614/2610/2512 611/2603/2509 609/2609/2507
f 611/2603/2509 614/2610/2512 615/2601/2513
f 601/2607/2499 615/2601/2513 614/2610/2512
f 616/2599/2514 615/2601/2513 601/2607/2499
f 616/2599/2514 601/2607/2499 617/2587/2515
f 617/2587/2515 601/2607/2499 599/2662/2497
f 617/2587/2515 599/2662/2497 618/2671/2516
f 617/2587/2515 618/2671/2516 619/2672/2517
f 620/2589/2518 619/2672/2517 618/2671/2516
f 621/2580/2519 622/2588/2520 620/2589/2518
f 620/2589/2518 623/2590/2521 621/2580/2519
f 624/2650/2522 623/2590/2521 620/2589/2518
f 620/2589/2518 625/2656/2523 624/2650/2522
f 618/2671/2516 625/2656/2523 620/2589/2518
f 625/2656/2523 618/2671/2516 626/2670/2524
f 618/2671/2516 599/2662/2497 626/2670/2524
f 627/2657/2525 626/2670/2524 599/2662/2497
f 599/2662/2497 593/2658/2491 627/2657/2525
f 627/2657/2525 593/2658/2491 592/2653/2490
f 626/2670/2524 627/2657/2525 625/2656/2523
f 625/2656/2523 627/2657/2525 628/2651/2526
f 592/2653/2490 628/2651/2526 627/2657/2525
f 628/2651/2526 624/2650/2522 625/2656/2523
f 592/2653/2490 595/2655/2493 629/2654/2527
f 629/2654/2527 630/2652/2528 592/2653/2490
f 628/2651/2526 592/2653/2490 630/2652/2528
f 630/2652/2528 631/2649/2529 628/2651/2526
f 624/2650/2522 628/2651/2526 631/2649/2529
f 631/2649/2529 632/2647/2530 624/2650/2522
f 623/2590/2521 624/2650/2522 632/2647/2530
f 632/2647/2530 633/2645/2531 623/2590/2521
f 621/2580/2519 623/2590/2521 633/2645/2531
f 633/2645/2531 634/2641/2532 621/2580/2519
f 635/2675/2533 629/2654/2527 636/2666/2534
f 629/2654/2527 635/2675/2533 637/2674/2535
f 637/2674/2535 630/2652/2528 629/2654/2527
f 630/2652/2528 637/2674/2535 638/2673/2536
f 638/2673/2536 631/2649/2529 630/2652/2528
f 631/2649/2529 638/2673/2536 639/2648/2537
f 639/2648/2537 632/2647/2530 631/2649/2529
f 632/2647/2530 639/2648/2537 555/2646/2453
f 555/2646/2453 633/2645/2531 632/2647/2530
f 633/2645/2531 555/2646/2453 553/2644/2451
f 553/2644/2451 634/2641/2532 633/2645/2531
f 634/2641/2532 553/2644/2451 552/2643/2450
f 552/2643/2450 640/2640/2538 634/2641/2532
f 640/2640/2538 552/2643/2450 550/2642/2448
f 550/2642/2448 641/2639/2539 640/2640/2538
f 641/2639/2539 550/2642/2448 549/2638/2447
f 549/2638/2447 642/2637/2540 641/2639/2539
f 642/2637/2540 549/2638/2447 547/2636/2445
f 547/2636/2445 643/2635/2541 642/2637/2540
f 643/2635/2541 547/2636/2445 546/2634/2444
f 644/2579/2542 621/2580/2519 634/2641/2532
f 634/2641/2532 640/2640/2538 644/2579/2542
f 645/2581/2543 644/2579/2542 640/2640/2538
f 640/2640/2538 641/2639/2539 645/2581/2543
f 646/2585/2544 645/2581/2543 641/2639/2539
f 641/2639/2539 642/2637/2540 646/2585/2544
f 647/2591/2545 646/2585/2544 642/2637/2540
f 642/2637/2540 643/2635/2541 647/2591/2545
f 648/2595/2546 647/2591/2545 643/2635/2541
f 643/2635/2541 649/2594/2547 648/2595/2546
f 650/2584/2548 646/2585/2544 647/2591/2545
f 645/2581/2543 646/2585/2544 650/2584/2548
f 650/2584/2548 651/2582/2549 645/2581/2543
f 645/2581/2543 651/2582/2549 652/2578/2550
f 653/2583/2551 652/2578/2550 651/2582/2549
f 652/2578/2550 653/2583/2551 617/2587/2515
f 654/2586/2552 617/2587/2515 653/2583/2551
f 616/2599/2514 617/2587/2515 654/2586/2552
f 616/2599/2514 654/2586/2552 655/2598/2553
f 656/2597/2554 616/2599/2514 655/2598/2553
f 655/2598/2553 650/2584/2548 656/2597/2554
f 650/2584/2548 655/2598/2553 654/2586/2552
f 654/2586/2552 651/2582/2549 650/2584/2548
f 651/2582/2549 654/2586/2552 653/2583/2551
f 619/2672/2517 620/2589/2518 622/2588/2520
f 622/2588/2520 617/2587/2515 619/2672/2517
f 617/2587/2515 622/2588/2520 652/2578/2550
f 652/2578/2550 622/2588/2520 621/2580/2519
f 621/2580/2519 644/2579/2542 652/2578/2550
f 652/2578/2550 644/2579/2542 645/2581/2543
f 611/2603/2509 657/2604/2555 610/2606/2508
f 658/2592/2556 657/2604/2555 611/2603/2509
f 611/2603/2509 659/2602/2557 658/2592/2556
f 615/2601/2513 659/2602/2557 611/2603/2509
f 659/2602/2557 615/2601/2513 660/2600/2558
f 660/2600/2558 615/2601/2513 616/2599/2514
f 661/2596/2559 660/2600/2558 616/2599/2514
f 616/2599/2514 656/2597/2554 661/2596/2559
f 661/2596/2559 656/2597/2554 647/2591/2545
f 647/2591/2545 656/2597/2554 650/2584/2548
f 660/2600/2558 661/2596/2559 659/2602/2557
f 658/2592/2556 659/2602/2557 661/2596/2559
f 661/2596/2559 648/2595/2546 658/2592/2556
f 647/2591/2545 648/2595/2546 661/2596/2559
f 658/2592/2556 648/2595/2546 649/2594/2547
f 649/2594/2547 662/2593/2560 658/2592/2556
f 657/2604/2555 658/2592/2556 662/2593/2560
f 662/2593/2560 663/2605/2561 657/2604/2555
f 610/2606/2508 657/2604/2555 663/2605/2561
f 663/2605/2561 664/2622/2562 610/2606/2508
f 612/2611/2510 610/2606/2508 664/2622/2562
f 664/2622/2562 665/2623/2563 612/2611/2510
f 613/2620/2511 612/2611/2510 665/2623/2563
f 665/2623/2563 666/2624/2564 613/2620/2511
f 546/2634/2444 649/2594/2547 643/2635/2541
f 649/2594/2547 546/2634/2444 545/2633/2443
f 545/2633/2443 662/2593/2560 649/2594/2547
f 662/2593/2560 545/2633/2443 544/2632/2442
f 544/2632/2442 663/2605/2561 662/2593/2560
f 663/2605/2561 544/2632/2442 543/2631/2441
f 543/2631/2441 664/2622/2562 663/2605/2561
f 664/2622/2562 543/2631/2441 542/2630/2440
f 542/2630/2440 665/2623/2563 664/2622/2562
f 665/2623/2563 542/2630/2440 541/2629/2439
f 541/2629/2439 666/2624/2564 665/2623/2563
f 666/2624/2564 541/2629/2439 540/2628/2438
f 540/2628/2438 667/2625/2565 666/2624/2564
f 667/2625/2565 540/2628/2438 668/2627/2566
f 668/2627/2566 669/2626/2567 667/2625/2565
f 669/2626/2567 668/2627/2566 670/2677/2568
f 670/2677/2568 671/2667/2569 669/2626/2567
f 671/2667/2569 670/2677/2568 672/2676/2570
f 672/2676/2570 636/2666/2534 671/2667/2569
f 636/2666/2534 672/2676/2570 635/2675/2533
f 605/2621/2503 613/2620/2511 666/2624/2564
f 666/2624/2564 667/2625/2565 605/2621/2503
f 590/2614/2488 605/2621/2503 667/2625/2565
f 667/2625/2565 669/2626/2567 590/2614/2488
f 589/2665/2487 590/2614/2488 669/2626/2567
f 669/2626/2567 671/2667/2569 589/2665/2487
f 591/2664/2489 589/2665/2487 671/2667/2569
f 671/2667/2569 636/2666/2534 591/2664/2489
f 595/2655/2493 591/2664/2489 636/2666/2534
f 636/2666/2534 629/2654/2527 595/2655/2493
f 561/2562/2459 559/2549/2457 560/2551/2458
f 560/2551/2458 673/2563/2571 561/2562/2459
f 560/2551/2458 674/2554/2572 673/2563/2571
f 673/2563/2571 674/2554/2572 675/2728/2573
f 675/2728/2573 676/2729/2574 673/2563/2571
f 561/2562/2459 673/2563/2571 676/2729/2574
f 674/2554/2572 560/2551/2458 507/2553/2405
f 507/2553/2405 505/2555/2403 674/2554/2572
f 674/2554/2572 505/2555/2403 504/2730/2402
f 504/2730/2402 675/2728/2573 674/2554/2572
f 675/2728/2573 504/2730/2402 503/2731/2401
f 503/2731/2401 677/2732/2575 675/2728/2573
f 676/2729/2574 675/2728/2573 677/2732/2575
f 677/2732/2575 678/2733/2576 676/2729/2574
f 503/2731/2401 366/2734/2264 398/2735/2296
f 398/2735/2296 677/2732/2575 503/2731/2401
f 677/2732/2575 398/2735/2296 406/2736/2304
f 406/2736/2304 678/2733/2576 677/2732/2575
f 678/2733/2576 406/2736/2304 405/2710/2303
f 405/2710/2303 574/2708/2472 678/2733/2576
f 676/2729/2574 678/2733/2576 574/2708/2472
f 574/2708/2472 575/2709/2473 676/2729/2574
f 676/2729/2574 575/2709/2473 561/2562/2459
f 562/2561/2460 561/2562/2459 575/2709/2473
f 554/2521/2452 555/2531/2453 639/2530/2537
f 554/2521/2452 679/2522/2577 507/2519/2405
f 639/2530/2537 679/2522/2577 554/2521/2452
f 638/2532/2536 679/2522/2577 639/2530/2537
f 679/2522/2577 638/2532/2536 637/2533/2535
f 679/2522/2577 508/2515/2406 507/2519/2405
f 679/2522/2577 530/2523/2428 508/2515/2406
f 637/2533/2535 530/2523/2428 679/2522/2577
f 635/2534/2533 530/2523/2428 637/2533/2535
f 530/2523/2428 635/2534/2533 672/2535/2570
f 672/2535/2570 531/2524/2429 530/2523/2428
f 670/2536/2568 531/2524/2429 672/2535/2570
f 531/2524/2429 670/2536/2568 668/2537/2566
f 668/2537/2566 532/2526/2430 531/2524/2429
f 540/2538/2438 532/2526/2430 668/2537/2566
f 680/2737/2578 681/2738/2579 682/2739/2580
f 683/2740/2581 684/2741/2582 685/2742/2583
f 685/2742/2583 686/2743/2584 683/2740/2581
f 687/2744/2585 685/2742/2583 684/2741/2582
f 684/2741/2582 688/2745/2586 687/2744/2585
f 689/2746/2587 687/2744/2585 688/2745/2586
f 688/2745/2586 690/2747/2588 689/2746/2587
f 691/2748/2589 692/2749/2590 687/2744/2585
f 685/2742/2583 687/2744/2585 692/2749/2590
f 692/2749/2590 693/2750/2591 685/2742/2583
f 686/2743/2584 685/2742/2583 693/2750/2591
f 693/2750/2591 682/2739/2580 686/2743/2584
f 686/2743/2584 682/2739/2580 681/2738/2579
f 681/2738/2579 683/2740/2581 686/2743/2584
f 684/2741/2582 683/2740/2581 681/2738/2579
f 681/2738/2579 680/2737/2578 684/2741/2582
f 688/2745/2586 684/2741/2582 680/2737/2578
f 694/2751/2592 680/2737/2578 693/2750/2591
f 693/2750/2591 692/2749/2590 694/2751/2592
f 680/2737/2578 694/2751/2592 688/2745/2586
f 690/2747/2588 688/2745/2586 694/2751/2592
f 694/2751/2592 695/2752/2593 690/2747/2588
f 695/2752/2593 694/2751/2592 692/2749/2590
f 692/2749/2590 691/2748/2589 695/2752/2593
f 695/2752/2593 691/2748/2589 696/2753/2594
f 697/2754/2595 696/2753/2594 691/2748/2589
f 698/2755/2596 699/2756/2597 700/2757/2598
f 696/2753/2594 699/2756/2597 698/2755/2596
f 698/2755/2596 701/2758/2599 696/2753/2594
f 696/2753/2594 701/2758/2599 695/2752/2593
f 695/2752/2593 701/2758/2599 702/2759/2600
f 702/2759/2600 690/2747/2588 695/2752/2593
f 690/2747/2588 702/2759/2600 697/2754/2595
f 697/2754/2595 689/2746/2587 690/2747/2588
f 691/2748/2589 689/2746/2587 697/2754/2595
f 687/2744/2585 689/2746/2587 691/2748/2589
f 703/2760/2601 704/2761/2602 705/2762/2603
f 698/2755/2596 705/2762/2603 704/2761/2602
f 704/2761/2602 706/2763/2604 698/2755/2596
f 698/2755/2596 706/2763/2604 707/2764/2605
f 707/2764/2605 701/2758/2599 698/2755/2596
f 701/2758/2599 707/2764/2605 708/2765/2606
f 708/2765/2606 702/2759/2600 701/2758/2599
f 706/2763/2604 704/2761/2602 709/2766/2607
f 710/2767/2608 709/2766/2607 704/2761/2602
f 704/2761/2602 703/2760/2601 710/2767/2608
f 711/2768/2609 710/2767/2608 703/2760/2601
f 703/2760/2601 712/2769/2610 711/2768/2609
f 712/2769/2610 703/2760/2601 713/2770/2611
f 705/2762/2603 713/2770/2611 703/2760/2601
f 713/2770/2611 705/2762/2603 700/2757/2598
f 700/2757/2598 705/2762/2603 698/2755/2596
f 700/2757/2598 714/2771/2612 713/2770/2611
f 715/2772/2613 713/2770/2611 714/2771/2612
f 713/2770/2611 715/2772/2613 712/2769/2610
f 714/2771/2612 716/2773/2614 715/2772/2613
f 682/2739/2580 693/2750/2591 680/2737/2578
f 717/2774/2615 718/2775/2616 719/2776/628
f 719/2776/628 720/2777/626 717/2774/2615
f 721/2778/2617 722/2779/2618 718/2780/2616
f 718/2780/2616 717/2781/2615 721/2778/2617
f 723/2782/623 724/2783/632 722/2784/2618
f 722/2784/2618 721/2785/2617 723/2782/623
f 725/2786/2619 726/2787/2620 727/2788/2621
f 727/2788/2621 728/2789/2622 725/2786/2619
f 728/2789/2622 727/2788/2621 729/2790/2623
f 729/2790/2623 730/2791/2624 728/2789/2622
f 730/2791/2624 729/2790/2623 731/2792/2625
f 731/2792/2625 732/2793/2626 730/2791/2624
f 733/2794/2627 734/2795/2628 735/2796/1100
f 735/2796/1100 736/2797/614 733/2794/2627
f 737/2798/2629 738/2799/2630 734/2800/2628
f 734/2800/2628 733/2801/2627 737/2798/2629
f 739/2802/627 740/2803/1099 738/2804/2630
f 738/2804/2630 737/2805/2629 739/2802/627
f 741/2806/2631 738/2804/2630 740/2803/1099
f 721/2807/2617 742/2808/2632 743/2809/624
f 739/2810/627 737/2811/2629 744/2812/2633
f 744/2812/2633 745/2813/622 739/2810/627
f 711/2814/2609 746/2815/597 747/2816/589
f 747/2816/589 710/2817/2608 711/2814/2609
f 710/2817/2608 747/2816/589 709/2818/2607
f 747/2816/589 748/2819/587 709/2818/2607
f 748/2819/587 749/2820/582 709/2818/2607
f 709/2818/2607 749/2820/582 750/2821/579
f 750/2821/579 751/2822/2634 709/2818/2607
f 751/2822/2634 750/2821/579 752/2823/577
f 752/2823/577 753/2824/2635 751/2822/2634
f 754/2825/2636 753/2824/2635 752/2823/577
f 752/2823/577 755/2826/583 754/2825/2636
f 743/2809/624 723/2827/623 721/2807/2617
f 746/2828/597 711/2829/2609 712/2830/2610
f 712/2830/2610 756/2831/598 746/2828/597
f 756/2831/598 712/2830/2610 715/2832/2613
f 715/2832/2613 757/2833/591 756/2831/598
f 757/2833/591 715/2832/2613 716/2834/2614
f 716/2834/2614 758/2835/593 757/2833/591
f 744/2836/2633 728/2789/2622 730/2791/2624
f 744/2836/2633 730/2791/2624 717/2837/2615
f 730/2791/2624 721/2838/2617 717/2837/2615
f 730/2791/2624 742/2839/2632 721/2838/2617
f 730/2791/2624 759/2840/2637 742/2839/2632
f 759/2840/2637 730/2791/2624 732/2793/2626
f 760/2841/2638 725/2786/2619 728/2789/2622
f 760/2841/2638 728/2789/2622 733/2842/2627
f 728/2789/2622 744/2836/2633 733/2842/2627
f 744/2836/2633 737/2843/2629 733/2842/2627
f 720/2844/626 745/2813/622 744/2812/2633
f 761/2845/613 760/2846/2638 733/2847/2627
f 733/2847/2627 736/2848/614 761/2845/613
f 726/2787/2620 697/2754/2595 702/2759/2600
f 702/2759/2600 727/2788/2621 726/2787/2620
f 727/2788/2621 702/2759/2600 708/2765/2606
f 708/2765/2606 729/2790/2623 727/2788/2621
f 729/2790/2623 708/2765/2606 754/2849/2636
f 754/2849/2636 708/2765/2606 707/2764/2605
f 707/2764/2605 753/2850/2635 754/2849/2636
f 753/2850/2635 707/2764/2605 706/2763/2604
f 706/2763/2604 751/2851/2634 753/2850/2635
f 709/2766/2607 751/2851/2634 706/2763/2604
f 754/2849/2636 731/2792/2625 729/2790/2623
f 744/2812/2633 717/2852/2615 720/2844/626
f 762/2740/2639 763/2743/2640 764/2742/2641
f 764/2742/2641 765/2741/2642 762/2740/2639
f 766/2738/2643 762/2740/2639 765/2741/2642
f 765/2741/2642 767/2737/2644 766/2738/2643
f 768/2774/2645 769/2777/818 770/2776/820
f 770/2776/820 771/2775/2646 768/2774/2645
f 772/2778/2647 768/2781/2645 771/2780/2646
f 771/2780/2646 773/2779/2648 772/2778/2647
f 774/2782/815 772/2785/2647 773/2784/2648
f 773/2784/2648 775/2783/819 774/2782/815
f 776/2794/2649 777/2797/799 778/2796/822
f 778/2796/822 779/2795/2650 776/2794/2649
f 780/2798/2651 776/2801/2649 779/2800/2650
f 779/2800/2650 781/2799/2652 780/2798/2651
f 782/2802/807 780/2805/2651 781/2804/2652
f 781/2804/2652 783/2803/821 782/2802/807
f 783/2803/821 781/2804/2652 784/2806/2653
f 741/2853/2631 785/2854/1098 786/2855/1096
f 782/2810/807 787/2813/796 788/2812/2654
f 788/2812/2654 780/2811/2651 782/2810/807
f 789/2856/816 790/2849/2655 791/2793/2656
f 791/2793/2656 792/2857/812 789/2856/816
f 792/2857/812 791/2793/2656 793/2840/2657
f 793/2840/2657 794/2858/817 792/2857/812
f 790/2825/2655 789/2826/816 795/2823/810
f 795/2823/810 796/2824/2658 790/2825/2655
f 797/2822/2659 796/2824/2658 795/2823/810
f 795/2823/810 798/2821/779 797/2822/2659
f 799/2818/2660 797/2822/2659 798/2821/779
f 798/2821/779 800/2820/776 799/2818/2660
f 799/2818/2660 800/2820/776 801/2819/774
f 799/2818/2660 801/2819/774 802/2816/768
f 803/2817/2661 799/2818/2660 802/2816/768
f 804/2814/2662 803/2817/2661 802/2816/768
f 802/2816/768 805/2815/767 804/2814/2662
f 786/2855/1096 806/2859/2663 741/2853/2631
f 807/2860/2664 808/2861/771 809/2862/770
f 809/2862/770 810/2863/2665 807/2860/2664
f 811/2864/2666 810/2863/2665 809/2862/770
f 809/2862/770 812/2865/795 811/2864/2666
f 741/2866/2631 806/2867/2663 813/2868/2667
f 814/2869/2668 811/2864/2666 812/2865/795
f 812/2865/795 815/2870/791 814/2869/2668
f 816/2871/2669 814/2869/2668 815/2870/791
f 815/2870/791 817/2872/802 816/2871/2669
f 816/2871/2669 817/2872/802 818/2873/806
f 816/2871/2669 818/2873/806 819/2874/2670
f 818/2873/806 820/2875/2671 819/2874/2670
f 820/2875/2671 821/2876/2672 819/2874/2670
f 816/2871/2669 819/2874/2670 822/2877/2673
f 823/2878/1097 735/2796/1100 734/2795/2628
f 818/2845/806 777/2848/799 776/2847/2649
f 776/2847/2649 820/2846/2671 818/2845/806
f 820/2841/2671 776/2842/2649 824/2789/2674
f 820/2841/2671 824/2789/2674 821/2786/2672
f 776/2842/2649 780/2843/2651 788/2836/2654
f 776/2842/2649 788/2836/2654 824/2789/2674
f 788/2836/2654 825/2791/2675 824/2789/2674
f 788/2836/2654 768/2837/2645 825/2791/2675
f 768/2837/2645 772/2838/2647 825/2791/2675
f 772/2838/2647 826/2839/2676 825/2791/2675
f 826/2839/2676 793/2840/2657 825/2791/2675
f 793/2840/2657 791/2793/2656 825/2791/2675
f 827/2763/2677 797/2851/2659 799/2766/2660
f 796/2850/2658 797/2851/2659 827/2763/2677
f 827/2763/2677 828/2764/2678 796/2850/2658
f 790/2849/2655 796/2850/2658 828/2764/2678
f 828/2764/2678 829/2765/2679 790/2849/2655
f 829/2765/2679 828/2764/2678 830/2758/2680
f 830/2758/2680 831/2759/2681 829/2765/2679
f 831/2759/2681 830/2758/2680 832/2752/2682
f 832/2752/2682 833/2747/2683 831/2759/2681
f 822/2754/2673 831/2759/2681 833/2747/2683
f 833/2747/2683 834/2746/2684 822/2754/2673
f 822/2754/2673 834/2746/2684 835/2748/2685
f 835/2748/2685 816/2753/2669 822/2754/2673
f 816/2753/2669 835/2748/2685 832/2752/2682
f 832/2752/2682 830/2758/2680 816/2753/2669
f 816/2753/2669 830/2758/2680 836/2755/2686
f 836/2755/2686 830/2758/2680 828/2764/2678
f 828/2764/2678 827/2763/2677 836/2755/2686
f 836/2755/2686 827/2763/2677 837/2761/2687
f 837/2761/2687 838/2762/2688 836/2755/2686
f 838/2762/2688 837/2761/2687 839/2760/2689
f 836/2755/2686 814/2756/2668 816/2753/2669
f 811/2757/2666 814/2756/2668 836/2755/2686
f 836/2755/2686 838/2762/2688 811/2757/2666
f 811/2757/2666 838/2762/2688 840/2770/2690
f 839/2760/2689 840/2770/2690 838/2762/2688
f 840/2770/2690 839/2760/2689 841/2769/2691
f 804/2768/2662 841/2769/2691 839/2760/2689
f 839/2760/2689 803/2767/2661 804/2768/2662
f 803/2767/2661 839/2760/2689 837/2761/2687
f 837/2761/2687 799/2766/2660 803/2767/2661
f 799/2766/2660 837/2761/2687 827/2763/2677
f 841/2769/2691 842/2772/2692 840/2770/2690
f 810/2771/2665 840/2770/2690 842/2772/2692
f 840/2770/2690 810/2771/2665 811/2757/2666
f 842/2772/2692 807/2773/2664 810/2771/2665
f 734/2795/2628 813/2879/2667 823/2878/1097
f 843/2616/2495 844/2607/2499 845/2617/2500
f 843/2616/2495 845/2617/2500 846/2615/2501
f 847/2612/2502 846/2615/2501 845/2617/2500
f 846/2615/2501 847/2612/2502 848/2613/2496
f 848/2613/2496 843/2616/2495 846/2615/2501
f 849/2606/2508 850/2609/2507 851/2603/2509
f 852/2608/2506 850/2609/2507 849/2606/2508
f 844/2607/2499 850/2609/2507 852/2608/2506
f 852/2608/2506 853/2618/2505 844/2607/2499
f 845/2617/2500 844/2607/2499 853/2618/2505
f 854/2619/2504 845/2617/2500 853/2618/2505
f 845/2617/2500 854/2619/2504 847/2612/2502
f 855/2621/2503 847/2612/2502 854/2619/2504
f 847/2612/2502 855/2621/2503 856/2614/2488
f 856/2614/2488 848/2613/2496 847/2612/2502
f 857/2669/2485 848/2613/2496 856/2614/2488
f 843/2616/2495 848/2613/2496 857/2669/2485
f 857/2669/2485 858/2668/2484 843/2616/2495
f 853/2618/2505 852/2608/2506 854/2619/2504
f 854/2619/2504 859/2620/2511 855/2621/2503
f 860/2611/2510 859/2620/2511 854/2619/2504
f 854/2619/2504 852/2608/2506 860/2611/2510
f 849/2606/2508 860/2611/2510 852/2608/2506
f 858/2668/2484 857/2669/2485 861/2663/2486
f 861/2663/2486 857/2669/2485 862/2665/2487
f 856/2614/2488 862/2665/2487 857/2669/2485
f 862/2665/2487 856/2614/2488 863/2626/2693
f 864/2625/2565 863/2626/2693 856/2614/2488
f 856/2614/2488 855/2621/2503 864/2625/2565
f 865/2624/2564 864/2625/2565 855/2621/2503
f 855/2621/2503 859/2620/2511 865/2624/2564
f 866/2623/2694 865/2624/2564 859/2620/2511
f 859/2620/2511 860/2611/2510 866/2623/2694
f 864/2625/2565 867/2628/2438 868/2627/2695
f 867/2628/2438 864/2625/2565 865/2624/2564
f 865/2624/2564 869/2629/2696 867/2628/2438
f 869/2629/2696 865/2624/2564 866/2623/2694
f 866/2623/2694 870/2630/2440 869/2629/2696
f 870/2630/2440 866/2623/2694 871/2622/2562
f 871/2622/2562 872/2631/2441 870/2630/2440
f 872/2631/2441 871/2622/2562 873/2605/2561
f 873/2605/2561 874/2632/2442 872/2631/2441
f 874/2632/2442 873/2605/2561 875/2593/2560
f 871/2622/2562 866/2623/2694 860/2611/2510
f 860/2611/2510 849/2606/2508 871/2622/2562
f 873/2605/2561 871/2622/2562 849/2606/2508
f 849/2606/2508 876/2604/2555 873/2605/2561
f 875/2593/2560 873/2605/2561 876/2604/2555
f 876/2604/2555 877/2592/2556 875/2593/2560
f 878/2594/2697 875/2593/2560 877/2592/2556
f 877/2592/2556 879/2595/2546 878/2594/2697
f 880/2635/2541 878/2594/2697 879/2595/2546
f 879/2595/2546 881/2591/2545 880/2635/2541
f 875/2593/2560 882/2633/2698 874/2632/2442
f 882/2633/2698 875/2593/2560 878/2594/2697
f 878/2594/2697 883/2634/2699 882/2633/2698
f 883/2634/2699 878/2594/2697 880/2635/2541
f 880/2635/2541 884/2636/2445 883/2634/2699
f 884/2636/2445 880/2635/2541 885/2637/2540
f 885/2637/2540 880/2635/2541 881/2591/2545
f 881/2591/2545 886/2585/2544 885/2637/2540
f 887/2584/2548 886/2585/2544 881/2591/2545
f 881/2591/2545 888/2597/2700 887/2584/2548
f 885/2637/2540 889/2638/2447 884/2636/2445
f 889/2638/2447 885/2637/2540 890/2639/2539
f 890/2639/2539 885/2637/2540 886/2585/2544
f 886/2585/2544 891/2581/2543 890/2639/2539
f 891/2581/2543 886/2585/2544 887/2584/2548
f 887/2584/2548 892/2582/2549 891/2581/2543
f 893/2586/2552 892/2582/2549 887/2584/2548
f 892/2582/2549 893/2586/2552 894/2583/2551
f 893/2586/2552 895/2587/2515 894/2583/2551
f 896/2578/2550 894/2583/2551 895/2587/2515
f 891/2581/2543 892/2582/2549 896/2578/2550
f 894/2583/2551 896/2578/2550 892/2582/2549
f 887/2584/2548 897/2598/2701 893/2586/2552
f 897/2598/2701 887/2584/2548 888/2597/2700
f 888/2597/2700 898/2599/2514 897/2598/2701
f 898/2599/2514 893/2586/2552 897/2598/2701
f 898/2599/2514 895/2587/2515 893/2586/2552
f 898/2599/2514 844/2607/2499 895/2587/2515
f 895/2587/2515 844/2607/2499 899/2662/2497
f 899/2662/2497 844/2607/2499 843/2616/2495
f 899/2662/2497 843/2616/2495 900/2661/2494
f 900/2661/2494 843/2616/2495 858/2668/2484
f 861/2663/2486 900/2661/2494 858/2668/2484
f 900/2661/2494 861/2663/2486 901/2659/2702
f 901/2659/2702 902/2655/2493 903/2653/2490
f 904/2664/2703 902/2655/2493 901/2659/2702
f 901/2659/2702 861/2663/2486 904/2664/2703
f 862/2665/2487 904/2664/2703 861/2663/2486
f 903/2653/2490 905/2651/2704 906/2657/2525
f 906/2657/2525 907/2658/2705 903/2653/2490
f 903/2653/2490 907/2658/2705 901/2659/2702
f 908/2660/2498 901/2659/2702 907/2658/2705
f 901/2659/2702 908/2660/2498 900/2661/2494
f 899/2662/2497 900/2661/2494 908/2660/2498
f 907/2658/2705 899/2662/2497 908/2660/2498
f 899/2662/2497 907/2658/2705 906/2657/2525
f 906/2657/2525 909/2670/2524 899/2662/2497
f 909/2670/2524 906/2657/2525 910/2656/2523
f 910/2656/2523 911/2671/2516 909/2670/2524
f 911/2671/2516 899/2662/2497 909/2670/2524
f 895/2587/2515 899/2662/2497 911/2671/2516
f 910/2656/2523 906/2657/2525 905/2651/2704
f 905/2651/2704 912/2650/2522 910/2656/2523
f 913/2589/2518 910/2656/2523 912/2650/2522
f 911/2671/2516 910/2656/2523 913/2589/2518
f 913/2589/2518 914/2672/2517 911/2671/2516
f 895/2587/2515 911/2671/2516 914/2672/2517
f 915/2588/2706 895/2587/2515 914/2672/2517
f 914/2672/2517 913/2589/2518 915/2588/2706
f 895/2587/2515 915/2588/2706 896/2578/2550
f 896/2578/2550 915/2588/2706 916/2580/2519
f 916/2580/2519 915/2588/2706 913/2589/2518
f 913/2589/2518 917/2590/2521 916/2580/2519
f 912/2650/2522 917/2590/2521 913/2589/2518
f 917/2590/2521 912/2650/2522 918/2647/2530
f 919/2649/2529 918/2647/2530 912/2650/2522
f 920/2648/2537 918/2647/2530 919/2649/2529
f 919/2649/2529 921/2673/2536 920/2648/2537
f 921/2673/2536 919/2649/2529 922/2652/2528
f 916/2580/2519 917/2590/2521 923/2645/2531
f 918/2647/2530 923/2645/2531 917/2590/2521
f 918/2647/2530 920/2648/2537 924/2646/2707
f 924/2646/2707 923/2645/2531 918/2647/2530
f 923/2645/2531 924/2646/2707 925/2644/2451
f 925/2644/2451 926/2641/2708 923/2645/2531
f 923/2645/2531 926/2641/2708 916/2580/2519
f 927/2579/2542 916/2580/2519 926/2641/2708
f 916/2580/2519 927/2579/2542 896/2578/2550
f 896/2578/2550 927/2579/2542 891/2581/2543
f 891/2581/2543 927/2579/2542 928/2640/2538
f 928/2640/2538 890/2639/2539 891/2581/2543
f 929/2642/2448 890/2639/2539 928/2640/2538
f 890/2639/2539 929/2642/2448 889/2638/2447
f 926/2641/2708 925/2644/2451 930/2643/2450
f 930/2643/2450 928/2640/2538 926/2641/2708
f 926/2641/2708 928/2640/2538 927/2579/2542
f 928/2640/2538 930/2643/2450 929/2642/2448
f 813/2868/2667 734/2800/2628 738/2799/2630
f 863/2626/2693 931/2667/2569 862/2665/2487
f 904/2664/2703 862/2665/2487 931/2667/2569
f 931/2667/2569 932/2666/2534 904/2664/2703
f 902/2655/2493 904/2664/2703 932/2666/2534
f 932/2666/2534 933/2654/2709 902/2655/2493
f 903/2653/2490 902/2655/2493 933/2654/2709
f 933/2654/2709 922/2652/2528 903/2653/2490
f 905/2651/2704 903/2653/2490 922/2652/2528
f 922/2652/2528 919/2649/2529 905/2651/2704
f 912/2650/2522 905/2651/2704 919/2649/2529
f 922/2652/2528 934/2674/2535 921/2673/2536
f 934/2674/2535 922/2652/2528 933/2654/2709
f 933/2654/2709 935/2675/2533 934/2674/2535
f 935/2675/2533 933/2654/2709 932/2666/2534
f 932/2666/2534 936/2676/2570 935/2675/2533
f 936/2676/2570 932/2666/2534 931/2667/2569
f 931/2667/2569 937/2677/2568 936/2676/2570
f 937/2677/2568 931/2667/2569 863/2626/2693
f 863/2626/2693 868/2627/2695 937/2677/2568
f 868/2627/2695 863/2626/2693 864/2625/2565
f 738/2799/2630 741/2866/2631 813/2868/2667
f 938/2529/2710 939/2565/2483 940/2564/2482
f 940/2564/2482 941/2527/2427 938/2529/2710
f 941/2527/2427 940/2564/2482 942/2566/2481
f 941/2527/2427 942/2566/2481 943/2567/2424
f 943/2567/2424 944/2525/2425 941/2527/2427
f 944/2525/2425 943/2567/2424 945/2568/2426
f 944/2525/2425 945/2568/2426 946/2569/2418
f 946/2569/2418 947/2514/2414 944/2525/2425
f 947/2514/2414 946/2569/2418 948/2570/2417
f 947/2514/2414 948/2570/2417 949/2516/2413
f 950/2542/2433 951/2546/2434 938/2529/2710
f 952/2528/2431 950/2542/2433 938/2529/2710
f 952/2528/2431 938/2529/2710 941/2527/2427
f 953/2526/2430 952/2528/2431 941/2527/2427
f 953/2526/2430 941/2527/2427 944/2525/2425
f 954/2524/2711 953/2526/2430 944/2525/2425
f 954/2524/2711 944/2525/2425 947/2514/2414
f 955/2523/2428 954/2524/2711 947/2514/2414
f 955/2523/2428 947/2514/2414 956/2515/2406
f 957/2522/2577 955/2523/2428 956/2515/2406
f 957/2522/2577 956/2515/2406 958/2519/2405
f 959/2521/2452 957/2522/2577 958/2519/2405
f 949/2516/2413 956/2515/2406 947/2514/2414
f 956/2515/2406 949/2516/2413 960/2517/2412
f 956/2515/2406 960/2517/2412 961/2518/2404
f 961/2518/2404 958/2519/2405 956/2515/2406
f 958/2519/2405 961/2518/2404 962/2520/2403
f 954/2524/2711 937/2536/2568 868/2537/2695
f 937/2536/2568 954/2524/2711 936/2535/2570
f 936/2535/2570 954/2524/2711 955/2523/2428
f 955/2523/2428 935/2534/2533 936/2535/2570
f 935/2534/2533 955/2523/2428 934/2533/2535
f 934/2533/2535 955/2523/2428 957/2522/2577
f 957/2522/2577 921/2532/2536 934/2533/2535
f 921/2532/2536 957/2522/2577 920/2530/2537
f 920/2530/2537 957/2522/2577 959/2521/2452
f 959/2521/2452 924/2531/2707 920/2530/2537
f 882/2544/2698 963/2545/2437 950/2542/2433
f 950/2542/2433 874/2543/2442 882/2544/2698
f 874/2543/2442 950/2542/2433 872/2541/2441
f 872/2541/2441 950/2542/2433 952/2528/2431
f 952/2528/2431 870/2540/2440 872/2541/2441
f 870/2540/2440 952/2528/2431 869/2539/2696
f 869/2539/2696 952/2528/2431 953/2526/2430
f 953/2526/2430 867/2538/2438 869/2539/2696
f 867/2538/2438 953/2526/2430 868/2537/2695
f 868/2537/2695 953/2526/2430 954/2524/2711
f 958/2553/2405 962/2555/2403 964/2554/2572
f 964/2554/2572 965/2551/2458 958/2553/2405
f 959/2552/2452 958/2553/2405 965/2551/2458
f 966/2550/2449 959/2552/2452 965/2551/2458
f 966/2550/2449 965/2551/2458 967/2549/2457
f 968/2548/2446 966/2550/2449 967/2549/2457
f 968/2548/2446 967/2549/2457 969/2547/2456
f 963/2545/2437 968/2548/2446 969/2547/2456
f 963/2545/2437 969/2547/2456 951/2546/2434
f 950/2542/2433 963/2545/2437 951/2546/2434
f 965/2551/2458 964/2554/2572 970/2563/2571
f 965/2551/2458 970/2563/2571 971/2562/2459
f 971/2562/2459 967/2549/2457 965/2551/2458
f 967/2549/2457 971/2562/2459 972/2561/2460
f 967/2549/2457 972/2561/2460 973/2560/2461
f 973/2560/2461 969/2547/2456 967/2549/2457
f 969/2547/2456 973/2560/2461 974/2559/2462
f 969/2547/2456 974/2559/2462 975/2558/2454
f 975/2558/2454 951/2546/2434 969/2547/2456
f 951/2546/2434 975/2558/2454 976/2557/2436
f 951/2546/2434 976/2557/2436 977/2556/2435
f 977/2556/2435 938/2529/2710 951/2546/2434
f 740/2803/1099 785/2880/1098 741/2806/2631
f 898/2599/2514 978/2601/2513 844/2607/2499
f 844/2607/2499 978/2601/2513 979/2610/2512
f 851/2603/2509 979/2610/2512 978/2601/2513
f 979/2610/2512 851/2603/2509 850/2609/2507
f 850/2609/2507 844/2607/2499 979/2610/2512
f 881/2591/2545 879/2595/2546 980/2596/2559
f 980/2596/2559 888/2597/2700 881/2591/2545
f 898/2599/2514 888/2597/2700 980/2596/2559
f 980/2596/2559 981/2600/2712 898/2599/2514
f 981/2600/2712 978/2601/2513 898/2599/2514
f 982/2602/2557 978/2601/2513 981/2600/2712
f 978/2601/2513 982/2602/2557 851/2603/2509
f 851/2603/2509 982/2602/2557 877/2592/2556
f 877/2592/2556 876/2604/2555 851/2603/2509
f 851/2603/2509 876/2604/2555 849/2606/2508
f 980/2596/2559 879/2595/2546 877/2592/2556
f 877/2592/2556 982/2602/2557 980/2596/2559
f 981/2600/2712 980/2596/2559 982/2602/2557
f 983/2587/2327 984/2672/2397 985/2671/2396
f 983/2587/2327 985/2671/2396 986/2662/2387
f 985/2671/2396 987/2670/2395 986/2662/2387
f 987/2670/2395 985/2671/2396 988/2656/2381
f 988/2656/2381 989/2657/2382 987/2670/2395
f 986/2662/2387 987/2670/2395 989/2657/2382
f 989/2657/2382 990/2658/2713 986/2662/2387
f 991/2660/2385 986/2662/2387 990/2658/2713
f 992/2580/2320 993/2590/2330 994/2589/2329
f 994/2589/2329 993/2590/2330 995/2650/2375
f 995/2650/2375 988/2656/2381 994/2589/2329
f 988/2656/2381 995/2650/2375 996/2651/2376
f 996/2651/2376 989/2657/2382 988/2656/2381
f 989/2657/2382 996/2651/2376 997/2653/2378
f 997/2653/2378 990/2658/2713 989/2657/2382
f 998/2659/2384 990/2658/2713 997/2653/2378
f 990/2658/2713 998/2659/2384 991/2660/2385
f 999/2661/2386 991/2660/2385 998/2659/2384
f 1000/2581/2321 1001/2639/2714 1002/2640/2370
f 1002/2640/2370 1003/2579/2319 1000/2581/2321
f 1003/2579/2319 1002/2640/2370 1004/2641/2371
f 1004/2641/2371 992/2580/2320 1003/2579/2319
f 992/2580/2320 1004/2641/2371 1005/2645/2372
f 1005/2645/2372 993/2590/2330 992/2580/2320
f 993/2590/2330 1005/2645/2372 1006/2647/2373
f 1006/2647/2373 995/2650/2375 993/2590/2330
f 995/2650/2375 1006/2647/2373 1007/2649/2715
f 1007/2649/2715 996/2651/2376 995/2650/2375
f 1008/2636/2716 1009/2638/2314 1010/2637/2717
f 1001/2639/2714 1010/2637/2717 1009/2638/2314
f 1009/2638/2314 1011/2642/2315 1001/2639/2714
f 1002/2640/2370 1001/2639/2714 1011/2642/2315
f 1011/2642/2315 1012/2643/2316 1002/2640/2370
f 1004/2641/2371 1002/2640/2370 1012/2643/2316
f 1012/2643/2316 1013/2644/2317 1004/2641/2371
f 1005/2645/2372 1004/2641/2371 1013/2644/2317
f 1013/2644/2317 1014/2646/2718 1005/2645/2372
f 1006/2647/2373 1005/2645/2372 1014/2646/2718
f 1015/2604/2344 1016/2605/2345 1017/2593/2719
f 1017/2593/2719 1018/2592/2332 1015/2604/2344
f 1018/2592/2332 1017/2593/2719 1019/2594/2334
f 1019/2594/2334 1020/2595/2335 1018/2592/2332
f 1020/2595/2335 1019/2594/2334 1021/2635/2720
f 1021/2635/2720 1022/2591/2331 1020/2595/2335
f 1022/2591/2331 1021/2635/2720 1010/2637/2717
f 1010/2637/2717 1023/2585/2325 1022/2591/2331
f 1023/2585/2325 1010/2637/2717 1001/2639/2714
f 1001/2639/2714 1000/2581/2321 1023/2585/2325
f 1024/2603/2343 1015/2604/2344 1018/2592/2332
f 1025/2601/2341 1026/2610/2350 1024/2603/2343
f 1024/2603/2343 1027/2602/2342 1025/2601/2341
f 1018/2592/2332 1027/2602/2342 1024/2603/2343
f 1028/2596/2336 1027/2602/2342 1018/2592/2332
f 1018/2592/2332 1020/2595/2335 1028/2596/2336
f 1028/2596/2336 1020/2595/2335 1022/2591/2331
f 1022/2591/2331 1029/2597/2721 1028/2596/2336
f 1028/2596/2336 1029/2597/2721 1030/2599/2339
f 1031/2598/2722 1030/2599/2339 1029/2597/2721
f 1029/2597/2721 1032/2584/2324 1031/2598/2722
f 1033/2600/2723 1025/2601/2341 1027/2602/2342
f 1027/2602/2342 1028/2596/2336 1033/2600/2723
f 1030/2599/2339 1033/2600/2723 1028/2596/2336
f 1033/2600/2723 1030/2599/2339 1025/2601/2341
f 1030/2599/2339 1034/2607/2347 1025/2601/2341
f 1034/2607/2347 1026/2610/2350 1025/2601/2341
f 1026/2610/2350 1034/2607/2347 1035/2609/2349
f 1035/2609/2349 1024/2603/2343 1026/2610/2350
f 1024/2603/2343 1035/2609/2349 1036/2606/2346
f 1036/2606/2346 1015/2604/2344 1024/2603/2343
f 1016/2605/2345 1015/2604/2344 1036/2606/2346
f 1034/2607/2347 1037/2618/2358 1038/2608/2348
f 1038/2608/2348 1035/2609/2349 1034/2607/2347
f 1036/2606/2346 1035/2609/2349 1038/2608/2348
f 986/2662/2387 991/2660/2385 999/2661/2386
f 986/2662/2387 999/2661/2386 1039/2616/2356
f 986/2662/2387 1039/2616/2356 1034/2607/2347
f 1039/2616/2356 1040/2617/2357 1034/2607/2347
f 1040/2617/2357 1037/2618/2358 1034/2607/2347
f 1037/2618/2358 1040/2617/2357 1041/2619/2359
f 1041/2619/2359 1038/2608/2348 1037/2618/2358
f 1042/2611/2351 1038/2608/2348 1041/2619/2359
f 1038/2608/2348 1042/2611/2351 1036/2606/2346
f 1043/2622/2362 1036/2606/2346 1042/2611/2351
f 1044/2612/2352 1041/2619/2359 1040/2617/2357
f 999/2661/2386 1045/2668/2393 1039/2616/2356
f 1046/2614/2354 1047/2621/2724 1044/2612/2352
f 1041/2619/2359 1044/2612/2352 1047/2621/2724
f 1047/2621/2724 1048/2620/2360 1041/2619/2359
f 1041/2619/2359 1048/2620/2360 1042/2611/2351
f 1046/2614/2354 1049/2626/2366 1050/2625/2365
f 1050/2625/2365 1047/2621/2724 1046/2614/2354
f 1047/2621/2724 1050/2625/2365 1051/2624/2725
f 1051/2624/2725 1048/2620/2360 1047/2621/2724
f 1048/2620/2360 1051/2624/2725 1052/2623/2363
f 1052/2623/2363 1042/2611/2351 1048/2620/2360
f 1042/2611/2351 1052/2623/2363 1043/2622/2362
f 1053/2676/2279 1054/2677/2280 1055/2667/2392
f 1049/2626/2366 1055/2667/2392 1054/2677/2280
f 1054/2677/2280 1056/2627/2726 1049/2626/2366
f 1050/2625/2365 1049/2626/2366 1056/2627/2726
f 1056/2627/2726 1057/2628/2282 1050/2625/2365
f 1051/2624/2725 1050/2625/2365 1057/2628/2282
f 1057/2628/2282 1058/2629/2727 1051/2624/2725
f 1052/2623/2363 1051/2624/2725 1058/2629/2727
f 1058/2629/2727 1059/2630/2728 1052/2623/2363
f 1043/2622/2362 1052/2623/2363 1059/2630/2728
f 1059/2630/2728 1060/2631/2285 1043/2622/2362
f 1036/2606/2346 1043/2622/2362 1016/2605/2345
f 1016/2605/2345 1043/2622/2362 1060/2631/2285
f 1060/2631/2285 1061/2632/2287 1016/2605/2345
f 1017/2593/2719 1016/2605/2345 1061/2632/2287
f 1061/2632/2287 1062/2633/2288 1017/2593/2719
f 1019/2594/2334 1017/2593/2719 1062/2633/2288
f 1062/2633/2288 1063/2634/2312 1019/2594/2334
f 1021/2635/2720 1019/2594/2334 1063/2634/2312
f 1063/2634/2312 1008/2636/2716 1021/2635/2720
f 1010/2637/2717 1021/2635/2720 1008/2636/2716
f 696/2871/2594 697/2877/2595 726/2874/2620
f 726/2874/2620 725/2876/2619 760/2875/2638
f 726/2874/2620 760/2875/2638 761/2873/613
f 696/2871/2594 726/2874/2620 761/2873/613
f 696/2871/2594 761/2873/613 1064/2872/611
f 696/2871/2594 1064/2872/611 1065/2870/607
f 1065/2870/607 699/2869/2597 696/2871/2594
f 699/2869/2597 1065/2870/607 1066/2865/610
f 1066/2865/610 700/2864/2598 699/2869/2597
f 700/2864/2598 1066/2865/610 1067/2862/592
f 1067/2862/592 714/2863/2612 700/2864/2598
f 716/2860/2614 714/2863/2612 1067/2862/592
f 1067/2862/592 758/2861/593 716/2860/2614
f 1068/2669/2394 1069/2665/2390 1070/2614/2354
f 1069/2665/2390 1068/2669/2394 1071/2663/2388
f 1071/2663/2388 1068/2669/2394 1072/2668/2729
f 1071/2663/2388 1073/2664/2389 1069/2665/2390
f 1074/2659/2730 1075/2658/2713 1076/2653/2378
f 1076/2653/2378 1077/2655/2380 1074/2659/2730
f 1074/2659/2730 1077/2655/2380 1073/2664/2389
f 1073/2664/2389 1071/2663/2388 1074/2659/2730
f 1074/2659/2730 1071/2663/2388 1078/2661/2386
f 1072/2668/2729 1078/2661/2386 1071/2663/2388
f 1078/2661/2386 1072/2668/2729 1079/2616/2731
f 1079/2616/2731 1072/2668/2729 1068/2669/2394
f 1068/2669/2394 1080/2613/2353 1079/2616/2731
f 1070/2614/2354 1080/2613/2353 1068/2669/2394
f 1081/2660/2385 1082/2662/2732 1075/2658/2713
f 1075/2658/2713 1074/2659/2730 1081/2660/2385
f 1078/2661/2386 1081/2660/2385 1074/2659/2730
f 1082/2662/2732 1081/2660/2385 1078/2661/2386
f 1082/2662/2732 1078/2661/2386 1079/2616/2731
f 1082/2662/2732 1079/2616/2731 1083/2607/2733
f 1079/2616/2731 1084/2617/2734 1083/2607/2733
f 1079/2616/2731 1085/2615/2355 1084/2617/2734
f 1084/2617/2734 1085/2615/2355 1086/2612/2352
f 1080/2613/2353 1086/2612/2352 1085/2615/2355
f 1085/2615/2355 1079/2616/2731 1080/2613/2353
f 1086/2612/2352 1080/2613/2353 1070/2614/2354
f 1070/2614/2354 1087/2621/2724 1086/2612/2352
f 1088/2619/2359 1086/2612/2352 1087/2621/2724
f 1086/2612/2352 1088/2619/2359 1084/2617/2734
f 1089/2618/2735 1084/2617/2734 1088/2619/2359
f 1084/2617/2734 1089/2618/2735 1083/2607/2733
f 1083/2607/2733 1089/2618/2735 1090/2608/2348
f 1090/2608/2348 1091/2609/2349 1083/2607/2733
f 1092/2606/2346 1091/2609/2349 1090/2608/2348
f 1093/2603/2343 1091/2609/2349 1092/2606/2346
f 1088/2619/2359 1090/2608/2348 1089/2618/2735
f 1090/2608/2348 1094/2611/2351 1092/2606/2346
f 1094/2611/2351 1090/2608/2348 1088/2619/2359
f 1088/2619/2359 1095/2620/2736 1094/2611/2351
f 1087/2621/2724 1095/2620/2736 1088/2619/2359
f 1096/2594/2334 1097/2595/2335 1098/2592/2737
f 1098/2592/2737 1099/2593/2333 1096/2594/2334
f 1099/2593/2333 1098/2592/2737 1100/2604/2344
f 1100/2604/2344 1101/2605/2345 1099/2593/2333
f 1101/2605/2345 1100/2604/2344 1092/2606/2346
f 1092/2606/2346 1102/2622/2362 1101/2605/2345
f 1102/2622/2362 1092/2606/2346 1094/2611/2351
f 1094/2611/2351 1103/2623/2363 1102/2622/2362
f 1103/2623/2363 1094/2611/2351 1095/2620/2736
f 1095/2620/2736 1104/2624/2364 1103/2623/2363
f 1105/2635/2367 1096/2594/2334 1106/2634/2312
f 1107/2633/2288 1106/2634/2312 1096/2594/2334
f 1096/2594/2334 1099/2593/2333 1107/2633/2288
f 1108/2632/2287 1107/2633/2288 1099/2593/2333
f 1099/2593/2333 1101/2605/2345 1108/2632/2287
f 1109/2631/2285 1108/2632/2287 1101/2605/2345
f 1101/2605/2345 1102/2622/2362 1109/2631/2285
f 1110/2630/2284 1109/2631/2285 1102/2622/2362
f 1102/2622/2362 1103/2623/2363 1110/2630/2284
f 1111/2629/2283 1110/2630/2284 1103/2623/2363
f 1103/2623/2363 1104/2624/2364 1111/2629/2283
f 1112/2628/2282 1111/2629/2283 1104/2624/2364
f 1104/2624/2364 1113/2625/2365 1112/2628/2282
f 1114/2627/2726 1112/2628/2282 1113/2625/2365
f 1113/2625/2365 1115/2626/2366 1114/2627/2726
f 1116/2677/2280 1114/2627/2726 1115/2626/2366
f 1115/2626/2366 1117/2667/2392 1116/2677/2280
f 1118/2676/2279 1116/2677/2280 1117/2667/2392
f 1117/2667/2392 1119/2666/2391 1118/2676/2279
f 1120/2675/2738 1118/2676/2279 1119/2666/2391
f 1104/2624/2364 1095/2620/2736 1087/2621/2724
f 1087/2621/2724 1113/2625/2365 1104/2624/2364
f 1113/2625/2365 1087/2621/2724 1070/2614/2354
f 1070/2614/2354 1115/2626/2366 1113/2625/2365
f 1115/2626/2366 1070/2614/2354 1069/2665/2390
f 1069/2665/2390 1117/2667/2392 1115/2626/2366
f 1117/2667/2392 1069/2665/2390 1073/2664/2389
f 1073/2664/2389 1119/2666/2391 1117/2667/2392
f 1119/2666/2391 1073/2664/2389 1077/2655/2380
f 1077/2655/2380 1121/2654/2379 1119/2666/2391
f 1119/2666/2391 1121/2654/2379 1120/2675/2738
f 1122/2674/2277 1120/2675/2738 1121/2654/2379
f 1121/2654/2379 1123/2652/2377 1122/2674/2277
f 1124/2673/2276 1122/2674/2277 1123/2652/2377
f 1123/2652/2377 1125/2649/2374 1124/2673/2276
f 1126/2648/2274 1124/2673/2276 1125/2649/2374
f 1125/2649/2374 1127/2647/2373 1126/2648/2274
f 1128/2646/2718 1126/2648/2274 1127/2647/2373
f 1127/2647/2373 1129/2645/2372 1128/2646/2718
f 1130/2644/2317 1128/2646/2718 1129/2645/2372
f 1121/2654/2379 1077/2655/2380 1076/2653/2378
f 1076/2653/2378 1123/2652/2377 1121/2654/2379
f 1123/2652/2377 1076/2653/2378 1131/2651/2739
f 1131/2651/2739 1125/2649/2374 1123/2652/2377
f 1125/2649/2374 1131/2651/2739 1132/2650/2375
f 1132/2650/2375 1127/2647/2373 1125/2649/2374
f 1127/2647/2373 1132/2650/2375 1133/2590/2330
f 1133/2590/2330 1129/2645/2372 1127/2647/2373
f 1129/2645/2372 1133/2590/2330 1134/2580/2320
f 1134/2580/2320 1135/2641/2371 1129/2645/2372
f 1136/2656/2381 1132/2650/2375 1131/2651/2739
f 1137/2657/2382 1131/2651/2739 1076/2653/2378
f 1131/2651/2739 1137/2657/2382 1136/2656/2381
f 1136/2656/2381 1137/2657/2382 1138/2670/2740
f 1139/2589/2329 1140/2588/2328 1134/2580/2320
f 1134/2580/2320 1133/2590/2330 1139/2589/2329
f 1139/2589/2329 1133/2590/2330 1132/2650/2375
f 1132/2650/2375 1136/2656/2381 1139/2589/2329
f 1139/2589/2329 1136/2656/2381 1141/2671/2396
f 1138/2670/2740 1141/2671/2396 1136/2656/2381
f 1141/2671/2396 1138/2670/2740 1082/2662/2732
f 1082/2662/2732 1138/2670/2740 1137/2657/2382
f 1137/2657/2382 1075/2658/2713 1082/2662/2732
f 1076/2653/2378 1075/2658/2713 1137/2657/2382
f 1140/2588/2328 1139/2589/2329 1142/2672/2397
f 1142/2672/2397 1143/2587/2741 1140/2588/2328
f 1144/2578/2318 1140/2588/2328 1143/2587/2741
f 1134/2580/2320 1140/2588/2328 1144/2578/2318
f 1144/2578/2318 1145/2579/2319 1134/2580/2320
f 1146/2581/2321 1145/2579/2319 1144/2578/2318
f 1147/2591/2331 1148/2585/2325 1149/2584/2324
f 1149/2584/2324 1148/2585/2325 1146/2581/2321
f 1146/2581/2321 1150/2582/2322 1149/2584/2324
f 1144/2578/2318 1150/2582/2322 1146/2581/2321
f 1150/2582/2322 1144/2578/2318 1151/2583/2323
f 1143/2587/2741 1151/2583/2323 1144/2578/2318
f 1152/2586/2326 1151/2583/2323 1143/2587/2741
f 1153/2599/2339 1152/2586/2326 1143/2587/2741
f 1153/2599/2339 1154/2598/2338 1152/2586/2326
f 1154/2598/2338 1153/2599/2339 1155/2597/2337
f 1155/2597/2337 1149/2584/2324 1154/2598/2338
f 1152/2586/2326 1154/2598/2338 1149/2584/2324
f 1149/2584/2324 1150/2582/2322 1152/2586/2326
f 1151/2583/2323 1152/2586/2326 1150/2582/2322
f 1156/2610/2350 1083/2607/2733 1091/2609/2349
f 1091/2609/2349 1093/2603/2343 1156/2610/2350
f 1157/2601/2341 1156/2610/2350 1093/2603/2343
f 1083/2607/2733 1156/2610/2350 1157/2601/2341
f 1153/2599/2339 1083/2607/2733 1157/2601/2341
f 1153/2599/2339 1143/2587/2741 1083/2607/2733
f 1143/2587/2741 1082/2662/2732 1083/2607/2733
f 1143/2587/2741 1141/2671/2396 1082/2662/2732
f 1143/2587/2741 1142/2672/2397 1141/2671/2396
f 1141/2671/2396 1142/2672/2397 1139/2589/2329
f 1092/2606/2346 1100/2604/2344 1093/2603/2343
f 1093/2603/2343 1100/2604/2344 1098/2592/2737
f 1098/2592/2737 1158/2602/2342 1093/2603/2343
f 1093/2603/2343 1158/2602/2342 1157/2601/2341
f 1159/2600/2340 1157/2601/2341 1158/2602/2342
f 1159/2600/2340 1153/2599/2339 1157/2601/2341
f 1153/2599/2339 1159/2600/2340 1160/2596/2336
f 1160/2596/2336 1155/2597/2337 1153/2599/2339
f 1147/2591/2331 1155/2597/2337 1160/2596/2336
f 1149/2584/2324 1155/2597/2337 1147/2591/2331
f 1158/2602/2342 1160/2596/2336 1159/2600/2340
f 1160/2596/2336 1158/2602/2342 1098/2592/2737
f 1098/2592/2737 1097/2595/2335 1160/2596/2336
f 1160/2596/2336 1097/2595/2335 1147/2591/2331
f 1135/2641/2371 1134/2580/2320 1145/2579/2319
f 1145/2579/2319 1161/2640/2370 1135/2641/2371
f 1161/2640/2370 1145/2579/2319 1146/2581/2321
f 1146/2581/2321 1162/2639/2369 1161/2640/2370
f 1162/2639/2369 1146/2581/2321 1148/2585/2325
f 1148/2585/2325 1163/2637/2717 1162/2639/2369
f 1163/2637/2717 1148/2585/2325 1147/2591/2331
f 1147/2591/2331 1105/2635/2367 1163/2637/2717
f 1105/2635/2367 1147/2591/2331 1097/2595/2335
f 1097/2595/2335 1096/2594/2334 1105/2635/2367
f 1129/2645/2372 1135/2641/2371 1130/2644/2317
f 1164/2643/2316 1130/2644/2317 1135/2641/2371
f 1135/2641/2371 1161/2640/2370 1164/2643/2316
f 1165/2642/2315 1164/2643/2316 1161/2640/2370
f 1161/2640/2370 1162/2639/2369 1165/2642/2315
f 1166/2638/2314 1165/2642/2315 1162/2639/2369
f 1162/2639/2369 1163/2637/2717 1166/2638/2314
f 1167/2636/2716 1166/2638/2314 1163/2637/2717
f 1163/2637/2717 1105/2635/2367 1167/2636/2716
f 1106/2634/2312 1167/2636/2716 1105/2635/2367
f 732/2793/2626 731/2792/2625 754/2849/2636
f 1168/2519/2263 1169/2520/2264 1170/2518/2262
f 1171/2515/2259 1168/2519/2263 1170/2518/2262
f 1170/2518/2262 1172/2517/2261 1171/2515/2259
f 1171/2515/2259 1172/2517/2261 1173/2516/2260
f 1174/2514/2258 1171/2515/2259 1173/2516/2260
f 1173/2516/2260 1175/2570/2311 1174/2514/2258
f 1174/2514/2258 1175/2570/2311 1176/2569/2310
f 1177/2525/2269 1174/2514/2258 1176/2569/2310
f 1176/2569/2310 1178/2568/2309 1177/2525/2269
f 1177/2525/2269 1178/2568/2309 1179/2567/2308
f 1180/2521/2265 1168/2519/2263 1181/2522/2266
f 1181/2522/2266 1168/2519/2263 1171/2515/2259
f 1181/2522/2266 1171/2515/2259 1182/2523/2267
f 1182/2523/2267 1171/2515/2259 1174/2514/2258
f 1182/2523/2267 1174/2514/2258 1183/2524/2268
f 1183/2524/2268 1174/2514/2258 1177/2525/2269
f 1183/2524/2268 1177/2525/2269 1184/2526/2270
f 1184/2526/2270 1177/2525/2269 1185/2527/2271
f 1184/2526/2270 1185/2527/2271 1186/2528/2272
f 1186/2528/2272 1185/2527/2271 1187/2529/2273
f 1126/2530/2274 1128/2531/2718 1180/2521/2265
f 1180/2521/2265 1181/2522/2266 1126/2530/2274
f 1124/2532/2276 1126/2530/2274 1181/2522/2266
f 1122/2533/2277 1124/2532/2276 1181/2522/2266
f 1181/2522/2266 1182/2523/2267 1122/2533/2277
f 1120/2534/2738 1122/2533/2277 1182/2523/2267
f 1118/2535/2279 1120/2534/2738 1182/2523/2267
f 1182/2523/2267 1183/2524/2268 1118/2535/2279
f 1116/2536/2280 1118/2535/2279 1183/2524/2268
f 1114/2537/2726 1116/2536/2280 1183/2524/2268
f 1183/2524/2268 1184/2526/2270 1114/2537/2726
f 1112/2538/2282 1114/2537/2726 1184/2526/2270
f 1111/2539/2283 1112/2538/2282 1184/2526/2270
f 1184/2526/2270 1186/2528/2272 1111/2539/2283
f 1110/2540/2284 1111/2539/2283 1186/2528/2272
f 1109/2541/2285 1110/2540/2284 1186/2528/2272
f 1186/2528/2272 1188/2542/2286 1109/2541/2285
f 1108/2543/2287 1109/2541/2285 1188/2542/2286
f 1107/2544/2288 1108/2543/2287 1188/2542/2286
f 1188/2542/2286 1189/2545/2289 1107/2544/2288
f 1186/2528/2272 1187/2529/2273 1188/2542/2286
f 1188/2542/2286 1187/2529/2273 1190/2546/2290
f 1188/2542/2286 1190/2546/2290 1189/2545/2289
f 1189/2545/2289 1190/2546/2290 1191/2547/2291
f 1189/2545/2289 1191/2547/2291 1192/2548/2292
f 1192/2548/2292 1191/2547/2291 1193/2549/2293
f 1192/2548/2292 1193/2549/2293 1194/2550/2294
f 1194/2550/2294 1193/2549/2293 1195/2551/2295
f 1194/2550/2294 1195/2551/2295 1180/2552/2265
f 1180/2552/2265 1195/2551/2295 1168/2553/2263
f 1168/2553/2263 1195/2551/2295 1196/2554/2296
f 1196/2554/2296 1169/2555/2264 1168/2553/2263
f 1197/2558/2299 1198/2559/2300 1191/2547/2291
f 1191/2547/2291 1198/2559/2300 1199/2560/2301
f 1193/2549/2293 1191/2547/2291 1199/2560/2301
f 1199/2560/2301 1200/2561/2302 1193/2549/2293
f 1193/2549/2293 1200/2561/2302 1201/2562/2303
f 1195/2551/2295 1193/2549/2293 1201/2562/2303
f 1201/2562/2303 1202/2563/2304 1195/2551/2295
f 1195/2551/2295 1202/2563/2304 1196/2554/2296
f 1185/2527/2271 1177/2525/2269 1179/2567/2308
f 1179/2567/2308 1203/2566/2307 1185/2527/2271
f 1185/2527/2271 1203/2566/2307 1204/2564/2305
f 1187/2529/2273 1185/2527/2271 1204/2564/2305
f 1204/2564/2305 1205/2565/2306 1187/2529/2273
f 1187/2529/2273 1205/2565/2306 1206/2556/2297
f 1190/2546/2290 1187/2529/2273 1206/2556/2297
f 1206/2556/2297 1207/2557/2298 1190/2546/2290
f 1190/2546/2290 1207/2557/2298 1197/2558/2299
f 1191/2547/2291 1190/2546/2290 1197/2558/2299
f 1208/2881/2742 1209/2882/2743 1210/2883/1093
f 1106/2571/2312 1107/2544/2288 1189/2545/2289
f 1167/2572/2716 1106/2571/2312 1189/2545/2289
f 1189/2545/2289 1192/2548/2292 1167/2572/2716
f 1166/2573/2314 1167/2572/2716 1192/2548/2292
f 1165/2574/2315 1166/2573/2314 1192/2548/2292
f 1192/2548/2292 1194/2550/2294 1165/2574/2315
f 1164/2575/2316 1165/2574/2315 1194/2550/2294
f 1130/2576/2317 1164/2575/2316 1194/2550/2294
f 1194/2550/2294 1180/2552/2265 1130/2576/2317
f 1128/2577/2718 1130/2576/2317 1180/2552/2265
f 1210/2883/1093 1211/2884/1095 1208/2881/2742
f 1212/2615/2501 1213/2612/2502 1214/2613/2496
f 1214/2613/2496 1215/2616/2495 1212/2615/2501
f 1215/2616/2495 1216/2617/2500 1212/2615/2501
f 1213/2612/2502 1212/2615/2501 1216/2617/2500
f 1216/2617/2500 1217/2619/2504 1213/2612/2502
f 1218/2622/2744 1219/2623/2563 1220/2611/2510
f 1221/2620/2511 1220/2611/2510 1219/2623/2563
f 1220/2611/2510 1221/2620/2511 1217/2619/2504
f 1217/2619/2504 1221/2620/2511 1222/2621/2503
f 1222/2621/2503 1213/2612/2502 1217/2619/2504
f 1213/2612/2502 1222/2621/2503 1223/2614/2488
f 1223/2614/2488 1214/2613/2496 1213/2612/2502
f 1224/2669/2485 1214/2613/2496 1223/2614/2488
f 1215/2616/2495 1214/2613/2496 1224/2669/2485
f 1224/2669/2485 1225/2668/2484 1215/2616/2495
f 1223/2614/2488 1226/2665/2487 1224/2669/2485
f 1226/2665/2487 1227/2664/2489 1228/2663/2486
f 1228/2663/2486 1224/2669/2485 1226/2665/2487
f 1225/2668/2484 1224/2669/2485 1228/2663/2486
f 1219/2623/2563 1229/2624/2564 1221/2620/2511
f 1222/2621/2503 1221/2620/2511 1229/2624/2564
f 1229/2624/2564 1230/2625/2745 1222/2621/2503
f 1223/2614/2488 1222/2621/2503 1230/2625/2745
f 1230/2625/2745 1231/2626/2693 1223/2614/2488
f 1226/2665/2487 1223/2614/2488 1231/2626/2693
f 1231/2626/2693 1232/2667/2746 1226/2665/2487
f 1227/2664/2489 1226/2665/2487 1232/2667/2746
f 1232/2667/2746 1233/2666/2534 1227/2664/2489
f 1219/2623/2563 1234/2630/2440 1235/2629/2439
f 1235/2629/2439 1229/2624/2564 1219/2623/2563
f 1229/2624/2564 1235/2629/2439 1236/2628/2438
f 1236/2628/2438 1230/2625/2745 1229/2624/2564
f 1230/2625/2745 1236/2628/2438 1237/2627/2695
f 1237/2627/2695 1231/2626/2693 1230/2625/2745
f 1231/2626/2693 1237/2627/2695 1238/2677/2568
f 1238/2677/2568 1232/2667/2746 1231/2626/2693
f 1232/2667/2746 1238/2677/2568 1239/2676/2747
f 1239/2676/2747 1233/2666/2534 1232/2667/2746
f 1233/2666/2534 1239/2676/2747 1240/2675/2748
f 1240/2675/2748 1241/2654/2527 1233/2666/2534
f 1241/2654/2527 1240/2675/2748 1242/2674/2535
f 1242/2674/2535 1243/2652/2749 1241/2654/2527
f 1243/2652/2749 1242/2674/2535 1244/2673/2536
f 1244/2673/2536 1245/2649/2750 1243/2652/2749
f 1245/2649/2750 1244/2673/2536 1246/2648/2537
f 1246/2648/2537 1247/2647/2751 1245/2649/2750
f 1247/2647/2751 1246/2648/2537 1248/2646/2707
f 1248/2646/2707 1249/2645/2531 1247/2647/2751
f 1243/2652/2749 1245/2649/2750 1250/2651/2526
f 1251/2650/2522 1250/2651/2526 1245/2649/2750
f 1245/2649/2750 1247/2647/2751 1251/2650/2522
f 1252/2590/2521 1251/2650/2522 1247/2647/2751
f 1247/2647/2751 1249/2645/2531 1252/2590/2521
f 1253/2580/2519 1252/2590/2521 1249/2645/2531
f 1249/2645/2531 1254/2641/2708 1253/2580/2519
f 1255/2579/2542 1253/2580/2519 1254/2641/2708
f 1254/2641/2708 1256/2640/2752 1255/2579/2542
f 1257/2581/2543 1255/2579/2542 1256/2640/2752
f 1253/2580/2519 1255/2579/2542 1258/2578/2550
f 1258/2578/2550 1255/2579/2542 1257/2581/2543
f 1257/2581/2543 1259/2582/2549 1258/2578/2550
f 1260/2583/2753 1258/2578/2550 1259/2582/2549
f 1261/2589/2518 1262/2656/2523 1251/2650/2522
f 1251/2650/2522 1252/2590/2521 1261/2589/2518
f 1261/2589/2518 1252/2590/2521 1253/2580/2519
f 1253/2580/2519 1263/2588/2706 1261/2589/2518
f 1258/2578/2550 1263/2588/2706 1253/2580/2519
f 1264/2587/2515 1263/2588/2706 1258/2578/2550
f 1258/2578/2550 1260/2583/2753 1264/2587/2515
f 1265/2586/2552 1264/2587/2515 1260/2583/2753
f 1259/2582/2549 1265/2586/2552 1260/2583/2753
f 1265/2586/2552 1259/2582/2549 1266/2584/2548
f 1266/2584/2548 1267/2598/2701 1265/2586/2552
f 1268/2672/2517 1261/2589/2518 1263/2588/2706
f 1263/2588/2706 1264/2587/2515 1268/2672/2517
f 1264/2587/2515 1269/2671/2516 1268/2672/2517
f 1261/2589/2518 1268/2672/2517 1269/2671/2516
f 1269/2671/2516 1262/2656/2523 1261/2589/2518
f 1267/2598/2701 1266/2584/2548 1270/2597/2700
f 1270/2597/2700 1271/2599/2514 1267/2598/2701
f 1271/2599/2514 1265/2586/2552 1267/2598/2701
f 1271/2599/2514 1264/2587/2515 1265/2586/2552
f 1271/2599/2514 1272/2607/2499 1264/2587/2515
f 1264/2587/2515 1272/2607/2499 1273/2662/2497
f 1264/2587/2515 1273/2662/2497 1269/2671/2516
f 1269/2671/2516 1273/2662/2497 1274/2670/2524
f 1262/2656/2523 1269/2671/2516 1274/2670/2524
f 1274/2670/2524 1275/2657/2525 1262/2656/2523
f 1275/2657/2525 1274/2670/2524 1273/2662/2497
f 1273/2662/2497 1276/2658/2705 1275/2657/2525
f 1276/2658/2705 1273/2662/2497 1277/2660/2498
f 1273/2662/2497 1272/2607/2499 1215/2616/2495
f 1273/2662/2497 1215/2616/2495 1278/2661/2494
f 1273/2662/2497 1278/2661/2494 1277/2660/2498
f 1279/2659/2702 1277/2660/2498 1278/2661/2494
f 1277/2660/2498 1279/2659/2702 1276/2658/2705
f 1280/2653/2490 1276/2658/2705 1279/2659/2702
f 1275/2657/2525 1276/2658/2705 1280/2653/2490
f 1280/2653/2490 1250/2651/2526 1275/2657/2525
f 1262/2656/2523 1275/2657/2525 1250/2651/2526
f 1250/2651/2526 1251/2650/2522 1262/2656/2523
f 1279/2659/2702 1281/2655/2493 1280/2653/2490
f 1278/2661/2494 1215/2616/2495 1225/2668/2484
f 1228/2663/2486 1278/2661/2494 1225/2668/2484
f 1278/2661/2494 1228/2663/2486 1279/2659/2702
f 1279/2659/2702 1228/2663/2486 1227/2664/2489
f 1227/2664/2489 1281/2655/2493 1279/2659/2702
f 1281/2655/2493 1227/2664/2489 1233/2666/2534
f 1233/2666/2534 1241/2654/2527 1281/2655/2493
f 1280/2653/2490 1281/2655/2493 1241/2654/2527
f 1241/2654/2527 1243/2652/2749 1280/2653/2490
f 1250/2651/2526 1280/2653/2490 1243/2652/2749
f 1282/2515/2406 1283/2516/2413 1284/2517/2412
f 1283/2516/2413 1282/2515/2406 1285/2514/2414
f 1286/2523/2428 1285/2514/2414 1282/2515/2406
f 1286/2523/2428 1287/2524/2711 1285/2514/2414
f 1287/2524/2711 1288/2525/2425 1285/2514/2414
f 1289/2569/2418 1285/2514/2414 1288/2525/2425
f 1288/2525/2425 1290/2568/2426 1289/2569/2418
f 1289/2569/2418 1290/2568/2426 1291/2693/2419
f 1291/2693/2419 1292/2692/2416 1289/2569/2418
f 1293/2691/2415 1292/2692/2416 1291/2693/2419
f 1287/2524/2711 1294/2526/2430 1288/2525/2425
f 1240/2534/2748 1286/2523/2428 1242/2533/2535
f 1286/2523/2428 1240/2534/2748 1239/2535/2747
f 1239/2535/2747 1287/2524/2711 1286/2523/2428
f 1238/2536/2568 1287/2524/2711 1239/2535/2747
f 1287/2524/2711 1238/2536/2568 1237/2537/2695
f 1237/2537/2695 1294/2526/2430 1287/2524/2711
f 1236/2538/2438 1294/2526/2430 1237/2537/2695
f 1294/2526/2430 1236/2538/2438 1235/2539/2439
f 1295/2522/2577 1244/2532/2536 1242/2533/2535
f 1296/2521/2452 1295/2522/2577 1297/2519/2405
f 1246/2530/2537 1295/2522/2577 1296/2521/2452
f 1244/2532/2536 1295/2522/2577 1246/2530/2537
f 1296/2521/2452 1248/2531/2707 1246/2530/2537
f 1169/2683/2264 1298/2684/2401 1299/2679/2399
f 1300/2680/2400 1299/2679/2399 1298/2684/2401
f 1298/2684/2401 1301/2685/2402 1300/2680/2400
f 1300/2680/2400 1301/2685/2402 1302/2520/2403
f 1302/2520/2403 1303/2518/2404 1300/2680/2400
f 1297/2519/2405 1303/2518/2404 1302/2520/2403
f 1303/2518/2404 1297/2519/2405 1282/2515/2406
f 1295/2522/2577 1282/2515/2406 1297/2519/2405
f 1295/2522/2577 1286/2523/2428 1282/2515/2406
f 1242/2533/2535 1286/2523/2428 1295/2522/2577
f 1282/2515/2406 1284/2517/2412 1303/2518/2404
f 1285/2514/2414 1289/2569/2418 1304/2570/2417
f 1304/2570/2417 1289/2569/2418 1292/2692/2416
f 1292/2692/2416 1305/2687/2408 1304/2570/2417
f 1283/2516/2413 1304/2570/2417 1305/2687/2408
f 1305/2687/2408 1306/2686/2407 1283/2516/2413
f 1284/2517/2412 1283/2516/2413 1306/2686/2407
f 1306/2686/2407 1307/2690/2411 1284/2517/2412
f 1303/2518/2404 1284/2517/2412 1307/2690/2411
f 1307/2690/2411 1300/2680/2400 1303/2518/2404
f 1285/2514/2414 1304/2570/2417 1283/2516/2413
f 1305/2687/2408 1292/2692/2416 1293/2691/2415
f 1293/2691/2415 1308/2688/2409 1305/2687/2408
f 1306/2686/2407 1305/2687/2408 1308/2688/2409
f 1308/2688/2409 1309/2689/2410 1306/2686/2407
f 1307/2690/2411 1306/2686/2407 1309/2689/2410
f 1309/2689/2410 1310/2678/2398 1307/2690/2411
f 1300/2680/2400 1307/2690/2411 1310/2678/2398
f 1310/2678/2398 1299/2679/2399 1300/2680/2400
f 1176/2885/2310 1293/2691/2415 1311/2694/2420
f 1293/2691/2415 1176/2885/2310 1175/2886/2311
f 1175/2886/2311 1308/2688/2409 1293/2691/2415
f 1308/2688/2409 1175/2886/2311 1173/2887/2260
f 1173/2887/2260 1309/2689/2410 1308/2688/2409
f 1309/2689/2410 1173/2887/2260 1172/2681/2261
f 1172/2681/2261 1310/2678/2398 1309/2689/2410
f 1310/2678/2398 1172/2681/2261 1170/2682/2262
f 1170/2682/2262 1299/2679/2399 1310/2678/2398
f 1299/2679/2399 1170/2682/2262 1169/2683/2264
f 1312/2697/2423 1313/2727/2480 1314/2721/2476
f 1314/2721/2476 1315/2723/2477 1312/2697/2423
f 1203/2722/2307 1315/2723/2477 1314/2721/2476
f 1315/2723/2477 1203/2722/2307 1179/2724/2308
f 1179/2724/2308 1316/2696/2422 1315/2723/2477
f 1316/2696/2422 1179/2724/2308 1178/2888/2309
f 1178/2888/2309 1311/2694/2420 1316/2696/2422
f 1311/2694/2420 1178/2888/2309 1176/2885/2310
f 1312/2697/2423 1315/2723/2477 1316/2696/2422
f 1317/2527/2427 1318/2566/2481 1319/2567/2424
f 1319/2567/2424 1318/2566/2481 1312/2697/2423
f 1312/2697/2423 1320/2695/2421 1319/2567/2424
f 1316/2696/2422 1320/2695/2421 1312/2697/2423
f 1320/2695/2421 1316/2696/2422 1311/2694/2420
f 1234/2540/2440 1321/2528/2431 1235/2539/2439
f 1235/2539/2439 1321/2528/2431 1294/2526/2430
f 1294/2526/2430 1321/2528/2431 1317/2527/2427
f 1294/2526/2430 1317/2527/2427 1288/2525/2425
f 1319/2567/2424 1288/2525/2425 1317/2527/2427
f 1288/2525/2425 1319/2567/2424 1290/2568/2426
f 1290/2568/2426 1319/2567/2424 1320/2695/2421
f 1320/2695/2421 1291/2693/2419 1290/2568/2426
f 1311/2694/2420 1291/2693/2419 1320/2695/2421
f 1291/2693/2419 1311/2694/2420 1293/2691/2415
f 1321/2528/2431 1234/2540/2440 1322/2541/2441
f 1323/2544/2698 1324/2545/2437 1325/2542/2433
f 1325/2542/2433 1326/2543/2442 1323/2544/2698
f 1326/2543/2442 1325/2542/2433 1322/2541/2441
f 1322/2541/2441 1325/2542/2433 1321/2528/2431
f 1321/2528/2431 1325/2542/2433 1327/2529/2710
f 1321/2528/2431 1327/2529/2710 1317/2527/2427
f 1328/2564/2482 1317/2527/2427 1327/2529/2710
f 1317/2527/2427 1328/2564/2482 1318/2566/2481
f 1318/2566/2481 1328/2564/2482 1313/2727/2480
f 1313/2727/2480 1312/2697/2423 1318/2566/2481
f 1327/2529/2710 1329/2565/2483 1328/2564/2482
f 1328/2564/2482 1329/2565/2483 1330/2726/2479
f 1330/2726/2479 1313/2727/2480 1328/2564/2482
f 1331/2725/2478 1330/2726/2479 1329/2565/2483
f 1329/2565/2483 1332/2556/2435 1331/2725/2478
f 1327/2529/2710 1332/2556/2435 1329/2565/2483
f 1332/2556/2435 1327/2529/2710 1333/2546/2434
f 1325/2542/2433 1333/2546/2434 1327/2529/2710
f 1325/2542/2433 1324/2545/2437 1333/2546/2434
f 1324/2545/2437 1334/2547/2456 1333/2546/2434
f 1324/2545/2437 1335/2548/2446 1334/2547/2456
f 1335/2548/2446 1336/2549/2457 1334/2547/2456
f 1335/2548/2446 1337/2550/2449 1336/2549/2457
f 1248/2577/2707 1296/2552/2452 1338/2576/2451
f 1338/2576/2451 1296/2552/2452 1337/2550/2449
f 1337/2550/2449 1339/2575/2450 1338/2576/2451
f 1339/2575/2450 1337/2550/2449 1340/2574/2448
f 1340/2574/2448 1337/2550/2449 1335/2548/2446
f 1335/2548/2446 1341/2573/2447 1340/2574/2448
f 1341/2573/2447 1335/2548/2446 1342/2572/2754
f 1342/2572/2754 1335/2548/2446 1324/2545/2437
f 1324/2545/2437 1343/2571/2699 1342/2572/2754
f 1343/2571/2699 1324/2545/2437 1323/2544/2698
f 1337/2550/2449 1344/2551/2458 1336/2549/2457
f 1337/2550/2449 1296/2552/2452 1344/2551/2458
f 1296/2552/2452 1297/2553/2405 1344/2551/2458
f 1345/2554/2572 1344/2551/2458 1297/2553/2405
f 1297/2553/2405 1302/2555/2403 1345/2554/2572
f 1345/2554/2572 1302/2555/2403 1301/2730/2402
f 1301/2730/2402 1346/2728/2573 1345/2554/2572
f 1346/2728/2573 1301/2730/2402 1298/2731/2401
f 1298/2731/2401 1347/2732/2575 1346/2728/2573
f 1196/2735/2296 1347/2732/2575 1298/2731/2401
f 1298/2731/2401 1169/2734/2264 1196/2735/2296
f 1348/2562/2459 1349/2563/2571 1350/2729/2574
f 1344/2551/2458 1349/2563/2571 1348/2562/2459
f 1344/2551/2458 1345/2554/2572 1349/2563/2571
f 1349/2563/2571 1345/2554/2572 1346/2728/2573
f 1346/2728/2573 1350/2729/2574 1349/2563/2571
f 1350/2729/2574 1346/2728/2573 1347/2732/2575
f 1347/2732/2575 1351/2733/2576 1350/2729/2574
f 1350/2729/2574 1351/2733/2576 1352/2708/2472
f 1347/2732/2575 1196/2735/2296 1202/2736/2304
f 1202/2736/2304 1351/2733/2576 1347/2732/2575
f 1351/2733/2576 1202/2736/2304 1201/2710/2303
f 1201/2710/2303 1352/2708/2472 1351/2733/2576
f 1352/2708/2472 1201/2710/2303 1200/2711/2302
f 1200/2711/2302 1353/2706/2470 1352/2708/2472
f 1353/2706/2470 1200/2711/2302 1199/2712/2301
f 1199/2712/2301 1354/2704/2468 1353/2706/2470
f 1354/2704/2468 1199/2712/2301 1198/2713/2300
f 1198/2713/2300 1355/2703/2467 1354/2704/2468
f 1356/2558/2454 1333/2546/2434 1334/2547/2456
f 1334/2547/2456 1357/2559/2462 1356/2558/2454
f 1334/2547/2456 1358/2560/2461 1357/2559/2462
f 1357/2559/2462 1358/2560/2461 1359/2705/2469
f 1360/2707/2471 1359/2705/2469 1358/2560/2461
f 1359/2705/2469 1360/2707/2471 1353/2706/2470
f 1352/2708/2472 1353/2706/2470 1360/2707/2471
f 1360/2707/2471 1361/2709/2473 1352/2708/2472
f 1352/2708/2472 1361/2709/2473 1350/2729/2574
f 1350/2729/2574 1361/2709/2473 1348/2562/2459
f 1356/2558/2454 1357/2559/2462 1362/2699/2463
f 1359/2705/2469 1362/2699/2463 1357/2559/2462
f 1353/2706/2470 1354/2704/2468 1359/2705/2469
f 1362/2699/2463 1359/2705/2469 1354/2704/2468
f 1354/2704/2468 1355/2703/2467 1362/2699/2463
f 1362/2699/2463 1355/2703/2467 1363/2700/2464
f 1363/2700/2464 1364/2698/2455 1362/2699/2463
f 1362/2699/2463 1364/2698/2455 1356/2558/2454
f 1365/2557/2436 1356/2558/2454 1364/2698/2455
f 1364/2698/2455 1366/2701/2465 1365/2557/2436
f 1366/2701/2465 1364/2698/2455 1363/2700/2464
f 1363/2700/2464 1367/2702/2466 1366/2701/2465
f 1368/2719/2475 1314/2721/2476 1313/2727/2480
f 1313/2727/2480 1330/2726/2479 1368/2719/2475
f 1369/2717/2474 1368/2719/2475 1330/2726/2479
f 1330/2726/2479 1331/2725/2478 1369/2717/2474
f 1367/2702/2466 1369/2717/2474 1331/2725/2478
f 1331/2725/2478 1366/2701/2465 1367/2702/2466
f 1366/2701/2465 1331/2725/2478 1332/2556/2435
f 1332/2556/2435 1365/2557/2436 1366/2701/2465
f 1333/2546/2434 1365/2557/2436 1332/2556/2435
f 1333/2546/2434 1356/2558/2454 1365/2557/2436
f 1355/2703/2467 1198/2713/2300 1197/2714/2299
f 1197/2714/2299 1363/2700/2464 1355/2703/2467
f 1363/2700/2464 1197/2714/2299 1207/2715/2298
f 1207/2715/2298 1367/2702/2466 1363/2700/2464
f 1367/2702/2466 1207/2715/2298 1206/2716/2297
f 1206/2716/2297 1369/2717/2474 1367/2702/2466
f 1369/2717/2474 1206/2716/2297 1205/2718/2306
f 1205/2718/2306 1368/2719/2475 1369/2717/2474
f 1368/2719/2475 1205/2718/2306 1204/2720/2305
f 1204/2720/2305 1314/2721/2476 1368/2719/2475
f 1314/2721/2476 1204/2720/2305 1203/2722/2307
f 1271/2599/2514 1370/2601/2513 1272/2607/2499
f 1272/2607/2499 1370/2601/2513 1371/2610/2755
f 1372/2603/2509 1371/2610/2755 1370/2601/2513
f 1371/2610/2755 1372/2603/2509 1373/2609/2507
f 1373/2609/2507 1272/2607/2499 1371/2610/2755
f 1372/2603/2509 1374/2602/2557 1375/2592/2556
f 1375/2592/2556 1376/2604/2555 1372/2603/2509
f 1372/2603/2509 1376/2604/2555 1377/2606/2508
f 1377/2606/2508 1373/2609/2507 1372/2603/2509
f 1378/2608/2506 1373/2609/2507 1377/2606/2508
f 1272/2607/2499 1373/2609/2507 1378/2608/2506
f 1378/2608/2506 1379/2618/2505 1272/2607/2499
f 1380/2593/2756 1381/2605/2757 1376/2604/2555
f 1377/2606/2508 1376/2604/2555 1381/2605/2757
f 1381/2605/2757 1218/2622/2744 1377/2606/2508
f 1220/2611/2510 1377/2606/2508 1218/2622/2744
f 1377/2606/2508 1220/2611/2510 1378/2608/2506
f 1217/2619/2504 1378/2608/2506 1220/2611/2510
f 1379/2618/2505 1378/2608/2506 1217/2619/2504
f 1217/2619/2504 1216/2617/2500 1379/2618/2505
f 1216/2617/2500 1272/2607/2499 1379/2618/2505
f 1215/2616/2495 1272/2607/2499 1216/2617/2500
f 1382/2635/2541 1342/2636/2754 1343/2634/2699
f 1343/2634/2699 1383/2594/2547 1382/2635/2541
f 1383/2594/2547 1343/2634/2699 1323/2633/2698
f 1323/2633/2698 1380/2593/2756 1383/2594/2547
f 1380/2593/2756 1323/2633/2698 1326/2632/2442
f 1326/2632/2442 1381/2605/2757 1380/2593/2756
f 1381/2605/2757 1326/2632/2442 1322/2631/2441
f 1322/2631/2441 1218/2622/2744 1381/2605/2757
f 1218/2622/2744 1322/2631/2441 1234/2630/2440
f 1234/2630/2440 1219/2623/2563 1218/2622/2744
f 1256/2640/2752 1384/2639/2758 1257/2581/2543
f 1385/2585/2544 1257/2581/2543 1384/2639/2758
f 1384/2639/2758 1386/2637/2540 1385/2585/2544
f 1387/2591/2545 1385/2585/2544 1386/2637/2540
f 1386/2637/2540 1382/2635/2541 1387/2591/2545
f 1388/2595/2546 1387/2591/2545 1382/2635/2541
f 1382/2635/2541 1383/2594/2547 1388/2595/2546
f 1375/2592/2556 1388/2595/2546 1383/2594/2547
f 1383/2594/2547 1380/2593/2756 1375/2592/2556
f 1376/2604/2555 1375/2592/2556 1380/2593/2756
f 1387/2591/2545 1388/2595/2546 1389/2596/2559
f 1389/2596/2559 1388/2595/2546 1375/2592/2556
f 1375/2592/2556 1374/2602/2557 1389/2596/2559
f 1390/2600/2712 1389/2596/2559 1374/2602/2557
f 1266/2584/2548 1259/2582/2549 1257/2581/2543
f 1257/2581/2543 1385/2585/2544 1266/2584/2548
f 1266/2584/2548 1385/2585/2544 1387/2591/2545
f 1387/2591/2545 1270/2597/2700 1266/2584/2548
f 1389/2596/2559 1270/2597/2700 1387/2591/2545
f 1271/2599/2514 1270/2597/2700 1389/2596/2559
f 1389/2596/2559 1390/2600/2712 1271/2599/2514
f 1390/2600/2712 1370/2601/2513 1271/2599/2514
f 1374/2602/2557 1370/2601/2513 1390/2600/2712
f 1370/2601/2513 1374/2602/2557 1372/2603/2509
f 806/2889/2663 786/2890/1096 1391/2891/1094
f 1392/2669/2485 1393/2613/2496 1394/2614/2488
f 1395/2616/2495 1393/2613/2496 1392/2669/2485
f 1392/2669/2485 1396/2668/2484 1395/2616/2495
f 1397/2599/2514 1398/2607/2499 1399/2587/2515
f 1399/2587/2515 1398/2607/2499 1400/2662/2497
f 1400/2662/2497 1398/2607/2499 1395/2616/2495
f 1400/2662/2497 1395/2616/2495 1401/2661/2494
f 1401/2661/2494 1395/2616/2495 1396/2668/2484
f 1402/2663/2486 1401/2661/2494 1396/2668/2484
f 1396/2668/2484 1392/2669/2485 1402/2663/2486
f 1402/2663/2486 1392/2669/2485 1403/2665/2487
f 1394/2614/2488 1403/2665/2487 1392/2669/2485
f 1403/2665/2487 1394/2614/2488 1404/2626/2693
f 1397/2599/2514 1405/2601/2513 1398/2607/2499
f 1401/2661/2494 1402/2663/2486 1406/2659/2702
f 1406/2659/2702 1407/2655/2493 1408/2653/2490
f 1409/2664/2489 1407/2655/2493 1406/2659/2702
f 1406/2659/2702 1402/2663/2486 1409/2664/2489
f 1403/2665/2487 1409/2664/2489 1402/2663/2486
f 1410/2666/2534 1411/2654/2709 1407/2655/2493
f 1407/2655/2493 1409/2664/2489 1410/2666/2534
f 1412/2667/2569 1410/2666/2534 1409/2664/2489
f 1409/2664/2489 1403/2665/2487 1412/2667/2569
f 1404/2626/2693 1412/2667/2569 1403/2665/2487
f 1413/2649/2529 1414/2673/2536 1415/2648/2537
f 1414/2673/2536 1413/2649/2529 1416/2652/2759
f 1416/2652/2759 1417/2674/2535 1414/2673/2536
f 1417/2674/2535 1416/2652/2759 1411/2654/2709
f 1411/2654/2709 1418/2675/2533 1417/2674/2535
f 1418/2675/2533 1411/2654/2709 1410/2666/2534
f 1410/2666/2534 1419/2676/2570 1418/2675/2533
f 1419/2676/2570 1410/2666/2534 1412/2667/2569
f 1412/2667/2569 1420/2677/2568 1419/2676/2570
f 1420/2677/2568 1412/2667/2569 1404/2626/2693
f 1404/2626/2693 1421/2627/2695 1420/2677/2568
f 1422/2625/2565 1404/2626/2693 1394/2614/2488
f 1421/2627/2695 1404/2626/2693 1422/2625/2565
f 1422/2625/2565 1423/2628/2438 1421/2627/2695
f 1423/2628/2438 1422/2625/2565 1424/2624/2564
f 1424/2624/2564 1425/2629/2439 1423/2628/2438
f 1425/2629/2439 1424/2624/2564 1426/2623/2563
f 1426/2623/2563 1427/2630/2440 1425/2629/2439
f 1427/2630/2440 1426/2623/2563 1428/2622/2744
f 1428/2622/2744 1429/2631/2441 1427/2630/2440
f 1429/2631/2441 1428/2622/2744 1430/2605/2561
f 1431/2606/2508 1432/2604/2555 1430/2605/2561
f 1430/2605/2561 1428/2622/2744 1431/2606/2508
f 1433/2611/2510 1431/2606/2508 1428/2622/2744
f 1428/2622/2744 1426/2623/2563 1433/2611/2510
f 1434/2620/2511 1433/2611/2510 1426/2623/2563
f 1426/2623/2563 1424/2624/2564 1434/2620/2511
f 1435/2621/2503 1434/2620/2511 1424/2624/2564
f 1424/2624/2564 1422/2625/2565 1435/2621/2503
f 1394/2614/2488 1435/2621/2503 1422/2625/2565
f 1436/2612/2502 1435/2621/2503 1394/2614/2488
f 1437/2603/2509 1432/2604/2555 1431/2606/2508
f 1438/2619/2504 1434/2620/2511 1435/2621/2503
f 1435/2621/2503 1436/2612/2502 1438/2619/2504
f 1439/2617/2500 1438/2619/2504 1436/2612/2502
f 1436/2612/2502 1440/2615/2501 1439/2617/2500
f 1438/2619/2504 1439/2617/2500 1441/2618/2505
f 1394/2614/2488 1393/2613/2496 1436/2612/2502
f 1440/2615/2501 1436/2612/2502 1393/2613/2496
f 1393/2613/2496 1395/2616/2495 1440/2615/2501
f 1395/2616/2495 1439/2617/2500 1440/2615/2501
f 1395/2616/2495 1398/2607/2499 1439/2617/2500
f 1439/2617/2500 1398/2607/2499 1441/2618/2505
f 1442/2608/2506 1441/2618/2505 1398/2607/2499
f 1441/2618/2505 1442/2608/2506 1438/2619/2504
f 1438/2619/2504 1442/2608/2506 1433/2611/2510
f 1433/2611/2510 1434/2620/2511 1438/2619/2504
f 1398/2607/2499 1443/2609/2507 1442/2608/2506
f 1443/2609/2507 1398/2607/2499 1444/2610/2755
f 1398/2607/2499 1405/2601/2513 1444/2610/2755
f 1437/2603/2509 1444/2610/2755 1405/2601/2513
f 1444/2610/2755 1437/2603/2509 1443/2609/2507
f 1431/2606/2508 1443/2609/2507 1437/2603/2509
f 1442/2608/2506 1443/2609/2507 1431/2606/2508
f 1431/2606/2508 1433/2611/2510 1442/2608/2506
f 1445/2597/2700 1397/2599/2514 1446/2598/2701
f 1397/2599/2514 1445/2597/2700 1447/2596/2559
f 1447/2596/2559 1448/2600/2712 1397/2599/2514
f 1448/2600/2712 1405/2601/2513 1397/2599/2514
f 1449/2602/2557 1405/2601/2513 1448/2600/2712
f 1405/2601/2513 1449/2602/2557 1437/2603/2509
f 1437/2603/2509 1449/2602/2557 1450/2592/2556
f 1450/2592/2556 1432/2604/2555 1437/2603/2509
f 1432/2604/2555 1450/2592/2556 1451/2593/2560
f 1451/2593/2560 1430/2605/2561 1432/2604/2555
f 1450/2592/2556 1449/2602/2557 1447/2596/2559
f 1448/2600/2712 1447/2596/2559 1449/2602/2557
f 1452/2594/2547 1451/2593/2560 1450/2592/2556
f 1450/2592/2556 1453/2595/2546 1452/2594/2547
f 1447/2596/2559 1453/2595/2546 1450/2592/2556
f 1454/2591/2545 1453/2595/2546 1447/2596/2559
f 1447/2596/2559 1445/2597/2700 1454/2591/2545
f 1454/2591/2545 1445/2597/2700 1455/2584/2548
f 1446/2598/2701 1455/2584/2548 1445/2597/2700
f 1455/2584/2548 1446/2598/2701 1456/2586/2552
f 1397/2599/2514 1456/2586/2552 1446/2598/2701
f 1397/2599/2514 1399/2587/2515 1456/2586/2552
f 1455/2584/2548 1457/2585/2544 1454/2591/2545
f 1458/2581/2543 1457/2585/2544 1455/2584/2548
f 1455/2584/2548 1459/2582/2549 1458/2581/2543
f 1456/2586/2552 1459/2582/2549 1455/2584/2548
f 1459/2582/2549 1456/2586/2552 1460/2583/2753
f 1456/2586/2552 1399/2587/2515 1460/2583/2753
f 1461/2578/2550 1460/2583/2753 1399/2587/2515
f 1399/2587/2515 1462/2588/2706 1461/2578/2550
f 1461/2578/2550 1462/2588/2706 1463/2580/2519
f 1463/2580/2519 1462/2588/2706 1464/2589/2518
f 1464/2589/2518 1465/2590/2521 1463/2580/2519
f 1463/2580/2519 1466/2579/2542 1461/2578/2550
f 1461/2578/2550 1466/2579/2542 1458/2581/2543
f 1458/2581/2543 1459/2582/2549 1461/2578/2550
f 1460/2583/2753 1461/2578/2550 1459/2582/2549
f 1467/2635/2541 1452/2594/2547 1453/2595/2546
f 1453/2595/2546 1454/2591/2545 1467/2635/2541
f 1468/2637/2540 1467/2635/2541 1454/2591/2545
f 1454/2591/2545 1457/2585/2544 1468/2637/2540
f 1469/2639/2539 1468/2637/2540 1457/2585/2544
f 1457/2585/2544 1458/2581/2543 1469/2639/2539
f 1470/2640/2538 1469/2639/2539 1458/2581/2543
f 1458/2581/2543 1466/2579/2542 1470/2640/2538
f 1471/2641/2708 1470/2640/2538 1466/2579/2542
f 1466/2579/2542 1463/2580/2519 1471/2641/2708
f 1469/2639/2539 1472/2642/2448 1473/2638/2447
f 1472/2642/2448 1469/2639/2539 1470/2640/2538
f 1470/2640/2538 1474/2643/2450 1472/2642/2448
f 1474/2643/2450 1470/2640/2538 1471/2641/2708
f 1471/2641/2708 1475/2644/2451 1474/2643/2450
f 1475/2644/2451 1471/2641/2708 1476/2645/2531
f 1476/2645/2531 1477/2646/2707 1475/2644/2451
f 1477/2646/2707 1476/2645/2531 1478/2647/2530
f 1478/2647/2530 1415/2648/2537 1477/2646/2707
f 1415/2648/2537 1478/2647/2530 1413/2649/2529
f 1476/2645/2531 1471/2641/2708 1463/2580/2519
f 1463/2580/2519 1465/2590/2521 1476/2645/2531
f 1478/2647/2530 1476/2645/2531 1465/2590/2521
f 1465/2590/2521 1479/2650/2522 1478/2647/2530
f 1413/2649/2529 1478/2647/2530 1479/2650/2522
f 1479/2650/2522 1480/2651/2704 1413/2649/2529
f 1416/2652/2759 1413/2649/2529 1480/2651/2704
f 1480/2651/2704 1408/2653/2490 1416/2652/2759
f 1411/2654/2709 1416/2652/2759 1408/2653/2490
f 1408/2653/2490 1407/2655/2493 1411/2654/2709
f 1479/2650/2522 1465/2590/2521 1464/2589/2518
f 1464/2589/2518 1481/2656/2523 1479/2650/2522
f 1480/2651/2704 1479/2650/2522 1481/2656/2523
f 1481/2656/2523 1482/2657/2525 1480/2651/2704
f 1408/2653/2490 1480/2651/2704 1482/2657/2525
f 1482/2657/2525 1483/2658/2705 1408/2653/2490
f 1408/2653/2490 1483/2658/2705 1406/2659/2702
f 1484/2660/2498 1406/2659/2702 1483/2658/2705
f 1406/2659/2702 1484/2660/2498 1401/2661/2494
f 1400/2662/2497 1401/2661/2494 1484/2660/2498
f 1483/2658/2705 1400/2662/2497 1484/2660/2498
f 1400/2662/2497 1483/2658/2705 1482/2657/2525
f 1482/2657/2525 1485/2670/2524 1400/2662/2497
f 1485/2670/2524 1482/2657/2525 1481/2656/2523
f 1481/2656/2523 1486/2671/2516 1485/2670/2524
f 1486/2671/2516 1481/2656/2523 1464/2589/2518
f 1464/2589/2518 1487/2672/2517 1486/2671/2516
f 1487/2672/2517 1464/2589/2518 1462/2588/2706
f 1462/2588/2706 1399/2587/2515 1487/2672/2517
f 1399/2587/2515 1486/2671/2516 1487/2672/2517
f 1399/2587/2515 1400/2662/2497 1486/2671/2516
f 1486/2671/2516 1400/2662/2497 1485/2670/2524
f 1488/2546/2434 1489/2557/2436 1490/2556/2435
f 1490/2556/2435 1491/2529/2710 1488/2546/2434
f 1491/2529/2710 1490/2556/2435 1492/2565/2483
f 1491/2529/2710 1492/2565/2483 1493/2564/2482
f 1493/2564/2482 1494/2527/2427 1491/2529/2710
f 1494/2527/2427 1493/2564/2482 1495/2566/2481
f 1494/2527/2427 1495/2566/2481 1496/2567/2424
f 1496/2567/2424 1497/2525/2425 1494/2527/2427
f 1497/2525/2425 1496/2567/2424 1498/2568/2426
f 1497/2525/2425 1498/2568/2426 1499/2569/2418
f 1500/2542/2433 1488/2546/2434 1491/2529/2710
f 1501/2528/2431 1500/2542/2433 1491/2529/2710
f 1501/2528/2431 1491/2529/2710 1494/2527/2427
f 1502/2526/2430 1501/2528/2431 1494/2527/2427
f 1502/2526/2430 1494/2527/2427 1497/2525/2425
f 1503/2524/2429 1502/2526/2430 1497/2525/2425
f 1503/2524/2429 1497/2525/2425 1504/2514/2414
f 1505/2523/2428 1503/2524/2429 1504/2514/2414
f 1505/2523/2428 1504/2514/2414 1506/2515/2406
f 1507/2522/2577 1505/2523/2428 1506/2515/2406
f 1507/2522/2577 1506/2515/2406 1508/2519/2405
f 1509/2521/2452 1507/2522/2577 1508/2519/2405
f 1503/2524/2429 1420/2536/2568 1421/2537/2695
f 1420/2536/2568 1503/2524/2429 1419/2535/2570
f 1419/2535/2570 1503/2524/2429 1505/2523/2428
f 1505/2523/2428 1418/2534/2533 1419/2535/2570
f 1418/2534/2533 1505/2523/2428 1417/2533/2535
f 1417/2533/2535 1505/2523/2428 1507/2522/2577
f 1507/2522/2577 1414/2532/2536 1417/2533/2535
f 1414/2532/2536 1507/2522/2577 1415/2530/2537
f 1415/2530/2537 1507/2522/2577 1509/2521/2452
f 1509/2521/2452 1477/2531/2707 1415/2530/2537
f 1499/2569/2418 1504/2514/2414 1497/2525/2425
f 1504/2514/2414 1499/2569/2418 1510/2570/2417
f 1504/2514/2414 1510/2570/2417 1511/2516/2413
f 1511/2516/2413 1506/2515/2406 1504/2514/2414
f 1506/2515/2406 1511/2516/2413 1512/2517/2412
f 1506/2515/2406 1512/2517/2412 1513/2518/2404
f 1513/2518/2404 1508/2519/2405 1506/2515/2406
f 1508/2519/2405 1513/2518/2404 1514/2520/2403
f 1515/2544/2443 1516/2545/2437 1500/2542/2433
f 1500/2542/2433 1517/2543/2442 1515/2544/2443
f 1517/2543/2442 1500/2542/2433 1429/2541/2441
f 1429/2541/2441 1500/2542/2433 1501/2528/2431
f 1501/2528/2431 1427/2540/2440 1429/2541/2441
f 1427/2540/2440 1501/2528/2431 1425/2539/2439
f 1425/2539/2439 1501/2528/2431 1502/2526/2430
f 1502/2526/2430 1423/2538/2438 1425/2539/2439
f 1423/2538/2438 1502/2526/2430 1421/2537/2695
f 1421/2537/2695 1502/2526/2430 1503/2524/2429
f 1508/2553/2405 1514/2555/2403 1518/2554/2572
f 1518/2554/2572 1519/2551/2458 1508/2553/2405
f 1509/2552/2452 1508/2553/2405 1519/2551/2458
f 1520/2550/2449 1509/2552/2452 1519/2551/2458
f 1520/2550/2449 1519/2551/2458 1521/2549/2457
f 1522/2548/2446 1520/2550/2449 1521/2549/2457
f 1522/2548/2446 1521/2549/2457 1523/2547/2456
f 1516/2545/2437 1522/2548/2446 1523/2547/2456
f 1516/2545/2437 1523/2547/2456 1488/2546/2434
f 1500/2542/2433 1516/2545/2437 1488/2546/2434
f 1519/2551/2458 1518/2554/2572 1524/2563/2571
f 1519/2551/2458 1524/2563/2571 1525/2562/2459
f 1525/2562/2459 1521/2549/2457 1519/2551/2458
f 1521/2549/2457 1525/2562/2459 1526/2561/2460
f 1521/2549/2457 1526/2561/2460 1527/2560/2461
f 1527/2560/2461 1523/2547/2456 1521/2549/2457
f 1523/2547/2456 1527/2560/2461 1528/2559/2462
f 1523/2547/2456 1528/2559/2462 1529/2558/2454
f 1529/2558/2454 1488/2546/2434 1523/2547/2456
f 1488/2546/2434 1529/2558/2454 1489/2557/2436
f 1530/2599/2339 1531/2586/2326 1532/2587/2327
f 1530/2599/2339 1532/2587/2327 1533/2607/2347
f 1532/2587/2327 1534/2662/2387 1533/2607/2347
f 1535/2657/2382 1536/2658/2713 1534/2662/2387
f 1537/2660/2385 1534/2662/2387 1536/2658/2713
f 1534/2662/2387 1538/2661/2386 1539/2616/2356
f 1534/2662/2387 1537/2660/2385 1538/2661/2386
f 1538/2661/2386 1537/2660/2385 1540/2659/2384
f 1536/2658/2713 1540/2659/2384 1537/2660/2385
f 1540/2659/2384 1536/2658/2713 1541/2653/2378
f 1541/2653/2378 1536/2658/2713 1535/2657/2382
f 1535/2657/2382 1542/2651/2376 1541/2653/2378
f 1542/2651/2376 1535/2657/2382 1543/2656/2381
f 1543/2656/2381 1544/2650/2375 1542/2651/2376
f 1544/2650/2375 1543/2656/2381 1545/2589/2329
f 1546/2615/2355 1539/2616/2356 1547/2613/2353
f 1548/2669/2394 1547/2613/2353 1539/2616/2356
f 1539/2616/2356 1549/2668/2393 1548/2669/2394
f 1538/2661/2386 1549/2668/2393 1539/2616/2356
f 1549/2668/2393 1538/2661/2386 1550/2663/2388
f 1540/2659/2384 1550/2663/2388 1538/2661/2386
f 1551/2664/2389 1550/2663/2388 1540/2659/2384
f 1540/2659/2384 1552/2655/2380 1551/2664/2389
f 1541/2653/2378 1552/2655/2380 1540/2659/2384
f 1550/2663/2388 1548/2669/2394 1549/2668/2393
f 1550/2663/2388 1551/2664/2389 1553/2665/2390
f 1553/2665/2390 1548/2669/2394 1550/2663/2388
f 1548/2669/2394 1553/2665/2390 1554/2614/2354
f 1554/2614/2354 1547/2613/2353 1548/2669/2394
f 1555/2612/2352 1547/2613/2353 1554/2614/2354
f 1547/2613/2353 1555/2612/2352 1546/2615/2355
f 1556/2617/2357 1546/2615/2355 1555/2612/2352
f 1539/2616/2356 1546/2615/2355 1556/2617/2357
f 1539/2616/2356 1556/2617/2357 1533/2607/2347
f 1534/2662/2387 1539/2616/2356 1533/2607/2347
f 1557/2608/2348 1558/2609/2349 1533/2607/2347
f 1533/2607/2347 1559/2618/2358 1557/2608/2348
f 1556/2617/2357 1559/2618/2358 1533/2607/2347
f 1559/2618/2358 1556/2617/2357 1560/2619/2359
f 1555/2612/2352 1560/2619/2359 1556/2617/2357
f 1560/2619/2359 1555/2612/2352 1561/2621/2361
f 1554/2614/2354 1561/2621/2361 1555/2612/2352
f 1562/2625/2365 1561/2621/2361 1554/2614/2354
f 1554/2614/2354 1563/2626/2366 1562/2625/2365
f 1563/2626/2366 1554/2614/2354 1553/2665/2390
f 1560/2619/2359 1557/2608/2348 1559/2618/2358
f 1558/2609/2349 1564/2603/2343 1565/2610/2350
f 1564/2603/2343 1558/2609/2349 1566/2606/2346
f 1566/2606/2346 1558/2609/2349 1557/2608/2348
f 1557/2608/2348 1567/2611/2351 1566/2606/2346
f 1567/2611/2351 1557/2608/2348 1560/2619/2359
f 1560/2619/2359 1568/2620/2360 1567/2611/2351
f 1561/2621/2361 1568/2620/2360 1560/2619/2359
f 1569/2624/2364 1568/2620/2360 1561/2621/2361
f 1561/2621/2361 1562/2625/2365 1569/2624/2364
f 1569/2624/2364 1562/2625/2365 1570/2628/2282
f 1571/2605/2345 1572/2604/2344 1566/2606/2346
f 1566/2606/2346 1573/2622/2362 1571/2605/2345
f 1573/2622/2362 1566/2606/2346 1567/2611/2351
f 1567/2611/2351 1574/2623/2363 1573/2622/2362
f 1574/2623/2363 1567/2611/2351 1568/2620/2360
f 1568/2620/2360 1569/2624/2364 1574/2623/2363
f 1575/2632/2287 1576/2633/2288 1577/2593/2333
f 1577/2593/2333 1571/2605/2345 1575/2632/2287
f 1578/2631/2285 1575/2632/2287 1571/2605/2345
f 1571/2605/2345 1573/2622/2362 1578/2631/2285
f 1579/2630/2284 1578/2631/2285 1573/2622/2362
f 1573/2622/2362 1574/2623/2363 1579/2630/2284
f 1580/2629/2283 1579/2630/2284 1574/2623/2363
f 1574/2623/2363 1569/2624/2364 1580/2629/2283
f 1570/2628/2282 1580/2629/2283 1569/2624/2364
f 1581/2585/2325 1582/2637/2717 1583/2639/2369
f 1582/2637/2717 1581/2585/2325 1584/2591/2331
f 1584/2591/2331 1585/2635/2720 1582/2637/2717
f 1585/2635/2720 1584/2591/2331 1586/2595/2335
f 1586/2595/2335 1587/2594/2334 1585/2635/2720
f 1587/2594/2334 1586/2595/2335 1588/2592/2332
f 1588/2592/2332 1577/2593/2333 1587/2594/2334
f 1577/2593/2333 1588/2592/2332 1572/2604/2344
f 1572/2604/2344 1571/2605/2345 1577/2593/2333
f 1588/2592/2332 1586/2595/2335 1589/2596/2336
f 1589/2596/2336 1586/2595/2335 1584/2591/2331
f 1590/2642/2315 1591/2643/2316 1592/2640/2370
f 1592/2640/2370 1583/2639/2369 1590/2642/2315
f 1593/2638/2314 1590/2642/2315 1583/2639/2369
f 1583/2639/2369 1582/2637/2717 1593/2638/2314
f 1594/2636/2716 1593/2638/2314 1582/2637/2717
f 1582/2637/2717 1585/2635/2720 1594/2636/2716
f 1595/2634/2312 1594/2636/2716 1585/2635/2720
f 1585/2635/2720 1587/2594/2334 1595/2634/2312
f 1576/2633/2288 1595/2634/2312 1587/2594/2334
f 1587/2594/2334 1577/2593/2333 1576/2633/2288
f 1544/2650/2375 1596/2647/2373 1597/2649/2374
f 1596/2647/2373 1544/2650/2375 1598/2590/2330
f 1598/2590/2330 1599/2645/2372 1596/2647/2373
f 1599/2645/2372 1598/2590/2330 1600/2580/2320
f 1600/2580/2320 1601/2641/2371 1599/2645/2372
f 1601/2641/2371 1600/2580/2320 1602/2579/2319
f 1602/2579/2319 1592/2640/2370 1601/2641/2371
f 1592/2640/2370 1602/2579/2319 1603/2581/2321
f 1603/2581/2321 1583/2639/2369 1592/2640/2370
f 1583/2639/2369 1603/2581/2321 1581/2585/2325
f 1604/2582/2322 1605/2578/2318 1606/2583/2760
f 1605/2578/2318 1604/2582/2322 1603/2581/2321
f 1603/2581/2321 1602/2579/2319 1605/2578/2318
f 1605/2578/2318 1602/2579/2319 1600/2580/2320
f 1545/2589/2329 1598/2590/2330 1544/2650/2375
f 1600/2580/2320 1598/2590/2330 1545/2589/2329
f 1545/2589/2329 1607/2588/2328 1600/2580/2320
f 1600/2580/2320 1607/2588/2328 1605/2578/2318
f 1605/2578/2318 1607/2588/2328 1532/2587/2327
f 1532/2587/2327 1606/2583/2760 1605/2578/2318
f 1531/2586/2326 1606/2583/2760 1532/2587/2327
f 1606/2583/2760 1531/2586/2326 1604/2582/2322
f 1608/2584/2324 1604/2582/2322 1531/2586/2326
f 1603/2581/2321 1604/2582/2322 1608/2584/2324
f 1608/2584/2324 1581/2585/2325 1603/2581/2321
f 1584/2591/2331 1581/2585/2325 1608/2584/2324
f 1608/2584/2324 1609/2597/2721 1584/2591/2331
f 1584/2591/2331 1609/2597/2721 1589/2596/2336
f 1589/2596/2336 1609/2597/2721 1530/2599/2339
f 1610/2598/2722 1530/2599/2339 1609/2597/2721
f 1530/2599/2339 1610/2598/2722 1531/2586/2326
f 1531/2586/2326 1610/2598/2722 1608/2584/2324
f 1609/2597/2721 1608/2584/2324 1610/2598/2722
f 1566/2606/2346 1572/2604/2344 1564/2603/2343
f 1564/2603/2343 1572/2604/2344 1588/2592/2332
f 1588/2592/2332 1611/2602/2342 1564/2603/2343
f 1589/2596/2336 1611/2602/2342 1588/2592/2332
f 1611/2602/2342 1589/2596/2336 1612/2600/2723
f 1530/2599/2339 1612/2600/2723 1589/2596/2336
f 1612/2600/2723 1530/2599/2339 1613/2601/2341
f 1530/2599/2339 1533/2607/2347 1613/2601/2341
f 1533/2607/2347 1565/2610/2350 1613/2601/2341
f 1565/2610/2350 1533/2607/2347 1558/2609/2349
f 1612/2600/2723 1613/2601/2341 1611/2602/2342
f 1564/2603/2343 1611/2602/2342 1613/2601/2341
f 1613/2601/2341 1565/2610/2350 1564/2603/2343
f 1614/2892/2761 1615/2893/2762 1616/2894/2763
f 1616/2894/2763 1617/2895/2764 1614/2892/2761
f 1618/2896/2761 1614/2897/2761 1617/2898/2764
f 1617/2898/2764 1619/2899/2764 1618/2896/2761
f 1620/2900/2765 1618/2896/2761 1619/2899/2764
f 1619/2899/2764 1621/2901/2766 1620/2900/2765
f 1622/2902/2767 1620/2903/2765 1621/2904/2766
f 1621/2904/2766 1623/2905/2768 1622/2902/2767
f 1624/2906/2769 1622/2902/2767 1623/2905/2768
f 1623/2905/2768 1625/2907/2770 1624/2906/2769
f 1625/2908/2770 1626/2909/2771 1627/2910/2772
f 1627/2910/2772 1628/2911/2773 1625/2908/2770
f 1628/2911/2773 1627/2910/2772 1629/2912/2774
f 1629/2912/2774 1630/2913/2775 1628/2911/2773
f 1623/2914/2768 1631/2915/2776 1626/2909/2771
f 1626/2909/2771 1625/2908/2770 1623/2914/2768
f 1621/2916/2766 1632/2917/2777 1631/2915/2776
f 1631/2915/2776 1623/2914/2768 1621/2916/2766
f 1619/2918/2764 1633/2919/2778 1632/2920/2777
f 1632/2920/2777 1621/2921/2766 1619/2918/2764
f 1617/2922/2764 1634/2923/2778 1633/2919/2778
f 1633/2919/2778 1619/2918/2764 1617/2922/2764
f 1616/2924/2763 1635/2925/2779 1634/2926/2778
f 1634/2926/2778 1617/2927/2764 1616/2924/2763
f 1636/2928/2780 1637/2929/2781 1638/2930/2782
f 1638/2930/2782 1639/2931/2783 1636/2928/2780
f 1639/2931/2783 1638/2930/2782 1640/2932/2784
f 1640/2932/2784 1641/2933/2785 1639/2931/2783
f 1641/2933/2785 1640/2932/2784 1642/2934/2786
f 1642/2934/2786 1643/2935/2787 1641/2933/2785
f 1643/2935/2787 1642/2934/2786 1644/2936/2788
f 1644/2936/2788 1645/2937/2789 1643/2935/2787
f 1645/2937/2789 1644/2936/2788 1635/2938/2779
f 1635/2938/2779 1616/2939/2763 1645/2937/2789
f 1646/2940/2790 1647/2941/2791 1624/2942/2769
f 1624/2942/2769 1648/2943/2792 1646/2940/2790
f 1649/2944/2793 1646/2940/2790 1648/2943/2792
f 1648/2943/2792 1650/2945/2794 1649/2944/2793
f 1391/2891/1094 1651/2946/2795 806/2889/2663
f 1647/2941/2791 1652/2947/2796 1622/2948/2767
f 1622/2948/2767 1624/2942/2769 1647/2941/2791
f 1652/2947/2796 1653/2949/2797 1620/2950/2765
f 1620/2950/2765 1622/2948/2767 1652/2947/2796
f 1654/2951/2798 1618/2952/2761 1620/2953/2765
f 1620/2953/2765 1653/2954/2797 1654/2951/2798
f 1655/2955/2798 1614/2956/2761 1618/2952/2761
f 1618/2952/2761 1654/2951/2798 1655/2955/2798
f 1656/2957/2799 1615/2958/2762 1614/2959/2761
f 1614/2959/2761 1655/2960/2798 1656/2957/2799
f 1657/2961/2800 1658/2962/2801 1659/2963/2802
f 1659/2963/2802 1660/2964/2803 1657/2961/2800
f 1660/2964/2803 1659/2963/2802 1661/2965/2804
f 1661/2965/2804 1662/2966/2805 1660/2964/2803
f 1662/2966/2805 1661/2965/2804 1663/2967/2806
f 1663/2967/2806 1664/2968/2807 1662/2966/2805
f 1664/2968/2807 1663/2967/2806 1665/2969/2808
f 1665/2969/2808 1666/2970/2809 1664/2968/2807
f 1666/2970/2809 1665/2969/2808 1615/2971/2762
f 1615/2971/2762 1656/2972/2799 1666/2970/2809
f 1658/2973/2801 1657/2974/2800 1637/2975/2781
f 1637/2975/2781 1636/2976/2780 1658/2973/2801
f 1656/2977/2799 1635/2978/2779 1644/2979/2788
f 1644/2979/2788 1666/2980/2809 1656/2977/2799
f 1666/2980/2809 1644/2979/2788 1642/2981/2786
f 1642/2981/2786 1664/2982/2807 1666/2980/2809
f 1664/2982/2807 1642/2981/2786 1640/2983/2784
f 1640/2983/2784 1662/2984/2805 1664/2982/2807
f 1662/2984/2805 1640/2983/2784 1638/2985/2782
f 1638/2985/2782 1660/2986/2803 1662/2984/2805
f 1660/2986/2803 1638/2985/2782 1637/2987/2781
f 1637/2987/2781 1657/2988/2800 1660/2986/2803
f 1655/2892/2798 1634/2895/2778 1635/2894/2779
f 1635/2894/2779 1656/2893/2799 1655/2892/2798
f 1654/2896/2798 1633/2899/2778 1634/2898/2778
f 1634/2898/2778 1655/2897/2798 1654/2896/2798
f 1653/2900/2797 1632/2901/2777 1633/2899/2778
f 1633/2899/2778 1654/2896/2798 1653/2900/2797
f 1652/2902/2796 1631/2905/2776 1632/2904/2777
f 1632/2904/2777 1653/2903/2797 1652/2902/2796
f 1647/2906/2791 1626/2907/2771 1631/2905/2776
f 1631/2905/2776 1652/2902/2796 1647/2906/2791
f 1649/2989/2793 1629/2990/2774 1627/2991/2772
f 1627/2991/2772 1646/2992/2790 1649/2989/2793
f 1646/2992/2790 1627/2991/2772 1626/2907/2771
f 1626/2907/2771 1647/2906/2791 1646/2992/2790
f 1667/2977/2810 1668/2978/2811 1669/2979/2812
f 1669/2979/2812 1670/2980/2813 1667/2977/2810
f 1670/2980/2813 1669/2979/2812 1671/2981/2814
f 1671/2981/2814 1672/2982/2815 1670/2980/2813
f 1672/2982/2815 1671/2981/2814 1673/2983/2816
f 1673/2983/2816 1674/2984/2817 1672/2982/2815
f 1674/2984/2817 1673/2983/2816 1675/2985/2818
f 1675/2985/2818 1676/2986/2819 1674/2984/2817
f 1676/2986/2819 1675/2985/2818 1677/2987/2820
f 1677/2987/2820 1678/2988/2821 1676/2986/2819
f 1679/2892/2798 1680/2895/2822 1668/2894/2811
f 1668/2894/2811 1667/2893/2810 1679/2892/2798
f 1681/2896/2798 1682/2899/2822 1680/2898/2822
f 1680/2898/2822 1679/2897/2798 1681/2896/2798
f 1683/2900/2823 1684/2901/2824 1682/2899/2822
f 1682/2899/2822 1681/2896/2798 1683/2900/2823
f 1685/2902/2825 1686/2905/2826 1684/2904/2824
f 1684/2904/2824 1683/2903/2823 1685/2902/2825
f 1687/2906/2827 1688/2907/2828 1686/2905/2826
f 1686/2905/2826 1685/2902/2825 1687/2906/2827
f 1689/2989/2829 1690/2990/2830 1691/2991/2831
f 1691/2991/2831 1692/2992/2832 1689/2989/2829
f 1692/2992/2832 1691/2991/2831 1688/2907/2828
f 1688/2907/2828 1687/2906/2827 1692/2992/2832
f 1686/2914/2826 1688/2908/2828 1693/2909/2833
f 1693/2909/2833 1694/2915/2834 1686/2914/2826
f 1684/2916/2824 1686/2914/2826 1694/2915/2834
f 1694/2915/2834 1695/2917/2835 1684/2916/2824
f 1682/2918/2822 1684/2921/2824 1695/2920/2835
f 1695/2920/2835 1696/2919/2836 1682/2918/2822
f 1680/2922/2822 1682/2918/2822 1696/2919/2836
f 1696/2919/2836 1697/2923/2836 1680/2922/2822
f 1668/2924/2811 1680/2927/2822 1697/2926/2836
f 1697/2926/2836 1698/2925/2837 1668/2924/2811
f 1699/2944/2838 1689/2945/2829 1692/2943/2832
f 1692/2943/2832 1700/2940/2839 1699/2944/2838
f 1700/2940/2839 1692/2943/2832 1687/2942/2827
f 1687/2942/2827 1701/2941/2840 1700/2940/2839
f 1701/2941/2840 1687/2942/2827 1685/2948/2825
f 1685/2948/2825 1702/2947/2841 1701/2941/2840
f 1702/2947/2841 1685/2948/2825 1683/2950/2823
f 1683/2950/2823 1703/2949/2842 1702/2947/2841
f 1704/2951/2761 1703/2954/2842 1683/2953/2823
f 1683/2953/2823 1681/2952/2798 1704/2951/2761
f 1705/2955/2761 1704/2951/2761 1681/2952/2798
f 1681/2952/2798 1679/2956/2798 1705/2955/2761
f 1706/2957/2843 1705/2960/2761 1679/2959/2798
f 1679/2959/2798 1667/2958/2810 1706/2957/2843
f 1678/2973/2821 1677/2976/2820 1707/2975/2844
f 1707/2975/2844 1708/2974/2845 1678/2973/2821
f 1705/2892/2761 1706/2893/2843 1698/2894/2837
f 1698/2894/2837 1697/2895/2836 1705/2892/2761
f 1704/2896/2761 1705/2897/2761 1697/2898/2836
f 1697/2898/2836 1696/2899/2836 1704/2896/2761
f 1703/2900/2842 1704/2896/2761 1696/2899/2836
f 1696/2899/2836 1695/2901/2835 1703/2900/2842
f 1702/2902/2841 1703/2903/2842 1695/2904/2835
f 1695/2904/2835 1694/2905/2834 1702/2902/2841
f 1701/2906/2840 1702/2902/2841 1694/2905/2834
f 1694/2905/2834 1693/2907/2833 1701/2906/2840
f 1709/2993/2846 1710/2994/2847 1711/2995/2848
f 1711/2995/2848 1712/2996/2849 1709/2993/2846
f 1713/2997/2850 1709/2993/2846 1712/2996/2849
f 1712/2996/2849 1714/2998/2851 1713/2997/2850
f 1715/2999/2852 1713/2997/2850 1714/2998/2851
f 1714/2998/2851 1716/3000/2853 1715/2999/2852
f 1717/3001/2854 1715/2999/2852 1716/3000/2853
f 1716/3000/2853 1718/3002/2855 1717/3001/2854
f 1719/3003/2856 1717/3001/2854 1718/3002/2855
f 1718/3002/2855 1720/3004/2857 1719/3003/2856
f 1710/3005/2847 1719/3003/2856 1720/3004/2857
f 1720/3004/2857 1711/3006/2848 1710/3005/2847
f 1209/3007/2743 813/3008/2667 1651/3009/2795
f 1721/3010/2858 1722/3011/2859 1723/3012/2860
f 1723/3012/2860 1724/3013/2861 1721/3010/2858
f 1724/3013/2861 1723/3012/2860 1725/3014/2862
f 1726/3015/2863 1727/3016/2864 1722/3011/2859
f 1722/3011/2859 1721/3010/2858 1726/3015/2863
f 1728/3017/2865 1726/3015/2863 1721/3010/2858
f 1721/3010/2858 1729/3018/2866 1728/3017/2865
f 1729/3018/2866 1721/3010/2858 1724/3013/2861
f 1724/3013/2861 1730/3019/2867 1729/3018/2866
f 1730/3019/2867 1724/3013/2861 1731/3020/2868
f 1725/3014/2862 1731/3020/2868 1724/3013/2861
f 1731/3020/2868 1725/3014/2862 1732/3021/2869
f 1733/3022/2870 1734/3023/2871 1727/3016/2864
f 1727/3016/2864 1726/3015/2863 1733/3022/2870
f 1735/3024/2872 1733/3022/2870 1726/3015/2863
f 1726/3015/2863 1728/3017/2865 1735/3024/2872
f 1736/3025/2873 1735/3024/2872 1728/3017/2865
f 1728/3017/2865 1737/3026/2874 1736/3025/2873
f 1737/3026/2874 1728/3017/2865 1729/3018/2866
f 1729/3018/2866 1738/3027/2875 1737/3026/2874
f 1738/3027/2875 1729/3018/2866 1730/3019/2867
f 1730/3019/2867 1739/3028/2876 1738/3027/2875
f 1739/3028/2876 1730/3019/2867 1740/3029/2877
f 1731/3020/2868 1740/3029/2877 1730/3019/2867
f 1740/3029/2877 1731/3020/2868 1741/3030/2878
f 1732/3021/2869 1741/3030/2878 1731/3020/2868
f 1741/3030/2878 1732/3021/2869 1734/3031/2871
f 1734/3031/2871 1733/3032/2870 1741/3030/2878
f 1742/3033/2879 1741/3030/2878 1733/3032/2870
f 1741/3030/2878 1742/3033/2879 1740/3029/2877
f 1743/3034/2880 1740/3029/2877 1742/3033/2879
f 1740/3029/2877 1743/3034/2880 1739/3028/2876
f 1733/3032/2870 1735/3035/2872 1742/3033/2879
f 1744/3036/2881 1742/3033/2879 1735/3035/2872
f 1742/3033/2879 1744/3036/2881 1743/3034/2880
f 1735/3035/2872 1736/3037/2873 1744/3036/2881
f 1745/3038/2882 1746/3039/2883 1747/3040/2884
f 1747/3040/2884 1748/3041/2885 1745/3038/2882
f 1748/3041/2885 1747/3040/2884 1749/3042/2886
f 1749/3042/2886 1750/3043/2887 1748/3041/2885
f 1750/3043/2887 1749/3042/2886 1751/3044/2888
f 1751/3044/2888 1752/3045/2889 1750/3043/2887
f 1752/3045/2889 1751/3044/2888 1753/3046/2890
f 1754/2979/2891 1755/3047/2892 1746/3039/2883
f 1746/3039/2883 1745/3038/2882 1754/2979/2891
f 1734/3048/2871 1754/2979/2891 1745/3038/2882
f 1745/3038/2882 1727/3049/2864 1734/3048/2871
f 1727/3049/2864 1745/3038/2882 1748/3041/2885
f 1748/3041/2885 1722/3050/2859 1727/3049/2864
f 1722/3050/2859 1748/3041/2885 1750/3043/2887
f 1750/3043/2887 1723/3051/2860 1722/3050/2859
f 1723/3051/2860 1750/3043/2887 1752/3045/2889
f 1752/3045/2889 1725/3052/2862 1723/3051/2860
f 1725/3052/2862 1752/3045/2889 1756/3053/2893
f 1753/3046/2890 1756/3053/2893 1752/3045/2889
f 1756/3053/2893 1753/3046/2890 1755/3054/2892
f 1755/3054/2892 1754/3055/2891 1756/3053/2893
f 1732/3056/2869 1756/3053/2893 1754/3055/2891
f 1756/3053/2893 1732/3056/2869 1725/3052/2862
f 1754/3055/2891 1734/3057/2871 1732/3056/2869
f 813/3008/2667 806/3058/2663 1651/3009/2795
f 1757/3059/2894 1758/3060/2895 1759/3061/2896
f 1758/3060/2895 1757/3059/2894 1760/3062/2897
f 1761/3063/2898 1760/3062/2897 1757/3059/2894
f 1760/3062/2897 1761/3063/2898 1762/3064/2899
f 1763/3065/2900 1764/3066/2901 1765/3067/2902
f 1766/3068/2903 1765/3067/2902 1764/3066/2901
f 1765/3067/2902 1766/3068/2903 1767/3069/2904
f 1768/3070/2905 1767/3069/2904 1766/3068/2903
f 1767/3069/2904 1768/3070/2905 1759/3061/2896
f 1769/3071/2906 1759/3061/2896 1768/3070/2905
f 1759/3061/2896 1769/3071/2906 1757/3059/2894
f 1770/3072/2907 1757/3059/2894 1769/3071/2906
f 1757/3059/2894 1770/3072/2907 1761/3063/2898
f 1764/3066/2901 1771/3073/2908 1766/3068/2903
f 1772/3074/2909 1766/3068/2903 1771/3073/2908
f 1766/3068/2903 1772/3074/2909 1768/3070/2905
f 1773/3075/2910 1768/3070/2905 1772/3074/2909
f 1768/3070/2905 1773/3075/2910 1769/3071/2906
f 1774/3076/2911 1769/3071/2906 1773/3075/2910
f 1769/3071/2906 1774/3076/2911 1770/3072/2907
f 1771/3073/2908 1775/3077/2912 1772/3074/2909
f 1776/3078/2913 1772/3074/2909 1775/3077/2912
f 1772/3074/2909 1776/3078/2913 1773/3075/2910
f 1777/3079/2914 1773/3075/2910 1776/3078/2913
f 1773/3075/2910 1777/3079/2914 1774/3076/2911
f 1775/3077/2912 1778/3080/2915 1776/3078/2913
f 1779/3081/2916 1776/3078/2913 1778/3080/2915
f 1776/3078/2913 1779/3081/2916 1777/3079/2914
f 1778/3080/2915 1762/3082/2899 1779/3081/2916
f 1209/3007/2743 1208/3083/2742 813/3008/2667
f 1780/3084/2917 1719/3085/2856 1710/3086/2847
f 1710/3086/2847 1781/3087/2918 1780/3084/2917
f 1782/3088/2919 1780/3084/2917 1781/3087/2918
f 1781/3087/2918 1763/3065/2900 1782/3088/2919
f 1765/3067/2902 1782/3088/2919 1763/3065/2900
f 1782/3088/2919 1765/3067/2902 1783/3089/2920
f 1767/3069/2904 1783/3089/2920 1765/3067/2902
f 1783/3089/2920 1767/3069/2904 1784/3090/2921
f 1759/3061/2896 1784/3090/2921 1767/3069/2904
f 1784/3090/2921 1759/3061/2896 1758/3060/2895
f 1762/3064/2899 1778/3091/2915 1760/3062/2897
f 1785/3092/2922 1760/3062/2897 1778/3091/2915
f 1760/3062/2897 1785/3092/2922 1758/3060/2895
f 1786/3093/2923 1758/3060/2895 1785/3092/2922
f 1758/3060/2895 1786/3093/2923 1784/3090/2921
f 1787/3094/2924 1784/3090/2921 1786/3093/2923
f 1784/3090/2921 1787/3094/2924 1783/3089/2920
f 1788/3095/2925 1783/3089/2920 1787/3094/2924
f 1783/3089/2920 1788/3095/2925 1782/3088/2919
f 1780/3084/2917 1782/3088/2919 1788/3095/2925
f 1778/3091/2915 1775/3096/2912 1785/3092/2922
f 1789/3097/2926 1785/3092/2922 1775/3096/2912
f 1785/3092/2922 1789/3097/2926 1786/3093/2923
f 1790/3098/2927 1786/3093/2923 1789/3097/2926
f 1786/3093/2923 1790/3098/2927 1787/3094/2924
f 1791/3099/2928 1787/3094/2924 1790/3098/2927
f 1787/3094/2924 1791/3099/2928 1788/3095/2925
f 1775/3096/2912 1771/3100/2908 1789/3097/2926
f 1792/3101/2929 1789/3097/2926 1771/3100/2908
f 1789/3097/2926 1792/3101/2929 1790/3098/2927
f 1793/3102/2930 1790/3098/2927 1792/3101/2929
f 1790/3098/2927 1793/3102/2930 1791/3099/2928
f 1771/3100/2908 1764/3103/2901 1792/3101/2929
f 1794/3104/2931 1792/3101/2929 1764/3103/2901
f 1792/3101/2929 1794/3104/2931 1793/3102/2930
f 1764/3103/2901 1763/3105/2900 1794/3104/2931
f 1788/3095/2925 1795/3106/2932 1780/3084/2917
f 1795/3106/2932 1788/3095/2925 1791/3099/2928
f 1791/3099/2928 1796/3107/2933 1795/3106/2932
f 1796/3107/2933 1791/3099/2928 1793/3102/2930
f 1793/3102/2930 1797/3108/2934 1796/3107/2933
f 1797/3108/2934 1793/3102/2930 1794/3104/2931
f 1794/3104/2931 1798/3046/2935 1797/3108/2934
f 1798/3046/2935 1794/3104/2931 1763/3105/2900
f 1763/3105/2900 1781/3109/2918 1798/3046/2935
f 1781/3109/2918 1710/3110/2847 1709/3111/2846
f 1709/3111/2846 1798/3046/2935 1781/3109/2918
f 1798/3046/2935 1709/3111/2846 1713/3112/2850
f 1713/3112/2850 1797/3108/2934 1798/3046/2935
f 1797/3108/2934 1713/3112/2850 1715/3113/2852
f 1715/3113/2852 1796/3107/2933 1797/3108/2934
f 1796/3107/2933 1715/3113/2852 1717/3114/2854
f 1717/3114/2854 1795/3106/2932 1796/3107/2933
f 1795/3106/2932 1717/3114/2854 1719/3085/2856
f 1719/3085/2856 1780/3084/2917 1795/3106/2932
f 1799/3115/2936 1800/3116/2884 1801/3042/2937
f 1801/3042/2937 1802/3043/2938 1799/3115/2936
f 1802/3043/2938 1801/3042/2937 1803/3044/2888
f 1804/3117/2939 1805/3118/2883 1800/3116/2884
f 1800/3116/2884 1799/3115/2936 1804/3117/2939
f 1806/3119/2940 1804/3117/2939 1799/3115/2936
f 1799/3115/2936 1807/3120/2941 1806/3119/2940
f 1807/3120/2941 1799/3115/2936 1802/3043/2938
f 1802/3043/2938 1808/3051/2942 1807/3120/2941
f 1808/3051/2942 1802/3043/2938 1809/3045/2943
f 1803/3044/2888 1809/3045/2943 1802/3043/2938
f 1809/3045/2943 1803/3044/2888 1810/3046/2890
f 1811/2979/2944 1812/3121/2892 1805/3118/2883
f 1805/3118/2883 1804/3117/2939 1811/2979/2944
f 1813/3048/2945 1811/2979/2944 1804/3117/2939
f 1804/3117/2939 1806/3119/2940 1813/3048/2945
f 1814/3122/2946 1813/3048/2945 1806/3119/2940
f 1806/3119/2940 1815/3123/2947 1814/3122/2946
f 1815/3123/2947 1806/3119/2940 1807/3120/2941
f 1807/3120/2941 1816/3124/2948 1815/3123/2947
f 1816/3124/2948 1807/3120/2941 1808/3051/2942
f 1808/3051/2942 1817/3125/2949 1816/3124/2948
f 1817/3125/2949 1808/3051/2942 1818/3052/2950
f 1809/3045/2943 1818/3052/2950 1808/3051/2942
f 1818/3052/2950 1809/3045/2943 1819/3053/2951
f 1810/3046/2890 1819/3053/2951 1809/3045/2943
f 1819/3053/2951 1810/3046/2890 1812/3126/2892
f 1812/3126/2892 1811/3055/2944 1819/3053/2951
f 1820/3056/2952 1819/3053/2951 1811/3055/2944
f 1819/3053/2951 1820/3056/2952 1818/3052/2950
f 1821/3127/2953 1818/3052/2950 1820/3056/2952
f 1818/3052/2950 1821/3127/2953 1817/3125/2949
f 1811/3055/2944 1813/3057/2945 1820/3056/2952
f 1822/3128/2954 1820/3056/2952 1813/3057/2945
f 1820/3056/2952 1822/3128/2954 1821/3127/2953
f 1813/3057/2945 1814/3129/2946 1822/3128/2954
f 1823/3130/2955 1824/3131/2956 1825/3132/2957
f 1825/3132/2957 1826/3133/2958 1823/3130/2955
f 1826/3133/2958 1825/3132/2957 1827/3134/2959
f 1827/3134/2959 1828/3135/2960 1826/3133/2958
f 1828/3135/2960 1827/3134/2959 1829/3136/2961
f 1829/3136/2961 1830/3137/2962 1828/3135/2960
f 1830/3137/2962 1829/3136/2961 1831/3138/2963
f 1831/3138/2963 1832/3139/2964 1830/3137/2962
f 1832/3139/2964 1831/3138/2963 1833/3140/2965
f 1833/3140/2965 1834/3141/2966 1832/3139/2964
f 1834/3141/2966 1833/3140/2965 1835/3142/2967
f 1835/3142/2967 1836/3143/2968 1834/3141/2966
f 1836/3143/2968 1835/3142/2967 1837/3144/2969
f 1837/3144/2969 1838/3145/2970 1836/3143/2968
f 1838/3145/2970 1837/3144/2969 1824/3131/2956
f 1824/3131/2956 1823/3130/2955 1838/3145/2970
f 1836/3146/2968 1839/3147/2971 1840/3148/2972
f 1840/3148/2972 1834/3149/2966 1836/3146/2968
f 1834/3149/2966 1840/3148/2972 1841/3150/2973
f 1841/3150/2973 1832/3151/2964 1834/3149/2966
f 1832/3151/2964 1841/3150/2973 1842/3152/2974
f 1842/3152/2974 1830/3153/2962 1832/3151/2964
f 1830/3154/2962 1842/3155/2974 1843/3156/2975
f 1843/3156/2975 1828/3157/2960 1830/3154/2962
f 1828/3157/2960 1843/3156/2975 1844/3158/2976
f 1844/3158/2976 1826/3159/2958 1828/3157/2960
f 1826/3159/2958 1844/3158/2976 1845/3160/2977
f 1845/3160/2977 1823/3161/2955 1826/3159/2958
f 1823/3161/2955 1845/3160/2977 1846/3162/2978
f 1846/3162/2978 1838/3163/2970 1823/3161/2955
f 1838/3163/2970 1846/3162/2978 1839/3147/2971
f 1839/3147/2971 1836/3146/2968 1838/3163/2970
f 1831/3164/2963 1829/3165/2961 1847/3166/2979
f 1847/3166/2979 1848/3167/2980 1831/3164/2963
f 1825/3168/2957 1849/3169/2981 1850/3170/2982
f 1850/3170/2982 1827/3171/2959 1825/3168/2957
f 1851/3130/2983 1852/3133/2984 1849/3132/2981
f 1850/3134/2982 1849/3132/2981 1852/3133/2984
f 1852/3133/2984 1853/3135/2985 1850/3134/2982
f 1847/3136/2979 1850/3134/2982 1853/3135/2985
f 1853/3135/2985 1854/3137/2986 1847/3136/2979
f 1848/3138/2980 1847/3136/2979 1854/3137/2986
f 1854/3137/2986 1855/3139/2987 1848/3138/2980
f 1856/3140/2988 1848/3138/2980 1855/3139/2987
f 1855/3139/2987 1857/3141/2989 1856/3140/2988
f 1858/3142/2990 1856/3140/2988 1857/3141/2989
f 1857/3141/2989 1859/3143/2991 1858/3142/2990
f 1860/3144/2992 1858/3142/2990 1859/3143/2991
f 1859/3143/2991 1861/3145/2993 1860/3144/2992
f 1862/3131/2994 1860/3144/2992 1861/3145/2993
f 1861/3145/2993 1851/3130/2983 1862/3131/2994
f 1849/3132/2981 1862/3131/2994 1851/3130/2983
f 1209/2881/2743 1863/3172/2995 1864/3173/1091
f 1831/3167/2963 1848/3166/2980 1856/3174/2988
f 1856/3174/2988 1833/3175/2965 1831/3167/2963
f 1835/3164/2967 1833/3175/2965 1856/3174/2988
f 1856/3174/2988 1858/3165/2990 1835/3164/2967
f 1837/3176/2969 1835/3164/2967 1858/3165/2990
f 1858/3165/2990 1860/3177/2992 1837/3176/2969
f 1824/3178/2956 1837/3176/2969 1860/3177/2992
f 1860/3177/2992 1862/3179/2994 1824/3178/2956
f 1824/3178/2956 1862/3179/2994 1849/3169/2981
f 1849/3169/2981 1825/3168/2957 1824/3178/2956
f 1829/3180/2961 1827/3171/2959 1850/3170/2982
f 1850/3170/2982 1847/3181/2979 1829/3180/2961
f 1855/3151/2987 1854/3153/2986 1865/3152/2974
f 1865/3152/2974 1866/3150/2973 1855/3151/2987
f 1857/3149/2989 1855/3151/2987 1866/3150/2973
f 1866/3150/2973 1867/3148/2972 1857/3149/2989
f 1859/3146/2991 1857/3149/2989 1867/3148/2972
f 1867/3148/2972 1868/3147/2971 1859/3146/2991
f 1861/3163/2993 1859/3146/2991 1868/3147/2971
f 1868/3147/2971 1869/3162/2978 1861/3163/2993
f 1851/3161/2983 1861/3163/2993 1869/3162/2978
f 1869/3162/2978 1870/3160/2977 1851/3161/2983
f 1852/3159/2984 1851/3161/2983 1870/3160/2977
f 1870/3160/2977 1871/3158/2976 1852/3159/2984
f 1853/3157/2985 1852/3159/2984 1871/3158/2976
f 1871/3158/2976 1872/3156/2975 1853/3157/2985
f 1854/3154/2986 1853/3157/2985 1872/3156/2975
f 1872/3156/2975 1865/3155/2974 1854/3154/2986
f 1864/3173/1091 1210/3182/1093 1209/2881/2743
f 293/3183/2206 1873/3184/1517 1874/3185/1515
f 293/3183/2206 1874/3185/1515 1875/3186/1516
f 293/3183/2206 1875/3186/1516 288/3187/2201
f 1875/3186/1516 1876/3188/2996 288/3187/2201
f 1876/3188/2996 1877/3189/1564 288/3187/2201
f 288/3187/2201 1877/3189/1564 1878/3190/1565
f 1878/3190/1565 276/3191/2190 288/3187/2201
f 276/3191/2190 1878/3190/1565 1879/3192/1566
f 1879/3192/1566 275/3193/2189 276/3191/2190
f 275/3193/2189 1879/3192/1566 1880/3194/2997
f 1880/3194/2997 274/3195/2188 275/3193/2189
f 274/3195/2188 1880/3194/2997 1881/3196/2998
f 1881/3196/2998 277/3197/1687 274/3195/2188
f 1882/3198/2999 1883/3199/3000 1884/3200/3001
f 1885/3201/3002 1882/3198/2999 1884/3200/3001
f 1885/3201/3002 1884/3200/3001 1886/3202/3003
f 1391/2891/1094 1887/3203/1092 1888/3204/3004
f 1889/3205/3005 1890/3206/3006 1891/3207/3007
f 1892/3208/3008 1889/3205/3005 1891/3207/3007
f 1893/3209/3009 1892/3208/3008 1891/3207/3007
f 1894/3210/3010 1893/3209/3009 1891/3207/3007
f 1888/3204/3004 1651/2946/2795 1391/2891/1094
f 1891/3211/3007 1895/3212/3011 1896/3213/3012
f 1896/3213/3012 1894/3214/3010 1891/3211/3007
f 1896/3215/3012 1897/3216/3013 1898/3217/3014
f 1898/3217/3014 1894/3218/3010 1896/3215/3012
f 1883/3199/3000 1899/3219/3015 1900/3220/3016
f 1900/3220/3016 1901/3221/3017 1883/3199/3000
f 1895/3212/3011 1902/3222/3018 1899/3219/3015
f 1896/3213/3012 1895/3212/3011 1899/3219/3015
f 1903/3223/3019 1896/3213/3012 1899/3219/3015
f 1903/3223/3019 1899/3219/3015 1883/3199/3000
f 1883/3199/3000 1882/3198/2999 1903/3223/3019
f 1904/3224/3020 1897/3216/3013 1896/3215/3012
f 1896/3215/3012 1903/3225/3019 1904/3224/3020
f 1890/3226/3006 1889/3227/3005 1901/3221/3017
f 1901/3221/3017 1900/3220/3016 1890/3226/3006
f 1895/3212/3011 1890/3226/3006 1900/3220/3016
f 1895/3212/3011 1900/3220/3016 1902/3222/3018
f 1651/3009/2795 1888/3228/3004 1863/3229/2995
f 1905/3230/3021 1906/3231/125 1907/3232/299
f 1907/3232/299 1908/3233/3022 1905/3230/3021
f 1909/3234/3023 1910/3235/3024 1911/3236/3025
f 1911/3236/3025 1912/3237/3026 1909/3234/3023
f 1912/3237/3026 1911/3236/3025 1913/3238/3027
f 1913/3238/3027 1914/3239/3028 1912/3237/3026
f 1912/3237/3026 1914/3239/3028 1915/3240/311
f 1915/3240/311 1916/3241/1667 1912/3237/3026
f 1909/3234/3023 1912/3237/3026 1916/3241/1667
f 1916/3241/1667 1917/3242/1669 1909/3234/3023
f 1863/3229/2995 1209/3007/2743 1651/3009/2795
f 1918/3243/3029 1919/3244/3030 1920/3245/3031
f 1920/3245/3031 1921/3246/3032 1918/3243/3029
f 1921/3246/3032 1920/3245/3031 1922/3247/3033
f 1922/3247/3033 1923/3248/3034 1921/3246/3032
f 1923/3248/3034 1922/3247/3033 1910/3249/3024
f 1910/3249/3024 1909/3250/3023 1923/3248/3034
f 1923/3248/3034 1909/3250/3023 1917/3251/1669
f 1917/3251/1669 1924/3252/1671 1923/3248/3034
f 1921/3246/3032 1923/3248/3034 1924/3252/1671
f 1924/3252/1671 1925/3253/3035 1921/3246/3032
f 1918/3243/3029 1921/3246/3032 1925/3253/3035
f 1925/3253/3035 1926/3254/3036 1918/3243/3029
f 1863/3172/2995 1927/3255/3037 1928/3256/630
f 1929/3257/508 1930/3258/3038 1919/3259/3030
f 1919/3259/3030 1918/3260/3029 1929/3257/508
f 1929/3257/508 1918/3260/3029 1926/3261/3036
f 1926/3261/3036 1931/3262/298 1929/3257/508
f 1932/3263/3039 1933/3264/3040 1934/3265/3041
f 1934/3265/3041 1935/3266/3042 1932/3263/3039
f 1936/3267/3043 1937/3268/3044 1938/3269/3045
f 1938/3269/3045 1939/3270/3046 1936/3267/3043
f 1939/3270/3046 1938/3269/3045 1940/3271/3047
f 1940/3271/3047 1941/3272/3048 1939/3270/3046
f 1941/3272/3048 1940/3271/3047 1933/3273/3040
f 1933/3273/3040 1932/3274/3039 1941/3272/3048
f 1942/3275/3049 1943/3276/3050 1944/3277/3051
f 1944/3277/3051 1945/3278/3052 1942/3275/3049
f 1945/3278/3052 1944/3277/3051 1937/3279/3044
f 1937/3279/3044 1936/3280/3043 1945/3278/3052
f 1933/3265/3040 1919/3281/3030 1930/3282/3038
f 1930/3282/3038 1934/3283/3041 1933/3265/3040
f 1944/3284/3051 1911/3285/3025 1910/3286/3024
f 1910/3286/3024 1937/3287/3044 1944/3284/3051
f 1937/3287/3044 1910/3286/3024 1922/3288/3033
f 1922/3288/3033 1938/3289/3045 1937/3287/3044
f 1938/3289/3045 1922/3288/3033 1920/3290/3031
f 1920/3290/3031 1940/3291/3047 1938/3289/3045
f 1940/3291/3047 1920/3290/3031 1919/3292/3030
f 1919/3292/3030 1933/3293/3040 1940/3291/3047
f 1943/3234/3050 1913/3294/3027 1911/3295/3025
f 1911/3295/3025 1944/3296/3051 1943/3234/3050
f 1946/3297/3053 1947/3298/3054 1948/3299/3055
f 1948/3299/3055 1949/3300/3056 1946/3297/3053
f 1950/3301/3057 1951/3302/3058 1949/3300/3056
f 1949/3300/3056 1952/3303/3059 1950/3301/3057
f 1953/3304/3060 1952/3303/3059 1949/3300/3056
f 1949/3300/3056 1948/3299/3055 1953/3304/3060
f 1954/3305/3061 1953/3304/3060 1948/3299/3055
f 1948/3299/3055 1955/3306/3062 1954/3305/3061
f 1955/3306/3062 1948/3299/3055 1947/3298/3054
f 1947/3298/3054 1956/3307/3063 1955/3306/3062
f 1957/3308/3064 1958/3309/3065 1959/3310/3066
f 1960/3311/3067 1957/3308/3064 1959/3310/3066
f 1961/3312/3068 1960/3311/3067 1959/3310/3066
f 1962/3313/3069 1961/3312/3068 1959/3310/3066
f 1928/3256/630 1864/3173/1091 1863/3172/2995
f 1963/3314/508 1964/3315/508 1965/3316/3070
f 1965/3316/3070 1966/3317/3071 1963/3314/508
f 1966/3317/3071 1965/3316/3070 1954/3318/3061
f 1954/3318/3061 1967/3319/3072 1966/3317/3071
f 1968/3320/3073 1956/3321/3063 1969/3322/3074
f 1969/3322/3074 1970/3323/3075 1968/3320/3073
f 1951/3302/3058 1971/3324/3076 1972/3325/3077
f 1949/3300/3056 1951/3302/3058 1972/3325/3077
f 1949/3300/3056 1972/3325/3077 1973/3326/3078
f 1946/3297/3053 1949/3300/3056 1973/3326/3078
f 1956/3321/3063 1968/3320/3073 1974/3327/3079
f 1974/3327/3079 1955/3328/3062 1956/3321/3063
f 1955/3328/3062 1974/3327/3079 1967/3319/3072
f 1967/3319/3072 1954/3318/3061 1955/3328/3062
f 1946/3297/3053 1973/3326/3078 1960/3329/3067
f 1960/3329/3067 1961/3330/3068 1946/3297/3053
f 1946/3297/3053 1961/3330/3068 1975/3331/3080
f 1975/3331/3080 1947/3298/3054 1946/3297/3053
f 1947/3298/3054 1975/3331/3080 1969/3332/3074
f 1969/3332/3074 1956/3307/3063 1947/3298/3054
f 1976/3333/3081 1977/3334/3082 1978/3335/3083
f 1978/3335/3083 1979/3336/3084 1976/3333/3081
f 1980/3337/3085 1981/3338/3086 1982/3339/3087
f 1982/3339/3087 1983/3340/3088 1980/3337/3085
f 1983/3340/3088 1982/3339/3087 1977/3341/3082
f 1983/3340/3088 1977/3341/3082 1984/3342/3089
f 1977/3341/3082 1976/3343/3081 1984/3342/3089
f 1887/3344/1092 1985/3345/629 1986/3346/3090
f 1987/3347/3091 1988/3348/3092 1981/3349/3086
f 1981/3349/3086 1980/3350/3085 1987/3347/3091
f 1979/3351/3084 1978/3352/3083 1989/3353/3093
f 1989/3353/3093 1990/3354/3094 1979/3351/3084
f 1990/3354/3094 1989/3353/3093 1991/3355/3095
f 1991/3355/3095 1992/3356/3096 1990/3354/3094
f 1992/3356/3096 1991/3355/3095 1988/3357/3092
f 1988/3357/3092 1987/3358/3091 1992/3356/3096
f 1993/3359/3097 1994/3360/3098 1995/3361/3099
f 1995/3361/3099 1996/3362/3100 1993/3359/3097
f 1997/3363/3101 1998/3364/3102 1999/3365/3103
f 1999/3365/3103 2000/3366/3104 1997/3363/3101
f 2000/3366/3104 1999/3365/3103 2001/3367/3105
f 2001/3367/3105 2002/3368/3106 2000/3366/3104
f 2002/3368/3106 2001/3367/3105 1994/3369/3098
f 1994/3369/3098 1993/3370/3097 2002/3368/3106
f 2003/3371/3107 1998/3372/3102 1997/3373/3101
f 1997/3373/3101 2004/3374/3108 2003/3371/3107
f 2005/3375/3109 2003/3376/3107 2004/3377/3108
f 2004/3377/3108 2006/3378/3110 2005/3375/3109
f 2007/3379/3111 2005/3375/3109 2006/3378/3110
f 2006/3378/3110 2008/3380/3112 2007/3379/3111
f 1995/3381/3099 2007/3379/3111 2008/3380/3112
f 2008/3380/3112 1996/3382/3100 1995/3381/3099
f 1986/3346/3090 1888/3383/3004 1887/3344/1092
f 2009/3384/3113 2010/3385/3114 2011/3386/3115
f 2011/3386/3115 2012/3387/3116 2009/3384/3113
f 2012/3387/3116 2011/3386/3115 2013/3388/3117
f 2012/3387/3116 2013/3388/3117 2014/3389/3118
f 2013/3388/3117 2015/3390/3119 2014/3389/3118
f 2015/3390/3119 2013/3388/3117 2016/3391/3120
f 2016/3391/3120 2017/3392/3121 2015/3390/3119
f 2017/3393/3121 2016/3394/3120 2018/3395/3122
f 2018/3395/3122 2019/3396/3123 2017/3393/3121
f 2019/3396/3123 2018/3395/3122 2020/3397/3124
f 2020/3397/3124 2021/3398/3125 2019/3396/3123
f 2021/3398/3125 2020/3397/3124 2022/3399/3126
f 2022/3399/3126 2023/3400/3127 2021/3398/3125
f 1982/3401/3087 1981/3402/3086 1988/3403/3092
f 1988/3403/3092 1991/3404/3095 1982/3401/3087
f 1977/3405/3082 1982/3401/3087 1991/3404/3095
f 1977/3405/3082 1991/3404/3095 1989/3406/3093
f 1978/3407/3083 1977/3405/3082 1989/3406/3093
f 1998/3408/3102 2003/3409/3107 2005/3410/3109
f 2005/3410/3109 1999/3411/3103 1998/3408/3102
f 2001/3412/3105 1999/3411/3103 2005/3410/3109
f 2005/3410/3109 2007/3413/3111 2001/3412/3105
f 1994/3414/3098 2001/3412/3105 2007/3413/3111
f 2007/3413/3111 1995/3415/3099 1994/3414/3098
f 1888/3416/3004 1986/3417/3090 1927/3418/3037
f 2024/3419/3128 2025/3420/3028 2026/3421/3028
f 2026/3421/3028 2027/3422/3129 2024/3419/3128
f 2028/3423/3130 2029/3424/3131 2030/3425/3132
f 2030/3425/3132 2031/3426/3133 2028/3423/3130
f 2031/3426/3133 2030/3425/3132 2032/3427/3134
f 2032/3427/3134 2033/3428/3135 2031/3426/3133
f 2033/3428/3135 2032/3427/3134 2034/3429/3136
f 2034/3429/3136 2035/3430/3137 2033/3428/3135
f 2035/3430/3137 2034/3429/3136 2036/3431/3138
f 2036/3431/3138 2037/3432/3139 2035/3430/3137
f 2037/3432/3139 2036/3431/3138 2038/3433/3140
f 2038/3433/3140 2039/3434/3141 2037/3432/3139
f 2039/3434/3141 2038/3433/3140 2040/3435/3142
f 2040/3435/3142 2041/3436/3143 2039/3434/3141
f 2041/3436/3143 2040/3435/3142 2042/3437/3144
f 2042/3437/3144 2043/3438/3145 2041/3436/3143
f 2043/3438/3145 2042/3437/3144 2044/3439/3146
f 2044/3439/3146 2045/3440/3147 2043/3438/3145
f 2045/3440/3147 2044/3439/3146 2046/3441/3148
f 2046/3441/3148 2047/3442/3149 2045/3440/3147
f 2047/3442/3149 2046/3441/3148 2029/3424/3131
f 2029/3424/3131 2028/3423/3130 2047/3442/3149
f 2048/2264/3150 2049/3443/3151 2050/3444/3152
f 2050/3444/3152 2051/2263/3153 2048/2264/3150
f 2051/2263/3153 2050/3444/3152 2052/3445/3154
f 2052/3445/3154 2053/2274/3155 2051/2263/3153
f 2053/2274/3155 2052/3445/3154 2054/3446/3156
f 2054/3446/3156 2055/2271/3157 2053/2274/3155
f 2055/2271/3157 2054/3446/3156 2056/3447/3158
f 2056/3447/3158 2057/2269/3159 2055/2271/3157
f 2057/2269/3159 2056/3447/3158 2058/3448/3160
f 2058/3448/3160 2059/2267/3161 2057/2269/3159
f 2059/2267/3161 2058/3448/3160 2060/3449/3162
f 2060/3449/3162 2061/2266/3163 2059/2267/3161
f 2062/3450/3164 2063/2177/3165 2061/2266/3163
f 2061/2266/3163 2060/3449/3162 2062/3450/3164
f 2064/2169/3166 2062/3450/3164 2060/3449/3162
f 2060/3449/3162 2065/2168/3167 2064/2169/3166
f 2065/2168/3167 2060/3449/3162 2058/3448/3160
f 2058/3448/3160 2066/2167/3168 2065/2168/3167
f 2066/2167/3168 2058/3448/3160 2056/3447/3158
f 2056/3447/3158 2067/2233/3169 2066/2167/3168
f 2067/2233/3169 2056/3447/3158 2054/3446/3156
f 2054/3446/3156 2068/2232/3170 2067/2233/3169
f 2068/2232/3170 2054/3446/3156 2052/3445/3154
f 2052/3445/3154 2069/2231/3171 2068/2232/3170
f 2069/2231/3171 2052/3445/3154 2050/3444/3152
f 2050/3444/3152 2033/2235/3135 2069/2231/3171
f 2033/2235/3135 2050/3444/3152 2049/3443/3151
f 2049/3443/3151 2031/3451/3133 2033/2235/3135
f 1927/3418/3037 1863/3452/2995 1888/3416/3004
f 257/3453/2171 2070/3454/3172 2071/3455/3173
f 2071/3455/3173 250/3456/2164 257/3453/2171
f 250/3456/2164 2071/3455/3173 2072/3457/3174
f 2072/3457/3174 251/3458/2165 250/3456/2164
f 251/3458/2165 2072/3457/3174 2073/3459/3175
f 2073/3459/3175 230/3460/2144 251/3458/2165
f 2074/3461/3176 2075/3462/3177 2076/3463/3178
f 2076/3463/3178 2077/3464/3179 2074/3461/3176
f 2077/3464/3179 2076/3463/3178 2078/3465/3180
f 2078/3465/3180 2079/3466/3181 2077/3464/3179
f 2079/3466/3181 2078/3465/3180 2070/3467/3172
f 2070/3467/3172 257/3468/2171 2079/3466/3181
f 2080/3469/1609 2081/3470/1608 2082/3471/3182
f 2082/3471/3182 2083/3472/3183 2080/3469/1609
f 2084/3473/1611 2080/3469/1609 2083/3472/3183
f 2083/3472/3183 2085/3474/3184 2084/3473/1611
f 2086/3475/3185 2084/3473/1611 2085/3474/3184
f 2085/3474/3184 2087/3476/3186 2086/3475/3185
f 2088/3477/3187 2086/3475/3185 2087/3476/3186
f 2087/3476/3186 2089/3478/3188 2088/3477/3187
f 1927/3255/3037 2090/3479/3189 2091/3480/631
f 2092/3481/3190 2093/3482/3191 2094/3483/1663
f 2094/3483/1663 2095/3484/3192 2092/3481/3190
f 2095/3484/3192 2094/3483/1663 2096/3485/1660
f 2096/3485/1660 2097/3486/3193 2095/3484/3192
f 2097/3486/3193 2096/3485/1660 2098/3487/3194
f 2098/3487/3194 2099/3488/3195 2097/3486/3193
f 2099/3488/3195 2098/3487/3194 2100/3489/1658
f 2100/3489/1658 2101/3490/3196 2099/3488/3195
f 2102/3491/3197 2103/3492/3198 2104/3493/3199
f 2104/3493/3199 2105/3494/3200 2102/3491/3197
f 2105/3494/3200 2104/3493/3199 2106/3495/3201
f 2106/3495/3201 2107/3496/3202 2105/3494/3200
f 2107/3496/3202 2106/3495/3201 2108/3497/3203
f 2108/3497/3203 2109/3498/3204 2107/3496/3202
f 2110/3499/3205 2111/3500/3206 2112/3501/1690
f 2112/3501/1690 2113/3502/3207 2110/3499/3205
f 2113/3503/3207 2112/3504/1690 2114/3505/3208
f 2114/3505/3208 2115/3506/3209 2113/3503/3207
f 2115/3506/3209 2114/3505/3208 2116/3507/1688
f 2116/3507/1688 2117/3508/3210 2115/3506/3209
f 2117/3508/3210 2116/3507/1688 2118/3509/3211
f 2118/3509/3211 2119/3510/3212 2117/3508/3210
f 2119/3510/3212 2118/3509/3211 2120/3511/1693
f 2120/3511/1693 2121/3512/3213 2119/3510/3212
f 2121/3513/3213 2120/3514/1693 2122/3515/3214
f 2122/3515/3214 2123/3516/3215 2121/3513/3213
f 2123/3516/3215 2122/3515/3214 2124/3517/3216
f 2124/3517/3216 2125/3518/3217 2123/3516/3215
f 2125/3518/3217 2124/3517/3216 2126/3519/1605
f 2126/3519/1605 2127/3520/3218 2125/3518/3217
f 2127/3520/3218 2126/3519/1605 2128/3521/3219
f 2128/3521/3219 2126/3519/1605 2129/3522/1603
f 2128/3521/3219 2129/3522/1603 2130/3523/1604
f 2130/3523/1604 2131/3524/3220 2128/3521/3219
f 2131/3524/3220 2130/3523/1604 2089/3525/3188
f 2088/3526/3187 2089/3525/3188 2130/3523/1604
f 2091/3480/631 1928/3256/630 1927/3255/3037
f 2132/3527/3221 2133/3528/3222 2134/3529/3223
f 2134/3529/3223 2135/3530/3224 2132/3527/3221
f 2135/3530/3224 2134/3529/3223 2136/3531/3225
f 2136/3531/3225 2137/3532/3226 2135/3530/3224
f 2133/3528/3222 2138/3533/3227 2134/3529/3223
f 2139/3534/3228 2134/3529/3223 2138/3533/3227
f 2140/3535/3229 2134/3529/3223 2139/3534/3228
f 2136/3531/3225 2134/3529/3223 2140/3535/3229
f 2136/3531/3225 2140/3535/3229 2141/3536/3230
f 2136/3531/3225 2141/3536/3230 2142/3537/3231
f 2141/3536/3230 2143/3538/3232 2142/3537/3231
f 2140/3535/3229 2144/3535/3233 2141/3536/3230
f 2138/3533/3227 2145/3539/3234 2139/3534/3228
f 2146/3540/3235 2136/3531/3225 2142/3537/3231
f 2146/3540/3235 2147/3541/3236 2148/3542/3237
f 2146/3540/3235 2148/3542/3237 2136/3531/3225
f 2148/3542/3237 2149/3543/3238 2136/3531/3225
f 2150/2202/3239 2151/2205/3240 2152/2204/3241
f 2152/2204/3241 2153/2203/3242 2150/2202/3239
f 2154/2193/3243 2153/2203/3242 2152/2204/3241
f 2154/2193/3243 2155/2198/3244 2153/2203/3242
f 2150/2202/3239 2153/2203/3242 2155/2198/3244
f 2155/2198/3244 2156/2201/3245 2150/2202/3239
f 2157/2190/3246 2158/2185/3247 2159/2186/3248
f 2159/2186/3248 2160/2191/3249 2157/2190/3246
f 2160/2191/3249 2159/2186/3248 2161/2189/3250
f 2161/2189/3250 2162/2192/3251 2160/2191/3249
f 2154/2193/3243 2162/2192/3251 2161/2189/3250
f 2161/2189/3250 2163/2194/3252 2154/2193/3243
f 2155/2198/3244 2154/2193/3243 2163/2194/3252
f 2163/2194/3252 2164/2199/3253 2155/2198/3244
f 2156/2201/3245 2155/2198/3244 2164/2199/3253
f 2164/2199/3253 2165/104/3254 2156/2201/3245
f 2166/2187/3255 2167/2197/3256 2168/2196/3257
f 2169/2188/3258 2166/2187/3255 2168/2196/3257
f 2166/2187/3255 2169/2188/3258 2170/2184/3259
f 2159/2186/3248 2170/2184/3259 2169/2188/3258
f 2169/2188/3258 2161/2189/3250 2159/2186/3248
f 2161/2189/3250 2169/2188/3258 2171/2195/3260
f 2171/2195/3260 2163/2194/3252 2161/2189/3250
f 2164/2199/3253 2163/2194/3252 2171/2195/3260
f 2171/2195/3260 2172/2200/3261 2164/2199/3253
f 2172/2200/3261 2171/2195/3260 2168/2196/3257
f 2168/2196/3257 2171/2195/3260 2169/2188/3258
f 2168/2196/3257 2173/2165/3262 2172/2200/3261
f 2173/2165/3262 2168/2196/3257 2167/2197/3256
f 2167/2197/3256 2174/2163/3263 2173/2165/3262
f 2175/2161/3264 2174/2163/3263 2167/2197/3256
f 2165/104/3254 2164/2199/3253 2172/2200/3261
f 2172/2200/3261 2176/2166/3265 2165/104/3254
f 2176/2166/3265 2172/2200/3261 2173/2165/3262
f 2173/2165/3262 2177/2164/3266 2176/2166/3265
f 2177/2164/3266 2173/2165/3262 2174/2163/3263
f 2174/2163/3263 2178/2162/3267 2177/2164/3266
f 2178/2162/3267 2174/2163/3263 2175/2161/3264
f 2175/2161/3264 2179/2154/3268 2178/2162/3267
f 2179/2154/3268 2175/2161/3264 2180/2153/3269
f 2181/2152/3270 2179/2154/3268 2180/2153/3269
f 2182/2160/3271 2180/2153/3269 2175/2161/3264
f 2175/2161/3264 2183/2180/3272 2182/2160/3271
f 2167/2197/3256 2183/2180/3272 2175/2161/3264
f 2184/2181/3273 2183/2180/3272 2167/2197/3256
f 2167/2197/3256 2166/2187/3255 2184/2181/3273
f 2184/2181/3273 2166/2187/3255 2185/2182/3274
f 2170/2184/3259 2185/2182/3274 2166/2187/3255
f 2185/2182/3274 2170/2184/3259 2186/2183/3275
f 2158/2185/3247 2186/2183/3275 2170/2184/3259
f 2170/2184/3259 2159/2186/3248 2158/2185/3247
f 2187/2157/3276 2188/2148/3277 2189/2149/3278
f 2189/2149/3278 2190/2156/3279 2187/2157/3276
f 2191/2150/3280 2190/2156/3279 2189/2149/3278
f 2190/2156/3279 2191/2150/3280 2192/2155/3281
f 2192/2155/3281 2193/2159/3282 2190/2156/3279
f 2182/2160/3271 2193/2159/3282 2192/2155/3281
f 2193/2159/3282 2182/2160/3271 2183/2180/3272
f 2183/2180/3272 2184/2181/3273 2193/2159/3282
f 2193/2159/3282 2184/2181/3273 2194/2171/3283
f 2185/2182/3274 2194/2171/3283 2184/2181/3273
f 2194/2171/3283 2185/2182/3274 2195/2173/3284
f 2186/2183/3275 2195/2173/3284 2185/2182/3274
f 2195/2173/3284 2196/2172/3285 2194/2171/3283
f 2197/2170/3286 2194/2171/3283 2196/2172/3285
f 2194/2171/3283 2197/2170/3286 2193/2159/3282
f 2196/2172/3285 2198/2179/3287 2197/2170/3286
f 2187/2157/3276 2190/2156/3279 2066/2167/3168
f 2066/2167/3168 2190/2156/3279 2193/2159/3282
f 2193/2159/3282 2065/2168/3167 2066/2167/3168
f 2064/2169/3166 2065/2168/3167 2193/2159/3282
f 2193/2159/3282 2197/2170/3286 2064/2169/3166
f 2199/2178/3288 2064/2169/3166 2197/2170/3286
f 2198/2179/3287 2199/2178/3288 2197/2170/3286
f 2198/2179/3287 2200/2174/3289 2199/2178/3288
f 2200/2174/3289 2063/2177/3165 2199/2178/3288
f 2200/2174/3289 2201/2175/3290 2063/2177/3165
f 2063/2177/3165 2064/2169/3166 2199/2178/3288
f 2200/2174/3289 2202/2176/3291 2201/2175/3290
f 2063/2177/3165 2201/2175/3290 2203/2265/3292
f 2203/2265/3292 2061/2266/3163 2063/2177/3165
f 2059/2267/3161 2061/2266/3163 2203/2265/3292
f 2203/2265/3292 2204/2268/3293 2059/2267/3161
f 2057/2269/3159 2059/2267/3161 2204/2268/3293
f 2204/2268/3293 2205/2270/3294 2057/2269/3159
f 2055/2271/3157 2057/2269/3159 2205/2270/3294
f 2205/2270/3294 2206/2272/3295 2055/2271/3157
f 2055/2271/3157 2206/2272/3295 2207/2273/3296
f 2207/2273/3296 2053/2274/3155 2055/2271/3157
f 2053/2274/3155 2207/2273/3296 2208/2275/3297
f 2208/2275/3297 2051/2263/3153 2053/2274/3155
f 2209/2261/3298 2048/2264/3150 2051/2263/3153
f 2051/2263/3153 2208/2262/3297 2209/2261/3298
f 1985/3345/629 719/2776/628 718/2775/2616
f 2210/3544/3299 2211/3545/3300 2212/3546/3301
f 2212/3546/3301 2213/3547/3302 2210/3544/3299
f 2213/3547/3302 2212/3546/3301 2214/3548/3303
f 2214/3548/3303 2215/3549/3304 2213/3547/3302
f 2215/3549/3304 2214/3548/3303 2216/3550/3305
f 2216/3550/3305 2217/3551/3306 2215/3549/3304
f 2217/3551/3306 2216/3550/3305 2218/3552/3307
f 2219/3553/3308 2220/3554/3309 2201/3555/3290
f 2201/3555/3290 2202/3556/3291 2219/3553/3308
f 2145/3557/3234 2138/3558/3227 2221/3559/3310
f 2221/3559/3310 2222/3560/3311 2145/3557/3234
f 2223/3561/3312 2224/3562/3313 2225/3563/3314
f 2225/3563/3314 2226/3564/3315 2223/3561/3312
f 2227/3565/3316 2228/3566/3317 2223/3561/3312
f 2223/3561/3312 2228/3566/3317 2229/3567/3318
f 2229/3567/3318 2224/3562/3313 2223/3561/3312
f 2229/3567/3318 2230/3568/3319 2224/3562/3313
f 2224/3562/3313 2230/3568/3319 2210/3569/3299
f 718/2775/2616 1986/3346/3090 1985/3345/629
f 2224/3570/3313 2231/3571/3320 2232/3572/3321
f 2232/3572/3321 2225/3573/3314 2224/3570/3313
f 2233/3574/3322 2234/3575/3323 2232/3572/3321
f 2232/3572/3321 2231/3571/3320 2233/3574/3322
f 2233/3574/3322 2231/3571/3320 2215/3576/3304
f 2213/3577/3302 2215/3576/3304 2231/3571/3320
f 2213/3577/3302 2231/3571/3320 2224/3570/3313
f 2213/3577/3302 2224/3570/3313 2210/3578/3299
f 2215/3576/3304 2217/3579/3306 2233/3574/3322
f 2154/3580/3243 2152/3581/3241 2235/3582/3324
f 2235/3582/3324 2162/3583/3251 2154/3580/3243
f 2160/3584/3249 2162/3583/3251 2235/3582/3324
f 2235/3582/3324 2228/3585/3317 2160/3584/3249
f 2160/3584/3249 2228/3585/3317 2227/3586/3316
f 2227/3586/3316 2157/3587/3246 2160/3584/3249
f 2236/3588/3325 2024/3589/3128 2149/3590/3238
f 2149/3590/3238 2148/3591/3237 2236/3588/3325
f 2237/3592/3326 2238/3593/3327 2239/3594/2798
f 2239/3594/2798 2240/3595/508 2237/3592/3326
f 2241/3596/3328 2240/3595/508 2239/3594/2798
f 2242/3597/508 2240/3595/508 2241/3596/3328
f 2239/3594/2798 2243/3598/3329 2241/3596/3328
f 2244/3599/3330 2237/3592/3326 2240/3595/508
f 2245/3600/3331 2246/3601/508 2242/3597/508
f 2246/3601/508 2247/3602/3332 2248/3603/508
f 2249/3604/3333 2250/3605/3334 2251/3606/3335
f 2251/3606/3335 2252/3607/3336 2249/3604/3333
f 2238/3608/3327 2237/3609/3326 2249/3604/3333
f 2250/3605/3334 2249/3604/3333 2237/3609/3326
f 2237/3609/3326 2244/3610/3330 2250/3605/3334
f 2253/3611/2798 2250/3605/3334 2244/3610/3330
f 2253/3611/2798 2251/3606/3335 2250/3605/3334
f 2253/3611/2798 2254/3612/3337 2251/3606/3335
f 2252/3607/3336 2251/3606/3335 2254/3612/3337
f 2254/3612/3337 2255/3613/3338 2252/3607/3336
f 2255/3613/3338 2254/3612/3337 2256/3614/3339
f 2256/3614/3339 2257/3615/3340 2255/3613/3338
f 2257/3615/3340 2256/3614/3339 2258/3616/3341
f 2259/3617/2798 2258/3616/3341 2256/3614/3339
f 2256/3614/3339 2260/3618/2798 2259/3617/2798
f 2260/3618/2798 2256/3614/3339 2254/3612/3337
f 2254/3612/3337 2253/3611/2798 2260/3618/2798
f 2258/3616/3341 2261/3619/3342 2257/3615/3340
f 2257/3615/3340 2261/3619/3342 2262/3620/3343
f 2262/3620/3343 2263/3621/3344 2257/3615/3340
f 2255/3613/3338 2257/3615/3340 2263/3621/3344
f 2263/3621/3344 2264/3622/3345 2255/3613/3338
f 2252/3607/3336 2255/3613/3338 2264/3622/3345
f 2264/3622/3345 2265/3623/3346 2252/3607/3336
f 2249/3604/3333 2252/3607/3336 2265/3623/3346
f 2265/3623/3346 2266/3624/3347 2249/3604/3333
f 2249/3604/3333 2266/3624/3347 2238/3608/3327
f 2267/3625/3348 2262/3620/3343 2261/3619/3342
f 2261/3619/3342 2268/3626/3349 2267/3625/3348
f 2269/3627/3350 2268/3626/3349 2261/3619/3342
f 2268/3626/3349 2269/3627/3350 2270/3628/3351
f 2270/3628/3351 2271/3629/3352 2268/3626/3349
f 2272/3630/3353 2267/3625/3348 2268/3626/3349
f 2268/3626/3349 2271/3629/3352 2272/3630/3353
f 2273/3631/3354 2272/3630/3353 2271/3629/3352
f 2271/3629/3352 2274/3632/3355 2273/3631/3354
f 2275/3633/3356 2274/3632/3355 2271/3629/3352
f 2271/3629/3352 2270/3628/3351 2275/3633/3356
f 2275/3633/3356 2270/3628/3351 2259/3617/2798
f 2259/3617/2798 2270/3628/3351 2269/3627/3350
f 2259/3617/2798 2269/3627/3350 2258/3616/3341
f 2261/3619/3342 2258/3616/3341 2269/3627/3350
f 1986/3417/3090 718/3634/2616 2090/3635/3189
f 2276/3636/3357 2220/3637/3309 2243/3638/3329
f 2243/3638/3329 2239/3639/2798 2276/3636/3357
f 2266/3640/3347 2239/3639/2798 2238/3641/3327
f 2276/3636/3357 2239/3639/2798 2266/3640/3347
f 2276/3636/3357 2266/3640/3347 2265/3642/3346
f 2265/3642/3346 2277/3643/3358 2276/3636/3357
f 2264/3644/3345 2277/3643/3358 2265/3642/3346
f 2263/3645/3344 2277/3643/3358 2264/3644/3345
f 2263/3645/3344 2278/3646/3359 2277/3643/3358
f 2262/3647/3343 2278/3646/3359 2263/3645/3344
f 2267/3648/3348 2278/3646/3359 2262/3647/3343
f 2267/3648/3348 2279/3649/3360 2278/3646/3359
f 2279/3649/3360 2267/3648/3348 2272/3650/3353
f 2279/3649/3360 2272/3650/3353 2280/3651/2798
f 2272/3650/3353 2273/3652/3354 2280/3651/2798
f 2281/3653/3361 2279/3649/3360 2280/3651/2798
f 2280/3651/2798 2282/3654/3362 2281/3653/3361
f 2281/3653/3361 2282/3654/3362 2283/3655/3363
f 2283/3655/3363 2284/3656/3364 2281/3653/3361
f 2090/3635/3189 1927/3418/3037 1986/3417/3090
f 2285/3657/3365 2286/3658/3366 2287/3659/3367
f 2285/3657/3365 2287/3659/3367 2288/3660/3368
f 2289/3661/3369 2290/3662/3370 2291/3663/3371
f 2290/3662/3370 2289/3661/3369 2285/3657/3365
f 2285/3657/3365 2292/3664/3372 2290/3662/3370
f 2288/3660/3368 2292/3664/3372 2285/3657/3365
f 2292/3664/3372 2288/3660/3368 2293/3665/3373
f 2293/3665/3373 2294/3666/3374 2292/3664/3372
f 2294/3666/3374 2293/3665/3373 2295/3667/3375
f 2294/3666/3374 2295/3667/3375 2296/3668/3376
f 2294/3666/3374 2296/3668/3376 2297/3669/3377
f 2294/3666/3374 2297/3669/3377 2298/3670/3378
f 2294/3666/3374 2298/3670/3378 2299/3671/3379
f 2300/3672/3380 2301/3673/3381 2302/3674/3382
f 2300/3672/3380 2302/3674/3382 2303/3675/3383
f 2303/3675/3383 2304/3676/3384 2300/3672/3380
f 2304/3676/3384 2303/3675/3383 2305/3677/3385
f 2306/3678/90 2305/3677/3385 2303/3675/3383
f 2307/3679/3386 2305/3677/3385 2306/3678/90
f 2306/3678/90 2308/3680/3387 2307/3679/3386
f 2291/3663/3371 2307/3679/3386 2308/3680/3387
f 2308/3680/3387 2309/3681/3388 2291/3663/3371
f 2291/3663/3371 2309/3681/3388 2289/3661/3369
f 2303/3675/3383 2310/3682/3389 2306/3678/90
f 2311/3683/3390 2312/3684/3391 2313/3685/3392
f 2313/3685/3392 2314/3686/3393 2311/3683/3390
f 2314/3686/3393 2313/3685/3392 2315/3687/3394
f 2315/3687/3394 2316/3688/3395 2314/3686/3393
f 2316/3688/3395 2315/3687/3394 2317/3689/3396
f 2223/3690/3312 2226/3691/3315 2312/3684/3391
f 2312/3684/3391 2311/3683/3390 2223/3690/3312
f 2227/3692/3316 2223/3690/3312 2311/3683/3390
f 2311/3683/3390 2318/3693/3397 2227/3692/3316
f 2318/3693/3397 2311/3683/3390 2314/3686/3393
f 2314/3686/3393 2319/3694/3398 2318/3693/3397
f 2320/2139/3399 2319/3694/3398 2314/3686/3393
f 2314/3686/3393 2316/3688/3395 2320/2139/3399
f 2320/2139/3399 2316/3688/3395 2321/2141/3400
f 2317/3689/3396 2321/2141/3400 2316/3688/3395
f 2157/3695/3246 2227/3692/3316 2318/3693/3397
f 2322/2140/3401 2321/2141/3400 2323/3696/3402
f 2323/3696/3402 2324/3697/3403 2322/2140/3401
f 2321/2141/3400 2317/3689/3396 2325/3698/3404
f 2325/3698/3404 2323/3696/3402 2321/2141/3400
f 2323/3696/3402 2325/3698/3404 2310/3699/3389
f 2310/3699/3389 2303/3700/3383 2323/3696/3402
f 2324/3697/3403 2323/3696/3402 2303/3700/3383
f 2303/3700/3383 2302/3701/3382 2324/3697/3403
f 2090/3479/3189 2326/3702/3405 2327/3703/634
f 2123/3704/3215 267/3705/2181 278/3706/2191
f 278/3706/2191 2121/3707/3213 2123/3704/3215
f 2201/3708/3290 2220/3709/3309 2276/3710/3357
f 2276/3710/3357 2203/3711/3292 2201/3708/3290
f 2203/3711/3292 2276/3710/3357 2277/3712/3358
f 2277/3712/3358 2204/3713/3293 2203/3711/3292
f 2204/3713/3293 2277/3712/3358 2278/3714/3359
f 2278/3714/3359 2205/3715/3294 2204/3713/3293
f 2206/3716/3295 2205/3715/3294 2278/3714/3359
f 2278/3714/3359 2279/3717/3360 2206/3716/3295
f 2206/3716/3295 2279/3717/3360 2281/3718/3361
f 2281/3718/3361 2207/3719/3296 2206/3716/3295
f 2207/3719/3296 2281/3718/3361 2284/3720/3364
f 2284/3720/3364 2208/3721/3297 2207/3719/3296
f 2284/3720/3364 2209/3722/3298 2208/3721/3297
f 2327/3703/634 2091/3480/631 2090/3479/3189
f 2039/2237/3141 2328/2224/3406 2329/2229/3407
f 2330/2226/3408 2329/2229/3407 2328/2224/3406
f 2328/2224/3406 2331/2225/3409 2330/2226/3408
f 2330/2226/3408 2331/2225/3409 2332/2208/3410
f 2332/2208/3410 2333/2211/3411 2330/2226/3408
f 2330/2226/3408 2333/2211/3411 2334/2227/3412
f 2334/2227/3412 2333/2211/3411 2335/2212/3413
f 2334/2227/3412 2335/2212/3413 2336/2158/3414
f 2187/2157/3276 2334/2227/3412 2336/2158/3414
f 2336/2158/3414 2188/2148/3277 2187/2157/3276
f 2334/2227/3412 2337/2228/3415 2330/2226/3408
f 2330/2226/3408 2337/2228/3415 2338/2230/3416
f 2338/2230/3416 2329/2229/3407 2330/2226/3408
f 2066/2167/3168 2067/2233/3169 2187/2157/3276
f 2334/2227/3412 2187/2157/3276 2067/2233/3169
f 2067/2233/3169 2068/2232/3170 2334/2227/3412
f 2334/2227/3412 2068/2232/3170 2337/2228/3415
f 2337/2228/3415 2068/2232/3170 2069/2231/3171
f 2069/2231/3171 2338/2230/3416 2337/2228/3415
f 2035/2234/3137 2338/2230/3416 2069/2231/3171
f 2338/2230/3416 2035/2234/3137 2037/2236/3139
f 2037/2236/3139 2329/2229/3407 2338/2230/3416
f 2329/2229/3407 2037/2236/3139 2039/2237/3141
f 2069/2231/3171 2033/2235/3135 2035/2234/3137
f 2039/2237/3141 2041/2245/3143 2147/2244/3236
f 2339/2253/3417 2142/2255/3231 2340/2252/3418
f 2146/2254/3235 2142/2255/3231 2339/2253/3417
f 2339/2253/3417 2341/2242/3419 2146/2254/3235
f 2147/2244/3236 2146/2254/3235 2341/2242/3419
f 2341/2242/3419 2342/2241/3420 2147/2244/3236
f 2147/2244/3236 2342/2241/3420 2039/2237/3141
f 2039/2237/3141 2342/2241/3420 2343/2223/3421
f 2343/2223/3421 2328/2224/3406 2039/2237/3141
f 2328/2224/3406 2343/2223/3421 2344/2222/3422
f 2344/2222/3422 2331/2225/3409 2328/2224/3406
f 2340/2252/3418 2142/2255/3231 2143/2256/3232
f 2341/2242/3419 2339/2253/3417 2345/2243/3423
f 2346/2238/3424 2347/2207/3425 2344/2222/3422
f 2344/2222/3422 2348/2239/3426 2346/2238/3424
f 2346/2238/3424 2348/2239/3426 2349/2250/3427
f 2345/2243/3423 2349/2250/3427 2348/2239/3426
f 2348/2239/3426 2350/2240/3428 2345/2243/3423
f 2345/2243/3423 2350/2240/3428 2341/2242/3419
f 2342/2241/3420 2341/2242/3419 2350/2240/3428
f 2350/2240/3428 2343/2223/3421 2342/2241/3420
f 2343/2223/3421 2350/2240/3428 2348/2239/3426
f 2348/2239/3426 2344/2222/3422 2343/2223/3421
f 2349/2250/3427 2351/2248/3429 2346/2238/3424
f 2346/2238/3424 2351/2248/3429 2352/2260/3430
f 2352/2260/3430 2353/2218/3431 2346/2238/3424
f 2347/2207/3425 2346/2238/3424 2353/2218/3431
f 2353/2218/3431 2354/2206/3432 2347/2207/3425
f 2355/2246/3433 2352/2260/3430 2351/2248/3429
f 2145/2258/3234 2222/2259/3311 2355/2246/3433
f 2355/2246/3433 2139/2257/3228 2145/2258/3234
f 2356/2247/3434 2139/2257/3228 2355/2246/3433
f 2351/2248/3429 2356/2247/3434 2355/2246/3433
f 2144/2249/3233 2356/2247/3434 2351/2248/3429
f 2351/2248/3429 2349/2250/3427 2144/2249/3233
f 2141/2251/3230 2144/2249/3233 2349/2250/3427
f 2349/2250/3427 2345/2243/3423 2141/2251/3230
f 2340/2252/3418 2141/2251/3230 2345/2243/3423
f 2345/2243/3423 2339/2253/3417 2340/2252/3418
f 2357/2214/3435 2358/2210/3436 2359/2209/3437
f 2359/2209/3437 2360/2215/3438 2357/2214/3435
f 2361/2216/3439 2360/2215/3438 2359/2209/3437
f 2359/2209/3437 2354/2206/3432 2361/2216/3439
f 2362/2217/3440 2361/2216/3439 2354/2206/3432
f 2354/2206/3432 2353/2218/3431 2362/2217/3440
f 2221/2219/3310 2362/2217/3440 2353/2218/3431
f 2353/2218/3431 2352/2260/3430 2221/2219/3310
f 2222/2259/3311 2221/2219/3310 2352/2260/3430
f 2352/2260/3430 2355/2246/3433 2222/2259/3311
f 2331/2225/3409 2344/2222/3422 2347/2207/3425
f 2347/2207/3425 2332/2208/3410 2331/2225/3409
f 2332/2208/3410 2347/2207/3425 2354/2206/3432
f 2354/2206/3432 2359/2209/3437 2332/2208/3410
f 2332/2208/3410 2359/2209/3437 2358/2210/3436
f 2358/2210/3436 2333/2211/3411 2332/2208/3410
f 2333/2211/3411 2358/2210/3436 2363/2213/3441
f 2363/2213/3441 2335/2212/3413 2333/2211/3411
f 2335/2212/3413 2363/2213/3441 2364/2220/3442
f 2364/2220/3442 2336/2158/3414 2335/2212/3413
f 2180/2153/3269 2365/2151/3443 2181/2152/3270
f 2181/2152/3270 2365/2151/3443 2366/2143/3444
f 2366/2143/3444 2367/2144/3445 2181/2152/3270
f 2367/2144/3445 2366/2143/3444 2368/2142/3446
f 2368/2142/3446 2369/2145/3447 2367/2144/3445
f 2369/2145/3447 2368/2142/3446 2370/2147/3448
f 2370/2147/3448 2371/2146/3449 2369/2145/3447
f 2371/2146/3449 2370/2147/3448 2364/2220/3442
f 2364/2220/3442 2372/2221/3450 2371/2146/3449
f 2372/2221/3450 2364/2220/3442 2363/2213/3441
f 2363/2213/3441 2357/2214/3435 2372/2221/3450
f 2358/2210/3436 2357/2214/3435 2363/2213/3441
f 2336/2158/3414 2364/2220/3442 2370/2147/3448
f 2370/2147/3448 2188/2148/3277 2336/2158/3414
f 2188/2148/3277 2370/2147/3448 2368/2142/3446
f 2368/2142/3446 2189/2149/3278 2188/2148/3277
f 2189/2149/3278 2368/2142/3446 2366/2143/3444
f 2366/2143/3444 2191/2150/3280 2189/2149/3278
f 2191/2150/3280 2366/2143/3444 2365/2151/3443
f 2365/2151/3443 2192/2155/3281 2191/2150/3280
f 2192/2155/3281 2365/2151/3443 2180/2153/3269
f 2180/2153/3269 2182/2160/3271 2192/2155/3281
f 2083/3723/3183 2082/3724/3182 2373/3725/3451
f 2082/3724/3182 2374/3726/3452 2373/3725/3451
f 2082/3724/3182 2375/3727/3453 2374/3726/3452
f 2082/3724/3182 2376/3728/3454 2375/3727/3453
f 2375/3727/3453 2376/3728/3454 2102/3729/3197
f 2102/3729/3197 2377/3730/3455 2375/3727/3453
f 2377/3730/3455 2102/3729/3197 2105/3731/3200
f 2105/3731/3200 2378/3732/3456 2377/3730/3455
f 2378/3732/3456 2105/3731/3200 2107/3733/3202
f 2107/3733/3202 2379/2482/3457 2378/3732/3456
f 2158/3734/3247 2157/3735/3246 2318/3736/3397
f 2318/3736/3397 2374/3726/3452 2158/3734/3247
f 2186/3737/3275 2158/3734/3247 2374/3726/3452
f 2374/3726/3452 2375/3727/3453 2186/3737/3275
f 2195/3738/3284 2186/3737/3275 2375/3727/3453
f 2375/3727/3453 2377/3730/3455 2195/3738/3284
f 2196/3739/3285 2195/3738/3284 2377/3730/3455
f 2377/3730/3455 2378/3732/3456 2196/3739/3285
f 2198/2483/3287 2196/3739/3285 2378/3732/3456
f 2378/3732/3456 2379/2482/3457 2198/2483/3287
f 2200/2484/3289 2198/2483/3287 2379/2482/3457
f 2379/2482/3457 2380/2485/3458 2200/2484/3289
f 2202/2481/3291 2200/2484/3289 2380/2485/3458
f 2380/2485/3458 2381/2486/3459 2202/2481/3291
f 2202/2481/3291 2381/2486/3459 2382/2479/3460
f 2095/2487/3192 2382/2479/3460 2381/2486/3459
f 2383/2478/3461 2382/2479/3460 2095/2487/3192
f 2095/2487/3192 2097/2488/3193 2383/2478/3461
f 2384/2489/3462 2383/2478/3461 2097/2488/3193
f 2097/2488/3193 2099/2490/3195 2384/2489/3462
f 2384/2489/3462 2385/2491/3463 2386/2477/3464
f 2386/2477/3464 2383/2478/3461 2384/2489/3462
f 2382/2479/3460 2383/2478/3461 2386/2477/3464
f 2386/2477/3464 2387/2480/3465 2382/2479/3460
f 2382/2479/3460 2387/2480/3465 2202/2481/3291
f 2380/2485/3458 2379/2482/3457 2107/3733/3202
f 2107/3733/3202 2109/3740/3204 2380/2485/3458
f 2380/2485/3458 2109/3740/3204 2388/3741/3466
f 2388/3741/3466 2381/2486/3459 2380/2485/3458
f 2095/2487/3192 2381/2486/3459 2388/3741/3466
f 2095/2487/3192 2388/3741/3466 2092/3742/3190
f 2110/3743/3205 2389/3744/3467 2390/3745/3468
f 2390/3745/3468 2391/3746/3469 2110/3743/3205
f 2391/3746/3469 2390/3745/3468 2392/3747/3470
f 2392/3747/3470 2393/2495/3471 2391/3746/3469
f 2121/3748/3213 278/3749/2191 2394/3750/3472
f 2394/3750/3472 2119/3751/3212 2121/3748/3213
f 2117/3752/3210 2119/3751/3212 2394/3750/3472
f 2394/3750/3472 2395/3753/3473 2117/3752/3210
f 2115/3754/3209 2117/3752/3210 2395/3753/3473
f 2395/3753/3473 2396/3755/3474 2115/3754/3209
f 2115/3754/3209 2396/3755/3474 2397/3756/3475
f 2397/3756/3475 2113/3757/3207 2115/3754/3209
f 2110/3743/3205 2113/3757/3207 2397/3756/3475
f 2397/3756/3475 2389/3744/3467 2110/3743/3205
f 722/3758/2618 724/3759/632 2398/3760/633
f 2399/2286/3476 2400/2287/3477 2401/2285/3478
f 2401/2285/3478 2402/2277/3479 2399/2286/3476
f 2402/2277/3479 2401/2285/3478 2403/2284/3480
f 2403/2284/3480 2404/2276/3481 2402/2277/3479
f 2405/2283/3482 2404/2276/3481 2403/2284/3480
f 2405/2283/3482 2300/2282/3380 2404/2276/3481
f 2404/2276/3481 2300/2282/3380 2304/2281/3384
f 2404/2276/3481 2304/2281/3384 2305/2280/3385
f 2305/2280/3385 2406/2279/3483 2404/2276/3481
f 2404/2276/3481 2406/2279/3483 2407/2278/3484
f 2407/2278/3484 2402/2277/3479 2404/2276/3481
f 2408/3761/3485 2406/2279/3483 2305/2280/3385
f 2406/2279/3483 2408/3761/3485 2407/2278/3484
f 2407/2278/3484 2408/3761/3485 2409/3762/3486
f 2402/2277/3479 2407/2278/3484 2409/3762/3486
f 2409/3762/3486 2399/2286/3476 2402/2277/3479
f 2399/2286/3476 2409/3762/3486 2410/3763/3487
f 2410/3763/3487 2411/3764/3488 2399/2286/3476
f 2411/3764/3488 2410/3763/3487 2412/3765/3489
f 2412/3765/3489 2413/3766/3490 2411/3764/3488
f 2413/3766/3490 2412/3765/3489 2414/3767/3491
f 2415/3768/3492 2416/3769/3493 2417/3770/3494
f 2414/3767/3491 2417/3770/3494 2416/3769/3493
f 2418/3771/3495 2417/3770/3494 2414/3767/3491
f 2414/3767/3491 2412/3765/3489 2418/3771/3495
f 2418/3771/3495 2412/3765/3489 2410/3763/3487
f 2410/3763/3487 2408/3761/3485 2418/3771/3495
f 2408/3761/3485 2410/3763/3487 2409/3762/3486
f 2419/3772/3496 2420/3773/3497 2421/3774/3498
f 2421/3774/3498 2420/3773/3497 2415/3768/3492
f 2415/3768/3492 2422/3775/3499 2421/3774/3498
f 2415/3768/3492 2417/3770/3494 2422/3775/3499
f 2422/3775/3499 2417/3770/3494 2290/3776/3370
f 2291/3777/3371 2290/3776/3370 2417/3770/3494
f 2417/3770/3494 2418/3771/3495 2291/3777/3371
f 2307/3778/3386 2291/3777/3371 2418/3771/3495
f 2418/3771/3495 2408/3761/3485 2307/3778/3386
f 2305/2280/3385 2307/3778/3386 2408/3761/3485
f 2290/3776/3370 2292/3779/3372 2422/3775/3499
f 2422/3775/3499 2292/3779/3372 2294/3780/3374
f 2294/3780/3374 2421/3774/3498 2422/3775/3499
f 2421/3774/3498 2294/3780/3374 2299/3781/3379
f 2299/3781/3379 2423/3782/3500 2421/3774/3498
f 2421/3774/3498 2423/3782/3500 2419/3772/3496
f 2414/3767/3491 2424/3783/3501 2413/3766/3490
f 2424/3783/3501 2414/3767/3491 2416/3769/3493
f 2416/3769/3493 2425/3784/3502 2424/3783/3501
f 2425/3784/3502 2416/3769/3493 2415/3768/3492
f 2415/3768/3492 2420/3773/3497 2425/3784/3502
f 2420/3773/3497 2419/3772/3496 2425/3784/3502
f 2419/3772/3496 2426/3785/3503 2425/3784/3502
f 2426/3785/3503 2427/3786/3504 2425/3784/3502
f 2428/3787/3505 2425/3784/3502 2427/3786/3504
f 2425/3784/3502 2428/3787/3505 2429/3788/3506
f 2429/3788/3506 2424/3783/3501 2425/3784/3502
f 2424/3783/3501 2429/3788/3506 2430/3789/3507
f 2430/3789/3507 2413/3766/3490 2424/3783/3501
f 2413/3766/3490 2430/3789/3507 2431/3790/3508
f 2431/3790/3508 2411/3764/3488 2413/3766/3490
f 2411/3764/3488 2431/3790/3508 2432/3791/3509
f 2432/3791/3509 2399/2286/3476 2411/3764/3488
f 2400/2287/3477 2399/2286/3476 2432/3791/3509
f 2433/2336/3510 2434/2347/3511 2435/2348/3512
f 2434/2347/3511 2433/2336/3510 2436/2345/3513
f 2437/2338/3514 2436/2345/3513 2433/2336/3510
f 2438/2344/3515 2436/2345/3513 2437/2338/3514
f 2438/2344/3515 2434/2347/3511 2436/2345/3513
f 2438/2344/3515 2439/2351/3516 2434/2347/3511
f 2433/2336/3510 2440/2337/3517 2437/2338/3514
f 258/2354/2172 2441/2349/3518 2435/2348/3512
f 2435/2348/3512 2442/2353/3519 258/2354/2172
f 2442/2353/3519 2435/2348/3512 2434/2347/3511
f 2434/2347/3511 2443/2352/3520 2442/2353/3519
f 2443/2352/3520 2434/2347/3511 2439/2351/3516
f 2439/2351/3516 2444/2358/3521 2443/2352/3520
f 2295/2357/3375 2444/2358/3521 2439/2351/3516
f 2439/2351/3516 2296/2356/3376 2295/2357/3375
f 2297/2343/3377 2296/2356/3376 2439/2351/3516
f 2439/2351/3516 2438/2344/3515 2297/2343/3377
f 2429/2332/3506 2445/1460/3522 2446/2330/3523
f 2445/1460/3522 2429/2332/3506 2428/2326/3505
f 2445/1460/3522 2428/2326/3505 2447/2327/3524
f 2447/2327/3524 2428/2326/3505 2448/2324/3525
f 2449/2359/3526 2447/2327/3524 2448/2324/3525
f 2448/2324/3525 2450/2350/3527 2449/2359/3526
f 2451/2319/3528 2449/2359/3526 2450/2350/3527
f 2450/2350/3527 2441/2349/3518 2451/2319/3528
f 2451/2319/3528 2441/2349/3518 259/2355/2173
f 2441/2349/3518 258/2354/2172 259/2355/2173
f 259/2355/2173 260/2318/2174 2451/2319/3528
f 2451/2319/3528 260/2318/2174 261/2317/2175
f 2441/2349/3518 2450/2350/3527 2452/2335/3529
f 2453/2325/3530 2452/2335/3529 2450/2350/3527
f 2450/2350/3527 2448/2324/3525 2453/2325/3530
f 2448/2324/3525 2428/2326/3505 2453/2325/3530
f 2453/2325/3530 2428/2326/3505 2427/2334/3504
f 2453/2325/3530 2427/2334/3504 2426/2333/3503
f 2297/2343/3377 2438/2344/3515 2454/2340/3531
f 2437/2338/3514 2454/2340/3531 2438/2344/3515
f 2454/2340/3531 2437/2338/3514 2419/2339/3496
f 2426/2333/3503 2419/2339/3496 2437/2338/3514
f 2437/2338/3514 2440/2337/3517 2426/2333/3503
f 2426/2333/3503 2440/2337/3517 2453/2325/3530
f 2453/2325/3530 2440/2337/3517 2433/2336/3510
f 2433/2336/3510 2452/2335/3529 2453/2325/3530
f 2435/2348/3512 2452/2335/3529 2433/2336/3510
f 2452/2335/3529 2435/2348/3512 2441/2349/3518
f 2419/2339/3496 2423/2341/3500 2454/2340/3531
f 2298/2342/3378 2454/2340/3531 2423/2341/3500
f 2454/2340/3531 2298/2342/3378 2297/2343/3377
f 2423/2341/3500 2299/2346/3379 2298/2342/3378
f 2455/2305/3532 2456/2306/3533 2457/2300/3534
f 2457/2300/3534 2458/2299/3535 2455/2305/3532
f 2458/2299/3535 2457/2300/3534 2405/2288/3482
f 2405/2288/3482 2403/2298/3480 2458/2299/3535
f 2131/2310/3220 2459/2309/3536 2456/2306/3533
f 2324/2308/3403 2456/2306/3533 2459/2309/3536
f 2324/2308/3403 2302/2307/3382 2456/2306/3533
f 2457/2300/3534 2456/2306/3533 2302/2307/3382
f 2302/2307/3382 2301/2290/3381 2457/2300/3534
f 2405/2288/3482 2457/2300/3534 2301/2290/3381
f 2301/2290/3381 2300/2289/3380 2405/2288/3482
f 2460/2294/3537 2400/2295/3477 2432/2292/3509
f 2400/2295/3477 2460/2294/3537 2461/2296/3538
f 2461/2296/3538 2401/2297/3478 2400/2295/3477
f 2403/2298/3480 2401/2297/3478 2461/2296/3538
f 2461/2296/3538 2458/2299/3535 2403/2298/3480
f 2458/2299/3535 2461/2296/3538 2462/2304/3539
f 2462/2304/3539 2455/2305/3532 2458/2299/3535
f 2455/2305/3532 2462/2304/3539 2128/2311/3219
f 2128/2311/3219 2131/2310/3220 2455/2305/3532
f 2456/2306/3533 2455/2305/3532 2131/2310/3220
f 2462/2304/3539 2461/2296/3538 2460/2294/3537
f 2127/2303/3218 2128/2311/3219 2462/2304/3539
f 2462/2304/3539 2463/2302/3540 2127/2303/3218
f 2460/2294/3537 2463/2302/3540 2462/2304/3539
f 2463/2302/3540 2460/2294/3537 2464/2293/3541
f 2432/2292/3509 2464/2293/3541 2460/2294/3537
f 2464/2293/3541 2432/2292/3509 2431/2291/3508
f 2431/2291/3508 2465/2323/3542 2464/2293/3541
f 2465/2323/3542 2431/2291/3508 2430/2331/3507
f 2430/2331/3507 2446/2330/3523 2465/2323/3542
f 2446/2330/3523 2430/2331/3507 2429/2332/3506
f 2466/2301/3543 2127/2303/3218 2463/2302/3540
f 2464/2293/3541 2466/2301/3543 2463/2302/3540
f 2466/2301/3543 2464/2293/3541 2465/2323/3542
f 2465/2323/3542 2467/2322/3544 2466/2301/3543
f 2467/2322/3544 2465/2323/3542 2446/2330/3523
f 2446/2330/3523 2468/2329/3545 2467/2322/3544
f 2468/2329/3545 2446/2330/3523 2445/1460/3522
f 2445/1460/3522 2469/2328/3546 2468/2329/3545
f 2469/2328/3546 2445/1460/3522 2447/2327/3524
f 2447/2327/3524 2449/2359/3526 2469/2328/3546
f 2470/2321/3547 2467/2322/3544 2468/2329/3545
f 2470/2321/3547 2468/2329/3545 2471/2320/3548
f 2471/2320/3548 2468/2329/3545 2469/2328/3546
f 2449/2359/3526 2451/2319/3528 2469/2328/3546
f 2469/2328/3546 2451/2319/3528 2471/2320/3548
f 261/2317/2175 2471/2320/3548 2451/2319/3528
f 2471/2320/3548 261/2317/2175 263/2315/2177
f 263/2315/2177 2470/2321/3547 2471/2320/3548
f 2472/2313/3549 2470/2321/3547 263/2315/2177
f 2472/2313/3549 2467/2322/3544 2470/2321/3547
f 2472/2313/3549 2466/2301/3543 2467/2322/3544
f 2466/2301/3543 2472/2313/3549 2125/2312/3217
f 2125/2312/3217 2127/2303/3218 2466/2301/3543
f 263/2315/2177 264/2314/2178 2472/2313/3549
f 2125/2312/3217 2472/2313/3549 264/2314/2178
f 267/2316/2181 2125/2312/3217 264/2314/2178
f 2473/3792/3550 2474/3793/3551 2475/3794/3552
f 2474/3793/3551 2473/3792/3550 2476/3795/3553
f 2476/3795/3553 2473/3792/3550 2477/3796/3554
f 2473/3792/3550 2389/3744/3467 2477/3796/3554
f 2477/3796/3554 2389/3744/3467 2397/3756/3475
f 2473/3792/3550 2390/3745/3468 2389/3744/3467
f 2478/3797/3555 2474/3793/3551 2479/3798/3556
f 2479/3798/3556 2474/3793/3551 2476/3795/3553
f 2479/3798/3556 2476/3795/3553 2480/3799/3557
f 2480/3799/3557 2476/3795/3553 2477/3796/3554
f 2480/3799/3557 2477/3796/3554 2481/3800/3558
f 2397/3756/3475 2481/3800/3558 2477/3796/3554
f 2481/3800/3558 2397/3756/3475 2482/3801/3559
f 2483/3802/3560 2482/3801/3559 2397/3756/3475
f 2396/3755/3474 2483/3802/3560 2397/3756/3475
f 2484/3803/1682 2483/3802/3560 2396/3755/3474
f 2482/3801/3559 2485/3804/1650 2481/3800/3558
f 2480/3799/3557 2481/3800/3558 2485/3804/1650
f 2396/3755/3474 2395/3753/3473 2484/3803/1682
f 2484/3803/1682 2395/3753/3473 2394/3750/3472
f 2394/3750/3472 2486/3805/3561 2484/3803/1682
f 1881/3806/2998 2486/3805/3561 2394/3750/3472
f 2394/3750/3472 278/3749/2191 1881/3806/2998
f 278/3749/2191 277/3807/1687 1881/3806/2998
f 2487/3808/3562 2488/3809/3563 2489/3810/3564
f 2490/3811/3565 2487/3808/3562 2489/3810/3564
f 2487/3812/3562 2491/3813/3566 2492/3814/3567
f 2492/3814/3567 2493/3815/3568 2487/3812/3562
f 2494/3816/3569 2495/3817/3570 2488/3818/3563
f 2488/3818/3563 2496/3819/3571 2494/3816/3569
f 2489/3820/3564 2497/3821/3572 2498/3822/3573
f 2498/3822/3573 2499/3823/3574 2489/3820/3564
f 2500/3824/3575 2501/3825/3576 2490/3826/3565
f 2490/3826/3565 2502/3827/3577 2500/3824/3575
f 2490/3828/3565 2501/3829/3576 2492/3830/3567
f 2492/3830/3567 2491/3831/3566 2490/3828/3565
f 2498/3832/3573 2497/3833/3572 2488/3834/3563
f 2488/3834/3563 2495/3835/3570 2498/3832/3573
f 2493/3815/3568 2494/3816/3569 2496/3819/3571
f 2496/3819/3571 2487/3812/3562 2493/3815/3568
f 2500/3824/3575 2502/3827/3577 2489/3820/3564
f 2489/3820/3564 2499/3823/3574 2500/3824/3575
f 2503/3836/3578 2504/3837/3579 2505/3838/3580
f 2505/3838/3580 2506/3839/3581 2503/3836/3578
f 2506/3839/3581 2505/3838/3580 2507/3840/966
f 2507/3840/966 2508/3841/3582 2506/3839/3581
f 2509/3842/3583 2510/3843/3584 2511/3844/3585
f 2511/3844/3585 2512/3845/3586 2509/3842/3583
f 2504/3837/3579 2513/3846/3587 2514/3847/3588
f 2514/3847/3588 2505/3838/3580 2504/3837/3579
f 2505/3838/3580 2514/3847/3588 2515/3848/3589
f 2515/3848/3589 2507/3840/966 2505/3838/3580
f 2507/3840/966 2515/3848/3589 2516/3849/3590
f 2516/3849/3590 2517/3850/3591 2507/3840/966
f 2508/3841/3582 2507/3840/966 2517/3850/3591
f 2517/3850/3591 2518/3851/3592 2508/3841/3582
f 2398/3760/633 2519/3852/3593 722/3758/2618
f 2520/3853/3594 2521/3854/3595 2522/3855/3596
f 2522/3855/3596 2523/3856/3597 2520/3853/3594
f 2523/3856/3597 2522/3855/3596 2518/3851/3592
f 2518/3851/3592 2517/3850/3591 2523/3856/3597
f 2524/3857/3598 2523/3856/3597 2517/3850/3591
f 2523/3856/3597 2524/3857/3598 2525/3858/3599
f 2525/3858/3599 2520/3853/3594 2523/3856/3597
f 2517/3850/3591 2516/3849/3590 2524/3857/3598
f 2520/3853/3594 2525/3858/3599 2526/3859/3600
f 2526/3859/3600 2510/3843/3584 2520/3853/3594
f 2521/3854/3595 2520/3853/3594 2510/3843/3584
f 2510/3843/3584 2509/3842/3583 2521/3854/3595
f 2326/3860/3405 722/3861/2618 2519/3862/3593
f 2510/3843/3584 2526/3859/3600 2527/3863/3601
f 2527/3863/3601 2511/3844/3585 2510/3843/3584
f 2511/3844/3585 2527/3863/3601 2513/3864/3587
f 2513/3864/3587 2504/3865/3579 2511/3844/3585
f 2512/3845/3586 2511/3844/3585 2504/3865/3579
f 2504/3865/3579 2503/3866/3578 2512/3845/3586
f 2326/3860/3405 2090/3635/3189 722/3861/2618
f 2528/3867/3602 2529/3868/3603 2530/3869/3604
f 2531/3870/3605 2528/3867/3602 2530/3869/3604
f 2532/3871/3606 2531/3870/3605 2530/3869/3604
f 2090/3635/3189 718/3634/2616 722/3861/2618
f 2533/3812/3607 2534/3813/3608 2535/3814/3563
f 2535/3814/3563 2536/3815/3571 2533/3812/3607
f 2537/3816/3562 2538/3817/3566 2539/3818/3609
f 2539/3818/3609 2540/3819/3610 2537/3816/3562
f 2541/3820/3611 2542/3821/3612 2543/3822/3565
f 2543/3822/3565 2544/3823/3613 2541/3820/3611
f 2545/3824/3614 2546/3825/3572 2547/3826/3615
f 2547/3826/3615 2548/3827/3616 2545/3824/3614
f 2547/3828/3615 2546/3829/3572 2535/3830/3563
f 2535/3830/3563 2534/3831/3608 2547/3828/3615
f 2543/3832/3565 2542/3833/3612 2539/3834/3609
f 2539/3834/3609 2538/3835/3566 2543/3832/3565
f 2536/3815/3571 2537/3816/3562 2540/3819/3610
f 2540/3819/3610 2533/3812/3607 2536/3815/3571
f 2545/3824/3614 2548/3827/3616 2541/3820/3611
f 2541/3820/3611 2544/3823/3613 2545/3824/3614
f 2549/3207/3617 2550/3206/3618 2551/3205/3619
f 2549/3207/3617 2551/3205/3619 2552/3208/3620
f 2549/3207/3617 2552/3208/3620 2553/3209/3621
f 2554/3210/3622 2549/3207/3617 2553/3209/3621
f 2549/3211/3617 2554/3214/3622 2555/3213/3623
f 2555/3213/3623 2556/3212/3624 2549/3211/3617
f 2555/3215/3623 2554/3218/3622 1898/3217/3014
f 1898/3217/3014 1897/3216/3013 2555/3215/3623
f 2557/3199/3625 2558/3221/3626 2559/3220/3627
f 2559/3220/3627 2560/3219/3628 2557/3199/3625
f 2557/3199/3625 2560/3219/3628 2561/3223/3629
f 2561/3223/3629 2560/3219/3628 2555/3213/3623
f 2560/3219/3628 2556/3212/3624 2555/3213/3623
f 2560/3219/3628 2562/3222/3630 2556/3212/3624
f 2561/3223/3629 2563/3198/3631 2557/3199/3625
f 1904/3224/3020 2561/3225/3629 2555/3215/3623
f 2555/3215/3623 1897/3216/3013 1904/3224/3020
f 2551/3227/3619 2558/3221/3626 2564/3200/3632
f 2552/3872/3620 2551/3227/3619 2564/3200/3632
f 2552/3872/3620 2564/3200/3632 2565/3202/3633
f 2552/3872/3620 2565/3202/3633 2566/3201/3634
f 2566/3201/3634 2565/3202/3633 2564/3200/3632
f 2566/3201/3634 2564/3200/3632 2563/3198/3631
f 2564/3200/3632 2557/3199/3625 2563/3198/3631
f 2566/3201/3634 2553/3873/3621 2552/3872/3620
f 2556/3212/3624 2562/3222/3630 2559/3220/3627
f 2556/3212/3624 2559/3220/3627 2550/3226/3618
f 2550/3226/3618 2559/3220/3627 2558/3221/3626
f 2558/3221/3626 2551/3227/3619 2550/3226/3618
f 2567/3230/124 2568/3233/300 1907/3232/299
f 1907/3232/299 1906/3231/125 2567/3230/124
f 2569/3874/129 2570/3875/306 2571/3267/304
f 2571/3267/304 2572/3268/128 2569/3874/129
f 2572/3268/128 2571/3267/304 2573/3876/302
f 2573/3876/302 2574/3877/127 2572/3268/128
f 2574/3877/127 2573/3876/302 2568/3878/300
f 2568/3878/300 2567/3879/124 2574/3877/127
f 2575/3880/131 2576/3881/310 2577/3882/308
f 2577/3882/308 2578/3883/130 2575/3880/131
f 2578/3883/130 2577/3882/308 2570/3884/306
f 2570/3884/306 2569/3885/129 2578/3883/130
f 2579/3886/3635 2580/3887/113 2581/3888/112
f 2582/3889/3636 2580/3887/113 2579/3886/3635
f 2579/3886/3635 2583/3890/3637 2582/3889/3636
f 2582/3889/3636 2583/3890/3637 2584/3891/3638
f 2584/3891/3638 2585/3892/1643 2582/3889/3636
f 2585/3892/1643 2584/3891/3638 2586/3893/3639
f 2586/3893/3639 2587/3894/3640 2585/3892/1643
f 2587/3894/3640 2586/3893/3639 2588/3895/3641
f 2588/3895/3641 2589/3896/3642 2587/3894/3640
f 2589/3896/3642 2588/3895/3641 2479/3897/3556
f 2589/3896/3642 2479/3897/3556 2590/3898/1646
f 2479/3897/3556 2480/3899/3557 2590/3898/1646
f 2591/3900/108 2592/3901/3643 2593/3902/3644
f 2594/3903/109 2591/3900/108 2593/3902/3644
f 2594/3903/109 2593/3902/3644 2595/3904/3645
f 2596/3905/3646 2594/3903/109 2595/3904/3645
f 2595/3904/3645 2597/3906/3647 2596/3905/3646
f 2598/3907/111 2596/3905/3646 2597/3906/3647
f 2597/3906/3647 2599/3908/3648 2598/3907/111
f 2581/3888/112 2598/3907/111 2599/3908/3648
f 2599/3908/3648 2600/3909/3649 2581/3888/112
f 2581/3888/112 2600/3909/3649 2579/3886/3635
f 2326/3702/3405 2601/3910/3650 2602/3911/636
f 2603/3263/3651 1935/3266/3042 1934/3265/3041
f 1934/3265/3041 2604/3264/3652 2603/3263/3651
f 2604/3265/3652 1934/3283/3041 1930/3282/3038
f 1930/3282/3038 2605/3281/3653 2604/3265/3652
f 1943/3234/3050 2606/3296/3654 2607/3295/3655
f 2607/3295/3655 1913/3294/3027 1943/3234/3050
f 2608/3912/3656 2609/3913/3657 2610/3914/3658
f 2608/3912/3656 2610/3914/3658 2611/3915/3659
f 2612/3916/3660 2608/3912/3656 2611/3915/3659
f 2603/3917/3651 2612/3916/3660 2611/3915/3659
f 2603/3917/3651 2611/3915/3659 2613/3918/3661
f 2603/3917/3651 2613/3918/3661 1935/3919/3042
f 1932/3920/3039 1935/3919/3042 2613/3918/3661
f 1932/3920/3039 2613/3918/3661 2219/3921/3308
f 1932/3920/3039 2219/3921/3308 1941/3922/3048
f 2219/3921/3308 1939/3923/3046 1941/3922/3048
f 2219/3921/3308 2614/3924/3662 1939/3923/3046
f 2614/3924/3662 2615/3925/3663 1939/3923/3046
f 2615/3925/3663 1936/3926/3043 1939/3923/3046
f 2615/3925/3663 2616/3927/3664 1936/3926/3043
f 2616/3927/3664 1945/3928/3052 1936/3926/3043
f 2616/3927/3664 2617/3929/3665 1945/3928/3052
f 2617/3929/3665 2618/3930/3666 1945/3928/3052
f 2618/3930/3666 2619/3931/3667 1945/3928/3052
f 2619/3931/3667 1942/3932/3049 1945/3928/3052
f 2619/3931/3667 2620/3933/3668 1942/3932/3049
f 2620/3933/3668 2621/3934/3669 1942/3932/3049
f 2621/3934/3669 2622/3935/3670 1942/3932/3049
f 1942/3932/3049 2622/3935/3670 2623/3936/3671
f 1942/3932/3049 2623/3936/3671 2624/3937/3672
f 1942/3932/3049 2624/3937/3672 2625/3938/3673
f 2626/3939/3674 1942/3932/3049 2625/3938/3673
f 2626/3939/3674 2625/3938/3673 2627/3940/3675
f 2626/3939/3674 2627/3940/3675 2628/3941/3676
f 2626/3939/3674 2628/3941/3676 2629/3942/3677
f 2630/3943/3678 2626/3939/3674 2629/3942/3677
f 2630/3943/3678 2629/3942/3677 2609/3913/3657
f 2608/3912/3656 2630/3943/3678 2609/3913/3657
f 2220/3554/3309 2219/3553/3308 2613/3944/3661
f 2613/3944/3661 2631/3945/3679 2220/3554/3309
f 2632/3946/3680 2631/3945/3679 2613/3944/3661
f 2613/3944/3661 2611/3947/3659 2632/3946/3680
f 2602/3911/636 2327/3703/634 2326/3702/3405
f 2633/3297/3681 2634/3300/3682 2635/3299/3683
f 2635/3299/3683 2636/3298/3684 2633/3297/3681
f 2637/3306/3685 2638/3307/3686 2636/3298/3684
f 2636/3298/3684 2635/3299/3683 2637/3306/3685
f 2639/3305/3687 2637/3306/3685 2635/3299/3683
f 2635/3299/3683 2640/3304/3688 2639/3305/3687
f 2640/3304/3688 2635/3299/3683 2634/3300/3682
f 2634/3300/3682 2641/3303/3689 2640/3304/3688
f 2642/3301/3690 2641/3303/3689 2634/3300/3682
f 2634/3300/3682 2643/3302/3691 2642/3301/3690
f 2644/3310/3692 2645/3309/3693 2646/3308/3694
f 2644/3310/3692 2646/3308/3694 2647/3311/3695
f 2644/3310/3692 2647/3311/3695 2648/3312/3696
f 2649/3313/3697 2644/3310/3692 2648/3312/3696
f 2650/3948/508 2651/3949/3698 2652/3950/3699
f 2652/3950/3699 2653/3951/508 2650/3948/508
f 2653/3951/508 2652/3950/3699 2654/3952/3700
f 2654/3952/3700 2649/3953/3697 2653/3951/508
f 2644/3954/3692 2649/3953/3697 2654/3952/3700
f 2654/3952/3700 2655/3955/3701 2644/3954/3692
f 2644/3954/3692 2655/3955/3701 2656/3956/3702
f 2655/3955/3701 2654/3952/3700 2656/3956/3702
f 2654/3952/3700 2641/3303/3689 2656/3956/3702
f 2641/3303/3689 2654/3952/3700 2652/3950/3699
f 2652/3950/3699 2640/3304/3688 2641/3303/3689
f 2640/3304/3688 2652/3950/3699 2651/3949/3698
f 2651/3949/3698 2639/3305/3687 2640/3304/3688
f 2641/3303/3689 2642/3301/3690 2656/3956/3702
f 2656/3956/3702 2657/3957/3703 2645/3958/3693
f 2644/3954/3692 2656/3956/3702 2645/3958/3693
f 1968/3320/3073 1970/3323/3075 2658/3322/3704
f 2658/3322/3704 2638/3321/3686 1968/3320/3073
f 2642/3301/3690 2643/3302/3691 2659/3324/3705
f 2659/3324/3705 2657/3957/3703 2642/3301/3690
f 2646/3959/3694 2645/3958/3693 2657/3957/3703
f 2657/3957/3703 2659/3324/3705 2646/3959/3694
f 2646/3959/3694 2659/3324/3705 2660/3325/3706
f 2661/3326/3707 2646/3959/3694 2660/3325/3706
f 2661/3326/3707 2647/3329/3695 2646/3959/3694
f 2398/3760/633 2662/3960/635 2663/3961/3708
f 2664/3333/3709 2665/3336/3710 2666/3335/3711
f 2666/3335/3711 2667/3334/3712 2664/3333/3709
f 2668/3342/3713 2664/3343/3709 2667/3341/3712
f 2669/3340/3714 2668/3342/3713 2667/3341/3712
f 2669/3340/3714 2667/3341/3712 2670/3339/3715
f 2671/3337/3716 2669/3340/3714 2670/3339/3715
f 2670/3339/3715 2672/3338/3717 2671/3337/3716
f 2663/3961/3708 2519/3852/3593 2398/3760/633
f 2673/3347/3718 2671/3350/3716 2672/3349/3717
f 2672/3349/3717 2674/3348/3719 2673/3347/3718
f 2675/3356/3720 2673/3358/3718 2674/3357/3719
f 2674/3357/3719 2676/3355/3721 2675/3356/3720
f 2677/3354/3722 2675/3356/3720 2676/3355/3721
f 2676/3355/3721 2678/3353/3723 2677/3354/3722
f 2665/3351/3710 2677/3354/3722 2678/3353/3723
f 2678/3353/3723 2666/3352/3711 2665/3351/3710
f 2519/3862/3593 2663/3962/3708 2601/3963/3650
f 2679/3359/3724 2680/3362/3725 2681/3361/3726
f 2681/3361/3726 2682/3360/3727 2679/3359/3724
f 2683/3371/3728 2684/3374/3729 2685/3373/3730
f 2685/3373/3730 2686/3372/3731 2683/3371/3728
f 2681/3381/3726 2680/3382/3725 2687/3380/3732
f 2687/3380/3732 2688/3379/3733 2681/3381/3726
f 2688/3379/3733 2687/3380/3732 2689/3378/3734
f 2689/3378/3734 2690/3375/3735 2688/3379/3733
f 2690/3375/3735 2689/3378/3734 2684/3377/3729
f 2684/3377/3729 2683/3376/3728 2690/3375/3735
f 2691/3390/3736 2692/3392/3737 2693/3391/3738
f 2693/3391/3738 2694/3388/3739 2691/3390/3736
f 2695/3389/3740 2691/3390/3736 2694/3388/3739
f 2696/3387/3741 2695/3389/3740 2694/3388/3739
f 2696/3387/3741 2694/3388/3739 2697/3386/3742
f 2009/3384/3113 2696/3387/3741 2697/3386/3742
f 2697/3386/3742 2010/3385/3114 2009/3384/3113
f 2601/3963/3650 2326/3860/3405 2519/3862/3593
f 2698/3964/3743 2699/3965/3744 2700/3966/3745
f 2700/3966/3745 2701/3967/3746 2698/3964/3743
f 2701/3967/3746 2700/3966/3745 2702/3968/3747
f 2702/3968/3747 2703/3969/3748 2701/3967/3746
f 2703/3969/3748 2702/3968/3747 2704/3970/3749
f 2705/3971/3750 2699/3965/3744 2698/3964/3743
f 2698/3964/3743 2706/3972/3751 2705/3971/3750
f 2707/3973/3752 2706/3972/3751 2698/3964/3743
f 2698/3964/3743 2701/3967/3746 2707/3973/3752
f 2708/3974/3753 2707/3973/3752 2701/3967/3746
f 2701/3967/3746 2703/3969/3748 2708/3974/3753
f 2709/3975/3754 2708/3974/3753 2703/3969/3748
f 2703/3969/3748 2710/3976/3755 2709/3975/3754
f 2704/3970/3749 2710/3976/3755 2703/3969/3748
f 2710/3976/3755 2704/3970/3749 2711/3977/3756
f 2711/3977/3756 2709/3975/3754 2710/3976/3755
f 2712/3978/3757 2685/3979/3730 2673/3980/3718
f 2699/3965/3744 2673/3980/3718 2685/3979/3730
f 2685/3979/3730 2684/3981/3729 2699/3965/3744
f 2700/3966/3745 2699/3965/3744 2684/3981/3729
f 2684/3981/3729 2689/3982/3734 2700/3966/3745
f 2700/3966/3745 2689/3982/3734 2687/3983/3732
f 2687/3983/3732 2702/3968/3747 2700/3966/3745
f 2702/3968/3747 2687/3983/3732 2680/3984/3725
f 2680/3984/3725 2704/3970/3749 2702/3968/3747
f 2713/3985/3758 2704/3970/3749 2680/3984/3725
f 2680/3984/3725 2679/3986/3724 2713/3985/3758
f 2696/3987/3741 2009/3988/3113 2714/3989/3759
f 2696/3987/3741 2714/3989/3759 2664/3990/3709
f 2664/3990/3709 2714/3989/3759 2713/3985/3758
f 2713/3985/3758 2665/3991/3710 2664/3990/3709
f 2665/3991/3710 2713/3985/3758 2679/3986/3724
f 2677/3992/3722 2665/3991/3710 2679/3986/3724
f 2677/3992/3722 2679/3986/3724 2715/3993/3760
f 2677/3992/3722 2715/3993/3760 2712/3978/3757
f 2712/3978/3757 2675/3994/3720 2677/3992/3722
f 2673/3980/3718 2675/3994/3720 2712/3978/3757
f 2012/3995/3116 2716/3996/3761 2009/3988/3113
f 2716/3996/3761 2717/3997/3762 2009/3988/3113
f 2714/3989/3759 2009/3988/3113 2717/3997/3762
f 2713/3985/3758 2714/3989/3759 2717/3997/3762
f 2704/3970/3749 2713/3985/3758 2718/3998/3763
f 2713/3985/3758 2717/3997/3762 2718/3998/3763
f 2718/3998/3763 2717/3997/3762 2719/3999/3764
f 2717/3997/3762 2716/3996/3761 2719/3999/3764
f 2719/3999/3764 2716/3996/3761 1976/4000/3081
f 1976/4000/3081 2716/3996/3761 2012/3995/3116
f 1984/4001/3089 1976/4000/3081 2012/3995/3116
f 2014/4002/3118 1984/4001/3089 2012/3995/3116
f 1984/4001/3089 2014/4002/3118 2015/4003/3119
f 2015/4003/3119 1983/4004/3088 1984/4001/3089
f 1976/4000/3081 1979/4005/3084 2719/3999/3764
f 2718/3998/3763 2711/3977/3756 2704/3970/3749
f 2718/3998/3763 2720/4006/3765 2711/3977/3756
f 2720/4006/3765 2718/3998/3763 2719/3999/3764
f 1996/4007/3100 2720/4006/3765 2719/3999/3764
f 2719/3999/3764 1993/4008/3097 1996/4007/3100
f 1993/4008/3097 2719/3999/3764 1979/4005/3084
f 1990/4009/3094 1993/4008/3097 1979/4005/3084
f 1990/4009/3094 2002/4010/3106 1993/4008/3097
f 2000/4011/3104 2002/4010/3106 1990/4009/3094
f 1990/4009/3094 1992/4012/3096 2000/4011/3104
f 2000/4011/3104 1992/4012/3096 1987/4013/3091
f 1987/4013/3091 1997/4014/3101 2000/4011/3104
f 1997/4014/3101 1987/4013/3091 2721/4015/3766
f 2721/4015/3766 2004/4016/3108 1997/4014/3101
f 2004/4016/3108 2721/4015/3766 2722/4017/3767
f 2722/4017/3767 2006/4018/3110 2004/4016/3108
f 2008/4019/3112 2006/4018/3110 2722/4017/3767
f 2722/4017/3767 2723/4020/3768 2008/4019/3112
f 1996/4007/3100 2008/4019/3112 2723/4020/3768
f 2723/4020/3768 2720/4006/3765 1996/4007/3100
f 1983/4004/3088 2015/4003/3119 2017/4021/3121
f 2017/4021/3121 1980/4022/3085 1983/4004/3088
f 1980/4022/3085 2017/4021/3121 2019/4023/3123
f 2019/4023/3123 1987/4013/3091 1980/4022/3085
f 1987/4013/3091 2019/4023/3123 2021/4024/3125
f 2021/4024/3125 2721/4015/3766 1987/4013/3091
f 2724/4025/3769 2721/4015/3766 2021/4024/3125
f 2722/4017/3767 2721/4015/3766 2724/4025/3769
f 2724/4025/3769 2725/4026/3770 2722/4017/3767
f 2723/4020/3768 2722/4017/3767 2725/4026/3770
f 2725/4026/3770 2726/4027/3771 2723/4020/3768
f 2720/4006/3765 2723/4020/3768 2726/4027/3771
f 2726/4027/3771 2727/4028/3772 2720/4006/3765
f 2727/4028/3772 2711/3977/3756 2720/4006/3765
f 2711/3977/3756 2727/4028/3772 2728/4029/3773
f 2728/4029/3773 2727/4028/3772 2726/4027/3771
f 2726/4027/3771 2729/4030/3774 2728/4029/3773
f 2729/4030/3774 2726/4027/3771 2725/4026/3770
f 2725/4026/3770 2730/4031/3775 2729/4030/3774
f 2730/4031/3775 2725/4026/3770 2724/4025/3769
f 2724/4025/3769 2023/4032/3127 2730/4031/3775
f 2021/4024/3125 2023/4032/3127 2724/4025/3769
f 2696/3987/3741 2664/3990/3709 2668/4033/3713
f 2695/4034/3740 2696/3987/3741 2668/4033/3713
f 2691/4035/3736 2695/4034/3740 2668/4033/3713
f 2668/4033/3713 2669/4036/3714 2691/4035/3736
f 2692/4037/3737 2691/4035/3736 2669/4036/3714
f 2669/4036/3714 2671/4038/3716 2692/4037/3737
f 2731/4039/3776 2692/4037/3737 2671/4038/3716
f 2671/4038/3716 2673/3980/3718 2731/4039/3776
f 2705/3971/3750 2731/4039/3776 2673/3980/3718
f 2673/3980/3718 2699/3965/3744 2705/3971/3750
f 2601/3910/3650 2732/4040/3777 2733/4041/638
f 2682/4042/3727 2681/4043/3726 2688/4044/3733
f 2688/4044/3733 2734/4045/3778 2682/4042/3727
f 2734/4045/3778 2688/4044/3733 2690/4046/3735
f 2690/4046/3735 2735/4047/3779 2734/4045/3778
f 2686/4048/3731 2735/4047/3779 2690/4046/3735
f 2690/4046/3735 2683/4049/3728 2686/4048/3731
f 2733/4041/638 2602/3911/636 2601/3910/3650
f 2736/4050/3597 2737/4051/3780 2738/4052/3597
f 2738/4052/3597 2739/4053/3597 2736/4050/3597
f 2736/4050/3597 2739/4053/3597 2740/4054/3597
f 2740/4054/3597 2741/4055/3781 2736/4050/3597
f 2742/4056/3782 2743/4057/3783 2744/4058/3597
f 2736/4050/3597 2744/4058/3597 2743/4057/3783
f 2743/4057/3783 2737/4051/3780 2736/4050/3597
f 2745/4059/3784 2746/4060/3785 2742/4056/3782
f 2745/4059/3784 2742/4056/3782 2744/4058/3597
f 2745/4059/3784 2744/4058/3597 2747/4061/3786
f 2744/4058/3597 2748/4062/3787 2747/4061/3786
f 2748/4062/3787 2744/4058/3597 2736/4050/3597
f 2736/4050/3597 2741/4055/3781 2748/4062/3787
f 2745/4059/3784 2747/4061/3786 2749/4063/3788
f 2750/3419/3789 2027/3422/3129 2026/3421/3028
f 2026/3421/3028 2751/3420/3028 2750/3419/3789
f 2148/4064/3237 2147/4065/3236 2752/4066/3790
f 2753/4067/3791 2752/4066/3790 2147/4065/3236
f 2041/4068/3143 2753/4067/3791 2147/4065/3236
f 2041/4068/3143 2043/4069/3145 2753/4067/3791
f 2754/4070/3792 2755/4071/3793 2756/4072/3794
f 2757/4073/3795 2756/4072/3794 2755/4071/3793
f 2757/4073/3795 2043/4069/3145 2756/4072/3794
f 2043/4069/3145 2757/4073/3795 2758/4074/3796
f 2758/4074/3796 2753/4067/3791 2043/4069/3145
f 2753/4067/3791 2758/4074/3796 2759/4075/3797
f 2759/4075/3797 2752/4066/3790 2753/4067/3791
f 2752/4066/3790 2759/4075/3797 2760/4076/3798
f 2760/4076/3798 2236/4077/3325 2752/4066/3790
f 2752/4066/3790 2236/4077/3325 2148/4064/3237
f 2761/4078/3799 2762/4079/3800 2763/4080/3801
f 2763/4080/3801 2764/4081/3802 2761/4078/3799
f 2764/4081/3802 2763/4080/3801 2765/4082/3803
f 2765/4082/3803 2756/4072/3794 2764/4081/3802
f 2756/4072/3794 2765/4082/3803 2766/4083/3804
f 2754/4070/3792 2756/4072/3794 2766/4083/3804
f 2767/4084/3805 2754/4070/3792 2766/4083/3804
f 2766/4083/3804 2768/4085/3806 2767/4084/3805
f 2769/4086/3807 2767/4084/3805 2768/4085/3806
f 2768/4085/3806 2770/4087/3808 2769/4086/3807
f 2771/4088/3809 2769/4086/3807 2770/4087/3808
f 2770/4087/3808 2772/4089/3810 2771/4088/3809
f 2773/4090/3811 2772/4089/3810 2770/4087/3808
f 2770/4087/3808 107/4091/2021 2773/4090/3811
f 107/4091/2021 2770/4087/3808 2768/4085/3806
f 108/4092/2022 107/4091/2021 2768/4085/3806
f 108/4092/2022 2768/4085/3806 2766/4083/3804
f 2662/3960/635 2774/4093/637 2775/4094/3812
f 2762/3423/3800 2776/3426/3813 2777/3425/3814
f 2778/3427/3815 2777/3425/3814 2776/3426/3813
f 2776/3426/3813 98/3428/2012 2778/3427/3815
f 2779/3429/3816 2778/3427/3815 98/3428/2012
f 98/3428/2012 97/3430/2011 2779/3429/3816
f 2780/3431/3817 2779/3429/3816 97/3430/2011
f 97/3430/2011 99/3432/2013 2780/3431/3817
f 2781/3433/3818 2780/3431/3817 99/3432/2013
f 99/3432/2013 100/3434/2014 2781/3433/3818
f 2782/3435/3819 2781/3433/3818 100/3434/2014
f 100/3434/2014 108/3436/2022 2782/3435/3819
f 2783/3437/3820 2782/3435/3819 108/3436/2022
f 108/3436/2022 2766/3438/3804 2783/3437/3820
f 2784/3439/3821 2783/3437/3820 2766/3438/3804
f 2766/3438/3804 2765/3440/3803 2784/3439/3821
f 2785/3441/3822 2784/3439/3821 2765/3440/3803
f 2765/3440/3803 2763/3442/3801 2785/3441/3822
f 2786/3424/3823 2785/3441/3822 2763/3442/3801
f 2763/3442/3801 2762/3423/3800 2786/3424/3823
f 2777/3425/3814 2786/3424/3823 2762/3423/3800
f 2775/4094/3812 2663/3961/3708 2662/3960/635
f 2787/3466/3824 228/3468/2142 2788/3467/3825
f 2788/3467/3825 2789/3465/3826 2787/3466/3824
f 2790/3464/3827 2787/3466/3824 2789/3465/3826
f 2789/3465/3826 2791/3463/3828 2790/3464/3827
f 2792/3461/3829 2790/3464/3827 2791/3463/3828
f 2791/3463/3828 2793/3462/3830 2792/3461/3829
f 2663/3962/3708 2775/4095/3812 2732/4096/3777
f 2794/4097/3831 215/4097/2129 216/2358/2130
f 216/2358/2130 2792/4098/3829 2794/4097/3831
f 2792/4098/3829 216/2358/2130 210/2352/2124
f 210/2352/2124 2790/4099/3827 2792/4098/3829
f 2787/4100/3824 2790/4099/3827 210/2352/2124
f 210/2352/2124 211/2353/2125 2787/4100/3824
f 228/4101/2142 2787/4100/3824 211/2353/2125
f 211/2353/2125 212/2354/2126 228/4101/2142
f 2732/4096/3777 2601/3963/3650 2663/3962/3708
f 2795/4102/3832 2794/4103/3831 2792/4104/3829
f 2792/4104/3829 2796/4105/3833 2795/4102/3832
f 2797/4106/3834 2795/4102/3832 2796/4105/3833
f 2796/4105/3833 2798/4107/3835 2797/4106/3834
f 2797/4106/3834 2798/4107/3835 2799/4108/3836
f 2799/4108/3836 2286/4109/3366 2797/4106/3834
f 149/2287/2063 152/3791/2066 148/2286/2062
f 2800/3764/3837 148/2286/2062 152/3791/2066
f 152/3791/2066 151/3790/2065 2800/3764/3837
f 2801/3766/3838 2800/3764/3837 151/3790/2065
f 151/3790/2065 189/3789/2103 2801/3766/3838
f 2802/3783/3839 2801/3766/3838 189/3789/2103
f 189/3789/2103 190/3788/2104 2802/3783/3839
f 2803/3784/3840 2802/3783/3839 190/3788/2104
f 190/3788/2104 183/3787/2097 2803/3784/3840
f 183/3787/2097 192/3786/2106 2803/3784/3840
f 2803/3784/3840 192/3786/2106 191/3785/2105
f 2803/3784/3840 191/3785/2105 197/3772/2111
f 2804/3773/3841 2803/3784/3840 197/3772/2111
f 2805/3765/3842 2806/3763/3843 2800/3764/3837
f 2800/3764/3837 2801/3766/3838 2805/3765/3842
f 2807/3767/3844 2805/3765/3842 2801/3766/3838
f 2801/3766/3838 2802/3783/3839 2807/3767/3844
f 2808/3769/3845 2807/3767/3844 2802/3783/3839
f 2802/3783/3839 2803/3784/3840 2808/3769/3845
f 2809/3768/3846 2808/3769/3845 2803/3784/3840
f 2803/3784/3840 2804/3773/3841 2809/3768/3846
f 2809/3768/3846 2804/3773/3841 2810/3774/3847
f 2810/3774/3847 2804/3773/3841 197/3772/2111
f 2810/3774/3847 2811/3775/3848 2809/3768/3846
f 2809/3768/3846 2811/3775/3848 2812/3770/3849
f 2809/3768/3846 2812/3770/3849 2808/3769/3845
f 2807/3767/3844 2808/3769/3845 2812/3770/3849
f 197/3772/2111 199/3782/2113 2810/3774/3847
f 2810/3774/3847 199/3782/2113 204/3781/2118
f 204/3781/2118 2813/3780/3850 2810/3774/3847
f 2811/3775/3848 2810/3774/3847 2813/3780/3850
f 2813/3780/3850 2814/3779/3851 2811/3775/3848
f 2811/3775/3848 2814/3779/3851 2815/3776/3852
f 2815/3776/3852 2812/3770/3849 2811/3775/3848
f 2812/3770/3849 2815/3776/3852 2816/3777/3853
f 2816/3777/3853 2817/3771/3854 2812/3770/3849
f 2807/3767/3844 2812/3770/3849 2817/3771/3854
f 2817/3771/3854 2805/3765/3842 2807/3767/3844
f 2806/3763/3843 2805/3765/3842 2817/3771/3854
f 2817/3771/3854 2818/3761/3855 2806/3763/3843
f 2818/3761/3855 2819/3762/3856 2806/3763/3843
f 2817/3771/3854 2816/3777/3853 2820/3778/3857
f 2820/3778/3857 2818/3761/3855 2817/3771/3854
f 2818/3761/3855 2820/3778/3857 142/2280/2056
f 142/2280/2056 141/2279/2055 2818/3761/3855
f 141/2279/2055 140/2278/2054 2818/3761/3855
f 140/2278/2054 2819/3762/3856 2818/3761/3855
f 2819/3762/3856 140/2278/2054 139/2277/2053
f 139/2277/2053 148/2286/2062 2819/3762/3856
f 2806/3763/3843 2819/3762/3856 148/2286/2062
f 148/2286/2062 2800/3764/3837 2806/3763/3843
f 2821/4110/3858 2822/4111/3859 2823/4112/3860
f 2824/4113/3861 2823/4112/3860 2822/4111/3859
f 2822/4111/3859 341/4114/2253 2824/4113/3861
f 2823/4112/3860 2825/4115/3862 2821/4110/3858
f 2825/4115/3862 2823/4112/3860 2826/4116/3863
f 2827/4117/3864 2825/4115/3862 2826/4116/3863
f 2828/4118/3865 2827/4117/3864 2826/4116/3863
f 2592/4119/3643 2827/4117/3864 2828/4118/3865
f 2593/4120/3644 2592/4119/3643 2828/4118/3865
f 2593/4120/3644 2828/4118/3865 2829/4121/3866
f 2828/4118/3865 2826/4116/3863 2829/4121/3866
f 2599/4122/3648 2830/4123/3867 2831/4124/3868
f 2830/4123/3867 2599/4122/3648 2597/4125/3647
f 2597/4125/3647 2832/4126/3869 2830/4123/3867
f 2832/4126/3869 2597/4125/3647 2595/4127/3645
f 2595/4127/3645 2833/4128/3870 2832/4126/3869
f 2833/4128/3870 2595/4127/3645 2593/4120/3644
f 2593/4120/3644 2829/4121/3866 2833/4128/3870
f 2833/4128/3870 2829/4121/3866 2834/4129/3871
f 2834/4129/3871 2829/4121/3866 2826/4116/3863
f 2826/4116/3863 2835/4130/3872 2834/4129/3871
f 2836/4131/3873 2837/4132/3874 2831/4124/3868
f 2836/4131/3873 2831/4124/3868 2830/4123/3867
f 2836/4131/3873 2830/4123/3867 2832/4126/3869
f 2836/4131/3873 2832/4126/3869 2833/4128/3870
f 2834/4129/3871 2836/4131/3873 2833/4128/3870
f 2834/4129/3871 2838/4133/3875 2839/4134/3876
f 2838/4133/3875 2834/4129/3871 2835/4130/3872
f 2835/4130/3872 2840/4135/3877 2838/4133/3875
f 2841/4136/3878 2840/4135/3877 2835/4130/3872
f 2835/4130/3872 2826/4116/3863 2823/4112/3860
f 2823/4112/3860 2824/4113/3861 2835/4130/3872
f 2835/4130/3872 2824/4113/3861 2841/4136/3878
f 2841/4136/3878 2824/4113/3861 341/4114/2253
f 341/4114/2253 339/4137/2251 2841/4136/3878
f 2841/4136/3878 339/4137/2251 338/4138/2250
f 338/4138/2250 2842/4139/3879 2841/4136/3878
f 2841/4136/3878 2842/4139/3879 2843/4140/3880
f 2843/4140/3880 2840/4135/3877 2841/4136/3878
f 2840/4135/3877 2843/4140/3880 2844/4141/3881
f 2844/4141/3881 2838/4133/3875 2840/4135/3877
f 2838/4133/3875 2844/4141/3881 2845/4142/3882
f 2845/4142/3882 2839/4134/3876 2838/4133/3875
f 2846/4143/3883 2839/4134/3876 2845/4142/3882
f 2839/4134/3876 2846/4143/3883 2847/4144/3884
f 2847/4144/3884 2846/4143/3883 2848/4145/3885
f 2848/4145/3885 2849/4146/3886 2847/4144/3884
f 2475/3794/3552 2849/4146/3886 2848/4145/3885
f 2478/3797/3555 2849/4146/3886 2475/3794/3552
f 2475/3794/3552 2474/3793/3551 2478/3797/3555
f 2848/4145/3885 2850/4147/3887 2475/3794/3552
f 2850/4147/3887 2848/4145/3885 2851/4148/3888
f 2851/4148/3888 2848/4145/3885 2846/4143/3883
f 2846/4143/3883 2852/4149/3889 2851/4148/3888
f 2845/4142/3882 2852/4149/3889 2846/4143/3883
f 2479/3798/3556 2588/4150/3641 2478/3797/3555
f 2853/4151/3890 2478/3797/3555 2588/4150/3641
f 2849/4146/3886 2478/3797/3555 2853/4151/3890
f 2849/4146/3886 2853/4151/3890 2854/4152/3891
f 2849/4146/3886 2854/4152/3891 2855/4153/3892
f 2849/4146/3886 2855/4153/3892 2837/4132/3874
f 2849/4146/3886 2837/4132/3874 2847/4144/3884
f 2836/4131/3873 2847/4144/3884 2837/4132/3874
f 2847/4144/3884 2836/4131/3873 2839/4134/3876
f 2839/4134/3876 2836/4131/3873 2834/4129/3871
f 2588/4150/3641 2586/4154/3639 2853/4151/3890
f 2854/4152/3891 2853/4151/3890 2586/4154/3639
f 2586/4154/3639 2584/4155/3638 2854/4152/3891
f 2855/4153/3892 2854/4152/3891 2584/4155/3638
f 2584/4155/3638 2583/4156/3637 2855/4153/3892
f 2837/4132/3874 2855/4153/3892 2583/4156/3637
f 2583/4156/3637 2579/4157/3635 2837/4132/3874
f 2837/4132/3874 2579/4157/3635 2600/4158/3649
f 2600/4158/3649 2831/4124/3868 2837/4132/3874
f 2831/4124/3868 2600/4158/3649 2599/4122/3648
f 2732/4040/3777 759/4159/2637 2856/4160/625
f 2857/3477/3893 2858/3478/3894 2859/3476/3895
f 2859/3476/3895 2860/3475/3896 2857/3477/3893
f 2860/3475/3896 2859/3476/3895 2861/3474/3897
f 2861/3474/3897 2862/3473/1721 2860/3475/3896
f 2862/3473/1721 2861/3474/3897 2863/3472/3898
f 2863/3472/3898 2864/3469/1720 2862/3473/1721
f 2864/3469/1720 2863/3472/3898 2865/3471/3899
f 2865/3471/3899 2866/3470/83 2864/3469/1720
f 2867/4161/3900 2868/3491/3901 2869/3492/80
f 2867/4161/3900 2869/3492/80 2870/4162/82
f 2867/4161/3900 2870/4162/82 2866/4163/83
f 2865/4164/3899 2867/4161/3900 2866/4163/83
f 2821/3499/3858 2871/3502/3902 2872/3501/148
f 2872/3501/148 2873/3500/116 2821/3499/3858
f 2857/3526/3893 2874/3523/3903 2858/3525/3894
f 167/3524/2081 2858/3525/3894 2874/3523/3903
f 168/3521/2082 167/3524/2081 2874/3523/3903
f 2874/3523/3903 2875/3522/1725 168/3521/2082
f 168/3521/2082 2875/3522/1725 2876/3519/1726
f 160/3520/2074 168/3521/2082 2876/3519/1726
f 169/3518/2083 160/3520/2074 2876/3519/1726
f 2876/3519/1726 2877/3517/3904 169/3518/2083
f 325/3516/2237 169/3518/2083 2877/3517/3904
f 2877/3517/3904 2878/3515/3905 325/3516/2237
f 2879/3513/3906 325/3516/2237 2878/3515/3905
f 2878/3515/3905 2880/3514/135 2879/3513/3906
f 2856/4160/625 2733/4041/638 2732/4040/3777
f 2863/4165/3898 2861/4166/3897 2881/4167/3907
f 2882/4168/3908 2881/4167/3907 2861/4166/3897
f 2861/4166/3897 2859/4169/3895 2882/4168/3908
f 2883/4170/3909 2882/4168/3908 2859/4169/3895
f 2859/4169/3895 2858/4171/3894 2883/4170/3909
f 166/4172/2080 2883/4170/3909 2858/4171/3894
f 2884/4173/3910 2825/4115/3862 2827/4117/3864
f 2827/4117/3864 2885/4174/3911 2884/4173/3910
f 2592/4119/3643 2885/4174/3911 2827/4117/3864
f 2592/4119/3643 2886/4175/118 2885/4174/3911
f 2885/4174/3911 2886/4175/118 2887/4176/146
f 2887/4176/146 2884/4173/3910 2885/4174/3911
f 2888/4177/144 2884/4173/3910 2887/4176/146
f 2889/4178/3912 2884/4173/3910 2888/4177/144
f 2889/4178/3912 2888/4177/144 2890/4179/142
f 2890/4179/142 2891/4180/3913 2889/4178/3912
f 2892/4181/3914 2891/4180/3913 2890/4179/142
f 2890/4179/142 2893/4182/147 2892/4181/3914
f 2892/4181/3914 2893/4182/147 2894/4183/3915
f 2894/4183/3915 320/4184/2233 2892/4181/3914
f 320/4184/2233 2894/4183/3915 321/4185/138
f 333/2487/2245 2895/3742/3916 2896/3741/3917
f 333/2487/2245 2896/3741/3917 332/2486/2244
f 331/2485/2243 332/2486/2244 2896/3741/3917
f 2896/3741/3917 2897/3740/3918 331/2485/2243
f 331/2485/2243 2897/3740/3918 2898/3733/3919
f 2898/3733/3919 330/2482/2242 331/2485/2243
f 2899/3732/3920 330/2482/2242 2898/3733/3919
f 2898/3733/3919 2900/3731/3921 2899/3732/3920
f 2901/3730/3922 2899/3732/3920 2900/3731/3921
f 2900/3731/3921 2868/3729/3901 2901/3730/3922
f 2902/3736/3923 52/3735/1966 47/3734/1961
f 47/3734/1961 2903/3726/3924 2902/3736/3923
f 2903/3726/3924 47/3734/1961 45/3737/1959
f 45/3737/1959 2904/3727/3925 2903/3726/3924
f 2904/3727/3925 45/3737/1959 35/3738/1949
f 35/3738/1949 2901/3730/3922 2904/3727/3925
f 2901/3730/3922 35/3738/1949 34/3739/1948
f 34/3739/1948 2899/3732/3920 2901/3730/3922
f 2899/3732/3920 34/3739/1948 41/2483/1955
f 41/2483/1955 330/2482/2242 2899/3732/3920
f 2904/3727/3925 2901/3730/3922 2868/3729/3901
f 2868/3729/3901 2867/3728/3900 2904/3727/3925
f 2904/3727/3925 2867/3728/3900 2865/3724/3899
f 2903/3726/3924 2904/3727/3925 2865/3724/3899
f 2881/3725/3907 2903/3726/3924 2865/3724/3899
f 2863/3723/3898 2881/3725/3907 2865/3724/3899
f 2774/4093/637 743/4186/624 742/4187/2632
f 2905/4188/3926 2906/4189/3927 2907/4190/3928
f 2908/4191/3929 2905/4188/3926 2907/4190/3928
f 2908/4191/3929 2907/4190/3928 2909/4192/310
f 2909/4192/310 2910/4193/3930 2908/4191/3929
f 2911/4194/3931 2910/4193/3930 2909/4192/310
f 2909/4192/310 2912/4195/3932 2911/4194/3931
f 2911/4194/3931 2912/4195/3932 2283/4196/3363
f 2283/4196/3363 2912/4195/3932 2284/4197/3364
f 742/4187/2632 2775/4094/3812 2774/4093/637
f 2913/4198/3933 2914/3558/3934 82/3559/1996
f 82/3559/1996 80/4199/1994 2913/4198/3933
f 2913/4198/3933 80/4199/1994 79/4200/1993
f 79/4200/1993 2915/4201/3935 2913/4198/3933
f 2616/3927/3664 2615/3925/3663 2385/4202/3463
f 2615/3925/3663 2386/4203/3464 2385/4202/3463
f 2615/3925/3663 2614/3924/3662 2386/4203/3464
f 2614/3924/3662 2387/4204/3465 2386/4203/3464
f 2387/4204/3465 2614/3924/3662 2219/3921/3308
f 2219/3921/3308 2202/4205/3291 2387/4204/3465
f 2851/4206/3888 2621/3934/3669 2620/3933/3668
f 2620/3933/3668 2916/4207/3936 2851/4206/3888
f 2916/4207/3936 2620/3933/3668 2619/3931/3667
f 2619/3931/3667 2917/4208/3937 2916/4207/3936
f 2618/3930/3666 2917/4208/3937 2619/3931/3667
f 2917/4208/3937 2618/3930/3666 2617/3929/3665
f 2617/3929/3665 2918/4209/3938 2917/4208/3937
f 2918/4209/3938 2617/3929/3665 2616/3927/3664
f 2616/3927/3664 2919/4210/3939 2918/4209/3938
f 2385/4202/3463 2919/4210/3939 2616/3927/3664
f 2920/4211/3940 16/4212/1930 24/4213/1938
f 2921/4214/3941 2920/4211/3940 24/4213/1938
f 24/4213/1938 26/4215/1940 2921/4214/3941
f 2921/4214/3941 26/4215/1940 28/4216/1942
f 28/4216/1942 2922/4217/3942 2921/4214/3941
f 2923/4218/3943 2922/4217/3942 28/4216/1942
f 28/4216/1942 63/4219/1977 2923/4218/3943
f 2923/4218/3943 63/4219/1977 64/4220/1978
f 64/4220/1978 2924/4221/3944 2923/4218/3943
f 2924/4221/3944 64/4220/1978 65/4222/1979
f 65/4222/1979 68/4223/1982 2924/4221/3944
f 2925/4224/3945 68/4225/1982 67/4226/1981
f 2926/4227/3946 2925/4224/3945 67/4226/1981
f 2927/4228/3947 2926/4227/3946 67/4226/1981
f 67/4226/1981 2928/4229/3948 2927/4228/3947
f 2928/4229/3948 2929/4230/3949 2927/4228/3947
f 2930/3551/3950 2920/3552/3940 2921/3550/3941
f 2931/3549/3951 2930/3551/3950 2921/3550/3941
f 2921/3550/3941 2922/3548/3942 2931/3549/3951
f 2932/3547/3952 2931/3549/3951 2922/3548/3942
f 2922/3548/3942 2923/3546/3943 2932/3547/3952
f 2925/3544/3945 2932/3547/3952 2923/3546/3943
f 2923/3546/3943 2924/3545/3944 2925/3544/3945
f 2775/4095/3812 742/4231/2632 759/4232/2637
f 2611/3947/3659 38/4233/1952 37/4234/1951
f 37/4234/1951 2632/3946/3680 2611/3947/3659
f 112/4235/2026 110/4236/2024 120/4237/2034
f 120/4237/2034 2933/4235/3953 112/4235/2026
f 121/3557/2035 122/3560/2036 82/3559/1996
f 82/3559/1996 2914/3558/3934 121/3557/2035
f 2934/3561/3954 2226/3564/3315 2225/3563/3314
f 2225/3563/3314 2935/3562/3955 2934/3561/3954
f 2935/3562/3955 2925/3569/3945 2926/3568/3946
f 2927/3567/3947 2935/3562/3955 2926/3568/3946
f 2927/3567/3947 2934/3561/3954 2935/3562/3955
f 2934/3561/3954 2927/3567/3947 2929/3566/3949
f 2936/3565/3956 2934/3561/3954 2929/3566/3949
f 2932/3577/3952 2925/3578/3945 2935/3570/3955
f 2932/3577/3952 2935/3570/3955 2937/3571/3957
f 2932/3577/3952 2937/3571/3957 2931/3576/3951
f 2938/3574/3958 2930/3579/3950 2931/3576/3951
f 2931/3576/3951 2937/3571/3957 2938/3574/3958
f 2938/3574/3958 2937/3571/3957 2232/3572/3321
f 2232/3572/3321 2937/3571/3957 2935/3570/3955
f 2935/3570/3955 2225/3573/3314 2232/3572/3321
f 2232/3572/3321 2234/3575/3323 2938/3574/3958
f 117/3540/2031 118/3537/2032 2939/3531/3959
f 117/3540/2031 2939/3531/3959 2773/3542/3811
f 2939/3531/3959 2940/3543/3960 2773/3542/3811
f 117/3540/2031 2773/3542/3811 107/3541/2021
f 118/3537/2032 119/3538/2033 114/3536/2028
f 118/3537/2032 114/3536/2028 2939/3531/3959
f 114/3536/2028 2933/3535/3953 2939/3531/3959
f 2939/3531/3959 2933/3535/3953 2941/3529/3961
f 2933/3535/3953 120/3534/2034 2941/3529/3961
f 2914/3533/3934 2941/3529/3961 120/3534/2034
f 120/3534/2034 121/3539/2035 2914/3533/3934
f 2942/3530/3962 2943/3532/3963 2939/3531/3959
f 2939/3531/3959 2941/3529/3961 2942/3530/3962
f 2915/3527/3935 2942/3530/3962 2941/3529/3961
f 2941/3529/3961 2913/3528/3933 2915/3527/3935
f 2913/3528/3933 2941/3529/3961 2914/3533/3934
f 759/4232/2637 2732/4096/3777 2775/4095/3812
f 2772/3588/3810 2773/3591/3811 2940/3590/3960
f 2940/3590/3960 2750/3589/3789 2772/3588/3810
f 2944/4238/3964 2945/4239/508 2946/4240/508
f 2946/4240/508 2947/4241/2761 2944/4238/3964
f 2947/4241/2761 2946/4240/508 2948/4242/3965
f 2948/4242/3965 2949/4243/3966 2947/4241/2761
f 2948/4242/3965 2946/4240/508 2950/4244/3967
f 2951/2857/575 2856/2858/625 759/2840/2637
f 759/2840/2637 732/2793/2626 2951/2857/575
f 755/2856/583 2951/2857/575 732/2793/2626
f 732/2793/2626 754/2849/2636 755/2856/583
f 813/2879/2667 1208/4245/2742 1211/4246/1095
f 2247/3602/3332 2246/3601/508 2952/4247/3968
f 2952/4247/3968 2246/3601/508 2953/4248/2761
f 2953/4248/2761 2246/3601/508 2245/3600/3331
f 2245/3600/3331 2954/4249/3969 2953/4248/2761
f 2953/4248/2761 2955/4250/3970 2952/4247/3968
f 1211/4246/1095 823/2878/1097 813/2879/2667
f 2956/3604/3971 2957/3607/3972 2958/3606/3973
f 2958/3606/3973 2959/3605/3974 2956/3604/3971
f 2956/3604/3971 2952/3609/3968 2955/3608/3970
f 2952/3609/3968 2956/3604/3971 2959/3605/3974
f 2959/3605/3974 2247/3610/3332 2952/3609/3968
f 2960/3611/2761 2247/3610/3332 2959/3605/3974
f 2960/3611/2761 2959/3605/3974 2958/3606/3973
f 2960/3611/2761 2958/3606/3973 2961/3612/3975
f 2961/3612/3975 2958/3606/3973 2957/3607/3972
f 2957/3607/3972 2962/3613/3976 2961/3612/3975
f 2963/3614/3977 2961/3612/3975 2962/3613/3976
f 2962/3613/3976 2964/3615/3978 2963/3614/3977
f 2965/3616/3979 2963/3614/3977 2964/3615/3978
f 2963/3614/3977 2965/3616/3979 2966/3617/2761
f 2966/3617/2761 2967/3618/2761 2963/3614/3977
f 2961/3612/3975 2963/3614/3977 2967/3618/2761
f 2967/3618/2761 2960/3611/2761 2961/3612/3975
f 2964/3615/3978 2968/3619/3980 2965/3616/3979
f 2969/3620/3981 2968/3619/3980 2964/3615/3978
f 2964/3615/3978 2970/3621/3982 2969/3620/3981
f 2970/3621/3982 2964/3615/3978 2962/3613/3976
f 2962/3613/3976 2971/3622/3983 2970/3621/3982
f 2971/3622/3983 2962/3613/3976 2957/3607/3972
f 2957/3607/3972 2972/3623/3984 2971/3622/3983
f 2972/3623/3984 2957/3607/3972 2956/3604/3971
f 2956/3604/3971 2973/3624/3985 2972/3623/3984
f 2955/3608/3970 2973/3624/3985 2956/3604/3971
f 2974/3626/3986 2975/3629/3987 2976/3628/3988
f 2976/3628/3988 2977/3627/3989 2974/3626/3986
f 2968/3619/3980 2974/3626/3986 2977/3627/3989
f 2978/3625/3990 2974/3626/3986 2968/3619/3980
f 2968/3619/3980 2969/3620/3981 2978/3625/3990
f 2974/3626/3986 2978/3625/3990 2979/3630/3991
f 2979/3630/3991 2975/3629/3987 2974/3626/3986
f 2975/3629/3987 2979/3630/3991 2949/3631/3966
f 2949/3631/3966 2948/3632/3965 2975/3629/3987
f 2975/3629/3987 2948/3632/3965 2950/3633/3967
f 2950/3633/3967 2976/3628/3988 2975/3629/3987
f 2950/3633/3967 2966/3617/2761 2976/3628/3988
f 2966/3617/2761 2977/3627/3989 2976/3628/3988
f 2966/3617/2761 2965/3616/3979 2977/3627/3989
f 2977/3627/3989 2965/3616/3979 2968/3619/3980
f 767/2737/2644 2980/2750/3992 2981/2739/3993
f 2632/4251/3680 2954/4252/3969 2245/4253/3331
f 2631/4254/3679 2632/4251/3680 2245/4253/3331
f 2245/4253/3331 2982/4255/3994 2631/4254/3679
f 2241/4256/3328 2631/4254/3679 2982/4255/3994
f 2631/4254/3679 2241/4256/3328 2220/4257/3309
f 2220/4257/3309 2241/4256/3328 2243/4258/3329
f 2981/2739/3993 766/2738/2643 767/2737/2644
f 2983/3636/3995 2953/3639/2761 2954/3638/3969
f 2954/3638/3969 2632/3637/3680 2983/3636/3995
f 2979/3650/3991 2947/3651/2761 2949/3652/3966
f 2984/3649/3996 2947/3651/2761 2979/3650/3991
f 2984/3649/3996 2979/3650/3991 2978/3648/3990
f 2978/3648/3990 2985/3646/3997 2984/3649/3996
f 2978/3648/3990 2969/3647/3981 2985/3646/3997
f 2969/3647/3981 2970/3645/3982 2985/3646/3997
f 2970/3645/3982 2986/3643/3998 2985/3646/3997
f 2970/3645/3982 2971/3644/3983 2986/3643/3998
f 2971/3644/3983 2972/3642/3984 2986/3643/3998
f 2972/3642/3984 2983/3636/3995 2986/3643/3998
f 2983/3636/3995 2972/3642/3984 2973/3640/3985
f 2983/3636/3995 2973/3640/3985 2953/3639/2761
f 2973/3640/3985 2955/3641/3970 2953/3639/2761
f 2987/2751/3999 2988/2749/4000 2980/2750/3992
f 2980/2750/3992 767/2737/2644 2987/2751/3999
f 2989/2745/4001 2987/2751/3999 767/2737/2644
f 767/2737/2644 765/2741/2642 2989/2745/4001
f 2990/2744/4002 2989/2745/4001 765/2741/2642
f 765/2741/2642 764/2742/2641 2990/2744/4002
f 2987/2751/3999 2989/2745/4001 833/2747/2683
f 833/2747/2683 832/2752/2682 2987/2751/3999
f 2988/2749/4000 2987/2751/3999 832/2752/2682
f 832/2752/2682 835/2748/2685 2988/2749/4000
f 763/2743/2640 762/2740/2639 766/2738/2643
f 766/2738/2643 2981/2739/3993 763/2743/2640
f 763/2743/2640 2981/2739/3993 2980/2750/3992
f 2980/2750/3992 764/2742/2641 763/2743/2640
f 764/2742/2641 2980/2750/3992 2988/2749/4000
f 2988/2749/4000 2990/2744/4002 764/2742/2641
f 2990/2744/4002 2988/2749/4000 835/2748/2685
f 835/2748/2685 834/2746/2684 2990/2744/4002
f 2989/2745/4001 2990/2744/4002 834/2746/2684
f 834/2746/2684 833/2747/2683 2989/2745/4001
f 772/2807/2647 774/2827/815 2991/2809/814
f 2815/3662/3852 2814/3664/3851 2285/3657/3365
f 2285/3657/3365 2289/3661/3369 2815/3662/3852
f 2816/3663/3853 2815/3662/3852 2289/3661/3369
f 2289/3661/3369 2309/3681/3388 2816/3663/3853
f 2816/3663/3853 2309/3681/3388 2308/3680/3387
f 2308/3680/3387 2820/3679/3857 2816/3663/3853
f 2820/3679/3857 2308/3680/3387 2306/3678/90
f 2306/3678/90 142/3677/2056 2820/3679/3857
f 2992/3675/4003 142/3677/2056 2306/3678/90
f 143/3676/2057 142/3677/2056 2992/3675/4003
f 144/3672/2058 143/3676/2057 2992/3675/4003
f 2992/3675/4003 164/3674/2078 144/3672/2058
f 144/3672/2058 164/3674/2078 150/3673/2064
f 2306/3678/90 2310/3682/3389 2992/3675/4003
f 2991/2809/814 826/2808/2676 772/2807/2647
f 2/2140/1916 165/3697/2079 2993/3696/4004
f 2993/3696/4004 3/2141/1917 2/2140/1916
f 2902/3693/3923 2994/3694/4005 2995/3686/4006
f 2995/3686/4006 2994/3694/4005 1/2139/1915
f 1/2139/1915 2996/3688/4007 2995/3686/4006
f 3/2141/1917 2996/3688/4007 1/2139/1915
f 2996/3688/4007 3/2141/1917 2317/3689/3396
f 2325/3698/3404 2317/3689/3396 3/2141/1917
f 3/2141/1917 2993/3696/4004 2325/3698/3404
f 2310/3699/3389 2325/3698/3404 2993/3696/4004
f 2993/3696/4004 2992/3700/4003 2310/3699/3389
f 2992/3700/4003 2993/3696/4004 165/3697/2079
f 165/3697/2079 164/3701/2078 2992/3700/4003
f 2317/3689/3396 2315/3687/3394 2996/3688/4007
f 2995/3686/4006 2996/3688/4007 2315/3687/3394
f 2315/3687/3394 2313/3685/3392 2995/3686/4006
f 2997/3683/4008 2995/3686/4006 2313/3685/3392
f 2995/3686/4006 2997/3683/4008 2902/3693/3923
f 2936/3692/3956 2902/3693/3923 2997/3683/4008
f 52/3695/1966 2902/3693/3923 2936/3692/3956
f 2313/3685/3392 2312/3684/3391 2997/3683/4008
f 2934/3690/3954 2997/3683/4008 2312/3684/3391
f 2997/3683/4008 2934/3690/3954 2936/3692/3956
f 2312/3684/3391 2226/3691/3315 2934/3690/3954
f 769/2844/818 768/2852/2645 788/2812/2654
f 325/3704/2237 2879/3707/3906 320/3706/2233
f 320/3706/2233 173/3705/2087 325/3704/2237
f 2902/4259/3923 2903/4260/3924 2881/4261/3907
f 2881/4261/3907 2994/4262/4005 2902/4259/3923
f 1/4263/1915 2994/4262/4005 2881/4261/3907
f 2881/4261/3907 2882/4264/3908 1/4263/1915
f 1/4263/1915 2882/4264/3908 2883/4265/3909
f 2883/4265/3909 2/4266/1916 1/4263/1915
f 2/4266/1916 2883/4265/3909 166/4267/2080
f 166/4267/2080 165/4268/2079 2/4266/1916
f 2998/4269/4009 2027/3422/3129 2750/3419/3789
f 2942/4270/3962 2998/4269/4009 2750/3419/3789
f 2943/4271/3963 2942/4270/3962 2750/3419/3789
f 2943/4271/3963 2750/3419/3789 2940/4272/3960
f 2942/4270/3962 2915/4273/3935 2999/4274/4010
f 2942/4270/3962 2999/4274/4010 2998/4269/4009
f 2998/4269/4009 2999/4274/4010 3000/4275/4011
f 3001/4276/4012 2998/4269/4009 3000/4275/4011
f 3000/4275/4011 3002/4277/4013 3001/4276/4012
f 3001/4276/4012 3002/4277/4013 2938/4278/3958
f 2938/4278/3958 2234/4279/3323 3001/4276/4012
f 3003/4280/4014 3004/4281/4015 8/4282/1922
f 84/4283/1998 8/4282/1922 3004/4281/4015
f 3004/4281/4015 3005/4284/4016 84/4283/1998
f 84/4283/1998 3005/4284/4016 77/4285/1991
f 77/4285/1991 3005/4284/4016 78/4286/1992
f 78/4286/1992 3005/4284/4016 2915/4287/3935
f 79/4288/1993 78/4286/1992 2915/4287/3935
f 3005/4284/4016 2999/4289/4010 2915/4287/3935
f 2930/4290/3950 2938/4291/3958 3006/4292/4017
f 3006/4292/4017 2920/4293/3940 2930/4290/3950
f 2920/4293/3940 3006/4292/4017 16/4294/1930
f 14/4295/1928 16/4294/1930 3006/4292/4017
f 3006/4292/4017 3007/4296/4018 14/4295/1928
f 6/4297/1920 14/4295/1928 3007/4296/4018
f 3007/4296/4018 3008/4298/4019 6/4297/1920
f 7/4299/1921 6/4297/1920 3008/4298/4019
f 3008/4298/4019 3003/4280/4014 7/4299/1921
f 8/4282/1922 7/4299/1921 3003/4280/4014
f 788/2812/2654 787/2813/796 769/2844/818
f 2906/4300/3927 125/4301/2039 124/4302/2038
f 136/4303/2050 125/4301/2039 2906/4300/3927
f 2906/4300/3927 3009/4304/4020 136/4303/2050
f 135/4305/2049 136/4303/2050 3009/4304/4020
f 3009/4304/4020 2984/4306/3996 135/4305/2049
f 135/4305/2049 2984/4306/3996 2985/4307/3997
f 2985/4307/3997 133/4308/2047 135/4305/2049
f 131/4309/2045 133/4308/2047 2985/4307/3997
f 2985/4307/3997 2986/4310/3998 131/4309/2045
f 128/4311/2042 131/4309/2045 2986/4310/3998
f 2986/4310/3998 2983/4312/3995 128/4311/2042
f 37/4313/1951 128/4311/2042 2983/4312/3995
f 2983/4312/3995 2632/4314/3680 37/4313/1951
f 784/2853/2653 3010/2859/4021 3011/2855/1474
f 1903/4315/3019 1894/4316/3010 1898/4317/3014
f 1898/4317/3014 1904/4318/3020 1903/4315/3019
f 2561/4319/3629 1904/4318/3020 1898/4317/3014
f 1898/4317/3014 2554/4320/3622 2561/4319/3629
f 3011/2855/1474 3012/2854/1473 784/2853/2653
f 2367/4297/3445 3013/4298/4022 3014/4296/4023
f 3014/4296/4023 2181/4295/3270 2367/4297/3445
f 2181/4295/3270 3014/4296/4023 3015/4292/4024
f 3015/4292/4024 2179/4294/3268 2181/4295/3270
f 2218/4293/3307 2179/4294/3268 3015/4292/4024
f 2217/4290/3306 2218/4293/3307 3015/4292/4024
f 3015/4292/4024 2233/4291/3322 2217/4290/3306
f 2361/4288/3439 2132/4287/3221 2360/4286/3438
f 2360/4286/3438 2132/4287/3221 3016/4284/4025
f 2357/4285/3435 2360/4286/3438 3016/4284/4025
f 2372/4283/3450 2357/4285/3435 3016/4284/4025
f 2372/4283/3450 3016/4284/4025 3017/4281/4026
f 3017/4281/4026 2371/4282/3449 2372/4283/3450
f 2371/4282/3449 3017/4281/4026 3018/4280/4027
f 3018/4280/4027 2369/4299/3447 2371/4282/3449
f 2369/4299/3447 3018/4280/4027 3013/4298/4022
f 3013/4298/4022 2367/4297/3445 2369/4299/3447
f 3016/4284/4025 2132/4287/3221 3019/4289/4028
f 784/2866/2653 3020/2868/4029 3010/2867/4021
f 1039/2616/2356 3021/2615/2355 1040/2617/2357
f 3021/2615/2355 1039/2616/2356 3022/2613/2353
f 3023/2669/2394 3022/2613/2353 1039/2616/2356
f 1039/2616/2356 1045/2668/2393 3023/2669/2394
f 3024/2663/2388 3023/2669/2394 1045/2668/2393
f 1045/2668/2393 999/2661/2386 3024/2663/2388
f 998/2659/2384 3024/2663/2388 999/2661/2386
f 997/2653/2378 3025/2655/2380 998/2659/2384
f 998/2659/2384 3025/2655/2380 3026/2664/2389
f 3026/2664/2389 3024/2663/2388 998/2659/2384
f 3024/2663/2388 3026/2664/2389 3027/2665/2390
f 3027/2665/2390 3023/2669/2394 3024/2663/2388
f 3023/2669/2394 3027/2665/2390 1046/2614/2354
f 1046/2614/2354 3022/2613/2353 3023/2669/2394
f 1044/2612/2352 3022/2613/2353 1046/2614/2354
f 3022/2613/2353 1044/2612/2352 3021/2615/2355
f 1040/2617/2357 3021/2615/2355 1044/2612/2352
f 996/2651/2376 1007/2649/2715 3028/2652/2377
f 3028/2652/2377 997/2653/2378 996/2651/2376
f 997/2653/2378 3028/2652/2377 3029/2654/2379
f 3029/2654/2379 3025/2655/2380 997/2653/2378
f 3025/2655/2380 3029/2654/2379 3030/2666/2391
f 3030/2666/2391 3026/2664/2389 3025/2655/2380
f 3026/2664/2389 3030/2666/2391 1055/2667/2392
f 1055/2667/2392 3027/2665/2390 3026/2664/2389
f 3027/2665/2390 1055/2667/2392 1049/2626/2366
f 1049/2626/2366 1046/2614/2354 3027/2665/2390
f 1014/2646/2718 3031/2648/2274 1006/2647/2373
f 1007/2649/2715 1006/2647/2373 3031/2648/2274
f 3031/2648/2274 3032/2673/2276 1007/2649/2715
f 3028/2652/2377 1007/2649/2715 3032/2673/2276
f 3032/2673/2276 3033/2674/2277 3028/2652/2377
f 3029/2654/2379 3028/2652/2377 3033/2674/2277
f 3033/2674/2277 3034/2675/2278 3029/2654/2379
f 3030/2666/2391 3029/2654/2379 3034/2675/2278
f 3034/2675/2278 1053/2676/2279 3030/2666/2391
f 1055/2667/2392 3030/2666/2391 1053/2676/2279
f 3035/2527/2271 3036/2566/2307 3037/2564/2305
f 3038/2567/2308 3036/2566/2307 3035/2527/2271
f 3035/2527/2271 3039/2525/2269 3038/2567/2308
f 3039/2525/2269 3040/2568/2309 3038/2567/2308
f 3041/2569/4030 3040/2568/2309 3039/2525/2269
f 3039/2525/2269 3042/2514/2258 3041/2569/4030
f 3042/2514/2258 3043/2570/2311 3041/2569/4030
f 3044/2516/2260 3043/2570/2311 3042/2514/2258
f 3042/2514/2258 3045/2515/2259 3044/2516/2260
f 3045/2515/2259 3046/2517/2261 3044/2516/2260
f 3047/2518/2262 3046/2517/2261 3045/2515/2259
f 3048/2680/2399 3049/2679/2400 3050/2678/2411
f 3050/2678/2411 3051/2690/2398 3048/2680/2399
f 3047/2518/2262 3048/2680/2399 3051/2690/2398
f 3051/2690/2398 3046/2517/2261 3047/2518/2262
f 3046/2517/2261 3051/2690/2398 3052/2686/2410
f 3052/2686/2410 3044/2516/2260 3046/2517/2261
f 3044/2516/2260 3052/2686/2410 3053/2687/2409
f 3053/2687/2409 3043/2570/2311 3044/2516/2260
f 3043/2570/2311 3053/2687/2409 3054/2692/4031
f 3054/2692/4031 3041/2569/4030 3043/2570/2311
f 3055/2693/2420 3054/2692/4031 3056/2691/2416
f 3056/2691/2416 3054/2692/4031 3053/2687/2409
f 3053/2687/2409 3057/2688/2408 3056/2691/2416
f 3057/2688/2408 3053/2687/2409 3052/2686/2410
f 3052/2686/2410 3058/2689/2407 3057/2688/2408
f 3058/2689/2407 3052/2686/2410 3051/2690/2398
f 3051/2690/2398 3050/2678/2411 3058/2689/2407
f 3059/2723/2423 3060/2696/2421 943/2724/2424
f 945/2888/2426 943/2724/2424 3060/2696/2421
f 3060/2696/2421 3061/2694/2419 945/2888/2426
f 946/2885/2418 945/2888/2426 3061/2694/2419
f 3061/2694/2419 3056/2691/2416 946/2885/2418
f 948/2886/2417 946/2885/2418 3056/2691/2416
f 3056/2691/2416 3057/2688/2408 948/2886/2417
f 949/2887/2413 948/2886/2417 3057/2688/2408
f 3057/2688/2408 3058/2689/2407 949/2887/2413
f 960/2681/2412 949/2887/2413 3058/2689/2407
f 3062/2726/2475 3063/2719/2479 3064/2717/2478
f 3063/2719/2479 3062/2726/2475 3065/2727/2476
f 3065/2727/2476 3066/2721/2480 3063/2719/2479
f 3066/2721/2480 3065/2727/2476 3067/2697/2477
f 3067/2697/2477 3059/2723/2423 3066/2721/2480
f 3060/2696/2421 3059/2723/2423 3067/2697/2477
f 3067/2697/2477 3068/2695/2422 3060/2696/2421
f 3061/2694/2419 3060/2696/2421 3068/2695/2422
f 3068/2695/2422 3055/2693/2420 3061/2694/2419
f 3056/2691/2416 3061/2694/2419 3055/2693/2420
f 3041/2569/4030 3054/2692/4031 3055/2693/2420
f 3055/2693/2420 3040/2568/2309 3041/2569/4030
f 3040/2568/2309 3055/2693/2420 3068/2695/2422
f 3068/2695/2422 3038/2567/2308 3040/2568/2309
f 3038/2567/2308 3068/2695/2422 3067/2697/2477
f 3067/2697/2477 3036/2566/2307 3038/2567/2308
f 3036/2566/2307 3067/2697/2477 3065/2727/2476
f 3065/2727/2476 3037/2564/2305 3036/2566/2307
f 3037/2564/2305 3065/2727/2476 3062/2726/2475
f 3069/2529/2273 3035/2527/2271 3037/2564/2305
f 3037/2564/2305 3070/2565/2306 3069/2529/2273
f 3062/2726/2475 3070/2565/2306 3037/2564/2305
f 3070/2565/2306 3062/2726/2475 3071/2725/2474
f 3064/2717/2478 3071/2725/2474 3062/2726/2475
f 3071/2725/2474 3064/2717/2478 3072/2702/2465
f 3072/2702/2465 3073/2701/2466 3071/2725/2474
f 3073/2701/2466 3072/2702/2465 3074/2700/2455
f 3074/2700/2455 3075/2698/2464 3073/2701/2466
f 3076/2699/2467 3075/2698/2464 3074/2700/2455
f 3077/2546/2290 3069/2529/2273 3078/2556/2297
f 3078/2556/2297 3079/2557/2298 3077/2546/2290
f 3077/2546/2290 3079/2557/2298 3080/2558/2299
f 3075/2698/2464 3080/2558/2299 3079/2557/2298
f 3079/2557/2298 3073/2701/2466 3075/2698/2464
f 3073/2701/2466 3079/2557/2298 3078/2556/2297
f 3078/2556/2297 3071/2725/2474 3073/2701/2466
f 3071/2725/2474 3078/2556/2297 3070/2565/2306
f 3069/2529/2273 3070/2565/2306 3078/2556/2297
f 3081/2547/2291 3077/2546/2290 3080/2558/2299
f 3080/2558/2299 3075/2698/2464 3076/2699/2467
f 3076/2699/2467 3082/2559/2300 3080/2558/2299
f 3080/2558/2299 3082/2559/2300 3081/2547/2291
f 3081/2547/2291 3082/2559/2300 3083/2560/2301
f 3084/2549/2293 3081/2547/2291 3083/2560/2301
f 3083/2560/2301 3085/2561/2302 3084/2549/2293
f 3084/2549/2293 3085/2561/2302 3086/2562/2303
f 3087/2709/2472 3086/2562/2303 3085/2561/2302
f 3086/2562/2303 3087/2709/2472 3088/2729/2576
f 3088/2729/2576 3087/2709/2472 3089/2708/2473
f 3088/2729/2576 3090/2563/2304 3086/2562/2303
f 3089/2708/2473 3091/2733/2574 3088/2729/2576
f 3088/2729/2576 3091/2733/2574 3092/2732/2573
f 3092/2732/2573 3093/2728/2575 3088/2729/2576
f 3090/2563/2304 3088/2729/2576 3093/2728/2575
f 3093/2728/2575 3094/2554/2296 3090/2563/2304
f 3095/2551/2295 3090/2563/2304 3094/2554/2296
f 3086/2562/2303 3090/2563/2304 3095/2551/2295
f 3095/2551/2295 3084/2549/2293 3086/2562/2303
f 3096/2553/2263 3095/2551/2295 3094/2554/2296
f 3094/2554/2296 3097/2555/2264 3096/2553/2263
f 3098/2730/2401 3097/2555/2264 3094/2554/2296
f 3094/2554/2296 3093/2728/2575 3098/2730/2401
f 3099/2731/2402 3098/2730/2401 3093/2728/2575
f 3093/2728/2575 3092/2732/2573 3099/2731/2402
f 3099/2731/2402 3092/2732/2573 964/2735/2572
f 970/2736/2571 964/2735/2572 3092/2732/2573
f 3092/2732/2573 3091/2733/2574 970/2736/2571
f 971/2710/2459 970/2736/2571 3091/2733/2574
f 964/2735/2572 962/2734/2403 3099/2731/2402
f 3091/2733/2574 3089/2708/2473 971/2710/2459
f 972/2711/2460 971/2710/2459 3089/2708/2473
f 3089/2708/2473 3100/2706/2471 972/2711/2460
f 973/2712/2461 972/2711/2460 3100/2706/2471
f 3100/2706/2471 3101/2704/2469 973/2712/2461
f 974/2713/2462 973/2712/2461 3101/2704/2469
f 3101/2704/2469 3102/2703/2463 974/2713/2462
f 975/2714/2454 974/2713/2462 3102/2703/2463
f 3102/2703/2463 3074/2700/2455 975/2714/2454
f 976/2715/2436 975/2714/2454 3074/2700/2455
f 3074/2700/2455 3102/2703/2463 3076/2699/2467
f 3076/2699/2467 3102/2703/2463 3101/2704/2469
f 3101/2704/2469 3103/2705/2468 3076/2699/2467
f 3103/2705/2468 3101/2704/2469 3100/2706/2471
f 3100/2706/2471 3104/2707/2470 3103/2705/2468
f 3104/2707/2470 3100/2706/2471 3089/2708/2473
f 3089/2708/2473 3087/2709/2472 3104/2707/2470
f 3085/2561/2302 3104/2707/2470 3087/2709/2472
f 3104/2707/2470 3085/2561/2302 3083/2560/2301
f 3083/2560/2301 3103/2705/2468 3104/2707/2470
f 3103/2705/2468 3083/2560/2301 3082/2559/2300
f 3082/2559/2300 3076/2699/2467 3103/2705/2468
f 3074/2700/2455 3072/2702/2465 976/2715/2436
f 977/2716/2435 976/2715/2436 3072/2702/2465
f 3072/2702/2465 3064/2717/2478 977/2716/2435
f 939/2718/2483 977/2716/2435 3064/2717/2478
f 3064/2717/2478 3063/2719/2479 939/2718/2483
f 940/2720/2482 939/2718/2483 3063/2719/2479
f 3063/2719/2479 3066/2721/2480 940/2720/2482
f 942/2722/2481 940/2720/2482 3066/2721/2480
f 3066/2721/2480 3059/2723/2423 942/2722/2481
f 943/2724/2424 942/2722/2481 3059/2723/2423
f 3105/2878/1475 3020/2879/4029 779/2795/2650
f 3106/2527/2271 3107/2566/2307 3108/2564/2305
f 3109/2567/2308 3107/2566/2307 3106/2527/2271
f 3106/2527/2271 3110/2525/2269 3109/2567/2308
f 3110/2525/2269 3111/2568/2309 3109/2567/2308
f 3112/2569/2310 3111/2568/2309 3110/2525/2269
f 3110/2525/2269 3113/2514/2258 3112/2569/2310
f 3113/2514/2258 3114/2570/2311 3112/2569/2310
f 3115/2516/2260 3114/2570/2311 3113/2514/2258
f 3113/2514/2258 3116/2515/2259 3115/2516/2260
f 3116/2515/2259 3117/2517/2261 3115/2516/2260
f 3118/2518/2262 3117/2517/2261 3116/2515/2259
f 3119/2680/2399 3120/2679/2400 3121/2678/2411
f 3121/2678/2411 3122/2690/2398 3119/2680/2399
f 3118/2518/2262 3119/2680/2399 3122/2690/2398
f 3122/2690/2398 3117/2517/2261 3118/2518/2262
f 3117/2517/2261 3122/2690/2398 3123/2686/2410
f 3123/2686/2410 3115/2516/2260 3117/2517/2261
f 3115/2516/2260 3123/2686/2410 3124/2687/2409
f 3124/2687/2409 3114/2570/2311 3115/2516/2260
f 3114/2570/2311 3124/2687/2409 3125/2692/2415
f 3125/2692/2415 3112/2569/2310 3114/2570/2311
f 3126/2693/2420 3125/2692/2415 3127/2691/2416
f 3127/2691/2416 3125/2692/2415 3124/2687/2409
f 3124/2687/2409 3128/2688/2408 3127/2691/2416
f 3128/2688/2408 3124/2687/2409 3123/2686/2410
f 3123/2686/2410 3129/2689/2407 3128/2688/2408
f 3129/2689/2407 3123/2686/2410 3122/2690/2398
f 3122/2690/2398 3121/2678/2411 3129/2689/2407
f 3130/2723/2423 3131/2696/2421 1496/2724/2424
f 1498/2888/2426 1496/2724/2424 3131/2696/2421
f 3131/2696/2421 3132/2694/2419 1498/2888/2426
f 1499/2885/2418 1498/2888/2426 3132/2694/2419
f 3132/2694/2419 3127/2691/2416 1499/2885/2418
f 1510/2886/2417 1499/2885/2418 3127/2691/2416
f 3127/2691/2416 3128/2688/2408 1510/2886/2417
f 1511/2887/2413 1510/2886/2417 3128/2688/2408
f 3128/2688/2408 3129/2689/2407 1511/2887/2413
f 1512/2681/2412 1511/2887/2413 3129/2689/2407
f 3133/2726/2475 3134/2719/2479 3135/2717/2478
f 3134/2719/2479 3133/2726/2475 3136/2727/2476
f 3136/2727/2476 3137/2721/2480 3134/2719/2479
f 3137/2721/2480 3136/2727/2476 3138/2697/2477
f 3138/2697/2477 3130/2723/2423 3137/2721/2480
f 3131/2696/2421 3130/2723/2423 3138/2697/2477
f 3138/2697/2477 3139/2695/2422 3131/2696/2421
f 3132/2694/2419 3131/2696/2421 3139/2695/2422
f 3139/2695/2422 3126/2693/2420 3132/2694/2419
f 3127/2691/2416 3132/2694/2419 3126/2693/2420
f 3112/2569/2310 3125/2692/2415 3126/2693/2420
f 3126/2693/2420 3111/2568/2309 3112/2569/2310
f 3111/2568/2309 3126/2693/2420 3139/2695/2422
f 3139/2695/2422 3109/2567/2308 3111/2568/2309
f 3109/2567/2308 3139/2695/2422 3138/2697/2477
f 3138/2697/2477 3107/2566/2307 3109/2567/2308
f 3107/2566/2307 3138/2697/2477 3136/2727/2476
f 3136/2727/2476 3108/2564/2305 3107/2566/2307
f 3108/2564/2305 3136/2727/2476 3133/2726/2475
f 3140/2529/2273 3106/2527/2271 3108/2564/2305
f 3108/2564/2305 3141/2565/2306 3140/2529/2273
f 3133/2726/2475 3141/2565/2306 3108/2564/2305
f 3141/2565/2306 3133/2726/2475 3142/2725/2474
f 3135/2717/2478 3142/2725/2474 3133/2726/2475
f 3142/2725/2474 3135/2717/2478 3143/2702/2465
f 3143/2702/2465 3144/2701/2466 3142/2725/2474
f 3144/2701/2466 3143/2702/2465 3145/2700/2455
f 3145/2700/2455 3146/2698/2464 3144/2701/2466
f 3147/2699/2467 3146/2698/2464 3145/2700/2455
f 3148/2546/2290 3140/2529/2273 3149/2556/2297
f 3149/2556/2297 3150/2557/2298 3148/2546/2290
f 3148/2546/2290 3150/2557/2298 3151/2558/2299
f 3146/2698/2464 3151/2558/2299 3150/2557/2298
f 3150/2557/2298 3144/2701/2466 3146/2698/2464
f 3144/2701/2466 3150/2557/2298 3149/2556/2297
f 3149/2556/2297 3142/2725/2474 3144/2701/2466
f 3142/2725/2474 3149/2556/2297 3141/2565/2306
f 3140/2529/2273 3141/2565/2306 3149/2556/2297
f 3152/2547/2291 3148/2546/2290 3151/2558/2299
f 3151/2558/2299 3146/2698/2464 3147/2699/2467
f 3147/2699/2467 3153/2559/2300 3151/2558/2299
f 3151/2558/2299 3153/2559/2300 3152/2547/2291
f 3152/2547/2291 3153/2559/2300 3154/2560/2301
f 3155/2549/2293 3152/2547/2291 3154/2560/2301
f 3154/2560/2301 3156/2561/2302 3155/2549/2293
f 3155/2549/2293 3156/2561/2302 3157/2562/2303
f 3158/2709/2472 3157/2562/2303 3156/2561/2302
f 3157/2562/2303 3158/2709/2472 3159/2729/2576
f 3159/2729/2576 3158/2709/2472 3160/2708/2473
f 3159/2729/2576 3161/2563/2304 3157/2562/2303
f 3160/2708/2473 3162/2733/2574 3159/2729/2576
f 3159/2729/2576 3162/2733/2574 3163/2732/2573
f 3163/2732/2573 3164/2728/2575 3159/2729/2576
f 3161/2563/2304 3159/2729/2576 3164/2728/2575
f 3164/2728/2575 3165/2554/2296 3161/2563/2304
f 3166/2551/2295 3161/2563/2304 3165/2554/2296
f 3157/2562/2303 3161/2563/2304 3166/2551/2295
f 3166/2551/2295 3155/2549/2293 3157/2562/2303
f 3167/2553/2263 3166/2551/2295 3165/2554/2296
f 3165/2554/2296 3168/2555/2264 3167/2553/2263
f 3169/2730/2401 3168/2555/2264 3165/2554/2296
f 3165/2554/2296 3164/2728/2575 3169/2730/2401
f 3170/2731/2402 3169/2730/2401 3164/2728/2575
f 3164/2728/2575 3163/2732/2573 3170/2731/2402
f 3170/2731/2402 3163/2732/2573 1518/2735/2572
f 1524/2736/2571 1518/2735/2572 3163/2732/2573
f 3163/2732/2573 3162/2733/2574 1524/2736/2571
f 1525/2710/2459 1524/2736/2571 3162/2733/2574
f 1518/2735/2572 1514/2734/2403 3170/2731/2402
f 3162/2733/2574 3160/2708/2473 1525/2710/2459
f 1526/2711/2460 1525/2710/2459 3160/2708/2473
f 3160/2708/2473 3171/2706/2471 1526/2711/2460
f 1527/2712/2461 1526/2711/2460 3171/2706/2471
f 3171/2706/2471 3172/2704/2469 1527/2712/2461
f 1528/2713/2462 1527/2712/2461 3172/2704/2469
f 3172/2704/2469 3173/2703/2463 1528/2713/2462
f 1529/2714/2454 1528/2713/2462 3173/2703/2463
f 3173/2703/2463 3145/2700/2455 1529/2714/2454
f 1489/2715/2436 1529/2714/2454 3145/2700/2455
f 3145/2700/2455 3173/2703/2463 3147/2699/2467
f 3147/2699/2467 3173/2703/2463 3172/2704/2469
f 3172/2704/2469 3174/2705/2468 3147/2699/2467
f 3174/2705/2468 3172/2704/2469 3171/2706/2471
f 3171/2706/2471 3175/2707/2470 3174/2705/2468
f 3175/2707/2470 3171/2706/2471 3160/2708/2473
f 3160/2708/2473 3158/2709/2472 3175/2707/2470
f 3156/2561/2302 3175/2707/2470 3158/2709/2472
f 3175/2707/2470 3156/2561/2302 3154/2560/2301
f 3154/2560/2301 3174/2705/2468 3175/2707/2470
f 3174/2705/2468 3154/2560/2301 3153/2559/2300
f 3153/2559/2300 3147/2699/2467 3174/2705/2468
f 3145/2700/2455 3143/2702/2465 1489/2715/2436
f 1490/2716/2435 1489/2715/2436 3143/2702/2465
f 3143/2702/2465 3135/2717/2478 1490/2716/2435
f 1492/2718/2483 1490/2716/2435 3135/2717/2478
f 3135/2717/2478 3134/2719/2479 1492/2718/2483
f 1493/2720/2482 1492/2718/2483 3134/2719/2479
f 3134/2719/2479 3137/2721/2480 1493/2720/2482
f 1495/2722/2481 1493/2720/2482 3137/2721/2480
f 3137/2721/2480 3130/2723/2423 1495/2722/2481
f 1496/2724/2424 1495/2722/2481 3130/2723/2423
f 779/2795/2650 778/2796/822 3105/2878/1475
f 3045/2515/2259 3096/2519/2263 3047/2518/2262
f 3176/2522/2266 3096/2519/2263 3045/2515/2259
f 3176/2522/2266 3045/2515/2259 3177/2523/2267
f 3177/2523/2267 3045/2515/2259 3042/2514/2258
f 3177/2523/2267 3042/2514/2258 3178/2524/2268
f 3178/2524/2268 3042/2514/2258 3039/2525/2269
f 3178/2524/2268 3039/2525/2269 3179/2526/2270
f 3179/2526/2270 3039/2525/2269 3035/2527/2271
f 3180/2528/2272 3179/2526/2270 3035/2527/2271
f 3180/2528/2272 3035/2527/2271 3069/2529/2273
f 3031/2530/2274 1014/2531/2718 3181/2521/2265
f 3181/2521/2265 3176/2522/2266 3031/2530/2274
f 3032/2532/2276 3031/2530/2274 3176/2522/2266
f 3033/2533/2277 3032/2532/2276 3176/2522/2266
f 3176/2522/2266 3177/2523/2267 3033/2533/2277
f 3034/2534/2278 3033/2533/2277 3177/2523/2267
f 1053/2535/2279 3034/2534/2278 3177/2523/2267
f 3177/2523/2267 3178/2524/2268 1053/2535/2279
f 1054/2536/2280 1053/2535/2279 3178/2524/2268
f 1056/2537/2726 1054/2536/2280 3178/2524/2268
f 3181/2521/2265 3096/2519/2263 3176/2522/2266
f 3178/2524/2268 3179/2526/2270 1056/2537/2726
f 1057/2538/2282 1056/2537/2726 3179/2526/2270
f 1058/2539/2727 1057/2538/2282 3179/2526/2270
f 3179/2526/2270 3180/2528/2272 1058/2539/2727
f 1059/2540/2728 1058/2539/2727 3180/2528/2272
f 1060/2541/2285 1059/2540/2728 3180/2528/2272
f 3180/2528/2272 3182/2542/2286 1060/2541/2285
f 1061/2543/2287 1060/2541/2285 3182/2542/2286
f 1062/2544/2288 1061/2543/2287 3182/2542/2286
f 3182/2542/2286 3183/2545/2289 1062/2544/2288
f 3180/2528/2272 3069/2529/2273 3182/2542/2286
f 3182/2542/2286 3069/2529/2273 3077/2546/2290
f 3182/2542/2286 3077/2546/2290 3183/2545/2289
f 3183/2545/2289 3077/2546/2290 3081/2547/2291
f 3183/2545/2289 3081/2547/2291 3184/2548/2292
f 3184/2548/2292 3081/2547/2291 3084/2549/2293
f 3184/2548/2292 3084/2549/2293 3185/2550/2294
f 3185/2550/2294 3084/2549/2293 3095/2551/2295
f 3185/2550/2294 3095/2551/2295 3181/2552/2265
f 3181/2552/2265 3095/2551/2295 3096/2553/2263
f 1063/2571/2312 1062/2544/2288 3183/2545/2289
f 1008/2572/2716 1063/2571/2312 3183/2545/2289
f 3183/2545/2289 3184/2548/2292 1008/2572/2716
f 1009/2573/2314 1008/2572/2716 3184/2548/2292
f 1011/2574/2315 1009/2573/2314 3184/2548/2292
f 3184/2548/2292 3185/2550/2294 1011/2574/2315
f 1012/2575/2316 1011/2574/2315 3185/2550/2294
f 1013/2576/2317 1012/2575/2316 3185/2550/2294
f 3185/2550/2294 3181/2552/2265 1013/2576/2317
f 1014/2577/2718 1013/2576/2317 3181/2552/2265
f 3020/2868/4029 784/2866/2653 781/2799/2652
f 3058/2689/2407 3050/2678/2411 960/2681/2412
f 961/2682/2404 960/2681/2412 3050/2678/2411
f 3050/2678/2411 3049/2679/2400 961/2682/2404
f 962/2683/2403 961/2682/2404 3049/2679/2400
f 3049/2679/2400 3099/2684/2402 962/2683/2403
f 3099/2684/2402 3049/2679/2400 3048/2680/2399
f 3048/2680/2399 3098/2685/2401 3099/2684/2402
f 3097/2520/2264 3098/2685/2401 3048/2680/2399
f 3048/2680/2399 3047/2518/2262 3097/2520/2264
f 3096/2519/2263 3097/2520/2264 3047/2518/2262
f 3116/2515/2259 3167/2519/2263 3118/2518/2262
f 3186/2522/2266 3167/2519/2263 3116/2515/2259
f 3186/2522/2266 3116/2515/2259 3187/2523/2267
f 3187/2523/2267 3116/2515/2259 3113/2514/2258
f 3187/2523/2267 3113/2514/2258 3188/2524/2268
f 3188/2524/2268 3113/2514/2258 3110/2525/2269
f 3188/2524/2268 3110/2525/2269 3189/2526/4032
f 3189/2526/4032 3110/2525/2269 3106/2527/2271
f 3189/2526/4032 3106/2527/2271 3190/2528/2272
f 3190/2528/2272 3106/2527/2271 3140/2529/2273
f 3191/2530/2274 3192/2531/2275 3193/2521/2265
f 3193/2521/2265 3186/2522/2266 3191/2530/2274
f 3194/2532/2276 3191/2530/2274 3186/2522/2266
f 3195/2533/2277 3194/2532/2276 3186/2522/2266
f 3186/2522/2266 3187/2523/2267 3195/2533/2277
f 3196/2534/2278 3195/2533/2277 3187/2523/2267
f 3197/2535/2279 3196/2534/2278 3187/2523/2267
f 3187/2523/2267 3188/2524/2268 3197/2535/2279
f 3198/2536/2280 3197/2535/2279 3188/2524/2268
f 3199/2537/2726 3198/2536/2280 3188/2524/2268
f 3193/2521/2265 3167/2519/2263 3186/2522/2266
f 3188/2524/2268 3189/2526/4032 3199/2537/2726
f 1570/2538/2282 3199/2537/2726 3189/2526/4032
f 1580/2539/2283 1570/2538/2282 3189/2526/4032
f 3189/2526/4032 3190/2528/2272 1580/2539/2283
f 1579/2540/2284 1580/2539/2283 3190/2528/2272
f 1578/2541/2285 1579/2540/2284 3190/2528/2272
f 3190/2528/2272 3200/2542/2286 1578/2541/2285
f 1575/2543/2287 1578/2541/2285 3200/2542/2286
f 1576/2544/2288 1575/2543/2287 3200/2542/2286
f 3200/2542/2286 3201/2545/2289 1576/2544/2288
f 3190/2528/2272 3140/2529/2273 3200/2542/2286
f 3200/2542/2286 3140/2529/2273 3148/2546/2290
f 3200/2542/2286 3148/2546/2290 3201/2545/2289
f 3201/2545/2289 3148/2546/2290 3152/2547/2291
f 3201/2545/2289 3152/2547/2291 3202/2548/2292
f 3202/2548/2292 3152/2547/2291 3155/2549/2293
f 3202/2548/2292 3155/2549/2293 3203/2550/2294
f 3203/2550/2294 3155/2549/2293 3166/2551/2295
f 3203/2550/2294 3166/2551/2295 3193/2552/2265
f 3193/2552/2265 3166/2551/2295 3167/2553/2263
f 1595/2571/2312 1576/2544/2288 3201/2545/2289
f 1594/2572/2716 1595/2571/2312 3201/2545/2289
f 3201/2545/2289 3202/2548/2292 1594/2572/2716
f 1593/2573/2314 1594/2572/2716 3202/2548/2292
f 1590/2574/2315 1593/2573/2314 3202/2548/2292
f 3202/2548/2292 3203/2550/2294 1590/2574/2315
f 1591/2575/2316 1590/2574/2315 3203/2550/2294
f 3204/2576/2317 1591/2575/2316 3203/2550/2294
f 3203/2550/2294 3193/2552/2265 3204/2576/2317
f 3192/2577/2275 3204/2576/2317 3193/2552/2265
f 781/2799/2652 779/2800/2650 3020/2868/4029
f 3129/2689/2407 3121/2678/2411 1512/2681/2412
f 1513/2682/2404 1512/2681/2412 3121/2678/2411
f 3121/2678/2411 3120/2679/2400 1513/2682/2404
f 1514/2683/2403 1513/2682/2404 3120/2679/2400
f 3120/2679/2400 3170/2684/2402 1514/2683/2403
f 3170/2684/2402 3120/2679/2400 3119/2680/2399
f 3119/2680/2399 3169/2685/2401 3170/2684/2402
f 3168/2520/2264 3169/2685/2401 3119/2680/2399
f 3119/2680/2399 3118/2518/2262 3168/2520/2264
f 3167/2519/2263 3168/2520/2264 3118/2518/2262
f 524/2696/2422 410/2724/2308 411/2888/2309
f 411/2888/2309 522/2694/2420 524/2696/2422
f 522/2694/2420 411/2888/2309 412/2885/2310
f 412/2885/2310 517/2691/2415 522/2694/2420
f 517/2691/2415 412/2885/2310 413/2886/2311
f 413/2886/2311 511/2688/2409 517/2691/2415
f 511/2688/2409 413/2886/2311 362/2887/2260
f 362/2887/2260 512/2689/2410 511/2688/2409
f 512/2689/2410 362/2887/2260 363/2681/2261
f 363/2681/2261 500/2678/2398 512/2689/2410
f 1249/2645/2531 1248/2646/2707 1338/2644/2451
f 1338/2644/2451 1254/2641/2708 1249/2645/2531
f 1254/2641/2708 1338/2644/2451 1339/2643/2450
f 1339/2643/2450 1256/2640/2752 1254/2641/2708
f 1256/2640/2752 1339/2643/2450 1340/2642/2448
f 1340/2642/2448 1384/2639/2758 1256/2640/2752
f 1384/2639/2758 1340/2642/2448 1341/2638/2447
f 1341/2638/2447 1386/2637/2540 1384/2639/2758
f 1386/2637/2540 1341/2638/2447 1342/2636/2754
f 1342/2636/2754 1382/2635/2541 1386/2637/2540
f 3199/2627/2726 1570/2628/2282 1562/2625/2365
f 1562/2625/2365 1563/2626/2366 3199/2627/2726
f 3198/2677/2280 3199/2627/2726 1563/2626/2366
f 1563/2626/2366 3205/2667/2392 3198/2677/2280
f 3197/2676/2279 3198/2677/2280 3205/2667/2392
f 3205/2667/2392 3206/2666/2391 3197/2676/2279
f 3196/2675/2278 3197/2676/2279 3206/2666/2391
f 3206/2666/2391 3207/2654/2379 3196/2675/2278
f 3195/2674/2277 3196/2675/2278 3207/2654/2379
f 3207/2654/2379 3208/2652/2377 3195/2674/2277
f 1553/2665/2390 3205/2667/2392 1563/2626/2366
f 3205/2667/2392 1553/2665/2390 1551/2664/2389
f 1551/2664/2389 3206/2666/2391 3205/2667/2392
f 3206/2666/2391 1551/2664/2389 1552/2655/2380
f 1552/2655/2380 3207/2654/2379 3206/2666/2391
f 3207/2654/2379 1552/2655/2380 1541/2653/2378
f 1541/2653/2378 3208/2652/2377 3207/2654/2379
f 3208/2652/2377 1541/2653/2378 1542/2651/2376
f 1542/2651/2376 1597/2649/2374 3208/2652/2377
f 1597/2649/2374 1542/2651/2376 1544/2650/2375
f 3194/2673/2276 3195/2674/2277 3208/2652/2377
f 3208/2652/2377 1597/2649/2374 3194/2673/2276
f 3191/2648/2274 3194/2673/2276 1597/2649/2374
f 1597/2649/2374 1596/2647/2373 3191/2648/2274
f 3192/2646/2275 3191/2648/2274 1596/2647/2373
f 1596/2647/2373 1599/2645/2372 3192/2646/2275
f 3204/2644/2317 3192/2646/2275 1599/2645/2372
f 1599/2645/2372 1601/2641/2371 3204/2644/2317
f 1591/2643/2316 3204/2644/2317 1601/2641/2371
f 1601/2641/2371 1592/2640/2370 1591/2643/2316
f 3209/2586/2326 1031/2598/2722 1032/2584/2324
f 1032/2584/2324 3210/2582/2322 3209/2586/2326
f 3211/2583/2323 3209/2586/2326 3210/2582/2322
f 3210/2582/2322 3212/2578/2318 3211/2583/2323
f 983/2587/2327 3211/2583/2323 3212/2578/2318
f 3212/2578/2318 3213/2588/2328 983/2587/2327
f 984/2672/2397 983/2587/2327 3213/2588/2328
f 3213/2588/2328 994/2589/2329 984/2672/2397
f 985/2671/2396 984/2672/2397 994/2589/2329
f 994/2589/2329 988/2656/2381 985/2671/2396
f 3209/2586/2326 3211/2583/2323 983/2587/2327
f 983/2587/2327 986/2662/2387 1034/2607/2347
f 1030/2599/2339 983/2587/2327 1034/2607/2347
f 1030/2599/2339 3209/2586/2326 983/2587/2327
f 1030/2599/2339 1031/2598/2722 3209/2586/2326
f 1032/2584/2324 1029/2597/2721 1022/2591/2331
f 1022/2591/2331 1023/2585/2325 1032/2584/2324
f 1032/2584/2324 1023/2585/2325 1000/2581/2321
f 1000/2581/2321 3210/2582/2322 1032/2584/2324
f 3212/2578/2318 3210/2582/2322 1000/2581/2321
f 1000/2581/2321 1003/2579/2319 3212/2578/2318
f 3212/2578/2318 1003/2579/2319 992/2580/2320
f 992/2580/2320 3213/2588/2328 3212/2578/2318
f 994/2589/2329 3213/2588/2328 992/2580/2320
f 784/2806/2653 3012/2880/1473 783/2803/821
f 3214/2670/2395 3215/2671/2396 1543/2656/2381
f 1545/2589/2329 1543/2656/2381 3215/2671/2396
f 3215/2671/2396 3216/2672/2397 1545/2589/2329
f 1607/2588/2328 1545/2589/2329 3216/2672/2397
f 3216/2672/2397 1532/2587/2327 1607/2588/2328
f 1532/2587/2327 3216/2672/2397 3215/2671/2396
f 1532/2587/2327 3215/2671/2396 1534/2662/2387
f 3215/2671/2396 3214/2670/2395 1534/2662/2387
f 1534/2662/2387 3214/2670/2395 1535/2657/2382
f 1543/2656/2381 1535/2657/2382 3214/2670/2395
f 2133/4198/3222 2132/4201/3221 2361/4200/3439
f 2361/4200/3439 2362/4199/3440 2133/4198/3222
f 2133/4198/3222 2362/4199/3440 2221/3559/3310
f 2221/3559/3310 2138/3558/3227 2133/4198/3222
f 791/2793/2656 790/2849/2655 3217/2792/4033
f 2782/3435/3819 2783/3437/3820 2784/3439/3821
f 2784/3439/3821 3218/4321/4034 2782/3435/3819
f 2782/3435/3819 3218/4321/4034 2780/3431/3817
f 2779/3429/3816 2780/3431/3817 3218/4321/4034
f 3218/4321/4034 3219/4322/4035 2779/3429/3816
f 2778/3427/3815 2779/3429/3816 3219/4322/4035
f 3219/4322/4035 2777/3425/3814 2778/3427/3815
f 2786/3424/3823 2777/3425/3814 3219/4322/4035
f 3219/4322/4035 2785/3441/3822 2786/3424/3823
f 2784/3439/3821 2785/3441/3822 3219/4322/4035
f 3219/4322/4035 3218/4321/4034 2784/3439/3821
f 2780/3431/3817 2781/3433/3818 2782/3435/3819
f 825/2791/2675 791/2793/2656 3217/2792/4033
f 3217/2792/4033 3220/2790/4036 825/2791/2675
f 824/2789/2674 825/2791/2675 3220/2790/4036
f 3220/2790/4036 3221/2788/4037 824/2789/2674
f 821/2786/2672 824/2789/2674 3221/2788/4037
f 3221/2788/4037 819/2787/2670 821/2786/2672
f 831/2759/2681 822/2754/2673 819/2787/2670
f 819/2787/2670 3221/2788/4037 831/2759/2681
f 829/2765/2679 831/2759/2681 3221/2788/4037
f 3221/2788/4037 3220/2790/4036 829/2765/2679
f 790/2849/2655 829/2765/2679 3220/2790/4036
f 3220/2790/4036 3217/2792/4033 790/2849/2655
f 3222/2881/4038 3223/2884/1497 3224/2883/1666
f 3225/4323/4039 124/4324/2038 127/4325/2041
f 127/4325/2041 3226/4326/4040 3225/4323/4039
f 3225/4323/4039 3226/4326/4040 3227/4327/4041
f 3227/4327/4041 3228/4328/4042 3225/4323/4039
f 3229/4329/4043 3228/4328/4042 3227/4327/4041
f 3227/4327/4041 3230/4330/4044 3229/4329/4043
f 3229/4329/4043 3230/4330/4044 2048/4331/3150
f 2048/4331/3150 2209/4332/3298 3229/4329/4043
f 3224/2883/1666 3231/2882/4045 3222/2881/4038
f 2907/4333/3928 2906/4334/3927 124/4335/2038
f 124/4335/2038 3225/4336/4039 2907/4333/3928
f 2907/4333/3928 3225/4336/4039 3228/4337/4042
f 3228/4337/4042 2909/4338/310 2907/4333/3928
f 2912/4339/3932 2909/4338/310 3228/4337/4042
f 3228/4337/4042 3229/4340/4043 2912/4339/3932
f 2912/4339/3932 3229/4340/4043 2209/4341/3298
f 2209/4341/3298 2284/4342/3364 2912/4339/3932
f 3010/2889/4021 3232/2946/4046 3233/2891/1496
f 2999/4343/4010 3005/4344/4016 3000/4345/4011
f 3005/4344/4016 3004/4346/4015 3000/4345/4011
f 3004/4346/4015 3003/4347/4014 3000/4345/4011
f 3002/4348/4013 3000/4345/4011 3003/4347/4014
f 3003/4347/4014 3008/4349/4019 3002/4348/4013
f 3008/4349/4019 3007/4350/4018 3002/4348/4013
f 3007/4350/4018 3006/4351/4017 3002/4348/4013
f 3006/4351/4017 2938/4352/3958 3002/4348/4013
f 3233/2891/1496 3011/2890/1474 3010/2889/4021
f 2384/2489/3462 2099/2490/3195 3234/2493/4047
f 2099/2490/3195 2101/2494/3196 3234/2493/4047
f 2101/2494/3196 2393/2495/3471 3234/2493/4047
f 3235/4353/4048 3234/2493/4047 2393/2495/3471
f 2393/2495/3471 2392/3747/3470 3235/4353/4048
f 3235/4353/4048 2392/3747/3470 3236/4354/4049
f 3236/4354/4049 2392/3747/3470 2390/3745/3468
f 2390/3745/3468 2473/3792/3550 3236/4354/4049
f 2475/3794/3552 3236/4354/4049 2473/3792/3550
f 3236/4354/4049 2475/3794/3552 2850/4147/3887
f 2851/4148/3888 2916/4355/3936 2850/4147/3887
f 3237/4356/4050 2850/4147/3887 2916/4355/3936
f 2850/4147/3887 3237/4356/4050 3236/4354/4049
f 3236/4354/4049 3237/4356/4050 3235/4353/4048
f 3235/4353/4048 3237/4356/4050 2917/4357/3937
f 2917/4357/3937 2918/4358/3938 3235/4353/4048
f 3235/4353/4048 2918/4358/3938 2919/2492/3939
f 2919/2492/3939 3234/2493/4047 3235/4353/4048
f 2384/2489/3462 3234/2493/4047 2919/2492/3939
f 2919/2492/3939 2385/2491/3463 2384/2489/3462
f 2916/4355/3936 2917/4357/3937 3237/4356/4050
f 2813/3666/3850 204/3671/2118 200/3670/2114
f 2813/3666/3850 200/3670/2114 201/3669/2115
f 2813/3666/3850 201/3669/2115 214/3668/2128
f 2813/3666/3850 214/3668/2128 215/3667/2129
f 2813/3666/3850 215/3667/2129 2794/3665/3831
f 2814/3664/3851 2813/3666/3850 2794/3665/3831
f 2794/3665/3831 2795/3660/3832 2814/3664/3851
f 2285/3657/3365 2814/3664/3851 2795/3660/3832
f 2795/3660/3832 2797/3659/3834 2285/3657/3365
f 2285/3657/3365 2797/3659/3834 2286/3658/3366
f 3231/3007/4045 3020/3008/4029 3222/3083/4038
f 3009/3653/4020 2906/3656/3927 2905/3655/3926
f 2905/3655/3926 2944/3654/3964 3009/3653/4020
f 3009/3653/4020 2944/3654/3964 2947/3651/2761
f 2947/3651/2761 2984/3649/3996 3009/3653/4020
f 3231/3007/4045 3232/3009/4046 3020/3008/4029
f 119/3538/2033 115/4359/2029 114/3536/2028
f 114/3536/2028 112/3535/2026 2933/3535/3953
f 53/3584/1967 52/3587/1966 2936/3586/3956
f 2936/3586/3956 2929/3585/3949 53/3584/1967
f 53/3584/1967 2929/3585/3949 2928/3582/3948
f 2928/3582/3948 54/3583/1968 53/3584/1967
f 55/3580/1969 54/3583/1968 2928/3582/3948
f 2928/3582/3948 67/3581/1981 55/3580/1969
f 2925/775/3945 2924/4360/3944 68/4361/1982
f 3232/3009/4046 3010/3058/4021 3020/3008/4029
f 329/4362/2241 38/4363/1952 2611/3915/3659
f 2611/3915/3659 2610/3914/3658 329/4362/2241
f 326/4364/2238 329/4362/2241 2610/3914/3658
f 2609/3913/3657 326/4364/2238 2610/3914/3658
f 2609/3913/3657 337/4365/2249 326/4364/2238
f 337/4365/2249 2609/3913/3657 2629/3942/3677
f 2629/3942/3677 338/4366/2250 337/4365/2249
f 2842/4367/3879 338/4366/2250 2629/3942/3677
f 2629/3942/3677 2628/3941/3676 2842/4367/3879
f 2843/4368/3880 2842/4367/3879 2628/3941/3676
f 2628/3941/3676 2627/3940/3675 2843/4368/3880
f 2627/3940/3675 2625/3938/3673 2843/4368/3880
f 2625/3938/3673 2844/4369/3881 2843/4368/3880
f 2844/4369/3881 2625/3938/3673 2624/3937/3672
f 2845/4370/3882 2844/4369/3881 2624/3937/3672
f 2624/3937/3672 2623/3936/3671 2845/4370/3882
f 2845/4370/3882 2623/3936/3671 2622/3935/3670
f 2622/3935/3670 2852/4371/3889 2845/4370/3882
f 2851/4206/3888 2852/4371/3889 2622/3935/3670
f 2622/3935/3670 2621/3934/3669 2851/4206/3888
f 2943/3532/3963 2940/3543/3960 2939/3531/3959
f 3231/2881/4045 3224/3182/1666 3238/3173/1716
f 2071/4372/3173 2070/4373/3172 2078/4374/3180
f 2078/4374/3180 3239/4375/4051 2071/4372/3173
f 2072/4376/3174 2071/4372/3173 3239/4375/4051
f 3239/4375/4051 3240/4377/4052 2072/4376/3174
f 2073/4378/3175 2072/4376/3174 3240/4377/4052
f 3240/4377/4052 3241/4379/4053 2073/4378/3175
f 2073/4378/3175 3241/4379/4053 3242/4380/4054
f 3242/4380/4054 3243/4381/4055 2073/4378/3175
f 3243/4381/4055 3242/4380/4054 3244/4382/4056
f 3244/4382/4056 3245/4383/4057 3243/4381/4055
f 3245/4383/4057 3244/4382/4056 2789/4384/3826
f 2789/4384/3826 2788/4385/3825 3245/4383/4057
f 3238/3173/1716 3246/3172/4058 3231/2881/4045
f 2892/4181/3914 320/4184/2233 2879/4386/3906
f 2879/4386/3906 3247/4387/4059 2892/4181/3914
f 2892/4181/3914 3247/4387/4059 3248/4388/4060
f 3248/4388/4060 2891/4180/3913 2892/4181/3914
f 2891/4180/3913 3248/4388/4060 3249/4389/4061
f 3249/4389/4061 2889/4178/3912 2891/4180/3913
f 2884/4173/3910 2889/4178/3912 3249/4389/4061
f 3249/4389/4061 2871/4390/3902 2884/4173/3910
f 2884/4173/3910 2871/4390/3902 2821/4110/3858
f 2821/4110/3858 2825/4115/3862 2884/4173/3910
f 3233/2891/1496 3232/2946/4046 3250/3204/4062
f 2822/4391/3859 2821/4392/3858 2873/4393/116
f 2873/4393/116 3251/4394/114 2822/4391/3859
f 2822/4391/3859 3251/4394/114 3252/4395/71
f 3252/4395/71 341/4396/2253 2822/4391/3859
f 341/4396/2253 3252/4395/71 3253/4397/70
f 3247/3510/4059 2879/3512/3906 2880/3511/135
f 2880/3511/135 3254/3509/134 3247/3510/4059
f 3248/3508/4060 3247/3510/4059 3254/3509/134
f 3254/3509/134 3255/3507/139 3248/3508/4060
f 3249/3506/4061 3248/3508/4060 3255/3507/139
f 3255/3507/139 3256/3505/149 3249/3506/4061
f 2871/3503/3902 3249/3506/4061 3256/3505/149
f 3256/3505/149 2872/3504/148 2871/3503/3902
f 2898/3496/3919 2897/3498/3918 3257/3497/61
f 3257/3497/61 3258/3495/65 2898/3496/3919
f 2900/3494/3921 2898/3496/3919 3258/3495/65
f 3258/3495/65 3259/3493/79 2900/3494/3921
f 2868/3491/3901 2900/3494/3921 3259/3493/79
f 3259/3493/79 2869/3492/80 2868/3491/3901
f 336/3488/2248 340/3490/2252 3253/3489/70
f 3253/3489/70 3260/3487/69 336/3488/2248
f 334/3486/2246 336/3488/2248 3260/3487/69
f 3260/3487/69 3261/3485/67 334/3486/2246
f 333/3484/2245 334/3486/2246 3261/3485/67
f 3261/3485/67 3262/3483/63 333/3484/2245
f 2895/3481/3916 333/3484/2245 3262/3483/63
f 3262/3483/63 3263/3482/62 2895/3481/3916
f 2897/3498/3918 2896/4398/3917 3257/3497/61
f 3250/3204/4062 3264/3203/1677 3233/2891/1496
f 2895/4399/3916 3263/4400/62 3257/4401/61
f 3232/3009/4046 3231/3007/4045 3246/3229/4058
f 3257/4401/61 2896/4402/3917 2895/4399/3916
f 3246/3229/4058 3250/3228/4062 3232/3009/4046
f 2945/4239/508 2944/4238/3964 2905/4403/3926
f 3246/3172/4058 3238/3173/1716 3265/3256/1796
f 2905/4403/3926 2908/4404/3929 2945/4239/508
f 3265/3256/1796 3266/3255/4063 3246/3172/4058
f 2966/4405/2761 2950/4244/3967 3267/4406/508
f 3268/4407/508 3267/4406/508 2950/4244/3967
f 2275/4408/3356 3267/4406/508 3268/4407/508
f 3267/4406/508 2275/4408/3356 2259/4409/2798
f 2259/4409/2798 3269/4410/508 3267/4406/508
f 3269/4410/508 2259/4409/2798 2260/4411/2798
f 2260/4411/2798 3270/4412/508 3269/4410/508
f 3270/4412/508 2260/4411/2798 2253/4413/2798
f 2253/4413/2798 3271/4414/508 3270/4412/508
f 3271/4414/508 2253/4413/2798 2244/3599/3330
f 2244/3599/3330 2248/3603/508 3271/4414/508
f 3271/4414/508 2248/3603/508 2247/3602/3332
f 2247/3602/3332 2960/4415/2761 3271/4414/508
f 3270/4412/508 3271/4414/508 2960/4415/2761
f 2960/4415/2761 2967/4416/2761 3270/4412/508
f 3269/4410/508 3270/4412/508 2967/4416/2761
f 2967/4416/2761 2966/4405/2761 3269/4410/508
f 3267/4406/508 3269/4410/508 2966/4405/2761
f 2240/3595/508 2242/3597/508 2248/3603/508
f 2248/3603/508 2242/3597/508 2246/3601/508
f 2241/3596/3328 2982/4417/3994 2242/3597/508
f 2242/3597/508 2982/4417/3994 2245/3600/3331
f 2946/4240/508 2945/4239/508 3272/4418/508
f 2910/4419/3930 3272/4418/508 2945/4239/508
f 3273/4420/508 3272/4418/508 2910/4419/3930
f 3272/4418/508 3273/4420/508 3274/4421/508
f 3274/4421/508 3268/4407/508 3272/4418/508
f 3272/4418/508 3268/4407/508 2946/4240/508
f 3264/3344/1677 3250/3383/4062 3275/3346/4064
f 2950/4244/3967 2946/4240/508 3268/4407/508
f 3275/3346/4064 3276/3345/1727 3264/3344/1677
f 2945/4239/508 2908/4404/3929 2910/4419/3930
f 3250/3416/4062 3246/3452/4058 3266/3418/4063
f 229/3458/2143 230/3460/2144 2073/3459/3175
f 2073/3459/3175 3243/3457/4055 229/3458/2143
f 227/3456/2141 229/3458/2143 3243/3457/4055
f 3243/3457/4055 3245/3455/4057 227/3456/2141
f 228/3453/2142 227/3456/2141 3245/3455/4057
f 3245/3455/4057 2788/3454/3825 228/3453/2142
f 98/2235/2012 2776/3451/3813 3277/3443/4065
f 3277/3443/4065 3278/3444/4066 98/2235/2012
f 94/2231/2008 98/2235/2012 3278/3444/4066
f 3278/3444/4066 3279/3445/4067 94/2231/2008
f 95/2232/2009 94/2231/2008 3279/3445/4067
f 3279/3445/4067 3280/3446/4068 95/2232/2009
f 96/2233/2010 95/2232/2009 3280/3446/4068
f 3280/3446/4068 3281/3447/4069 96/2233/2010
f 29/2167/1943 96/2233/2010 3281/3447/4069
f 3281/3447/4069 3282/3448/4070 29/2167/1943
f 130/2267/2044 129/2266/2043 3283/3449/4071
f 3283/3449/4071 3282/3448/4070 130/2267/2044
f 132/2269/2046 130/2267/2044 3282/3448/4070
f 3282/3448/4070 3281/3447/4069 132/2269/2046
f 134/2271/2048 132/2269/2046 3281/3447/4069
f 3281/3447/4069 3280/3446/4068 134/2271/2048
f 137/2274/2051 134/2271/2048 3280/3446/4068
f 3280/3446/4068 3279/3445/4067 137/2274/2051
f 126/2263/2040 137/2274/2051 3279/3445/4067
f 3279/3445/4067 3278/3444/4066 126/2263/2040
f 127/2264/2041 126/2263/2040 3278/3444/4066
f 3278/3444/4066 3277/3443/4065 127/2264/2041
f 30/2168/1944 29/2167/1943 3282/3448/4070
f 3282/3448/4070 3283/3449/4071 30/2168/1944
f 31/2169/1945 30/2168/1944 3283/3449/4071
f 3283/3449/4071 3284/3450/4072 31/2169/1945
f 3284/3450/4072 3283/3449/4071 129/2266/2043
f 129/2266/2043 39/2177/1953 3284/3450/4072
f 3266/3418/4063 3275/3417/4064 3250/3416/4062
f 2049/4422/3151 2048/4331/3150 3230/4330/4044
f 3230/4330/4044 3285/4423/4073 2049/4422/3151
f 2031/4424/3133 2049/4422/3151 3285/4423/4073
f 3285/4423/4073 2028/4425/3130 2031/4424/3133
f 2028/4425/3130 3285/4423/4073 3286/4426/4074
f 3286/4426/4074 2761/4078/3799 2028/4425/3130
f 2762/4079/3800 2761/4078/3799 3286/4426/4074
f 3286/4426/4074 3287/4427/4075 2762/4079/3800
f 2776/4428/3813 2762/4079/3800 3287/4427/4075
f 3287/4427/4075 3277/4429/4065 2776/4428/3813
f 3277/4429/4065 3287/4427/4075 3226/4326/4040
f 3226/4326/4040 127/4325/2041 3277/4429/4065
f 3227/4327/4041 3226/4326/4040 3287/4427/4075
f 3287/4427/4075 3286/4426/4074 3227/4327/4041
f 3227/4327/4041 3286/4426/4074 3285/4423/4073
f 3285/4423/4073 3230/4330/4044 3227/4327/4041
f 39/2177/1953 31/2169/1945 3284/3450/4072
f 3266/3255/4063 3265/3256/1796 3288/3480/1838
f 2755/4071/3793 2754/4070/3792 2746/4430/3785
f 3288/3480/1838 3289/3479/4076 3266/3255/4063
f 2746/4430/3785 2745/4431/3784 2755/4071/3793
f 3276/3345/1727 3275/3346/4064 771/2775/2646
f 2767/4084/3805 2769/4086/3807 2743/4432/3783
f 771/2775/2646 770/2776/820 3276/3345/1727
f 2743/4432/3783 2742/4433/3782 2767/4084/3805
f 3275/3417/4064 3266/3418/4063 3289/3635/4076
f 2769/4086/3807 2771/4088/3809 2737/4434/3780
f 3289/3635/4076 771/3634/2646 3275/3417/4064
f 2737/4434/3780 2743/4432/3783 2769/4086/3807
f 3289/3479/4076 3288/3480/1838 3290/3703/1872
f 2754/4070/3792 2767/4084/3805 2742/4433/3782
f 3290/3703/1872 3291/3702/4077 3289/3479/4076
f 2742/4433/3782 2746/4430/3785 2754/4070/3792
f 773/3758/2648 3292/3852/4078 3293/3760/1839
f 2666/4435/3711 2678/4436/3723 2667/4437/3712
f 2678/4436/3723 2676/4438/3721 2667/4437/3712
f 2676/4438/3721 2670/4439/3715 2667/4437/3712
f 2670/4439/3715 2676/4438/3721 2674/4440/3719
f 2674/4440/3719 2672/4441/3717 2670/4439/3715
f 3293/3760/1839 775/3759/819 773/3758/2648
f 2705/3398/3750 2706/3400/3751 3294/3399/4079
f 3294/3399/4079 3295/3397/4080 2705/3398/3750
f 2731/3396/3776 2705/3398/3750 3295/3397/4080
f 3295/3397/4080 3296/3395/4081 2731/3396/3776
f 2692/3393/3737 2731/3396/3776 3296/3395/4081
f 3296/3395/4081 2693/3394/3738 2692/3393/3737
f 2715/3368/3760 2679/3370/3724 2682/3369/3727
f 2682/3369/3727 2734/3367/3778 2715/3368/3760
f 2712/3366/3757 2715/3368/3760 2734/3367/3778
f 2734/3367/3778 2735/3365/3779 2712/3366/3757
f 2685/3363/3730 2712/3366/3757 2735/3365/3779
f 2735/3365/3779 2686/3364/3731 2685/3363/3730
f 2636/3298/3684 2638/3307/3686 2658/3332/3704
f 2658/3332/3704 3297/3331/4082 2636/3298/3684
f 2633/3297/3681 2636/3298/3684 3297/3331/4082
f 3297/3331/4082 2648/3330/3696 2633/3297/3681
f 2633/3297/3681 2648/3330/3696 2647/3329/3695
f 2647/3329/3695 2661/3326/3707 2633/3297/3681
f 3291/3860/4077 773/3861/2648 3289/3635/4076
f 2637/3328/3685 2639/3318/3687 1967/3319/3072
f 1967/3319/3072 1974/3327/3079 2637/3328/3685
f 2638/3321/3686 2637/3328/3685 1974/3327/3079
f 1974/3327/3079 1968/3320/3073 2638/3321/3686
f 2633/3297/3681 2661/3326/3707 2634/3300/3682
f 2661/3326/3707 2660/3325/3706 2634/3300/3682
f 2660/3325/3706 2643/3302/3691 2634/3300/3682
f 2643/3302/3691 2660/3325/3706 2659/3324/3705
f 773/3861/2648 771/3634/2646 3289/3635/4076
f 2642/3301/3690 2657/3957/3703 2656/3956/3702
f 3291/3860/4077 3292/3862/4078 773/3861/2648
f 1966/3317/3071 1967/3319/3072 2639/3318/3687
f 2639/3318/3687 2651/3316/3698 1966/3317/3071
f 1963/3314/508 1966/3317/3071 2651/3316/3698
f 2651/3316/3698 2650/3315/508 1963/3314/508
f 3298/3291/4083 2604/3293/3652 2605/3292/3653
f 2605/3292/3653 3299/3290/4084 3298/3291/4083
f 3300/3289/4085 3298/3291/4083 3299/3290/4084
f 3299/3290/4084 3301/3288/4086 3300/3289/4085
f 3302/3287/4087 3300/3289/4085 3301/3288/4086
f 3301/3288/4086 3303/3286/4088 3302/3287/4087
f 2606/3284/3654 3302/3287/4087 3303/3286/4088
f 3303/3286/4088 2607/3285/3655 2606/3284/3654
f 2626/3278/3674 2630/3280/3678 3302/3279/4087
f 3302/3279/4087 2606/3277/3654 2626/3278/3674
f 1942/3275/3049 2626/3278/3674 2606/3277/3654
f 2606/3277/3654 1943/3276/3050 1942/3275/3049
f 2612/3272/3660 2603/3274/3651 2604/3273/3652
f 2604/3273/3652 3298/3271/4083 2612/3272/3660
f 2608/3270/3656 2612/3272/3660 3298/3271/4083
f 3298/3271/4083 3300/3269/4085 2608/3270/3656
f 2630/3267/3678 2608/3270/3656 3300/3269/4085
f 3300/3269/4085 3302/3268/4087 2630/3267/3678
f 1929/3257/508 1931/3262/298 3304/3261/301
f 3304/3261/301 3305/3260/4089 1929/3257/508
f 1929/3257/508 3305/3260/4089 2605/3259/3653
f 2605/3259/3653 1930/3258/3038 1929/3257/508
f 3291/3702/4077 3290/3703/1872 3306/3911/1884
f 3299/3245/4084 2605/3244/3653 3305/3243/4089
f 3305/3243/4089 3307/3246/4090 3299/3245/4084
f 3301/3247/4086 3299/3245/4084 3307/3246/4090
f 3307/3246/4090 3308/3248/4091 3301/3247/4086
f 3303/3249/4088 3301/3247/4086 3308/3248/4091
f 3308/3248/4091 3309/3250/4092 3303/3249/4088
f 3310/3251/307 3309/3250/4092 3308/3248/4091
f 3308/3248/4091 3311/3252/305 3310/3251/307
f 3311/3252/305 3308/3248/4091 3307/3246/4090
f 3307/3246/4090 3312/3253/303 3311/3252/305
f 3312/3253/303 3307/3246/4090 3305/3243/4089
f 3305/3243/4089 3304/3254/301 3312/3253/303
f 3306/3911/1884 3313/3910/4093 3291/3702/4077
f 2607/3236/3655 3303/3235/4088 3309/3234/4092
f 3309/3234/4092 3314/3237/4094 2607/3236/3655
f 1913/3238/3027 2607/3236/3655 3314/3237/4094
f 3314/3237/4094 1914/3239/3028 1913/3238/3027
f 1915/3240/311 1914/3239/3028 3314/3237/4094
f 3314/3237/4094 3315/3241/309 1915/3240/311
f 3315/3241/309 3314/3237/4094 3309/3234/4092
f 3309/3234/4092 3310/3242/307 3315/3241/309
f 3293/3760/1839 3292/3852/4078 3316/3961/4095
f 173/2316/2087 314/4442/2227 171/2314/2085
f 3316/3961/4095 3317/3960/1877 3293/3760/1839
f 167/4443/2081 166/4444/2080 2858/4445/3894
f 3292/3862/4078 3291/3860/4077 3313/3963/4093
f 2592/4119/3643 2591/4446/108 2886/4175/118
f 3313/3963/4093 3316/3962/4095 3292/3862/4078
f 3253/4397/70 340/4447/2252 341/4396/2253
f 3313/3910/4093 3306/3911/1884 3318/4041/1886
f 2556/3212/3624 2550/3226/3618 2549/3211/3617
f 3318/4041/1886 3319/4040/4096 3313/3910/4093
f 2560/3219/3628 2559/3220/3627 2562/3222/3630
f 3317/3960/1877 3316/3961/4095 3320/4094/4097
f 2557/3199/3625 2564/3200/3632 2558/3221/3626
f 3320/4094/4097 3321/4093/1885 3317/3960/1877
f 2563/4448/3631 2561/4449/3629 2554/4450/3622
f 3316/3962/4095 3313/3963/4093 3319/4096/4096
f 2563/4448/3631 2554/4450/3622 2553/4451/3621
f 3319/4096/4096 3320/4095/4097 3316/3962/4095
f 2566/4452/3634 2563/4448/3631 2553/4451/3621
f 3319/4040/4096 3318/4041/1886 794/4160/817
f 2545/4453/3614 2544/4454/3613 2543/4455/3565
f 2545/4453/3614 2543/4455/3565 2537/4456/3562
f 2545/4453/3614 2537/4456/3562 2535/4457/3563
f 2537/4456/3562 2536/4458/3571 2535/4457/3563
f 2543/4455/3565 2538/4459/3566 2537/4456/3562
f 2546/4460/3572 2545/4453/3614 2535/4457/3563
f 2529/4461/3603 2528/4462/3602 3322/4463/4098
f 3322/4463/4098 3323/4464/4099 2529/4461/3603
f 2530/4465/3604 2529/4461/3603 3323/4464/4099
f 3323/4464/4099 3324/4466/4100 2530/4465/3604
f 2532/4467/3606 2530/4465/3604 3324/4466/4100
f 3324/4466/4100 3325/4468/4101 2532/4467/3606
f 2531/4469/3605 2532/4467/3606 3325/4468/4101
f 3325/4468/4101 3326/4470/4102 2531/4469/3605
f 2528/4471/3602 2531/4469/3605 3326/4470/4102
f 3326/4470/4102 3322/4472/4098 2528/4471/3602
f 3327/4473/508 2513/3864/3587 2527/3863/3601
f 3327/4474/508 2527/3863/3601 2526/3859/3600
f 3327/4475/508 2526/3859/3600 2525/3858/3599
f 3327/4476/508 2525/3858/3599 2524/3857/3598
f 3327/4477/508 2524/3857/3598 2516/3849/3590
f 3327/4478/508 2516/3849/3590 2515/3848/3589
f 3327/4479/508 2515/3848/3589 2514/3847/3588
f 3327/4480/508 2514/3847/3588 2513/3846/3587
f 2500/4453/3575 2499/4454/3574 2498/4455/3573
f 2500/4453/3575 2498/4455/3573 2494/4456/3569
f 2500/4453/3575 2494/4456/3569 2492/4457/3567
f 2494/4456/3569 2493/4458/3568 2492/4457/3567
f 2498/4455/3573 2495/4459/3570 2494/4456/3569
f 2501/4460/3576 2500/4453/3575 2492/4457/3567
f 2490/3811/3565 2491/4481/3566 2487/3808/3562
f 794/4160/817 793/4159/2657 3319/4040/4096
f 2487/3808/3562 2496/4482/3571 2488/3809/3563
f 3321/4093/1885 3320/4094/4097 826/4187/2676
f 2488/3809/3563 2497/4483/3572 2489/3810/3564
f 826/4187/2676 2991/4186/814 3321/4093/1885
f 2502/4484/3577 2490/3811/3565 2489/3810/3564
f 3320/4095/4097 3319/4096/4096 793/4232/2657
f 322/3195/2234 321/3197/138 2894/3196/3915
f 2894/3196/3915 3328/3194/42 322/3195/2234
f 323/3193/2235 322/3195/2234 3328/3194/42
f 3328/3194/42 3329/3192/40 323/3193/2235
f 280/3191/2193 323/3193/2235 3329/3192/40
f 3329/3192/40 3330/3190/41 280/3191/2193
f 292/3187/2205 280/3191/2193 3330/3190/41
f 3330/3190/41 3331/3189/1779 292/3187/2205
f 292/3187/2205 3331/3189/1779 3332/3188/1780
f 292/3187/2205 3332/3188/1780 3333/3186/1781
f 293/3183/2206 292/3187/2205 3333/3186/1781
f 293/3183/2206 3333/3186/1781 3334/3185/1782
f 293/3183/2206 3334/3185/1782 1873/3184/1517
f 793/4232/2657 826/4231/2676 3320/4095/4097
f 3335/4485/4103 3336/4486/4104 3337/4487/4105
f 3020/2879/4029 3105/2878/1475 3223/4246/1497
f 2894/3196/3915 3335/4488/4103 3337/4489/4105
f 3223/4246/1497 3222/4245/4038 3020/2879/4029
f 3337/4489/4105 3328/3194/42 2894/3196/3915
f 3338/2833/769 808/2835/771 807/2834/2664
f 807/2834/2664 842/2832/2692 3338/2833/769
f 3339/2831/766 3338/2833/769 842/2832/2692
f 842/2832/2692 841/2830/2691 3339/2831/766
f 805/2828/767 3339/2831/766 841/2830/2691
f 841/2830/2691 804/2829/2662 805/2828/767
f 939/2565/2483 938/2529/2710 977/2556/2435
f 2373/4261/3451 2374/4260/3452 2318/4259/3397
f 2318/4259/3397 2319/4262/3398 2373/4261/3451
f 2373/4261/3451 2319/4262/3398 2320/4263/3399
f 2320/4263/3399 3340/4264/4106 2373/4261/3451
f 3341/4265/4107 3340/4264/4106 2320/4263/3399
f 2320/4263/3399 2322/4266/3401 3341/4265/4107
f 2459/4267/3536 3341/4265/4107 2322/4266/3401
f 2322/4266/3401 2324/4268/3403 2459/4267/3536
f 2125/4490/3217 267/4491/2181 2123/4492/3215
f 924/2577/2707 959/2552/2452 925/2576/2451
f 925/2576/2451 959/2552/2452 966/2550/2449
f 966/2550/2449 930/2575/2450 925/2576/2451
f 930/2575/2450 966/2550/2449 929/2574/2448
f 929/2574/2448 966/2550/2449 968/2548/2446
f 968/2548/2446 889/2573/2447 929/2574/2448
f 889/2573/2447 968/2548/2446 884/2572/2445
f 884/2572/2445 968/2548/2446 963/2545/2437
f 963/2545/2437 883/2571/2699 884/2572/2445
f 883/2571/2699 963/2545/2437 882/2544/2698
f 2444/2358/3521 2295/2357/3375 2293/4097/3373
f 2293/4097/3373 2074/4098/3176 2444/2358/3521
f 2443/2352/3520 2444/2358/3521 2074/4098/3176
f 2074/4098/3176 2077/4099/3179 2443/2352/3520
f 2443/2352/3520 2077/4099/3179 2079/4100/3181
f 2079/4100/3181 2442/4493/3519 2443/2352/3520
f 2442/4493/3519 2079/4100/3181 257/4101/2171
f 257/4101/2171 258/2354/2172 2442/4493/3519
f 1358/2560/2461 1334/2547/2456 1336/2549/2457
f 1336/2549/2457 3342/2561/2460 1358/2560/2461
f 1358/2560/2461 3342/2561/2460 1360/2707/2471
f 1361/2709/2473 1360/2707/2471 3342/2561/2460
f 3342/2561/2460 1348/2562/2459 1361/2709/2473
f 1336/2549/2457 1348/2562/2459 3342/2561/2460
f 1348/2562/2459 1336/2549/2457 1344/2551/2458
f 3001/4276/4012 2234/4279/3323 2233/4278/3322
f 2233/4278/3322 3343/4277/4108 3001/4276/4012
f 3001/4276/4012 3343/4277/4108 3344/4275/4109
f 3344/4275/4109 2998/4269/4009 3001/4276/4012
f 2998/4269/4009 3344/4275/4109 3019/4274/4028
f 2998/4269/4009 3019/4274/4028 2135/4270/3224
f 2135/4270/3224 3019/4274/4028 2132/4273/3221
f 2024/3419/3128 2027/3422/3129 2998/4269/4009
f 2024/3419/3128 2998/4269/4009 2135/4270/3224
f 2137/4271/3226 2024/3419/3128 2135/4270/3224
f 2137/4271/3226 2149/4272/3238 2024/3419/3128
f 2040/3435/3142 3345/4321/4110 2044/3439/3146
f 2044/3439/3146 3345/4321/4110 3346/4322/4111
f 3346/4322/4111 2046/3441/3148 2044/3439/3146
f 2029/3424/3131 2046/3441/3148 3346/4322/4111
f 3346/4322/4111 2030/3425/3132 2029/3424/3131
f 2032/3427/3134 2030/3425/3132 3346/4322/4111
f 3346/4322/4111 2034/3429/3136 2032/3427/3134
f 2034/3429/3136 3346/4322/4111 3345/4321/4110
f 3345/4321/4110 2036/3431/3138 2034/3429/3136
f 2036/3431/3138 3345/4321/4110 2040/3435/3142
f 2040/3435/3142 2038/3433/3140 2036/3431/3138
f 2044/3439/3146 2042/3437/3144 2040/3435/3142
f 2047/4494/3149 2028/4425/3130 2761/4078/3799
f 2761/4078/3799 2764/4081/3802 2047/4494/3149
f 2045/4495/3147 2047/4494/3149 2764/4081/3802
f 2764/4081/3802 2756/4072/3794 2045/4495/3147
f 2043/4069/3145 2045/4495/3147 2756/4072/3794
f 1477/2577/2707 1509/2552/2452 1475/2576/2451
f 1475/2576/2451 1509/2552/2452 1520/2550/2449
f 1520/2550/2449 1474/2575/2450 1475/2576/2451
f 1474/2575/2450 1520/2550/2449 1472/2574/2448
f 1472/2574/2448 1520/2550/2449 1522/2548/2446
f 1522/2548/2446 1473/2573/2447 1472/2574/2448
f 1473/2573/2447 1522/2548/2446 3347/2572/2445
f 3347/2572/2445 1522/2548/2446 1516/2545/2437
f 1516/2545/2437 3348/2571/2444 3347/2572/2445
f 3348/2571/2444 1516/2545/2437 1515/2544/2443
f 3019/4343/4028 3344/4345/4109 3016/4344/4025
f 3016/4344/4025 3344/4345/4109 3017/4346/4026
f 3017/4346/4026 3344/4345/4109 3018/4347/4027
f 3018/4347/4027 3344/4345/4109 3343/4348/4108
f 3343/4348/4108 3013/4349/4022 3018/4347/4027
f 3013/4349/4022 3343/4348/4108 3014/4350/4023
f 3014/4350/4023 3343/4348/4108 3015/4351/4024
f 3015/4351/4024 3343/4348/4108 2233/4352/3322
f 2321/2141/3400 2322/2140/3401 2320/2139/3399
f 1430/2605/2561 1517/2632/2442 1429/2631/2441
f 1517/2632/2442 1430/2605/2561 1451/2593/2560
f 1451/2593/2560 1515/2633/2443 1517/2632/2442
f 1515/2633/2443 1451/2593/2560 1452/2594/2547
f 1452/2594/2547 3348/2634/2444 1515/2633/2443
f 3348/2634/2444 1452/2594/2547 1467/2635/2541
f 1467/2635/2541 3347/2636/2445 3348/2634/2444
f 3347/2636/2445 1467/2635/2541 1468/2637/2540
f 1468/2637/2540 1473/2638/2447 3347/2636/2445
f 1473/2638/2447 1468/2637/2540 1469/2639/2539
f 1659/2986/2802 1658/2988/2801 1636/2987/2780
f 1636/2987/2780 1639/2985/2783 1659/2986/2802
f 1661/2984/2804 1659/2986/2802 1639/2985/2783
f 1639/2985/2783 1641/2983/2785 1661/2984/2804
f 1663/2982/2806 1661/2984/2804 1641/2983/2785
f 1641/2983/2785 1643/2981/2787 1663/2982/2806
f 1665/2980/2808 1663/2982/2806 1643/2981/2787
f 1643/2981/2787 1645/2979/2789 1665/2980/2808
f 1615/2977/2762 1665/2980/2808 1645/2979/2789
f 1645/2979/2789 1616/2978/2763 1615/2977/2762
f 1648/2992/2792 1624/2906/2769 1625/2907/2770
f 1625/2907/2770 1628/2991/2773 1648/2992/2792
f 1650/2989/2794 1648/2992/2792 1628/2991/2773
f 1628/2991/2773 1630/2990/2775 1650/2989/2794
f 1691/2911/2831 1690/2913/2830 3349/2912/4112
f 3349/2912/4112 3350/2910/4113 1691/2911/2831
f 1688/2908/2828 1691/2911/2831 3350/2910/4113
f 3350/2910/4113 1693/2909/2833 1688/2908/2828
f 1669/2937/2812 1668/2939/2811 1698/2938/2837
f 1698/2938/2837 3351/2936/4114 1669/2937/2812
f 1671/2935/2814 1669/2937/2812 3351/2936/4114
f 3351/2936/4114 3352/2934/4115 1671/2935/2814
f 1673/2933/2816 1671/2935/2814 3352/2934/4115
f 3352/2934/4115 3353/2932/4116 1673/2933/2816
f 1675/2931/2818 1673/2933/2816 3353/2932/4116
f 3353/2932/4116 3354/2930/4117 1675/2931/2818
f 1677/2928/2820 1675/2931/2818 3354/2930/4117
f 3354/2930/4117 1707/2929/2844 1677/2928/2820
f 3355/2970/4118 1706/2972/2843 1667/2971/2810
f 1667/2971/2810 1670/2969/2813 3355/2970/4118
f 3356/2968/4119 3355/2970/4118 1670/2969/2813
f 1670/2969/2813 1672/2967/2815 3356/2968/4119
f 3357/2966/4120 3356/2968/4119 1672/2967/2815
f 1672/2967/2815 1674/2965/2817 3357/2966/4120
f 3358/2964/4121 3357/2966/4120 1674/2965/2817
f 1674/2965/2817 1676/2963/2819 3358/2964/4121
f 1708/2961/2845 3358/2964/4121 1676/2963/2819
f 1676/2963/2819 1678/2962/2821 1708/2961/2845
f 3358/2986/4121 1708/2988/2845 1707/2987/2844
f 1707/2987/2844 3354/2985/4117 3358/2986/4121
f 3357/2984/4120 3358/2986/4121 3354/2985/4117
f 3354/2985/4117 3353/2983/4116 3357/2984/4120
f 3356/2982/4119 3357/2984/4120 3353/2983/4116
f 3353/2983/4116 3352/2981/4115 3356/2982/4119
f 3355/2980/4118 3356/2982/4119 3352/2981/4115
f 3352/2981/4115 3351/2979/4114 3355/2980/4118
f 1706/2977/2843 3355/2980/4118 3351/2979/4114
f 3351/2979/4114 1698/2978/2837 1706/2977/2843
f 1700/2992/2839 1701/2906/2840 1693/2907/2833
f 1693/2907/2833 3350/2991/4113 1700/2992/2839
f 1699/2989/2838 1700/2992/2839 3350/2991/4113
f 3350/2991/4113 3349/2990/4112 1699/2989/2838
f 1712/4496/2849 1711/4497/2848 3359/4498/4122
f 1711/4497/2848 1720/4499/2857 3359/4498/4122
f 1720/4499/2857 1718/4500/2855 3359/4498/4122
f 1718/4500/2855 1716/4501/2853 3359/4498/4122
f 1716/4501/2853 1714/4502/2851 3359/4498/4122
f 1714/4502/2851 1712/4496/2849 3359/4498/4122
f 2280/4503/2798 2273/4504/3354 2274/4505/3355
f 2274/4505/3355 3274/4421/508 2280/4503/2798
f 2282/4506/3362 2280/4503/2798 3274/4421/508
f 3274/4421/508 3273/4420/508 2282/4506/3362
f 2274/4505/3355 2275/4408/3356 3274/4421/508
f 3360/3037/4123 1762/4507/2899 1761/4508/2898
f 3361/4509/4124 3360/3037/4123 3362/3036/4125
f 1761/4508/2898 3362/3036/4125 3360/3037/4123
f 3362/3036/4125 1761/4508/2898 1770/4510/2907
f 3363/4511/4126 3361/4509/4124 3364/4512/4127
f 3362/3036/4125 3364/4512/4127 3361/4509/4124
f 3364/4512/4127 3362/3036/4125 3365/3034/4128
f 1770/4510/2907 3365/3034/4128 3362/3036/4125
f 3365/3034/4128 1770/4510/2907 1774/3147/2911
f 1814/4513/2946 3363/4511/4126 3366/4514/4129
f 3364/4512/4127 3366/4514/4129 3363/4511/4126
f 3366/4514/4129 3364/4512/4127 3367/4515/4130
f 3365/3034/4128 3367/4515/4130 3364/4512/4127
f 3367/4515/4130 3365/3034/4128 3368/3028/4131
f 1774/3147/2911 3368/3028/4131 3365/3034/4128
f 3368/3028/4131 1774/3147/2911 1777/3162/2914
f 1777/3162/2914 3369/4516/4132 3368/3028/4131
f 3370/4517/4133 3368/3028/4131 3369/4516/4132
f 3368/3028/4131 3370/4517/4133 3367/4515/4130
f 3371/4518/4134 3367/4515/4130 3370/4517/4133
f 3367/4515/4130 3371/4518/4134 3366/4514/4129
f 1822/4519/2954 3366/4514/4129 3371/4518/4134
f 3366/4514/4129 1822/4519/2954 1814/4513/2946
f 3372/4520/4135 1815/4521/2947 1816/4522/2948
f 1816/4522/2948 3373/4523/4136 3372/4520/4135
f 3374/4524/4137 3372/4520/4135 3373/4523/4136
f 3373/4523/4136 3375/4525/4138 3374/4524/4137
f 3376/4526/4139 3374/4524/4137 3375/4525/4138
f 3375/4525/4138 3369/4516/4132 3376/4526/4139
f 3369/4516/4132 3375/4525/4138 3370/4517/4133
f 3377/4527/132 3370/4517/4133 3375/4525/4138
f 3370/4517/4133 3377/4527/132 3371/4518/4134
f 1821/4528/2953 3371/4518/4134 3377/4527/132
f 3371/4518/4134 1821/4528/2953 1822/4519/2954
f 3375/4525/4138 3373/4523/4136 3377/4527/132
f 1817/4529/2949 3377/4527/132 3373/4523/4136
f 3377/4527/132 1817/4529/2949 1821/4528/2953
f 3373/4523/4136 1816/4522/2948 1817/4529/2949
f 3363/4530/4126 1814/4531/2946 1815/4521/2947
f 1815/4521/2947 3372/4520/4135 3363/4530/4126
f 3361/4532/4124 3363/4530/4126 3372/4520/4135
f 3372/4520/4135 3374/4524/4137 3361/4532/4124
f 3360/3025/4123 3361/4532/4124 3374/4524/4137
f 3374/4524/4137 3376/4526/4139 3360/3025/4123
f 1762/4533/2899 3360/3025/4123 3376/4526/4139
f 3376/4526/4139 1779/4534/2916 1762/4533/2899
f 1779/4534/2916 3376/4526/4139 3369/4516/4132
f 3369/4516/4132 1777/3162/2914 1779/4534/2916
f 2141/3536/3230 2340/4359/3418 2143/3538/3232
f 3378/4489/4140 3379/4488/4141 1881/3196/2998
f 2144/4235/3233 2140/4235/3229 2139/4237/3228
f 1881/3196/2998 1880/3194/2997 3378/4489/4140
f 2139/4237/3228 2356/4236/3434 2144/4235/3233
f 3379/4485/4141 3378/4487/4140 3380/4486/4142
f 2235/4229/3324 2229/4228/3318 2228/4230/3317
f 2229/4228/3318 2235/4229/3324 2152/4226/3241
f 2152/4226/3241 2230/4227/3319 2229/4228/3318
f 2230/4227/3319 2152/4226/3241 2210/4224/3299
f 2210/4224/3299 2152/4226/3241 2151/4225/3240
f 2210/775/3299 2151/4361/3240 2211/4360/3300
f 1885/4535/3002 1893/4536/3009 1882/4537/2999
f 2211/4221/3300 2151/4223/3240 2150/4222/3239
f 2150/4222/3239 2156/4220/3245 2211/4221/3300
f 2212/4218/3301 2211/4221/3300 2156/4220/3245
f 2156/4220/3245 2165/4219/3254 2212/4218/3301
f 2212/4218/3301 2165/4219/3254 2176/4216/3265
f 2176/4216/3265 2214/4217/3303 2212/4218/3301
f 2216/4214/3305 2214/4217/3303 2176/4216/3265
f 2176/4216/3265 2177/4215/3266 2216/4214/3305
f 2216/4214/3305 2177/4215/3266 2178/4213/3267
f 2178/4213/3267 2218/4211/3307 2216/4214/3305
f 2218/4211/3307 2178/4213/3267 2179/4212/3268
f 1893/4536/3009 1894/4538/3010 1882/4537/2999
f 2137/3532/3226 2136/3531/3225 2149/3543/3238
f 1894/4538/3010 1903/4539/3019 1882/4537/2999
f 2393/4396/3471 2101/4447/3196 2100/4397/1658
f 2100/4397/1658 3381/4395/1659 2393/4396/3471
f 2391/4391/3469 2393/4396/3471 3381/4395/1659
f 3381/4395/1659 3382/4394/1653 2391/4391/3469
f 2391/4391/3469 3382/4394/1653 2111/4393/3206
f 2111/4393/3206 2110/4392/3205 2391/4391/3469
f 1883/3199/3000 1901/3221/3017 1884/3200/3001
f 2459/4172/3536 2089/4171/3188 3341/4170/4107
f 3341/4170/4107 2089/4171/3188 2087/4169/3186
f 2087/4169/3186 3340/4168/4106 3341/4170/4107
f 3340/4168/4106 2087/4169/3186 2085/4166/3184
f 2085/4166/3184 2373/4167/3451 3340/4168/4106
f 2083/4165/3183 2373/4167/3451 2085/4166/3184
f 2082/4164/3182 2081/4163/1608 2376/4161/3454
f 2376/4161/3454 2081/4163/1608 3383/4162/4143
f 2376/4161/3454 3383/4162/4143 2103/3492/3198
f 2376/4161/3454 2103/3492/3198 2102/3491/3197
f 1899/3219/3015 1902/3222/3018 1900/3220/3016
f 2109/3498/3204 2108/3497/3203 2388/4398/3466
f 1895/3212/3011 1891/3211/3007 1890/3226/3006
f 2092/4399/3190 2388/4402/3466 2108/4401/3203
f 1892/3872/3008 1893/3873/3009 1885/3201/3002
f 1885/3201/3002 1886/3202/3003 1892/3872/3008
f 1892/3872/3008 1886/3202/3003 1884/3200/3001
f 1892/3872/3008 1884/3200/3001 1889/3227/3005
f 1884/3200/3001 1901/3221/3017 1889/3227/3005
f 3384/3877/4144 1905/3879/3021 1908/3878/3022
f 1908/3878/3022 3385/3876/4144 3384/3877/4144
f 3386/3268/4145 3384/3877/4144 3385/3876/4144
f 3385/3876/4144 3387/3267/1672 3386/3268/4145
f 3388/3874/4146 3386/3268/4145 3387/3267/1672
f 3387/3267/1672 3389/3875/1670 3388/3874/4146
f 3390/3883/4147 3388/3885/4146 3389/3884/1670
f 3389/3884/1670 3391/3882/1668 3390/3883/4147
f 2575/3880/131 3390/3883/4147 3391/3882/1668
f 3391/3882/1668 2576/3881/310 2575/3880/131
f 2480/3799/3557 2485/3804/1650 2590/4540/1646
f 2108/4401/3203 2093/4400/3191 2092/4399/3190
f 2131/4443/3220 2089/4445/3188 2459/4444/3536
f 2910/4419/3930 2911/4541/3931 3273/4420/508
f 3273/4420/508 2911/4541/3931 2283/4542/3363
f 2283/4542/3363 2282/4506/3362 3273/4420/508
f 267/2316/2181 264/2314/2178 266/4442/2180
f 2248/3603/508 2244/3599/3330 2240/3595/508
f 3392/3952/4148 3393/3950/4149 3394/3951/508
f 1964/3948/508 3394/3951/508 3393/3950/4149
f 3393/3950/4149 1965/3949/3070 1964/3948/508
f 3394/3951/508 1962/3953/3069 3392/3952/4148
f 3392/3952/4148 1962/3953/3069 1959/3954/3066
f 1959/3954/3066 3395/3955/4150 3392/3952/4148
f 1959/3954/3066 3396/3956/4151 3395/3955/4150
f 3395/3955/4150 3396/3956/4151 3392/3952/4148
f 3396/3956/4151 1952/3303/3059 3392/3952/4148
f 3393/3950/4149 3392/3952/4148 1952/3303/3059
f 1952/3303/3059 1953/3304/3060 3393/3950/4149
f 1965/3949/3070 3393/3950/4149 1953/3304/3060
f 1953/3304/3060 1954/3305/3061 1965/3949/3070
f 3396/3956/4151 1950/3301/3057 1952/3303/3059
f 1959/3954/3066 1958/3958/3065 3396/3956/4151
f 1958/3958/3065 3397/3957/4152 3396/3956/4151
f 1950/3301/3057 3396/3956/4151 3397/3957/4152
f 3268/4407/508 3274/4421/508 2275/4408/3356
f 3397/3957/4152 1958/3958/3065 1957/3959/3064
f 1973/3326/3078 1957/3959/3064 1960/3329/3067
f 1973/3326/3078 1972/3325/3077 1957/3959/3064
f 1972/3325/3077 1971/3324/3076 1957/3959/3064
f 1957/3959/3064 1971/3324/3076 3397/3957/4152
f 1950/3301/3057 3397/3957/4152 1971/3324/3076
f 1971/3324/3076 1951/3302/3058 1950/3301/3057
f 2287/4106/3367 2286/4109/3366 2799/4108/3836
f 2799/4108/3836 3398/4107/4153 2287/4106/3367
f 2287/4106/3367 3398/4107/4153 3399/4105/4154
f 3399/4105/4154 2288/4102/3368 2287/4106/3367
f 2288/4102/3368 3399/4105/4154 2074/4104/3176
f 2074/4104/3176 2293/4103/3373 2288/4102/3368
f 2747/4543/3786 2758/4074/3796 2757/4073/3795
f 2063/2177/3165 2062/3450/3164 2064/2169/3166
f 2757/4073/3795 2749/4544/3788 2747/4543/3786
f 2755/4071/3793 2745/4431/3784 2749/4544/3788
f 2741/4545/3781 2760/4076/3798 2759/4075/3797
f 2749/4544/3788 2757/4073/3795 2755/4071/3793
f 2759/4075/3797 2748/4546/3787 2741/4545/3781
f 2758/4074/3796 2747/4543/3786 2748/4546/3787
f 2748/4546/3787 2759/4075/3797 2758/4074/3796
usemtl material_2
f 5281/4547/4155 5282/4548/4156 5283/4549/4157
f 5284/4550/4158 5285/4547/4159 5286/4549/4160
f 5286/4549/4160 5287/4551/4161 5284/4550/4158
f 5284/4550/4158 5288/4552/4162 5289/4553/4163
f 5289/4553/4163 5285/4547/4159 5284/4550/4158
f 5285/4547/4159 5289/4553/4163 5290/4554/4164
f 5285/4547/4159 5290/4554/4164 5291/4548/4165
f 5285/4547/4159 5291/4548/4165 5286/4549/4160
f 5290/4554/4164 5292/4555/4166 5291/4548/4165
f 5281/4553/4155 5283/4554/4157 5293/4555/4167
f 5294/4550/4168 5295/4552/4169 5281/4553/4155
f 5281/4553/4155 5296/4547/4170 5294/4550/4168
f 5296/4547/4170 5281/4553/4155 5293/4555/4167
f 5296/4547/4170 5293/4555/4167 5297/4548/4171
f 5281/4550/4155 5295/4547/4169 5298/4549/4172
f 5298/4549/4172 5282/4551/4156 5281/4550/4155
f 5299/4556/4173 5300/4557/4174 5301/4558/4175
f 5302/4559/4176 5299/4556/4173 5301/4558/4175
f 5301/4558/4175 5303/4560/4177 5304/4561/4178
f 5302/4559/4176 5301/4558/4175 5304/4561/4178
f 5302/4559/4176 5304/4561/4178 5305/4562/4179
f 5305/4562/4179 5306/4563/4180 5302/4559/4176
f 5306/4563/4180 5305/4562/4179 5307/4564/4181
f 5307/4564/4181 5308/4565/4182 5306/4563/4180
f 5309/4566/4183 5307/4564/4181 5305/4562/4179
f 5305/4562/4179 5310/4567/4184 5309/4566/4183
f 5310/4567/4184 5305/4562/4179 5304/4561/4178
f 5304/4561/4178 5303/4560/4177 5310/4567/4184
f 5311/4568/4185 5310/4567/4184 5303/4560/4177
f 5303/4560/4177 5312/4569/4186 5311/4568/4185
f 5313/4570/4187 5309/4566/4183 5310/4567/4184
f 5310/4567/4184 5311/4568/4185 5313/4570/4187
f 5314/4571/4188 5313/4570/4187 5311/4568/4185
f 5311/4568/4185 5315/4572/4189 5314/4571/4188
f 5315/4572/4189 5311/4568/4185 5312/4569/4186
f 5312/4569/4186 5316/4573/4190 5315/4572/4189
f 5317/4574/4191 5316/4573/4190 5312/4569/4186
f 5312/4569/4186 5318/4575/4192 5317/4574/4191
f 5318/4575/4192 5312/4569/4186 5303/4560/4177
f 5303/4560/4177 5301/4558/4175 5318/4575/4192
f 5316/4573/4190 5317/4574/4191 5319/4576/4193
f 5319/4576/4193 5320/4577/4194 5321/4578/4195
f 5316/4573/4190 5319/4576/4193 5321/4578/4195
f 5316/4573/4190 5321/4578/4195 5322/4579/4196
f 5322/4579/4196 5315/4572/4189 5316/4573/4190
f 5315/4572/4189 5322/4579/4196 5323/4580/4197
f 5323/4580/4197 5314/4571/4188 5315/4572/4189
f 5314/4571/4188 5323/4580/4197 5324/4581/4198
f 5324/4581/4198 5325/4582/4199 5314/4571/4188
f 5313/4570/4187 5314/4571/4188 5325/4582/4199
f 5325/4582/4199 5326/4583/4200 5313/4570/4187
f 5327/4584/4201 5328/4585/4202 5329/4586/4203
f 5329/4586/4203 5330/4587/4204 5327/4584/4201
f 5330/4587/4204 5329/4586/4203 5331/4588/4205
f 5331/4588/4205 5332/4589/4206 5330/4587/4204
f 5333/4590/4207 5330/4587/4204 5332/4589/4206
f 5332/4589/4206 5326/4583/4200 5333/4590/4207
f 5334/4591/4208 5333/4590/4207 5326/4583/4200
f 5326/4583/4200 5325/4582/4199 5334/4591/4208
f 5335/4592/4209 5334/4591/4208 5325/4582/4199
f 5325/4582/4199 5324/4581/4198 5335/4592/4209
f 5334/4591/4208 5335/4592/4209 5336/4593/4210
f 5333/4590/4207 5334/4591/4208 5337/4594/4211
f 5336/4593/4210 5337/4594/4211 5334/4591/4208
f 5337/4594/4211 5336/4593/4210 5338/4595/4212
f 5309/4566/4183 5313/4570/4187 5326/4583/4200
f 5326/4583/4200 5332/4589/4206 5309/4566/4183
f 5307/4564/4181 5309/4566/4183 5332/4589/4206
f 5332/4589/4206 5331/4588/4205 5307/4564/4181
f 5308/4565/4182 5307/4564/4181 5331/4588/4205
f 5331/4588/4205 5339/4596/4213 5308/4565/4182
f 5339/4596/4213 5331/4588/4205 5329/4586/4203
f 5329/4586/4203 5340/4597/4214 5339/4596/4213
f 5340/4597/4214 5329/4586/4203 5328/4585/4202
f 5328/4585/4202 5341/4598/4215 5340/4597/4214
f 5341/4598/4215 5328/4585/4202 5342/4599/4216
f 5342/4599/4216 5343/4600/4217 5341/4598/4215
f 5344/4601/4218 5343/4600/4217 5342/4599/4216
f 5342/4599/4216 5345/4602/4219 5344/4601/4218
f 5346/4603/4220 5344/4601/4218 5345/4602/4219
f 5345/4602/4219 5347/4604/4221 5346/4603/4220
f 5348/4605/4222 5346/4603/4220 5347/4604/4221
f 5347/4604/4221 5349/4606/4223 5348/4605/4222
f 5350/4607/4224 5348/4605/4222 5349/4606/4223
f 5349/4606/4223 5351/4608/4225 5350/4607/4224
f 5352/4609/4226 5353/4610/4227 5351/4608/4225
f 5351/4608/4225 5349/4606/4223 5352/4609/4226
f 5354/4611/4228 5352/4609/4226 5349/4606/4223
f 5349/4606/4223 5347/4604/4221 5354/4611/4228
f 5355/4612/4229 5354/4611/4228 5347/4604/4221
f 5347/4604/4221 5345/4602/4219 5355/4612/4229
f 5356/4613/4230 5355/4612/4229 5345/4602/4219
f 5345/4602/4219 5342/4599/4216 5356/4613/4230
f 5356/4613/4230 5342/4599/4216 5328/4585/4202
f 5328/4585/4202 5327/4584/4201 5356/4613/4230
f 5327/4584/4201 5357/4614/4231 5358/4615/4232
f 5358/4615/4232 5356/4613/4230 5327/4584/4201
f 5355/4612/4229 5356/4613/4230 5358/4615/4232
f 5358/4615/4232 5359/4616/4233 5355/4612/4229
f 5354/4611/4228 5355/4612/4229 5359/4616/4233
f 5359/4616/4233 5360/4617/4234 5354/4611/4228
f 5352/4609/4226 5354/4611/4228 5360/4617/4234
f 5360/4617/4234 5361/4618/4235 5352/4609/4226
f 5353/4610/4227 5352/4609/4226 5361/4618/4235
f 5361/4618/4235 5362/4619/4236 5353/4610/4227
f 5360/4617/4234 5359/4616/4233 5363/4620/4237
f 5364/4621/4238 5363/4620/4237 5359/4616/4233
f 5359/4616/4233 5358/4615/4232 5364/4621/4238
f 5364/4621/4238 5358/4615/4232 5357/4614/4231
f 5361/4618/4235 5360/4617/4234 5365/4622/4239
f 5363/4620/4237 5365/4622/4239 5360/4617/4234
f 5365/4622/4239 5363/4620/4237 5366/4623/4240
f 5338/4595/4212 5366/4623/4240 5363/4620/4237
f 5363/4620/4237 5364/4621/4238 5338/4595/4212
f 5338/4595/4212 5364/4621/4238 5337/4594/4211
f 5357/4614/4231 5337/4594/4211 5364/4621/4238
f 5337/4594/4211 5357/4614/4231 5333/4590/4207
f 5330/4587/4204 5333/4590/4207 5357/4614/4231
f 5357/4614/4231 5327/4584/4201 5330/4587/4204
f 5366/4623/4240 5367/4624/4241 5365/4622/4239
f 5368/4625/4242 5365/4622/4239 5367/4624/4241
f 5365/4622/4239 5368/4625/4242 5361/4618/4235
f 5362/4619/4236 5361/4618/4235 5368/4625/4242
f 5368/4625/4242 5369/4626/4243 5362/4619/4236
f 5369/4626/4243 5368/4625/4242 5370/4627/4244
f 5370/4627/4244 5371/4628/4245 5369/4626/4243
f 5367/4624/4241 5370/4627/4244 5368/4625/4242
f 5372/4629/4246 5353/4610/4227 5362/4619/4236
f 5362/4619/4236 5373/4630/4247 5372/4629/4246
f 5373/4630/4247 5362/4619/4236 5369/4626/4243
f 5369/4626/4243 5374/4631/4248 5373/4630/4247
f 5374/4631/4248 5369/4626/4243 5371/4628/4245
f 5371/4628/4245 5375/4632/4249 5374/4631/4248
f 5375/4632/4249 5376/4633/4250 5377/4634/4251
f 5377/4634/4251 5374/4631/4248 5375/4632/4249
f 5374/4631/4248 5377/4634/4251 5378/4635/4252
f 5378/4635/4252 5373/4630/4247 5374/4631/4248
f 5373/4630/4247 5378/4635/4252 5379/4636/4253
f 5379/4636/4253 5372/4629/4246 5373/4630/4247
f 5372/4629/4246 5379/4636/4253 5380/4637/4254
f 5380/4637/4254 5381/4638/4255 5372/4629/4246
f 5353/4610/4227 5372/4629/4246 5381/4638/4255
f 5381/4638/4255 5351/4608/4225 5353/4610/4227
f 5382/4639/4256 5350/4607/4224 5351/4608/4225
f 5351/4608/4225 5381/4638/4255 5382/4639/4256
f 5383/4640/4257 5382/4639/4256 5381/4638/4255
f 5381/4638/4255 5380/4637/4254 5383/4640/4257
f 5383/4640/4257 5380/4637/4254 5384/4641/4258
f 5380/4637/4254 5379/4636/4253 5384/4641/4258
f 5385/4642/4259 5384/4641/4258 5379/4636/4253
f 5379/4636/4253 5378/4635/4252 5385/4642/4259
f 5386/4643/4260 5385/4642/4259 5378/4635/4252
f 5378/4635/4252 5377/4634/4251 5386/4643/4260
f 5377/4634/4251 5387/4644/4261 5386/4643/4260
f 5377/4634/4251 5376/4633/4250 5387/4644/4261
f 5376/4633/4250 5388/4645/4262 5387/4644/4261
f 5384/4641/4258 5389/4646/4263 5390/4647/4264
f 5383/4640/4257 5384/4641/4258 5390/4647/4264
f 5391/4648/4265 5392/4649/4266 5393/4650/4267
f 5394/4651/4268 5395/4652/4269 5392/4649/4266
f 5392/4649/4266 5391/4648/4265 5394/4651/4268
f 5394/4651/4268 5391/4648/4265 5396/4653/4270
f 5391/4648/4265 5397/4654/4271 5396/4653/4270
f 5391/4648/4265 5393/4650/4267 5397/4654/4271
f 5393/4650/4267 5398/4655/4272 5397/4654/4271
f 5396/4653/4270 5399/4656/4273 5394/4651/4268
f 5400/4657/4274 5401/4576/4275 5402/4577/4276
f 5403/4578/4277 5400/4657/4274 5402/4577/4276
f 5404/4580/4278 5405/4581/4279 5406/4658/4280
f 5406/4658/4280 5407/4571/4281 5404/4580/4278
f 5408/4659/4282 5404/4580/4278 5407/4571/4281
f 5407/4571/4281 5409/4572/4283 5408/4659/4282
f 5403/4578/4277 5408/4659/4282 5409/4572/4283
f 5409/4572/4283 5410/4660/4284 5403/4578/4277
f 5403/4578/4277 5410/4660/4284 5400/4657/4274
f 5411/4575/4285 5400/4657/4274 5410/4660/4284
f 5410/4660/4284 5412/4661/4286 5411/4575/4285
f 5413/4558/4287 5411/4575/4285 5412/4661/4286
f 5414/4590/4288 5415/4583/4289 5406/4658/4280
f 5407/4571/4281 5406/4658/4280 5415/4583/4289
f 5415/4583/4289 5416/4570/4290 5407/4571/4281
f 5409/4572/4283 5407/4571/4281 5416/4570/4290
f 5416/4570/4290 5417/4662/4291 5409/4572/4283
f 5410/4660/4284 5409/4572/4283 5417/4662/4291
f 5417/4662/4291 5412/4661/4286 5410/4660/4284
f 5418/4560/4292 5412/4661/4286 5417/4662/4291
f 5417/4662/4291 5419/4663/4293 5418/4560/4292
f 5420/4559/4294 5418/4560/4292 5419/4663/4293
f 5412/4661/4286 5418/4560/4292 5413/4558/4287
f 5418/4560/4292 5421/4557/4295 5413/4558/4287
f 5418/4560/4292 5420/4559/4294 5421/4557/4295
f 5420/4559/4294 5422/4664/4296 5421/4557/4295
f 5423/4615/4297 5424/4613/4298 5425/4584/4299
f 5425/4584/4299 5426/4665/4300 5423/4615/4297
f 5426/4665/4300 5425/4584/4299 5427/4587/4301
f 5427/4587/4301 5414/4590/4288 5426/4665/4300
f 5414/4590/4288 5427/4587/4301 5428/4589/4302
f 5428/4589/4302 5415/4583/4289 5414/4590/4288
f 5415/4583/4289 5428/4589/4302 5429/4566/4303
f 5429/4566/4303 5416/4570/4290 5415/4583/4289
f 5416/4570/4290 5429/4566/4303 5419/4663/4293
f 5419/4663/4293 5417/4662/4291 5416/4570/4290
f 5419/4663/4293 5430/4666/4304 5420/4559/4294
f 5430/4666/4304 5419/4663/4293 5429/4566/4303
f 5429/4566/4303 5431/4565/4305 5430/4666/4304
f 5431/4565/4305 5429/4566/4303 5428/4589/4302
f 5428/4589/4302 5432/4596/4306 5431/4565/4305
f 5432/4596/4306 5428/4589/4302 5427/4587/4301
f 5427/4587/4301 5433/4597/4307 5432/4596/4306
f 5433/4597/4307 5427/4587/4301 5425/4584/4299
f 5425/4584/4299 5434/4667/4308 5433/4597/4307
f 5435/4600/4309 5434/4667/4308 5425/4584/4299
f 5425/4584/4299 5424/4613/4298 5435/4600/4309
f 5435/4600/4309 5424/4613/4298 5436/4612/4310
f 5436/4612/4310 5424/4613/4298 5423/4615/4297
f 5423/4615/4297 5437/4668/4311 5436/4612/4310
f 5438/4611/4312 5436/4612/4310 5437/4668/4311
f 5437/4668/4311 5439/4617/4313 5438/4611/4312
f 5440/4609/4314 5438/4611/4312 5439/4617/4313
f 5439/4617/4313 5441/4618/4315 5440/4609/4314
f 5442/4610/4316 5440/4609/4314 5441/4618/4315
f 5440/4609/4314 5442/4610/4316 5443/4607/4317
f 5444/4669/4318 5443/4607/4317 5442/4610/4316
f 5445/4625/4319 5441/4618/4315 5439/4617/4313
f 5446/4670/4320 5444/4669/4318 5447/4671/4321
f 5442/4610/4316 5447/4671/4321 5444/4669/4318
f 5447/4671/4321 5442/4610/4316 5448/4619/4322
f 5441/4618/4315 5448/4619/4322 5442/4610/4316
f 5449/4626/4323 5448/4619/4322 5441/4618/4315
f 5441/4618/4315 5445/4625/4319 5449/4626/4323
f 5450/4628/4324 5449/4626/4323 5445/4625/4319
f 5445/4625/4319 5451/4627/4325 5450/4628/4324
f 5451/4627/4325 5445/4625/4319 5452/4622/4326
f 5452/4622/4326 5453/4624/4327 5451/4627/4325
f 5454/4646/4328 5455/4672/4329 5446/4670/4320
f 5456/4633/4330 5457/4673/4331 5458/4631/4332
f 5459/4674/4333 5458/4631/4332 5457/4673/4331
f 5457/4673/4331 5460/4635/4334 5459/4674/4333
f 5459/4674/4333 5460/4635/4334 5461/4636/4335
f 5461/4636/4335 5447/4671/4321 5459/4674/4333
f 5448/4619/4322 5459/4674/4333 5447/4671/4321
f 5458/4631/4332 5459/4674/4333 5448/4619/4322
f 5448/4619/4322 5449/4626/4323 5458/4631/4332
f 5462/4675/4336 5458/4631/4332 5449/4626/4323
f 5449/4626/4323 5450/4628/4324 5462/4675/4336
f 5458/4631/4332 5462/4675/4336 5456/4633/4330
f 5463/4645/4337 5464/4644/4338 5465/4676/4339
f 5456/4633/4330 5463/4645/4337 5465/4676/4339
f 5456/4633/4330 5465/4676/4339 5457/4673/4331
f 5457/4673/4331 5465/4676/4339 5466/4642/4340
f 5466/4642/4340 5460/4635/4334 5457/4673/4331
f 5460/4635/4334 5466/4642/4340 5467/4641/4341
f 5467/4641/4341 5461/4636/4335 5460/4635/4334
f 5461/4636/4335 5467/4641/4341 5454/4646/4328
f 5461/4636/4335 5454/4646/4328 5446/4670/4320
f 5447/4671/4321 5461/4636/4335 5446/4670/4320
f 5443/4607/4317 5468/4605/4342 5440/4609/4314
f 5438/4611/4312 5440/4609/4314 5468/4605/4342
f 5468/4605/4342 5469/4603/4343 5438/4611/4312
f 5436/4612/4310 5438/4611/4312 5469/4603/4343
f 5469/4603/4343 5470/4677/4344 5436/4612/4310
f 5436/4612/4310 5470/4677/4344 5435/4600/4309
f 5471/4678/4345 5472/4679/4346 5473/4680/4347
f 5474/4681/4348 5471/4678/4345 5473/4680/4347
f 5475/4682/4349 5474/4681/4348 5473/4680/4347
f 5475/4682/4349 5473/4680/4347 5476/4683/4350
f 5473/4680/4347 5477/4684/3597 5476/4683/4350
f 5478/4685/4351 5477/4684/3597 5473/4680/4347
f 5479/4686/4352 5478/4685/4351 5473/4680/4347
f 5479/4686/4352 5473/4680/4347 5480/4687/4353
f 5473/4680/4347 5481/4688/4354 5480/4687/4353
f 5473/4680/4347 5482/4689/4355 5481/4688/4354
f 5439/4617/4313 5452/4622/4326 5445/4625/4319
f 5452/4622/4326 5439/4617/4313 5437/4668/4311
f 5437/4668/4311 5483/4620/4356 5452/4622/4326
f 5483/4620/4356 5437/4668/4311 5423/4615/4297
f 5423/4615/4297 5484/4690/4357 5483/4620/4356
f 5485/4594/4358 5484/4690/4357 5423/4615/4297
f 5423/4615/4297 5426/4665/4300 5485/4594/4358
f 5486/4591/4359 5485/4594/4358 5426/4665/4300
f 5426/4665/4300 5414/4590/4288 5486/4591/4359
f 5406/4658/4280 5486/4591/4359 5414/4590/4288
f 5453/4624/4327 5452/4622/4326 5483/4620/4356
f 5483/4620/4356 5487/4623/4360 5453/4624/4327
f 5487/4623/4360 5483/4620/4356 5484/4690/4357
f 5484/4690/4357 5488/4691/4361 5487/4623/4360
f 5489/4692/4362 5488/4691/4361 5484/4690/4357
f 5484/4690/4357 5485/4594/4358 5489/4692/4362
f 5490/4693/4363 5489/4692/4362 5485/4594/4358
f 5485/4594/4358 5486/4591/4359 5490/4693/4363
f 5405/4581/4279 5490/4693/4363 5486/4591/4359
f 5486/4591/4359 5406/4658/4280 5405/4581/4279
f 5491/4656/4364 5492/4653/4365 5493/4648/4366
f 5493/4648/4366 5494/4651/4367 5491/4656/4364
f 5495/4694/4368 5494/4651/4367 5493/4648/4366
f 5493/4648/4366 5496/4695/4369 5495/4694/4368
f 5493/4648/4366 5497/4650/4370 5496/4695/4369
f 5498/4696/4371 5497/4650/4370 5493/4648/4366
f 5492/4653/4365 5498/4696/4371 5493/4648/4366
f 5492/4653/4365 5499/4654/4372 5498/4696/4371
f 5500/4697/4373 5501/4698/4374 5502/4699/126
f 5503/4700/4375 5500/4697/4373 5502/4699/126
f 5504/4701/4376 5503/4700/4375 5502/4699/126
f 5504/4701/4376 5502/4699/126 5505/4702/4377
f 5502/4699/126 5506/4703/3579 5505/4702/4377
f 5507/4704/4378 5506/4703/3579 5502/4699/126
f 5508/4705/4379 5507/4704/4378 5502/4699/126
f 5508/4705/4379 5502/4699/126 5509/4706/4380
f 5502/4699/126 5510/4707/4381 5509/4706/4380
f 5502/4699/126 5511/4708/4382 5510/4707/4381
