# Blender 4.2.2 LTS
# www.blender.org
mtllib carro.mtl
o polySurface11
v 0.792659 0.253552 -1.034410
v 0.792659 0.267683 -1.053859
v 0.792659 0.278526 -1.059384
v 0.792659 0.290546 -1.061288
v 0.792659 0.313410 -1.053859
v 0.792659 0.322015 -1.045253
v 0.792659 0.327540 -1.034410
v 0.792659 0.327540 -1.010370
v 0.792659 0.322015 -0.999526
v 0.792659 0.313410 -0.990921
v 0.792659 0.290546 -0.983492
v 0.792659 0.278526 -0.985395
v 0.792659 0.267683 -0.990921
v 0.792659 0.253552 -1.010370
v 0.792659 0.251648 -1.022390
v 0.844287 0.257241 -1.008490
v 0.792659 0.107362 -1.108899
v 0.792658 0.151665 -1.169876
v 0.792659 0.316213 -1.223341
v 0.792659 0.387899 -1.200048
v 0.792658 0.489594 -1.060075
v 0.792659 0.489593 -0.984702
v 0.792658 0.387900 -0.844732
v 0.792659 0.316211 -0.821438
v 0.792659 0.151665 -0.874903
v 0.792659 0.107363 -0.935879
v 0.840937 0.267682 -1.053859
v 0.844287 0.267035 -1.049769
v 0.844287 0.279574 -1.056159
v 0.840937 0.278526 -1.059384
v 0.844287 0.293473 -1.058360
v 0.840937 0.290546 -1.061288
v 0.840937 0.313410 -1.053859
v 0.844287 0.309320 -1.053211
v 0.844287 0.319272 -1.043260
v 0.840937 0.322015 -1.045253
v 0.844287 0.325661 -1.030721
v 0.840937 0.327540 -1.034410
v 0.840937 0.327540 -1.010370
v 0.844287 0.325661 -1.014059
v 0.844287 0.319271 -1.001520
v 0.840937 0.322015 -0.999526
v 0.844287 0.309320 -0.991568
v 0.840937 0.313410 -0.990921
v 0.840937 0.290546 -0.983492
v 0.844287 0.293473 -0.986419
v 0.844287 0.279574 -0.988621
v 0.840937 0.278526 -0.985395
v 0.844287 0.267035 -0.995010
v 0.840937 0.267683 -0.990921
v 0.840937 0.253552 -1.010369
v 0.844287 0.255040 -1.022390
v 0.840937 0.251648 -1.022390
v 0.844287 0.257241 -1.036290
v 0.840937 0.253552 -1.034410
v 0.840938 0.107362 -1.108899
v 0.844287 0.109202 -1.111721
v 0.844286 0.149549 -1.167253
v 0.840937 0.151664 -1.169876
v 0.840937 0.316213 -1.223341
v 0.844287 0.319465 -1.222463
v 0.844287 0.384751 -1.201249
v 0.840937 0.387899 -1.200048
v 0.840937 0.489594 -1.060075
v 0.844287 0.489764 -1.056711
v 0.844287 0.489763 -0.988067
v 0.840937 0.489593 -0.984703
v 0.840937 0.387900 -0.844732
v 0.844287 0.384753 -0.843531
v 0.844287 0.319463 -0.822316
v 0.840937 0.316211 -0.821438
v 0.840937 0.151665 -0.874903
v 0.844287 0.149550 -0.877525
v 0.844287 0.109203 -0.933057
v 0.840937 0.107363 -0.935879
v 0.792659 0.229248 -1.211044
v 0.792659 0.451025 -1.138985
v 0.792659 0.451025 -0.905795
v 0.792659 0.229248 -0.833735
v 0.792659 0.092183 -1.022390
v 0.597641 0.290546 -1.022390
v 0.601332 0.028002 -1.107695
v 0.611414 0.018293 -1.110850
v 0.625187 0.014739 -1.112005
v 0.597641 0.041264 -1.103386
v 0.601332 0.067212 -1.184651
v 0.611414 0.058954 -1.190651
v 0.625187 0.055931 -1.192847
v 0.597641 0.078494 -1.176455
v 0.601332 0.128285 -1.245723
v 0.611414 0.122284 -1.253982
v 0.625187 0.120088 -1.257005
v 0.597641 0.136481 -1.234442
v 0.601332 0.205240 -1.284934
v 0.611414 0.202086 -1.294643
v 0.625187 0.200931 -1.298196
v 0.597641 0.209549 -1.271672
v 0.601332 0.290546 -1.298445
v 0.611414 0.290546 -1.308653
v 0.625187 0.290546 -1.312390
v 0.597641 0.290546 -1.284500
v 0.601332 0.375852 -1.284934
v 0.611414 0.379006 -1.294643
v 0.625187 0.380161 -1.298196
v 0.597641 0.371543 -1.271672
v 0.601332 0.452807 -1.245723
v 0.611414 0.458807 -1.253982
v 0.625187 0.461004 -1.257005
v 0.597641 0.444611 -1.234442
v 0.601332 0.513879 -1.184651
v 0.611414 0.522138 -1.190651
v 0.625187 0.525161 -1.192847
v 0.597641 0.502598 -1.176454
v 0.601332 0.553090 -1.107695
v 0.611414 0.562799 -1.110850
v 0.625187 0.566352 -1.112005
v 0.597641 0.539828 -1.103386
v 0.601332 0.566601 -1.022390
v 0.611414 0.576810 -1.022390
v 0.625187 0.580546 -1.022390
v 0.597641 0.552657 -1.022390
v 0.601332 0.553090 -0.937084
v 0.611414 0.562799 -0.933930
v 0.625187 0.566352 -0.932775
v 0.597641 0.539828 -0.941393
v 0.601332 0.513879 -0.860128
v 0.611414 0.522138 -0.854128
v 0.625187 0.525161 -0.851932
v 0.597641 0.502598 -0.868325
v 0.601332 0.452807 -0.799056
v 0.611414 0.458808 -0.790798
v 0.625187 0.461004 -0.787775
v 0.597641 0.444611 -0.810338
v 0.601332 0.375852 -0.759845
v 0.611414 0.379006 -0.750137
v 0.625187 0.380161 -0.746583
v 0.597641 0.371543 -0.773108
v 0.601332 0.290546 -0.746334
v 0.611414 0.290546 -0.736126
v 0.625187 0.290546 -0.732390
v 0.597641 0.290546 -0.760279
v 0.601332 0.205240 -0.759845
v 0.611414 0.202086 -0.750137
v 0.625187 0.200931 -0.746583
v 0.597641 0.209549 -0.773108
v 0.601332 0.128285 -0.799056
v 0.611414 0.122285 -0.790798
v 0.625187 0.120088 -0.787775
v 0.597641 0.136481 -0.810338
v 0.601332 0.067213 -0.860128
v 0.611414 0.058954 -0.854128
v 0.625187 0.055931 -0.851932
v 0.597641 0.078494 -0.868325
v 0.601332 0.028002 -0.937084
v 0.611414 0.018293 -0.933929
v 0.625187 0.014740 -0.932775
v 0.597641 0.041264 -0.941393
v 0.601332 0.014491 -1.022390
v 0.611414 0.004282 -1.022390
v 0.625187 0.000546 -1.022390
v 0.597641 0.028435 -1.022390
v 0.869438 0.028002 -1.107695
v 0.859356 0.018293 -1.110850
v 0.845583 0.014739 -1.112005
v 0.873129 0.041264 -1.103386
v 0.869438 0.067212 -1.184651
v 0.859356 0.058954 -1.190651
v 0.845583 0.055931 -1.192847
v 0.873129 0.078494 -1.176455
v 0.869438 0.128285 -1.245723
v 0.859356 0.122284 -1.253982
v 0.845583 0.120088 -1.257005
v 0.873129 0.136481 -1.234442
v 0.869438 0.205240 -1.284934
v 0.859356 0.202086 -1.294643
v 0.845583 0.200931 -1.298196
v 0.873129 0.209549 -1.271672
v 0.869438 0.290546 -1.298445
v 0.859356 0.290546 -1.308653
v 0.845583 0.290546 -1.312390
v 0.873129 0.290546 -1.284500
v 0.869438 0.375852 -1.284934
v 0.859356 0.379006 -1.294643
v 0.845583 0.380161 -1.298196
v 0.873129 0.371543 -1.271672
v 0.869438 0.452807 -1.245723
v 0.859356 0.458807 -1.253982
v 0.845583 0.461004 -1.257005
v 0.873129 0.444611 -1.234442
v 0.869438 0.513879 -1.184651
v 0.859356 0.522138 -1.190651
v 0.845583 0.525161 -1.192847
v 0.873129 0.502598 -1.176454
v 0.869438 0.553090 -1.107695
v 0.859356 0.562799 -1.110850
v 0.845583 0.566353 -1.112005
v 0.873129 0.539828 -1.103386
v 0.869438 0.566602 -1.022390
v 0.859356 0.576810 -1.022390
v 0.845583 0.580546 -1.022390
v 0.873129 0.552657 -1.022390
v 0.869438 0.553090 -0.937084
v 0.859356 0.562799 -0.933930
v 0.845583 0.566353 -0.932775
v 0.873129 0.539828 -0.941393
v 0.869438 0.513880 -0.860128
v 0.859356 0.522138 -0.854128
v 0.845583 0.525161 -0.851932
v 0.873129 0.502598 -0.868325
v 0.869438 0.452807 -0.799056
v 0.859356 0.458808 -0.790798
v 0.845583 0.461004 -0.787775
v 0.873129 0.444611 -0.810338
v 0.869438 0.375852 -0.759845
v 0.859356 0.379007 -0.750137
v 0.845583 0.380161 -0.746583
v 0.873129 0.371543 -0.773108
v 0.869438 0.290546 -0.746334
v 0.859356 0.290546 -0.736126
v 0.845583 0.290546 -0.732390
v 0.873129 0.290546 -0.760279
v 0.869438 0.205240 -0.759845
v 0.859356 0.202086 -0.750137
v 0.845583 0.200931 -0.746583
v 0.873129 0.209549 -0.773108
v 0.869438 0.128285 -0.799056
v 0.859356 0.122285 -0.790798
v 0.845583 0.120088 -0.787775
v 0.873129 0.136481 -0.810338
v 0.869438 0.067213 -0.860128
v 0.859356 0.058954 -0.854128
v 0.845583 0.055931 -0.851932
v 0.873129 0.078494 -0.868325
v 0.869438 0.028002 -0.937084
v 0.859356 0.018293 -0.933929
v 0.845583 0.014740 -0.932775
v 0.873129 0.041264 -0.941393
v 0.869438 0.014491 -1.022390
v 0.859356 0.004282 -1.022390
v 0.845583 0.000546 -1.022390
v 0.873129 0.028435 -1.022390
v 0.792659 0.130067 -1.138985
v 0.792659 0.101891 -1.083687
v 0.792659 0.173951 -1.182869
v 0.792659 0.229248 -1.211044
v 0.792659 0.290546 -1.220753
v 0.792659 0.351844 -1.211044
v 0.792659 0.407141 -1.182869
v 0.792659 0.451025 -1.138985
v 0.792659 0.479201 -1.083687
v 0.792659 0.488909 -1.022390
v 0.792659 0.479201 -0.961092
v 0.792659 0.451025 -0.905795
v 0.792659 0.407141 -0.861910
v 0.792659 0.351844 -0.833735
v 0.792659 0.290546 -0.824027
v 0.792659 0.229248 -0.833735
v 0.792659 0.173951 -0.861911
v 0.792659 0.130067 -0.905795
v 0.792659 0.101892 -0.961092
v 0.792659 0.092183 -1.022390
v 0.865083 0.128301 -1.140268
v 0.870973 0.123476 -1.143773
v 0.873129 0.116886 -1.148561
v 0.857036 0.130067 -1.138985
v 0.865083 0.099815 -1.084362
v 0.870973 0.094144 -1.086205
v 0.873129 0.086396 -1.088722
v 0.857036 0.101892 -1.083687
v 0.865083 0.172668 -1.184635
v 0.870973 0.169163 -1.189459
v 0.873129 0.164374 -1.196050
v 0.857036 0.173951 -1.182869
v 0.865083 0.228574 -1.213120
v 0.870973 0.226731 -1.218792
v 0.873129 0.224214 -1.226540
v 0.857036 0.229248 -1.211044
v 0.865083 0.290546 -1.222936
v 0.870973 0.290546 -1.228899
v 0.873129 0.290546 -1.237046
v 0.857036 0.290546 -1.220753
v 0.865083 0.352518 -1.213120
v 0.870973 0.354361 -1.218792
v 0.873129 0.356878 -1.226540
v 0.857036 0.351844 -1.211044
v 0.865083 0.408424 -1.184635
v 0.870973 0.411929 -1.189459
v 0.873129 0.416718 -1.196050
v 0.857036 0.407141 -1.182869
v 0.865083 0.452791 -1.140268
v 0.870973 0.457616 -1.143773
v 0.873129 0.464207 -1.148561
v 0.857036 0.451025 -1.138985
v 0.865083 0.481277 -1.084362
v 0.870973 0.486949 -1.086205
v 0.873129 0.494696 -1.088722
v 0.857036 0.479201 -1.083687
v 0.865083 0.491092 -1.022390
v 0.870973 0.497056 -1.022390
v 0.873129 0.505202 -1.022390
v 0.857036 0.488909 -1.022390
v 0.865083 0.481277 -0.960418
v 0.870973 0.486949 -0.958575
v 0.873129 0.494696 -0.956057
v 0.857036 0.479201 -0.961092
v 0.865083 0.452791 -0.904512
v 0.870973 0.457616 -0.901007
v 0.873129 0.464207 -0.896218
v 0.857036 0.451025 -0.905795
v 0.865083 0.408424 -0.860145
v 0.870973 0.411929 -0.855320
v 0.873129 0.416718 -0.848729
v 0.857036 0.407141 -0.861910
v 0.865083 0.352518 -0.831659
v 0.870973 0.354361 -0.825987
v 0.873129 0.356879 -0.818239
v 0.857036 0.351844 -0.833735
v 0.865083 0.290546 -0.821844
v 0.870973 0.290546 -0.815880
v 0.873129 0.290546 -0.807734
v 0.857036 0.290546 -0.824027
v 0.865083 0.228574 -0.831659
v 0.870973 0.226731 -0.825987
v 0.873129 0.224214 -0.818240
v 0.857036 0.229248 -0.833735
v 0.865083 0.172668 -0.860145
v 0.870973 0.169163 -0.855320
v 0.873129 0.164374 -0.848729
v 0.857036 0.173951 -0.861911
v 0.865083 0.128301 -0.904512
v 0.870973 0.123476 -0.901006
v 0.873129 0.116886 -0.896218
v 0.857036 0.130067 -0.905795
v 0.865083 0.099816 -0.960417
v 0.870973 0.094144 -0.958575
v 0.873129 0.086396 -0.956057
v 0.857036 0.101892 -0.961092
v 0.865083 0.090000 -1.022390
v 0.870973 0.084036 -1.022390
v 0.873129 0.075890 -1.022390
v 0.857036 0.092183 -1.022390
v 0.792659 0.253552 1.362905
v 0.792659 0.267683 1.343456
v 0.792659 0.278526 1.337930
v 0.792659 0.290546 1.336027
v 0.792659 0.313410 1.343456
v 0.792659 0.322015 1.352061
v 0.792659 0.327540 1.362904
v 0.792659 0.327540 1.386945
v 0.792659 0.322015 1.397788
v 0.792659 0.313410 1.406394
v 0.792659 0.290546 1.413823
v 0.792659 0.278526 1.411919
v 0.792659 0.267683 1.406394
v 0.792659 0.253552 1.386945
v 0.792659 0.251648 1.374925
v 0.844287 0.257241 1.388825
v 0.792659 0.107362 1.288416
v 0.792658 0.151665 1.227439
v 0.792659 0.316214 1.173974
v 0.792659 0.387899 1.197266
v 0.792658 0.489594 1.337239
v 0.792659 0.489594 1.412612
v 0.792658 0.387900 1.552583
v 0.792659 0.316211 1.575876
v 0.792659 0.151666 1.522411
v 0.792659 0.107363 1.461435
v 0.840937 0.267682 1.343456
v 0.844287 0.267035 1.347545
v 0.844287 0.279574 1.341156
v 0.840937 0.278526 1.337930
v 0.844287 0.293474 1.338954
v 0.840937 0.290546 1.336027
v 0.840937 0.313410 1.343456
v 0.844287 0.309320 1.344104
v 0.844287 0.319272 1.354055
v 0.840937 0.322015 1.352061
v 0.844287 0.325661 1.366594
v 0.840937 0.327541 1.362905
v 0.840937 0.327540 1.386945
v 0.844287 0.325661 1.383256
v 0.844287 0.319271 1.395795
v 0.840937 0.322015 1.397788
v 0.844287 0.309321 1.405746
v 0.840937 0.313410 1.406394
v 0.840937 0.290546 1.413823
v 0.844287 0.293474 1.410895
v 0.844287 0.279574 1.408694
v 0.840937 0.278526 1.411919
v 0.844287 0.267035 1.402304
v 0.840937 0.267683 1.406394
v 0.840937 0.253552 1.386945
v 0.844287 0.255040 1.374925
v 0.840937 0.251648 1.374925
v 0.844287 0.257241 1.361025
v 0.840937 0.253552 1.362904
v 0.840938 0.107363 1.288416
v 0.844287 0.109203 1.285594
v 0.844286 0.149550 1.230061
v 0.840937 0.151665 1.227439
v 0.840937 0.316213 1.173974
v 0.844287 0.319466 1.174852
v 0.844287 0.384752 1.196065
v 0.840937 0.387899 1.197266
v 0.840937 0.489594 1.337239
v 0.844287 0.489764 1.340604
v 0.844287 0.489764 1.409247
v 0.840937 0.489594 1.412612
v 0.840937 0.387901 1.552583
v 0.844287 0.384753 1.553784
v 0.844287 0.319463 1.574998
v 0.840937 0.316211 1.575876
v 0.840937 0.151666 1.522411
v 0.844287 0.149551 1.519789
v 0.844287 0.109203 1.464257
v 0.840937 0.107363 1.461435
v 0.792659 0.229249 1.186270
v 0.792659 0.451025 1.258330
v 0.792659 0.451025 1.491520
v 0.792659 0.229249 1.563579
v 0.792659 0.092183 1.374925
v 0.597641 0.290546 1.374925
v 0.601332 0.028002 1.289619
v 0.611414 0.018293 1.286464
v 0.625187 0.014740 1.285310
v 0.597641 0.041264 1.293928
v 0.601332 0.067213 1.212663
v 0.611414 0.058954 1.206663
v 0.625187 0.055931 1.204467
v 0.597641 0.078494 1.220860
v 0.601332 0.128285 1.151591
v 0.611414 0.122285 1.143332
v 0.625187 0.120088 1.140310
v 0.597641 0.136481 1.162873
v 0.601332 0.205240 1.112380
v 0.611414 0.202086 1.102672
v 0.625187 0.200931 1.099118
v 0.597641 0.209549 1.125643
v 0.601332 0.290546 1.098869
v 0.611414 0.290546 1.088661
v 0.625187 0.290546 1.084925
v 0.597641 0.290546 1.112814
v 0.601332 0.375852 1.112380
v 0.611414 0.379006 1.102672
v 0.625187 0.380161 1.099118
v 0.597641 0.371543 1.125643
v 0.601332 0.452807 1.151591
v 0.611414 0.458808 1.143333
v 0.625187 0.461004 1.140310
v 0.597641 0.444611 1.162873
v 0.601332 0.513880 1.212663
v 0.611414 0.522138 1.206663
v 0.625187 0.525161 1.204467
v 0.597641 0.502598 1.220860
v 0.601332 0.553090 1.289619
v 0.611414 0.562799 1.286464
v 0.625187 0.566353 1.285310
v 0.597641 0.539828 1.293928
v 0.601332 0.566602 1.374925
v 0.611414 0.576810 1.374925
v 0.625187 0.580546 1.374925
v 0.597641 0.552657 1.374925
v 0.601332 0.553090 1.460230
v 0.611414 0.562799 1.463385
v 0.625187 0.566353 1.464540
v 0.597641 0.539828 1.455921
v 0.601332 0.513880 1.537186
v 0.611414 0.522138 1.543186
v 0.625187 0.525161 1.545382
v 0.597641 0.502598 1.528990
v 0.601332 0.452807 1.598258
v 0.611414 0.458808 1.606517
v 0.625187 0.461004 1.609540
v 0.597641 0.444611 1.586977
v 0.601332 0.375852 1.637469
v 0.611414 0.379006 1.647178
v 0.625187 0.380161 1.650731
v 0.597641 0.371543 1.624207
v 0.601332 0.290546 1.650980
v 0.611414 0.290546 1.661188
v 0.625187 0.290546 1.664925
v 0.597641 0.290546 1.637035
v 0.601332 0.205240 1.637469
v 0.611414 0.202086 1.647178
v 0.625187 0.200931 1.650731
v 0.597641 0.209550 1.624207
v 0.601332 0.128285 1.598258
v 0.611414 0.122285 1.606517
v 0.625187 0.120089 1.609540
v 0.597641 0.136481 1.586977
v 0.601332 0.067213 1.537186
v 0.611414 0.058954 1.543186
v 0.625187 0.055931 1.545382
v 0.597641 0.078494 1.528990
v 0.601332 0.028002 1.460230
v 0.611414 0.018293 1.463385
v 0.625187 0.014740 1.464540
v 0.597641 0.041264 1.455921
v 0.601332 0.014491 1.374925
v 0.611414 0.004283 1.374925
v 0.625187 0.000546 1.374925
v 0.597641 0.028436 1.374925
v 0.869438 0.028002 1.289619
v 0.859356 0.018293 1.286464
v 0.845583 0.014740 1.285310
v 0.873129 0.041264 1.293928
v 0.869438 0.067213 1.212663
v 0.859356 0.058954 1.206663
v 0.845583 0.055931 1.204467
v 0.873129 0.078494 1.220860
v 0.869438 0.128285 1.151591
v 0.859356 0.122285 1.143332
v 0.845583 0.120088 1.140310
v 0.873129 0.136481 1.162873
v 0.869438 0.205240 1.112380
v 0.859356 0.202086 1.102672
v 0.845583 0.200931 1.099118
v 0.873129 0.209549 1.125643
v 0.869438 0.290546 1.098869
v 0.859356 0.290546 1.088661
v 0.845583 0.290546 1.084925
v 0.873129 0.290546 1.112814
v 0.869438 0.375852 1.112380
v 0.859356 0.379007 1.102672
v 0.845583 0.380161 1.099118
v 0.873129 0.371543 1.125643
v 0.869438 0.452807 1.151591
v 0.859356 0.458808 1.143333
v 0.845583 0.461004 1.140310
v 0.873129 0.444611 1.162873
v 0.869438 0.513880 1.212663
v 0.859356 0.522138 1.206663
v 0.845583 0.525161 1.204467
v 0.873129 0.502598 1.220860
v 0.869438 0.553091 1.289619
v 0.859356 0.562799 1.286464
v 0.845583 0.566353 1.285310
v 0.873129 0.539828 1.293928
v 0.869438 0.566602 1.374925
v 0.859356 0.576810 1.374925
v 0.845583 0.580546 1.374925
v 0.873129 0.552657 1.374925
v 0.869438 0.553091 1.460230
v 0.859356 0.562799 1.463385
v 0.845583 0.566353 1.464540
v 0.873129 0.539828 1.455921
v 0.869438 0.513880 1.537186
v 0.859356 0.522138 1.543186
v 0.845583 0.525161 1.545382
v 0.873129 0.502598 1.528990
v 0.869438 0.452808 1.598258
v 0.859356 0.458808 1.606517
v 0.845583 0.461004 1.609540
v 0.873129 0.444611 1.586977
v 0.869438 0.375852 1.637469
v 0.859356 0.379007 1.647178
v 0.845583 0.380161 1.650731
v 0.873129 0.371543 1.624207
v 0.869438 0.290546 1.650980
v 0.859356 0.290546 1.661188
v 0.845583 0.290546 1.664925
v 0.873129 0.290546 1.637035
v 0.869438 0.205240 1.637469
v 0.859356 0.202086 1.647178
v 0.845583 0.200931 1.650731
v 0.873129 0.209550 1.624207
v 0.869438 0.128285 1.598258
v 0.859356 0.122285 1.606517
v 0.845583 0.120089 1.609540
v 0.873129 0.136481 1.586977
v 0.869438 0.067213 1.537186
v 0.859356 0.058954 1.543186
v 0.845583 0.055931 1.545382
v 0.873129 0.078494 1.528990
v 0.869438 0.028002 1.460230
v 0.859356 0.018293 1.463385
v 0.845583 0.014740 1.464540
v 0.873129 0.041264 1.455921
v 0.869438 0.014491 1.374925
v 0.859356 0.004283 1.374925
v 0.845583 0.000546 1.374925
v 0.873129 0.028436 1.374925
v 0.792659 0.130067 1.258330
v 0.792659 0.101892 1.313627
v 0.792659 0.173951 1.214446
v 0.792659 0.229249 1.186270
v 0.792659 0.290546 1.176562
v 0.792659 0.351844 1.186270
v 0.792659 0.407141 1.214446
v 0.792659 0.451025 1.258330
v 0.792659 0.479201 1.313627
v 0.792659 0.488909 1.374925
v 0.792659 0.479201 1.436222
v 0.792659 0.451025 1.491520
v 0.792659 0.407141 1.535404
v 0.792659 0.351844 1.563579
v 0.792659 0.290546 1.573288
v 0.792659 0.229249 1.563579
v 0.792659 0.173951 1.535404
v 0.792659 0.130067 1.491520
v 0.792659 0.101892 1.436222
v 0.792659 0.092183 1.374925
v 0.865083 0.128301 1.257047
v 0.870973 0.123476 1.253541
v 0.873129 0.116886 1.248753
v 0.857036 0.130067 1.258330
v 0.865083 0.099816 1.312953
v 0.870973 0.094144 1.311110
v 0.873129 0.086396 1.308593
v 0.857036 0.101892 1.313627
v 0.865083 0.172668 1.212680
v 0.870973 0.169163 1.207855
v 0.873129 0.164374 1.201264
v 0.857036 0.173951 1.214446
v 0.865083 0.228574 1.184194
v 0.870973 0.226731 1.178522
v 0.873129 0.224214 1.170774
v 0.857036 0.229249 1.186270
v 0.865083 0.290546 1.174379
v 0.870973 0.290546 1.168415
v 0.873129 0.290546 1.160269
v 0.857036 0.290546 1.176562
v 0.865083 0.352518 1.184194
v 0.870973 0.354361 1.178522
v 0.873129 0.356879 1.170775
v 0.857036 0.351844 1.186270
v 0.865083 0.408424 1.212680
v 0.870973 0.411929 1.207855
v 0.873129 0.416718 1.201264
v 0.857036 0.407141 1.214446
v 0.865083 0.452791 1.257047
v 0.870973 0.457616 1.253541
v 0.873129 0.464207 1.248753
v 0.857036 0.451025 1.258330
v 0.865083 0.481277 1.312953
v 0.870973 0.486949 1.311110
v 0.873129 0.494696 1.308592
v 0.857036 0.479201 1.313627
v 0.865083 0.491092 1.374925
v 0.870973 0.497056 1.374925
v 0.873129 0.505203 1.374925
v 0.857036 0.488909 1.374925
v 0.865083 0.481277 1.436897
v 0.870973 0.486949 1.438740
v 0.873129 0.494697 1.441257
v 0.857036 0.479201 1.436222
v 0.865083 0.452791 1.492803
v 0.870973 0.457616 1.496308
v 0.873129 0.464207 1.501096
v 0.857036 0.451025 1.491520
v 0.865083 0.408424 1.537170
v 0.870973 0.411930 1.541995
v 0.873129 0.416718 1.548585
v 0.857036 0.407141 1.535404
v 0.865083 0.352518 1.565655
v 0.870973 0.354361 1.571327
v 0.873129 0.356879 1.579075
v 0.857036 0.351844 1.563579
v 0.865083 0.290546 1.575471
v 0.870973 0.290546 1.581434
v 0.873129 0.290546 1.589581
v 0.857036 0.290546 1.573288
v 0.865083 0.228574 1.565655
v 0.870973 0.226731 1.571327
v 0.873129 0.224214 1.579075
v 0.857036 0.229249 1.563579
v 0.865083 0.172668 1.537170
v 0.870973 0.169163 1.541994
v 0.873129 0.164375 1.548585
v 0.857036 0.173951 1.535404
v 0.865083 0.128301 1.492803
v 0.870973 0.123477 1.496308
v 0.873129 0.116886 1.501096
v 0.857036 0.130067 1.491520
v 0.865083 0.099816 1.436897
v 0.870973 0.094144 1.438740
v 0.873129 0.086396 1.441257
v 0.857036 0.101892 1.436222
v 0.865083 0.090000 1.374925
v 0.870973 0.084037 1.374925
v 0.873129 0.075890 1.374925
v 0.857036 0.092183 1.374925
v -0.792659 0.253552 -1.034410
v -0.792659 0.267683 -1.053859
v -0.792659 0.278526 -1.059384
v -0.792659 0.290546 -1.061288
v -0.792659 0.313410 -1.053859
v -0.792659 0.322015 -1.045253
v -0.792659 0.327540 -1.034410
v -0.792659 0.327540 -1.010370
v -0.792659 0.322015 -0.999526
v -0.792659 0.313410 -0.990921
v -0.792659 0.290546 -0.983492
v -0.792659 0.278526 -0.985395
v -0.792659 0.267683 -0.990921
v -0.792659 0.253552 -1.010370
v -0.792659 0.251648 -1.022390
v -0.844287 0.257241 -1.008490
v -0.792659 0.107362 -1.108899
v -0.792658 0.151665 -1.169876
v -0.792659 0.316213 -1.223341
v -0.792659 0.387899 -1.200048
v -0.792658 0.489594 -1.060075
v -0.792659 0.489593 -0.984702
v -0.792658 0.387900 -0.844732
v -0.792659 0.316211 -0.821438
v -0.792659 0.151665 -0.874903
v -0.792659 0.107363 -0.935879
v -0.840937 0.267682 -1.053859
v -0.844287 0.267035 -1.049769
v -0.844287 0.279574 -1.056159
v -0.840937 0.278526 -1.059384
v -0.844287 0.293473 -1.058360
v -0.840937 0.290546 -1.061288
v -0.840937 0.313410 -1.053859
v -0.844287 0.309320 -1.053211
v -0.844287 0.319272 -1.043260
v -0.840937 0.322015 -1.045253
v -0.844287 0.325661 -1.030721
v -0.840937 0.327540 -1.034410
v -0.840937 0.327540 -1.010370
v -0.844287 0.325661 -1.014059
v -0.844287 0.319271 -1.001520
v -0.840937 0.322015 -0.999526
v -0.844287 0.309320 -0.991568
v -0.840937 0.313410 -0.990921
v -0.840937 0.290546 -0.983492
v -0.844287 0.293473 -0.986419
v -0.844287 0.279574 -0.988621
v -0.840937 0.278526 -0.985395
v -0.844287 0.267035 -0.995010
v -0.840937 0.267683 -0.990921
v -0.840937 0.253552 -1.010369
v -0.844287 0.255040 -1.022390
v -0.840937 0.251648 -1.022390
v -0.844287 0.257241 -1.036290
v -0.840937 0.253552 -1.034410
v -0.840938 0.107362 -1.108899
v -0.844287 0.109202 -1.111721
v -0.844286 0.149549 -1.167253
v -0.840937 0.151664 -1.169876
v -0.840937 0.316213 -1.223341
v -0.844287 0.319465 -1.222463
v -0.844287 0.384751 -1.201249
v -0.840937 0.387899 -1.200048
v -0.840937 0.489594 -1.060075
v -0.844287 0.489764 -1.056711
v -0.844287 0.489763 -0.988067
v -0.840937 0.489593 -0.984703
v -0.840937 0.387900 -0.844732
v -0.844287 0.384753 -0.843531
v -0.844287 0.319463 -0.822316
v -0.840937 0.316211 -0.821438
v -0.840937 0.151665 -0.874903
v -0.844287 0.149550 -0.877525
v -0.844287 0.109203 -0.933057
v -0.840937 0.107363 -0.935879
v -0.792659 0.229248 -1.211044
v -0.792659 0.451025 -1.138985
v -0.792659 0.451025 -0.905795
v -0.792659 0.229248 -0.833735
v -0.792659 0.092183 -1.022390
v -0.597641 0.290546 -1.022390
v -0.601332 0.028002 -1.107695
v -0.611414 0.018293 -1.110850
v -0.625187 0.014739 -1.112005
v -0.597641 0.041264 -1.103386
v -0.601332 0.067212 -1.184651
v -0.611414 0.058954 -1.190651
v -0.625187 0.055931 -1.192847
v -0.597641 0.078494 -1.176455
v -0.601332 0.128285 -1.245723
v -0.611414 0.122284 -1.253982
v -0.625187 0.120088 -1.257005
v -0.597641 0.136481 -1.234442
v -0.601332 0.205240 -1.284934
v -0.611414 0.202086 -1.294643
v -0.625187 0.200931 -1.298196
v -0.597641 0.209549 -1.271672
v -0.601332 0.290546 -1.298445
v -0.611414 0.290546 -1.308653
v -0.625187 0.290546 -1.312390
v -0.597641 0.290546 -1.284500
v -0.601332 0.375852 -1.284934
v -0.611414 0.379006 -1.294643
v -0.625187 0.380161 -1.298196
v -0.597641 0.371543 -1.271672
v -0.601332 0.452807 -1.245723
v -0.611414 0.458807 -1.253982
v -0.625187 0.461004 -1.257005
v -0.597641 0.444611 -1.234442
v -0.601332 0.513879 -1.184651
v -0.611414 0.522138 -1.190651
v -0.625187 0.525161 -1.192847
v -0.597641 0.502598 -1.176454
v -0.601332 0.553090 -1.107695
v -0.611414 0.562799 -1.110850
v -0.625187 0.566352 -1.112005
v -0.597641 0.539828 -1.103386
v -0.601332 0.566601 -1.022390
v -0.611414 0.576810 -1.022390
v -0.625187 0.580546 -1.022390
v -0.597641 0.552657 -1.022390
v -0.601332 0.553090 -0.937084
v -0.611414 0.562799 -0.933930
v -0.625187 0.566352 -0.932775
v -0.597641 0.539828 -0.941393
v -0.601332 0.513879 -0.860128
v -0.611414 0.522138 -0.854128
v -0.625187 0.525161 -0.851932
v -0.597641 0.502598 -0.868325
v -0.601332 0.452807 -0.799056
v -0.611414 0.458808 -0.790798
v -0.625187 0.461004 -0.787775
v -0.597641 0.444611 -0.810338
v -0.601332 0.375852 -0.759845
v -0.611414 0.379006 -0.750137
v -0.625187 0.380161 -0.746583
v -0.597641 0.371543 -0.773108
v -0.601332 0.290546 -0.746334
v -0.611414 0.290546 -0.736126
v -0.625187 0.290546 -0.732390
v -0.597641 0.290546 -0.760279
v -0.601332 0.205240 -0.759845
v -0.611414 0.202086 -0.750137
v -0.625187 0.200931 -0.746583
v -0.597641 0.209549 -0.773108
v -0.601332 0.128285 -0.799056
v -0.611414 0.122285 -0.790798
v -0.625187 0.120088 -0.787775
v -0.597641 0.136481 -0.810338
v -0.601332 0.067213 -0.860128
v -0.611414 0.058954 -0.854128
v -0.625187 0.055931 -0.851932
v -0.597641 0.078494 -0.868325
v -0.601332 0.028002 -0.937084
v -0.611414 0.018293 -0.933929
v -0.625187 0.014740 -0.932775
v -0.597641 0.041264 -0.941393
v -0.601332 0.014491 -1.022390
v -0.611414 0.004282 -1.022390
v -0.625187 0.000546 -1.022390
v -0.597641 0.028435 -1.022390
v -0.869438 0.028002 -1.107695
v -0.859356 0.018293 -1.110850
v -0.845583 0.014739 -1.112005
v -0.873129 0.041264 -1.103386
v -0.869438 0.067212 -1.184651
v -0.859356 0.058954 -1.190651
v -0.845583 0.055931 -1.192847
v -0.873129 0.078494 -1.176455
v -0.869438 0.128285 -1.245723
v -0.859356 0.122284 -1.253982
v -0.845583 0.120088 -1.257005
v -0.873129 0.136481 -1.234442
v -0.869438 0.205240 -1.284934
v -0.859356 0.202086 -1.294643
v -0.845583 0.200931 -1.298196
v -0.873129 0.209549 -1.271672
v -0.869438 0.290546 -1.298445
v -0.859356 0.290546 -1.308653
v -0.845583 0.290546 -1.312390
v -0.873129 0.290546 -1.284500
v -0.869438 0.375852 -1.284934
v -0.859356 0.379006 -1.294643
v -0.845583 0.380161 -1.298196
v -0.873129 0.371543 -1.271672
v -0.869438 0.452807 -1.245723
v -0.859356 0.458807 -1.253982
v -0.845583 0.461004 -1.257005
v -0.873129 0.444611 -1.234442
v -0.869438 0.513879 -1.184651
v -0.859356 0.522138 -1.190651
v -0.845583 0.525161 -1.192847
v -0.873129 0.502598 -1.176454
v -0.869438 0.553090 -1.107695
v -0.859356 0.562799 -1.110850
v -0.845583 0.566353 -1.112005
v -0.873129 0.539828 -1.103386
v -0.869438 0.566602 -1.022390
v -0.859356 0.576810 -1.022390
v -0.845583 0.580546 -1.022390
v -0.873129 0.552657 -1.022390
v -0.869438 0.553090 -0.937084
v -0.859356 0.562799 -0.933930
v -0.845583 0.566353 -0.932775
v -0.873129 0.539828 -0.941393
v -0.869438 0.513880 -0.860128
v -0.859356 0.522138 -0.854128
v -0.845583 0.525161 -0.851932
v -0.873129 0.502598 -0.868325
v -0.869438 0.452807 -0.799056
v -0.859356 0.458808 -0.790798
v -0.845583 0.461004 -0.787775
v -0.873129 0.444611 -0.810338
v -0.869438 0.375852 -0.759845
v -0.859356 0.379007 -0.750137
v -0.845583 0.380161 -0.746583
v -0.873129 0.371543 -0.773108
v -0.869438 0.290546 -0.746334
v -0.859356 0.290546 -0.736126
v -0.845583 0.290546 -0.732390
v -0.873129 0.290546 -0.760279
v -0.869438 0.205240 -0.759845
v -0.859356 0.202086 -0.750137
v -0.845583 0.200931 -0.746583
v -0.873129 0.209549 -0.773108
v -0.869438 0.128285 -0.799056
v -0.859356 0.122285 -0.790798
v -0.845583 0.120088 -0.787775
v -0.873129 0.136481 -0.810338
v -0.869438 0.067213 -0.860128
v -0.859356 0.058954 -0.854128
v -0.845583 0.055931 -0.851932
v -0.873129 0.078494 -0.868325
v -0.869438 0.028002 -0.937084
v -0.859356 0.018293 -0.933929
v -0.845583 0.014740 -0.932775
v -0.873129 0.041264 -0.941393
v -0.869438 0.014491 -1.022390
v -0.859356 0.004282 -1.022390
v -0.845583 0.000546 -1.022390
v -0.873129 0.028435 -1.022390
v -0.792659 0.130067 -1.138985
v -0.792659 0.101891 -1.083687
v -0.792659 0.173951 -1.182869
v -0.792659 0.229248 -1.211044
v -0.792659 0.290546 -1.220753
v -0.792659 0.351844 -1.211044
v -0.792659 0.407141 -1.182869
v -0.792659 0.451025 -1.138985
v -0.792659 0.479201 -1.083687
v -0.792659 0.488909 -1.022390
v -0.792659 0.479201 -0.961092
v -0.792659 0.451025 -0.905795
v -0.792659 0.407141 -0.861910
v -0.792659 0.351844 -0.833735
v -0.792659 0.290546 -0.824027
v -0.792659 0.229248 -0.833735
v -0.792659 0.173951 -0.861911
v -0.792659 0.130067 -0.905795
v -0.792659 0.101892 -0.961092
v -0.792659 0.092183 -1.022390
v -0.865083 0.128301 -1.140268
v -0.870973 0.123476 -1.143773
v -0.873129 0.116886 -1.148561
v -0.857036 0.130067 -1.138985
v -0.865083 0.099815 -1.084362
v -0.870973 0.094144 -1.086205
v -0.873129 0.086396 -1.088722
v -0.857036 0.101892 -1.083687
v -0.865083 0.172668 -1.184635
v -0.870973 0.169163 -1.189459
v -0.873129 0.164374 -1.196050
v -0.857036 0.173951 -1.182869
v -0.865083 0.228574 -1.213120
v -0.870973 0.226731 -1.218792
v -0.873129 0.224214 -1.226540
v -0.857036 0.229248 -1.211044
v -0.865083 0.290546 -1.222936
v -0.870973 0.290546 -1.228899
v -0.873129 0.290546 -1.237046
v -0.857036 0.290546 -1.220753
v -0.865083 0.352518 -1.213120
v -0.870973 0.354361 -1.218792
v -0.873129 0.356878 -1.226540
v -0.857036 0.351844 -1.211044
v -0.865083 0.408424 -1.184635
v -0.870973 0.411929 -1.189459
v -0.873129 0.416718 -1.196050
v -0.857036 0.407141 -1.182869
v -0.865083 0.452791 -1.140268
v -0.870973 0.457616 -1.143773
v -0.873129 0.464207 -1.148561
v -0.857036 0.451025 -1.138985
v -0.865083 0.481277 -1.084362
v -0.870973 0.486949 -1.086205
v -0.873129 0.494696 -1.088722
v -0.857036 0.479201 -1.083687
v -0.865083 0.491092 -1.022390
v -0.870973 0.497056 -1.022390
v -0.873129 0.505202 -1.022390
v -0.857036 0.488909 -1.022390
v -0.865083 0.481277 -0.960418
v -0.870973 0.486949 -0.958575
v -0.873129 0.494696 -0.956057
v -0.857036 0.479201 -0.961092
v -0.865083 0.452791 -0.904512
v -0.870973 0.457616 -0.901007
v -0.873129 0.464207 -0.896218
v -0.857036 0.451025 -0.905795
v -0.865083 0.408424 -0.860145
v -0.870973 0.411929 -0.855320
v -0.873129 0.416718 -0.848729
v -0.857036 0.407141 -0.861910
v -0.865083 0.352518 -0.831659
v -0.870973 0.354361 -0.825987
v -0.873129 0.356879 -0.818239
v -0.857036 0.351844 -0.833735
v -0.865083 0.290546 -0.821844
v -0.870973 0.290546 -0.815880
v -0.873129 0.290546 -0.807734
v -0.857036 0.290546 -0.824027
v -0.865083 0.228574 -0.831659
v -0.870973 0.226731 -0.825987
v -0.873129 0.224214 -0.818240
v -0.857036 0.229248 -0.833735
v -0.865083 0.172668 -0.860145
v -0.870973 0.169163 -0.855320
v -0.873129 0.164374 -0.848729
v -0.857036 0.173951 -0.861911
v -0.865083 0.128301 -0.904512
v -0.870973 0.123476 -0.901006
v -0.873129 0.116886 -0.896218
v -0.857036 0.130067 -0.905795
v -0.865083 0.099816 -0.960417
v -0.870973 0.094144 -0.958575
v -0.873129 0.086396 -0.956057
v -0.857036 0.101892 -0.961092
v -0.865083 0.090000 -1.022390
v -0.870973 0.084036 -1.022390
v -0.873129 0.075890 -1.022390
v -0.857036 0.092183 -1.022390
v -0.792659 0.253552 1.362905
v -0.792659 0.267683 1.343456
v -0.792659 0.278526 1.337930
v -0.792659 0.290546 1.336027
v -0.792659 0.313410 1.343456
v -0.792659 0.322015 1.352061
v -0.792659 0.327540 1.362904
v -0.792659 0.327540 1.386945
v -0.792659 0.322015 1.397788
v -0.792659 0.313410 1.406394
v -0.792659 0.290546 1.413823
v -0.792659 0.278526 1.411919
v -0.792659 0.267683 1.406394
v -0.792659 0.253552 1.386945
v -0.792659 0.251648 1.374925
v -0.844287 0.257241 1.388825
v -0.792659 0.107362 1.288416
v -0.792658 0.151665 1.227439
v -0.792659 0.316214 1.173974
v -0.792659 0.387899 1.197266
v -0.792658 0.489594 1.337239
v -0.792659 0.489594 1.412612
v -0.792658 0.387900 1.552583
v -0.792659 0.316211 1.575876
v -0.792659 0.151666 1.522411
v -0.792659 0.107363 1.461435
v -0.840937 0.267682 1.343456
v -0.844287 0.267035 1.347545
v -0.844287 0.279574 1.341156
v -0.840937 0.278526 1.337930
v -0.844287 0.293474 1.338954
v -0.840937 0.290546 1.336027
v -0.840937 0.313410 1.343456
v -0.844287 0.309320 1.344104
v -0.844287 0.319272 1.354055
v -0.840937 0.322015 1.352061
v -0.844287 0.325661 1.366594
v -0.840937 0.327541 1.362905
v -0.840937 0.327540 1.386945
v -0.844287 0.325661 1.383256
v -0.844287 0.319271 1.395795
v -0.840937 0.322015 1.397788
v -0.844287 0.309321 1.405746
v -0.840937 0.313410 1.406394
v -0.840937 0.290546 1.413823
v -0.844287 0.293474 1.410895
v -0.844287 0.279574 1.408694
v -0.840937 0.278526 1.411919
v -0.844287 0.267035 1.402304
v -0.840937 0.267683 1.406394
v -0.840937 0.253552 1.386945
v -0.844287 0.255040 1.374925
v -0.840937 0.251648 1.374925
v -0.844287 0.257241 1.361025
v -0.840937 0.253552 1.362904
v -0.840938 0.107363 1.288416
v -0.844287 0.109203 1.285594
v -0.844286 0.149550 1.230061
v -0.840937 0.151665 1.227439
v -0.840937 0.316213 1.173974
v -0.844287 0.319466 1.174852
v -0.844287 0.384752 1.196065
v -0.840937 0.387899 1.197266
v -0.840937 0.489594 1.337239
v -0.844287 0.489764 1.340604
v -0.844287 0.489764 1.409247
v -0.840937 0.489594 1.412612
v -0.840937 0.387901 1.552583
v -0.844287 0.384753 1.553784
v -0.844287 0.319463 1.574998
v -0.840937 0.316211 1.575876
v -0.840937 0.151666 1.522411
v -0.844287 0.149551 1.519789
v -0.844287 0.109203 1.464257
v -0.840937 0.107363 1.461435
v -0.792659 0.229249 1.186270
v -0.792659 0.451025 1.258330
v -0.792659 0.451025 1.491520
v -0.792659 0.229249 1.563579
v -0.792659 0.092183 1.374925
v -0.597641 0.290546 1.374925
v -0.601332 0.028002 1.289619
v -0.611414 0.018293 1.286464
v -0.625187 0.014740 1.285310
v -0.597641 0.041264 1.293928
v -0.601332 0.067213 1.212663
v -0.611414 0.058954 1.206663
v -0.625187 0.055931 1.204467
v -0.597641 0.078494 1.220860
v -0.601332 0.128285 1.151591
v -0.611414 0.122285 1.143332
v -0.625187 0.120088 1.140310
v -0.597641 0.136481 1.162873
v -0.601332 0.205240 1.112380
v -0.611414 0.202086 1.102672
v -0.625187 0.200931 1.099118
v -0.597641 0.209549 1.125643
v -0.601332 0.290546 1.098869
v -0.611414 0.290546 1.088661
v -0.625187 0.290546 1.084925
v -0.597641 0.290546 1.112814
v -0.601332 0.375852 1.112380
v -0.611414 0.379006 1.102672
v -0.625187 0.380161 1.099118
v -0.597641 0.371543 1.125643
v -0.601332 0.452807 1.151591
v -0.611414 0.458808 1.143333
v -0.625187 0.461004 1.140310
v -0.597641 0.444611 1.162873
v -0.601332 0.513880 1.212663
v -0.611414 0.522138 1.206663
v -0.625187 0.525161 1.204467
v -0.597641 0.502598 1.220860
v -0.601332 0.553090 1.289619
v -0.611414 0.562799 1.286464
v -0.625187 0.566353 1.285310
v -0.597641 0.539828 1.293928
v -0.601332 0.566602 1.374925
v -0.611414 0.576810 1.374925
v -0.625187 0.580546 1.374925
v -0.597641 0.552657 1.374925
v -0.601332 0.553090 1.460230
v -0.611414 0.562799 1.463385
v -0.625187 0.566353 1.464540
v -0.597641 0.539828 1.455921
v -0.601332 0.513880 1.537186
v -0.611414 0.522138 1.543186
v -0.625187 0.525161 1.545382
v -0.597641 0.502598 1.528990
v -0.601332 0.452807 1.598258
v -0.611414 0.458808 1.606517
v -0.625187 0.461004 1.609540
v -0.597641 0.444611 1.586977
v -0.601332 0.375852 1.637469
v -0.611414 0.379006 1.647178
v -0.625187 0.380161 1.650731
v -0.597641 0.371543 1.624207
v -0.601332 0.290546 1.650980
v -0.611414 0.290546 1.661188
v -0.625187 0.290546 1.664925
v -0.597641 0.290546 1.637035
v -0.601332 0.205240 1.637469
v -0.611414 0.202086 1.647178
v -0.625187 0.200931 1.650731
v -0.597641 0.209550 1.624207
v -0.601332 0.128285 1.598258
v -0.611414 0.122285 1.606517
v -0.625187 0.120089 1.609540
v -0.597641 0.136481 1.586977
v -0.601332 0.067213 1.537186
v -0.611414 0.058954 1.543186
v -0.625187 0.055931 1.545382
v -0.597641 0.078494 1.528990
v -0.601332 0.028002 1.460230
v -0.611414 0.018293 1.463385
v -0.625187 0.014740 1.464540
v -0.597641 0.041264 1.455921
v -0.601332 0.014491 1.374925
v -0.611414 0.004283 1.374925
v -0.625187 0.000546 1.374925
v -0.597641 0.028436 1.374925
v -0.869438 0.028002 1.289619
v -0.859356 0.018293 1.286464
v -0.845583 0.014740 1.285310
v -0.873129 0.041264 1.293928
v -0.869438 0.067213 1.212663
v -0.859356 0.058954 1.206663
v -0.845583 0.055931 1.204467
v -0.873129 0.078494 1.220860
v -0.869438 0.128285 1.151591
v -0.859356 0.122285 1.143332
v -0.845583 0.120088 1.140310
v -0.873129 0.136481 1.162873
v -0.869438 0.205240 1.112380
v -0.859356 0.202086 1.102672
v -0.845583 0.200931 1.099118
v -0.873129 0.209549 1.125643
v -0.869438 0.290546 1.098869
v -0.859356 0.290546 1.088661
v -0.845583 0.290546 1.084925
v -0.873129 0.290546 1.112814
v -0.869438 0.375852 1.112380
v -0.859356 0.379007 1.102672
v -0.845583 0.380161 1.099118
v -0.873129 0.371543 1.125643
v -0.869438 0.452807 1.151591
v -0.859356 0.458808 1.143333
v -0.845583 0.461004 1.140310
v -0.873129 0.444611 1.162873
v -0.869438 0.513880 1.212663
v -0.859356 0.522138 1.206663
v -0.845583 0.525161 1.204467
v -0.873129 0.502598 1.220860
v -0.869438 0.553091 1.289619
v -0.859356 0.562799 1.286464
v -0.845583 0.566353 1.285310
v -0.873129 0.539828 1.293928
v -0.869438 0.566602 1.374925
v -0.859356 0.576810 1.374925
v -0.845583 0.580546 1.374925
v -0.873129 0.552657 1.374925
v -0.869438 0.553091 1.460230
v -0.859356 0.562799 1.463385
v -0.845583 0.566353 1.464540
v -0.873129 0.539828 1.455921
v -0.869438 0.513880 1.537186
v -0.859356 0.522138 1.543186
v -0.845583 0.525161 1.545382
v -0.873129 0.502598 1.528990
v -0.869438 0.452808 1.598258
v -0.859356 0.458808 1.606517
v -0.845583 0.461004 1.609540
v -0.873129 0.444611 1.586977
v -0.869438 0.375852 1.637469
v -0.859356 0.379007 1.647178
v -0.845583 0.380161 1.650731
v -0.873129 0.371543 1.624207
v -0.869438 0.290546 1.650980
v -0.859356 0.290546 1.661188
v -0.845583 0.290546 1.664925
v -0.873129 0.290546 1.637035
v -0.869438 0.205240 1.637469
v -0.859356 0.202086 1.647178
v -0.845583 0.200931 1.650731
v -0.873129 0.209550 1.624207
v -0.869438 0.128285 1.598258
v -0.859356 0.122285 1.606517
v -0.845583 0.120089 1.609540
v -0.873129 0.136481 1.586977
v -0.869438 0.067213 1.537186
v -0.859356 0.058954 1.543186
v -0.845583 0.055931 1.545382
v -0.873129 0.078494 1.528990
v -0.869438 0.028002 1.460230
v -0.859356 0.018293 1.463385
v -0.845583 0.014740 1.464540
v -0.873129 0.041264 1.455921
v -0.869438 0.014491 1.374925
v -0.859356 0.004283 1.374925
v -0.845583 0.000546 1.374925
v -0.873129 0.028436 1.374925
v -0.792659 0.130067 1.258330
v -0.792659 0.101892 1.313627
v -0.792659 0.173951 1.214446
v -0.792659 0.229249 1.186270
v -0.792659 0.290546 1.176562
v -0.792659 0.351844 1.186270
v -0.792659 0.407141 1.214446
v -0.792659 0.451025 1.258330
v -0.792659 0.479201 1.313627
v -0.792659 0.488909 1.374925
v -0.792659 0.479201 1.436222
v -0.792659 0.451025 1.491520
v -0.792659 0.407141 1.535404
v -0.792659 0.351844 1.563579
v -0.792659 0.290546 1.573288
v -0.792659 0.229249 1.563579
v -0.792659 0.173951 1.535404
v -0.792659 0.130067 1.491520
v -0.792659 0.101892 1.436222
v -0.792659 0.092183 1.374925
v -0.865083 0.128301 1.257047
v -0.870973 0.123476 1.253541
v -0.873129 0.116886 1.248753
v -0.857036 0.130067 1.258330
v -0.865083 0.099816 1.312953
v -0.870973 0.094144 1.311110
v -0.873129 0.086396 1.308593
v -0.857036 0.101892 1.313627
v -0.865083 0.172668 1.212680
v -0.870973 0.169163 1.207855
v -0.873129 0.164374 1.201264
v -0.857036 0.173951 1.214446
v -0.865083 0.228574 1.184194
v -0.870973 0.226731 1.178522
v -0.873129 0.224214 1.170774
v -0.857036 0.229249 1.186270
v -0.865083 0.290546 1.174379
v -0.870973 0.290546 1.168415
v -0.873129 0.290546 1.160269
v -0.857036 0.290546 1.176562
v -0.865083 0.352518 1.184194
v -0.870973 0.354361 1.178522
v -0.873129 0.356879 1.170775
v -0.857036 0.351844 1.186270
v -0.865083 0.408424 1.212680
v -0.870973 0.411929 1.207855
v -0.873129 0.416718 1.201264
v -0.857036 0.407141 1.214446
v -0.865083 0.452791 1.257047
v -0.870973 0.457616 1.253541
v -0.873129 0.464207 1.248753
v -0.857036 0.451025 1.258330
v -0.865083 0.481277 1.312953
v -0.870973 0.486949 1.311110
v -0.873129 0.494696 1.308592
v -0.857036 0.479201 1.313627
v -0.865083 0.491092 1.374925
v -0.870973 0.497056 1.374925
v -0.873129 0.505203 1.374925
v -0.857036 0.488909 1.374925
v -0.865083 0.481277 1.436897
v -0.870973 0.486949 1.438740
v -0.873129 0.494697 1.441257
v -0.857036 0.479201 1.436222
v -0.865083 0.452791 1.492803
v -0.870973 0.457616 1.496308
v -0.873129 0.464207 1.501096
v -0.857036 0.451025 1.491520
v -0.865083 0.408424 1.537170
v -0.870973 0.411930 1.541995
v -0.873129 0.416718 1.548585
v -0.857036 0.407141 1.535404
v -0.865083 0.352518 1.565655
v -0.870973 0.354361 1.571327
v -0.873129 0.356879 1.579075
v -0.857036 0.351844 1.563579
v -0.865083 0.290546 1.575471
v -0.870973 0.290546 1.581434
v -0.873129 0.290546 1.589581
v -0.857036 0.290546 1.573288
v -0.865083 0.228574 1.565655
v -0.870973 0.226731 1.571327
v -0.873129 0.224214 1.579075
v -0.857036 0.229249 1.563579
v -0.865083 0.172668 1.537170
v -0.870973 0.169163 1.541994
v -0.873129 0.164375 1.548585
v -0.857036 0.173951 1.535404
v -0.865083 0.128301 1.492803
v -0.870973 0.123477 1.496308
v -0.873129 0.116886 1.501096
v -0.857036 0.130067 1.491520
v -0.865083 0.099816 1.436897
v -0.870973 0.094144 1.438740
v -0.873129 0.086396 1.441257
v -0.857036 0.101892 1.436222
v -0.865083 0.090000 1.374925
v -0.870973 0.084037 1.374925
v -0.873129 0.075890 1.374925
v -0.857036 0.092183 1.374925
v 0.470859 0.621192 1.911512
v 0.605199 0.862710 0.804400
v 0.576757 0.778294 1.513491
v 0.167798 0.562066 2.085712
v 0.203319 0.561933 2.078905
v 0.425886 0.561096 2.013432
v 0.557430 0.553446 1.956108
v 0.650584 0.554372 1.892555
v 0.750286 0.570762 1.772807
v 0.543469 0.580212 1.909999
v 0.630103 0.577276 1.848679
v 0.704456 0.606192 1.760062
v 0.776218 0.685415 1.580747
v 0.724411 0.700978 1.595877
v 0.719919 0.656620 1.685442
v 0.771581 0.638310 1.672152
v 0.768521 0.722415 1.474725
v 0.721381 0.725743 1.524568
v 0.564869 0.755023 1.618820
v 0.658105 0.773535 1.451501
v 0.634064 0.759345 1.550158
v 0.535815 0.720690 1.709941
v 0.505391 0.678911 1.805637
v 0.573620 0.683555 1.794394
v 0.600095 0.729380 1.693242
v 0.648183 0.674584 1.774219
v 0.672268 0.721891 1.656847
v 0.720710 0.751254 1.416713
v 0.695208 0.747376 1.500584
v 0.315335 0.565346 2.050195
v 0.000000 0.564824 2.091198
v 0.860240 0.458142 1.722217
v 0.867156 0.531608 1.687319
v 0.875819 0.592187 1.630170
v 0.883304 0.640872 1.550673
v 0.887582 0.665441 1.462253
v 0.850144 0.353888 1.744250
v 0.840697 0.261510 1.754716
v 0.861346 0.164644 0.889959
v 0.864572 0.291260 0.891100
v 0.877505 0.287375 1.022867
v 0.876165 0.170862 1.028837
v 0.874497 0.452328 0.920234
v 0.887320 0.402446 1.042819
v 0.866654 0.596884 0.989361
v 0.892575 0.528670 1.099496
v 0.832626 0.694199 1.131015
v 0.894067 0.610811 1.182684
v 0.804552 0.731209 1.305946
v 0.890843 0.668231 1.319301
v 0.870270 0.168249 0.971036
v 0.872863 0.288958 0.965377
v 0.885339 0.422590 0.996033
v 0.887802 0.559768 1.058730
v 0.870903 0.660385 1.154455
v 0.859805 0.702277 1.313909
v 0.841289 0.696786 1.468997
v 0.841614 0.664257 1.565806
v 0.836063 0.616476 1.651277
v 0.822183 0.550273 1.727030
v 0.814526 0.466984 1.766512
v 0.810530 0.358719 1.781667
v 0.792917 0.268529 1.798134
v 0.741439 0.758037 1.295364
v 0.758336 0.764303 1.120018
v 0.851893 0.168416 0.753349
v 0.855758 0.309190 0.775497
v 0.864889 0.459293 0.817771
v 0.864934 0.587903 0.848332
v 0.820377 0.701273 0.877774
v 0.766234 0.779734 0.873688
v 0.595475 0.804757 1.333350
v 0.605859 0.827925 1.148388
v 0.612956 0.846799 0.979574
v 0.671742 0.793673 1.302920
v 0.691252 0.809932 1.129034
v 0.706853 0.825140 0.932049
v 0.703940 0.846430 0.699839
v 0.682915 0.894466 0.608701
v 0.590084 1.115985 0.236115
v 0.629744 1.017295 0.408777
v 0.662665 0.941178 0.532826
v 0.544741 1.160272 0.027857
v 0.530508 1.153245 -0.239927
v 0.523404 1.114334 -0.502146
v 0.808773 0.716294 -0.775539
v 0.790452 0.254945 -1.419504
v 0.760132 0.171050 -1.419068
v 0.769811 0.279970 -1.472044
v 0.748883 0.190953 -1.486010
v 0.773367 0.710210 -1.233035
v 0.795540 0.744061 -0.952331
v 0.814940 0.185008 -0.536449
v 0.818602 0.318265 -0.541004
v 0.836671 0.451743 -0.580909
v 0.846043 0.569086 -0.639023
v 0.838986 0.679955 -0.808120
v 0.831448 0.709440 -0.965043
v 0.817900 0.673493 -1.207539
v 0.821107 0.540599 -1.352955
v 0.806006 0.349017 -1.419193
v 0.780934 0.268560 -1.448672
v 0.756332 0.180632 -1.455994
v 0.737512 0.808220 -0.765376
v 0.707162 0.851845 -0.767092
v 0.770116 0.761799 -0.767522
v 0.759426 0.779990 -0.945373
v 0.691689 0.851573 -0.937485
v 0.737324 0.746091 -1.249498
v 0.678101 0.789094 -1.272766
v 0.636441 0.632810 -1.620136
v 0.726333 0.814954 -0.941511
v 0.707198 0.771962 -1.264017
v 0.825518 0.607212 -1.286247
v 0.792787 0.632103 -1.324536
v 0.756970 0.667375 -1.360708
v 0.714598 0.702936 -1.404085
v 0.677288 0.720103 -1.434493
v 0.829663 0.699995 -1.093207
v 0.786928 0.736531 -1.102184
v 0.753554 0.767894 -1.107240
v 0.721983 0.798141 -1.113078
v 0.686219 0.828841 -1.118585
v 0.638203 0.397237 -1.658623
v 0.630385 0.317719 -1.662614
v 0.697035 0.310517 -1.594690
v 0.737717 0.295621 -1.535012
v 0.684089 0.220947 -1.608413
v 0.620541 0.229231 -1.675967
v 0.719648 0.205190 -1.542373
v 0.816481 0.434200 -1.391575
v 0.639823 0.504823 -1.638628
v 0.423008 0.623266 -1.728662
v 0.531688 0.631819 -1.692558
v 0.527593 0.410902 -1.722785
v 0.425398 0.409186 -1.755562
v 0.419462 0.519993 -1.742905
v 0.522207 0.511185 -1.692746
v 0.615429 0.673533 -1.611086
v 0.532720 0.675782 -1.669977
v 0.450385 0.685277 -1.695873
v 0.332304 0.697277 -1.711289
v 0.343169 0.756899 -1.675264
v 0.477160 0.746277 -1.644946
v 0.655271 0.803364 -1.287743
v 0.651420 0.731403 -1.450728
v 0.643697 0.840525 -1.182029
v 0.661200 0.882228 -0.952571
v 0.599710 0.882467 -1.193708
v 0.633860 0.918107 -0.961151
v 0.606887 0.850849 -1.351224
v 0.561834 0.863955 -1.355664
v 0.547739 0.811675 -1.528165
v 0.517078 0.831692 -1.537919
v 0.417621 0.695176 -1.698859
v 0.446949 0.750688 -1.653906
v 0.632110 0.839446 -1.344792
v 0.610633 0.782397 -1.507820
v 0.824352 0.573511 -1.320924
v 0.796459 0.592050 -1.365067
v 0.761317 0.626940 -1.410766
v 0.710209 0.662157 -1.474386
v 0.662961 0.679203 -1.523104
v 0.633061 0.694924 -1.540465
v 0.579660 0.728096 -1.591206
v 0.533012 0.318858 -1.723125
v 0.418419 0.320186 -1.760121
v 0.357745 0.319968 -1.771868
v 0.426912 0.233366 -1.774939
v 0.364706 0.234052 -1.787350
v 0.539629 0.231310 -1.735100
v 0.360567 0.856547 -1.581912
v 0.169120 0.761284 -1.694337
v 0.175237 0.866001 -1.611447
v 0.170231 0.701652 -1.728722
v 0.166097 0.313096 -1.794104
v 0.299747 0.317357 -1.779586
v 0.157109 0.233713 -1.807429
v 0.300500 0.234349 -1.795037
v 0.785487 0.230171 -1.419936
v 0.780930 0.243151 -1.452832
v 0.771414 0.256104 -1.479189
v 0.741002 0.271759 -1.541119
v 0.699938 0.284255 -1.609504
v 0.629904 0.289996 -1.677048
v 0.545523 0.293433 -1.737220
v 0.427598 0.293590 -1.781596
v 0.359057 0.295348 -1.793895
v 0.298930 0.294045 -1.800515
v 0.162859 0.290802 -1.812788
v 0.773737 0.198304 -1.419753
v 0.770104 0.209397 -1.455214
v 0.764261 0.219945 -1.484405
v 0.736865 0.232788 -1.546661
v 0.696417 0.248691 -1.615005
v 0.625835 0.256204 -1.682682
v 0.542293 0.261699 -1.741209
v 0.423082 0.262854 -1.782659
v 0.360291 0.263308 -1.793724
v 0.298605 0.262615 -1.800550
v 0.159157 0.260744 -1.813018
v 0.398193 0.911323 -1.277288
v 0.410557 0.891986 -1.392013
v 0.180225 0.904683 -1.433363
v 0.186277 0.917570 -1.328802
v 0.467418 0.913417 -1.234991
v 0.490185 0.924744 -1.176163
v 0.500635 0.979950 -0.984607
v 0.505924 1.029043 -0.820674
v 0.636302 0.965303 -0.787313
v 0.515654 1.075423 -0.653933
v 0.667110 0.914898 -0.780484
v 0.198161 1.131431 -0.522979
v 0.354928 1.129427 -0.517687
v 0.405762 1.172577 0.015447
v 0.429500 1.152789 0.247291
v 0.385897 1.164186 -0.254302
v 0.194713 1.176909 -0.262489
v 0.194135 1.189111 0.017874
v 0.190493 1.171252 0.263904
v 0.247247 0.876961 0.899845
v 0.000000 0.882349 0.905036
v 0.304362 0.871932 0.896804
v 0.461610 0.863753 0.851789
v 0.592632 0.861866 0.771995
v 0.866799 0.288482 1.034572
v 0.864769 0.165568 1.039786
v 0.873442 0.399968 1.050603
v 0.884908 0.525848 1.107847
v 0.888470 0.596683 1.188022
v 0.887486 0.645943 1.323291
v 0.881789 0.644097 1.458404
v 0.883328 0.621118 1.542710
v 0.871828 0.569067 1.623753
v 0.861477 0.517295 1.665466
v 0.857190 0.453438 1.699538
v 0.842635 0.351272 1.723586
v 0.827207 0.266225 1.730601
v 0.349843 0.288482 1.034572
v 0.347812 0.165568 1.039786
v 0.356485 0.399968 1.050603
v 0.367952 0.525848 1.107847
v 0.371513 0.596683 1.188022
v 0.370529 0.645943 1.323291
v 0.364832 0.644097 1.458404
v 0.366371 0.621118 1.542710
v 0.354871 0.569067 1.623753
v 0.344520 0.517295 1.665466
v 0.340233 0.453438 1.699538
v 0.325678 0.351272 1.723586
v 0.310250 0.266225 1.730601
v 0.357820 0.496179 1.592476
v 0.334286 0.428039 1.628717
v 0.318168 0.361622 1.651372
v 0.331166 0.301911 1.649724
v 0.365970 0.518626 1.452234
v 0.344226 0.443490 1.451531
v 0.326087 0.368593 1.452190
v 0.335328 0.304055 1.452256
v 0.369350 0.527649 1.336890
v 0.350147 0.431389 1.326467
v 0.334006 0.335020 1.312984
v 0.339489 0.265654 1.314766
v 0.362408 0.511366 1.226185
v 0.349664 0.399540 1.207267
v 0.341924 0.284030 1.173778
v 0.343650 0.215378 1.177276
v 0.462312 0.362667 1.946247
v 0.480735 0.462642 1.939664
v 0.563993 0.487845 1.899043
v 0.660805 0.482490 1.836388
v 0.742960 0.477369 1.751287
v 0.739877 0.366215 1.758220
v 0.717808 0.277387 1.779994
v 0.642251 0.272595 1.852010
v 0.555572 0.266666 1.909386
v 0.472285 0.288749 1.945473
v 0.559711 0.375378 1.904302
v 0.651341 0.375421 1.844357
v 0.208000 0.480513 2.026978
v 0.302503 0.477669 2.006949
v 0.162534 0.480078 2.033362
v 0.103161 0.480474 2.038076
v 0.400899 0.472600 1.972038
v 0.416339 0.354804 1.967859
v 0.419443 0.222988 1.966597
v 0.361605 0.205255 1.987941
v 0.212472 0.200559 2.016232
v 0.735377 0.367197 -1.423816
v 0.740038 0.449517 -1.398755
v 0.745761 0.552714 -1.367338
v 0.711280 0.587023 -1.422187
v 0.640093 0.624340 -1.516364
v 0.645734 0.503007 -1.538212
v 0.651653 0.392833 -1.558062
v 0.696396 0.383163 -1.491030
v 0.690357 0.477697 -1.472224
v 0.697174 0.382844 -1.489687
v 0.368954 0.621944 -1.654040
v 0.332789 0.628997 -1.656739
v 0.366742 0.517670 -1.664633
v 0.361420 0.409562 -1.675675
v 0.171120 0.634435 -1.672147
v 0.169630 0.406060 -1.686175
v 0.307443 0.404246 -1.681114
v 0.389819 0.187982 -0.638282
v 0.390774 0.321575 -0.646759
v 0.404485 0.439322 -0.676102
v 0.409451 0.533117 -0.730089
v 0.407189 0.623465 -0.855421
v 0.363953 0.327566 -1.370102
v 0.350844 0.249535 -1.373694
v 0.381655 0.494170 -1.310031
v 0.371966 0.416146 -1.337668
v 0.398301 0.616981 -1.171403
v 0.389455 0.571272 -1.236448
v 0.404787 0.645724 -0.973607
v 0.402393 0.647599 -1.081142
v 0.389059 0.547276 -1.265081
v 0.293956 0.155927 -1.377859
v 0.373842 0.255245 -0.761545
v 0.384119 0.309568 -0.767915
v 0.397730 0.420696 -0.791769
v 0.403204 0.513622 -0.831352
v 0.357865 0.249903 -0.884808
v 0.377464 0.297562 -0.889071
v 0.390975 0.402070 -0.907435
v 0.396956 0.494127 -0.932615
v 0.341888 0.244560 -1.008071
v 0.370809 0.285555 -1.010227
v 0.384219 0.383444 -1.023102
v 0.390709 0.474631 -1.033878
v 0.325910 0.239217 -1.131333
v 0.364154 0.273548 -1.131383
v 0.377464 0.364818 -1.138769
v 0.384461 0.455136 -1.135141
v 0.309933 0.233875 -1.254596
v 0.357499 0.261542 -1.252538
v 0.370709 0.346192 -1.254435
v 0.378213 0.435641 -1.236405
v 0.375499 0.168249 0.971665
v 0.369276 0.164644 0.890336
v 0.364374 0.168416 0.753487
v 0.360945 0.166987 0.648388
v 0.358437 0.163787 0.407619
v 0.356636 0.162469 0.159817
v 0.354961 0.158979 -0.078975
v 0.356430 0.171446 -0.292469
v 0.359814 0.180709 -0.447781
v 0.370354 0.185008 -0.536826
v 0.834180 0.187982 -0.638282
v 0.844438 0.187563 -0.623921
v 0.845436 0.313738 -0.631699
v 0.834948 0.321575 -0.646759
v 0.860303 0.444416 -0.662980
v 0.849454 0.439322 -0.676102
v 0.865034 0.538241 -0.716046
v 0.853712 0.533117 -0.730089
v 0.861567 0.632477 -0.841002
v 0.850077 0.623465 -0.855421
v 0.818009 0.331600 -1.384333
v 0.807698 0.327653 -1.370070
v 0.801919 0.260891 -1.388214
v 0.797040 0.281568 -1.373330
v 0.840581 0.526320 -1.310072
v 0.829676 0.525036 -1.293573
v 0.824969 0.400998 -1.358366
v 0.816545 0.417602 -1.337077
v 0.849395 0.625041 -1.187975
v 0.840035 0.616981 -1.171403
v 0.841847 0.561345 -1.271349
v 0.832654 0.571272 -1.236448
v 0.857127 0.659248 -0.961414
v 0.847065 0.645724 -0.973607
v 0.853168 0.663146 -1.081168
v 0.844047 0.647599 -1.081142
v 0.842962 0.561995 -1.269959
v 0.832827 0.548395 -1.263747
v 0.780858 0.204995 -1.389707
v 0.773479 0.216874 -1.376301
v 0.755459 0.160526 -1.390391
v 0.738837 0.155927 -1.377859
v 0.853439 0.168249 0.971057
v 0.844607 0.164644 0.889972
v 0.835309 0.168416 0.753353
v 0.828504 0.166987 0.648421
v 0.818259 0.163787 0.407861
v 0.808495 0.162469 0.160250
v 0.799146 0.158979 -0.078361
v 0.793754 0.171446 -0.291788
v 0.792145 0.180709 -0.447126
v 0.799817 0.185008 -0.536462
v 0.722673 0.164249 1.896075
v 0.753018 0.172955 1.879443
v 0.795036 0.165322 1.811642
v 0.814029 0.175520 1.801144
v 0.656510 0.173821 1.962797
v 0.652208 0.163590 1.955938
v 0.549957 0.163764 2.017812
v 0.552817 0.175260 2.023245
v 0.362754 0.164775 2.088035
v 0.358788 0.178860 2.095744
v 0.222419 0.175832 2.121187
v 0.211453 0.164154 2.116944
v 0.846079 0.178115 1.750686
v 0.837827 0.167617 1.748567
v 0.842753 0.177216 1.727570
v 0.835452 0.168102 1.737030
v 0.326154 0.176063 1.725672
v 0.327005 0.167377 1.735369
v 0.103385 0.199726 2.027151
v 0.108225 0.177163 2.129740
v 0.102889 0.165336 2.125033
v 0.159114 0.167404 1.735050
v 0.158700 0.174981 1.724549
v 0.161139 0.301911 1.649724
v 0.163164 0.304055 1.452256
v 0.165189 0.265654 1.314766
v 0.167214 0.215378 1.177276
v 0.169238 0.165568 1.039786
v 0.182710 0.168249 0.971665
v 0.179683 0.164644 0.890336
v 0.177297 0.168416 0.753487
v 0.175629 0.166987 0.648388
v 0.174408 0.163787 0.407619
v 0.173532 0.162469 0.159818
v 0.172717 0.158979 -0.078975
v 0.173432 0.171446 -0.292469
v 0.175079 0.180709 -0.447781
v 0.180207 0.185008 -0.536826
v 0.189678 0.187982 -0.638282
v 0.181904 0.255245 -0.761545
v 0.174130 0.249903 -0.884808
v 0.166356 0.244560 -1.008071
v 0.158582 0.239217 -1.131333
v 0.150807 0.233875 -1.254596
v 0.143033 0.155927 -1.377859
v 0.185648 0.899243 -1.320747
v 0.190952 0.922496 -1.172248
v 0.185920 0.970215 -1.004498
v 0.187937 1.018636 -0.838145
v 0.192926 1.066295 -0.675846
v 0.196604 1.111541 -0.522231
v 0.353740 1.109462 -0.516942
v 0.347901 1.060316 -0.661514
v 0.516064 1.094868 -0.502093
v 0.509041 1.057167 -0.649202
v 0.344213 1.011664 -0.827315
v 0.500033 1.010670 -0.815611
v 0.346270 0.963418 -0.991685
v 0.495015 0.961579 -0.979711
v 0.484785 0.907101 -1.169397
v 0.355176 0.916514 -1.153300
v 0.393767 0.893309 -1.270359
v 0.463017 0.895165 -1.229502
v 0.425271 1.130868 0.252343
v 0.468295 1.028993 0.421127
v 0.623659 0.994919 0.415382
v 0.584475 1.093767 0.242143
v 0.531669 0.952470 0.563485
v 0.655006 0.918855 0.540376
v 0.569134 0.887452 0.687944
v 0.673811 0.872453 0.616715
v 0.584912 0.839481 0.779824
v 0.694489 0.824517 0.707953
v 0.277221 1.087960 0.351229
v 0.376170 1.080920 0.337678
v 0.188987 1.149012 0.268899
v 0.423816 0.963293 0.589994
v 0.441978 0.903585 0.719676
v 0.393596 1.035755 0.434921
v 0.286408 1.037506 0.465982
v 0.289862 0.971013 0.620131
v 0.287067 0.916200 0.749271
v 0.456645 0.840634 0.859430
v 0.301088 0.848472 0.904511
v 0.245065 0.853372 0.907545
v 0.131508 0.858685 0.912744
v 0.148267 0.921843 0.762561
v 0.157963 1.049170 0.461227
v 0.154312 0.982292 0.619208
v 0.131205 0.233678 1.136838
v 0.132352 0.205452 1.058927
v 0.319830 0.514085 -1.669201
v 0.170359 0.517671 -1.679319
v 0.204136 0.489558 2.105111
v 0.206341 0.480497 2.098205
v 0.304073 0.486655 2.083828
v 0.299879 0.477748 2.078293
v 0.160379 0.489045 2.111246
v 0.161498 0.480085 2.104589
v 0.102153 0.489435 2.115857
v 0.102683 0.480475 2.109316
v 0.408628 0.483088 2.045207
v 0.400899 0.472600 2.040930
v 0.426192 0.355727 2.041233
v 0.416339 0.354804 2.036245
v 0.419443 0.222988 2.034009
v 0.430287 0.229099 2.039906
v 0.361605 0.205255 2.061378
v 0.350323 0.199739 2.075736
v 0.211597 0.200553 2.090839
v 0.208408 0.196200 2.101639
v 0.102788 0.199721 2.101842
v 0.103837 0.195458 2.112003
v 0.480735 0.462642 2.000330
v 0.474448 0.468659 2.009992
v 0.462312 0.362667 2.007287
v 0.457626 0.372670 2.017176
v 0.562058 0.496439 1.966426
v 0.563993 0.487845 1.957573
v 0.658219 0.491510 1.904101
v 0.654920 0.482816 1.897458
v 0.751911 0.490746 1.806483
v 0.742960 0.477369 1.805315
v 0.749558 0.363995 1.820426
v 0.739877 0.366215 1.814924
v 0.717808 0.277387 1.839679
v 0.724570 0.270261 1.847177
v 0.638006 0.272305 1.914904
v 0.644003 0.266347 1.922315
v 0.555572 0.266666 1.969890
v 0.559676 0.260284 1.978329
v 0.472285 0.288749 2.006559
v 0.466748 0.284343 2.017457
v 0.788984 0.356786 -1.452981
v 0.779523 0.367197 -1.453927
v 0.795659 0.447205 -1.427109
v 0.784730 0.448565 -1.429564
v 0.801975 0.549922 -1.393899
v 0.788969 0.552714 -1.396809
v 0.763136 0.594263 -1.448527
v 0.753853 0.587023 -1.451225
v 0.677357 0.637511 -1.554746
v 0.681043 0.624340 -1.544295
v 0.691628 0.503862 -1.579762
v 0.690255 0.501810 -1.568751
v 0.695740 0.384556 -1.600327
v 0.695396 0.392833 -1.587899
v 0.746203 0.375331 -1.528251
v 0.741226 0.383163 -1.521607
v 0.333471 0.638626 -1.739901
v 0.332789 0.628997 -1.733947
v 0.379040 0.629653 -1.736326
v 0.368954 0.621944 -1.731254
v 0.375368 0.517212 -1.751127
v 0.366698 0.516783 -1.743917
v 0.369174 0.402110 -1.763337
v 0.361420 0.409562 -1.755459
v 0.169820 0.643980 -1.755724
v 0.170465 0.634431 -1.749625
v 0.169732 0.398954 -1.775692
v 0.169207 0.406053 -1.766931
v 0.295122 0.396798 -1.771219
v 0.307443 0.404246 -1.761332
v 0.848036 0.307778 0.678231
v 0.853396 0.455956 0.690117
v 0.858724 0.601458 0.688989
v 0.823073 0.711407 0.673486
v 0.777068 0.785793 0.653095
v 0.723178 0.856490 0.584796
v 0.709166 0.887332 0.532227
v 0.668226 0.973899 0.391814
v 0.621707 1.070288 0.215662
v 0.582585 1.099841 0.023119
v 0.582031 1.097938 -0.219465
v 0.612710 1.067590 -0.483722
v 0.624083 1.019170 -0.635776
v 0.659678 0.943373 -0.620973
v 0.716598 0.851548 -0.607739
v 0.748683 0.797356 -0.607519
v 0.786494 0.720957 -0.593963
v 0.824067 0.623960 -0.571099
v 0.825201 0.462302 -0.496350
v 0.809186 0.315909 -0.444825
v 0.844969 0.166987 0.648422
v 0.834452 0.163787 0.407870
v 0.824407 0.162469 0.160265
v 0.814788 0.158979 -0.078339
v 0.809154 0.171446 -0.291764
v 0.807369 0.180709 -0.447103
v 0.680656 0.872722 0.494248
v 0.640028 0.955646 0.376926
v 0.595433 1.043778 0.213399
v 0.564015 1.071615 0.022803
v 0.563944 1.067664 -0.217037
v 0.586516 1.040815 -0.470191
v 0.695667 0.842594 0.534776
v 0.596531 1.005395 -0.602185
v 0.638174 0.932727 -0.592470
v 0.682022 0.847098 -0.581983
v 0.241936 1.014746 -1.552145
v 0.301610 0.991558 -1.527630
v 0.277249 0.980017 -1.640068
v 0.227374 1.008733 -1.652887
v 0.360802 0.948049 -1.458454
v 0.402872 0.902617 -1.397026
v 0.365981 0.872058 -1.570841
v 0.327188 0.922089 -1.609155
v 0.152647 1.025625 -1.567091
v 0.148387 1.019797 -1.664914
v 0.396731 0.894760 -1.456401
v 0.354799 0.942700 -1.510138
v 0.297320 0.993424 -1.565750
v 0.237925 1.017947 -1.585719
v 0.151516 1.027373 -1.599658
v 0.381779 0.882131 -1.528219
v 0.341116 0.931630 -1.572729
v 0.287385 0.987259 -1.612807
v 0.231893 1.014530 -1.627632
v 0.149765 1.024443 -1.640149
v 0.286189 0.978547 -1.563181
v 0.232870 0.999910 -1.584775
v 0.237547 0.996708 -1.552987
v 0.291710 0.976127 -1.526849
v 0.381050 0.885335 -1.452493
v 0.340024 0.931731 -1.506505
v 0.346610 0.936208 -1.455996
v 0.387456 0.892336 -1.394118
v 0.150207 1.008664 -1.599386
v 0.151481 1.006954 -1.568187
v 0.365846 0.874645 -1.521977
v 0.325726 0.922990 -1.566379
v 0.275201 0.974244 -1.606980
v 0.225910 0.997204 -1.623656
v 0.148163 1.005951 -1.637454
v 0.311859 0.914605 -1.601454
v 0.350062 0.865654 -1.563265
v 0.265104 0.968315 -1.632980
v 0.221109 0.992286 -1.647652
v 0.146647 1.001551 -1.661153
v 0.844969 0.166987 0.648422
v 0.848036 0.307778 0.678231
v 0.853396 0.455956 0.690117
v 0.858724 0.601458 0.688989
v 0.823073 0.711407 0.673486
v 0.777068 0.785793 0.653095
v 0.775989 0.792922 0.382255
v 0.731464 0.847996 0.371685
v 0.772719 0.796747 0.152976
v 0.733140 0.852243 0.148791
v 0.763280 0.799934 -0.153916
v 0.723349 0.861487 -0.170158
v 0.752731 0.798917 -0.444351
v 0.717703 0.863825 -0.457299
v 0.844057 0.602741 0.155612
v 0.851832 0.602327 0.407046
v 0.837145 0.313442 0.409602
v 0.828615 0.320201 0.163064
v 0.828867 0.614288 -0.123707
v 0.819302 0.318309 -0.074293
v 0.831290 0.609251 -0.401246
v 0.809636 0.317596 -0.285163
v 0.788925 0.707103 -0.423527
v 0.802177 0.710473 -0.142083
v 0.815655 0.707035 0.154068
v 0.822183 0.705612 0.393936
v 0.849449 0.456978 0.408256
v 0.843787 0.460455 0.159173
v 0.833236 0.465261 -0.099318
v 0.820094 0.462812 -0.342939
v 0.834452 0.163787 0.407870
v 0.824407 0.162469 0.160265
v 0.814788 0.158979 -0.078339
v 0.809154 0.171446 -0.291764
v 0.807369 0.180709 -0.447103
v 0.809186 0.315909 -0.444825
v 0.786493 0.720957 -0.593963
v 0.748683 0.797356 -0.607519
v 0.824067 0.623960 -0.571099
v 0.825201 0.462302 -0.496350
v 0.703645 0.833663 0.366914
v 0.706910 0.833455 0.135874
v 0.698846 0.841334 -0.167819
v 0.688374 0.848925 -0.446293
v 0.723178 0.856490 0.584796
v 0.695667 0.842595 0.534776
v 0.682022 0.847098 -0.581983
v 0.716598 0.851548 -0.607739
v 0.685800 0.848172 0.354813
v 0.640635 0.917787 0.309038
v 0.599110 1.005111 0.194397
v 0.589505 1.021439 0.064719
v 0.636253 0.924916 0.112238
v 0.686377 0.851970 0.138304
v 0.587576 1.018279 -0.202685
v 0.633552 0.926276 -0.192138
v 0.678268 0.859894 -0.175918
v 0.601096 0.998897 -0.483073
v 0.636864 0.929543 -0.471941
v 0.671788 0.863128 -0.460501
v 0.680656 0.872722 0.494248
v 0.640028 0.955646 0.376926
v 0.595433 1.043778 0.213399
v 0.564015 1.071615 0.022803
v 0.563944 1.067664 -0.217037
v 0.586516 1.040815 -0.470191
v 0.596531 1.005395 -0.602185
v 0.638174 0.932727 -0.592470
v 0.703645 0.833663 0.366914
v 0.695667 0.842594 0.534776
v 0.706910 0.833455 0.135874
v 0.698846 0.841334 -0.167819
v 0.688374 0.848925 -0.446293
v 0.682022 0.847098 -0.581983
v 0.000000 0.566398 2.093338
v -0.000000 0.876563 -1.608993
v 0.000000 0.760350 -1.700143
v -0.000000 0.700358 -1.733795
v 0.000000 0.311575 -1.802312
v 0.000000 0.232838 -1.812732
v 0.000000 0.289463 -1.819000
v 0.000000 0.259650 -1.818909
v 0.000000 0.908456 -1.434000
v -0.000000 0.920169 -1.346491
v 0.000000 1.141255 -0.520425
v 0.000000 1.191182 0.015699
v -0.000000 1.173142 0.261568
v 0.000000 1.178557 -0.268722
v 0.000000 0.877925 0.918581
v 0.000000 0.480496 2.040367
v 0.000000 0.633298 -1.677152
v 0.000000 0.403188 -1.699768
v 0.000000 0.166457 2.132698
v -0.000000 0.173956 1.723485
v 0.000000 0.198936 2.037498
v 0.000000 0.178425 2.137847
v 0.000000 0.167430 1.734749
v 0.000000 0.301911 1.649724
v 0.000000 0.304055 1.452256
v 0.000000 0.265654 1.314766
v 0.000000 0.215378 1.177276
v 0.000000 0.165568 1.039786
v 0.000000 0.168249 0.971665
v 0.000000 0.164644 0.890336
v 0.000000 0.168416 0.753487
v 0.000000 0.166987 0.648388
v 0.000000 0.163787 0.407619
v 0.000000 0.162469 0.159817
v 0.000000 0.158979 -0.078975
v 0.000000 0.171446 -0.292469
v 0.000000 0.180709 -0.447781
v 0.000000 0.185008 -0.536826
v 0.000000 0.187982 -0.638282
v 0.000000 0.255245 -0.761545
v 0.000000 0.249903 -0.884808
v 0.000000 0.244560 -1.008071
v -0.000000 0.239217 -1.131333
v 0.000000 0.233875 -1.254596
v 0.000000 0.155927 -1.377859
v -0.000000 0.901828 -1.338208
v 0.000000 0.919243 -1.192878
v -0.000000 0.969677 -1.014246
v 0.000000 1.019035 -0.844744
v 0.000000 1.068466 -0.676570
v -0.000000 1.121027 -0.520044
v 0.000000 0.922643 0.765076
v 0.000000 0.854237 0.926271
v -0.000000 1.052139 0.458926
v -0.000000 1.150286 0.267481
v 0.000000 0.981181 0.626685
v 0.000000 0.233678 1.136838
v 0.000000 0.205452 1.058927
v 0.000000 0.515647 -1.688715
v -0.000000 0.480496 2.111616
v 0.000000 0.489448 2.118126
v 0.000000 0.198936 2.112120
v -0.000000 0.194624 2.122369
v -0.000000 0.642818 -1.760707
v 0.000000 0.633298 -1.754648
v 0.000000 0.395965 -1.789117
v 0.000000 0.403188 -1.780410
v 0.000000 1.023573 -1.666893
v 0.000000 1.029136 -1.573229
v 0.000000 1.030640 -1.604413
v 0.000000 1.027839 -1.643156
v 0.000000 1.011885 -1.604183
v 0.000000 1.010408 -1.574178
v 0.000000 1.009237 -1.640758
v 0.000000 1.005135 -1.663490
v -0.470859 0.621192 1.911512
v -0.605199 0.862710 0.804400
v -0.576757 0.778294 1.513491
v -0.167798 0.562066 2.085712
v -0.203319 0.561933 2.078905
v -0.425886 0.561096 2.013432
v -0.557430 0.553446 1.956108
v -0.650584 0.554372 1.892555
v -0.750286 0.570762 1.772807
v -0.543469 0.580212 1.909999
v -0.630103 0.577276 1.848679
v -0.704456 0.606192 1.760062
v -0.776218 0.685415 1.580747
v -0.724411 0.700978 1.595877
v -0.719919 0.656620 1.685442
v -0.771581 0.638310 1.672152
v -0.768521 0.722415 1.474725
v -0.721381 0.725743 1.524568
v -0.564869 0.755023 1.618820
v -0.658105 0.773535 1.451501
v -0.634064 0.759345 1.550158
v -0.535815 0.720690 1.709941
v -0.505391 0.678911 1.805637
v -0.573620 0.683555 1.794394
v -0.600095 0.729380 1.693242
v -0.648183 0.674584 1.774219
v -0.672268 0.721891 1.656847
v -0.720710 0.751254 1.416713
v -0.695208 0.747376 1.500584
v -0.315335 0.565346 2.050195
v -0.860240 0.458142 1.722217
v -0.867156 0.531608 1.687319
v -0.875819 0.592187 1.630170
v -0.883304 0.640872 1.550673
v -0.887582 0.665441 1.462253
v -0.850144 0.353888 1.744250
v -0.840697 0.261510 1.754716
v -0.861346 0.164644 0.889959
v -0.864572 0.291260 0.891100
v -0.877505 0.287375 1.022867
v -0.876165 0.170862 1.028837
v -0.874497 0.452328 0.920234
v -0.887320 0.402446 1.042819
v -0.866654 0.596884 0.989361
v -0.892575 0.528670 1.099496
v -0.832626 0.694199 1.131015
v -0.894067 0.610811 1.182684
v -0.804552 0.731209 1.305946
v -0.890843 0.668231 1.319301
v -0.870270 0.168249 0.971036
v -0.872863 0.288958 0.965377
v -0.885339 0.422590 0.996033
v -0.887802 0.559768 1.058730
v -0.870903 0.660385 1.154455
v -0.859805 0.702277 1.313909
v -0.841289 0.696786 1.468997
v -0.841614 0.664257 1.565806
v -0.836063 0.616476 1.651277
v -0.822183 0.550273 1.727030
v -0.814526 0.466984 1.766512
v -0.810530 0.358719 1.781667
v -0.792917 0.268529 1.798134
v -0.741439 0.758037 1.295364
v -0.758336 0.764303 1.120018
v -0.851893 0.168416 0.753349
v -0.855758 0.309190 0.775497
v -0.864889 0.459293 0.817771
v -0.864934 0.587903 0.848332
v -0.820377 0.701273 0.877774
v -0.766234 0.779734 0.873688
v -0.595475 0.804757 1.333350
v -0.605859 0.827925 1.148388
v -0.612956 0.846799 0.979574
v -0.671742 0.793673 1.302920
v -0.691252 0.809932 1.129034
v -0.706853 0.825140 0.932049
v -0.703940 0.846430 0.699839
v -0.682915 0.894466 0.608701
v -0.590084 1.115985 0.236115
v -0.629744 1.017295 0.408777
v -0.662665 0.941178 0.532826
v -0.544741 1.160272 0.027857
v -0.530508 1.153245 -0.239927
v -0.523404 1.114334 -0.502146
v -0.808773 0.716294 -0.775539
v -0.790452 0.254945 -1.419504
v -0.760132 0.171050 -1.419068
v -0.769811 0.279970 -1.472044
v -0.748883 0.190953 -1.486010
v -0.773367 0.710210 -1.233035
v -0.795540 0.744061 -0.952331
v -0.814940 0.185008 -0.536449
v -0.818602 0.318265 -0.541004
v -0.836671 0.451743 -0.580909
v -0.846043 0.569086 -0.639023
v -0.838986 0.679955 -0.808120
v -0.831448 0.709440 -0.965043
v -0.817900 0.673493 -1.207539
v -0.821107 0.540599 -1.352955
v -0.806006 0.349017 -1.419193
v -0.780934 0.268560 -1.448672
v -0.756332 0.180632 -1.455994
v -0.737512 0.808220 -0.765376
v -0.707162 0.851845 -0.767092
v -0.770116 0.761799 -0.767522
v -0.759426 0.779990 -0.945373
v -0.691689 0.851573 -0.937485
v -0.737324 0.746091 -1.249498
v -0.678101 0.789094 -1.272766
v -0.636441 0.632810 -1.620136
v -0.726333 0.814954 -0.941511
v -0.707198 0.771962 -1.264017
v -0.825518 0.607212 -1.286247
v -0.792787 0.632103 -1.324536
v -0.756970 0.667375 -1.360708
v -0.714598 0.702936 -1.404085
v -0.677288 0.720103 -1.434493
v -0.829663 0.699995 -1.093207
v -0.786928 0.736531 -1.102184
v -0.753554 0.767894 -1.107240
v -0.721983 0.798141 -1.113078
v -0.686219 0.828841 -1.118585
v -0.638203 0.397237 -1.658623
v -0.630385 0.317719 -1.662614
v -0.697035 0.310517 -1.594690
v -0.737717 0.295621 -1.535012
v -0.684089 0.220947 -1.608413
v -0.620541 0.229231 -1.675967
v -0.719648 0.205190 -1.542373
v -0.816481 0.434200 -1.391575
v -0.639823 0.504823 -1.638628
v -0.423008 0.623266 -1.728662
v -0.531688 0.631819 -1.692558
v -0.527593 0.410902 -1.722785
v -0.425398 0.409186 -1.755562
v -0.419462 0.519993 -1.742905
v -0.522207 0.511185 -1.692746
v -0.615429 0.673533 -1.611086
v -0.532720 0.675782 -1.669977
v -0.450385 0.685277 -1.695873
v -0.332304 0.697277 -1.711289
v -0.343169 0.756899 -1.675264
v -0.477160 0.746277 -1.644946
v -0.655271 0.803364 -1.287743
v -0.651420 0.731403 -1.450728
v -0.643697 0.840525 -1.182029
v -0.661200 0.882228 -0.952571
v -0.599710 0.882467 -1.193708
v -0.633860 0.918107 -0.961151
v -0.606887 0.850849 -1.351224
v -0.561834 0.863955 -1.355664
v -0.547739 0.811675 -1.528165
v -0.517078 0.831692 -1.537919
v -0.417621 0.695176 -1.698859
v -0.446949 0.750688 -1.653906
v -0.632110 0.839446 -1.344792
v -0.610633 0.782397 -1.507820
v -0.824352 0.573511 -1.320924
v -0.796459 0.592050 -1.365067
v -0.761317 0.626940 -1.410766
v -0.710209 0.662157 -1.474386
v -0.662961 0.679203 -1.523104
v -0.633061 0.694924 -1.540465
v -0.579660 0.728096 -1.591206
v -0.533012 0.318858 -1.723125
v -0.418419 0.320186 -1.760121
v -0.357745 0.319968 -1.771868
v -0.426912 0.233366 -1.774939
v -0.364706 0.234052 -1.787350
v -0.539629 0.231310 -1.735100
v -0.360567 0.856547 -1.581912
v -0.169120 0.761284 -1.694337
v -0.175237 0.866001 -1.611447
v -0.170231 0.701652 -1.728722
v -0.166097 0.313096 -1.794104
v -0.299747 0.317357 -1.779586
v -0.157109 0.233713 -1.807429
v -0.300500 0.234349 -1.795037
v -0.785487 0.230171 -1.419936
v -0.780930 0.243151 -1.452832
v -0.771414 0.256104 -1.479189
v -0.741002 0.271759 -1.541119
v -0.699938 0.284255 -1.609504
v -0.629904 0.289996 -1.677048
v -0.545523 0.293433 -1.737220
v -0.427598 0.293590 -1.781596
v -0.359057 0.295348 -1.793895
v -0.298930 0.294045 -1.800515
v -0.162859 0.290802 -1.812788
v -0.773737 0.198304 -1.419753
v -0.770104 0.209397 -1.455214
v -0.764261 0.219945 -1.484405
v -0.736865 0.232788 -1.546661
v -0.696417 0.248691 -1.615005
v -0.625835 0.256204 -1.682682
v -0.542293 0.261699 -1.741209
v -0.423082 0.262854 -1.782659
v -0.360291 0.263308 -1.793724
v -0.298605 0.262615 -1.800550
v -0.159157 0.260744 -1.813018
v -0.398193 0.911323 -1.277288
v -0.410557 0.891986 -1.392013
v -0.180225 0.904683 -1.433363
v -0.186277 0.917570 -1.328802
v -0.467418 0.913417 -1.234991
v -0.490185 0.924744 -1.176163
v -0.500635 0.979950 -0.984607
v -0.505924 1.029043 -0.820674
v -0.636302 0.965303 -0.787313
v -0.515654 1.075423 -0.653933
v -0.667110 0.914898 -0.780484
v -0.198161 1.131431 -0.522979
v -0.354928 1.129427 -0.517687
v -0.405762 1.172577 0.015447
v -0.429500 1.152789 0.247291
v -0.385897 1.164186 -0.254302
v -0.194713 1.176909 -0.262489
v -0.194135 1.189111 0.017874
v -0.190493 1.171252 0.263904
v -0.247247 0.876961 0.899845
v -0.304362 0.871932 0.896804
v -0.461610 0.863753 0.851789
v -0.592632 0.861866 0.771995
v -0.866799 0.288482 1.034572
v -0.864769 0.165568 1.039786
v -0.873442 0.399968 1.050603
v -0.884908 0.525848 1.107847
v -0.888470 0.596683 1.188022
v -0.887486 0.645943 1.323291
v -0.881789 0.644097 1.458404
v -0.883328 0.621118 1.542710
v -0.871828 0.569067 1.623753
v -0.861477 0.517295 1.665466
v -0.857190 0.453438 1.699538
v -0.842635 0.351272 1.723586
v -0.827207 0.266225 1.730601
v -0.349843 0.288482 1.034572
v -0.347812 0.165568 1.039786
v -0.356485 0.399968 1.050603
v -0.367952 0.525848 1.107847
v -0.371513 0.596683 1.188022
v -0.370529 0.645943 1.323291
v -0.364832 0.644097 1.458404
v -0.366371 0.621118 1.542710
v -0.354871 0.569067 1.623753
v -0.344520 0.517295 1.665466
v -0.340233 0.453438 1.699538
v -0.325678 0.351272 1.723586
v -0.310250 0.266225 1.730601
v -0.357820 0.496179 1.592476
v -0.334286 0.428039 1.628717
v -0.318168 0.361622 1.651372
v -0.331166 0.301911 1.649724
v -0.365970 0.518626 1.452234
v -0.344226 0.443490 1.451531
v -0.326087 0.368593 1.452190
v -0.335328 0.304055 1.452256
v -0.369350 0.527649 1.336890
v -0.350147 0.431389 1.326467
v -0.334006 0.335020 1.312984
v -0.339489 0.265654 1.314766
v -0.362408 0.511366 1.226185
v -0.349664 0.399540 1.207267
v -0.341924 0.284030 1.173778
v -0.343650 0.215378 1.177276
v -0.462312 0.362667 1.946247
v -0.480735 0.462642 1.939664
v -0.563993 0.487845 1.899043
v -0.660805 0.482490 1.836388
v -0.742960 0.477369 1.751287
v -0.739877 0.366215 1.758220
v -0.717808 0.277387 1.779994
v -0.642251 0.272595 1.852010
v -0.555572 0.266666 1.909386
v -0.472285 0.288749 1.945473
v -0.559711 0.375378 1.904302
v -0.651341 0.375421 1.844357
v -0.208000 0.480513 2.026978
v -0.302503 0.477669 2.006949
v -0.162534 0.480078 2.033362
v -0.103161 0.480474 2.038076
v -0.400899 0.472600 1.972038
v -0.416339 0.354804 1.967859
v -0.419443 0.222988 1.966597
v -0.361605 0.205255 1.987941
v -0.212472 0.200559 2.016232
v -0.735377 0.367197 -1.423816
v -0.740038 0.449517 -1.398755
v -0.745761 0.552714 -1.367338
v -0.711280 0.587023 -1.422187
v -0.640093 0.624340 -1.516364
v -0.645734 0.503007 -1.538212
v -0.651653 0.392833 -1.558062
v -0.696396 0.383163 -1.491030
v -0.690357 0.477697 -1.472224
v -0.697174 0.382844 -1.489687
v -0.368954 0.621944 -1.654040
v -0.332789 0.628997 -1.656739
v -0.366742 0.517670 -1.664633
v -0.361420 0.409562 -1.675675
v -0.171120 0.634435 -1.672147
v -0.169630 0.406060 -1.686175
v -0.307443 0.404246 -1.681114
v -0.389819 0.187982 -0.638282
v -0.390774 0.321575 -0.646759
v -0.404485 0.439322 -0.676102
v -0.409451 0.533117 -0.730089
v -0.407189 0.623465 -0.855421
v -0.363953 0.327566 -1.370102
v -0.350844 0.249535 -1.373694
v -0.381655 0.494170 -1.310031
v -0.371966 0.416146 -1.337668
v -0.398301 0.616981 -1.171403
v -0.389455 0.571272 -1.236448
v -0.404787 0.645724 -0.973607
v -0.402393 0.647599 -1.081142
v -0.389059 0.547276 -1.265081
v -0.293956 0.155927 -1.377859
v -0.373842 0.255245 -0.761545
v -0.384119 0.309568 -0.767915
v -0.397730 0.420696 -0.791769
v -0.403204 0.513622 -0.831352
v -0.357865 0.249903 -0.884808
v -0.377464 0.297562 -0.889071
v -0.390975 0.402070 -0.907435
v -0.396956 0.494127 -0.932615
v -0.341888 0.244560 -1.008071
v -0.370809 0.285555 -1.010227
v -0.384219 0.383444 -1.023102
v -0.390709 0.474631 -1.033878
v -0.325910 0.239217 -1.131333
v -0.364154 0.273548 -1.131383
v -0.377464 0.364818 -1.138769
v -0.384461 0.455136 -1.135141
v -0.309933 0.233875 -1.254596
v -0.357499 0.261542 -1.252538
v -0.370709 0.346192 -1.254435
v -0.378213 0.435641 -1.236405
v -0.375499 0.168249 0.971665
v -0.369276 0.164644 0.890336
v -0.364374 0.168416 0.753487
v -0.360945 0.166987 0.648388
v -0.358437 0.163787 0.407619
v -0.356636 0.162469 0.159817
v -0.354961 0.158979 -0.078975
v -0.356430 0.171446 -0.292469
v -0.359814 0.180709 -0.447781
v -0.370354 0.185008 -0.536826
v -0.834180 0.187982 -0.638282
v -0.844438 0.187563 -0.623921
v -0.845436 0.313738 -0.631699
v -0.834948 0.321575 -0.646759
v -0.860303 0.444416 -0.662980
v -0.849454 0.439322 -0.676102
v -0.865034 0.538241 -0.716046
v -0.853712 0.533117 -0.730089
v -0.861567 0.632477 -0.841002
v -0.850077 0.623465 -0.855421
v -0.818009 0.331600 -1.384333
v -0.807698 0.327653 -1.370070
v -0.801919 0.260891 -1.388214
v -0.797040 0.281568 -1.373330
v -0.840581 0.526320 -1.310072
v -0.829676 0.525036 -1.293573
v -0.824969 0.400998 -1.358366
v -0.816545 0.417602 -1.337077
v -0.849395 0.625041 -1.187975
v -0.840035 0.616981 -1.171403
v -0.841847 0.561345 -1.271349
v -0.832654 0.571272 -1.236448
v -0.857127 0.659248 -0.961414
v -0.847065 0.645724 -0.973607
v -0.853168 0.663146 -1.081168
v -0.844047 0.647599 -1.081142
v -0.842962 0.561995 -1.269959
v -0.832827 0.548395 -1.263747
v -0.780858 0.204995 -1.389707
v -0.773479 0.216874 -1.376301
v -0.755459 0.160526 -1.390391
v -0.738837 0.155927 -1.377859
v -0.853439 0.168249 0.971057
v -0.844607 0.164644 0.889972
v -0.835309 0.168416 0.753353
v -0.828504 0.166987 0.648421
v -0.818259 0.163787 0.407861
v -0.808495 0.162469 0.160250
v -0.799146 0.158979 -0.078361
v -0.793754 0.171446 -0.291788
v -0.792145 0.180709 -0.447126
v -0.799817 0.185008 -0.536462
v -0.722673 0.164249 1.896075
v -0.753018 0.172955 1.879443
v -0.795036 0.165322 1.811642
v -0.814029 0.175520 1.801144
v -0.656510 0.173821 1.962797
v -0.652208 0.163590 1.955938
v -0.549957 0.163764 2.017812
v -0.552817 0.175260 2.023245
v -0.362754 0.164775 2.088035
v -0.358788 0.178860 2.095744
v -0.222419 0.175832 2.121187
v -0.211453 0.164154 2.116944
v -0.846079 0.178115 1.750686
v -0.837827 0.167617 1.748567
v -0.842753 0.177216 1.727570
v -0.835452 0.168102 1.737030
v -0.326154 0.176063 1.725672
v -0.327005 0.167377 1.735369
v -0.103385 0.199726 2.027151
v -0.108225 0.177163 2.129740
v -0.102889 0.165336 2.125033
v -0.159114 0.167404 1.735050
v -0.158700 0.174981 1.724549
v -0.161139 0.301911 1.649724
v -0.163164 0.304055 1.452256
v -0.165189 0.265654 1.314766
v -0.167214 0.215378 1.177276
v -0.169238 0.165568 1.039786
v -0.182710 0.168249 0.971665
v -0.179683 0.164644 0.890336
v -0.177297 0.168416 0.753487
v -0.175629 0.166987 0.648388
v -0.174408 0.163787 0.407619
v -0.173532 0.162469 0.159818
v -0.172717 0.158979 -0.078975
v -0.173432 0.171446 -0.292469
v -0.175079 0.180709 -0.447781
v -0.180207 0.185008 -0.536826
v -0.189678 0.187982 -0.638282
v -0.181904 0.255245 -0.761545
v -0.174130 0.249903 -0.884808
v -0.166356 0.244560 -1.008071
v -0.158582 0.239217 -1.131333
v -0.150807 0.233875 -1.254596
v -0.143033 0.155927 -1.377859
v -0.185648 0.899243 -1.320747
v -0.190952 0.922496 -1.172248
v -0.185920 0.970215 -1.004498
v -0.187937 1.018636 -0.838145
v -0.192926 1.066295 -0.675846
v -0.196604 1.111541 -0.522231
v -0.353740 1.109462 -0.516942
v -0.347901 1.060316 -0.661514
v -0.516064 1.094868 -0.502093
v -0.509041 1.057167 -0.649202
v -0.344213 1.011664 -0.827315
v -0.500033 1.010670 -0.815611
v -0.346270 0.963418 -0.991685
v -0.495015 0.961579 -0.979711
v -0.484785 0.907101 -1.169397
v -0.355176 0.916514 -1.153300
v -0.393767 0.893309 -1.270359
v -0.463017 0.895165 -1.229502
v -0.425271 1.130868 0.252343
v -0.468295 1.028993 0.421127
v -0.623659 0.994919 0.415382
v -0.584475 1.093767 0.242143
v -0.531669 0.952470 0.563485
v -0.655006 0.918855 0.540376
v -0.569134 0.887452 0.687944
v -0.673811 0.872453 0.616715
v -0.584912 0.839481 0.779824
v -0.694489 0.824517 0.707953
v -0.277221 1.087960 0.351229
v -0.376170 1.080920 0.337678
v -0.188987 1.149012 0.268899
v -0.423816 0.963293 0.589994
v -0.441978 0.903585 0.719676
v -0.393596 1.035755 0.434921
v -0.286408 1.037506 0.465982
v -0.289862 0.971013 0.620131
v -0.287067 0.916200 0.749271
v -0.456645 0.840634 0.859430
v -0.301088 0.848472 0.904511
v -0.245065 0.853372 0.907545
v -0.131508 0.858685 0.912744
v -0.148267 0.921843 0.762561
v -0.157963 1.049170 0.461227
v -0.154312 0.982292 0.619208
v -0.131205 0.233678 1.136838
v -0.132352 0.205452 1.058927
v -0.319830 0.514085 -1.669201
v -0.170359 0.517671 -1.679319
v -0.204136 0.489558 2.105111
v -0.206341 0.480497 2.098205
v -0.304073 0.486655 2.083828
v -0.299879 0.477748 2.078293
v -0.160379 0.489045 2.111246
v -0.161498 0.480085 2.104589
v -0.102153 0.489435 2.115857
v -0.102683 0.480475 2.109316
v -0.408628 0.483088 2.045207
v -0.400899 0.472600 2.040930
v -0.426192 0.355727 2.041233
v -0.416339 0.354804 2.036245
v -0.419443 0.222988 2.034009
v -0.430287 0.229099 2.039906
v -0.361605 0.205255 2.061378
v -0.350323 0.199739 2.075736
v -0.211597 0.200553 2.090839
v -0.208408 0.196200 2.101639
v -0.102788 0.199721 2.101842
v -0.103837 0.195458 2.112003
v -0.480735 0.462642 2.000330
v -0.474448 0.468659 2.009992
v -0.462312 0.362667 2.007287
v -0.457626 0.372670 2.017176
v -0.562058 0.496439 1.966426
v -0.563993 0.487845 1.957573
v -0.658219 0.491510 1.904101
v -0.654920 0.482816 1.897458
v -0.751911 0.490746 1.806483
v -0.742960 0.477369 1.805315
v -0.749558 0.363995 1.820426
v -0.739877 0.366215 1.814924
v -0.717808 0.277387 1.839679
v -0.724570 0.270261 1.847177
v -0.638006 0.272305 1.914904
v -0.644003 0.266347 1.922315
v -0.555572 0.266666 1.969890
v -0.559676 0.260284 1.978329
v -0.472285 0.288749 2.006559
v -0.466748 0.284343 2.017457
v -0.788984 0.356786 -1.452981
v -0.779523 0.367197 -1.453927
v -0.795659 0.447205 -1.427109
v -0.784730 0.448565 -1.429564
v -0.801975 0.549922 -1.393899
v -0.788969 0.552714 -1.396809
v -0.763136 0.594263 -1.448527
v -0.753853 0.587023 -1.451225
v -0.677357 0.637511 -1.554746
v -0.681043 0.624340 -1.544295
v -0.691628 0.503862 -1.579762
v -0.690255 0.501810 -1.568751
v -0.695740 0.384556 -1.600327
v -0.695396 0.392833 -1.587899
v -0.746203 0.375331 -1.528251
v -0.741226 0.383163 -1.521607
v -0.333471 0.638626 -1.739901
v -0.332789 0.628997 -1.733947
v -0.379040 0.629653 -1.736326
v -0.368954 0.621944 -1.731254
v -0.375368 0.517212 -1.751127
v -0.366698 0.516783 -1.743917
v -0.369174 0.402110 -1.763337
v -0.361420 0.409562 -1.755459
v -0.169820 0.643980 -1.755724
v -0.170465 0.634431 -1.749625
v -0.169732 0.398954 -1.775692
v -0.169207 0.406053 -1.766931
v -0.295122 0.396798 -1.771219
v -0.307443 0.404246 -1.761332
v -0.848036 0.307778 0.678231
v -0.853396 0.455956 0.690117
v -0.858724 0.601458 0.688989
v -0.823073 0.711407 0.673486
v -0.777068 0.785793 0.653095
v -0.723178 0.856490 0.584796
v -0.709166 0.887332 0.532227
v -0.668226 0.973899 0.391814
v -0.621707 1.070288 0.215662
v -0.582585 1.099841 0.023119
v -0.582031 1.097938 -0.219465
v -0.612710 1.067590 -0.483722
v -0.624083 1.019170 -0.635776
v -0.659678 0.943373 -0.620973
v -0.716598 0.851548 -0.607739
v -0.748683 0.797356 -0.607519
v -0.786494 0.720957 -0.593963
v -0.824067 0.623960 -0.571099
v -0.825201 0.462302 -0.496350
v -0.809186 0.315909 -0.444825
v -0.844969 0.166987 0.648422
v -0.834452 0.163787 0.407870
v -0.824407 0.162469 0.160265
v -0.814788 0.158979 -0.078339
v -0.809154 0.171446 -0.291764
v -0.807369 0.180709 -0.447103
v -0.680656 0.872722 0.494248
v -0.640028 0.955646 0.376926
v -0.595433 1.043778 0.213399
v -0.564015 1.071615 0.022803
v -0.563944 1.067664 -0.217037
v -0.586516 1.040815 -0.470191
v -0.695667 0.842594 0.534776
v -0.596531 1.005395 -0.602185
v -0.638174 0.932727 -0.592470
v -0.682022 0.847098 -0.581983
v -0.241936 1.014746 -1.552145
v -0.301610 0.991558 -1.527630
v -0.277249 0.980017 -1.640068
v -0.227374 1.008733 -1.652887
v -0.360802 0.948049 -1.458454
v -0.402872 0.902617 -1.397026
v -0.365981 0.872058 -1.570841
v -0.327188 0.922089 -1.609155
v -0.152647 1.025625 -1.567091
v -0.148387 1.019797 -1.664914
v -0.396731 0.894760 -1.456401
v -0.354799 0.942700 -1.510138
v -0.297320 0.993424 -1.565750
v -0.237925 1.017947 -1.585719
v -0.151516 1.027373 -1.599658
v -0.381779 0.882131 -1.528219
v -0.341116 0.931630 -1.572729
v -0.287385 0.987259 -1.612807
v -0.231893 1.014530 -1.627632
v -0.149765 1.024443 -1.640149
v -0.286189 0.978547 -1.563181
v -0.232870 0.999910 -1.584775
v -0.237547 0.996708 -1.552987
v -0.291710 0.976127 -1.526849
v -0.381050 0.885335 -1.452493
v -0.340024 0.931731 -1.506505
v -0.346610 0.936208 -1.455996
v -0.387456 0.892336 -1.394118
v -0.150207 1.008664 -1.599386
v -0.151481 1.006954 -1.568187
v -0.365846 0.874645 -1.521977
v -0.325726 0.922990 -1.566379
v -0.275201 0.974244 -1.606980
v -0.225910 0.997204 -1.623656
v -0.148163 1.005951 -1.637454
v -0.311859 0.914605 -1.601454
v -0.350062 0.865654 -1.563265
v -0.265104 0.968315 -1.632980
v -0.221109 0.992286 -1.647652
v -0.146647 1.001551 -1.661153
v -0.844969 0.166987 0.648422
v -0.848036 0.307778 0.678231
v -0.853396 0.455956 0.690117
v -0.858724 0.601458 0.688989
v -0.823073 0.711407 0.673486
v -0.777068 0.785793 0.653095
v -0.775989 0.792922 0.382255
v -0.731464 0.847996 0.371685
v -0.772719 0.796747 0.152976
v -0.733140 0.852243 0.148791
v -0.763280 0.799934 -0.153916
v -0.723349 0.861487 -0.170158
v -0.752731 0.798917 -0.444351
v -0.717703 0.863825 -0.457299
v -0.844057 0.602741 0.155612
v -0.851832 0.602327 0.407046
v -0.837145 0.313442 0.409602
v -0.828615 0.320201 0.163064
v -0.828867 0.614288 -0.123707
v -0.819302 0.318309 -0.074293
v -0.831290 0.609251 -0.401246
v -0.809636 0.317596 -0.285163
v -0.788925 0.707103 -0.423527
v -0.802177 0.710473 -0.142083
v -0.815655 0.707035 0.154068
v -0.822183 0.705612 0.393936
v -0.849449 0.456978 0.408256
v -0.843787 0.460455 0.159173
v -0.833236 0.465261 -0.099318
v -0.820094 0.462812 -0.342939
v -0.834452 0.163787 0.407870
v -0.824407 0.162469 0.160265
v -0.814788 0.158979 -0.078339
v -0.809154 0.171446 -0.291764
v -0.807369 0.180709 -0.447103
v -0.809186 0.315909 -0.444825
v -0.786493 0.720957 -0.593963
v -0.748683 0.797356 -0.607519
v -0.824067 0.623960 -0.571099
v -0.825201 0.462302 -0.496350
v -0.703645 0.833663 0.366914
v -0.706910 0.833455 0.135874
v -0.698846 0.841334 -0.167819
v -0.688374 0.848925 -0.446293
v -0.723178 0.856490 0.584796
v -0.695667 0.842595 0.534776
v -0.682022 0.847098 -0.581983
v -0.716598 0.851548 -0.607739
v -0.685800 0.848172 0.354813
v -0.640635 0.917787 0.309038
v -0.599110 1.005111 0.194397
v -0.589505 1.021439 0.064719
v -0.636253 0.924916 0.112238
v -0.686377 0.851970 0.138304
v -0.587576 1.018279 -0.202685
v -0.633552 0.926276 -0.192138
v -0.678268 0.859894 -0.175918
v -0.601096 0.998897 -0.483073
v -0.636864 0.929543 -0.471941
v -0.671788 0.863128 -0.460501
v -0.680656 0.872722 0.494248
v -0.640028 0.955646 0.376926
v -0.595433 1.043778 0.213399
v -0.564015 1.071615 0.022803
v -0.563944 1.067664 -0.217037
v -0.586516 1.040815 -0.470191
v -0.596531 1.005395 -0.602185
v -0.638174 0.932727 -0.592470
v -0.703645 0.833663 0.366914
v -0.695667 0.842594 0.534776
v -0.706910 0.833455 0.135874
v -0.698846 0.841334 -0.167819
v -0.688374 0.848925 -0.446293
v -0.682022 0.847098 -0.581983
v -0.000000 0.637877 2.001343
v 0.170634 0.638456 1.991038
v 0.239221 0.842117 1.575454
v -0.000000 0.856379 1.584852
v 0.204358 0.638366 1.985730
v 0.275960 0.817354 1.548192
v 0.322716 0.891780 0.923484
v 0.283096 0.948260 0.934170
v -0.000000 0.960585 0.959818
v -0.000000 0.814691 1.703754
v 0.223575 0.798831 1.693987
v 0.250514 0.782386 1.672839
v -0.000000 0.773936 1.795391
v 0.205988 0.757706 1.785019
v 0.229203 0.749039 1.770543
v -0.000000 0.713612 1.894933
v 0.185938 0.700518 1.882164
v 0.214052 0.701430 1.875918
v 0.470802 0.875244 0.867006
v 0.425566 0.794836 1.530323
v 0.407305 0.769054 1.645996
v 0.382798 0.739019 1.742028
v 0.360476 0.697057 1.844488
v 0.338862 0.639302 1.954318
v 0.163918 0.953029 0.945699
v 0.143754 0.855446 1.581547
v 0.134603 0.813919 1.701908
v 0.124702 0.771308 1.793306
v 0.113412 0.707803 1.888995
v 0.105554 0.639110 1.996286
v -0.000000 0.897785 1.414452
v 0.154278 0.897647 1.405962
v 0.253211 0.887024 1.399545
v 0.302651 0.847401 1.379808
v 0.445975 0.822403 1.355844
v -0.000000 0.929396 1.247294
v 0.161226 0.929232 1.235353
v 0.265129 0.918142 1.227279
v 0.318063 0.869216 1.212846
v 0.460335 0.844738 1.180403
v 0.465781 0.861982 1.024924
v 0.322638 0.881634 1.069213
v 0.274536 0.935836 1.081986
v 0.163129 0.947620 1.092176
v -0.000000 0.947668 1.104787
v -0.124702 0.771308 1.793306
v -0.113412 0.707803 1.888995
v -0.185938 0.700518 1.882164
v -0.205989 0.757706 1.785019
v -0.382798 0.739019 1.742028
v -0.360476 0.697057 1.844488
v -0.143754 0.855446 1.581547
v -0.134603 0.813919 1.701908
v -0.223575 0.798831 1.693987
v -0.239222 0.842117 1.575454
v -0.214052 0.701430 1.875918
v -0.229203 0.749039 1.770543
v -0.250514 0.782386 1.672839
v -0.275960 0.817354 1.548192
v -0.265129 0.918142 1.227279
v -0.318063 0.869216 1.212846
v -0.322638 0.881634 1.069213
v -0.274536 0.935836 1.081986
v -0.154278 0.897647 1.405962
v -0.253211 0.887024 1.399545
v -0.161226 0.929232 1.235353
v -0.163129 0.947620 1.092176
v -0.460335 0.844738 1.180403
v -0.465781 0.861982 1.024924
v -0.425566 0.794836 1.530323
v -0.407305 0.769054 1.645996
v -0.170634 0.638456 1.991038
v -0.105554 0.639110 1.996286
v -0.204358 0.638366 1.985730
v -0.338862 0.639302 1.954318
v -0.302651 0.847401 1.379808
v -0.445975 0.822403 1.355844
v -0.470802 0.875244 0.867006
v -0.322717 0.891780 0.923484
v -0.283096 0.948260 0.934170
v -0.163918 0.953029 0.945699
v 0.505391 0.678911 1.805637
v 0.535815 0.720690 1.709941
v 0.470859 0.621192 1.911512
v 0.315335 0.565346 2.050195
v 0.425886 0.561096 2.013432
v 0.203319 0.561933 2.078905
v 0.167798 0.562066 2.085712
v 0.105025 0.564824 2.091198
v -0.000000 0.566398 2.093338
v -0.105025 0.564824 2.091198
v -0.167798 0.562066 2.085712
v -0.203319 0.561933 2.078905
v -0.315335 0.565346 2.050195
v -0.425886 0.561096 2.013432
v -0.470859 0.621192 1.911512
v -0.505391 0.678911 1.805637
v -0.535816 0.720690 1.709941
v -0.564869 0.755023 1.618820
v -0.576757 0.778294 1.513491
v -0.595475 0.804757 1.333350
v -0.605859 0.827925 1.148388
v -0.612956 0.846799 0.979574
v -0.605199 0.862710 0.804400
v -0.592632 0.861866 0.771995
v -0.461610 0.863753 0.851789
v -0.304362 0.871932 0.896804
v -0.247247 0.876961 0.899845
v -0.132522 0.882349 0.905036
v -0.000000 0.877925 0.918581
v 0.132522 0.882349 0.905036
v 0.247247 0.876961 0.899845
v 0.304362 0.871932 0.896804
v 0.461610 0.863753 0.851789
v 0.592632 0.861866 0.771995
v 0.605199 0.862710 0.804400
v 0.612956 0.846799 0.979574
v 0.605859 0.827925 1.148388
v 0.595475 0.804757 1.333350
v 0.576757 0.778294 1.513491
v 0.564869 0.755023 1.618820
vn 1.0000 -0.0000 -0.0000
vn 0.7071 0.5000 -0.5000
vn 0.7071 -0.3210 -0.6300
vn 0.7115 -0.2172 -0.6683
vn 0.7071 -0.1106 -0.6984
vn 0.7071 -0.6984 -0.1106
vn 0.7071 0.6300 0.3210
vn 0.7115 0.5685 -0.4131
vn 0.7071 0.6300 -0.3210
vn 0.7071 -0.1106 0.6984
vn 0.7115 0.5685 0.4130
vn 0.7071 0.5000 0.5000
vn 0.7071 -0.6984 0.1106
vn 0.7115 -0.2172 0.6683
vn 0.7071 -0.3210 0.6300
vn 1.0000 -0.0037 0.0006
vn 0.7115 -0.7027 -0.0000
vn 0.8487 -0.5288 -0.0000
vn -0.0000 -0.4540 -0.8910
vn -0.0000 -0.3090 -0.9511
vn -0.0000 -0.1564 -0.9877
vn -0.0000 0.7071 -0.7071
vn -0.0000 0.8090 -0.5878
vn -0.0000 0.8910 -0.4540
vn -0.0000 0.8910 0.4540
vn -0.0000 0.8090 0.5878
vn -0.0000 0.7071 0.7071
vn -0.0000 -0.1564 0.9877
vn -0.0000 -0.3090 0.9511
vn -0.0000 -0.4540 0.8910
vn -0.0000 -0.9877 0.1564
vn -0.0000 -1.0000 -0.0000
vn -0.0000 -0.9877 -0.1564
vn -0.0155 -0.9510 -0.3089
vn -0.4902 -0.8290 -0.2693
vn -0.4902 -0.7052 -0.5123
vn -0.0155 -0.8089 -0.5877
vn -0.7115 -0.6683 -0.2171
vn -0.7115 -0.5685 -0.4130
vn -0.9667 -0.2433 -0.0791
vn -0.9995 -0.0296 -0.0096
vn -0.9995 -0.0252 -0.0183
vn -0.9667 -0.2070 -0.1504
vn -0.9667 -0.2558 -0.0000
vn -0.9995 -0.0311 -0.0000
vn -0.4902 -0.8716 -0.0000
vn -0.7115 -0.7027 -0.0000
vn -0.0155 -0.9999 0.0001
vn -0.4902 -0.5123 -0.7052
vn -0.0155 -0.5877 -0.8089
vn -0.7115 -0.4130 -0.5685
vn -0.9995 -0.0183 -0.0252
vn -0.9667 -0.1504 -0.2070
vn -0.4902 -0.2693 -0.8290
vn -0.0155 -0.3090 -0.9509
vn -0.7115 -0.2172 -0.6683
vn -0.9995 -0.0096 -0.0296
vn -0.9667 -0.0791 -0.2433
vn -0.4902 -0.0000 -0.8716
vn -0.0155 -0.0000 -0.9999
vn -0.7115 -0.0000 -0.7027
vn -0.9995 -0.0000 -0.0311
vn -0.9667 -0.0000 -0.2558
vn -0.4902 0.2693 -0.8290
vn -0.0155 0.3090 -0.9509
vn -0.7115 0.2172 -0.6683
vn -0.9995 0.0096 -0.0296
vn -0.9667 0.0791 -0.2433
vn -0.4902 0.5123 -0.7051
vn -0.0155 0.5877 -0.8089
vn -0.7115 0.4130 -0.5685
vn -0.9995 0.0183 -0.0252
vn -0.9667 0.1504 -0.2070
vn -0.4902 0.7052 -0.5123
vn -0.0155 0.8089 -0.5877
vn -0.7115 0.5685 -0.4130
vn -0.9995 0.0252 -0.0183
vn -0.9667 0.2070 -0.1504
vn -0.4902 0.8290 -0.2693
vn -0.0155 0.9509 -0.3090
vn -0.7115 0.6683 -0.2172
vn -0.9995 0.0296 -0.0096
vn -0.9667 0.2433 -0.0791
vn -0.4902 0.8716 -0.0000
vn -0.0155 0.9999 -0.0000
vn -0.7115 0.7027 -0.0000
vn -0.9995 0.0311 -0.0000
vn -0.9667 0.2558 -0.0000
vn -0.4902 0.8290 0.2693
vn -0.0155 0.9509 0.3090
vn -0.7115 0.6683 0.2172
vn -0.9995 0.0296 0.0096
vn -0.9667 0.2433 0.0791
vn -0.4902 0.7052 0.5123
vn -0.0155 0.8089 0.5877
vn -0.7115 0.5685 0.4130
vn -0.9995 0.0252 0.0183
vn -0.9667 0.2070 0.1504
vn -0.4902 0.5123 0.7052
vn -0.0155 0.5877 0.8089
vn -0.7115 0.4130 0.5685
vn -0.9995 0.0183 0.0252
vn -0.9667 0.1504 0.2070
vn -0.4902 0.2693 0.8290
vn -0.0155 0.3090 0.9509
vn -0.7115 0.2172 0.6683
vn -0.9995 0.0096 0.0296
vn -0.9667 0.0791 0.2433
vn -0.4902 -0.0000 0.8716
vn -0.0155 -0.0000 0.9999
vn -0.7115 -0.0000 0.7027
vn -0.9995 -0.0000 0.0311
vn -0.9667 -0.0000 0.2558
vn -0.4902 -0.2693 0.8290
vn -0.0155 -0.3090 0.9509
vn -0.7115 -0.2172 0.6683
vn -0.9995 -0.0096 0.0296
vn -0.9667 -0.0791 0.2433
vn -0.4902 -0.5123 0.7052
vn -0.0155 -0.5877 0.8089
vn -0.7115 -0.4130 0.5685
vn -0.9995 -0.0183 0.0252
vn -0.9667 -0.1504 0.2070
vn -0.4902 -0.7052 0.5123
vn -0.0155 -0.8089 0.5877
vn -0.7115 -0.5685 0.4130
vn -0.9995 -0.0252 0.0183
vn -0.9667 -0.2070 0.1504
vn -0.4902 -0.8290 0.2693
vn -0.0155 -0.9509 0.3090
vn -0.7115 -0.6683 0.2172
vn -0.9995 -0.0296 0.0096
vn -0.9667 -0.2433 0.0791
vn 0.0155 -0.9510 -0.3089
vn 0.2618 -0.9179 -0.2982
vn 0.2618 -0.9651 -0.0000
vn 0.0155 -0.9999 -0.0000
vn 0.7115 -0.6683 -0.2171
vn 0.8543 -0.4944 -0.1606
vn 0.8543 -0.5198 -0.0000
vn 0.9971 -0.0722 -0.0235
vn 0.9971 -0.0760 -0.0000
vn 0.8543 -0.4206 -0.3055
vn 0.9971 -0.0615 -0.0447
vn 0.7115 -0.5685 -0.4130
vn 0.0155 -0.8089 -0.5877
vn 0.2618 -0.7808 -0.5673
vn 0.8543 -0.3055 -0.4205
vn 0.9971 -0.0446 -0.0615
vn 0.7115 -0.4130 -0.5685
vn 0.0155 -0.5877 -0.8089
vn 0.2618 -0.5673 -0.7808
vn 0.8543 -0.1606 -0.4944
vn 0.9971 -0.0235 -0.0722
vn 0.7115 -0.2171 -0.6683
vn 0.0155 -0.3090 -0.9509
vn 0.2618 -0.2982 -0.9179
vn 0.8543 -0.0000 -0.5198
vn 0.9971 -0.0000 -0.0760
vn 0.7115 -0.0000 -0.7027
vn 0.0155 -0.0000 -0.9999
vn 0.2618 -0.0000 -0.9651
vn 0.8543 0.1606 -0.4944
vn 0.9971 0.0235 -0.0722
vn 0.7115 0.2171 -0.6683
vn 0.0155 0.3090 -0.9509
vn 0.2618 0.2982 -0.9179
vn 0.8543 0.3055 -0.4205
vn 0.9971 0.0447 -0.0615
vn 0.7115 0.4130 -0.5685
vn 0.0155 0.5878 -0.8089
vn 0.2618 0.5673 -0.7808
vn 0.8543 0.4205 -0.3055
vn 0.9971 0.0615 -0.0446
vn 0.7115 0.5685 -0.4130
vn 0.0155 0.8089 -0.5877
vn 0.2618 0.7808 -0.5673
vn 0.8543 0.4944 -0.1606
vn 0.9971 0.0723 -0.0235
vn 0.7115 0.6683 -0.2171
vn 0.0155 0.9510 -0.3089
vn 0.2618 0.9179 -0.2982
vn 0.8543 0.5198 -0.0000
vn 0.9971 0.0760 -0.0000
vn 0.7115 0.7027 -0.0000
vn 0.0155 0.9999 -0.0000
vn 0.2618 0.9651 -0.0000
vn 0.8543 0.4944 0.1606
vn 0.9971 0.0722 0.0235
vn 0.7115 0.6683 0.2171
vn 0.0155 0.9510 0.3089
vn 0.2618 0.9179 0.2982
vn 0.8543 0.4205 0.3055
vn 0.9971 0.0615 0.0447
vn 0.0155 0.8089 0.5877
vn 0.2618 0.7808 0.5673
vn 0.8543 0.3055 0.4205
vn 0.9971 0.0446 0.0615
vn 0.7115 0.4130 0.5685
vn 0.0155 0.5877 0.8089
vn 0.2618 0.5673 0.7808
vn 0.8543 0.1606 0.4944
vn 0.9971 0.0235 0.0722
vn 0.7115 0.2171 0.6683
vn 0.0155 0.3090 0.9509
vn 0.2618 0.2982 0.9179
vn 0.8543 -0.0000 0.5198
vn 0.9971 -0.0000 0.0760
vn 0.7115 -0.0000 0.7027
vn 0.0155 -0.0000 0.9999
vn 0.2618 -0.0000 0.9651
vn 0.8543 -0.1606 0.4944
vn 0.9971 -0.0235 0.0722
vn 0.4902 -0.2693 0.8290
vn 0.0155 -0.3090 0.9509
vn 0.8543 -0.3055 0.4205
vn 0.9971 -0.0447 0.0615
vn 0.4902 -0.5123 0.7052
vn 0.0155 -0.5878 0.8089
vn 0.8543 -0.4205 0.3055
vn 0.9971 -0.0615 0.0446
vn 0.7115 -0.5685 0.4130
vn 0.0155 -0.8089 0.5877
vn 0.2618 -0.7808 0.5673
vn 0.8543 -0.4944 0.1606
vn 0.9971 -0.0722 0.0235
vn 0.7115 -0.6683 0.2171
vn 0.0155 -0.9509 0.3090
vn 0.2618 -0.9179 0.2982
vn -1.0000 -0.0000 -0.0000
vn 0.9996 0.0237 0.0172
vn 0.8815 0.3820 0.2775
vn 0.9667 0.2433 0.0791
vn 0.9996 0.0279 0.0091
vn 0.5180 0.6920 0.5028
vn 0.5180 0.8135 0.2643
vn 0.0310 0.8086 0.5875
vn 0.0310 0.9506 0.3089
vn 0.0310 0.5875 0.8086
vn 0.8815 0.2775 0.3820
vn 0.9996 0.0172 0.0237
vn 0.9667 0.2558 -0.0000
vn 0.9996 0.0293 -0.0000
vn 0.5180 0.8554 -0.0000
vn 0.0310 0.9995 -0.0000
vn 0.5180 0.2643 0.8135
vn 0.0310 0.3089 0.9506
vn 0.8815 0.1459 0.4490
vn 0.9996 0.0091 0.0279
vn 0.5180 -0.0000 0.8554
vn 0.0310 -0.0000 0.9995
vn 0.8815 -0.0000 0.4721
vn 0.9996 -0.0000 0.0293
vn 0.5180 -0.2643 0.8135
vn 0.0310 -0.3089 0.9506
vn 0.9996 -0.0091 0.0279
vn 0.9667 -0.0791 0.2433
vn 0.5180 -0.5028 0.6920
vn 0.0310 -0.5875 0.8086
vn 0.7115 -0.4130 0.5685
vn 0.9996 -0.0173 0.0237
vn 0.9667 -0.1504 0.2070
vn 0.5180 -0.6920 0.5028
vn 0.0310 -0.8086 0.5875
vn 0.9996 -0.0237 0.0172
vn 0.9667 -0.2070 0.1504
vn 0.5180 -0.8135 0.2643
vn 0.0310 -0.9506 0.3089
vn 0.8815 -0.4490 0.1459
vn 0.9996 -0.0279 0.0091
vn 0.5180 -0.8554 -0.0000
vn 0.0310 -0.9995 -0.0000
vn 0.8815 -0.4722 -0.0000
vn 0.9996 -0.0293 -0.0000
vn 0.5180 -0.8135 -0.2643
vn 0.0310 -0.9506 -0.3089
vn 0.8815 -0.4491 -0.1459
vn 0.9996 -0.0279 -0.0091
vn 0.5180 -0.6920 -0.5028
vn 0.0310 -0.8086 -0.5875
vn 0.9996 -0.0237 -0.0172
vn 0.9667 -0.2070 -0.1504
vn 0.5180 -0.5028 -0.6920
vn 0.0310 -0.5875 -0.8086
vn 0.8815 -0.2775 -0.3820
vn 0.9996 -0.0172 -0.0237
vn 0.5180 -0.2643 -0.8135
vn 0.0310 -0.3089 -0.9506
vn 0.8815 -0.1459 -0.4491
vn 0.9996 -0.0091 -0.0279
vn 0.5180 -0.0000 -0.8554
vn 0.0310 -0.0000 -0.9995
vn 0.8815 -0.0000 -0.4722
vn 0.9996 -0.0000 -0.0293
vn 0.0310 0.3089 -0.9506
vn 0.8815 0.1459 -0.4491
vn 0.9996 0.0091 -0.0279
vn 0.0310 0.5875 -0.8086
vn 0.8815 0.2775 -0.3820
vn 0.9996 0.0172 -0.0237
vn 0.5180 0.6920 -0.5028
vn 0.0310 0.8086 -0.5875
vn 0.8815 0.3820 -0.2775
vn 0.9996 0.0237 -0.0172
vn 0.5180 0.8135 -0.2643
vn 0.0310 0.9506 -0.3089
vn 0.7115 0.6683 -0.2172
vn 0.9996 0.0279 -0.0091
vn 0.9667 0.2433 -0.0791
vn -0.0000 0.9511 0.3090
vn -0.0000 0.5878 0.8090
vn -0.0000 0.3090 0.9511
vn -0.0000 -0.0000 1.0000
vn -0.0000 -0.5878 0.8090
vn -0.0000 -0.8090 0.5878
vn -0.0000 -0.9511 0.3090
vn -0.0000 -0.9511 -0.3090
vn -0.0000 -0.8090 -0.5878
vn -0.0000 -0.5878 -0.8090
vn -0.0000 -0.0000 -1.0000
vn -0.0000 0.3090 -0.9511
vn -0.0000 0.5878 -0.8090
vn -0.0000 0.9511 -0.3090
vn -0.0000 1.0000 -0.0000
vn -0.0155 -0.9509 -0.3090
vn -0.0155 -0.9999 -0.0000
vn -0.4902 0.5123 -0.7052
vn -0.9995 -0.0251 0.0183
vn 0.9971 0.0722 -0.0235
vn 0.0155 -0.5877 0.8089
vn 0.8543 -0.4206 0.3055
vn 0.7115 -0.6683 0.2172
vn 0.7115 0.6683 0.2172
vn 0.9996 -0.0172 0.0237
vn 0.8815 -0.1459 -0.4490
vn 0.9996 -0.0090 -0.0279
vn 0.8815 -0.0000 -0.4721
vn 0.9996 0.0173 -0.0237
vn -0.7071 0.5000 -0.5000
vn -0.7071 -0.3210 -0.6300
vn -0.7071 -0.1106 -0.6984
vn -0.7071 -0.6984 -0.1106
vn -0.7071 0.6300 0.3210
vn -0.7115 0.5685 -0.4131
vn -0.7071 0.6300 -0.3210
vn -0.7071 -0.1106 0.6984
vn -0.7071 0.5000 0.5000
vn -0.7071 -0.6984 0.1106
vn -0.7071 -0.3210 0.6300
vn -1.0000 -0.0037 0.0006
vn -0.8487 -0.5288 -0.0000
vn 0.0155 -0.9509 -0.3090
vn 0.4902 -0.7052 -0.5123
vn 0.4902 -0.8290 -0.2693
vn 0.9667 -0.2433 -0.0791
vn 0.9995 -0.0252 -0.0183
vn 0.9995 -0.0296 -0.0096
vn 0.9995 -0.0311 -0.0000
vn 0.9667 -0.2558 -0.0000
vn 0.4902 -0.8716 -0.0000
vn 0.4902 -0.5123 -0.7052
vn 0.9667 -0.1504 -0.2070
vn 0.9995 -0.0183 -0.0252
vn 0.4902 -0.2693 -0.8290
vn 0.9667 -0.0791 -0.2433
vn 0.9995 -0.0096 -0.0296
vn 0.4902 -0.0000 -0.8716
vn 0.9667 -0.0000 -0.2558
vn 0.9995 -0.0000 -0.0311
vn 0.0155 0.3089 -0.9510
vn 0.4902 0.2693 -0.8290
vn 0.7115 0.2172 -0.6683
vn 0.9667 0.0791 -0.2433
vn 0.9995 0.0096 -0.0296
vn 0.0155 0.5877 -0.8089
vn 0.4902 0.5123 -0.7052
vn 0.9667 0.1504 -0.2070
vn 0.9995 0.0183 -0.0252
vn 0.4902 0.7052 -0.5123
vn 0.9667 0.2070 -0.1504
vn 0.9995 0.0252 -0.0183
vn 0.0155 0.9509 -0.3090
vn 0.4902 0.8290 -0.2693
vn 0.9995 0.0296 -0.0096
vn 0.0155 0.9999 0.0001
vn 0.4902 0.8716 -0.0000
vn 0.9995 0.0311 -0.0000
vn 0.0155 0.9509 0.3090
vn 0.4902 0.8290 0.2693
vn 0.9995 0.0296 0.0096
vn 0.4902 0.7052 0.5123
vn 0.9667 0.2070 0.1504
vn 0.9995 0.0252 0.0183
vn 0.4902 0.5123 0.7052
vn 0.9667 0.1504 0.2070
vn 0.9995 0.0183 0.0252
vn 0.0155 0.3089 0.9510
vn 0.4902 0.2693 0.8290
vn 0.7115 0.2172 0.6683
vn 0.9667 0.0791 0.2433
vn 0.9995 0.0096 0.0296
vn 0.4902 -0.0000 0.8716
vn 0.9667 -0.0000 0.2558
vn 0.9995 -0.0000 0.0311
vn 0.0155 -0.3089 0.9510
vn 0.9995 -0.0096 0.0296
vn 0.9995 -0.0183 0.0252
vn 0.4902 -0.7052 0.5123
vn 0.9995 -0.0252 0.0183
vn 0.4902 -0.8290 0.2693
vn 0.9667 -0.2433 0.0791
vn 0.9995 -0.0296 0.0096
vn -0.2618 -0.9651 -0.0000
vn -0.2618 -0.9179 -0.2982
vn -0.8543 -0.5198 -0.0000
vn -0.8543 -0.4944 -0.1606
vn -0.9971 -0.0760 -0.0000
vn -0.9971 -0.0723 -0.0235
vn -0.9971 -0.0615 -0.0447
vn -0.8543 -0.4205 -0.3055
vn -0.2618 -0.7808 -0.5673
vn -0.9971 -0.0446 -0.0615
vn -0.8543 -0.3055 -0.4205
vn -0.2618 -0.5673 -0.7808
vn -0.9971 -0.0235 -0.0722
vn -0.8543 -0.1606 -0.4944
vn -0.7115 -0.2171 -0.6683
vn -0.2618 -0.2982 -0.9179
vn -0.9971 -0.0000 -0.0760
vn -0.8543 -0.0000 -0.5198
vn -0.2618 -0.0000 -0.9651
vn -0.9971 0.0234 -0.0723
vn -0.8543 0.1606 -0.4944
vn -0.7115 0.2171 -0.6683
vn -0.2618 0.2982 -0.9179
vn -0.9971 0.0447 -0.0615
vn -0.8543 0.3055 -0.4205
vn -0.2618 0.5673 -0.7808
vn -0.9971 0.0615 -0.0446
vn -0.8543 0.4205 -0.3055
vn -0.2618 0.7808 -0.5673
vn -0.9971 0.0723 -0.0235
vn -0.8543 0.4944 -0.1606
vn -0.7115 0.6683 -0.2171
vn -0.2618 0.9179 -0.2982
vn -0.9971 0.0760 -0.0000
vn -0.8543 0.5198 -0.0000
vn -0.2618 0.9651 -0.0000
vn -0.9971 0.0722 0.0235
vn -0.8543 0.4944 0.1606
vn -0.7115 0.6683 0.2171
vn -0.2618 0.9179 0.2982
vn -0.9971 0.0615 0.0447
vn -0.8543 0.4206 0.3055
vn -0.2618 0.7808 0.5673
vn -0.9971 0.0446 0.0615
vn -0.8543 0.3055 0.4205
vn -0.2618 0.5673 0.7808
vn -0.9971 0.0235 0.0722
vn -0.8543 0.1606 0.4944
vn -0.7115 0.2171 0.6683
vn -0.2618 0.2982 0.9179
vn -0.9971 -0.0000 0.0760
vn -0.8543 -0.0000 0.5198
vn -0.2618 -0.0000 0.9651
vn -0.9971 -0.0235 0.0722
vn -0.8543 -0.1606 0.4944
vn -0.9971 -0.0447 0.0614
vn -0.8543 -0.3055 0.4205
vn -0.9971 -0.0615 0.0446
vn -0.8543 -0.4205 0.3055
vn -0.2618 -0.7808 0.5673
vn -0.9971 -0.0722 0.0235
vn -0.8543 -0.4944 0.1606
vn -0.7115 -0.6683 0.2171
vn -0.2618 -0.9179 0.2982
vn -0.9996 0.0237 0.0172
vn -0.9996 0.0279 0.0091
vn -0.8815 0.3820 0.2775
vn -0.5180 0.8135 0.2643
vn -0.5180 0.6920 0.5028
vn -0.0310 0.9506 0.3089
vn -0.0310 0.8086 0.5875
vn -0.0310 0.5875 0.8086
vn -0.8815 0.2775 0.3820
vn -0.9996 0.0172 0.0237
vn -0.9996 0.0293 -0.0000
vn -0.5180 0.8554 -0.0000
vn -0.0310 0.9995 -0.0000
vn -0.0310 0.3089 0.9506
vn -0.5180 0.2643 0.8135
vn -0.8815 0.1459 0.4490
vn -0.9996 0.0091 0.0279
vn -0.0310 -0.0000 0.9995
vn -0.5180 -0.0000 0.8554
vn -0.8815 -0.0000 0.4721
vn -0.9996 -0.0000 0.0293
vn -0.0310 -0.3089 0.9506
vn -0.5180 -0.2643 0.8135
vn -0.9996 -0.0091 0.0279
vn -0.0310 -0.5875 0.8086
vn -0.5180 -0.5028 0.6920
vn -0.9996 -0.0172 0.0237
vn -0.0310 -0.8086 0.5875
vn -0.5180 -0.6920 0.5028
vn -0.9996 -0.0237 0.0172
vn -0.0310 -0.9506 0.3088
vn -0.5180 -0.8135 0.2643
vn -0.8815 -0.4490 0.1459
vn -0.9996 -0.0279 0.0091
vn -0.0310 -0.9995 -0.0000
vn -0.5180 -0.8554 -0.0000
vn -0.8815 -0.4721 -0.0000
vn -0.9996 -0.0293 -0.0000
vn -0.0310 -0.9506 -0.3089
vn -0.5180 -0.8135 -0.2643
vn -0.8815 -0.4491 -0.1459
vn -0.9996 -0.0279 -0.0091
vn -0.0310 -0.8086 -0.5875
vn -0.5180 -0.6920 -0.5028
vn -0.9996 -0.0237 -0.0172
vn -0.0310 -0.5875 -0.8086
vn -0.5180 -0.5028 -0.6920
vn -0.8815 -0.2775 -0.3820
vn -0.9996 -0.0172 -0.0237
vn -0.0310 -0.3088 -0.9506
vn -0.5180 -0.2643 -0.8135
vn -0.8815 -0.1459 -0.4491
vn -0.9996 -0.0091 -0.0279
vn -0.0310 -0.0000 -0.9995
vn -0.5180 -0.0000 -0.8554
vn -0.8815 -0.0000 -0.4722
vn -0.9996 -0.0000 -0.0293
vn -0.0310 0.3089 -0.9506
vn -0.8815 0.1459 -0.4490
vn -0.9996 0.0091 -0.0279
vn -0.0310 0.5875 -0.8086
vn -0.8815 0.2775 -0.3820
vn -0.9996 0.0172 -0.0237
vn -0.0310 0.8086 -0.5875
vn -0.5180 0.6920 -0.5028
vn -0.8815 0.3820 -0.2775
vn -0.9996 0.0237 -0.0172
vn -0.0310 0.9506 -0.3088
vn -0.5180 0.8135 -0.2643
vn -0.9996 0.0279 -0.0091
vn 0.0155 -0.8089 -0.5878
vn 0.4902 -0.7051 -0.5123
vn 0.0155 0.8089 0.5878
vn -0.9971 -0.0722 -0.0235
vn -0.8543 -0.4206 -0.3055
vn -0.9971 -0.0235 -0.0723
vn -0.9971 0.0235 -0.0723
vn -0.8543 0.4205 0.3055
vn -0.9971 0.0235 0.0723
vn -0.8543 -0.4206 0.3055
vn -0.0310 -0.9506 0.3089
vn -0.8815 -0.4491 0.1459
vn -0.0310 -0.3089 -0.9506
vn -0.8815 -0.0000 -0.4721
vn 0.3193 0.7588 0.5677
vn 0.2930 0.7646 0.5740
vn 0.3378 0.7792 0.5280
vn 0.3180 0.8170 0.4810
vn 0.4106 0.6946 0.5908
vn 0.3018 0.8575 0.4166
vn 0.5358 0.6275 0.5650
vn 0.5478 0.5373 0.6412
vn 0.4280 0.7385 0.5210
vn 0.3708 0.8532 0.3667
vn 0.4966 0.8026 0.3305
vn 0.5656 0.6724 0.4775
vn 0.3741 0.9079 0.1890
vn 0.4414 0.8627 0.2466
vn 0.4041 0.9031 0.1453
vn 0.3859 0.8982 0.2107
vn 0.1100 0.9565 0.2701
vn 0.2385 0.9452 0.2229
vn 0.2752 0.9467 0.1671
vn 0.1861 0.9645 0.1876
vn 0.1833 0.8026 0.5677
vn 0.2580 0.7654 0.5896
vn 0.1778 0.9193 0.3510
vn 0.0245 0.9296 0.3677
vn 0.4971 0.6487 0.5762
vn 0.4521 0.8304 0.3257
vn 0.6823 0.3808 0.6241
vn 0.5930 0.4628 0.6589
vn 0.6210 0.1741 0.7643
vn 0.6997 0.1677 0.6945
vn 0.5195 0.6738 0.5254
vn 0.6287 0.5870 0.5100
vn 0.4529 0.8143 0.3630
vn 0.5749 0.7444 0.3395
vn 0.4618 0.8705 0.1700
vn 0.6138 0.7768 0.1411
vn 0.6170 0.0626 0.7845
vn 0.6894 0.0478 0.7228
vn 0.6615 0.1479 0.7352
vn 0.7233 0.0609 0.6879
vn 0.9956 -0.0210 -0.0908
vn 0.9945 -0.0236 -0.1020
vn 0.9930 -0.0407 -0.1110
vn 0.9953 -0.0476 -0.0845
vn 0.9918 0.0073 -0.1279
vn 0.9964 -0.0354 -0.0765
vn 0.9887 0.1063 -0.1054
vn 0.9622 0.2200 -0.1609
vn 0.9192 0.3702 -0.1341
vn 0.8142 0.5593 -0.1560
vn 0.7710 0.6357 -0.0365
vn 0.6081 0.7937 -0.0144
vn 0.9960 -0.0219 -0.0868
vn 0.9948 -0.0326 -0.0963
vn 0.9949 0.0167 -0.0996
vn 0.9555 0.2836 -0.0811
vn 0.7528 0.6567 -0.0447
vn 0.4946 0.8686 0.0288
vn 0.4982 0.8630 0.0840
vn 0.6466 0.7612 0.0504
vn 0.9964 -0.0273 -0.0804
vn 0.9972 -0.0155 -0.0730
vn 0.9974 -0.0121 -0.0706
vn 0.9799 0.1972 -0.0302
vn 0.8706 0.4919 0.0097
vn 0.7254 0.6866 0.0491
vn 0.9973 -0.0113 -0.0721
vn 0.9967 -0.0219 -0.0781
vn 0.9971 -0.0226 -0.0728
vn 0.9816 0.1900 -0.0196
vn 0.8888 0.4572 0.0319
vn 0.7498 0.6575 0.0739
vn 0.3326 0.9339 0.1316
vn 0.1984 0.9696 0.1434
vn 0.4079 0.9068 0.1068
vn 0.4474 0.8903 0.0847
vn 0.2529 0.9628 0.0953
vn 0.2306 0.9662 0.1156
vn 0.5757 0.8129 0.0878
vn 0.2463 0.9663 0.0741
vn 0.7155 0.6744 0.1823
vn 0.7190 0.6702 0.1839
vn 0.7801 0.6068 0.1523
vn 0.8202 0.5716 0.0235
vn 0.8208 0.5709 0.0172
vn 0.7880 0.5986 0.1440
vn 0.7533 0.6328 0.1792
vn 0.7475 0.6381 0.1847
vn 0.8082 0.5868 -0.0500
vn 0.8068 0.5888 -0.0484
vn 0.7022 0.7097 -0.0565
vn 0.6768 0.7336 -0.0622
vn 0.5517 0.8210 -0.1472
vn 0.5473 0.8228 -0.1532
vn 0.9957 -0.0196 0.0905
vn 0.9816 -0.0118 0.1904
vn 0.9809 -0.0401 0.1902
vn 0.9936 -0.0471 0.1027
vn 0.9781 -0.0020 0.2082
vn 0.9888 -0.0229 0.1478
vn 0.9619 0.2036 0.1824
vn 0.9444 0.2933 0.1488
vn 0.8942 0.4323 0.1168
vn 0.8568 0.5063 0.0978
vn 0.9124 -0.0975 -0.3975
vn 0.9454 -0.1523 -0.2880
vn 0.9159 0.0105 -0.4013
vn 0.8845 -0.0315 -0.4654
vn 0.7809 0.5640 -0.2685
vn 0.8299 0.4496 -0.3304
vn 0.7850 0.5224 -0.3331
vn 0.7340 0.6252 -0.2653
vn 0.7967 0.6044 0.0021
vn 0.7687 0.6251 -0.1352
vn 0.6892 0.7106 -0.1416
vn 0.7201 0.6939 -0.0025
vn 0.9298 -0.1553 -0.3338
vn 0.9383 -0.2779 -0.2059
vn 0.8258 0.5609 -0.0586
vn 0.8473 0.5292 -0.0451
vn 0.8581 0.5134 -0.0106
vn 0.8217 0.5696 -0.0189
vn 0.8725 0.4840 0.0674
vn 0.8291 0.5578 0.0380
vn 0.7353 0.6773 -0.0249
vn 0.7040 0.6979 -0.1318
vn 0.7410 0.6691 -0.0571
vn 0.6801 0.7198 -0.1389
vn 0.6321 0.7587 -0.1574
vn 0.7413 0.6635 -0.1012
vn 0.7748 0.5540 -0.3047
vn 0.7317 0.6375 -0.2412
vn 0.6600 0.7056 -0.2580
vn 0.6909 0.6410 -0.3344
vn 0.6065 0.7074 -0.3631
vn 0.5906 0.7602 -0.2707
vn 0.8768 0.3323 -0.3474
vn 0.8466 0.4016 -0.3494
vn 0.8115 0.4585 -0.3623
vn 0.7395 0.5335 -0.4106
vn 0.6522 0.6240 -0.4305
vn 0.6045 0.1104 -0.7889
vn 0.7781 0.0637 -0.6249
vn 0.7714 0.1672 -0.6140
vn 0.6181 0.2468 -0.7464
vn 0.8588 0.0181 -0.5120
vn 0.8813 0.0816 -0.4655
vn 0.2842 0.1083 -0.9526
vn 0.3117 0.1169 -0.9430
vn 0.4351 0.1247 -0.8917
vn 0.4174 0.1281 -0.8996
vn 0.3081 0.1528 -0.9390
vn 0.4360 0.1452 -0.8882
vn 0.6050 0.1349 -0.7847
vn 0.6401 0.1929 -0.7437
vn 0.5894 0.1027 -0.8013
vn 0.4284 0.4955 -0.7557
vn 0.6053 0.5323 -0.5919
vn 0.3100 0.4676 -0.8278
vn 0.1875 0.4828 -0.8554
vn 0.2624 0.6418 -0.7206
vn 0.4149 0.5942 -0.6890
vn 0.8167 0.4876 -0.3087
vn 0.7426 0.6373 -0.2062
vn 0.7426 0.4968 -0.4492
vn 0.6574 0.7318 -0.1800
vn 0.7528 0.6401 -0.1534
vn 0.4607 0.8629 -0.2079
vn 0.5493 0.8045 -0.2261
vn 0.2992 0.9283 -0.2207
vn 0.5263 0.8174 -0.2340
vn 0.2789 0.8836 -0.3761
vn 0.4606 0.7448 -0.4828
vn 0.1225 0.4732 -0.8724
vn 0.1627 0.6146 -0.7719
vn 0.7929 0.5696 -0.2167
vn 0.5536 0.5838 -0.5939
vn 0.6933 0.5855 -0.4202
vn 0.4153 0.1770 -0.8923
vn 0.2557 0.0355 -0.9661
vn 0.2255 0.6312 -0.7421
vn 0.1085 0.6623 -0.7414
vn 0.1120 0.6619 -0.7412
vn 0.2185 0.6338 -0.7420
vn 0.4394 0.3108 -0.8428
vn 0.1896 0.6596 -0.7273
vn 0.0776 0.6300 -0.7727
vn 0.0713 0.5876 -0.8060
vn 0.0649 0.4639 -0.8835
vn -0.0000 0.4604 -0.8877
vn -0.0000 0.5787 -0.8155
vn 0.0609 0.3000 -0.9520
vn 0.0610 0.6570 -0.7514
vn 0.0602 0.6560 -0.7523
vn 0.0405 0.6342 -0.7721
vn 0.9031 -0.3994 -0.1575
vn 0.8986 -0.3417 -0.2752
vn 0.8682 -0.2610 -0.4220
vn 0.8342 -0.2389 -0.4970
vn 0.7520 -0.1742 -0.6358
vn 0.6266 -0.1157 -0.7707
vn 0.4405 -0.0852 -0.8937
vn 0.2735 -0.0877 -0.9579
vn 0.2902 0.0249 -0.9566
vn 0.1444 -0.0933 -0.9851
vn 0.1429 0.0022 -0.9897
vn 0.0960 -0.0013 -0.9954
vn 0.0959 -0.0959 -0.9908
vn 0.0642 -0.0008 -0.9979
vn 0.0611 -0.0992 -0.9932
vn 0.8796 -0.4588 -0.1259
vn 0.8665 -0.4231 -0.2647
vn 0.7886 -0.4448 -0.4246
vn 0.7333 -0.4699 -0.4915
vn 0.6770 -0.4264 -0.5999
vn 0.5994 -0.3139 -0.7363
vn 0.4313 -0.2306 -0.8722
vn 0.2815 -0.2072 -0.9369
vn 0.1502 -0.1986 -0.9685
vn 0.0963 -0.1939 -0.9763
vn 0.0595 -0.2064 -0.9767
vn 0.0551 0.9890 -0.1376
vn 0.1248 0.9777 -0.1691
vn 0.1444 0.9693 -0.1988
vn 0.0609 0.9817 -0.1804
vn 0.1269 0.9682 -0.2154
vn 0.0639 0.9771 -0.2031
vn -0.0000 0.9851 -0.1721
vn -0.0000 0.9918 -0.1278
vn -0.0000 0.9805 -0.1965
vn 0.2375 0.9502 -0.2017
vn 0.3547 0.9079 -0.2233
vn 0.4211 0.8742 -0.2417
vn 0.4675 0.8460 -0.2563
vn 0.6166 0.7579 -0.2130
vn 0.4800 0.8408 -0.2505
vn 0.4799 0.8408 -0.2505
vn 0.8678 0.4936 -0.0575
vn 0.8480 0.5228 -0.0865
vn 0.8876 0.4560 -0.0646
vn 0.0329 0.9883 -0.1486
vn -0.0000 0.9905 -0.1373
vn -0.0000 0.9783 -0.2074
vn 0.0365 0.9754 -0.2173
vn -0.0000 0.9612 -0.2759
vn 0.0351 0.9604 -0.2763
vn 0.0347 0.9590 -0.2811
vn -0.0000 0.9598 -0.2808
vn -0.0000 0.9566 -0.2912
vn 0.0350 0.9559 -0.2916
vn -0.0000 0.9536 -0.3011
vn 0.0346 0.9528 -0.3018
vn 0.0609 0.9536 -0.2949
vn 0.0527 0.9564 -0.2871
vn 0.0765 0.9547 -0.2876
vn 0.0555 0.9578 -0.2822
vn 0.0476 0.9585 -0.2810
vn 0.0323 0.9594 -0.2800
vn 0.0489 0.9592 -0.2786
vn 0.0327 0.9592 -0.2810
vn 0.0412 0.9659 -0.2555
vn 0.0544 0.9705 -0.2348
vn 0.0618 0.9834 -0.1704
vn 0.0607 0.9802 -0.1887
vn 0.1602 0.9801 0.1175
vn 0.1258 0.9909 0.0477
vn 0.0923 0.9955 0.0232
vn 0.1121 0.9894 0.0919
vn 0.0902 0.9921 -0.0874
vn 0.0754 0.9929 -0.0921
vn 0.0957 0.9848 -0.1450
vn 0.0679 0.9863 -0.1501
vn 0.0387 0.9869 -0.1566
vn 0.0401 0.9946 -0.0958
vn 0.0447 0.9989 0.0141
vn 0.0464 0.9962 0.0740
vn -0.0000 1.0000 0.0098
vn -0.0000 0.9973 0.0729
vn 0.0967 0.9933 -0.0634
vn 0.1723 0.8610 0.4784
vn 0.1973 0.8783 0.4354
vn 0.2368 0.8701 0.4322
vn 0.2184 0.8636 0.4543
vn 0.2412 0.8846 0.3991
vn 0.2949 0.8692 0.3970
vn 0.2812 0.8778 0.3879
vn 0.3514 0.8565 0.3781
vn 0.2777 0.8785 0.3886
vn 0.3681 0.8518 0.3728
vn 0.1177 0.8767 0.4663
vn 0.1007 0.8720 0.4790
vn 0.0466 0.8818 0.4693
vn 0.1621 0.9043 0.3948
vn 0.1792 0.9020 0.3927
vn 0.1310 0.9028 0.4096
vn 0.1105 0.9076 0.4050
vn 0.1070 0.9135 0.3926
vn 0.1140 0.9137 0.3901
vn 0.1446 0.9101 0.3882
vn 0.1784 0.9032 0.3904
vn 0.0730 0.9185 0.3886
vn 0.0346 0.9205 0.3893
vn 0.0399 0.9201 0.3896
vn -0.0000 0.9210 0.3895
vn -0.0000 0.9210 0.3897
vn 0.0399 0.9197 0.3905
vn 0.0401 0.9039 0.4258
vn 0.7135 0.0227 0.7003
vn 0.6736 -0.0654 0.7362
vn 0.6687 -0.0753 0.7398
vn 0.6196 -0.2622 0.7399
vn 0.6194 -0.2701 0.7371
vn 0.7481 -0.3841 0.5411
vn 0.7175 -0.3792 0.5843
vn 0.9497 -0.2651 0.1665
vn 0.9386 -0.2854 0.1937
vn 0.9759 -0.2092 0.0615
vn 0.9839 -0.1783 0.0097
vn 0.9842 -0.1770 0.0089
vn 0.9926 -0.1206 0.0149
vn 0.9926 -0.1201 0.0163
vn 0.9853 -0.1706 -0.0118
vn 0.9898 -0.1414 0.0171
vn 0.9797 -0.1774 -0.0936
vn 0.9797 -0.1777 -0.0931
vn 0.9733 -0.1539 -0.1705
vn 0.9720 -0.1552 -0.1765
vn 0.9343 -0.1651 -0.3158
vn 0.9349 -0.1651 -0.3141
vn 0.9218 -0.0394 -0.3856
vn 0.9277 -0.0035 -0.3732
vn -0.0000 0.0424 0.9991
vn -0.0000 -0.0483 0.9988
vn -0.0000 -0.0438 0.9990
vn -0.0000 -0.3010 0.9536
vn -0.0000 -0.2888 0.9574
vn -0.0000 -0.5792 0.8152
vn -0.0000 -0.5665 0.8241
vn -0.0000 -0.8742 0.4855
vn -0.0000 -0.8727 0.4882
vn -0.0000 -0.9845 0.1756
vn -0.0000 -0.9855 0.1699
vn -0.0000 -0.9938 -0.1115
vn -0.0000 -0.9936 -0.1134
vn -0.0000 -0.9128 -0.4085
vn -0.0000 -0.9087 -0.4175
vn -0.0000 -0.7722 -0.6354
vn -0.0000 -0.7546 -0.6562
vn -0.0000 -0.5534 -0.8329
vn -0.0000 -0.5427 -0.8400
vn -0.0000 -0.3381 -0.9411
vn -0.0000 -0.3232 -0.9463
vn -0.0000 -0.1710 -0.9853
vn 0.0009 -0.0173 -0.9999
vn 0.0009 -0.0172 -0.9999
vn 0.9991 0.0004 0.0436
vn 0.9981 -0.0406 0.0463
vn 0.9984 -0.0341 0.0449
vn 0.9992 0.0178 0.0372
vn 0.9950 -0.0897 0.0444
vn 0.9931 -0.1108 0.0381
vn 0.9945 -0.1039 0.0117
vn 0.9925 -0.1136 0.0443
vn 0.9708 -0.2399 0.0101
vn 0.9851 -0.1649 0.0485
vn 0.9811 -0.1929 0.0164
vn 0.9692 -0.2253 -0.0989
vn 0.9985 -0.0531 0.0144
vn 0.9648 -0.2270 -0.1329
vn 0.9692 -0.2423 0.0434
vn 0.9924 -0.1195 0.0305
vn 0.9971 -0.0607 0.0454
vn 0.9891 0.1449 0.0251
vn 0.9711 0.1734 0.1637
vn 0.9830 -0.1775 0.0467
vn 0.9956 -0.0923 0.0180
vn 0.9972 -0.0536 0.0519
vn 0.9969 0.0760 0.0204
vn 0.9981 -0.0617 0.0005
vn 0.9996 -0.0233 0.0155
vn 0.9995 -0.0107 0.0310
vn 0.9989 -0.0255 0.0390
vn 0.9878 -0.0260 0.1538
vn 0.9869 -0.0050 0.1613
vn 0.6370 0.0116 0.7708
vn 0.6283 0.0095 0.7779
vn 0.7026 0.0035 0.7116
vn 0.7085 0.0074 0.7056
vn 0.4146 0.0064 0.9100
vn 0.4058 0.0210 0.9137
vn 0.4858 0.0170 0.8739
vn 0.4948 0.0124 0.8689
vn 0.3977 0.0343 0.9169
vn 0.4856 0.0240 0.8738
vn 0.6156 0.0080 0.7880
vn 0.6939 -0.0023 0.7200
vn 0.8381 0.1052 -0.5353
vn 0.8408 0.1213 -0.5276
vn 0.8306 0.1280 -0.5419
vn 0.8260 0.1171 -0.5514
vn 0.8478 0.1392 -0.5117
vn 0.8388 0.1480 -0.5239
vn 0.8545 0.1088 -0.5079
vn 0.8524 0.0905 -0.5150
vn 0.8566 0.1303 -0.4993
vn 0.9962 -0.0729 -0.0471
vn 0.9931 -0.1097 -0.0419
vn 0.9934 -0.1070 -0.0423
vn 0.9968 -0.0661 -0.0448
vn 0.9925 -0.0999 -0.0710
vn 0.9886 -0.1375 -0.0607
vn 0.9919 -0.0678 -0.1072
vn 0.9865 -0.1322 -0.0963
vn 0.9213 -0.3846 -0.0580
vn 0.9748 -0.2185 -0.0455
vn 0.9932 -0.1089 -0.0420
vn 0.9968 -0.0685 -0.0410
vn 0.8128 -0.5815 -0.0340
vn 0.9547 -0.2953 -0.0378
vn 0.9929 -0.1110 -0.0418
vn 0.9963 -0.0764 -0.0384
vn 0.6616 -0.7498 -0.0080
vn 0.6734 -0.7392 -0.0099
vn 0.9884 -0.1470 -0.0370
vn 0.9927 -0.1135 -0.0414
vn 0.9960 -0.0807 -0.0386
vn 0.6984 -0.7059 0.1178
vn 0.6802 -0.7265 0.0977
vn 0.9872 -0.1553 -0.0358
vn 0.9924 -0.1162 -0.0411
vn 0.9958 -0.0830 -0.0391
vn 0.7424 -0.6481 0.1698
vn 0.9866 -0.1592 -0.0353
vn 0.9909 -0.1286 -0.0394
vn 0.9956 -0.0828 -0.0447
vn 0.9956 -0.0894 -0.0276
vn 0.9934 -0.1078 -0.0392
vn 0.9952 -0.0892 -0.0396
vn 0.9955 -0.0870 -0.0385
vn 0.9964 -0.0773 -0.0335
vn 0.9972 -0.0647 -0.0369
vn 0.9977 -0.0541 -0.0416
vn -0.0000 -1.0000 0.0013
vn 0.0783 -0.9968 0.0139
vn 0.0020 -1.0000 0.0023
vn -0.0000 -1.0000 0.0011
vn -0.0000 -0.9999 -0.0106
vn -0.0000 -0.9999 -0.0105
vn -0.0000 -0.9999 0.0131
vn -0.0000 -0.9999 0.0135
vn -0.0000 -1.0000 0.0094
vn -0.0000 -0.9999 0.0133
vn -0.0000 -1.0000 0.0093
vn -0.0000 -1.0000 0.0099
vn -0.0000 -1.0000 0.0100
vn -0.0000 -0.9998 -0.0188
vn -0.0000 -0.9998 -0.0189
vn 0.0001 -0.9983 -0.0589
vn 0.0001 -0.9985 -0.0552
vn 0.0001 -0.9985 -0.0553
vn -0.0000 -0.9993 -0.0372
vn -0.0000 -0.9993 -0.0370
vn 0.8110 -0.0420 -0.5836
vn 0.7840 -0.1682 -0.5976
vn 0.7986 -0.1078 -0.5921
vn 0.7762 -0.2815 -0.5642
vn 0.7769 -0.2840 -0.5620
vn 0.7881 -0.4402 -0.4303
vn 0.7896 -0.4117 -0.4551
vn 0.7964 -0.5512 -0.2488
vn 0.7911 -0.5198 -0.3225
vn 0.8271 -0.5568 -0.0761
vn 0.8108 -0.5742 -0.1134
vn 0.8080 -0.2542 0.5315
vn 0.8081 -0.2495 0.5335
vn 0.7848 -0.2373 0.5725
vn 0.7343 -0.2735 0.6213
vn 0.8027 -0.2833 0.5247
vn 0.7939 -0.3014 0.5281
vn 0.6837 -0.3180 0.6569
vn 0.6605 -0.3408 0.6690
vn 0.7916 -0.3410 0.5071
vn 0.7901 -0.3813 0.4799
vn 0.7934 -0.4806 0.3735
vn 0.7897 -0.4865 0.3738
vn 0.8083 -0.5298 0.2570
vn 0.8192 -0.5351 0.2063
vn 0.7975 -0.5189 0.3077
vn 0.8109 -0.4892 0.3211
vn 0.8398 -0.5413 0.0418
vn 0.8386 -0.5414 0.0605
vn 0.6271 -0.3717 0.6846
vn 0.9355 -0.2256 -0.2721
vn 0.9386 -0.0834 -0.3349
vn 0.9535 -0.0028 0.3015
vn 0.9562 -0.0244 0.2916
vn 0.9648 0.0139 0.2625
vn 0.9604 0.2028 0.1912
vn 0.9313 0.3469 0.1115
vn 0.8914 0.4529 0.0181
vn 0.8680 0.4848 -0.1077
vn 0.8770 0.4159 -0.2405
vn 0.9013 0.3328 -0.2772
vn 0.9412 0.1125 -0.3187
vn 0.9512 0.0161 -0.3081
vn 0.9236 0.0535 -0.3795
vn 0.9190 0.1407 -0.3683
vn 0.9157 -0.0400 -0.3999
vn 0.9220 0.2503 -0.2953
vn 0.9120 -0.3929 -0.1177
vn 0.8765 -0.4766 -0.0676
vn -0.0000 -0.1523 -0.9883
vn -0.0000 -0.0633 -0.9980
vn -0.0000 -0.1453 -0.9894
vn -0.0000 -0.3732 -0.9277
vn -0.0000 -0.3601 -0.9329
vn -0.0000 -0.6982 -0.7159
vn -0.0000 -0.6960 -0.7180
vn -0.0000 -0.9061 -0.4230
vn -0.0000 -0.9086 -0.4178
vn 0.0018 -0.0534 0.9986
vn 0.0005 -0.2471 0.9690
vn 0.0006 -0.2217 0.9751
vn 0.0016 -0.0441 0.9990
vn -0.0026 -0.3513 0.9363
vn 0.0015 -0.5055 0.8628
vn -0.0002 -0.4677 0.8839
vn -0.0023 -0.3504 0.9366
vn -0.0000 -0.8031 0.5959
vn -0.0000 -0.9001 0.4356
vn -0.0000 -0.8944 0.4473
vn -0.0002 -0.8016 0.5978
vn -0.0000 -0.9902 0.1399
vn -0.0000 -0.9942 -0.1078
vn -0.0000 -0.9944 -0.1052
vn -0.0000 -0.9891 0.1473
vn 0.0063 -0.7286 0.6849
vn 0.0067 -0.7265 0.6872
vn 0.0020 -0.0415 0.9991
vn 0.0016 -0.0379 0.9993
vn -0.0000 -1.0000 0.0039
vn -0.0000 -1.0000 -0.0011
vn -0.0000 -1.0000 -0.0096
vn -0.0000 -0.9999 0.0134
vn -0.0000 -0.9998 -0.0197
vn -0.0000 -0.9983 -0.0589
vn 0.0001 -0.9985 -0.0555
vn -0.0000 -0.9992 -0.0387
vn 0.0034 -0.9992 -0.0389
vn -0.0000 -0.9942 0.1072
vn -0.0000 -0.9877 -0.1565
vn -0.0000 -0.9996 -0.0292
vn 0.1751 -0.9842 -0.0244
vn -0.0000 -0.9397 0.3420
vn -0.0000 -0.9395 0.3425
vn -0.0000 -0.9872 0.1596
vn -0.0000 -0.9939 0.1107
vn -0.0000 -0.9999 -0.0109
vn -0.0000 -0.9941 0.1085
vn -0.0000 -0.9514 0.3078
vn -0.0000 -0.9517 0.3071
vn -0.0000 -0.8778 -0.4790
vn -0.0000 -0.9543 -0.2987
vn -0.0000 -0.9991 0.0433
vn -0.0000 -0.9557 0.2945
vn -0.0000 -0.9495 0.3139
vn -0.0000 -0.8452 0.5345
vn -0.0000 -1.0000 0.0067
vn -0.0000 -1.0000 -0.0005
vn -0.0000 -1.0000 -0.0098
vn -0.0000 -0.9998 -0.0198
vn -0.0000 -0.9985 -0.0554
vn -0.0000 -0.9993 -0.0379
vn 0.5106 -0.6450 0.5685
vn 0.5130 -0.7468 0.4231
vn 0.4635 -0.5839 0.6666
vn 0.4657 -0.5859 0.6632
vn 0.5281 -0.7485 0.4012
vn 0.6004 -0.6972 0.3916
vn 0.6303 -0.6733 0.3865
vn 0.3542 -0.4697 0.8087
vn 0.3536 -0.4690 0.8093
vn 0.2365 -0.4404 0.8661
vn 0.2687 -0.4335 0.8601
vn 0.1486 -0.4406 0.8853
vn 0.1043 -0.4165 0.9031
vn 0.0641 -0.3938 0.9170
vn 0.0641 -0.3939 0.9169
vn 0.7564 -0.6436 -0.1168
vn 0.0037 -0.7332 -0.6800
vn 0.0040 -0.7440 -0.6682
vn 0.0044 -0.5768 -0.8169
vn 0.0051 -0.8086 -0.5884
vn 0.0046 -0.5356 -0.8444
vn 0.7084 0.2262 0.6686
vn 0.7597 0.1104 0.6408
vn 0.9376 0.1271 -0.3236
vn 0.0018 0.0447 -0.9990
vn 0.9344 0.1664 0.3150
vn 0.0045 -0.5124 -0.8588
vn 0.0045 -0.5081 -0.8613
vn -0.0029 -1.0000 -0.0078
vn -0.0045 -1.0000 -0.0058
vn -0.0045 -1.0000 -0.0062
vn -0.0043 -1.0000 -0.0086
vn -0.0027 -1.0000 -0.0071
vn -0.0070 -0.9999 -0.0072
vn -0.0039 -0.9999 -0.0115
vn 0.0016 -0.9991 -0.0423
vn 0.0014 -0.9993 -0.0368
vn -0.0000 -0.9996 -0.0268
vn -0.0021 -0.9999 -0.0142
vn -0.0000 -0.3949 0.9187
vn -0.0000 -1.0000 -0.0042
vn -0.0000 -0.8392 -0.5439
vn -0.0000 -0.5349 -0.8449
vn -0.0000 -0.5037 -0.8639
vn -0.0000 -0.9517 0.3072
vn -0.0000 -0.9392 0.3434
vn -0.0000 -0.9402 0.3406
vn -0.0000 -0.9992 -0.0393
vn -0.0000 -1.0000 0.0068
vn -0.0000 -0.9543 -0.2988
vn -0.0000 -0.9496 0.3136
vn 0.0078 -0.9839 -0.1786
vn 0.0111 -0.9833 -0.1817
vn 0.0044 -0.9828 -0.1847
vn 0.0053 -0.9820 -0.1886
vn 0.0087 -0.9810 -0.1939
vn 0.0420 -0.9739 -0.2229
vn 0.0807 -0.9652 -0.2487
vn 0.2024 -0.9293 -0.3088
vn 0.2072 -0.9276 -0.3108
vn 0.1338 -0.9450 -0.2986
vn 0.1047 -0.9489 -0.2976
vn -0.0358 -0.9505 -0.3086
vn 0.1568 -0.9506 -0.2678
vn -0.0000 -0.9388 -0.3445
vn -0.1451 0.4027 0.9037
vn -0.0000 0.4081 0.9129
vn -0.1495 0.4024 0.9032
vn 0.0079 -0.0331 -0.9994
vn 0.0616 -0.0394 -0.9973
vn 0.0612 -0.0394 -0.9973
vn 0.0065 -0.0328 -0.9994
vn 0.0879 -0.0392 -0.9954
vn -0.9388 0.3420 -0.0413
vn -0.9440 0.3279 -0.0377
vn -0.9442 0.3273 -0.0376
vn -0.9529 0.3000 -0.0446
vn -0.9530 0.2996 -0.0449
vn -0.9578 0.2843 -0.0419
vn -0.9579 0.2842 -0.0413
vn -0.9525 0.3007 0.0489
vn -0.9535 0.2988 0.0397
vn -0.2882 0.3979 0.8710
vn -0.2780 0.3980 0.8743
vn -0.4829 0.3866 0.7858
vn -0.9010 0.3386 0.2712
vn -0.8480 0.3472 0.4004
vn -0.8590 0.3350 0.3871
vn -0.8252 0.3708 0.4260
vn 0.1151 0.2176 0.9692
vn 0.0975 0.2137 0.9720
vn 0.0965 0.2135 0.9722
vn -0.7972 0.4014 0.4509
vn -0.7767 0.4285 0.4617
vn -0.7606 0.4614 0.4567
vn -0.7638 0.4735 0.4386
vn -0.5394 -0.1075 -0.8351
vn -0.5524 -0.0844 -0.8293
vn -0.5315 -0.1214 -0.8383
vn -0.7655 0.4805 0.4279
vn 0.0440 0.2217 0.9741
vn 0.0422 0.2222 0.9741
vn -0.2328 -0.2676 -0.9350
vn -0.4171 -0.1940 -0.8879
vn -0.3737 -0.2144 -0.9024
vn -0.2213 -0.2704 -0.9370
vn -0.0485 -0.3772 -0.9249
vn -0.0477 -0.3793 -0.9241
vn -0.0000 -0.5689 -0.8224
vn -0.0423 -0.4125 -0.9100
vn -0.0000 0.2353 0.9719
vn -0.5394 -0.1076 -0.8351
vn -0.5315 -0.1215 -0.8383
vn -0.6476 -0.7194 0.2511
vn -0.0000 -0.9110 -0.4123
vn 0.1007 -0.0405 0.9941
vn 0.0752 -0.0321 0.9967
vn 0.0751 -0.0321 0.9967
vn 0.1811 -0.0267 0.9831
vn 0.1841 -0.0348 0.9823
vn 0.2385 -0.0183 0.9710
vn 0.2543 -0.0128 0.9670
vn 0.2493 -0.0133 0.9683
vn 0.3262 0.0075 0.9453
vn 0.3464 -0.0008 0.9381
vn 0.0614 0.0794 -0.9950
vn 0.0610 0.0797 -0.9950
vn -0.0000 0.0795 -0.9968
vn 0.0852 0.0830 -0.9929
vn 0.0752 0.0841 -0.9936
vn 0.0908 0.0980 -0.9910
vn 0.0903 0.0976 -0.9911
vn 0.0619 0.0846 -0.9945
vn 0.0608 0.0801 -0.9949
vn 0.0897 0.0971 -0.9912
vn 0.1403 -0.5776 0.8041
vn 0.1462 -0.5761 0.8042
vn 0.2092 -0.5683 0.7958
vn 0.2228 -0.5666 0.7933
vn 0.0832 -0.5865 0.8057
vn 0.0892 -0.5859 0.8054
vn 0.2661 -0.5604 0.7843
vn 0.0324 -0.5886 0.8078
vn 0.0344 -0.5885 0.8078
vn -0.4189 -0.0883 0.9037
vn -0.4410 -0.0537 0.8959
vn -0.4404 -0.0545 0.8961
vn -0.4587 -0.0250 0.8883
vn -0.3375 0.9407 -0.0350
vn -0.3004 0.9538 -0.0057
vn -0.0968 0.9952 0.0162
vn 0.1921 0.6627 0.7238
vn -0.0108 0.9982 0.0584
vn 0.0733 0.7827 0.6181
vn -0.0026 0.9987 0.0502
vn 0.0546 0.7808 0.6223
vn -0.0000 0.9984 0.0564
vn -0.0000 0.7752 0.6317
vn 0.2802 0.3276 0.9023
vn 0.2646 0.3323 0.9053
vn 0.4068 0.2253 0.8853
vn 0.3729 0.2533 0.8927
vn 0.0768 0.3409 0.9370
vn 0.0704 0.3421 0.9370
vn 0.1974 0.3412 0.9190
vn 0.1992 0.3418 0.9184
vn -0.0000 0.3411 0.9400
vn 0.0466 0.3455 0.9373
vn -0.0383 -0.9993 -0.0004
vn -0.0148 -0.9999 -0.0002
vn -0.0191 -0.9998 -0.0003
vn -0.0426 -0.9991 -0.0004
vn -0.0003 -1.0000 -0.0000
vn 0.0008 -1.0000 -0.0000
vn -0.0024 -1.0000 -0.0000
vn -0.0026 -1.0000 -0.0000
vn -0.9972 -0.0753 -0.0000
vn -0.9915 -0.1300 -0.0000
vn -0.9973 -0.0736 -0.0000
vn -0.0513 -0.9987 -0.0004
vn -0.9997 -0.0235 -0.0000
vn -0.2931 0.9561 -0.0000
vn -0.1233 0.9924 -0.0001
vn -0.0224 0.9997 -0.0001
vn -0.0076 1.0000 -0.0000
vn 0.3996 0.3767 0.8357
vn 0.3313 0.3979 0.8555
vn 0.2197 0.5894 0.7774
vn 0.0631 0.7032 0.7082
vn 0.0955 0.7155 0.6920
vn 0.8262 -0.1087 0.5528
vn 0.4740 0.1200 0.8723
vn 0.5824 0.0067 0.8129
vn 0.9961 -0.0328 0.0823
vn 0.5059 -0.5536 0.6615
vn 0.4398 -0.6031 0.6655
vn 0.4679 -0.5829 0.6644
vn 0.9033 0.1052 0.4160
vn 0.9882 0.1300 0.0814
vn 0.5310 -0.5760 0.6215
vn 0.5099 -0.5858 0.6299
vn 0.5984 -0.5412 0.5908
vn -0.3877 0.0996 0.9164
vn -0.4182 0.2053 0.8848
vn -0.4251 0.2318 0.8750
vn -0.4516 0.3482 0.8215
vn 0.3539 0.8320 0.4272
vn 0.3125 0.8347 0.4534
vn 0.3115 0.8348 0.4540
vn 0.3336 0.8131 0.4770
vn 0.3325 0.8135 0.4771
vn 0.4067 0.7846 0.4679
vn 0.4562 0.1917 0.8690
vn 0.4615 0.1925 0.8660
vn 0.6555 0.2364 0.7172
vn 0.6514 0.2352 0.7213
vn 0.6381 0.2281 0.7354
vn 0.5564 0.0757 0.8275
vn 0.6252 0.2949 0.7227
vn 0.9834 -0.1812 -0.0000
vn 0.9987 -0.0509 -0.0000
vn 0.1754 -0.9845 -0.0000
vn 0.2897 -0.9571 -0.0000
vn 0.0612 -0.9981 -0.0000
vn -0.0569 -0.9984 -0.0001
vn -0.0605 -0.9982 -0.0003
vn -0.0624 -0.9981 -0.0004
vn -0.9903 0.1388 -0.0000
vn -0.9996 0.0277 -0.0000
vn -0.9931 0.1169 -0.0000
vn -0.9705 0.2411 -0.0000
vn 0.1519 0.9884 -0.0000
vn -0.0670 0.9978 -0.0000
vn -0.0646 0.9979 0.0001
vn 0.0487 0.9988 -0.0000
vn -0.0633 0.9980 0.0002
vn 0.9910 0.1337 -0.0000
vn 0.2563 0.9666 -0.0000
vn 0.5443 0.3955 0.7398
vn 0.5575 0.3956 0.7299
vn 0.4237 0.3636 0.8296
vn 0.6342 0.3566 0.6860
vn 0.5324 0.0220 0.8462
vn 0.4239 0.2145 0.8800
vn 0.2975 0.2489 -0.9217
vn 0.2737 0.2680 -0.9237
vn 0.2736 0.2681 -0.9237
vn 0.7191 0.6477 -0.2515
vn 0.6879 0.6531 -0.3166
vn 0.6934 0.6525 -0.3058
vn 0.2562 0.2818 -0.9247
vn 0.3044 -0.6626 -0.6844
vn 0.5448 -0.4922 -0.6789
vn 0.4821 -0.5444 -0.6864
vn 0.6189 -0.4214 -0.6629
vn 0.9944 0.0984 -0.0374
vn 0.9977 0.0676 0.0085
vn 0.9977 0.0674 0.0088
vn 0.9974 0.0291 0.0654
vn 0.6592 0.6550 -0.3693
vn 0.0456 -0.5295 -0.8471
vn 0.0422 -0.5291 -0.8475
vn 0.0469 -0.5339 -0.8443
vn 0.0451 -0.5342 -0.8442
vn -0.0365 -0.5200 -0.8534
vn -0.5792 0.1176 -0.8066
vn -0.6129 0.1159 -0.7816
vn -0.6126 0.1159 -0.7818
vn -0.6452 0.1140 -0.7554
vn 0.0056 0.7655 -0.6435
vn 0.0322 0.7756 -0.6304
vn 0.0175 0.7701 -0.6377
vn 0.0363 0.7751 -0.6308
vn 0.0364 0.7749 -0.6311
vn -0.0000 0.7738 -0.6334
vn 0.8773 -0.0439 -0.4780
vn 0.8896 0.0829 -0.4492
vn 0.8875 0.2360 -0.3958
vn 0.7650 0.3609 -0.5334
vn 0.7649 0.1412 -0.6285
vn 0.7499 0.0299 -0.6609
vn 0.8454 -0.0537 -0.5314
vn 0.1713 0.3139 -0.9339
vn 0.1179 0.4299 -0.8952
vn 0.8110 0.4297 -0.3971
vn 0.1609 0.1153 -0.9802
vn 0.1414 0.0864 -0.9862
vn 0.1325 0.0813 -0.9878
vn 0.0636 0.4269 -0.9021
vn -0.0000 0.4238 -0.9058
vn 0.0842 0.1397 -0.9866
vn 0.0653 0.1716 -0.9830
vn 0.0839 0.1402 -0.9866
vn -0.5422 0.2724 -0.7949
vn -0.5421 0.2727 -0.7948
vn -0.2069 -0.9302 -0.3033
vn -0.2639 -0.8836 -0.3868
vn -0.2061 -0.9307 -0.3022
vn -0.1700 -0.9534 -0.2493
vn 0.5594 -0.1195 0.8202
vn 0.5593 -0.1216 0.8200
vn 0.5594 -0.1199 0.8202
vn 0.0897 0.9872 0.1316
vn 0.0671 0.9929 0.0984
vn 0.0908 0.9869 0.1332
vn 0.1137 0.9794 0.1667
vn -0.5422 0.2721 -0.7950
vn 0.5596 -0.1177 0.8204
vn -0.0604 -0.9982 0.0001
vn -0.1914 -0.9815 -0.0000
vn -0.0656 -0.9978 0.0001
vn -0.9998 0.0213 0.0002
vn -0.9993 0.0364 0.0001
vn -0.9994 0.0342 0.0001
vn -0.9988 0.0492 -0.0000
vn -0.0119 -0.9999 0.0001
vn -0.0139 -0.9999 0.0001
vn -0.0040 1.0000 -0.0000
vn -0.0029 1.0000 -0.0000
vn -0.0160 0.9999 -0.0001
vn -0.0201 0.9998 -0.0001
vn -0.0980 0.9952 -0.0000
vn 0.6949 -0.5081 -0.5089
vn 0.7960 -0.3603 -0.4864
vn 0.7543 -0.4136 -0.5100
vn 0.6778 -0.5353 -0.5040
vn 0.7060 -0.6064 -0.3660
vn 0.7046 -0.6061 -0.3689
vn 0.8136 -0.5721 -0.1036
vn 0.8138 -0.5719 -0.1031
vn 0.8245 -0.5598 0.0829
vn 0.8257 -0.5585 0.0791
vn 0.7636 -0.6164 0.1922
vn 0.7770 -0.6043 0.1764
vn 0.8482 -0.2815 -0.4488
vn 0.7124 -0.6567 0.2475
vn 0.5944 0.4246 0.6829
vn 0.6183 0.4303 0.6577
vn 0.5921 0.4240 0.6853
vn 0.5708 0.4186 0.7064
vn -0.6506 -0.7396 0.1722
vn -0.6381 -0.7650 0.0874
vn -0.2412 -0.9695 -0.0444
vn -0.2450 -0.9684 0.0476
vn -0.8335 -0.5188 0.1900
vn -0.8229 -0.5464 0.1558
vn -0.8007 -0.5805 0.1479
vn -0.8005 -0.5622 0.2075
vn -0.0555 -0.9983 0.0171
vn -0.0526 -0.9969 -0.0583
vn -0.0000 -0.9987 -0.0516
vn -0.0000 -0.9998 0.0174
vn -0.8526 -0.4320 0.2941
vn -0.8212 -0.4694 0.3245
vn -0.6773 -0.6702 0.3036
vn -0.2705 -0.9471 0.1726
vn -0.0626 -0.9906 0.1213
vn -0.0000 -0.9934 0.1148
vn -0.8136 -0.4091 0.4130
vn -0.8488 -0.3382 0.4065
vn -0.6665 -0.6417 0.3796
vn -0.2695 -0.9300 0.2499
vn -0.0645 -0.9797 0.1897
vn -0.0000 -0.9835 0.1810
vn 0.6433 0.7469 -0.1680
vn 0.2564 0.9651 -0.0533
vn 0.2501 0.9673 0.0431
vn 0.6252 0.7766 -0.0779
vn 0.8333 0.5188 -0.1912
vn 0.7964 0.5691 -0.2044
vn 0.7950 0.5892 -0.1445
vn 0.8219 0.5482 -0.1551
vn 0.0582 0.9981 -0.0195
vn -0.0000 0.9998 -0.0187
vn -0.0000 0.9987 0.0506
vn 0.0550 0.9969 0.0571
vn 0.8523 0.4329 -0.2936
vn 0.8178 0.4775 -0.3213
vn 0.6712 0.6769 -0.3022
vn 0.2841 0.9413 -0.1823
vn 0.0662 0.9901 -0.1239
vn -0.0000 0.9934 -0.1148
vn 0.8100 0.4161 -0.4133
vn 0.8487 0.3414 -0.4039
vn 0.6644 0.6390 -0.3876
vn 0.2904 0.9187 -0.2676
vn 0.0695 0.9785 -0.1942
vn -0.0000 0.9834 -0.1815
vn -0.2509 0.0484 0.9668
vn -0.2495 0.0471 0.9672
vn -0.4436 0.3734 0.8148
vn -0.4474 0.3844 0.8075
vn -0.4231 0.5734 0.7016
vn -0.4240 0.5726 0.7016
vn -0.3474 0.6328 0.6920
vn 0.5422 -0.8389 0.0481
vn 0.5093 -0.8595 0.0446
vn 0.5092 -0.8595 0.0446
vn -0.0895 -0.0433 0.9950
vn -0.0897 -0.0432 0.9950
vn 0.4571 -0.8883 0.0446
vn 0.4569 -0.8884 0.0446
vn 0.4171 -0.9075 0.0492
vn -0.0817 -0.6485 -0.7568
vn -0.0797 -0.5925 -0.8016
vn -0.0342 -0.4913 -0.8703
vn -0.0330 -0.4900 -0.8711
vn 0.0849 -0.3355 -0.9382
vn 0.0860 -0.3339 -0.9387
vn 0.0482 -0.2211 -0.9741
vn 0.0481 -0.2211 -0.9741
vn -0.0000 -0.1921 -0.9814
vn 0.8479 0.5301 0.0013
vn 0.8456 0.5337 -0.0007
vn 0.7898 0.6133 0.0090
vn 0.7845 0.6201 0.0099
vn 0.8697 0.4934 -0.0154
vn 0.8158 0.5783 -0.0056
vn 0.8888 0.4574 -0.0284
vn 0.8483 0.5292 -0.0193
vn 0.8984 0.4385 -0.0260
vn 0.8662 0.4989 -0.0279
vn 0.9935 0.1117 -0.0221
vn 0.9930 0.1126 -0.0368
vn 0.9381 0.3450 -0.0290
vn 0.9288 0.3704 -0.0149
vn 0.9985 -0.0479 -0.0259
vn 0.9981 -0.0493 -0.0366
vn 0.9918 0.1233 -0.0333
vn 0.9364 0.3493 -0.0333
vn 0.9979 -0.0509 -0.0400
vn 0.9982 -0.0577 -0.0161
vn 0.9910 0.1330 -0.0144
vn 0.9294 0.3684 -0.0202
vn 0.9974 -0.0617 -0.0371
vn 0.9983 -0.0478 -0.0344
vn 0.9973 -0.0611 -0.0412
vn 0.9981 -0.0543 -0.0276
vn 0.9273 0.3741 -0.0104
vn 0.9944 0.1042 -0.0181
vn 0.9988 -0.0427 -0.0234
vn 0.9986 -0.0401 -0.0340
vn 0.9990 -0.0152 -0.0421
vn 0.9990 -0.0186 -0.0399
vn 0.9990 -0.0243 -0.0386
vn 0.9990 -0.0213 -0.0381
vn 0.9996 -0.0122 -0.0247
vn 0.9987 -0.0503 0.0052
vn 0.9999 -0.0079 -0.0073
vn 0.8976 0.4405 -0.0175
vn 0.9197 0.3925 0.0010
vn 0.8723 0.4876 -0.0358
vn 0.9792 0.2030 -0.0003
vn 0.9985 -0.0540 0.0005
vn -0.4066 0.9117 -0.0591
vn -0.4662 0.8842 -0.0285
vn -0.4762 0.8790 -0.0233
vn -0.5653 0.8246 0.0190
vn -0.5865 0.8095 0.0278
vn -0.5775 0.8156 0.0348
vn -0.5805 0.8135 0.0351
vn -0.4427 0.8967 -0.0002
vn -0.4812 0.8766 0.0116
vn -0.3099 0.9500 -0.0387
vn 0.9278 0.3552 -0.1145
vn 0.8662 0.4960 -0.0607
vn 0.8341 0.5505 -0.0355
vn 0.8954 0.4420 -0.0531
vn 0.9329 0.3556 -0.0574
vn 0.9592 0.2533 -0.1258
vn 0.9099 0.4143 -0.0205
vn 0.9084 0.4176 -0.0202
vn 0.8659 0.5002 -0.0051
vn 0.7909 0.6120 0.0019
vn 0.8999 0.4360 0.0036
vn 0.9120 0.4101 0.0113
vn 0.8729 0.4880 -0.0006
vn 0.8036 0.5952 -0.0031
vn 0.8983 0.4392 0.0122
vn 0.9168 0.3989 0.0199
vn 0.8799 0.4750 0.0122
vn 0.8456 0.5338 0.0035
vn 0.8201 0.5715 -0.0273
vn 0.7584 0.6517 -0.0118
vn 0.6625 0.7491 0.0053
vn 0.6674 0.7447 -0.0010
vn 0.7318 0.6815 -0.0027
vn 0.8976 0.4407 -0.0104
vn 0.8817 0.4717 0.0066
vn 0.8551 0.5185 0.0036
vn -0.0000 0.6184 -0.7859
vn -0.0000 0.6218 -0.7832
vn -0.0000 0.2976 -0.9547
vn -0.0000 -0.1028 -0.9947
vn -0.0000 -0.2148 -0.9767
vn -0.0000 0.9949 -0.1007
vn -0.0000 0.9872 -0.1594
vn -0.0000 0.8885 0.4589
vn -0.0000 0.9027 0.4303
vn -0.0000 -0.9844 -0.1761
vn -0.0000 -0.0276 -0.9996
vn -0.0000 -0.6027 -0.7979
vn -0.0000 -0.4327 0.9016
vn -0.0000 -0.0245 0.9997
vn -0.0000 -0.5885 0.8085
vn -0.0000 0.3364 0.9417
vn -0.0000 0.6978 0.7163
vn -0.0000 -0.5369 -0.8436
vn -0.0000 0.1813 -0.9834
vn -0.0000 -0.0533 0.9986
vn -0.3193 0.7588 0.5677
vn -0.3180 0.8170 0.4810
vn -0.3378 0.7792 0.5280
vn -0.2931 0.7646 0.5740
vn -0.4104 0.6946 0.5909
vn -0.3018 0.8575 0.4166
vn -0.5358 0.6275 0.5650
vn -0.5478 0.5373 0.6412
vn -0.4280 0.7385 0.5210
vn -0.5656 0.6724 0.4774
vn -0.4966 0.8026 0.3306
vn -0.3708 0.8532 0.3667
vn -0.4414 0.8627 0.2466
vn -0.3741 0.9079 0.1890
vn -0.3859 0.8982 0.2107
vn -0.4041 0.9031 0.1453
vn -0.1100 0.9565 0.2701
vn -0.1861 0.9645 0.1876
vn -0.2752 0.9467 0.1671
vn -0.2385 0.9452 0.2229
vn -0.1833 0.8026 0.5677
vn -0.2580 0.7654 0.5896
vn -0.1778 0.9193 0.3510
vn -0.0246 0.9296 0.3677
vn -0.4971 0.6487 0.5762
vn -0.4521 0.8304 0.3257
vn -0.6823 0.3808 0.6241
vn -0.6997 0.1677 0.6945
vn -0.6210 0.1741 0.7643
vn -0.5930 0.4628 0.6589
vn -0.5195 0.6738 0.5254
vn -0.6287 0.5870 0.5100
vn -0.4529 0.8143 0.3630
vn -0.5749 0.7445 0.3395
vn -0.4618 0.8705 0.1700
vn -0.6138 0.7768 0.1411
vn -0.6894 0.0478 0.7228
vn -0.6170 0.0626 0.7845
vn -0.7233 0.0609 0.6878
vn -0.6615 0.1479 0.7352
vn -0.9956 -0.0210 -0.0908
vn -0.9953 -0.0473 -0.0846
vn -0.9930 -0.0407 -0.1109
vn -0.9945 -0.0236 -0.1020
vn -0.9964 -0.0354 -0.0765
vn -0.9918 0.0073 -0.1279
vn -0.9887 0.1063 -0.1054
vn -0.9622 0.2200 -0.1609
vn -0.9192 0.3702 -0.1341
vn -0.8142 0.5593 -0.1560
vn -0.7710 0.6357 -0.0365
vn -0.6081 0.7937 -0.0143
vn -0.9948 -0.0326 -0.0963
vn -0.9960 -0.0219 -0.0867
vn -0.9949 0.0167 -0.0996
vn -0.9555 0.2836 -0.0811
vn -0.7528 0.6567 -0.0447
vn -0.4946 0.8686 0.0288
vn -0.4982 0.8630 0.0840
vn -0.6466 0.7612 0.0504
vn -0.9964 -0.0273 -0.0803
vn -0.9972 -0.0155 -0.0730
vn -0.9974 -0.0121 -0.0706
vn -0.9799 0.1972 -0.0302
vn -0.8706 0.4919 0.0097
vn -0.7254 0.6866 0.0491
vn -0.9967 -0.0219 -0.0781
vn -0.9973 -0.0113 -0.0721
vn -0.9971 -0.0226 -0.0728
vn -0.9816 0.1900 -0.0196
vn -0.8888 0.4572 0.0319
vn -0.7498 0.6575 0.0739
vn -0.1984 0.9696 0.1433
vn -0.3326 0.9339 0.1316
vn -0.4079 0.9068 0.1068
vn -0.4474 0.8903 0.0847
vn -0.2306 0.9662 0.1156
vn -0.2529 0.9628 0.0953
vn -0.5757 0.8129 0.0878
vn -0.2463 0.9663 0.0741
vn -0.7190 0.6702 0.1839
vn -0.7155 0.6744 0.1823
vn -0.7801 0.6068 0.1523
vn -0.7880 0.5986 0.1440
vn -0.8208 0.5709 0.0172
vn -0.8202 0.5716 0.0235
vn -0.7475 0.6381 0.1847
vn -0.7533 0.6328 0.1792
vn -0.8068 0.5888 -0.0484
vn -0.8082 0.5868 -0.0500
vn -0.6768 0.7336 -0.0622
vn -0.7022 0.7097 -0.0565
vn -0.5473 0.8228 -0.1532
vn -0.5517 0.8210 -0.1472
vn -0.9957 -0.0196 0.0905
vn -0.9936 -0.0471 0.1027
vn -0.9809 -0.0401 0.1902
vn -0.9816 -0.0118 0.1904
vn -0.9888 -0.0229 0.1478
vn -0.9781 -0.0020 0.2082
vn -0.9444 0.2933 0.1486
vn -0.9619 0.2036 0.1824
vn -0.8568 0.5063 0.0978
vn -0.8942 0.4323 0.1168
vn -0.9124 -0.0975 -0.3975
vn -0.8845 -0.0315 -0.4654
vn -0.9159 0.0105 -0.4013
vn -0.9454 -0.1523 -0.2880
vn -0.7808 0.5641 -0.2685
vn -0.7340 0.6252 -0.2652
vn -0.7850 0.5224 -0.3331
vn -0.8298 0.4497 -0.3304
vn -0.7967 0.6044 0.0021
vn -0.7201 0.6939 -0.0025
vn -0.6892 0.7106 -0.1416
vn -0.7687 0.6251 -0.1352
vn -0.9298 -0.1553 -0.3338
vn -0.9383 -0.2779 -0.2059
vn -0.8258 0.5609 -0.0586
vn -0.8217 0.5696 -0.0189
vn -0.8581 0.5134 -0.0106
vn -0.8473 0.5293 -0.0451
vn -0.8291 0.5578 0.0380
vn -0.8725 0.4840 0.0674
vn -0.7353 0.6773 -0.0249
vn -0.7040 0.6979 -0.1318
vn -0.7410 0.6691 -0.0572
vn -0.7413 0.6635 -0.1013
vn -0.6322 0.7587 -0.1573
vn -0.6801 0.7198 -0.1389
vn -0.7317 0.6375 -0.2412
vn -0.7748 0.5540 -0.3047
vn -0.6600 0.7056 -0.2580
vn -0.5906 0.7602 -0.2708
vn -0.6065 0.7074 -0.3631
vn -0.6909 0.6409 -0.3345
vn -0.8466 0.4016 -0.3494
vn -0.8768 0.3323 -0.3474
vn -0.8115 0.4585 -0.3623
vn -0.7394 0.5335 -0.4106
vn -0.6522 0.6240 -0.4305
vn -0.6045 0.1105 -0.7889
vn -0.6181 0.2468 -0.7464
vn -0.7714 0.1672 -0.6140
vn -0.7781 0.0637 -0.6249
vn -0.8588 0.0181 -0.5120
vn -0.8813 0.0816 -0.4655
vn -0.2842 0.1083 -0.9526
vn -0.4174 0.1281 -0.8996
vn -0.4351 0.1247 -0.8917
vn -0.3117 0.1169 -0.9430
vn -0.4360 0.1452 -0.8882
vn -0.3081 0.1528 -0.9390
vn -0.6050 0.1349 -0.7847
vn -0.6401 0.1929 -0.7437
vn -0.5894 0.1027 -0.8013
vn -0.4284 0.4955 -0.7557
vn -0.6053 0.5323 -0.5919
vn -0.3100 0.4676 -0.8278
vn -0.4149 0.5942 -0.6890
vn -0.2624 0.6418 -0.7206
vn -0.1875 0.4828 -0.8554
vn -0.8167 0.4876 -0.3086
vn -0.7426 0.6373 -0.2062
vn -0.7426 0.4968 -0.4492
vn -0.6574 0.7318 -0.1800
vn -0.7528 0.6401 -0.1534
vn -0.5493 0.8045 -0.2261
vn -0.4607 0.8629 -0.2079
vn -0.2992 0.9283 -0.2207
vn -0.5263 0.8174 -0.2340
vn -0.2789 0.8836 -0.3761
vn -0.4607 0.7448 -0.4828
vn -0.1627 0.6146 -0.7719
vn -0.1225 0.4732 -0.8724
vn -0.7929 0.5696 -0.2167
vn -0.6933 0.5855 -0.4202
vn -0.5536 0.5838 -0.5939
vn -0.4153 0.1770 -0.8923
vn -0.2557 0.0355 -0.9661
vn -0.2255 0.6312 -0.7421
vn -0.2185 0.6338 -0.7420
vn -0.1120 0.6619 -0.7412
vn -0.1085 0.6623 -0.7414
vn -0.4394 0.3108 -0.8428
vn -0.1896 0.6596 -0.7273
vn -0.0776 0.6300 -0.7727
vn -0.0712 0.5876 -0.8060
vn -0.0649 0.4639 -0.8835
vn -0.0609 0.3000 -0.9520
vn -0.0405 0.6342 -0.7721
vn -0.0602 0.6560 -0.7523
vn -0.0609 0.6570 -0.7514
vn -0.8986 -0.3418 -0.2753
vn -0.9031 -0.3994 -0.1575
vn -0.8682 -0.2610 -0.4220
vn -0.8342 -0.2389 -0.4970
vn -0.7520 -0.1742 -0.6358
vn -0.6266 -0.1157 -0.7707
vn -0.4405 -0.0852 -0.8937
vn -0.2902 0.0249 -0.9566
vn -0.2735 -0.0877 -0.9579
vn -0.1429 0.0022 -0.9897
vn -0.1444 -0.0933 -0.9851
vn -0.0960 -0.0013 -0.9954
vn -0.0959 -0.0960 -0.9908
vn -0.0642 -0.0008 -0.9979
vn -0.0610 -0.0991 -0.9932
vn -0.8665 -0.4231 -0.2647
vn -0.8796 -0.4588 -0.1260
vn -0.7886 -0.4448 -0.4246
vn -0.7333 -0.4699 -0.4915
vn -0.6770 -0.4264 -0.5999
vn -0.5994 -0.3139 -0.7363
vn -0.4313 -0.2306 -0.8722
vn -0.2815 -0.2072 -0.9369
vn -0.1499 -0.1986 -0.9686
vn -0.0963 -0.1939 -0.9763
vn -0.0595 -0.2064 -0.9767
vn -0.0551 0.9890 -0.1376
vn -0.0609 0.9817 -0.1804
vn -0.1444 0.9693 -0.1988
vn -0.1248 0.9777 -0.1691
vn -0.1269 0.9682 -0.2154
vn -0.0638 0.9771 -0.2031
vn -0.2375 0.9502 -0.2017
vn -0.3547 0.9079 -0.2233
vn -0.4211 0.8742 -0.2417
vn -0.6166 0.7579 -0.2130
vn -0.4675 0.8460 -0.2563
vn -0.4799 0.8408 -0.2505
vn -0.8678 0.4936 -0.0575
vn -0.8876 0.4560 -0.0646
vn -0.8480 0.5228 -0.0865
vn -0.8473 0.5292 -0.0451
vn -0.0329 0.9883 -0.1486
vn -0.0365 0.9754 -0.2173
vn -0.0351 0.9604 -0.2763
vn -0.0347 0.9590 -0.2811
vn -0.0350 0.9559 -0.2916
vn -0.0346 0.9528 -0.3018
vn -0.0527 0.9564 -0.2871
vn -0.0609 0.9536 -0.2949
vn -0.0555 0.9578 -0.2822
vn -0.0765 0.9547 -0.2876
vn -0.0476 0.9585 -0.2810
vn -0.0323 0.9594 -0.2800
vn -0.0489 0.9592 -0.2786
vn -0.0327 0.9592 -0.2810
vn -0.0544 0.9705 -0.2348
vn -0.0412 0.9659 -0.2555
vn -0.0618 0.9834 -0.1703
vn -0.0607 0.9802 -0.1887
vn -0.1602 0.9801 0.1175
vn -0.1121 0.9894 0.0919
vn -0.0923 0.9955 0.0232
vn -0.1258 0.9909 0.0477
vn -0.0754 0.9929 -0.0921
vn -0.0902 0.9921 -0.0874
vn -0.0679 0.9863 -0.1501
vn -0.0957 0.9848 -0.1450
vn -0.0387 0.9869 -0.1566
vn -0.0401 0.9946 -0.0958
vn -0.0447 0.9989 0.0141
vn -0.0464 0.9962 0.0740
vn -0.0967 0.9933 -0.0634
vn -0.1723 0.8610 0.4784
vn -0.2184 0.8636 0.4543
vn -0.2368 0.8701 0.4322
vn -0.1973 0.8783 0.4354
vn -0.2949 0.8692 0.3970
vn -0.2412 0.8846 0.3991
vn -0.2812 0.8778 0.3879
vn -0.3515 0.8565 0.3780
vn -0.3681 0.8518 0.3728
vn -0.2777 0.8785 0.3886
vn -0.1177 0.8767 0.4663
vn -0.0466 0.8818 0.4693
vn -0.1007 0.8720 0.4790
vn -0.1622 0.9043 0.3948
vn -0.1792 0.9020 0.3927
vn -0.1310 0.9028 0.4096
vn -0.1105 0.9076 0.4050
vn -0.1069 0.9135 0.3926
vn -0.1140 0.9137 0.3901
vn -0.1446 0.9101 0.3882
vn -0.1784 0.9032 0.3904
vn -0.0730 0.9185 0.3886
vn -0.0346 0.9205 0.3893
vn -0.0399 0.9201 0.3896
vn -0.0399 0.9197 0.3905
vn -0.0401 0.9039 0.4258
vn -0.7135 0.0227 0.7003
vn -0.6687 -0.0753 0.7397
vn -0.6736 -0.0654 0.7362
vn -0.6196 -0.2621 0.7399
vn -0.6194 -0.2702 0.7371
vn -0.7481 -0.3841 0.5411
vn -0.7175 -0.3792 0.5843
vn -0.9386 -0.2854 0.1937
vn -0.9497 -0.2651 0.1666
vn -0.9759 -0.2092 0.0615
vn -0.9759 -0.2092 0.0616
vn -0.9839 -0.1783 0.0097
vn -0.9842 -0.1770 0.0089
vn -0.9926 -0.1201 0.0164
vn -0.9926 -0.1206 0.0149
vn -0.9853 -0.1705 -0.0117
vn -0.9898 -0.1414 0.0171
vn -0.9797 -0.1773 -0.0936
vn -0.9797 -0.1777 -0.0931
vn -0.9733 -0.1539 -0.1705
vn -0.9720 -0.1552 -0.1765
vn -0.9343 -0.1651 -0.3158
vn -0.9349 -0.1651 -0.3141
vn -0.9218 -0.0394 -0.3856
vn -0.9277 -0.0035 -0.3733
vn -0.0009 -0.0172 -0.9999
vn -0.0009 -0.0173 -0.9999
vn -0.9991 0.0004 0.0436
vn -0.9992 0.0178 0.0372
vn -0.9984 -0.0341 0.0449
vn -0.9981 -0.0406 0.0463
vn -0.9950 -0.0897 0.0444
vn -0.9925 -0.1136 0.0443
vn -0.9945 -0.1039 0.0117
vn -0.9931 -0.1108 0.0381
vn -0.9708 -0.2399 0.0101
vn -0.9692 -0.2253 -0.0989
vn -0.9811 -0.1929 0.0164
vn -0.9851 -0.1649 0.0484
vn -0.9985 -0.0531 0.0144
vn -0.9648 -0.2270 -0.1329
vn -0.9692 -0.2423 0.0434
vn -0.9924 -0.1195 0.0305
vn -0.9971 -0.0607 0.0454
vn -0.9891 0.1449 0.0251
vn -0.9712 0.1732 0.1637
vn -0.9830 -0.1775 0.0467
vn -0.9956 -0.0923 0.0180
vn -0.9972 -0.0536 0.0519
vn -0.9969 0.0760 0.0204
vn -0.9981 -0.0617 0.0005
vn -0.9996 -0.0233 0.0155
vn -0.9995 -0.0107 0.0310
vn -0.9989 -0.0255 0.0390
vn -0.9869 -0.0050 0.1613
vn -0.9878 -0.0260 0.1538
vn -0.6370 0.0116 0.7708
vn -0.7085 0.0074 0.7056
vn -0.7026 0.0035 0.7116
vn -0.6283 0.0095 0.7779
vn -0.4146 0.0064 0.9100
vn -0.4949 0.0124 0.8689
vn -0.4858 0.0170 0.8739
vn -0.4058 0.0210 0.9137
vn -0.4856 0.0240 0.8738
vn -0.3977 0.0343 0.9169
vn -0.6157 0.0080 0.7880
vn -0.6939 -0.0023 0.7200
vn -0.8381 0.1052 -0.5353
vn -0.8260 0.1171 -0.5514
vn -0.8306 0.1280 -0.5419
vn -0.8408 0.1213 -0.5276
vn -0.8388 0.1480 -0.5239
vn -0.8478 0.1392 -0.5117
vn -0.8545 0.1088 -0.5079
vn -0.8524 0.0905 -0.5150
vn -0.8566 0.1303 -0.4993
vn -0.9962 -0.0729 -0.0471
vn -0.9968 -0.0660 -0.0449
vn -0.9934 -0.1070 -0.0423
vn -0.9931 -0.1097 -0.0419
vn -0.9886 -0.1375 -0.0607
vn -0.9925 -0.0999 -0.0710
vn -0.9865 -0.1322 -0.0963
vn -0.9919 -0.0678 -0.1072
vn -0.9748 -0.2185 -0.0455
vn -0.9213 -0.3846 -0.0580
vn -0.9932 -0.1089 -0.0420
vn -0.9968 -0.0685 -0.0410
vn -0.9547 -0.2953 -0.0378
vn -0.8131 -0.5812 -0.0340
vn -0.9929 -0.1110 -0.0418
vn -0.9963 -0.0764 -0.0383
vn -0.6734 -0.7392 -0.0099
vn -0.6616 -0.7498 -0.0080
vn -0.9927 -0.1135 -0.0414
vn -0.9884 -0.1470 -0.0370
vn -0.9960 -0.0807 -0.0386
vn -0.6802 -0.7265 0.0977
vn -0.6984 -0.7059 0.1178
vn -0.9924 -0.1162 -0.0411
vn -0.9872 -0.1553 -0.0358
vn -0.9958 -0.0830 -0.0391
vn -0.7424 -0.6481 0.1698
vn -0.9909 -0.1286 -0.0394
vn -0.9866 -0.1592 -0.0353
vn -0.9956 -0.0829 -0.0447
vn -0.9956 -0.0894 -0.0276
vn -0.9934 -0.1078 -0.0392
vn -0.9952 -0.0892 -0.0397
vn -0.9955 -0.0870 -0.0385
vn -0.9964 -0.0773 -0.0335
vn -0.9972 -0.0647 -0.0369
vn -0.9977 -0.0541 -0.0416
vn -0.0020 -1.0000 0.0023
vn -0.0783 -0.9968 0.0139
vn -0.0001 -0.9983 -0.0589
vn -0.0001 -0.9985 -0.0552
vn -0.0001 -0.9985 -0.0553
vn -0.8110 -0.0420 -0.5836
vn -0.7986 -0.1078 -0.5921
vn -0.7840 -0.1683 -0.5976
vn -0.7769 -0.2839 -0.5620
vn -0.7762 -0.2815 -0.5642
vn -0.7896 -0.4117 -0.4551
vn -0.7881 -0.4402 -0.4303
vn -0.7911 -0.5198 -0.3225
vn -0.7964 -0.5512 -0.2488
vn -0.8108 -0.5742 -0.1134
vn -0.8272 -0.5568 -0.0760
vn -0.8080 -0.2542 0.5315
vn -0.7343 -0.2735 0.6213
vn -0.7848 -0.2373 0.5725
vn -0.8081 -0.2495 0.5335
vn -0.7939 -0.3014 0.5281
vn -0.8027 -0.2833 0.5247
vn -0.6605 -0.3408 0.6690
vn -0.6837 -0.3180 0.6569
vn -0.7916 -0.3409 0.5071
vn -0.7901 -0.3813 0.4799
vn -0.7897 -0.4865 0.3738
vn -0.7934 -0.4806 0.3735
vn -0.8083 -0.5298 0.2569
vn -0.8109 -0.4892 0.3211
vn -0.7975 -0.5189 0.3077
vn -0.8192 -0.5351 0.2063
vn -0.8386 -0.5414 0.0605
vn -0.8398 -0.5413 0.0418
vn -0.6271 -0.3717 0.6846
vn -0.9355 -0.2256 -0.2721
vn -0.9386 -0.0834 -0.3349
vn -0.9562 -0.0244 0.2916
vn -0.9535 -0.0028 0.3015
vn -0.9648 0.0139 0.2625
vn -0.9604 0.2028 0.1912
vn -0.9313 0.3469 0.1115
vn -0.8913 0.4530 0.0181
vn -0.8680 0.4848 -0.1077
vn -0.8770 0.4159 -0.2405
vn -0.9013 0.3328 -0.2772
vn -0.9412 0.1125 -0.3187
vn -0.9190 0.1407 -0.3683
vn -0.9236 0.0535 -0.3795
vn -0.9512 0.0161 -0.3081
vn -0.9157 -0.0400 -0.3999
vn -0.9220 0.2503 -0.2952
vn -0.9120 -0.3929 -0.1177
vn -0.8765 -0.4766 -0.0676
vn -0.0018 -0.0534 0.9986
vn -0.0016 -0.0441 0.9990
vn -0.0006 -0.2217 0.9751
vn -0.0005 -0.2471 0.9690
vn 0.0026 -0.3513 0.9363
vn 0.0023 -0.3504 0.9366
vn 0.0002 -0.4677 0.8839
vn -0.0015 -0.5055 0.8628
vn -0.0001 -0.8031 0.5959
vn -0.0000 -0.8016 0.5978
vn -0.0063 -0.7286 0.6849
vn -0.0067 -0.7265 0.6872
vn -0.0020 -0.0415 0.9991
vn -0.0016 -0.0379 0.9993
vn -0.0001 -0.9985 -0.0555
vn -0.0034 -0.9992 -0.0389
vn -0.1751 -0.9842 -0.0244
vn -0.0000 -0.9514 0.3079
vn -0.5106 -0.6450 0.5685
vn -0.4657 -0.5859 0.6632
vn -0.4635 -0.5839 0.6666
vn -0.5130 -0.7468 0.4231
vn -0.6004 -0.6972 0.3916
vn -0.5281 -0.7485 0.4012
vn -0.6303 -0.6733 0.3865
vn -0.3536 -0.4690 0.8093
vn -0.3542 -0.4697 0.8087
vn -0.2688 -0.4335 0.8601
vn -0.2365 -0.4404 0.8661
vn -0.1043 -0.4165 0.9031
vn -0.1485 -0.4406 0.8853
vn -0.0641 -0.3939 0.9169
vn -0.0641 -0.3938 0.9170
vn -0.7564 -0.6436 -0.1168
vn -0.0037 -0.7332 -0.6800
vn -0.0044 -0.5768 -0.8169
vn -0.0040 -0.7440 -0.6682
vn -0.0046 -0.5356 -0.8444
vn -0.0051 -0.8086 -0.5883
vn -0.7597 0.1104 0.6408
vn -0.7084 0.2262 0.6686
vn -0.9376 0.1271 -0.3236
vn -0.0018 0.0447 -0.9990
vn -0.9344 0.1664 0.3150
vn -0.0045 -0.5124 -0.8588
vn -0.0045 -0.5081 -0.8613
vn 0.0029 -1.0000 -0.0078
vn 0.0043 -1.0000 -0.0086
vn 0.0045 -1.0000 -0.0062
vn 0.0045 -1.0000 -0.0058
vn 0.0026 -1.0000 -0.0071
vn 0.0070 -0.9999 -0.0072
vn 0.0039 -0.9999 -0.0115
vn -0.0016 -0.9991 -0.0423
vn -0.0014 -0.9993 -0.0368
vn 0.0021 -0.9999 -0.0142
vn -0.0078 -0.9839 -0.1786
vn -0.0044 -0.9828 -0.1847
vn -0.0111 -0.9833 -0.1817
vn -0.0053 -0.9820 -0.1886
vn -0.0087 -0.9810 -0.1939
vn -0.0420 -0.9739 -0.2229
vn -0.0807 -0.9652 -0.2487
vn -0.2028 -0.9292 -0.3090
vn -0.2072 -0.9276 -0.3108
vn -0.1338 -0.9450 -0.2986
vn -0.1047 -0.9489 -0.2976
vn 0.0358 -0.9505 -0.3086
vn -0.1568 -0.9506 -0.2678
vn 0.1451 0.4027 0.9037
vn 0.1494 0.4024 0.9032
vn -0.0079 -0.0331 -0.9994
vn -0.0065 -0.0328 -0.9994
vn -0.0613 -0.0394 -0.9973
vn -0.0615 -0.0394 -0.9973
vn -0.0879 -0.0392 -0.9954
vn 0.9388 0.3420 -0.0413
vn 0.9442 0.3274 -0.0376
vn 0.9440 0.3279 -0.0377
vn 0.9530 0.2996 -0.0449
vn 0.9529 0.3000 -0.0446
vn 0.9579 0.2842 -0.0414
vn 0.9578 0.2843 -0.0418
vn 0.9535 0.2988 0.0397
vn 0.9525 0.3007 0.0489
vn 0.2882 0.3979 0.8710
vn 0.2780 0.3980 0.8743
vn 0.4829 0.3866 0.7858
vn 0.9010 0.3386 0.2712
vn 0.8480 0.3472 0.4004
vn 0.8252 0.3709 0.4261
vn 0.8590 0.3350 0.3871
vn -0.1151 0.2176 0.9692
vn -0.0965 0.2135 0.9722
vn -0.0975 0.2137 0.9720
vn 0.7972 0.4014 0.4509
vn 0.7767 0.4285 0.4617
vn 0.7606 0.4614 0.4568
vn 0.7638 0.4735 0.4385
vn 0.5395 -0.1075 -0.8351
vn 0.5315 -0.1214 -0.8383
vn 0.5524 -0.0844 -0.8293
vn 0.7655 0.4805 0.4279
vn -0.0422 0.2222 0.9741
vn -0.0440 0.2217 0.9741
vn 0.2328 -0.2676 -0.9350
vn 0.2213 -0.2704 -0.9370
vn 0.3738 -0.2144 -0.9024
vn 0.4171 -0.1940 -0.8879
vn 0.0485 -0.3772 -0.9249
vn 0.0477 -0.3793 -0.9241
vn 0.0423 -0.4126 -0.9100
vn 0.6476 -0.7194 0.2511
vn -0.1007 -0.0405 0.9941
vn -0.1811 -0.0267 0.9831
vn -0.0751 -0.0321 0.9967
vn -0.1841 -0.0348 0.9823
vn -0.2385 -0.0183 0.9710
vn -0.2493 -0.0133 0.9683
vn -0.2543 -0.0128 0.9670
vn -0.3262 0.0075 0.9453
vn -0.3464 -0.0008 0.9381
vn -0.0614 0.0794 -0.9950
vn -0.0610 0.0797 -0.9950
vn -0.0852 0.0830 -0.9929
vn -0.0752 0.0841 -0.9936
vn -0.0903 0.0976 -0.9911
vn -0.0908 0.0980 -0.9910
vn -0.0608 0.0801 -0.9949
vn -0.0619 0.0846 -0.9945
vn -0.0898 0.0971 -0.9912
vn -0.1403 -0.5776 0.8041
vn -0.2228 -0.5666 0.7933
vn -0.2092 -0.5683 0.7958
vn -0.1462 -0.5761 0.8042
vn -0.0892 -0.5859 0.8054
vn -0.0832 -0.5865 0.8057
vn -0.2661 -0.5604 0.7843
vn -0.0344 -0.5886 0.8077
vn -0.0324 -0.5885 0.8078
vn 0.4189 -0.0883 0.9037
vn 0.4404 -0.0545 0.8961
vn 0.4410 -0.0537 0.8959
vn 0.4587 -0.0250 0.8883
vn 0.3375 0.9407 -0.0350
vn 0.0968 0.9952 0.0162
vn 0.3004 0.9538 -0.0057
vn -0.1921 0.6627 0.7238
vn -0.0733 0.7827 0.6181
vn 0.0108 0.9982 0.0584
vn -0.0546 0.7808 0.6223
vn 0.0026 0.9987 0.0502
vn -0.2802 0.3276 0.9023
vn -0.3729 0.2533 0.8926
vn -0.4068 0.2253 0.8853
vn -0.2646 0.3323 0.9053
vn -0.0768 0.3409 0.9370
vn -0.1992 0.3418 0.9184
vn -0.1974 0.3412 0.9190
vn -0.0704 0.3422 0.9370
vn -0.0466 0.3455 0.9373
vn 0.0383 -0.9993 -0.0004
vn 0.0426 -0.9991 -0.0004
vn 0.0191 -0.9998 -0.0003
vn 0.0148 -0.9999 -0.0002
vn -0.0008 -1.0000 -0.0000
vn 0.0003 -1.0000 -0.0000
vn 0.0024 -1.0000 -0.0000
vn 0.0026 -1.0000 -0.0000
vn 0.9972 -0.0753 -0.0000
vn 0.9973 -0.0736 -0.0000
vn 0.9915 -0.1300 -0.0000
vn 0.0513 -0.9987 -0.0004
vn 0.9997 -0.0235 -0.0000
vn 0.1233 0.9924 -0.0001
vn 0.2931 0.9561 -0.0000
vn 0.0076 1.0000 -0.0000
vn 0.0224 0.9997 -0.0001
vn -0.3996 0.3767 0.8357
vn -0.2198 0.5894 0.7774
vn -0.3313 0.3978 0.8555
vn -0.0631 0.7032 0.7082
vn -0.0956 0.7155 0.6920
vn -0.8262 -0.1087 0.5528
vn -0.9961 -0.0328 0.0823
vn -0.5824 0.0067 0.8129
vn -0.4740 0.1200 0.8723
vn -0.5059 -0.5536 0.6615
vn -0.4679 -0.5828 0.6644
vn -0.4398 -0.6031 0.6655
vn -0.9882 0.1300 0.0814
vn -0.9033 0.1052 0.4160
vn -0.5099 -0.5858 0.6299
vn -0.5310 -0.5760 0.6215
vn -0.5984 -0.5412 0.5908
vn 0.3877 0.0996 0.9164
vn 0.4251 0.2318 0.8750
vn 0.4182 0.2053 0.8848
vn 0.4516 0.3482 0.8215
vn -0.3539 0.8320 0.4272
vn -0.3115 0.8348 0.4540
vn -0.3125 0.8347 0.4534
vn -0.3325 0.8135 0.4771
vn -0.3337 0.8131 0.4770
vn -0.4067 0.7846 0.4679
vn -0.4562 0.1917 0.8690
vn -0.4615 0.1925 0.8660
vn -0.6555 0.2364 0.7172
vn -0.6514 0.2352 0.7213
vn -0.6381 0.2281 0.7354
vn -0.5564 0.0757 0.8275
vn -0.6252 0.2949 0.7227
vn -0.9834 -0.1812 -0.0000
vn -0.9987 -0.0509 -0.0003
vn -0.1754 -0.9845 -0.0000
vn -0.0612 -0.9981 -0.0000
vn -0.2897 -0.9571 -0.0000
vn 0.0569 -0.9984 -0.0001
vn 0.0605 -0.9982 -0.0003
vn 0.0624 -0.9981 -0.0004
vn 0.9903 0.1388 -0.0000
vn 0.9931 0.1169 -0.0000
vn 0.9996 0.0277 -0.0000
vn 0.9705 0.2411 -0.0000
vn -0.1519 0.9884 -0.0000
vn -0.0487 0.9988 -0.0000
vn 0.0646 0.9979 0.0001
vn 0.0670 0.9978 -0.0000
vn 0.0633 0.9980 0.0002
vn -0.9910 0.1337 -0.0000
vn -0.2563 0.9666 -0.0000
vn -0.4237 0.3636 0.8296
vn -0.5575 0.3956 0.7299
vn -0.5443 0.3954 0.7399
vn -0.6342 0.3566 0.6860
vn -0.5323 0.0220 0.8462
vn -0.4239 0.2144 0.8800
vn -0.2975 0.2490 -0.9217
vn -0.2736 0.2681 -0.9237
vn -0.2737 0.2680 -0.9237
vn -0.7191 0.6477 -0.2515
vn -0.6935 0.6524 -0.3055
vn -0.6879 0.6531 -0.3166
vn -0.2562 0.2818 -0.9247
vn -0.3044 -0.6626 -0.6844
vn -0.4821 -0.5444 -0.6864
vn -0.5448 -0.4922 -0.6789
vn -0.6189 -0.4214 -0.6629
vn -0.9944 0.0984 -0.0374
vn -0.9977 0.0674 0.0088
vn -0.9977 0.0676 0.0085
vn -0.9974 0.0291 0.0654
vn -0.6592 0.6550 -0.3693
vn -0.0456 -0.5295 -0.8471
vn -0.0451 -0.5342 -0.8442
vn -0.0469 -0.5339 -0.8443
vn -0.0422 -0.5291 -0.8475
vn 0.0365 -0.5200 -0.8534
vn 0.5792 0.1176 -0.8066
vn 0.6123 0.1159 -0.7820
vn 0.6126 0.1159 -0.7818
vn 0.6452 0.1140 -0.7554
vn -0.0056 0.7655 -0.6435
vn -0.0175 0.7701 -0.6377
vn -0.0322 0.7756 -0.6304
vn -0.0363 0.7751 -0.6308
vn -0.8773 -0.0439 -0.4780
vn -0.8875 0.2360 -0.3958
vn -0.8896 0.0829 -0.4492
vn -0.7648 0.3609 -0.5337
vn -0.7649 0.1412 -0.6285
vn -0.7499 0.0299 -0.6609
vn -0.8453 -0.0536 -0.5316
vn -0.1714 0.3139 -0.9339
vn -0.1179 0.4299 -0.8952
vn -0.8110 0.4297 -0.3971
vn -0.1608 0.1153 -0.9802
vn -0.1414 0.0863 -0.9862
vn -0.1325 0.0813 -0.9878
vn -0.0632 0.4269 -0.9021
vn -0.0843 0.1396 -0.9866
vn -0.0839 0.1402 -0.9866
vn -0.0653 0.1717 -0.9830
vn 0.5422 0.2724 -0.7949
vn 0.5421 0.2727 -0.7948
vn 0.2069 -0.9302 -0.3033
vn 0.2061 -0.9307 -0.3022
vn 0.2639 -0.8836 -0.3868
vn 0.1700 -0.9534 -0.2493
vn -0.5594 -0.1195 0.8202
vn -0.5594 -0.1199 0.8202
vn -0.5593 -0.1216 0.8200
vn -0.0897 0.9873 0.1314
vn -0.0909 0.9869 0.1333
vn -0.0671 0.9929 0.0984
vn -0.1137 0.9794 0.1667
vn 0.5422 0.2721 -0.7950
vn -0.5596 -0.1177 0.8204
vn 0.0604 -0.9982 0.0001
vn 0.0656 -0.9978 0.0001
vn 0.1914 -0.9815 -0.0000
vn 0.9998 0.0213 0.0002
vn 0.9994 0.0342 0.0001
vn 0.9993 0.0364 0.0001
vn 0.9988 0.0492 -0.0000
vn 0.0119 -0.9999 0.0001
vn 0.0139 -0.9999 0.0001
vn 0.0040 1.0000 -0.0000
vn 0.0029 1.0000 -0.0000
vn 0.0160 0.9999 -0.0001
vn 0.0201 0.9998 -0.0001
vn 0.0980 0.9952 -0.0000
vn -0.6949 -0.5081 -0.5089
vn -0.6778 -0.5353 -0.5040
vn -0.7543 -0.4136 -0.5100
vn -0.7960 -0.3603 -0.4864
vn -0.7060 -0.6064 -0.3659
vn -0.7046 -0.6061 -0.3689
vn -0.8136 -0.5721 -0.1036
vn -0.8138 -0.5719 -0.1031
vn -0.8245 -0.5598 0.0829
vn -0.8257 -0.5585 0.0791
vn -0.7636 -0.6164 0.1922
vn -0.7770 -0.6043 0.1764
vn -0.8482 -0.2815 -0.4488
vn -0.7124 -0.6567 0.2475
vn -0.5944 0.4245 0.6830
vn -0.5921 0.4240 0.6853
vn -0.6183 0.4303 0.6577
vn -0.5708 0.4186 0.7064
vn 0.6506 -0.7396 0.1722
vn 0.2450 -0.9684 0.0476
vn 0.2412 -0.9695 -0.0444
vn 0.6381 -0.7650 0.0874
vn 0.8335 -0.5188 0.1900
vn 0.8005 -0.5622 0.2075
vn 0.8007 -0.5805 0.1479
vn 0.8229 -0.5464 0.1558
vn 0.0554 -0.9983 0.0171
vn 0.0526 -0.9969 -0.0583
vn 0.8526 -0.4320 0.2941
vn 0.8212 -0.4694 0.3245
vn 0.6773 -0.6702 0.3036
vn 0.2705 -0.9471 0.1726
vn 0.0626 -0.9906 0.1213
vn 0.8136 -0.4091 0.4130
vn 0.8488 -0.3382 0.4065
vn 0.6665 -0.6417 0.3796
vn 0.2695 -0.9300 0.2499
vn 0.0645 -0.9797 0.1897
vn -0.6433 0.7469 -0.1680
vn -0.6252 0.7766 -0.0779
vn -0.2501 0.9673 0.0431
vn -0.2564 0.9651 -0.0533
vn -0.8333 0.5188 -0.1912
vn -0.8219 0.5482 -0.1551
vn -0.7950 0.5892 -0.1445
vn -0.7965 0.5691 -0.2044
vn -0.0582 0.9981 -0.0195
vn -0.0550 0.9969 0.0571
vn -0.8523 0.4329 -0.2936
vn -0.8178 0.4775 -0.3213
vn -0.6712 0.6769 -0.3022
vn -0.2841 0.9413 -0.1823
vn -0.0662 0.9901 -0.1239
vn -0.8100 0.4160 -0.4133
vn -0.8487 0.3414 -0.4039
vn -0.6644 0.6390 -0.3876
vn -0.2904 0.9187 -0.2676
vn -0.0695 0.9785 -0.1942
vn 0.2509 0.0484 0.9668
vn 0.4474 0.3844 0.8075
vn 0.4436 0.3734 0.8148
vn 0.2495 0.0471 0.9672
vn 0.4231 0.5734 0.7016
vn 0.3474 0.6328 0.6920
vn 0.4240 0.5726 0.7016
vn -0.5422 -0.8389 0.0481
vn -0.5092 -0.8595 0.0446
vn -0.5093 -0.8595 0.0446
vn 0.0895 -0.0433 0.9950
vn 0.0897 -0.0432 0.9950
vn -0.4569 -0.8884 0.0446
vn -0.4571 -0.8883 0.0446
vn -0.4171 -0.9075 0.0492
vn 0.0817 -0.6485 -0.7568
vn 0.0797 -0.5925 -0.8016
vn 0.0330 -0.4900 -0.8711
vn 0.0342 -0.4913 -0.8703
vn -0.0860 -0.3339 -0.9387
vn -0.0849 -0.3355 -0.9382
vn -0.0481 -0.2211 -0.9741
vn -0.0482 -0.2211 -0.9741
vn -0.8479 0.5301 0.0013
vn -0.7845 0.6201 0.0099
vn -0.7898 0.6133 0.0090
vn -0.8457 0.5337 -0.0008
vn -0.8158 0.5783 -0.0056
vn -0.8697 0.4934 -0.0154
vn -0.8481 0.5295 -0.0193
vn -0.8888 0.4574 -0.0284
vn -0.8662 0.4989 -0.0279
vn -0.8984 0.4385 -0.0260
vn -0.9935 0.1117 -0.0221
vn -0.9288 0.3704 -0.0149
vn -0.9381 0.3450 -0.0290
vn -0.9930 0.1126 -0.0368
vn -0.9985 -0.0479 -0.0259
vn -0.9981 -0.0493 -0.0366
vn -0.9366 0.3489 -0.0332
vn -0.9918 0.1233 -0.0333
vn -0.9979 -0.0509 -0.0400
vn -0.9910 0.1330 -0.0144
vn -0.9982 -0.0577 -0.0161
vn -0.9294 0.3684 -0.0202
vn -0.9974 -0.0617 -0.0371
vn -0.9983 -0.0478 -0.0344
vn -0.9973 -0.0611 -0.0412
vn -0.9981 -0.0543 -0.0276
vn -0.9273 0.3741 -0.0104
vn -0.9944 0.1042 -0.0181
vn -0.9988 -0.0427 -0.0234
vn -0.9986 -0.0400 -0.0340
vn -0.9990 -0.0186 -0.0399
vn -0.9990 -0.0152 -0.0421
vn -0.9990 -0.0243 -0.0386
vn -0.9990 -0.0213 -0.0381
vn -0.9996 -0.0122 -0.0247
vn -0.9987 -0.0503 0.0052
vn -0.9999 -0.0079 -0.0073
vn -0.8976 0.4405 -0.0175
vn -0.9197 0.3926 0.0009
vn -0.8723 0.4876 -0.0358
vn -0.9792 0.2030 -0.0003
vn -0.9985 -0.0540 0.0005
vn 0.4066 0.9117 -0.0591
vn 0.4762 0.8790 -0.0233
vn 0.4662 0.8842 -0.0285
vn 0.5865 0.8095 0.0278
vn 0.5653 0.8246 0.0190
vn 0.5806 0.8134 0.0351
vn 0.5775 0.8156 0.0348
vn 0.4812 0.8766 0.0116
vn 0.4427 0.8967 -0.0002
vn 0.3099 0.9500 -0.0387
vn -0.9278 0.3552 -0.1145
vn -0.8954 0.4420 -0.0531
vn -0.8341 0.5505 -0.0355
vn -0.8662 0.4960 -0.0607
vn -0.9592 0.2533 -0.1258
vn -0.9329 0.3556 -0.0574
vn -0.9084 0.4176 -0.0202
vn -0.9099 0.4143 -0.0205
vn -0.8659 0.5002 -0.0051
vn -0.7909 0.6120 0.0019
vn -0.9120 0.4101 0.0113
vn -0.8999 0.4360 0.0035
vn -0.8729 0.4880 -0.0006
vn -0.8036 0.5952 -0.0031
vn -0.9168 0.3989 0.0200
vn -0.8983 0.4392 0.0122
vn -0.8799 0.4750 0.0122
vn -0.8456 0.5338 0.0035
vn -0.7584 0.6517 -0.0118
vn -0.8201 0.5715 -0.0273
vn -0.6625 0.7491 0.0053
vn -0.6674 0.7447 -0.0010
vn -0.7318 0.6815 -0.0027
vn -0.8976 0.4407 -0.0104
vn -0.8817 0.4717 0.0066
vn -0.8551 0.5185 0.0036
vn 0.0896 0.8708 0.4833
vn 0.0778 0.8364 0.5426
vn 0.1414 0.8398 0.5241
vn 0.2423 0.8436 0.4792
vn 0.1598 0.9090 0.3850
vn 0.1805 0.8685 0.4616
vn 0.2275 0.8595 0.4577
vn 0.1817 0.9038 0.3874
vn 0.0668 0.9580 0.2787
vn 0.0800 0.9241 0.3736
vn 0.3097 0.8695 0.3849
vn 0.1469 0.9477 0.2833
vn 0.1372 0.8742 0.4659
vn 0.1941 0.8976 0.3959
vn 0.6643 0.6648 0.3419
vn 0.6643 0.7035 0.2527
vn 0.6690 0.6889 0.2791
vn 0.6973 0.7028 0.1408
vn 0.7021 0.6992 0.1347
vn 0.7598 0.6443 0.0869
vn 0.7543 0.6503 0.0900
vn 0.0584 0.9755 0.2122
vn 0.1254 0.9688 0.2139
vn 0.1166 0.9809 0.1558
vn 0.0542 0.9860 0.1578
vn 0.0941 0.9914 0.0912
vn 0.0514 0.9942 0.0943
vn 0.1612 0.9791 0.1237
vn 0.1385 0.9827 0.1230
vn 0.1332 0.9863 0.0974
vn 0.1475 0.9844 0.0960
vn 0.1516 0.9667 0.2059
vn 0.1464 0.9430 0.2990
vn 0.1416 0.9499 0.2785
vn 0.1313 0.9737 0.1865
vn 0.0902 0.8167 0.5700
vn 0.0533 0.8123 0.5808
vn 0.0413 0.7855 0.6175
vn 0.0855 0.7770 0.6237
vn 0.1323 0.7670 0.6278
vn 0.1239 0.8151 0.5659
vn 0.2605 0.8028 0.5363
vn 0.1930 0.8109 0.5524
vn 0.1856 0.7626 0.6197
vn 0.2669 0.7523 0.6023
vn 0.1896 0.9736 0.1271
vn 0.1669 0.9816 0.0929
vn 0.1392 0.9418 0.3061
vn 0.1669 0.9592 0.2283
vn -0.0000 0.9872 0.1592
vn -0.0000 0.9953 0.0967
vn -0.0000 0.9776 0.2107
vn -0.0000 0.9618 0.2736
vn -0.0000 0.9305 0.3663
vn -0.0000 0.8776 0.4795
vn -0.0000 0.8355 0.5495
vn -0.0000 0.8092 0.5875
vn -0.0000 0.7885 0.6150
vn 0.6709 0.7166 0.1906
vn 0.6684 0.7160 0.2016
vn 0.1620 0.9744 0.1561
vn 0.1887 0.9674 0.1687
vn 0.1364 0.9798 0.1465
vn 0.0938 0.9952 0.0275
vn 0.1043 0.9945 0.0112
vn 0.1496 0.9856 0.0785
vn 0.7890 0.6104 0.0702
vn 0.0773 0.9950 0.0628
vn 0.0502 0.9968 0.0628
vn -0.0000 0.9980 0.0628
vn -0.0584 0.4820 -0.8742
vn 0.0109 0.4818 -0.8762
vn -0.0000 0.4819 -0.8762
vn -0.0650 0.4819 -0.8738
vn -0.0000 0.4833 -0.8755
vn 0.1777 0.4722 -0.8634
vn -0.0948 0.9066 -0.4111
vn -0.1142 0.8301 -0.5458
vn -0.0661 0.9729 -0.2218
vn -0.0896 0.8708 0.4833
vn -0.2423 0.8436 0.4792
vn -0.1414 0.8398 0.5241
vn -0.0778 0.8364 0.5426
vn -0.1599 0.9090 0.3850
vn -0.1817 0.9038 0.3874
vn -0.2275 0.8595 0.4577
vn -0.1805 0.8686 0.4615
vn -0.0668 0.9580 0.2787
vn -0.1469 0.9477 0.2833
vn -0.3098 0.8694 0.3849
vn -0.0800 0.9241 0.3736
vn -0.1941 0.8976 0.3959
vn -0.1372 0.8742 0.4659
vn -0.6689 0.6889 0.2791
vn -0.6643 0.7035 0.2527
vn -0.6643 0.6648 0.3419
vn -0.6973 0.7028 0.1408
vn -0.7545 0.6502 0.0899
vn -0.7602 0.6439 0.0868
vn -0.7021 0.6992 0.1347
vn -0.0584 0.9755 0.2122
vn -0.0542 0.9860 0.1578
vn -0.1166 0.9809 0.1558
vn -0.1254 0.9688 0.2139
vn -0.0514 0.9942 0.0943
vn -0.0941 0.9914 0.0912
vn -0.1612 0.9791 0.1237
vn -0.1476 0.9844 0.0959
vn -0.1332 0.9863 0.0974
vn -0.1385 0.9827 0.1230
vn -0.1516 0.9667 0.2059
vn -0.1313 0.9737 0.1865
vn -0.1416 0.9499 0.2785
vn -0.1464 0.9429 0.2990
vn -0.0902 0.8167 0.5700
vn -0.0855 0.7770 0.6237
vn -0.0413 0.7855 0.6175
vn -0.0533 0.8123 0.5808
vn -0.1323 0.7670 0.6278
vn -0.1239 0.8151 0.5659
vn -0.2605 0.8028 0.5363
vn -0.2669 0.7523 0.6023
vn -0.1857 0.7626 0.6197
vn -0.1930 0.8109 0.5524
vn -0.1896 0.9736 0.1271
vn -0.1669 0.9816 0.0929
vn -0.1392 0.9418 0.3060
vn -0.1669 0.9592 0.2283
vn -0.6684 0.7160 0.2017
vn -0.6709 0.7166 0.1906
vn -0.1887 0.9674 0.1687
vn -0.1620 0.9744 0.1561
vn -0.1364 0.9798 0.1465
vn -0.1043 0.9945 0.0112
vn -0.0938 0.9952 0.0275
vn -0.1496 0.9856 0.0785
vn -0.7890 0.6104 0.0702
vn -0.0501 0.9968 0.0628
vn -0.0773 0.9950 0.0628
vn 0.0584 0.4820 -0.8742
vn 0.0650 0.4820 -0.8738
vn -0.0109 0.4818 -0.8762
vn -0.1777 0.4722 -0.8634
vn 0.0948 0.9066 -0.4112
vn 0.1142 0.8301 -0.5458
vn 0.0661 0.9729 -0.2218
vt 0.667463 0.249013
vt 0.645262 0.254975
vt 0.647318 0.211782
vt 0.651361 0.213552
vt 0.622147 0.249660
vt 0.644033 0.211465
vt 0.622129 0.198228
vt 0.598877 0.200858
vt 0.603708 0.157881
vt 0.606941 0.158570
vt 0.576154 0.194091
vt 0.600537 0.157421
vt 0.561081 0.161050
vt 0.537374 0.161831
vt 0.543609 0.119053
vt 0.546818 0.119162
vt 0.515565 0.153392
vt 0.540275 0.119084
vt 0.583126 0.245888
vt 0.559806 0.250267
vt 0.559501 0.207027
vt 0.562789 0.206802
vt 0.537826 0.243392
vt 0.555413 0.208684
vt 0.686323 0.144220
vt 0.692118 0.166924
vt 0.648893 0.168079
vt 0.649247 0.164461
vt 0.687551 0.189890
vt 0.649377 0.171685
vt 0.607048 0.081640
vt 0.608154 0.081815
vt 0.576392 0.113577
vt 0.575683 0.113005
vt 0.605555 0.078708
vt 0.606427 0.078425
vt 0.605040 0.075459
vt 0.605831 0.074667
vt 0.561229 0.068519
vt 0.561465 0.067640
vt 0.607048 0.069277
vt 0.607223 0.070383
vt 0.567201 0.049990
vt 0.567526 0.049139
vt 0.609375 0.066950
vt 0.609914 0.067692
vt 0.612307 0.065457
vt 0.613304 0.065965
vt 0.605368 0.021646
vt 0.606277 0.021599
vt 0.618806 0.065457
vt 0.617809 0.065965
vt 0.624835 0.021599
vt 0.625745 0.021646
vt 0.621737 0.066950
vt 0.621198 0.067692
vt 0.624064 0.069277
vt 0.623888 0.070383
vt 0.663587 0.049138
vt 0.663911 0.049989
vt 0.626072 0.075459
vt 0.625281 0.074667
vt 0.669647 0.067640
vt 0.669884 0.068520
vt 0.625558 0.078708
vt 0.624685 0.078425
vt 0.624064 0.081640
vt 0.622958 0.081815
vt 0.655430 0.113005
vt 0.654721 0.113577
vt 0.618806 0.085460
vt 0.619314 0.084462
vt 0.639707 0.124485
vt 0.638944 0.124982
vt 0.615556 0.085974
vt 0.615556 0.085058
vt 0.612307 0.085460
vt 0.611798 0.084462
vt 0.592168 0.124982
vt 0.591405 0.124485
vt 0.647363 0.198602
vt 0.650295 0.198602
vt 0.644114 0.198602
vt 0.603797 0.144700
vt 0.606124 0.144700
vt 0.600865 0.144700
vt 0.543552 0.105874
vt 0.546484 0.105874
vt 0.541226 0.105874
vt 0.559460 0.193846
vt 0.562710 0.193846
vt 0.556529 0.193846
vt 0.635712 0.168082
vt 0.635712 0.164833
vt 0.635712 0.171332
vt 0.645165 0.184171
vt 0.680853 0.201153
vt 0.665151 0.212101
vt 0.678014 0.240708
vt 0.632604 0.205020
vt 0.610870 0.243061
vt 0.620014 0.155515
vt 0.633903 0.192517
vt 0.589397 0.150199
vt 0.565320 0.186802
vt 0.559377 0.115232
vt 0.573417 0.156733
vt 0.528405 0.112606
vt 0.505626 0.144904
vt 0.574451 0.200864
vt 0.594664 0.239734
vt 0.541779 0.206597
vt 0.527613 0.234581
vt 0.644308 0.152250
vt 0.679006 0.133327
vt 0.896367 0.227437
vt 0.890792 0.227437
vt 0.890792 0.191990
vt 0.896367 0.191991
vt 0.737870 0.117579
vt 0.739485 0.117055
vt 0.746007 0.129855
vt 0.744633 0.130853
vt 0.741691 0.116339
vt 0.747883 0.128491
vt 0.737238 0.102866
vt 0.739557 0.102866
vt 0.735540 0.102866
vt 0.896367 0.262883
vt 0.890792 0.262883
vt 0.890792 0.156543
vt 0.896367 0.156543
vt 0.756164 0.140013
vt 0.755166 0.141386
vt 0.757528 0.138136
vt 0.890792 0.121098
vt 0.896367 0.121098
vt 0.768964 0.146534
vt 0.768439 0.148149
vt 0.769681 0.144328
vt 0.890792 0.085658
vt 0.896367 0.085658
vt 0.783152 0.148781
vt 0.783152 0.150479
vt 0.783152 0.146462
vt 0.890792 0.050211
vt 0.896367 0.050213
vt 0.797341 0.146534
vt 0.797866 0.148149
vt 0.796624 0.144328
vt 0.890792 0.014687
vt 0.896367 0.014687
vt 0.810140 0.140013
vt 0.811138 0.141386
vt 0.808777 0.138136
vt 0.896367 0.369293
vt 0.890792 0.369293
vt 0.890792 0.333753
vt 0.896367 0.333754
vt 0.820298 0.129855
vt 0.821672 0.130853
vt 0.818422 0.128491
vt 0.890792 0.298322
vt 0.896367 0.298322
vt 0.826820 0.117055
vt 0.828435 0.117579
vt 0.824614 0.116339
vt 0.829067 0.102866
vt 0.830765 0.102866
vt 0.826748 0.102866
vt 0.826820 0.088678
vt 0.828435 0.088153
vt 0.824614 0.089395
vt 0.890792 0.191982
vt 0.896367 0.191982
vt 0.820298 0.075878
vt 0.821672 0.074880
vt 0.818422 0.077242
vt 0.810140 0.065721
vt 0.811138 0.064347
vt 0.808777 0.067597
vt 0.797341 0.059199
vt 0.797866 0.057584
vt 0.796624 0.061405
vt 0.783152 0.056952
vt 0.783152 0.055254
vt 0.783152 0.059271
vt 0.890792 0.050188
vt 0.896367 0.050186
vt 0.768964 0.059199
vt 0.768439 0.057584
vt 0.769681 0.061405
vt 0.756164 0.065721
vt 0.755166 0.064347
vt 0.757528 0.067597
vt 0.890792 0.333768
vt 0.896367 0.333771
vt 0.746007 0.075878
vt 0.744633 0.074880
vt 0.747883 0.077242
vt 0.739485 0.088678
vt 0.737870 0.088153
vt 0.741691 0.089395
vt 0.982550 0.227437
vt 0.988124 0.227437
vt 0.988115 0.262883
vt 0.982547 0.262883
vt 0.815213 0.013094
vt 0.813836 0.016957
vt 0.785954 0.011767
vt 0.786070 0.007668
vt 0.812470 0.020806
vt 0.785843 0.015850
vt 0.838748 0.030498
vt 0.836259 0.033737
vt 0.841250 0.027249
vt 0.982553 0.191998
vt 0.988133 0.191998
vt 0.858264 0.051076
vt 0.854897 0.053388
vt 0.861647 0.048758
vt 0.982556 0.156543
vt 0.988142 0.156543
vt 0.870467 0.076677
vt 0.866550 0.077836
vt 0.874400 0.075518
vt 0.982559 0.121098
vt 0.988151 0.121098
vt 0.874163 0.104792
vt 0.870080 0.104685
vt 0.878262 0.104904
vt 0.982562 0.085658
vt 0.988160 0.085658
vt 0.869000 0.132674
vt 0.865149 0.131311
vt 0.872864 0.134046
vt 0.982565 0.050234
vt 0.988169 0.050235
vt 0.855469 0.157609
vt 0.852228 0.155122
vt 0.858719 0.160108
vt 0.982568 0.014687
vt 0.988178 0.014687
vt 0.834884 0.177143
vt 0.832571 0.173776
vt 0.837201 0.180525
vt 0.988072 0.369293
vt 0.982532 0.369293
vt 0.982535 0.333768
vt 0.988080 0.333769
vt 0.809265 0.189352
vt 0.808107 0.185434
vt 0.810423 0.193285
vt 0.982538 0.298322
vt 0.988089 0.298322
vt 0.781131 0.193040
vt 0.781242 0.188957
vt 0.781016 0.197139
vt 0.982541 0.262883
vt 0.988098 0.262883
vt 0.753238 0.187848
vt 0.754606 0.183999
vt 0.751861 0.191710
vt 0.982544 0.227437
vt 0.988107 0.227437
vt 0.728326 0.174292
vt 0.730816 0.171053
vt 0.725823 0.177540
vt 0.982547 0.191989
vt 0.988115 0.191990
vt 0.708827 0.153716
vt 0.712195 0.151404
vt 0.705444 0.156033
vt 0.982550 0.156543
vt 0.988124 0.156543
vt 0.696626 0.128134
vt 0.700542 0.126973
vt 0.692693 0.129295
vt 0.982552 0.121098
vt 0.988132 0.121098
vt 0.692914 0.100020
vt 0.696997 0.100126
vt 0.688815 0.099909
vt 0.982555 0.085658
vt 0.988140 0.085658
vt 0.698076 0.072123
vt 0.701926 0.073486
vt 0.694212 0.070751
vt 0.982558 0.050208
vt 0.988150 0.050212
vt 0.711614 0.047185
vt 0.714855 0.049673
vt 0.708365 0.044685
vt 0.982566 0.014687
vt 0.988174 0.014687
vt 0.732201 0.027655
vt 0.734513 0.031023
vt 0.729884 0.024272
vt 0.988102 0.369293
vt 0.982542 0.369293
vt 0.982541 0.333786
vt 0.988096 0.333785
vt 0.757822 0.015449
vt 0.758978 0.019367
vt 0.756665 0.011515
vt 0.982543 0.298322
vt 0.988105 0.298322
vt 0.783152 0.102866
vt 0.828253 0.044162
vt 0.826875 0.045955
vt 0.807318 0.035327
vt 0.808074 0.033195
vt 0.825518 0.047718
vt 0.806573 0.037423
vt 0.824188 0.049444
vt 0.805843 0.039476
vt 0.840365 0.063369
vt 0.838568 0.064600
vt 0.842199 0.062111
vt 0.844063 0.060830
vt 0.785430 0.031250
vt 0.785491 0.028989
vt 0.785368 0.033473
vt 0.785307 0.035650
vt 0.849646 0.082842
vt 0.847557 0.083459
vt 0.851779 0.082212
vt 0.853947 0.081570
vt 0.852454 0.104228
vt 0.850276 0.104170
vt 0.854678 0.104286
vt 0.856939 0.104345
vt 0.848529 0.125429
vt 0.846476 0.124700
vt 0.850626 0.126173
vt 0.852758 0.126928
vt 0.838240 0.144393
vt 0.836513 0.143066
vt 0.840004 0.145748
vt 0.841799 0.147125
vt 0.822587 0.159247
vt 0.821355 0.157451
vt 0.823845 0.161081
vt 0.825126 0.162945
vt 0.803106 0.168529
vt 0.802490 0.166439
vt 0.803736 0.170662
vt 0.804378 0.172831
vt 0.781717 0.171333
vt 0.781778 0.169156
vt 0.781655 0.173557
vt 0.781594 0.175818
vt 0.760505 0.167385
vt 0.761236 0.165334
vt 0.759759 0.169481
vt 0.759003 0.171612
vt 0.741559 0.157073
vt 0.742888 0.155347
vt 0.740202 0.158836
vt 0.738824 0.160630
vt 0.726729 0.141418
vt 0.728526 0.140185
vt 0.724895 0.142678
vt 0.723030 0.143959
vt 0.717448 0.121965
vt 0.719538 0.121349
vt 0.715314 0.122596
vt 0.713145 0.123238
vt 0.714621 0.100581
vt 0.716798 0.100640
vt 0.712397 0.100522
vt 0.710136 0.100464
vt 0.718546 0.079366
vt 0.720598 0.080095
vt 0.716449 0.078623
vt 0.714317 0.077868
vt 0.728842 0.060404
vt 0.730569 0.061732
vt 0.727078 0.059049
vt 0.725283 0.057672
vt 0.744493 0.045556
vt 0.745723 0.047353
vt 0.743235 0.043721
vt 0.741955 0.041856
vt 0.763974 0.036273
vt 0.764589 0.038362
vt 0.763346 0.034139
vt 0.762705 0.031970
vt 0.814491 0.062303
vt 0.800570 0.054697
vt 0.825368 0.073832
vt 0.832149 0.088157
vt 0.834171 0.103881
vt 0.831246 0.119467
vt 0.823648 0.133375
vt 0.812124 0.144252
vt 0.797798 0.151030
vt 0.782075 0.153052
vt 0.766506 0.150111
vt 0.752607 0.142500
vt 0.741737 0.130960
vt 0.734937 0.116629
vt 0.732903 0.100912
vt 0.735827 0.085340
vt 0.743426 0.071434
vt 0.754956 0.060551
vt 0.769279 0.053772
vt 0.784997 0.051755
vt 0.459633 0.185180
vt 0.445578 0.184582
vt 0.444201 0.163362
vt 0.464107 0.177072
vt 0.472682 0.197605
vt 0.477916 0.190306
vt 0.481177 0.216209
vt 0.490944 0.213980
vt 0.487477 0.234566
vt 0.483383 0.251515
vt 0.474674 0.248194
vt 0.478582 0.231563
vt 0.478535 0.269837
vt 0.471662 0.260633
vt 0.468886 0.279216
vt 0.465896 0.264660
vt 0.446225 0.242170
vt 0.456092 0.255509
vt 0.458057 0.272713
vt 0.445445 0.260754
vt 0.444932 0.205749
vt 0.455076 0.211180
vt 0.454445 0.230300
vt 0.444739 0.224611
vt 0.466447 0.217013
vt 0.465623 0.237929
vt 0.528458 0.090615
vt 0.517895 0.094591
vt 0.511240 0.080013
vt 0.522566 0.077703
vt 0.498375 0.239192
vt 0.503115 0.222845
vt 0.511558 0.229652
vt 0.506176 0.242613
vt 0.494558 0.255032
vt 0.502465 0.257695
vt 0.491270 0.271579
vt 0.500609 0.272744
vt 0.509925 0.059477
vt 0.519094 0.058522
vt 0.504160 0.042978
vt 0.515948 0.041386
vt 0.578756 0.352254
vt 0.578147 0.361907
vt 0.557828 0.360795
vt 0.559003 0.351150
vt 0.535725 0.353709
vt 0.539790 0.346162
vt 0.519515 0.335000
vt 0.513619 0.341452
vt 0.507545 0.319869
vt 0.498136 0.324153
vt 0.500456 0.296383
vt 0.492780 0.297331
vt 0.577489 0.375449
vt 0.556364 0.373263
vt 0.529667 0.366124
vt 0.505987 0.352994
vt 0.489669 0.328399
vt 0.482338 0.298681
vt 0.470877 0.299974
vt 0.472413 0.329779
vt 0.551799 0.392389
vt 0.575021 0.398179
vt 0.527231 0.383231
vt 0.505956 0.376770
vt 0.485583 0.371110
vt 0.469399 0.371408
vt 0.573824 0.415783
vt 0.550767 0.408752
vt 0.526394 0.404715
vt 0.502283 0.403130
vt 0.482938 0.404941
vt 0.468067 0.407668
vt 0.457812 0.298154
vt 0.445253 0.291951
vt 0.458775 0.327697
vt 0.457904 0.360907
vt 0.442598 0.351280
vt 0.444334 0.323272
vt 0.451315 0.400638
vt 0.437965 0.379510
vt 0.456876 0.420107
vt 0.447087 0.418531
vt 0.445305 0.457301
vt 0.434304 0.490422
vt 0.424741 0.488176
vt 0.435236 0.456455
vt 0.442516 0.432957
vt 0.454113 0.430170
vt 0.430239 0.524983
vt 0.418319 0.524544
vt 0.429630 0.567788
vt 0.416718 0.570397
vt 0.433010 0.614753
vt 0.415918 0.616680
vt 0.594393 0.661992
vt 0.590147 0.676463
vt 0.568208 0.672083
vt 0.572495 0.656403
vt 0.544680 0.673170
vt 0.546679 0.658875
vt 0.522988 0.677432
vt 0.517215 0.663378
vt 0.496960 0.699029
vt 0.491380 0.690804
vt 0.507272 0.847321
vt 0.509902 0.850857
vt 0.505134 0.853068
vt 0.502912 0.849454
vt 0.474443 0.764021
vt 0.479018 0.781862
vt 0.470220 0.785599
vt 0.464103 0.764767
vt 0.484211 0.722611
vt 0.478620 0.743964
vt 0.469321 0.742054
vt 0.477030 0.717415
vt 0.512492 0.845004
vt 0.515336 0.848259
vt 0.464389 0.678552
vt 0.474261 0.653634
vt 0.484685 0.657734
vt 0.473161 0.681734
vt 0.499293 0.660974
vt 0.482247 0.685706
vt 0.469307 0.713119
vt 0.461856 0.740094
vt 0.461804 0.709520
vt 0.454665 0.738397
vt 0.446918 0.736535
vt 0.453896 0.705790
vt 0.459918 0.787973
vt 0.455292 0.764215
vt 0.448369 0.764204
vt 0.448657 0.791793
vt 0.440880 0.795180
vt 0.442668 0.763893
vt 0.480995 0.790198
vt 0.473065 0.795243
vt 0.461400 0.798475
vt 0.447343 0.806134
vt 0.436942 0.813334
vt 0.469149 0.876205
vt 0.481227 0.865260
vt 0.483739 0.869613
vt 0.471690 0.880883
vt 0.492489 0.857685
vt 0.495019 0.860772
vt 0.396318 0.889003
vt 0.394933 0.868145
vt 0.413108 0.865358
vt 0.414456 0.884400
vt 0.391982 0.848724
vt 0.410102 0.843376
vt 0.434516 0.860946
vt 0.430397 0.833967
vt 0.436109 0.881573
vt 0.409649 0.834542
vt 0.425044 0.828089
vt 0.395672 0.836073
vt 0.390170 0.834866
vt 0.394629 0.822633
vt 0.399654 0.822247
vt 0.435872 0.796741
vt 0.437799 0.764912
vt 0.430808 0.814424
vt 0.437405 0.745104
vt 0.446162 0.705711
vt 0.427074 0.743458
vt 0.438476 0.704302
vt 0.416527 0.769477
vt 0.423994 0.770731
vt 0.405514 0.799060
vt 0.411353 0.799912
vt 0.376169 0.834393
vt 0.377830 0.823083
vt 0.428364 0.771542
vt 0.417979 0.818042
vt 0.422539 0.800204
vt 0.436939 0.895995
vt 0.417706 0.900202
vt 0.396962 0.904846
vt 0.398452 0.910704
vt 0.386633 0.913648
vt 0.386217 0.907962
vt 0.419455 0.905319
vt 0.436540 0.901501
vt 0.380293 0.800735
vt 0.350798 0.800976
vt 0.349585 0.821562
vt 0.349325 0.831980
vt 0.322355 0.831548
vt 0.322521 0.821145
vt 0.351436 0.918189
vt 0.375816 0.911735
vt 0.376023 0.916908
vt 0.351150 0.922935
vt 0.519147 0.852596
vt 0.513539 0.855664
vt 0.508718 0.858229
vt 0.499053 0.865905
vt 0.487471 0.874327
vt 0.475207 0.885586
vt 0.436677 0.907542
vt 0.419701 0.910822
vt 0.398536 0.916079
vt 0.387616 0.918971
vt 0.376669 0.922079
vt 0.350979 0.927916
vt 0.522650 0.856357
vt 0.516877 0.859874
vt 0.511805 0.862804
vt 0.502485 0.870163
vt 0.491004 0.878135
vt 0.478869 0.888709
vt 0.437555 0.912260
vt 0.420759 0.915941
vt 0.400361 0.920848
vt 0.389290 0.923689
vt 0.377770 0.926734
vt 0.351144 0.932544
vt 0.354763 0.755880
vt 0.390565 0.751156
vt 0.391143 0.770317
vt 0.352974 0.772443
vt 0.323315 0.770912
vt 0.323531 0.757099
vt 0.322878 0.798668
vt 0.403053 0.745155
vt 0.408334 0.735403
vt 0.413257 0.701983
vt 0.415726 0.673263
vt 0.441446 0.673040
vt 0.440079 0.643889
vt 0.418049 0.644075
vt 0.455503 0.648031
vt 0.451477 0.675798
vt 0.354518 0.752685
vt 0.323580 0.753963
vt 0.323938 0.730839
vt 0.356276 0.728757
vt 0.324390 0.701252
vt 0.356445 0.700762
vt 0.357611 0.672901
vt 0.324816 0.672998
vt 0.325230 0.644816
vt 0.358889 0.645565
vt 0.325607 0.618082
vt 0.359605 0.619457
vt 0.386511 0.619312
vt 0.386037 0.644586
vt 0.413497 0.619192
vt 0.414430 0.644109
vt 0.384972 0.672899
vt 0.412260 0.672945
vt 0.384151 0.700900
vt 0.409879 0.701521
vt 0.405277 0.734027
vt 0.384006 0.728182
vt 0.389285 0.748104
vt 0.400770 0.742936
vt 0.394842 0.526904
vt 0.397511 0.488245
vt 0.392238 0.572075
vt 0.386554 0.615941
vt 0.359754 0.616189
vt 0.359421 0.572593
vt 0.359235 0.526091
vt 0.358346 0.484882
vt 0.326775 0.525986
vt 0.327209 0.484525
vt 0.434874 0.384152
vt 0.397221 0.484405
vt 0.405956 0.451874
vt 0.433002 0.452939
vt 0.423237 0.484393
vt 0.418055 0.426135
vt 0.440222 0.429444
vt 0.425659 0.403518
vt 0.444545 0.415285
vt 0.430954 0.386206
vt 0.447418 0.399833
vt 0.373492 0.464669
vt 0.389916 0.467217
vt 0.358348 0.481040
vt 0.399720 0.421059
vt 0.404163 0.397231
vt 0.393422 0.449359
vt 0.375498 0.443565
vt 0.376987 0.415306
vt 0.377480 0.391661
vt 0.381836 0.364075
vt 0.409155 0.371729
vt 0.372036 0.362735
vt 0.351778 0.359957
vt 0.353442 0.388335
vt 0.327777 0.387543
vt 0.327836 0.358669
vt 0.353850 0.414917
vt 0.353937 0.444152
vt 0.559226 0.348482
vt 0.579934 0.349707
vt 0.540948 0.343720
vt 0.520480 0.333271
vt 0.510116 0.319081
vt 0.504233 0.295790
vt 0.504324 0.273053
vt 0.505994 0.258246
vt 0.510191 0.242204
vt 0.515397 0.232073
vt 0.526580 0.076752
vt 0.532404 0.087990
vt 0.522882 0.057759
vt 0.520922 0.041898
vt 0.894972 0.519938
vt 0.895540 0.540843
vt 0.807678 0.541778
vt 0.807110 0.520873
vt 0.896872 0.559975
vt 0.809010 0.560909
vt 0.899071 0.583457
vt 0.811209 0.584391
vt 0.899870 0.601633
vt 0.812008 0.602568
vt 0.899963 0.626102
vt 0.812101 0.627037
vt 0.899239 0.649079
vt 0.811377 0.650013
vt 0.899659 0.663927
vt 0.811797 0.664862
vt 0.897878 0.680319
vt 0.810016 0.681253
vt 0.896239 0.691637
vt 0.808377 0.692572
vt 0.895642 0.703946
vt 0.807779 0.704881
vt 0.893358 0.721811
vt 0.805495 0.722746
vt 0.890890 0.736343
vt 0.803028 0.737278
vt 0.832371 0.363736
vt 0.853271 0.367247
vt 0.847540 0.390588
vt 0.835846 0.388694
vt 0.871533 0.373868
vt 0.890871 0.387890
vt 0.884270 0.407355
vt 0.865905 0.400292
vt 0.855839 0.472445
vt 0.869212 0.468659
vt 0.857988 0.485277
vt 0.839765 0.486072
vt 0.843520 0.473996
vt 0.824911 0.484628
vt 0.864721 0.443057
vt 0.877909 0.445787
vt 0.851697 0.440599
vt 0.840733 0.438224
vt 0.833294 0.471427
vt 0.867158 0.421517
vt 0.883376 0.426633
vt 0.851107 0.415914
vt 0.839330 0.413662
vt 0.900070 0.403853
vt 0.903807 0.428377
vt 0.898866 0.451164
vt 0.892061 0.464615
vt 0.880344 0.476564
vt 0.870025 0.481896
vt 0.476845 0.084694
vt 0.472585 0.066779
vt 0.490152 0.064751
vt 0.492313 0.077769
vt 0.442378 0.080258
vt 0.438949 0.063835
vt 0.455946 0.066172
vt 0.457186 0.085120
vt 0.441129 0.051996
vt 0.455293 0.048056
vt 0.472783 0.048925
vt 0.485954 0.053286
vt 0.463591 0.813878
vt 0.469809 0.830727
vt 0.458910 0.837119
vt 0.450185 0.823340
vt 0.479566 0.841022
vt 0.479429 0.841203
vt 0.470321 0.848117
vt 0.481686 0.823168
vt 0.472824 0.812237
vt 0.487391 0.833545
vt 0.866315 0.904672
vt 0.849092 0.911931
vt 0.848262 0.891686
vt 0.865054 0.886883
vt 0.828176 0.914432
vt 0.828557 0.893362
vt 0.805086 0.913381
vt 0.818942 0.893286
vt 0.820099 0.871846
vt 0.829011 0.872292
vt 0.847458 0.871429
vt 0.863804 0.869087
vt 0.820806 0.850387
vt 0.829440 0.851211
vt 0.846660 0.851170
vt 0.862564 0.851292
vt 0.821123 0.828932
vt 0.829921 0.830123
vt 0.845890 0.830909
vt 0.861341 0.833496
vt 0.821055 0.807471
vt 0.830441 0.809036
vt 0.845156 0.810650
vt 0.860140 0.815700
vt 0.812611 0.783582
vt 0.831025 0.787967
vt 0.844464 0.790398
vt 0.858955 0.797907
vt 0.879983 0.813224
vt 0.871795 0.804360
vt 0.883454 0.818653
vt 0.889965 0.830818
vt 0.893297 0.846936
vt 0.890692 0.865310
vt 0.884396 0.885084
vt 0.793466 0.762013
vt 0.794317 0.776413
vt 0.791344 0.776266
vt 0.790509 0.761866
vt 0.793018 0.737799
vt 0.790088 0.737652
vt 0.792733 0.719205
vt 0.789825 0.719057
vt 0.793027 0.676622
vt 0.790167 0.676476
vt 0.793467 0.632799
vt 0.790657 0.632654
vt 0.793902 0.590569
vt 0.791139 0.590425
vt 0.794815 0.552822
vt 0.792095 0.552680
vt 0.795889 0.525370
vt 0.793200 0.525229
vt 0.798025 0.509656
vt 0.795354 0.509519
vt 0.586022 0.691390
vt 0.585338 0.694259
vt 0.563134 0.690543
vt 0.564977 0.687724
vt 0.542527 0.690245
vt 0.542074 0.687298
vt 0.525018 0.694865
vt 0.524528 0.691736
vt 0.504684 0.710732
vt 0.503526 0.707403
vt 0.495014 0.728676
vt 0.493163 0.725535
vt 0.508375 0.829688
vt 0.511185 0.828477
vt 0.515973 0.835500
vt 0.515675 0.840057
vt 0.503241 0.816221
vt 0.503933 0.811084
vt 0.523317 0.845018
vt 0.521922 0.848014
vt 0.490128 0.793323
vt 0.492571 0.790853
vt 0.487822 0.784181
vt 0.490474 0.783549
vt 0.484529 0.765077
vt 0.487441 0.763219
vt 0.489440 0.777502
vt 0.487627 0.784103
vt 0.486056 0.744943
vt 0.488814 0.746272
vt 0.531140 0.853931
vt 0.527606 0.854427
vt 0.495483 0.816068
vt 0.483241 0.798240
vt 0.501977 0.832322
vt 0.982200 0.729436
vt 0.980935 0.752140
vt 0.905546 0.748372
vt 0.906843 0.725669
vt 0.985690 0.708971
vt 0.910198 0.705198
vt 0.987330 0.690646
vt 0.911958 0.686879
vt 0.988023 0.664403
vt 0.912884 0.660648
vt 0.985120 0.539427
vt 0.986559 0.547351
vt 0.911265 0.543789
vt 0.909664 0.530430
vt 0.987294 0.563679
vt 0.988600 0.583451
vt 0.912853 0.573982
vt 0.911870 0.559859
vt 0.988482 0.595947
vt 0.989060 0.609497
vt 0.914116 0.605751
vt 0.913289 0.592188
vt 0.988932 0.625701
vt 0.988532 0.643974
vt 0.913496 0.640224
vt 0.914002 0.621956
vt 0.988813 0.589905
vt 0.913539 0.585847
vt 0.981639 0.528250
vt 0.976248 0.517628
vt 0.900760 0.514076
vt 0.706921 0.772100
vt 0.706550 0.757679
vt 0.706908 0.733464
vt 0.707242 0.714870
vt 0.708952 0.672321
vt 0.710850 0.628537
vt 0.712690 0.586345
vt 0.714858 0.548649
vt 0.716845 0.521247
vt 0.719503 0.505614
vt 0.792730 0.788507
vt 0.701422 0.783884
vt 0.723848 0.487868
vt 0.802334 0.491842
vt 0.804018 0.494470
vt 0.794841 0.786675
vt 0.699457 0.808131
vt 0.668294 0.806553
vt 0.669960 0.781515
vt 0.695528 0.856625
vt 0.693027 0.891466
vt 0.662996 0.889946
vt 0.665119 0.855085
vt 0.697493 0.832378
vt 0.666707 0.830819
vt 0.722129 0.465954
vt 0.688498 0.486078
vt 0.688228 0.464237
vt 0.720409 0.444039
vt 0.687957 0.442396
vt 0.718690 0.422125
vt 0.687686 0.420555
vt 0.716970 0.400210
vt 0.687415 0.398714
vt 0.715250 0.378296
vt 0.687144 0.376873
vt 0.713531 0.356382
vt 0.686873 0.355032
vt 0.672870 0.770375
vt 0.673062 0.755984
vt 0.673865 0.731791
vt 0.674510 0.713212
vt 0.676448 0.670676
vt 0.678509 0.626899
vt 0.680500 0.584715
vt 0.682536 0.547013
vt 0.684216 0.519595
vt 0.685918 0.503913
vt 0.483267 0.022229
vt 0.488934 0.025141
vt 0.465986 0.021896
vt 0.466303 0.019657
vt 0.502719 0.023643
vt 0.506051 0.026173
vt 0.515977 0.024135
vt 0.516193 0.026431
vt 0.443451 0.023359
vt 0.443612 0.021051
vt 0.405923 0.020027
vt 0.407400 0.017476
vt 0.380210 0.014524
vt 0.378629 0.012011
vt 0.359333 0.013362
vt 0.358581 0.011050
vt 0.518120 0.023689
vt 0.520170 0.025714
vt 0.782691 0.909791
vt 0.781317 0.911397
vt 0.691526 0.906556
vt 0.691463 0.904836
vt 0.661875 0.904999
vt 0.661896 0.903140
vt 0.893693 0.751451
vt 0.805894 0.752595
vt 0.809658 0.480531
vt 0.667704 0.972919
vt 0.648456 0.973377
vt 0.694686 0.969166
vt 0.728246 0.958221
vt 0.746883 0.948271
vt 0.781633 0.913455
vt 0.773511 0.924213
vt 0.759975 0.938479
vt 0.339995 0.012986
vt 0.339965 0.010702
vt 0.630215 0.973810
vt 0.633774 0.903522
vt 0.633875 0.901533
vt 0.634534 0.888505
vt 0.636300 0.853626
vt 0.637530 0.829342
vt 0.638759 0.805058
vt 0.663103 0.786317
vt 0.662295 0.799088
vt 0.639121 0.797915
vt 0.639743 0.784860
vt 0.640090 0.779652
vt 0.640598 0.768741
vt 0.641326 0.754377
vt 0.642549 0.730205
vt 0.643489 0.711642
vt 0.645643 0.669116
vt 0.647859 0.625348
vt 0.649994 0.583170
vt 0.651903 0.545462
vt 0.653292 0.518029
vt 0.654089 0.502302
vt 0.654996 0.484382
vt 0.656098 0.462610
vt 0.657201 0.440839
vt 0.658303 0.419068
vt 0.659405 0.397296
vt 0.660508 0.375525
vt 0.661610 0.353753
vt 0.693201 0.279285
vt 0.718417 0.282755
vt 0.729689 0.284688
vt 0.792108 0.360360
vt 0.740565 0.287436
vt 0.760118 0.295481
vt 0.773880 0.306649
vt 0.784500 0.319149
vt 0.790190 0.331131
vt 0.794850 0.341348
vt 0.795897 0.346716
vt 0.796238 0.353272
vt 0.795156 0.358296
vt 0.383372 0.360257
vt 0.411213 0.368091
vt 0.372972 0.358784
vt 0.328947 0.352523
vt 0.327244 0.480518
vt 0.412747 0.369335
vt 0.369234 0.083637
vt 0.358865 0.083903
vt 0.358471 0.033153
vt 0.377434 0.033997
vt 0.377241 0.083353
vt 0.393366 0.081879
vt 0.402295 0.037646
vt 0.408924 0.077545
vt 0.411607 0.060639
vt 0.410334 0.041628
vt 0.347756 0.854578
vt 0.347287 0.872973
vt 0.321672 0.874165
vt 0.321980 0.855011
vt 0.370588 0.856066
vt 0.369048 0.871699
vt 0.374656 0.857739
vt 0.376253 0.870005
vt 0.369811 0.887281
vt 0.348886 0.890525
vt 0.376420 0.884074
vt 0.376572 0.097479
vt 0.376873 0.095507
vt 0.393810 0.092871
vt 0.394775 0.094485
vt 0.368878 0.098006
vt 0.368989 0.096069
vt 0.414815 0.085613
vt 0.416217 0.087830
vt 0.358745 0.098562
vt 0.358774 0.096596
vt 0.421734 0.061466
vt 0.423299 0.061665
vt 0.418014 0.034253
vt 0.420497 0.034141
vt 0.406065 0.027086
vt 0.404109 0.024486
vt 0.377878 0.021298
vt 0.377357 0.019293
vt 0.358296 0.019882
vt 0.358483 0.017912
vt 0.340071 0.018931
vt 0.340046 0.016953
vt 0.401217 0.107541
vt 0.422300 0.102329
vt 0.372085 0.111448
vt 0.379026 0.110816
vt 0.341348 0.113461
vt 0.340814 0.097067
vt 0.340737 0.084127
vt 0.432909 0.084497
vt 0.430765 0.085643
vt 0.428782 0.065434
vt 0.430396 0.063371
vt 0.450726 0.092721
vt 0.449445 0.094375
vt 0.429682 0.045684
vt 0.431885 0.046964
vt 0.471390 0.092680
vt 0.471465 0.094448
vt 0.495682 0.083387
vt 0.497265 0.085938
vt 0.497266 0.061420
vt 0.498682 0.060637
vt 0.487311 0.045770
vt 0.488079 0.043709
vt 0.467161 0.040505
vt 0.467454 0.038774
vt 0.448762 0.040040
vt 0.448467 0.038252
vt 0.449496 0.104238
vt 0.473516 0.105001
vt 0.503663 0.100192
vt 0.496566 0.836584
vt 0.494338 0.835924
vt 0.488849 0.820247
vt 0.490140 0.819439
vt 0.484530 0.848530
vt 0.483818 0.847166
vt 0.475657 0.804986
vt 0.477292 0.803339
vt 0.461778 0.807813
vt 0.461899 0.806002
vt 0.442935 0.822166
vt 0.440101 0.822065
vt 0.454007 0.842960
vt 0.452800 0.843948
vt 0.470494 0.855112
vt 0.470634 0.857578
vt 0.375888 0.844781
vt 0.375587 0.846429
vt 0.348430 0.843137
vt 0.348430 0.841452
vt 0.384303 0.848263
vt 0.382689 0.849881
vt 0.388660 0.870028
vt 0.387163 0.870153
vt 0.386253 0.892672
vt 0.384513 0.891229
vt 0.372789 0.899489
vt 0.374555 0.897120
vt 0.350542 0.904395
vt 0.350247 0.902684
vt 0.321139 0.907253
vt 0.321168 0.905422
vt 0.444495 0.852903
vt 0.459473 0.866559
vt 0.322200 0.841240
vt 0.321378 0.892458
vt 0.458759 0.437163
vt 0.450322 0.460995
vt 0.440389 0.491858
vt 0.435919 0.525443
vt 0.435557 0.567431
vt 0.439123 0.612069
vt 0.461815 0.428742
vt 0.444100 0.636723
vt 0.457789 0.642119
vt 0.474240 0.646343
vt 0.267580 0.951544
vt 0.264809 0.945903
vt 0.276257 0.947882
vt 0.278189 0.953147
vt 0.239308 0.941356
vt 0.236013 0.931678
vt 0.249494 0.938032
vt 0.252632 0.946228
vt 0.293033 0.953602
vt 0.292304 0.948255
vt 0.319517 0.948436
vt 0.319470 0.953663
vt 0.243666 0.953263
vt 0.256575 0.956057
vt 0.270579 0.958661
vt 0.280318 0.959665
vt 0.293974 0.960069
vt 0.319412 0.960113
vt 0.259086 0.962020
vt 0.246710 0.960842
vt 0.272396 0.963210
vt 0.281596 0.963804
vt 0.294559 0.964118
vt 0.319374 0.964207
vt 0.266368 0.978218
vt 0.277864 0.978114
vt 0.275649 0.983506
vt 0.263141 0.983891
vt 0.236249 0.983138
vt 0.250336 0.980731
vt 0.246014 0.988535
vt 0.231416 0.992393
vt 0.292984 0.978386
vt 0.319243 0.978726
vt 0.319193 0.984198
vt 0.292077 0.983943
vt 0.242364 0.971680
vt 0.255449 0.970954
vt 0.269928 0.970849
vt 0.280242 0.971272
vt 0.294003 0.971507
vt 0.319305 0.971835
vt 0.258788 0.965111
vt 0.246310 0.964352
vt 0.272174 0.966275
vt 0.281533 0.966978
vt 0.294534 0.967262
vt 0.319344 0.967534
vt 0.275747 0.986686
vt 0.263862 0.987006
vt 0.246950 0.991612
vt 0.232321 0.995520
vt 0.228567 0.990813
vt 0.233432 0.981589
vt 0.291997 0.987169
vt 0.239521 0.970163
vt 0.243403 0.962906
vt 0.613405 0.637301
vt 0.614666 0.589402
vt 0.624670 0.587534
vt 0.626221 0.625221
vt 0.615342 0.548853
vt 0.624826 0.548116
vt 0.615906 0.494579
vt 0.626408 0.491706
vt 0.615726 0.443214
vt 0.627022 0.440922
vt 0.580958 0.593786
vt 0.581032 0.549320
vt 0.599476 0.549047
vt 0.599225 0.591468
vt 0.555253 0.594000
vt 0.555868 0.549949
vt 0.583074 0.499921
vt 0.600084 0.496671
vt 0.556718 0.504234
vt 0.556285 0.461149
vt 0.582183 0.450838
vt 0.599488 0.446897
vt 0.531063 0.550637
vt 0.529868 0.594238
vt 0.530729 0.508660
vt 0.530603 0.471367
vt 0.600249 0.640907
vt 0.580805 0.643649
vt 0.555072 0.643848
vt 0.528866 0.641746
vt 0.503967 0.636474
vt 0.503401 0.593932
vt 0.503168 0.550143
vt 0.502551 0.507945
vt 0.504756 0.470200
vt 0.530304 0.443130
vt 0.506394 0.442728
vt 0.615450 0.414358
vt 0.601938 0.416755
vt 0.625986 0.414316
vt 0.584784 0.420799
vt 0.556194 0.434018
vt 0.629851 0.586675
vt 0.631368 0.616356
vt 0.629126 0.545817
vt 0.630359 0.492103
vt 0.632033 0.442848
vt 0.633070 0.418847
vt 0.467323 0.470283
vt 0.482284 0.450741
vt 0.486632 0.473576
vt 0.473330 0.481556
vt 0.458004 0.500736
vt 0.451617 0.497597
vt 0.455387 0.522089
vt 0.446351 0.529245
vt 0.472840 0.513863
vt 0.487273 0.509175
vt 0.456909 0.566014
vt 0.447983 0.568608
vt 0.473743 0.563827
vt 0.486815 0.560811
vt 0.461990 0.611953
vt 0.454644 0.610040
vt 0.474756 0.609777
vt 0.487028 0.607567
vt 0.487620 0.443940
vt 0.490336 0.471453
vt 0.491825 0.509444
vt 0.491327 0.559351
vt 0.490543 0.605126
vt 0.461233 0.631547
vt 0.474930 0.629574
vt 0.490670 0.627433
vt 0.320843 0.925515
vt 0.320918 0.920934
vt 0.321477 0.930477
vt 0.321927 0.935069
vt 0.326203 0.573081
vt 0.325653 0.614791
vt 0.327523 0.444123
vt 0.327691 0.413101
vt 0.665499 0.276943
vt 0.328386 0.354731
vt 0.340239 0.032527
vt 0.340824 0.099068
vt 0.340894 0.113613
vt 0.322173 0.842968
vt 0.319164 0.987443
vt 0.192623 0.183918
vt 0.188014 0.175886
vt 0.207689 0.161847
vt 0.206666 0.183087
vt 0.179782 0.196559
vt 0.174427 0.189348
vt 0.171598 0.215302
vt 0.161795 0.213236
vt 0.165604 0.233761
vt 0.174447 0.230610
vt 0.178632 0.247174
vt 0.169980 0.250639
vt 0.181851 0.259562
vt 0.175131 0.268878
vt 0.187683 0.263494
vt 0.184936 0.278097
vt 0.206977 0.240679
vt 0.208067 0.259249
vt 0.195657 0.271417
vt 0.197334 0.254181
vt 0.207664 0.204241
vt 0.197611 0.209839
vt 0.198561 0.228946
vt 0.208171 0.223097
vt 0.186339 0.215860
vt 0.187511 0.236761
vt 0.153279 0.094246
vt 0.158930 0.081254
vt 0.170295 0.083303
vt 0.163910 0.097989
vt 0.154784 0.238567
vt 0.147041 0.242117
vt 0.141444 0.229247
vt 0.149772 0.222301
vt 0.158863 0.254340
vt 0.151001 0.257135
vt 0.162426 0.270829
vt 0.153107 0.272149
vt 0.161971 0.062097
vt 0.171161 0.062815
vt 0.164666 0.044967
vt 0.176506 0.046237
vt 0.076192 0.352899
vt 0.095927 0.351430
vt 0.097289 0.361043
vt 0.076992 0.362521
vt 0.115062 0.346107
vt 0.119279 0.353572
vt 0.135183 0.334636
vt 0.141198 0.340983
vt 0.146933 0.319346
vt 0.156419 0.323476
vt 0.153648 0.295773
vt 0.161341 0.296595
vt 0.098970 0.373466
vt 0.077886 0.376015
vt 0.125546 0.365875
vt 0.149027 0.352395
vt 0.164965 0.327590
vt 0.171807 0.297775
vt 0.183292 0.298887
vt 0.182253 0.328723
vt 0.103827 0.392494
vt 0.080699 0.398659
vt 0.128243 0.382928
vt 0.149411 0.376148
vt 0.169712 0.370216
vt 0.185903 0.370324
vt 0.105098 0.408836
vt 0.082158 0.416234
vt 0.129365 0.404390
vt 0.153388 0.402416
vt 0.172691 0.403950
vt 0.187544 0.406488
vt 0.208780 0.290447
vt 0.196326 0.296859
vt 0.195858 0.326439
vt 0.197258 0.359700
vt 0.210223 0.321781
vt 0.212415 0.349840
vt 0.204260 0.399385
vt 0.217426 0.378210
vt 0.208402 0.417139
vt 0.198630 0.418638
vt 0.209615 0.455538
vt 0.219701 0.454853
vt 0.229616 0.486464
vt 0.220006 0.488509
vt 0.201237 0.428585
vt 0.212785 0.431477
vt 0.235273 0.522671
vt 0.223341 0.522833
vt 0.235781 0.568247
vt 0.222936 0.565320
vt 0.235363 0.614295
vt 0.218332 0.611890
vt 0.055709 0.653842
vt 0.077770 0.648937
vt 0.081568 0.664742
vt 0.059503 0.668438
vt 0.103497 0.652210
vt 0.105050 0.666560
vt 0.132804 0.657631
vt 0.126600 0.671495
vt 0.157779 0.685840
vt 0.151949 0.693879
vt 0.136989 0.841586
vt 0.141279 0.843858
vt 0.138942 0.847398
vt 0.134248 0.845035
vt 0.172452 0.759434
vt 0.182766 0.760502
vt 0.175995 0.781105
vt 0.167319 0.777097
vt 0.163971 0.717812
vt 0.171309 0.712847
vt 0.178256 0.737673
vt 0.168901 0.739290
vt 0.131846 0.839103
vt 0.128899 0.842264
vt 0.185128 0.674453
vt 0.176265 0.677354
vt 0.165483 0.653023
vt 0.176019 0.649268
vt 0.167063 0.681034
vt 0.150789 0.655792
vt 0.179161 0.708799
vt 0.185779 0.735948
vt 0.186771 0.705438
vt 0.194791 0.701959
vt 0.200822 0.732855
vt 0.193020 0.734476
vt 0.191591 0.760225
vt 0.186219 0.783800
vt 0.198513 0.760428
vt 0.204223 0.760293
vt 0.205025 0.791587
vt 0.197356 0.787964
vt 0.172846 0.790645
vt 0.165079 0.785355
vt 0.184404 0.794240
vt 0.198214 0.802330
vt 0.208384 0.809841
vt 0.174166 0.871676
vt 0.171476 0.876270
vt 0.159795 0.864620
vt 0.162446 0.860349
vt 0.151433 0.852418
vt 0.148805 0.855422
vt 0.246582 0.886650
vt 0.228599 0.881476
vt 0.230558 0.862499
vt 0.248636 0.865857
vt 0.234265 0.840645
vt 0.252209 0.846551
vt 0.209301 0.857407
vt 0.214268 0.830650
vt 0.207047 0.877957
vt 0.235000 0.831840
vt 0.219815 0.824917
vt 0.248924 0.833803
vt 0.245384 0.819874
vt 0.250395 0.820414
vt 0.254463 0.832768
vt 0.209982 0.793300
vt 0.209058 0.761460
vt 0.214484 0.811111
vt 0.210069 0.741699
vt 0.202524 0.702118
vt 0.210250 0.700946
vt 0.220449 0.740370
vt 0.230182 0.766667
vt 0.222677 0.767692
vt 0.240261 0.796542
vt 0.234397 0.797214
vt 0.267174 0.821380
vt 0.268474 0.832728
vt 0.218283 0.768369
vt 0.223203 0.797164
vt 0.227197 0.815111
vt 0.205754 0.892337
vt 0.224842 0.897159
vt 0.245427 0.902459
vt 0.243749 0.908265
vt 0.256068 0.905913
vt 0.255468 0.911581
vt 0.222929 0.902215
vt 0.205975 0.897852
vt 0.265421 0.798984
vt 0.294897 0.800123
vt 0.295456 0.820730
vt 0.295384 0.831147
vt 0.290502 0.917230
vt 0.290635 0.921982
vt 0.265968 0.915174
vt 0.266342 0.910011
vt 0.130458 0.849723
vt 0.124951 0.846477
vt 0.135194 0.852441
vt 0.144608 0.860423
vt 0.155914 0.869212
vt 0.167810 0.880858
vt 0.205644 0.903884
vt 0.222505 0.907706
vt 0.243491 0.913633
vt 0.254313 0.916870
vt 0.265154 0.920322
vt 0.290645 0.926966
vt 0.126986 0.853823
vt 0.121329 0.850123
vt 0.131961 0.856915
vt 0.141041 0.864568
vt 0.152260 0.872904
vt 0.164049 0.883862
vt 0.204613 0.908571
vt 0.221282 0.912789
vt 0.241513 0.918341
vt 0.252487 0.921531
vt 0.263904 0.924938
vt 0.290330 0.931586
vt 0.292351 0.754947
vt 0.293621 0.771549
vt 0.255532 0.768275
vt 0.256708 0.749158
vt 0.244411 0.742792
vt 0.239431 0.732896
vt 0.235533 0.699393
vt 0.208224 0.669669
vt 0.233927 0.670668
vt 0.210451 0.640653
vt 0.232460 0.641506
vt 0.194925 0.644282
vt 0.198116 0.672109
vt 0.292695 0.751763
vt 0.291678 0.727806
vt 0.292364 0.699836
vt 0.292035 0.671978
vt 0.291555 0.644652
vt 0.291579 0.618574
vt 0.264445 0.642927
vt 0.264686 0.617718
vt 0.236077 0.641646
vt 0.237712 0.616864
vt 0.264682 0.671199
vt 0.237401 0.670454
vt 0.264662 0.699170
vt 0.238924 0.699033
vt 0.263976 0.726413
vt 0.242530 0.731615
vt 0.258082 0.746149
vt 0.246761 0.740644
vt 0.256842 0.487023
vt 0.258698 0.525525
vt 0.260217 0.570526
vt 0.264737 0.614358
vt 0.291521 0.615309
vt 0.293016 0.571822
vt 0.294319 0.525443
vt 0.296062 0.484358
vt 0.220602 0.382880
vt 0.257203 0.483207
vt 0.231200 0.482746
vt 0.221995 0.451401
vt 0.249041 0.450715
vt 0.215123 0.428018
vt 0.237300 0.424942
vt 0.229857 0.402314
vt 0.210962 0.413936
vt 0.208153 0.398571
vt 0.224553 0.384958
vt 0.281270 0.463942
vt 0.296129 0.480524
vt 0.264806 0.466221
vt 0.255643 0.420090
vt 0.251364 0.396254
vt 0.261592 0.448384
vt 0.279580 0.442860
vt 0.278398 0.414631
vt 0.278064 0.391010
vt 0.273788 0.363434
vt 0.246416 0.370777
vt 0.283606 0.362195
vt 0.303880 0.359664
vt 0.302111 0.387994
vt 0.301528 0.414551
vt 0.301118 0.443758
vt 0.074959 0.350376
vt 0.095645 0.348768
vt 0.113852 0.343690
vt 0.134186 0.332927
vt 0.144346 0.318602
vt 0.149861 0.295243
vt 0.149397 0.272519
vt 0.147483 0.257744
vt 0.143019 0.241775
vt 0.137646 0.231732
vt 0.154895 0.080395
vt 0.149284 0.091702
vt 0.158164 0.061441
vt 0.159706 0.045623
vt 0.204737 0.087221
vt 0.189154 0.080635
vt 0.191061 0.067601
vt 0.208666 0.069247
vt 0.239094 0.082108
vt 0.224383 0.087249
vt 0.225291 0.068298
vt 0.242230 0.065632
vt 0.225542 0.050194
vt 0.239799 0.053846
vt 0.208066 0.051431
vt 0.194996 0.056070
vt 0.181722 0.809560
vt 0.194820 0.819437
vt 0.185656 0.832936
vt 0.174967 0.826200
vt 0.173897 0.843564
vt 0.165015 0.836363
vt 0.164884 0.836178
vt 0.163337 0.818268
vt 0.172545 0.807628
vt 0.157302 0.828455
vt 0.063163 0.683486
vt 0.084312 0.680476
vt 0.086066 0.683351
vt 0.063757 0.686375
vt 0.107217 0.680761
vt 0.106673 0.683693
vt 0.124617 0.685740
vt 0.124030 0.688852
vt 0.145127 0.702039
vt 0.143866 0.705328
vt 0.154930 0.720455
vt 0.152982 0.723533
vt 0.136452 0.823929
vt 0.128824 0.834056
vt 0.128673 0.829492
vt 0.133683 0.822628
vt 0.141488 0.805482
vt 0.142016 0.810636
vt 0.122325 0.841808
vt 0.121026 0.838769
vt 0.155852 0.788182
vt 0.153489 0.785637
vt 0.155815 0.778413
vt 0.158446 0.779130
vt 0.162336 0.760170
vt 0.158643 0.779059
vt 0.157039 0.772412
vt 0.159485 0.758224
vt 0.158638 0.741276
vt 0.161437 0.740036
vt 0.116438 0.848035
vt 0.112921 0.847426
vt 0.162579 0.793315
vt 0.149774 0.810733
vt 0.142763 0.826766
vt 0.196822 0.025031
vt 0.213732 0.022072
vt 0.214119 0.024301
vt 0.191238 0.028070
vt 0.174126 0.029523
vt 0.177386 0.026910
vt 0.163983 0.030062
vt 0.164129 0.027762
vt 0.236492 0.022975
vt 0.236724 0.025275
vt 0.272658 0.018738
vt 0.274213 0.021256
vt 0.301322 0.012722
vt 0.299809 0.015261
vt 0.321359 0.011387
vt 0.320669 0.013710
vt 0.159985 0.029466
vt 0.161972 0.027381
vt 0.272255 0.359609
vt 0.244362 0.367133
vt 0.282677 0.358241
vt 0.326745 0.352506
vt 0.242816 0.368360
vt 0.312240 0.084145
vt 0.303095 0.034662
vt 0.322034 0.033476
vt 0.322601 0.084231
vt 0.304231 0.083998
vt 0.288101 0.082817
vt 0.272484 0.078765
vt 0.278317 0.038766
vt 0.269478 0.061923
vt 0.270353 0.042906
vt 0.296230 0.853778
vt 0.296108 0.872175
vt 0.273360 0.854553
vt 0.274397 0.870221
vt 0.267249 0.868302
vt 0.269239 0.856097
vt 0.293945 0.889664
vt 0.273133 0.885765
vt 0.266631 0.882352
vt 0.305066 0.098110
vt 0.286843 0.095436
vt 0.287792 0.093808
vt 0.304746 0.096145
vt 0.312632 0.096572
vt 0.312762 0.098506
vt 0.265334 0.089176
vt 0.266704 0.086937
vt 0.322851 0.096919
vt 0.322901 0.098883
vt 0.257822 0.063169
vt 0.259381 0.062940
vt 0.260007 0.035619
vt 0.262498 0.035685
vt 0.276158 0.025669
vt 0.274276 0.028298
vt 0.302796 0.019969
vt 0.302329 0.021982
vt 0.321639 0.018243
vt 0.321877 0.020208
vt 0.280511 0.108590
vt 0.259386 0.103778
vt 0.309678 0.112000
vt 0.302728 0.111478
vt 0.340438 0.113463
vt 0.248614 0.086168
vt 0.250762 0.065007
vt 0.252414 0.067036
vt 0.250769 0.087274
vt 0.232224 0.096355
vt 0.230932 0.094725
vt 0.248926 0.048639
vt 0.251100 0.047318
vt 0.210253 0.096843
vt 0.210305 0.095077
vt 0.184367 0.088896
vt 0.185897 0.086316
vt 0.182436 0.063696
vt 0.183870 0.064443
vt 0.192622 0.046574
vt 0.193445 0.048610
vt 0.213140 0.041186
vt 0.213479 0.042907
vt 0.232124 0.040258
vt 0.231877 0.042051
vt 0.232262 0.106219
vt 0.208334 0.107420
vt 0.178197 0.103266
vt 0.148035 0.831199
vt 0.155007 0.814272
vt 0.156271 0.815121
vt 0.150282 0.830611
vt 0.160437 0.842183
vt 0.159682 0.843523
vt 0.168364 0.798596
vt 0.169945 0.800294
vt 0.183666 0.801743
vt 0.183729 0.803557
vt 0.204942 0.818480
vt 0.202105 0.818493
vt 0.191544 0.839956
vt 0.190369 0.838930
vt 0.173281 0.853010
vt 0.173500 0.850550
vt 0.268423 0.843113
vt 0.295976 0.840640
vt 0.295922 0.842323
vt 0.268671 0.844768
vt 0.261462 0.847994
vt 0.259899 0.846329
vt 0.256340 0.868106
vt 0.254847 0.867935
vt 0.258310 0.889247
vt 0.256525 0.890633
vt 0.268074 0.895447
vt 0.269764 0.897870
vt 0.291842 0.903473
vt 0.292192 0.901772
vt 0.199557 0.849173
vt 0.184147 0.862344
vt 0.204529 0.459111
vt 0.196475 0.435428
vt 0.213889 0.489809
vt 0.217650 0.523152
vt 0.217019 0.564808
vt 0.212294 0.609047
vt 0.193559 0.427037
vt 0.206640 0.633390
vt 0.192820 0.638304
vt 0.176260 0.641989
vt 0.371390 0.952485
vt 0.360753 0.953896
vt 0.362780 0.948666
vt 0.374263 0.946895
vt 0.399842 0.942811
vt 0.386432 0.947441
vt 0.389718 0.939303
vt 0.403312 0.933194
vt 0.345903 0.954081
vt 0.346730 0.948748
vt 0.395269 0.954637
vt 0.382311 0.957197
vt 0.368262 0.959546
vt 0.358507 0.960373
vt 0.344846 0.960530
vt 0.379692 0.963113
vt 0.392088 0.962159
vt 0.366363 0.964062
vt 0.357154 0.964489
vt 0.344188 0.964568
vt 0.372118 0.979176
vt 0.375242 0.984907
vt 0.362743 0.984295
vt 0.360626 0.978864
vt 0.402143 0.984641
vt 0.406807 0.993983
vt 0.392281 0.989861
vt 0.388102 0.981979
vt 0.345504 0.978862
vt 0.346310 0.984434
vt 0.396237 0.973074
vt 0.383167 0.972112
vt 0.368692 0.971744
vt 0.358373 0.971980
vt 0.344610 0.971966
vt 0.379934 0.966209
vt 0.392424 0.965676
vt 0.366530 0.967130
vt 0.357160 0.967664
vt 0.344156 0.967712
vt 0.374464 0.988009
vt 0.362588 0.987473
vt 0.405846 0.997093
vt 0.391290 0.992920
vt 0.404988 0.983144
vt 0.409684 0.992454
vt 0.346331 0.987661
vt 0.399107 0.971610
vt 0.395357 0.964283
vt 0.031162 0.629738
vt 0.018346 0.617658
vt 0.019897 0.579972
vt 0.029902 0.581839
vt 0.019741 0.540553
vt 0.029225 0.541291
vt 0.018159 0.484143
vt 0.028661 0.487016
vt 0.017545 0.433360
vt 0.028841 0.435652
vt 0.063609 0.586224
vt 0.045343 0.583905
vt 0.045091 0.541484
vt 0.063536 0.541757
vt 0.089314 0.586438
vt 0.088699 0.542387
vt 0.044483 0.489109
vt 0.061493 0.492359
vt 0.087849 0.496672
vt 0.062384 0.443275
vt 0.088282 0.453587
vt 0.045079 0.439335
vt 0.113504 0.543075
vt 0.114699 0.586676
vt 0.113838 0.501097
vt 0.113964 0.463804
vt 0.044318 0.633344
vt 0.063762 0.636086
vt 0.089495 0.636286
vt 0.115701 0.634183
vt 0.141166 0.586369
vt 0.140600 0.628912
vt 0.141399 0.542580
vt 0.142016 0.500382
vt 0.139811 0.462637
vt 0.114263 0.435568
vt 0.138173 0.435165
vt 0.029117 0.406795
vt 0.042629 0.409192
vt 0.018581 0.406754
vt 0.059783 0.413236
vt 0.088373 0.426455
vt 0.013199 0.608794
vt 0.014717 0.579112
vt 0.015441 0.538254
vt 0.014208 0.484541
vt 0.012534 0.435285
vt 0.011497 0.411284
vt 0.172203 0.471544
vt 0.166195 0.482817
vt 0.152893 0.474836
vt 0.157242 0.452001
vt 0.187908 0.498857
vt 0.181522 0.501996
vt 0.193174 0.530506
vt 0.184139 0.523349
vt 0.166685 0.515124
vt 0.152252 0.510435
vt 0.191543 0.569868
vt 0.182616 0.567275
vt 0.165782 0.565087
vt 0.152711 0.562071
vt 0.184881 0.611301
vt 0.177535 0.613213
vt 0.164769 0.611038
vt 0.152497 0.608828
vt 0.149190 0.472713
vt 0.151906 0.445201
vt 0.147701 0.510704
vt 0.148198 0.560612
vt 0.148982 0.606386
vt 0.178293 0.632808
vt 0.164595 0.630835
vt 0.148855 0.628694
vt 0.320050 0.930456
vt 0.319451 0.935032
vt 0.327299 0.354718
vt 0.349492 0.186526
vt 0.347496 0.169603
vt 0.360322 0.170811
vt 0.363868 0.187991
vt 0.395137 0.195594
vt 0.391189 0.177474
vt 0.416818 0.184345
vt 0.422199 0.201269
vt 0.352862 0.223976
vt 0.351243 0.202690
vt 0.366978 0.204091
vt 0.369745 0.225053
vt 0.365294 0.171916
vt 0.367974 0.190551
vt 0.371742 0.207831
vt 0.376243 0.229875
vt 0.374327 0.286629
vt 0.383689 0.289182
vt 0.384498 0.314584
vt 0.375991 0.312325
vt 0.354723 0.255028
vt 0.372219 0.256163
vt 0.355951 0.285201
vt 0.356288 0.310523
vt 0.408850 0.294919
vt 0.434586 0.300581
vt 0.435841 0.330437
vt 0.409813 0.322416
vt 0.402701 0.233035
vt 0.399471 0.212578
vt 0.427337 0.217384
vt 0.429439 0.236012
vt 0.357615 0.151556
vt 0.346106 0.150628
vt 0.346012 0.133843
vt 0.357114 0.134813
vt 0.363396 0.136017
vt 0.363580 0.152495
vt 0.410711 0.165621
vt 0.387367 0.158050
vt 0.383206 0.141094
vt 0.402757 0.147596
vt 0.327438 0.283089
vt 0.327438 0.308292
vt 0.327438 0.253527
vt 0.327438 0.223391
vt 0.327438 0.202363
vt 0.327438 0.186157
vt 0.327438 0.168553
vt 0.327438 0.149734
vt 0.327438 0.133464
vt 0.380963 0.259654
vt 0.406310 0.263892
vt 0.432750 0.267870
vt 0.434469 0.361417
vt 0.410701 0.350344
vt 0.384512 0.342666
vt 0.377505 0.336726
vt 0.356428 0.335285
vt 0.327438 0.333369
vt 0.371165 0.347596
vt 0.350875 0.346643
vt 0.327438 0.347426
vt 0.381266 0.346780
vt 0.409075 0.353036
vt 0.432247 0.367147
vt 0.305384 0.186526
vt 0.291009 0.187991
vt 0.294555 0.170811
vt 0.307381 0.169603
vt 0.259739 0.195594
vt 0.232678 0.201269
vt 0.238059 0.184345
vt 0.263687 0.177474
vt 0.302015 0.223976
vt 0.285131 0.225053
vt 0.287898 0.204091
vt 0.303633 0.202690
vt 0.286903 0.190551
vt 0.289583 0.171916
vt 0.278634 0.229875
vt 0.283134 0.207831
vt 0.280550 0.286629
vt 0.278886 0.312325
vt 0.270379 0.314584
vt 0.271188 0.289182
vt 0.300154 0.255028
vt 0.298925 0.285201
vt 0.282657 0.256163
vt 0.298588 0.310523
vt 0.246027 0.294919
vt 0.245063 0.322416
vt 0.219035 0.330437
vt 0.220290 0.300581
vt 0.252176 0.233035
vt 0.225437 0.236012
vt 0.227539 0.217384
vt 0.255405 0.212578
vt 0.297261 0.151556
vt 0.297763 0.134813
vt 0.308864 0.133843
vt 0.308771 0.150628
vt 0.291481 0.136017
vt 0.291297 0.152495
vt 0.244165 0.165621
vt 0.252119 0.147596
vt 0.271670 0.141094
vt 0.267510 0.158050
vt 0.273914 0.259654
vt 0.248566 0.263892
vt 0.222127 0.267870
vt 0.244175 0.350344
vt 0.220407 0.361417
vt 0.270365 0.342666
vt 0.277372 0.336727
vt 0.298449 0.335286
vt 0.304002 0.346644
vt 0.283712 0.347597
vt 0.273611 0.346781
vt 0.245801 0.353036
vt 0.222630 0.367147
s 1
usemtl Material.001
f 18/1/1 76/2/1 3/3/1 2/4/1
f 76/2/1 19/5/1 4/6/1 3/3/1
f 20/7/1 77/8/1 6/9/1 5/10/1
f 77/8/1 21/11/1 7/12/1 6/9/1
f 22/13/1 78/14/1 9/15/1 8/16/1
f 78/14/1 23/17/1 10/18/1 9/15/1
f 24/19/1 79/20/1 12/21/1 11/22/1
f 79/20/1 25/23/1 13/24/1 12/21/1
f 26/25/1 80/26/1 15/27/1 14/28/1
f 80/26/1 17/29/1 1/30/1 15/27/1
f 27/31/2 28/32/2 58/33/2 59/34/2
f 28/32/3 27/31/3 30/35/4 29/36/4
f 29/36/4 30/35/4 32/37/5 31/38/5
f 31/38/6 32/37/6 60/39/6 61/40/6
f 33/41/7 34/42/7 62/43/7 63/44/7
f 34/42/2 33/41/2 36/45/8 35/46/8
f 35/46/8 36/45/8 38/47/9 37/48/9
f 37/48/5 38/47/5 64/49/5 65/50/5
f 39/51/10 40/52/10 66/53/10 67/54/10
f 40/52/7 39/51/7 42/55/11 41/56/11
f 41/56/11 42/55/11 44/57/12 43/58/12
f 43/58/9 44/57/9 68/59/9 69/60/9
f 45/61/13 46/62/13 70/63/13 71/64/13
f 46/62/10 45/61/10 48/65/14 47/66/14
f 47/66/14 48/65/14 50/67/15 49/68/15
f 49/68/12 50/67/12 72/69/12 73/70/12
f 51/71/3 16/72/3 74/73/3 75/74/3
f 16/72/16 51/71/13 53/75/17 52/76/18
f 52/76/18 53/75/17 55/77/6 54/78/6
f 54/78/15 55/77/15 56/79/15 57/80/15
f 16/72/16 54/78/1 28/32/1
f 28/32/1 29/36/1 16/72/16
f 29/36/1 31/38/1 16/72/16
f 16/72/16 31/38/1 34/42/1
f 34/42/1 35/46/1 16/72/16
f 35/46/1 37/48/1 16/72/16
f 16/72/16 37/48/1 40/52/1
f 40/52/1 41/56/1 16/72/16
f 41/56/1 43/58/1 16/72/16
f 16/72/16 43/58/1 46/62/1
f 46/62/1 47/66/1 16/72/16
f 47/66/1 49/68/1 16/72/16
f 52/76/18 54/78/1 16/72/16
f 2/4/19 3/3/20 30/81/20 27/82/19
f 3/3/20 4/6/21 32/83/21 30/81/20
f 5/10/22 6/9/23 36/84/23 33/85/22
f 6/9/23 7/12/24 38/86/24 36/84/23
f 8/16/25 9/15/26 42/87/26 39/88/25
f 9/15/26 10/18/27 44/89/27 42/87/26
f 11/22/28 12/21/29 48/90/29 45/91/28
f 12/21/29 13/24/30 50/92/30 48/90/29
f 14/28/31 15/27/32 53/93/32 51/94/31
f 15/27/32 1/30/33 55/95/33 53/93/32
f 55/96/30 1/30/30 17/29/30 56/97/30
f 2/4/22 27/98/22 59/99/22 18/1/22
f 57/80/1 58/33/1 28/32/1 54/78/1
f 32/100/33 4/6/33 19/5/33 60/101/33
f 5/10/25 33/102/25 63/103/25 20/7/25
f 61/40/1 62/43/1 34/42/1 31/38/1
f 38/104/21 7/12/21 21/11/21 64/105/21
f 8/16/28 39/106/28 67/107/28 22/13/28
f 65/50/1 66/53/1 40/52/1 37/48/1
f 44/108/24 10/18/24 23/17/24 68/109/24
f 11/22/31 45/110/31 71/111/31 24/19/31
f 69/60/1 70/63/1 46/62/1 43/58/1
f 50/112/27 13/24/27 25/23/27 72/113/27
f 14/28/19 51/114/19 75/115/19 26/25/19
f 73/70/1 74/73/1 16/72/16 49/68/1
f 84/116/34 83/117/35 87/118/36 88/119/37
f 83/120/35 82/121/38 86/122/39 87/123/36
f 82/121/40 85/124/41 89/125/42 86/122/43
f 85/124/41 82/121/40 158/126/44 161/127/45
f 82/121/38 83/120/35 159/128/46 158/126/47
f 83/117/35 84/116/34 160/129/48 159/130/46
f 88/119/37 87/118/36 91/131/49 92/132/50
f 87/123/36 86/122/39 90/133/51 91/134/49
f 86/122/43 89/125/42 93/135/52 90/133/53
f 92/132/50 91/131/49 95/136/54 96/137/55
f 91/134/49 90/133/51 94/138/56 95/139/54
f 90/133/53 93/135/52 97/140/57 94/138/58
f 96/137/55 95/136/54 99/141/59 100/142/60
f 95/139/54 94/138/56 98/143/61 99/144/59
f 94/138/58 97/140/57 101/145/62 98/143/63
f 100/142/60 99/141/59 103/146/64 104/147/65
f 99/144/59 98/143/61 102/148/66 103/149/64
f 98/143/63 101/145/62 105/150/67 102/148/68
f 104/147/65 103/146/64 107/151/69 108/152/70
f 103/149/64 102/148/66 106/153/71 107/154/69
f 102/148/68 105/150/67 109/155/72 106/153/73
f 108/156/70 107/157/69 111/158/74 112/159/75
f 107/154/69 106/153/71 110/160/76 111/161/74
f 106/153/73 109/155/72 113/162/77 110/160/78
f 112/159/75 111/158/74 115/163/79 116/164/80
f 111/161/74 110/160/76 114/165/81 115/166/79
f 110/160/78 113/162/77 117/167/82 114/165/83
f 116/164/80 115/163/79 119/130/84 120/129/85
f 115/166/79 114/165/81 118/168/86 119/169/84
f 114/165/83 117/167/82 121/170/87 118/168/88
f 120/129/85 119/130/84 123/117/89 124/116/90
f 119/169/84 118/168/86 122/171/91 123/172/89
f 118/168/88 121/170/87 125/173/92 122/171/93
f 124/116/90 123/117/89 127/174/94 128/175/95
f 123/172/89 122/171/91 126/176/96 127/177/94
f 122/171/93 125/173/92 129/178/97 126/176/98
f 128/175/95 127/174/94 131/131/99 132/132/100
f 127/177/94 126/176/96 130/179/101 131/180/99
f 126/176/98 129/178/97 133/181/102 130/179/103
f 132/132/100 131/131/99 135/136/104 136/137/105
f 131/180/99 130/179/101 134/182/106 135/183/104
f 130/179/103 133/181/102 137/184/107 134/182/108
f 136/137/105 135/136/104 139/141/109 140/142/110
f 135/183/104 134/182/106 138/185/111 139/186/109
f 134/182/108 137/184/107 141/187/112 138/185/113
f 140/142/110 139/141/109 143/188/114 144/189/115
f 139/186/109 138/185/111 142/190/116 143/191/114
f 138/185/113 141/187/112 145/192/117 142/190/118
f 144/189/115 143/188/114 147/151/119 148/152/120
f 143/191/114 142/190/116 146/193/121 147/194/119
f 142/190/118 145/192/117 149/195/122 146/193/123
f 148/156/120 147/157/119 151/196/124 152/197/125
f 147/194/119 146/193/121 150/198/126 151/199/124
f 146/193/123 149/195/122 153/200/127 150/198/128
f 152/197/125 151/196/124 155/163/129 156/164/130
f 151/199/124 150/198/126 154/201/131 155/202/129
f 150/198/128 153/200/127 157/203/132 154/201/133
f 156/164/130 155/163/129 159/130/46 160/129/48
f 155/202/129 154/201/131 158/126/47 159/128/46
f 154/201/133 157/203/132 161/127/45 158/126/44
f 164/204/134 163/205/135 239/206/136 240/207/137
f 163/208/138 162/209/139 238/210/140 239/211/17
f 162/209/139 165/212/141 241/213/142 238/210/140
f 165/212/141 162/209/139 166/214/143 169/215/144
f 162/209/139 163/208/138 167/216/145 166/214/143
f 163/205/135 164/204/134 168/217/146 167/218/147
f 169/215/144 166/214/143 170/219/148 173/220/149
f 166/214/143 167/216/145 171/221/150 170/219/148
f 167/218/147 168/217/146 172/222/151 171/223/152
f 173/220/149 170/219/148 174/224/153 177/225/154
f 170/219/148 171/221/150 175/226/155 174/224/153
f 171/223/152 172/222/151 176/227/156 175/228/157
f 177/225/154 174/224/153 178/229/158 181/230/159
f 174/224/153 175/226/155 179/231/160 178/229/158
f 175/228/157 176/227/156 180/232/161 179/233/162
f 181/230/159 178/229/158 182/234/163 185/235/164
f 178/229/158 179/231/160 183/236/165 182/234/163
f 179/233/162 180/232/161 184/237/166 183/238/167
f 185/235/164 182/234/163 186/239/168 189/240/169
f 182/234/163 183/236/165 187/241/170 186/239/168
f 183/238/167 184/237/166 188/242/171 187/243/172
f 189/240/169 186/239/168 190/244/173 193/245/174
f 186/239/168 187/241/170 191/246/175 190/244/173
f 187/247/172 188/248/171 192/249/176 191/250/177
f 193/245/174 190/244/173 194/251/178 197/252/179
f 190/244/173 191/246/175 195/253/180 194/251/178
f 191/250/177 192/249/176 196/254/181 195/255/182
f 197/252/179 194/251/178 198/256/183 201/257/184
f 194/251/178 195/253/180 199/258/185 198/256/183
f 195/255/182 196/254/181 200/259/186 199/260/187
f 201/257/184 198/256/183 202/261/188 205/262/189
f 198/256/183 199/258/185 203/263/190 202/261/188
f 199/260/187 200/259/186 204/264/191 203/265/192
f 205/262/189 202/261/188 206/266/193 209/267/194
f 202/261/188 203/263/190 207/268/11 206/266/193
f 203/265/192 204/264/191 208/269/195 207/270/196
f 209/267/194 206/266/193 210/271/197 213/272/198
f 206/266/193 207/268/11 211/273/199 210/271/197
f 207/270/196 208/269/195 212/274/200 211/275/201
f 213/272/198 210/271/197 214/276/202 217/277/203
f 210/271/197 211/273/199 215/278/204 214/276/202
f 211/275/201 212/274/200 216/279/205 215/280/206
f 217/277/203 214/276/202 218/281/207 221/282/208
f 214/276/202 215/278/204 219/283/209 218/281/207
f 215/280/206 216/279/205 220/284/210 219/285/211
f 221/282/208 218/281/207 222/286/212 225/287/213
f 218/281/207 219/283/209 223/288/214 222/286/212
f 219/285/211 220/284/210 224/289/215 223/290/214
f 225/287/213 222/286/212 226/291/216 229/292/217
f 222/286/212 223/288/214 227/293/218 226/291/216
f 223/290/214 224/289/215 228/294/219 227/295/218
f 229/292/217 226/291/216 230/296/220 233/297/221
f 226/291/216 227/293/218 231/298/222 230/296/220
f 227/299/218 228/300/219 232/301/223 231/302/224
f 233/297/221 230/296/220 234/303/225 237/304/226
f 230/296/220 231/298/222 235/305/227 234/303/225
f 231/302/224 232/301/223 236/306/228 235/307/229
f 237/304/226 234/303/225 238/210/140 241/213/142
f 234/303/225 235/305/227 239/211/17 238/210/140
f 235/307/229 236/306/228 240/207/137 239/206/136
f 84/116/34 88/119/37 168/217/146 164/204/134
f 88/119/37 92/132/50 172/222/151 168/217/146
f 92/132/50 96/137/55 176/227/156 172/222/151
f 96/137/55 100/142/60 180/232/161 176/227/156
f 100/142/60 104/147/65 184/237/166 180/232/161
f 104/147/65 108/152/70 188/242/171 184/237/166
f 108/156/70 112/159/75 192/249/176 188/248/171
f 112/159/75 116/164/80 196/254/181 192/249/176
f 116/164/80 120/129/85 200/259/186 196/254/181
f 120/129/85 124/116/90 204/264/191 200/259/186
f 124/116/90 128/175/95 208/269/195 204/264/191
f 128/175/95 132/132/100 212/274/200 208/269/195
f 132/132/100 136/137/105 216/279/205 212/274/200
f 136/137/105 140/142/110 220/284/210 216/279/205
f 140/142/110 144/189/115 224/289/215 220/284/210
f 144/189/115 148/152/120 228/294/219 224/289/215
f 148/156/120 152/197/125 232/301/223 228/300/219
f 152/197/125 156/164/130 236/306/228 232/301/223
f 156/164/130 160/129/48 240/207/137 236/306/228
f 160/129/48 84/116/34 164/204/134 240/207/137
f 89/125/42 85/124/41 81/308/230
f 93/135/52 89/125/42 81/308/230
f 97/140/57 93/135/52 81/308/230
f 101/145/62 97/140/57 81/308/230
f 105/150/67 101/145/62 81/308/230
f 109/155/72 105/150/67 81/308/230
f 113/162/77 109/155/72 81/308/230
f 117/167/82 113/162/77 81/308/230
f 121/170/87 117/167/82 81/308/230
f 125/173/92 121/170/87 81/308/230
f 129/178/97 125/173/92 81/308/230
f 133/181/102 129/178/97 81/308/230
f 137/184/107 133/181/102 81/308/230
f 141/187/112 137/184/107 81/308/230
f 145/192/117 141/187/112 81/308/230
f 149/195/122 145/192/117 81/308/230
f 153/200/127 149/195/122 81/308/230
f 157/203/132 153/200/127 81/308/230
f 161/127/45 157/203/132 81/308/230
f 85/124/41 161/127/45 81/308/230
f 264/309/231 263/310/232 267/311/233 268/312/234
f 263/310/232 262/313/235 266/314/236 267/311/190
f 262/313/235 265/315/237 269/316/238 266/314/236
f 265/315/237 262/313/235 270/317/201 273/318/239
f 262/313/235 263/310/232 271/319/240 270/317/199
f 263/310/232 264/309/231 272/320/241 271/319/240
f 268/312/234 267/311/233 339/321/242 340/322/243
f 267/311/190 266/314/236 338/323/244 339/321/185
f 266/314/236 269/316/238 341/324/245 338/323/244
f 273/318/239 270/317/201 274/325/246 277/326/247
f 270/317/199 271/319/240 275/327/248 274/325/246
f 271/319/240 272/320/241 276/328/249 275/327/248
f 277/326/247 274/325/246 278/329/250 281/330/251
f 274/325/246 275/327/248 279/331/252 278/329/250
f 275/327/248 276/328/249 280/332/253 279/331/252
f 281/330/251 278/329/250 282/333/254 285/334/255
f 278/329/250 279/331/252 283/335/14 282/333/254
f 279/331/252 280/332/253 284/336/256 283/335/257
f 285/334/255 282/333/254 286/337/258 289/338/259
f 282/333/254 283/335/14 287/339/260 286/337/258
f 283/335/257 284/336/256 288/340/261 287/339/262
f 289/338/259 286/337/258 290/341/263 293/342/264
f 286/337/258 287/339/260 291/343/222 290/341/263
f 287/339/262 288/340/261 292/344/265 291/343/266
f 293/342/264 290/341/263 294/345/267 297/346/268
f 290/341/263 291/343/222 295/347/269 294/345/267
f 291/343/266 292/344/265 296/348/270 295/347/269
f 297/346/268 294/345/267 298/349/271 301/350/272
f 294/345/267 295/347/269 299/351/273 298/349/271
f 295/347/269 296/348/270 300/352/274 299/351/273
f 301/350/272 298/349/271 302/353/275 305/354/276
f 298/349/271 299/351/273 303/355/277 302/353/275
f 299/351/273 300/352/274 304/356/278 303/355/277
f 305/354/276 302/353/275 306/357/279 309/358/280
f 302/353/275 303/355/277 307/359/145 306/357/279
f 303/355/277 304/356/278 308/360/281 307/359/282
f 309/358/280 306/357/279 310/361/283 313/362/284
f 306/357/279 307/359/145 311/363/285 310/361/283
f 307/359/282 308/360/281 312/364/286 311/363/285
f 313/362/284 310/361/283 314/365/287 317/366/288
f 310/361/283 311/363/285 315/367/289 314/365/287
f 311/363/285 312/364/286 316/368/290 315/367/289
f 317/366/288 314/365/287 318/369/291 321/370/292
f 314/365/287 315/367/289 319/371/293 318/369/291
f 315/367/289 316/368/290 320/372/294 319/371/293
f 321/370/292 318/369/291 322/373/167 325/374/295
f 318/369/291 319/371/293 323/375/296 322/373/165
f 319/371/293 320/372/294 324/376/297 323/375/296
f 325/374/295 322/373/167 326/377/172 329/378/298
f 322/373/165 323/375/296 327/379/299 326/377/170
f 323/375/296 324/376/297 328/380/300 327/379/299
f 329/378/298 326/377/172 330/381/301 333/382/302
f 326/377/170 327/379/299 331/383/303 330/381/301
f 327/379/299 328/380/300 332/384/304 331/383/303
f 333/382/302 330/381/301 334/385/305 337/386/306
f 330/381/301 331/383/303 335/387/307 334/385/305
f 331/383/303 332/384/304 336/388/308 335/387/309
f 337/386/306 334/385/305 338/323/244 341/324/245
f 334/385/305 335/387/307 339/321/185 338/323/244
f 335/387/309 336/388/308 340/322/243 339/321/242
f 165/212/141 169/215/144 264/309/231 268/312/234
f 169/215/144 173/220/149 272/320/241 264/309/231
f 173/220/149 177/225/154 276/328/249 272/320/241
f 177/225/154 181/230/159 280/332/253 276/328/249
f 181/230/159 185/235/164 284/336/256 280/332/253
f 185/235/164 189/240/169 288/340/261 284/336/256
f 189/240/169 193/245/174 292/344/265 288/340/261
f 193/245/174 197/252/179 296/348/270 292/344/265
f 197/252/179 201/257/184 300/352/274 296/348/270
f 201/257/184 205/262/189 304/356/278 300/352/274
f 205/262/189 209/267/194 308/360/281 304/356/278
f 209/267/194 213/272/198 312/364/286 308/360/281
f 213/272/198 217/277/203 316/368/290 312/364/286
f 217/277/203 221/282/208 320/372/294 316/368/290
f 221/282/208 225/287/213 324/376/297 320/372/294
f 225/287/213 229/292/217 328/380/300 324/376/297
f 229/292/217 233/297/221 332/384/304 328/380/300
f 233/297/221 237/304/226 336/388/308 332/384/304
f 237/304/226 241/213/142 340/322/243 336/388/308
f 241/213/142 165/212/141 268/312/234 340/322/243
f 269/316/238 265/315/237 242/389/26 243/390/310
f 265/315/237 273/318/239 244/391/311 242/389/26
f 273/318/239 277/326/247 245/392/312 244/391/311
f 277/326/247 281/330/251 246/393/313 245/392/312
f 281/330/251 285/334/255 247/394/29 246/393/313
f 285/334/255 289/338/259 248/395/314 247/394/29
f 289/338/259 293/342/264 249/396/315 248/395/314
f 293/342/264 297/346/268 250/397/316 249/396/315
f 297/346/268 301/350/272 251/398/32 250/397/316
f 301/350/272 305/354/276 252/399/317 251/398/32
f 305/354/276 309/358/280 253/400/318 252/399/317
f 309/358/280 313/362/284 254/401/319 253/400/318
f 313/362/284 317/366/288 255/402/20 254/401/319
f 317/366/288 321/370/292 256/403/320 255/402/20
f 321/370/292 325/374/295 257/404/321 256/403/320
f 325/374/295 329/378/298 258/405/322 257/404/321
f 329/378/298 333/382/302 259/406/23 258/405/322
f 333/382/302 337/386/306 260/407/323 259/406/23
f 337/386/306 341/324/245 261/408/324 260/407/323
f 341/324/245 269/316/238 243/390/310 261/408/324
f 359/1/1 417/2/1 344/3/1 343/4/1
f 417/2/1 360/5/1 345/6/1 344/3/1
f 361/7/1 418/8/1 347/9/1 346/10/1
f 418/8/1 362/11/1 348/12/1 347/9/1
f 363/13/1 419/14/1 350/15/1 349/16/1
f 419/14/1 364/17/1 351/18/1 350/15/1
f 365/19/1 420/20/1 353/21/1 352/22/1
f 420/20/1 366/23/1 354/24/1 353/21/1
f 367/25/1 421/26/1 356/27/1 355/28/1
f 421/26/1 358/29/1 342/30/1 356/27/1
f 368/31/2 369/32/2 399/33/2 400/34/2
f 369/32/3 368/31/3 371/35/4 370/36/4
f 370/36/4 371/35/4 373/37/5 372/38/5
f 372/38/6 373/37/6 401/39/6 402/40/6
f 374/41/7 375/42/7 403/43/7 404/44/7
f 375/42/2 374/41/2 377/45/8 376/46/8
f 376/46/8 377/45/8 379/47/9 378/48/9
f 378/48/5 379/47/5 405/49/5 406/50/5
f 380/51/10 381/52/10 407/53/10 408/54/10
f 381/52/7 380/51/7 383/55/11 382/56/11
f 382/56/11 383/55/11 385/57/12 384/58/12
f 384/58/9 385/57/9 409/59/9 410/60/9
f 386/61/13 387/62/13 411/63/13 412/64/13
f 387/62/10 386/61/10 389/65/14 388/66/14
f 388/66/14 389/65/14 391/67/15 390/68/15
f 390/68/12 391/67/12 413/69/12 414/70/12
f 392/71/3 357/72/3 415/73/3 416/74/3
f 357/72/16 392/71/13 394/75/17 393/76/18
f 393/76/18 394/75/17 396/77/6 395/78/6
f 395/78/15 396/77/15 397/79/15 398/80/15
f 357/72/16 395/78/1 369/32/1
f 369/32/1 370/36/1 357/72/16
f 370/36/1 372/38/1 357/72/16
f 357/72/16 372/38/1 375/42/1
f 375/42/1 376/46/1 357/72/16
f 376/46/1 378/48/1 357/72/16
f 357/72/16 378/48/1 381/52/1
f 381/52/1 382/56/1 357/72/16
f 382/56/1 384/58/1 357/72/16
f 357/72/16 384/58/1 387/62/1
f 387/62/1 388/66/1 357/72/16
f 388/66/1 390/68/1 357/72/16
f 393/76/18 395/78/1 357/72/16
f 343/4/19 344/3/20 371/81/20 368/82/19
f 344/3/20 345/6/21 373/83/21 371/81/20
f 346/10/22 347/9/23 377/84/23 374/85/22
f 347/9/23 348/12/24 379/86/24 377/84/23
f 349/16/25 350/15/26 383/87/26 380/88/25
f 350/15/26 351/18/27 385/89/27 383/87/26
f 352/22/28 353/21/29 389/90/29 386/91/28
f 353/21/29 354/24/30 391/92/30 389/90/29
f 355/28/31 356/27/32 394/93/32 392/94/31
f 356/27/32 342/30/33 396/95/33 394/93/32
f 396/96/30 342/30/30 358/29/30 397/97/30
f 343/4/22 368/98/22 400/99/22 359/1/22
f 398/80/1 399/33/1 369/32/1 395/78/1
f 373/100/33 345/6/33 360/5/33 401/101/33
f 346/10/25 374/102/25 404/103/25 361/7/25
f 402/40/1 403/43/1 375/42/1 372/38/1
f 379/104/21 348/12/21 362/11/21 405/105/21
f 349/16/28 380/106/28 408/107/28 363/13/28
f 406/50/1 407/53/1 381/52/1 378/48/1
f 385/108/24 351/18/24 364/17/24 409/109/24
f 352/22/31 386/110/31 412/111/31 365/19/31
f 410/60/1 411/63/1 387/62/1 384/58/1
f 391/112/27 354/24/27 366/23/27 413/113/27
f 355/28/19 392/114/19 416/115/19 367/25/19
f 414/70/1 415/73/1 357/72/16 390/68/1
f 425/116/325 424/117/35 428/118/36 429/119/37
f 424/120/35 423/121/38 427/122/39 428/123/36
f 423/121/40 426/124/41 430/125/42 427/122/43
f 426/124/41 423/121/40 499/126/44 502/127/45
f 423/121/38 424/120/35 500/128/46 499/126/47
f 424/117/35 425/116/325 501/129/326 500/130/46
f 429/119/37 428/118/36 432/131/49 433/132/50
f 428/123/36 427/122/39 431/133/51 432/134/49
f 427/122/43 430/125/42 434/135/52 431/133/53
f 433/132/50 432/131/49 436/136/54 437/137/55
f 432/134/49 431/133/51 435/138/56 436/139/54
f 431/133/53 434/135/52 438/140/57 435/138/58
f 437/137/55 436/136/54 440/141/59 441/142/60
f 436/139/54 435/138/56 439/143/61 440/144/59
f 435/138/58 438/140/57 442/145/62 439/143/63
f 441/142/60 440/141/59 444/146/64 445/147/65
f 440/144/59 439/143/61 443/148/66 444/149/64
f 439/143/63 442/145/62 446/150/67 443/148/68
f 445/147/65 444/146/64 448/151/327 449/152/70
f 444/149/64 443/148/66 447/153/71 448/154/327
f 443/148/68 446/150/67 450/155/72 447/153/73
f 449/156/70 448/157/327 452/158/74 453/159/75
f 448/154/327 447/153/71 451/160/76 452/161/74
f 447/153/73 450/155/72 454/162/77 451/160/78
f 453/159/75 452/158/74 456/163/79 457/164/80
f 452/161/74 451/160/76 455/165/81 456/166/79
f 451/160/78 454/162/77 458/167/82 455/165/83
f 457/164/80 456/163/79 460/130/84 461/129/85
f 456/166/79 455/165/81 459/168/86 460/169/84
f 455/165/83 458/167/82 462/170/87 459/168/88
f 461/129/85 460/130/84 464/117/89 465/116/90
f 460/169/84 459/168/86 463/171/91 464/172/89
f 459/168/88 462/170/87 466/173/92 463/171/93
f 465/116/90 464/117/89 468/174/94 469/175/95
f 464/172/89 463/171/91 467/176/96 468/177/94
f 463/171/93 466/173/92 470/178/97 467/176/98
f 469/175/95 468/174/94 472/131/99 473/132/100
f 468/177/94 467/176/96 471/179/101 472/180/99
f 467/176/98 470/178/97 474/181/102 471/179/103
f 473/132/100 472/131/99 476/136/104 477/137/105
f 472/180/99 471/179/101 475/182/106 476/183/104
f 471/179/103 474/181/102 478/184/107 475/182/108
f 477/137/105 476/136/104 480/141/109 481/142/110
f 476/183/104 475/182/106 479/185/111 480/186/109
f 475/182/108 478/184/107 482/187/112 479/185/113
f 481/142/110 480/141/109 484/188/114 485/189/115
f 480/186/109 479/185/111 483/190/116 484/191/114
f 479/185/113 482/187/112 486/192/117 483/190/118
f 485/189/115 484/188/114 488/151/119 489/152/120
f 484/191/114 483/190/116 487/193/121 488/194/119
f 483/190/118 486/192/117 490/195/122 487/193/123
f 489/156/120 488/157/119 492/196/124 493/197/125
f 488/194/119 487/193/121 491/198/126 492/199/124
f 487/193/123 490/195/122 494/200/328 491/198/128
f 493/197/125 492/196/124 496/163/129 497/164/130
f 492/199/124 491/198/126 495/201/131 496/202/129
f 491/198/128 494/200/328 498/203/132 495/201/133
f 497/164/130 496/163/129 500/130/46 501/129/326
f 496/202/129 495/201/131 499/126/47 500/128/46
f 495/201/133 498/203/132 502/127/45 499/126/44
f 505/204/134 504/205/135 580/206/136 581/207/137
f 504/208/138 503/209/139 579/210/140 580/211/17
f 503/209/139 506/212/141 582/213/142 579/210/140
f 506/212/141 503/209/139 507/214/143 510/215/144
f 503/209/139 504/208/138 508/216/145 507/214/143
f 504/205/135 505/204/134 509/217/146 508/218/147
f 510/215/144 507/214/143 511/219/148 514/220/149
f 507/214/143 508/216/145 512/221/150 511/219/148
f 508/218/147 509/217/146 513/222/151 512/223/152
f 514/220/149 511/219/148 515/224/153 518/225/154
f 511/219/148 512/221/150 516/226/155 515/224/153
f 512/223/152 513/222/151 517/227/156 516/228/157
f 518/225/154 515/224/153 519/229/158 522/230/159
f 515/224/153 516/226/155 520/231/160 519/229/158
f 516/228/157 517/227/156 521/232/161 520/233/162
f 522/230/159 519/229/158 523/234/163 526/235/164
f 519/229/158 520/231/160 524/236/165 523/234/163
f 520/233/162 521/232/161 525/237/166 524/238/167
f 526/235/164 523/234/163 527/239/168 530/240/169
f 523/234/163 524/236/165 528/241/170 527/239/168
f 524/238/167 525/237/166 529/242/171 528/243/172
f 530/240/169 527/239/168 531/244/173 534/245/174
f 527/239/168 528/241/170 532/246/175 531/244/173
f 528/247/172 529/248/171 533/249/176 532/250/177
f 534/245/174 531/244/173 535/251/178 538/252/329
f 531/244/173 532/246/175 536/253/307 535/251/178
f 532/250/177 533/249/176 537/254/181 536/255/182
f 538/252/329 535/251/178 539/256/183 542/257/184
f 535/251/178 536/253/307 540/258/185 539/256/183
f 536/255/182 537/254/181 541/259/186 540/260/187
f 542/257/184 539/256/183 543/261/188 546/262/189
f 539/256/183 540/258/185 544/263/190 543/261/188
f 540/260/187 541/259/186 545/264/191 544/265/192
f 546/262/189 543/261/188 547/266/193 550/267/194
f 543/261/188 544/263/190 548/268/11 547/266/193
f 544/265/192 545/264/191 549/269/195 548/270/196
f 550/267/194 547/266/193 551/271/197 554/272/198
f 547/266/193 548/268/11 552/273/199 551/271/197
f 548/270/196 549/269/195 553/274/200 552/275/201
f 554/272/198 551/271/197 555/276/202 558/277/203
f 551/271/197 552/273/199 556/278/204 555/276/202
f 552/275/201 553/274/200 557/279/205 556/280/206
f 558/277/203 555/276/202 559/281/207 562/282/208
f 555/276/202 556/278/204 560/283/209 559/281/207
f 556/280/206 557/279/205 561/284/210 560/285/211
f 562/282/208 559/281/207 563/286/212 566/287/213
f 559/281/207 560/283/209 564/288/214 563/286/212
f 560/285/211 561/284/210 565/289/215 564/290/214
f 566/287/213 563/286/212 567/291/216 570/292/217
f 563/286/212 564/288/214 568/293/218 567/291/216
f 564/290/214 565/289/215 569/294/330 568/295/218
f 570/292/217 567/291/216 571/296/331 574/297/221
f 567/291/216 568/293/218 572/298/222 571/296/331
f 568/299/218 569/300/330 573/301/223 572/302/224
f 574/297/221 571/296/331 575/303/225 578/304/226
f 571/296/331 572/298/222 576/305/332 575/303/225
f 572/302/224 573/301/223 577/306/228 576/307/229
f 578/304/226 575/303/225 579/210/140 582/213/142
f 575/303/225 576/305/332 580/211/17 579/210/140
f 576/307/229 577/306/228 581/207/137 580/206/136
f 425/116/325 429/119/37 509/217/146 505/204/134
f 429/119/37 433/132/50 513/222/151 509/217/146
f 433/132/50 437/137/55 517/227/156 513/222/151
f 437/137/55 441/142/60 521/232/161 517/227/156
f 441/142/60 445/147/65 525/237/166 521/232/161
f 445/147/65 449/152/70 529/242/171 525/237/166
f 449/156/70 453/159/75 533/249/176 529/248/171
f 453/159/75 457/164/80 537/254/181 533/249/176
f 457/164/80 461/129/85 541/259/186 537/254/181
f 461/129/85 465/116/90 545/264/191 541/259/186
f 465/116/90 469/175/95 549/269/195 545/264/191
f 469/175/95 473/132/100 553/274/200 549/269/195
f 473/132/100 477/137/105 557/279/205 553/274/200
f 477/137/105 481/142/110 561/284/210 557/279/205
f 481/142/110 485/189/115 565/289/215 561/284/210
f 485/189/115 489/152/120 569/294/330 565/289/215
f 489/156/120 493/197/125 573/301/223 569/300/330
f 493/197/125 497/164/130 577/306/228 573/301/223
f 497/164/130 501/129/326 581/207/137 577/306/228
f 501/129/326 425/116/325 505/204/134 581/207/137
f 430/125/42 426/124/41 422/308/230
f 434/135/52 430/125/42 422/308/230
f 438/140/57 434/135/52 422/308/230
f 442/145/62 438/140/57 422/308/230
f 446/150/67 442/145/62 422/308/230
f 450/155/72 446/150/67 422/308/230
f 454/162/77 450/155/72 422/308/230
f 458/167/82 454/162/77 422/308/230
f 462/170/87 458/167/82 422/308/230
f 466/173/92 462/170/87 422/308/230
f 470/178/97 466/173/92 422/308/230
f 474/181/102 470/178/97 422/308/230
f 478/184/107 474/181/102 422/308/230
f 482/187/112 478/184/107 422/308/230
f 486/192/117 482/187/112 422/308/230
f 490/195/122 486/192/117 422/308/230
f 494/200/328 490/195/122 422/308/230
f 498/203/132 494/200/328 422/308/230
f 502/127/45 498/203/132 422/308/230
f 426/124/41 502/127/45 422/308/230
f 605/309/231 604/310/232 608/311/233 609/312/234
f 604/310/232 603/313/235 607/314/236 608/311/333
f 603/313/235 606/315/237 610/316/238 607/314/236
f 606/315/237 603/313/235 611/317/201 614/318/239
f 603/313/235 604/310/232 612/319/240 611/317/199
f 604/310/232 605/309/231 613/320/241 612/319/240
f 609/312/234 608/311/233 680/321/242 681/322/243
f 608/311/333 607/314/236 679/323/244 680/321/185
f 607/314/236 610/316/238 682/324/245 679/323/244
f 614/318/239 611/317/201 615/325/246 618/326/247
f 611/317/199 612/319/240 616/327/248 615/325/246
f 612/319/240 613/320/241 617/328/249 616/327/248
f 618/326/247 615/325/246 619/329/250 622/330/251
f 615/325/246 616/327/248 620/331/252 619/329/250
f 616/327/248 617/328/249 621/332/253 620/331/252
f 622/330/251 619/329/250 623/333/254 626/334/255
f 619/329/250 620/331/252 624/335/14 623/333/254
f 620/331/252 621/332/253 625/336/256 624/335/257
f 626/334/255 623/333/254 627/337/258 630/338/259
f 623/333/254 624/335/14 628/339/260 627/337/258
f 624/335/257 625/336/256 629/340/334 628/339/262
f 630/338/259 627/337/258 631/341/263 634/342/264
f 627/337/258 628/339/260 632/343/222 631/341/263
f 628/339/262 629/340/334 633/344/265 632/343/266
f 634/342/264 631/341/263 635/345/267 638/346/268
f 631/341/263 632/343/222 636/347/269 635/345/267
f 632/343/266 633/344/265 637/348/270 636/347/269
f 638/346/268 635/345/267 639/349/271 642/350/272
f 635/345/267 636/347/269 640/351/273 639/349/271
f 636/347/269 637/348/270 641/352/274 640/351/273
f 642/350/272 639/349/271 643/353/275 646/354/276
f 639/349/271 640/351/273 644/355/277 643/353/275
f 640/351/273 641/352/274 645/356/278 644/355/277
f 646/354/276 643/353/275 647/357/279 650/358/280
f 643/353/275 644/355/277 648/359/145 647/357/279
f 644/355/277 645/356/278 649/360/281 648/359/282
f 650/358/280 647/357/279 651/361/283 654/362/284
f 647/357/279 648/359/145 652/363/285 651/361/283
f 648/359/282 649/360/281 653/364/286 652/363/285
f 654/362/284 651/361/283 655/365/287 658/366/288
f 651/361/283 652/363/285 656/367/335 655/365/287
f 652/363/285 653/364/286 657/368/336 656/367/335
f 658/366/288 655/365/287 659/369/291 662/370/292
f 655/365/287 656/367/335 660/371/337 659/369/291
f 656/367/335 657/368/336 661/372/294 660/371/337
f 662/370/292 659/369/291 663/373/167 666/374/295
f 659/369/291 660/371/337 664/375/296 663/373/165
f 660/371/337 661/372/294 665/376/297 664/375/296
f 666/374/295 663/373/167 667/377/172 670/378/298
f 663/373/165 664/375/296 668/379/299 667/377/170
f 664/375/296 665/376/297 669/380/338 668/379/299
f 670/378/298 667/377/172 671/381/301 674/382/302
f 667/377/170 668/379/299 672/383/303 671/381/301
f 668/379/299 669/380/338 673/384/304 672/383/303
f 674/382/302 671/381/301 675/385/305 678/386/306
f 671/381/301 672/383/303 676/387/307 675/385/305
f 672/383/303 673/384/304 677/388/308 676/387/309
f 678/386/306 675/385/305 679/323/244 682/324/245
f 675/385/305 676/387/307 680/321/185 679/323/244
f 676/387/309 677/388/308 681/322/243 680/321/242
f 506/212/141 510/215/144 605/309/231 609/312/234
f 510/215/144 514/220/149 613/320/241 605/309/231
f 514/220/149 518/225/154 617/328/249 613/320/241
f 518/225/154 522/230/159 621/332/253 617/328/249
f 522/230/159 526/235/164 625/336/256 621/332/253
f 526/235/164 530/240/169 629/340/334 625/336/256
f 530/240/169 534/245/174 633/344/265 629/340/334
f 534/245/174 538/252/329 637/348/270 633/344/265
f 538/252/329 542/257/184 641/352/274 637/348/270
f 542/257/184 546/262/189 645/356/278 641/352/274
f 546/262/189 550/267/194 649/360/281 645/356/278
f 550/267/194 554/272/198 653/364/286 649/360/281
f 554/272/198 558/277/203 657/368/336 653/364/286
f 558/277/203 562/282/208 661/372/294 657/368/336
f 562/282/208 566/287/213 665/376/297 661/372/294
f 566/287/213 570/292/217 669/380/338 665/376/297
f 570/292/217 574/297/221 673/384/304 669/380/338
f 574/297/221 578/304/226 677/388/308 673/384/304
f 578/304/226 582/213/142 681/322/243 677/388/308
f 582/213/142 506/212/141 609/312/234 681/322/243
f 610/316/238 606/315/237 583/389/26 584/390/310
f 606/315/237 614/318/239 585/391/311 583/389/26
f 614/318/239 618/326/247 586/392/312 585/391/311
f 618/326/247 622/330/251 587/393/313 586/392/312
f 622/330/251 626/334/255 588/394/29 587/393/313
f 626/334/255 630/338/259 589/395/314 588/394/29
f 630/338/259 634/342/264 590/396/315 589/395/314
f 634/342/264 638/346/268 591/397/316 590/396/315
f 638/346/268 642/350/272 592/398/32 591/397/316
f 642/350/272 646/354/276 593/399/317 592/398/32
f 646/354/276 650/358/280 594/400/318 593/399/317
f 650/358/280 654/362/284 595/401/319 594/400/318
f 654/362/284 658/366/288 596/402/20 595/401/319
f 658/366/288 662/370/292 597/403/320 596/402/20
f 662/370/292 666/374/295 598/404/321 597/403/320
f 666/374/295 670/378/298 599/405/322 598/404/321
f 670/378/298 674/382/302 600/406/23 599/405/322
f 674/382/302 678/386/306 601/407/323 600/406/23
f 678/386/306 682/324/245 602/408/324 601/407/323
f 682/324/245 610/316/238 584/390/310 602/408/324
f 700/1/230 684/4/230 685/3/230 758/2/230
f 758/2/230 685/3/230 686/6/230 701/5/230
f 702/7/230 687/10/230 688/9/230 759/8/230
f 759/8/230 688/9/230 689/12/230 703/11/230
f 704/13/230 690/16/230 691/15/230 760/14/230
f 760/14/230 691/15/230 692/18/230 705/17/230
f 706/19/230 693/22/230 694/21/230 761/20/230
f 761/20/230 694/21/230 695/24/230 707/23/230
f 708/25/230 696/28/230 697/27/230 762/26/230
f 762/26/230 697/27/230 683/30/230 699/29/230
f 709/31/339 741/34/339 740/33/339 710/32/339
f 710/32/340 711/36/56 712/35/56 709/31/340
f 711/36/56 713/38/341 714/37/341 712/35/56
f 713/38/342 743/40/342 742/39/342 714/37/342
f 715/41/343 745/44/343 744/43/343 716/42/343
f 716/42/339 717/46/344 718/45/344 715/41/339
f 717/46/344 719/48/345 720/47/345 718/45/344
f 719/48/341 747/50/341 746/49/341 720/47/341
f 721/51/346 749/54/346 748/53/346 722/52/346
f 722/52/343 723/56/96 724/55/96 721/51/343
f 723/56/96 725/58/347 726/57/347 724/55/96
f 725/58/345 751/60/345 750/59/345 726/57/345
f 727/61/348 753/64/348 752/63/348 728/62/348
f 728/62/346 729/66/116 730/65/116 727/61/346
f 729/66/116 731/68/349 732/67/349 730/65/116
f 731/68/347 755/70/347 754/69/347 732/67/347
f 733/71/340 757/74/340 756/73/340 698/72/340
f 698/72/350 734/76/351 735/75/47 733/71/348
f 734/76/351 736/78/342 737/77/342 735/75/47
f 736/78/349 739/80/349 738/79/349 737/77/349
f 698/72/350 710/32/230 736/78/230
f 710/32/230 698/72/350 711/36/230
f 711/36/230 698/72/350 713/38/230
f 698/72/350 716/42/230 713/38/230
f 716/42/230 698/72/350 717/46/230
f 717/46/230 698/72/350 719/48/230
f 698/72/350 722/52/230 719/48/230
f 722/52/230 698/72/350 723/56/230
f 723/56/230 698/72/350 725/58/230
f 698/72/350 728/62/230 725/58/230
f 728/62/230 698/72/350 729/66/230
f 729/66/230 698/72/350 731/68/230
f 734/76/351 698/72/350 736/78/230
f 684/4/19 709/82/19 712/81/20 685/3/20
f 685/3/20 712/81/20 714/83/21 686/6/21
f 687/10/22 715/85/22 718/84/23 688/9/23
f 688/9/23 718/84/23 720/86/24 689/12/24
f 690/16/25 721/88/25 724/87/26 691/15/26
f 691/15/26 724/87/26 726/89/27 692/18/27
f 693/22/28 727/91/28 730/90/29 694/21/29
f 694/21/29 730/90/29 732/92/30 695/24/30
f 696/28/31 733/94/31 735/93/32 697/27/32
f 697/27/32 735/93/32 737/95/33 683/30/33
f 737/96/30 738/97/30 699/29/30 683/30/30
f 684/4/22 700/1/22 741/99/22 709/98/22
f 739/80/230 736/78/230 710/32/230 740/33/230
f 714/100/33 742/101/33 701/5/33 686/6/33
f 687/10/25 702/7/25 745/103/25 715/102/25
f 743/40/230 713/38/230 716/42/230 744/43/230
f 720/104/21 746/105/21 703/11/21 689/12/21
f 690/16/28 704/13/28 749/107/28 721/106/28
f 747/50/230 719/48/230 722/52/230 748/53/230
f 726/108/24 750/109/24 705/17/24 692/18/24
f 693/22/31 706/19/31 753/111/31 727/110/31
f 751/60/230 725/58/230 728/62/230 752/63/230
f 732/112/27 754/113/27 707/23/27 695/24/27
f 696/28/19 708/25/19 757/115/19 733/114/19
f 755/70/230 731/68/230 698/72/350 756/73/230
f 766/116/352 770/119/146 769/118/353 765/117/354
f 765/120/354 769/123/353 768/122/145 764/121/138
f 764/121/355 768/122/282 771/125/356 767/124/357
f 767/124/357 843/127/358 840/126/359 764/121/355
f 764/121/138 840/126/17 841/128/360 765/120/354
f 765/117/354 841/130/360 842/129/137 766/116/352
f 770/119/146 774/132/151 773/131/361 769/118/353
f 769/123/353 773/134/361 772/133/150 768/122/145
f 768/122/282 772/133/362 775/135/363 771/125/356
f 774/132/151 778/137/156 777/136/364 773/131/361
f 773/134/361 777/139/364 776/138/4 772/133/150
f 772/133/362 776/138/365 779/140/366 775/135/363
f 778/137/156 782/142/161 781/141/367 777/136/364
f 777/139/364 781/144/367 780/143/160 776/138/4
f 776/138/365 780/143/368 783/145/369 779/140/366
f 782/142/161 786/147/370 785/146/371 781/141/367
f 781/144/367 785/149/371 784/148/372 780/143/160
f 780/143/368 784/148/373 787/150/374 783/145/369
f 786/147/370 790/152/375 789/151/376 785/146/371
f 785/149/371 789/154/376 788/153/170 784/148/372
f 784/148/373 788/153/377 791/155/378 787/150/374
f 790/156/375 794/159/176 793/158/379 789/157/376
f 789/154/376 793/161/379 792/160/175 788/153/170
f 788/153/377 792/160/380 795/162/381 791/155/378
f 794/159/176 798/164/382 797/163/383 793/158/379
f 793/161/379 797/166/383 796/165/307 792/160/175
f 792/160/380 796/165/309 799/167/384 795/162/381
f 798/164/382 802/129/385 801/130/386 797/163/383
f 797/166/383 801/169/386 800/168/185 796/165/307
f 796/165/309 800/168/242 803/170/387 799/167/384
f 802/129/385 806/116/388 805/117/389 801/130/386
f 801/169/386 805/172/389 804/171/333 800/168/185
f 800/168/242 804/171/233 807/173/390 803/170/387
f 806/116/388 810/175/195 809/174/391 805/117/389
f 805/172/389 809/177/391 808/176/11 804/171/333
f 804/171/233 808/176/392 811/178/393 807/173/390
f 810/175/195 814/132/200 813/131/394 809/174/391
f 809/177/391 813/180/394 812/179/199 808/176/11
f 808/176/392 812/179/395 815/181/396 811/178/393
f 814/132/200 818/137/397 817/136/398 813/131/394
f 813/180/394 817/183/398 816/182/399 812/179/199
f 812/179/395 816/182/400 819/184/401 815/181/396
f 818/137/397 822/142/210 821/141/402 817/136/398
f 817/183/398 821/186/402 820/185/209 816/182/399
f 816/182/400 820/185/403 823/187/404 819/184/401
f 822/142/210 826/189/405 825/188/214 821/141/402
f 821/186/402 825/191/214 824/190/14 820/185/209
f 820/185/403 824/190/257 827/192/406 823/187/404
f 826/189/405 830/152/330 829/151/218 825/188/214
f 825/191/214 829/194/218 828/193/260 824/190/14
f 824/190/257 828/193/262 831/195/407 827/192/406
f 830/156/330 834/197/223 833/196/408 829/157/218
f 829/194/218 833/199/408 832/198/222 828/193/260
f 828/193/262 832/198/266 835/200/409 831/195/407
f 834/197/223 838/164/228 837/163/410 833/196/408
f 833/199/408 837/202/410 836/201/332 832/198/222
f 832/198/266 836/201/411 839/203/412 835/200/409
f 838/164/228 842/129/137 841/130/360 837/163/410
f 837/202/410 841/128/360 840/126/17 836/201/332
f 836/201/411 840/126/359 843/127/358 839/203/412
f 846/204/325 922/207/326 921/206/413 845/205/414
f 845/208/38 921/211/47 920/210/415 844/209/416
f 844/209/416 920/210/415 923/213/417 847/212/418
f 847/212/418 851/215/419 848/214/420 844/209/416
f 844/209/416 848/214/420 849/216/39 845/208/38
f 845/205/414 849/218/421 850/217/37 846/204/325
f 851/215/419 855/220/422 852/219/423 848/214/420
f 848/214/420 852/219/423 853/221/51 849/216/39
f 849/218/421 853/223/424 854/222/50 850/217/37
f 855/220/422 859/225/425 856/224/426 852/219/423
f 852/219/423 856/224/426 857/226/427 853/221/51
f 853/223/424 857/228/428 858/227/55 854/222/50
f 859/225/425 863/230/429 860/229/430 856/224/426
f 856/224/426 860/229/430 861/231/61 857/226/427
f 857/228/428 861/233/431 862/232/60 858/227/55
f 863/230/429 867/235/432 864/234/433 860/229/430
f 860/229/430 864/234/433 865/236/434 861/231/61
f 861/233/431 865/238/435 866/237/65 862/232/60
f 867/235/432 871/240/436 868/239/437 864/234/433
f 864/234/433 868/239/437 869/241/71 865/236/434
f 865/238/435 869/243/438 870/242/70 866/237/65
f 871/240/436 875/245/439 872/244/440 868/239/437
f 868/239/437 872/244/440 873/246/76 869/241/71
f 869/247/438 873/250/441 874/249/75 870/248/70
f 875/245/439 879/252/442 876/251/443 872/244/440
f 872/244/440 876/251/443 877/253/444 873/246/76
f 873/250/441 877/255/445 878/254/80 874/249/75
f 879/252/442 883/257/446 880/256/447 876/251/443
f 876/251/443 880/256/447 881/258/86 877/253/444
f 877/255/445 881/260/448 882/259/85 878/254/80
f 883/257/446 887/262/449 884/261/450 880/256/447
f 880/256/447 884/261/450 885/263/451 881/258/86
f 881/260/448 885/265/452 886/264/90 882/259/85
f 887/262/449 891/267/453 888/266/454 884/261/450
f 884/261/450 888/266/454 889/268/96 885/263/451
f 885/265/452 889/270/455 890/269/95 886/264/90
f 891/267/453 895/272/456 892/271/457 888/266/454
f 888/266/454 892/271/457 893/273/101 889/268/96
f 889/270/455 893/275/458 894/274/100 890/269/95
f 895/272/456 899/277/459 896/276/460 892/271/457
f 892/271/457 896/276/460 897/278/461 893/273/101
f 893/275/458 897/280/462 898/279/105 894/274/100
f 899/277/459 903/282/463 900/281/464 896/276/460
f 896/276/460 900/281/464 901/283/111 897/278/461
f 897/280/462 901/285/465 902/284/110 898/279/105
f 903/282/463 907/287/466 904/286/467 900/281/464
f 900/281/464 904/286/467 905/288/114 901/283/111
f 901/285/465 905/290/114 906/289/115 902/284/110
f 907/287/466 911/292/468 908/291/469 904/286/467
f 904/286/467 908/291/469 909/293/119 905/288/114
f 905/290/114 909/295/119 910/294/120 906/289/115
f 911/292/468 915/297/470 912/296/471 908/291/469
f 908/291/469 912/296/471 913/298/126 909/293/119
f 909/299/119 913/302/472 914/301/125 910/300/120
f 915/297/470 919/304/473 916/303/474 912/296/471
f 912/296/471 916/303/474 917/305/475 913/298/126
f 913/302/472 917/307/476 918/306/130 914/301/125
f 919/304/473 923/213/417 920/210/415 916/303/474
f 916/303/474 920/210/415 921/211/47 917/305/475
f 917/307/476 921/206/413 922/207/326 918/306/130
f 766/116/352 846/204/325 850/217/37 770/119/146
f 770/119/146 850/217/37 854/222/50 774/132/151
f 774/132/151 854/222/50 858/227/55 778/137/156
f 778/137/156 858/227/55 862/232/60 782/142/161
f 782/142/161 862/232/60 866/237/65 786/147/370
f 786/147/370 866/237/65 870/242/70 790/152/375
f 790/156/375 870/248/70 874/249/75 794/159/176
f 794/159/176 874/249/75 878/254/80 798/164/382
f 798/164/382 878/254/80 882/259/85 802/129/385
f 802/129/385 882/259/85 886/264/90 806/116/388
f 806/116/388 886/264/90 890/269/95 810/175/195
f 810/175/195 890/269/95 894/274/100 814/132/200
f 814/132/200 894/274/100 898/279/105 818/137/397
f 818/137/397 898/279/105 902/284/110 822/142/210
f 822/142/210 902/284/110 906/289/115 826/189/405
f 826/189/405 906/289/115 910/294/120 830/152/330
f 830/156/330 910/300/120 914/301/125 834/197/223
f 834/197/223 914/301/125 918/306/130 838/164/228
f 838/164/228 918/306/130 922/207/326 842/129/137
f 842/129/137 922/207/326 846/204/325 766/116/352
f 771/125/356 763/308/1 767/124/357
f 775/135/363 763/308/1 771/125/356
f 779/140/366 763/308/1 775/135/363
f 783/145/369 763/308/1 779/140/366
f 787/150/374 763/308/1 783/145/369
f 791/155/378 763/308/1 787/150/374
f 795/162/381 763/308/1 791/155/378
f 799/167/384 763/308/1 795/162/381
f 803/170/387 763/308/1 799/167/384
f 807/173/390 763/308/1 803/170/387
f 811/178/393 763/308/1 807/173/390
f 815/181/396 763/308/1 811/178/393
f 819/184/401 763/308/1 815/181/396
f 823/187/404 763/308/1 819/184/401
f 827/192/406 763/308/1 823/187/404
f 831/195/407 763/308/1 827/192/406
f 835/200/409 763/308/1 831/195/407
f 839/203/412 763/308/1 835/200/409
f 843/127/358 763/308/1 839/203/412
f 767/124/357 763/308/1 843/127/358
f 946/309/477 950/312/478 949/311/93 945/310/479
f 945/310/479 949/311/451 948/314/480 944/313/481
f 944/313/481 948/314/480 951/316/482 947/315/483
f 947/315/483 955/318/484 952/317/458 944/313/481
f 944/313/481 952/317/101 953/319/485 945/310/479
f 945/310/479 953/319/485 954/320/486 946/309/477
f 950/312/478 1022/322/487 1021/321/88 949/311/93
f 949/311/451 1021/321/86 1020/323/488 948/314/480
f 948/314/480 1020/323/488 1023/324/489 951/316/482
f 955/318/484 959/326/490 956/325/491 952/317/458
f 952/317/101 956/325/491 957/327/492 953/319/485
f 953/319/485 957/327/492 958/328/493 954/320/486
f 959/326/490 963/330/494 960/329/495 956/325/491
f 956/325/491 960/329/495 961/331/496 957/327/492
f 957/327/492 961/331/496 962/332/497 958/328/493
f 963/330/494 967/334/498 964/333/499 960/329/495
f 960/329/495 964/333/499 965/335/116 961/331/496
f 961/331/496 965/335/118 966/336/500 962/332/497
f 967/334/498 971/338/501 968/337/502 964/333/499
f 964/333/499 968/337/502 969/339/121 965/335/116
f 965/335/118 969/339/123 970/340/503 966/336/500
f 971/338/501 975/342/504 972/341/505 968/337/502
f 968/337/502 972/341/505 973/343/126 969/339/121
f 969/339/123 973/343/128 974/344/506 970/340/503
f 975/342/504 979/346/507 976/345/508 972/341/505
f 972/341/505 976/345/508 977/347/509 973/343/126
f 973/343/128 977/347/509 978/348/510 974/344/506
f 979/346/507 983/350/511 980/349/512 976/345/508
f 976/345/508 980/349/512 981/351/513 977/347/509
f 977/347/509 981/351/513 982/352/514 978/348/510
f 983/350/511 987/354/515 984/353/516 980/349/512
f 980/349/512 984/353/516 985/355/517 981/351/513
f 981/351/513 985/355/517 986/356/518 982/352/514
f 987/354/515 991/358/519 988/357/520 984/353/516
f 984/353/516 988/357/520 989/359/39 985/355/517
f 985/355/517 989/359/43 990/360/521 986/356/518
f 991/358/519 995/362/522 992/361/523 988/357/520
f 988/357/520 992/361/523 993/363/524 989/359/39
f 989/359/43 993/363/524 994/364/525 990/360/521
f 995/362/522 999/366/526 996/365/527 992/361/523
f 992/361/523 996/365/527 997/367/528 993/363/524
f 993/363/524 997/367/528 998/368/529 994/364/525
f 999/366/526 1003/370/530 1000/369/531 996/365/527
f 996/365/527 1000/369/531 1001/371/532 997/367/528
f 997/367/528 1001/371/532 1002/372/533 998/368/529
f 1003/370/530 1007/374/534 1004/373/435 1000/369/531
f 1000/369/531 1004/373/434 1005/375/535 1001/371/532
f 1001/371/532 1005/375/535 1006/376/536 1002/372/533
f 1007/374/534 1011/378/537 1008/377/438 1004/373/435
f 1004/373/434 1008/377/71 1009/379/538 1005/375/535
f 1005/375/535 1009/379/538 1010/380/539 1006/376/536
f 1011/378/537 1015/382/540 1012/381/541 1008/377/438
f 1008/377/71 1012/381/541 1013/383/542 1009/379/538
f 1009/379/538 1013/383/542 1014/384/543 1010/380/539
f 1015/382/540 1019/386/544 1016/385/545 1012/381/541
f 1012/381/541 1016/385/545 1017/387/81 1013/383/542
f 1013/383/542 1017/387/83 1018/388/546 1014/384/543
f 1019/386/544 1023/324/489 1020/323/488 1016/385/545
f 1016/385/545 1020/323/488 1021/321/86 1017/387/81
f 1017/387/83 1021/321/88 1022/322/487 1018/388/546
f 847/212/418 950/312/478 946/309/477 851/215/419
f 851/215/419 946/309/477 954/320/486 855/220/422
f 855/220/422 954/320/486 958/328/493 859/225/425
f 859/225/425 958/328/493 962/332/497 863/230/429
f 863/230/429 962/332/497 966/336/500 867/235/432
f 867/235/432 966/336/500 970/340/503 871/240/436
f 871/240/436 970/340/503 974/344/506 875/245/439
f 875/245/439 974/344/506 978/348/510 879/252/442
f 879/252/442 978/348/510 982/352/514 883/257/446
f 883/257/446 982/352/514 986/356/518 887/262/449
f 887/262/449 986/356/518 990/360/521 891/267/453
f 891/267/453 990/360/521 994/364/525 895/272/456
f 895/272/456 994/364/525 998/368/529 899/277/459
f 899/277/459 998/368/529 1002/372/533 903/282/463
f 903/282/463 1002/372/533 1006/376/536 907/287/466
f 907/287/466 1006/376/536 1010/380/539 911/292/468
f 911/292/468 1010/380/539 1014/384/543 915/297/470
f 915/297/470 1014/384/543 1018/388/546 919/304/473
f 919/304/473 1018/388/546 1022/322/487 923/213/417
f 923/213/417 1022/322/487 950/312/478 847/212/418
f 951/316/482 925/390/310 924/389/26 947/315/483
f 947/315/483 924/389/26 926/391/311 955/318/484
f 955/318/484 926/391/311 927/392/312 959/326/490
f 959/326/490 927/392/312 928/393/313 963/330/494
f 963/330/494 928/393/313 929/394/29 967/334/498
f 967/334/498 929/394/29 930/395/314 971/338/501
f 971/338/501 930/395/314 931/396/315 975/342/504
f 975/342/504 931/396/315 932/397/316 979/346/507
f 979/346/507 932/397/316 933/398/32 983/350/511
f 983/350/511 933/398/32 934/399/317 987/354/515
f 987/354/515 934/399/317 935/400/318 991/358/519
f 991/358/519 935/400/318 936/401/319 995/362/522
f 995/362/522 936/401/319 937/402/20 999/366/526
f 999/366/526 937/402/20 938/403/320 1003/370/530
f 1003/370/530 938/403/320 939/404/321 1007/374/534
f 1007/374/534 939/404/321 940/405/322 1011/378/537
f 1011/378/537 940/405/322 941/406/23 1015/382/540
f 1015/382/540 941/406/23 942/407/323 1019/386/544
f 1019/386/544 942/407/323 943/408/324 1023/324/489
f 1023/324/489 943/408/324 925/390/310 951/316/482
f 1041/1/230 1025/4/230 1026/3/230 1099/2/230
f 1099/2/230 1026/3/230 1027/6/230 1042/5/230
f 1043/7/230 1028/10/230 1029/9/230 1100/8/230
f 1100/8/230 1029/9/230 1030/12/230 1044/11/230
f 1045/13/230 1031/16/230 1032/15/230 1101/14/230
f 1101/14/230 1032/15/230 1033/18/230 1046/17/230
f 1047/19/230 1034/22/230 1035/21/230 1102/20/230
f 1102/20/230 1035/21/230 1036/24/230 1048/23/230
f 1049/25/230 1037/28/230 1038/27/230 1103/26/230
f 1103/26/230 1038/27/230 1024/30/230 1040/29/230
f 1050/31/339 1082/34/339 1081/33/339 1051/32/339
f 1051/32/340 1052/36/56 1053/35/427 1050/31/340
f 1052/36/56 1054/38/341 1055/37/341 1053/35/427
f 1054/38/342 1084/40/342 1083/39/342 1055/37/342
f 1056/41/343 1086/44/343 1085/43/343 1057/42/343
f 1057/42/339 1058/46/344 1059/45/344 1056/41/339
f 1058/46/344 1060/48/345 1061/47/345 1059/45/344
f 1060/48/341 1088/50/341 1087/49/341 1061/47/341
f 1062/51/346 1090/54/346 1089/53/346 1063/52/346
f 1063/52/343 1064/56/96 1065/55/96 1062/51/343
f 1064/56/96 1066/58/347 1067/57/347 1065/55/96
f 1066/58/345 1092/60/345 1091/59/345 1067/57/345
f 1068/61/348 1094/64/348 1093/63/348 1069/62/348
f 1069/62/346 1070/66/116 1071/65/116 1068/61/346
f 1070/66/116 1072/68/349 1073/67/349 1071/65/116
f 1072/68/347 1096/70/347 1095/69/347 1073/67/347
f 1074/71/340 1098/74/340 1097/73/340 1039/72/340
f 1039/72/350 1075/76/351 1076/75/47 1074/71/348
f 1075/76/351 1077/78/342 1078/77/342 1076/75/47
f 1077/78/349 1080/80/349 1079/79/349 1078/77/349
f 1039/72/350 1051/32/230 1077/78/230
f 1051/32/230 1039/72/350 1052/36/230
f 1052/36/230 1039/72/350 1054/38/230
f 1039/72/350 1057/42/230 1054/38/230
f 1057/42/230 1039/72/350 1058/46/230
f 1058/46/230 1039/72/350 1060/48/230
f 1039/72/350 1063/52/230 1060/48/230
f 1063/52/230 1039/72/350 1064/56/230
f 1064/56/230 1039/72/350 1066/58/230
f 1039/72/350 1069/62/230 1066/58/230
f 1069/62/230 1039/72/350 1070/66/230
f 1070/66/230 1039/72/350 1072/68/230
f 1075/76/351 1039/72/350 1077/78/230
f 1025/4/19 1050/82/19 1053/81/20 1026/3/20
f 1026/3/20 1053/81/20 1055/83/21 1027/6/21
f 1028/10/22 1056/85/22 1059/84/23 1029/9/23
f 1029/9/23 1059/84/23 1061/86/24 1030/12/24
f 1031/16/25 1062/88/25 1065/87/26 1032/15/26
f 1032/15/26 1065/87/26 1067/89/27 1033/18/27
f 1034/22/28 1068/91/28 1071/90/29 1035/21/29
f 1035/21/29 1071/90/29 1073/92/30 1036/24/30
f 1037/28/31 1074/94/31 1076/93/32 1038/27/32
f 1038/27/32 1076/93/32 1078/95/33 1024/30/33
f 1078/96/30 1079/97/30 1040/29/30 1024/30/30
f 1025/4/22 1041/1/22 1082/99/22 1050/98/22
f 1080/80/230 1077/78/230 1051/32/230 1081/33/230
f 1055/100/33 1083/101/33 1042/5/33 1027/6/33
f 1028/10/25 1043/7/25 1086/103/25 1056/102/25
f 1084/40/230 1054/38/230 1057/42/230 1085/43/230
f 1061/104/21 1087/105/21 1044/11/21 1030/12/21
f 1031/16/28 1045/13/28 1090/107/28 1062/106/28
f 1088/50/230 1060/48/230 1063/52/230 1089/53/230
f 1067/108/24 1091/109/24 1046/17/24 1033/18/24
f 1034/22/31 1047/19/31 1094/111/31 1068/110/31
f 1092/60/230 1066/58/230 1069/62/230 1093/63/230
f 1073/112/27 1095/113/27 1048/23/27 1036/24/27
f 1037/28/19 1049/25/19 1098/115/19 1074/114/19
f 1096/70/230 1072/68/230 1039/72/350 1097/73/230
f 1107/116/352 1111/119/547 1110/118/548 1106/117/354
f 1106/120/354 1110/123/548 1109/122/145 1105/121/138
f 1105/121/355 1109/122/282 1112/125/356 1108/124/357
f 1108/124/357 1184/127/358 1181/126/359 1105/121/355
f 1105/121/138 1181/126/17 1182/128/360 1106/120/354
f 1106/117/354 1182/130/360 1183/129/137 1107/116/352
f 1111/119/547 1115/132/151 1114/131/361 1110/118/548
f 1110/123/548 1114/134/361 1113/133/150 1109/122/145
f 1109/122/282 1113/133/362 1116/135/363 1112/125/356
f 1115/132/151 1119/137/156 1118/136/364 1114/131/361
f 1114/134/361 1118/139/364 1117/138/4 1113/133/150
f 1113/133/362 1117/138/365 1120/140/366 1116/135/363
f 1119/137/156 1123/142/161 1122/141/367 1118/136/364
f 1118/139/364 1122/144/367 1121/143/160 1117/138/4
f 1117/138/365 1121/143/368 1124/145/369 1120/140/366
f 1123/142/161 1127/147/166 1126/146/371 1122/141/367
f 1122/144/367 1126/149/371 1125/148/372 1121/143/160
f 1121/143/368 1125/148/373 1128/150/374 1124/145/369
f 1127/147/166 1131/152/375 1130/151/376 1126/146/371
f 1126/149/371 1130/154/376 1129/153/170 1125/148/372
f 1125/148/373 1129/153/377 1132/155/378 1128/150/374
f 1131/156/375 1135/159/176 1134/158/379 1130/157/376
f 1130/154/376 1134/161/379 1133/160/175 1129/153/170
f 1129/153/377 1133/160/380 1136/162/381 1132/155/378
f 1135/159/176 1139/164/382 1138/163/383 1134/158/379
f 1134/161/379 1138/166/383 1137/165/307 1133/160/175
f 1133/160/380 1137/165/309 1140/167/384 1136/162/381
f 1139/164/382 1143/129/186 1142/130/386 1138/163/383
f 1138/166/383 1142/169/386 1141/168/185 1137/165/307
f 1137/165/309 1141/168/242 1144/170/387 1140/167/384
f 1143/129/186 1147/116/388 1146/117/389 1142/130/386
f 1142/169/386 1146/172/389 1145/171/333 1141/168/185
f 1141/168/242 1145/171/233 1148/173/390 1144/170/387
f 1147/116/388 1151/175/549 1150/174/391 1146/117/389
f 1146/172/389 1150/177/391 1149/176/11 1145/171/333
f 1145/171/233 1149/176/392 1152/178/393 1148/173/390
f 1151/175/549 1155/132/200 1154/131/394 1150/174/391
f 1150/177/391 1154/180/394 1153/179/199 1149/176/11
f 1149/176/392 1153/179/395 1156/181/396 1152/178/393
f 1155/132/200 1159/137/205 1158/136/398 1154/131/394
f 1154/180/394 1158/183/398 1157/182/399 1153/179/199
f 1153/179/395 1157/182/400 1160/184/401 1156/181/396
f 1159/137/205 1163/142/210 1162/141/402 1158/136/398
f 1158/183/398 1162/186/402 1161/185/209 1157/182/399
f 1157/182/400 1161/185/403 1164/187/404 1160/184/401
f 1163/142/210 1167/189/215 1166/188/214 1162/141/402
f 1162/186/402 1166/191/214 1165/190/14 1161/185/209
f 1161/185/403 1165/190/257 1168/192/406 1164/187/404
f 1167/189/215 1171/152/219 1170/151/218 1166/188/214
f 1166/191/214 1170/194/218 1169/193/260 1165/190/14
f 1165/190/257 1169/193/262 1172/195/407 1168/192/406
f 1171/156/219 1175/197/223 1174/196/408 1170/157/218
f 1170/194/218 1174/199/408 1173/198/222 1169/193/260
f 1169/193/262 1173/198/266 1176/200/409 1172/195/407
f 1175/197/223 1179/164/228 1178/163/410 1174/196/408
f 1174/199/408 1178/202/410 1177/201/332 1173/198/222
f 1173/198/266 1177/201/411 1180/203/412 1176/200/409
f 1179/164/228 1183/129/137 1182/130/360 1178/163/410
f 1178/202/410 1182/128/360 1181/126/17 1177/201/332
f 1177/201/411 1181/126/359 1184/127/358 1180/203/412
f 1187/204/325 1263/207/326 1262/206/413 1186/205/414
f 1186/208/38 1262/211/47 1261/210/415 1185/209/416
f 1185/209/416 1261/210/415 1264/213/417 1188/212/550
f 1188/212/550 1192/215/419 1189/214/551 1185/209/416
f 1185/209/416 1189/214/551 1190/216/39 1186/208/38
f 1186/205/414 1190/218/421 1191/217/37 1187/204/325
f 1192/215/419 1196/220/422 1193/219/423 1189/214/551
f 1189/214/551 1193/219/423 1194/221/51 1190/216/39
f 1190/218/421 1194/223/424 1195/222/50 1191/217/37
f 1196/220/422 1200/225/552 1197/224/426 1193/219/423
f 1193/219/423 1197/224/426 1198/226/427 1194/221/51
f 1194/223/424 1198/228/428 1199/227/55 1195/222/50
f 1200/225/552 1204/230/429 1201/229/430 1197/224/426
f 1197/224/426 1201/229/430 1202/231/61 1198/226/427
f 1198/228/428 1202/233/431 1203/232/60 1199/227/55
f 1204/230/429 1208/235/553 1205/234/433 1201/229/430
f 1201/229/430 1205/234/433 1206/236/434 1202/231/61
f 1202/233/431 1206/238/435 1207/237/65 1203/232/60
f 1208/235/553 1212/240/436 1209/239/437 1205/234/433
f 1205/234/433 1209/239/437 1210/241/71 1206/236/434
f 1206/238/435 1210/243/438 1211/242/70 1207/237/65
f 1212/240/436 1216/245/439 1213/244/440 1209/239/437
f 1209/239/437 1213/244/440 1214/246/76 1210/241/71
f 1210/247/438 1214/250/441 1215/249/75 1211/248/70
f 1216/245/439 1220/252/442 1217/251/443 1213/244/440
f 1213/244/440 1217/251/443 1218/253/444 1214/246/76
f 1214/250/441 1218/255/445 1219/254/80 1215/249/75
f 1220/252/442 1224/257/446 1221/256/447 1217/251/443
f 1217/251/443 1221/256/447 1222/258/86 1218/253/444
f 1218/255/445 1222/260/448 1223/259/85 1219/254/80
f 1224/257/446 1228/262/449 1225/261/450 1221/256/447
f 1221/256/447 1225/261/450 1226/263/451 1222/258/86
f 1222/260/448 1226/265/452 1227/264/90 1223/259/85
f 1228/262/449 1232/267/453 1229/266/554 1225/261/450
f 1225/261/450 1229/266/554 1230/268/96 1226/263/451
f 1226/265/452 1230/270/455 1231/269/95 1227/264/90
f 1232/267/453 1236/272/456 1233/271/457 1229/266/554
f 1229/266/554 1233/271/457 1234/273/101 1230/268/96
f 1230/270/455 1234/275/458 1235/274/100 1231/269/95
f 1236/272/456 1240/277/555 1237/276/460 1233/271/457
f 1233/271/457 1237/276/460 1238/278/461 1234/273/101
f 1234/275/458 1238/280/462 1239/279/105 1235/274/100
f 1240/277/555 1244/282/463 1241/281/464 1237/276/460
f 1237/276/460 1241/281/464 1242/283/111 1238/278/461
f 1238/280/462 1242/285/465 1243/284/110 1239/279/105
f 1244/282/463 1248/287/466 1245/286/467 1241/281/464
f 1241/281/464 1245/286/467 1246/288/114 1242/283/111
f 1242/285/465 1246/290/114 1247/289/115 1243/284/110
f 1248/287/466 1252/292/468 1249/291/469 1245/286/467
f 1245/286/467 1249/291/469 1250/293/119 1246/288/114
f 1246/290/114 1250/295/119 1251/294/120 1247/289/115
f 1252/292/468 1256/297/470 1253/296/556 1249/291/469
f 1249/291/469 1253/296/556 1254/298/126 1250/293/119
f 1250/299/119 1254/302/472 1255/301/125 1251/300/120
f 1256/297/470 1260/304/473 1257/303/474 1253/296/556
f 1253/296/556 1257/303/474 1258/305/131 1254/298/126
f 1254/302/472 1258/307/476 1259/306/130 1255/301/125
f 1260/304/473 1264/213/417 1261/210/415 1257/303/474
f 1257/303/474 1261/210/415 1262/211/47 1258/305/131
f 1258/307/476 1262/206/413 1263/207/326 1259/306/130
f 1107/116/352 1187/204/325 1191/217/37 1111/119/547
f 1111/119/547 1191/217/37 1195/222/50 1115/132/151
f 1115/132/151 1195/222/50 1199/227/55 1119/137/156
f 1119/137/156 1199/227/55 1203/232/60 1123/142/161
f 1123/142/161 1203/232/60 1207/237/65 1127/147/166
f 1127/147/166 1207/237/65 1211/242/70 1131/152/375
f 1131/156/375 1211/248/70 1215/249/75 1135/159/176
f 1135/159/176 1215/249/75 1219/254/80 1139/164/382
f 1139/164/382 1219/254/80 1223/259/85 1143/129/186
f 1143/129/186 1223/259/85 1227/264/90 1147/116/388
f 1147/116/388 1227/264/90 1231/269/95 1151/175/549
f 1151/175/549 1231/269/95 1235/274/100 1155/132/200
f 1155/132/200 1235/274/100 1239/279/105 1159/137/205
f 1159/137/205 1239/279/105 1243/284/110 1163/142/210
f 1163/142/210 1243/284/110 1247/289/115 1167/189/215
f 1167/189/215 1247/289/115 1251/294/120 1171/152/219
f 1171/156/219 1251/300/120 1255/301/125 1175/197/223
f 1175/197/223 1255/301/125 1259/306/130 1179/164/228
f 1179/164/228 1259/306/130 1263/207/326 1183/129/137
f 1183/129/137 1263/207/326 1187/204/325 1107/116/352
f 1112/125/356 1104/308/1 1108/124/357
f 1116/135/363 1104/308/1 1112/125/356
f 1120/140/366 1104/308/1 1116/135/363
f 1124/145/369 1104/308/1 1120/140/366
f 1128/150/374 1104/308/1 1124/145/369
f 1132/155/378 1104/308/1 1128/150/374
f 1136/162/381 1104/308/1 1132/155/378
f 1140/167/384 1104/308/1 1136/162/381
f 1144/170/387 1104/308/1 1140/167/384
f 1148/173/390 1104/308/1 1144/170/387
f 1152/178/393 1104/308/1 1148/173/390
f 1156/181/396 1104/308/1 1152/178/393
f 1160/184/401 1104/308/1 1156/181/396
f 1164/187/404 1104/308/1 1160/184/401
f 1168/192/406 1104/308/1 1164/187/404
f 1172/195/407 1104/308/1 1168/192/406
f 1176/200/409 1104/308/1 1172/195/407
f 1180/203/412 1104/308/1 1176/200/409
f 1184/127/358 1104/308/1 1180/203/412
f 1108/124/357 1104/308/1 1184/127/358
f 1287/309/477 1291/312/478 1290/311/93 1286/310/479
f 1286/310/479 1290/311/451 1289/314/480 1285/313/481
f 1285/313/481 1289/314/480 1292/316/482 1288/315/483
f 1288/315/483 1296/318/484 1293/317/458 1285/313/481
f 1285/313/481 1293/317/101 1294/319/485 1286/310/479
f 1286/310/479 1294/319/485 1295/320/486 1287/309/477
f 1291/312/478 1363/322/487 1362/321/88 1290/311/93
f 1290/311/451 1362/321/86 1361/323/488 1289/314/480
f 1289/314/480 1361/323/488 1364/324/489 1292/316/482
f 1296/318/484 1300/326/490 1297/325/491 1293/317/458
f 1293/317/101 1297/325/491 1298/327/492 1294/319/485
f 1294/319/485 1298/327/492 1299/328/493 1295/320/486
f 1300/326/490 1304/330/494 1301/329/495 1297/325/491
f 1297/325/491 1301/329/495 1302/331/496 1298/327/492
f 1298/327/492 1302/331/496 1303/332/497 1299/328/493
f 1304/330/494 1308/334/498 1305/333/499 1301/329/495
f 1301/329/495 1305/333/499 1306/335/116 1302/331/496
f 1302/331/496 1306/335/118 1307/336/500 1303/332/497
f 1308/334/498 1312/338/501 1309/337/502 1305/333/499
f 1305/333/499 1309/337/502 1310/339/121 1306/335/116
f 1306/335/118 1310/339/123 1311/340/503 1307/336/500
f 1312/338/501 1316/342/504 1313/341/505 1309/337/502
f 1309/337/502 1313/341/505 1314/343/126 1310/339/121
f 1310/339/123 1314/343/128 1315/344/506 1311/340/503
f 1316/342/504 1320/346/557 1317/345/508 1313/341/505
f 1313/341/505 1317/345/508 1318/347/558 1314/343/126
f 1314/343/128 1318/347/558 1319/348/510 1315/344/506
f 1320/346/557 1324/350/511 1321/349/512 1317/345/508
f 1317/345/508 1321/349/512 1322/351/513 1318/347/558
f 1318/347/558 1322/351/513 1323/352/514 1319/348/510
f 1324/350/511 1328/354/515 1325/353/516 1321/349/512
f 1321/349/512 1325/353/516 1326/355/517 1322/351/513
f 1322/351/513 1326/355/517 1327/356/518 1323/352/514
f 1328/354/515 1332/358/519 1329/357/520 1325/353/516
f 1325/353/516 1329/357/520 1330/359/39 1326/355/517
f 1326/355/517 1330/359/43 1331/360/521 1327/356/518
f 1332/358/519 1336/362/522 1333/361/523 1329/357/520
f 1329/357/520 1333/361/523 1334/363/524 1330/359/39
f 1330/359/43 1334/363/524 1335/364/525 1331/360/521
f 1336/362/522 1340/366/559 1337/365/527 1333/361/523
f 1333/361/523 1337/365/527 1338/367/528 1334/363/524
f 1334/363/524 1338/367/528 1339/368/529 1335/364/525
f 1340/366/559 1344/370/530 1341/369/531 1337/365/527
f 1337/365/527 1341/369/531 1342/371/560 1338/367/528
f 1338/367/528 1342/371/560 1343/372/533 1339/368/529
f 1344/370/530 1348/374/534 1345/373/435 1341/369/531
f 1341/369/531 1345/373/434 1346/375/535 1342/371/560
f 1342/371/560 1346/375/535 1347/376/536 1343/372/533
f 1348/374/534 1352/378/537 1349/377/438 1345/373/435
f 1345/373/434 1349/377/71 1350/379/538 1346/375/535
f 1346/375/535 1350/379/538 1351/380/539 1347/376/536
f 1352/378/537 1356/382/540 1353/381/541 1349/377/438
f 1349/377/71 1353/381/541 1354/383/542 1350/379/538
f 1350/379/538 1354/383/542 1355/384/543 1351/380/539
f 1356/382/540 1360/386/544 1357/385/545 1353/381/541
f 1353/381/541 1357/385/545 1358/387/81 1354/383/542
f 1354/383/542 1358/387/83 1359/388/546 1355/384/543
f 1360/386/544 1364/324/489 1361/323/488 1357/385/545
f 1357/385/545 1361/323/488 1362/321/86 1358/387/81
f 1358/387/83 1362/321/88 1363/322/487 1359/388/546
f 1188/212/550 1291/312/478 1287/309/477 1192/215/419
f 1192/215/419 1287/309/477 1295/320/486 1196/220/422
f 1196/220/422 1295/320/486 1299/328/493 1200/225/552
f 1200/225/552 1299/328/493 1303/332/497 1204/230/429
f 1204/230/429 1303/332/497 1307/336/500 1208/235/553
f 1208/235/553 1307/336/500 1311/340/503 1212/240/436
f 1212/240/436 1311/340/503 1315/344/506 1216/245/439
f 1216/245/439 1315/344/506 1319/348/510 1220/252/442
f 1220/252/442 1319/348/510 1323/352/514 1224/257/446
f 1224/257/446 1323/352/514 1327/356/518 1228/262/449
f 1228/262/449 1327/356/518 1331/360/521 1232/267/453
f 1232/267/453 1331/360/521 1335/364/525 1236/272/456
f 1236/272/456 1335/364/525 1339/368/529 1240/277/555
f 1240/277/555 1339/368/529 1343/372/533 1244/282/463
f 1244/282/463 1343/372/533 1347/376/536 1248/287/466
f 1248/287/466 1347/376/536 1351/380/539 1252/292/468
f 1252/292/468 1351/380/539 1355/384/543 1256/297/470
f 1256/297/470 1355/384/543 1359/388/546 1260/304/473
f 1260/304/473 1359/388/546 1363/322/487 1264/213/417
f 1264/213/417 1363/322/487 1291/312/478 1188/212/550
f 1292/316/482 1266/390/310 1265/389/26 1288/315/483
f 1288/315/483 1265/389/26 1267/391/311 1296/318/484
f 1296/318/484 1267/391/311 1268/392/312 1300/326/490
f 1300/326/490 1268/392/312 1269/393/313 1304/330/494
f 1304/330/494 1269/393/313 1270/394/29 1308/334/498
f 1308/334/498 1270/394/29 1271/395/314 1312/338/501
f 1312/338/501 1271/395/314 1272/396/315 1316/342/504
f 1316/342/504 1272/396/315 1273/397/316 1320/346/557
f 1320/346/557 1273/397/316 1274/398/32 1324/350/511
f 1324/350/511 1274/398/32 1275/399/317 1328/354/515
f 1328/354/515 1275/399/317 1276/400/318 1332/358/519
f 1332/358/519 1276/400/318 1277/401/319 1336/362/522
f 1336/362/522 1277/401/319 1278/402/20 1340/366/559
f 1340/366/559 1278/402/20 1279/403/320 1344/370/530
f 1344/370/530 1279/403/320 1280/404/321 1348/374/534
f 1348/374/534 1280/404/321 1281/405/322 1352/378/537
f 1352/378/537 1281/405/322 1282/406/23 1356/382/540
f 1356/382/540 1282/406/23 1283/407/323 1360/386/544
f 1360/386/544 1283/407/323 1284/408/324 1364/324/489
f 1364/324/489 1284/408/324 1266/390/310 1292/316/482
f 1374/409/561 1365/410/562 1370/411/563 1371/412/564
f 1375/413/565 1374/409/561 1371/412/564 1372/414/566
f 1376/415/567 1375/413/565 1372/414/566 1373/416/568
f 1380/417/569 1377/418/570 1378/419/571 1379/420/572
f 1379/420/572 1376/415/567 1373/416/568 1380/417/569
f 1377/418/570 1381/421/573 1382/422/574 1378/419/571
f 1382/422/574 1381/421/573 1392/423/575 1393/424/576
f 1383/425/577 1385/426/578 1384/427/579 1367/428/580
f 1387/429/581 1365/410/562 1374/409/561 1388/430/582
f 1389/431/583 1385/426/578 1383/425/577 1386/432/584
f 1386/432/584 1387/429/581 1388/430/582 1389/431/583
f 1390/433/585 1375/413/565 1376/415/567 1379/420/572
f 1388/430/582 1374/409/561 1375/413/565 1390/433/585
f 1389/431/583 1388/430/582 1390/433/585 1391/434/586
f 1391/434/586 1390/433/585 1379/420/572 1378/419/571
f 1393/424/576 1392/423/575 1384/427/579 1385/426/578
f 1378/419/571 1382/422/574 1393/424/576 1391/434/586
f 1391/434/586 1393/424/576 1385/426/578 1389/431/583
f 1397/435/587 1424/436/588 1425/437/589 1396/438/590
f 1423/439/591 1424/440/588 1397/441/587 1398/442/592
f 1422/443/593 1423/439/591 1398/442/592 1399/444/594
f 1421/445/595 1422/443/593 1399/444/594 1400/446/596
f 1425/437/589 1426/447/597 1401/448/598 1396/438/590
f 1426/447/597 1427/449/599 1402/450/600 1401/448/598
f 1406/451/601 1415/452/602 1416/453/603 1405/454/604
f 1405/454/604 1416/453/603 1417/455/605 1408/456/606
f 1410/457/607 1408/456/606 1417/455/605 1418/458/608
f 1412/459/609 1410/457/607 1418/458/608 1419/460/610
f 1414/461/611 1412/459/609 1419/460/610 1420/462/612
f 1400/446/596 1414/461/611 1420/462/612 1421/445/595
f 1416/453/603 1415/452/602 1403/463/613 1404/464/614
f 1417/455/605 1416/453/603 1404/464/614 1407/465/615
f 1418/458/608 1417/455/605 1407/465/615 1409/466/616
f 1419/460/610 1418/458/608 1409/466/616 1411/467/617
f 1420/462/612 1419/460/610 1411/467/617 1413/468/618
f 1421/445/595 1420/462/612 1413/468/618 1381/421/573
f 1377/418/570 1422/443/593 1421/445/595 1381/421/573
f 1380/417/569 1423/439/591 1422/443/593 1377/418/570
f 1373/416/568 1424/440/588 1423/439/591 1380/417/569
f 1428/469/619 1392/423/575 1381/421/573 1413/468/618
f 1413/468/618 1411/467/617 1429/470/620 1428/469/619
f 1431/471/621 1404/464/614 1403/463/613 1430/472/622
f 1432/473/623 1407/465/615 1404/464/614 1431/471/621
f 1407/465/615 1432/473/623 1433/474/624 1409/466/616
f 1409/466/616 1433/474/624 1434/475/625 1411/467/617
f 1435/476/626 1429/470/620 1411/467/617 1434/475/625
f 1431/471/621 1430/472/622 1940/477/627 1920/478/628
f 1921/479/629 1432/473/623 1431/471/621 1920/478/628
f 1432/473/623 1921/479/629 1922/480/630 1433/474/624
f 1433/474/624 1922/480/630 1923/481/631 1434/475/625
f 1924/482/632 1435/476/626 1434/475/625 1923/481/631
f 1384/427/579 1439/483/633 1436/484/634 1367/428/580
f 1439/483/633 1384/427/579 1392/423/575 1428/469/619
f 1428/469/619 1429/470/620 1440/485/635 1439/483/633
f 1429/470/620 1435/476/626 1441/486/636 1440/485/635
f 1440/485/635 1441/486/636 1438/487/637 1437/488/638
f 1437/488/638 1436/484/634 1439/483/633 1440/485/635
f 1435/476/626 1924/482/632 1442/489/639 1441/486/636
f 1441/486/636 1442/489/639 1366/490/640 1438/487/637
f 1924/482/632 1925/491/641 1443/492/642 1442/489/639
f 1927/493/643 1928/494/644 1444/495/645 1445/496/646
f 1445/496/646 1446/497/647 1926/498/648 1927/493/643
f 1926/498/648 1446/497/647 1443/492/642 1925/491/641
f 1928/494/644 1929/499/649 1447/500/650 1444/495/645
f 1929/499/649 1930/501/651 1448/502/652 1447/500/650
f 1930/501/651 1931/503/653 1449/504/654 1448/502/652
f 1945/505/655 1457/506/656 1458/507/657 1939/508/658
f 1939/508/658 1458/507/657 1459/509/659 1938/510/660
f 1938/510/660 1459/509/659 1460/511/661 1937/512/662
f 1460/511/661 1461/513/663 1450/514/664 1937/512/662
f 1466/515/665 1545/516/666 1546/517/667 1453/518/668
f 1463/519/669 1478/520/670 1479/521/671 1455/522/672
f 1462/523/673 1483/524/674 1484/525/675 1456/526/676
f 1461/513/663 1462/523/673 1456/526/676 1450/514/664
f 1451/527/677 1544/528/678 1545/516/666 1466/515/665
f 1469/529/679 1934/530/680 1935/531/681 1468/532/682
f 1468/532/682 1935/531/681 1936/533/683 1470/534/684
f 1470/534/684 1936/533/683 1937/512/662 1450/514/664
f 1450/514/664 1456/526/676 1471/535/685 1470/534/684
f 1484/525/675 1485/536/686 1471/535/685 1456/526/676
f 1476/537/687 1486/538/688 1487/539/689 1472/540/690
f 1455/522/672 1479/521/671 1480/541/691 1473/542/692
f 1477/543/693 1481/544/694 1482/545/695 1474/546/696
f 1471/535/685 1485/536/686 1486/538/688 1476/537/687
f 1473/542/692 1480/541/691 1481/544/694 1477/543/693
f 1468/532/682 1476/537/687 1472/540/690 1469/529/679
f 1476/537/687 1468/532/682 1470/534/684 1471/535/685
f 1479/521/671 1478/520/670 1523/547/697 1524/548/698
f 1480/541/691 1479/521/671 1524/548/698 1525/549/699
f 1481/544/694 1480/541/691 1525/549/699 1526/550/700
f 1482/545/695 1481/544/694 1526/550/700 1527/551/701
f 1484/525/675 1483/524/674 1463/519/669 1455/522/672
f 1473/542/692 1485/536/686 1484/525/675 1455/522/672
f 1486/538/688 1485/536/686 1473/542/692 1477/543/693
f 1487/539/689 1486/538/688 1477/543/693 1474/546/696
f 1489/552/702 1490/553/703 1548/554/704 1549/555/705
f 1491/556/706 1547/557/707 1548/554/704 1490/553/703
f 1453/518/668 1546/517/667 1547/557/707 1491/556/706
f 1500/558/708 1501/559/709 1502/560/710 1499/561/711
f 1502/560/710 1501/559/709 1497/562/712 1498/563/713
f 1496/564/714 1502/560/710 1498/563/713 1475/565/715
f 1488/566/716 1499/561/711 1502/560/710 1496/564/714
f 1504/567/717 1503/568/718 1475/565/715 1498/563/713
f 1505/569/719 1504/567/717 1498/563/713 1497/562/712
f 1505/569/719 1519/570/720 1520/571/721 1508/572/722
f 1510/573/723 1509/574/724 1474/546/696 1482/545/695
f 1527/551/701 1528/575/725 1510/573/723 1482/545/695
f 1509/574/724 1511/576/726 1487/539/689 1474/546/696
f 1472/540/690 1487/539/689 1511/576/726 1512/577/727
f 1512/577/727 1511/576/726 1513/578/728 1514/579/729
f 1516/580/730 1513/578/728 1511/576/726 1515/581/731
f 1518/582/732 1516/580/730 1515/581/731 1517/583/733
f 1520/571/721 1519/570/720 1506/584/734 1507/585/735
f 1517/583/733 1508/572/722 1520/571/721 1518/582/732
f 1511/576/726 1509/574/724 1521/586/736 1515/581/731
f 1510/573/723 1528/575/725 1529/587/737 1522/588/738
f 1503/568/718 1528/575/725 1527/551/701 1475/565/715
f 1529/587/737 1528/575/725 1503/568/718 1504/567/717
f 1508/572/722 1529/587/737 1504/567/717 1505/569/719
f 1522/588/738 1529/587/737 1508/572/722 1517/583/733
f 1522/588/738 1521/586/736 1509/574/724 1510/573/723
f 1522/588/738 1517/583/733 1515/581/731 1521/586/736
f 1489/589/702 1530/590/739 1499/561/711 1488/566/716
f 1530/590/739 1531/591/740 1500/558/708 1499/561/711
f 1551/592/741 1552/593/742 1532/594/743 1531/591/744
f 1550/595/745 1551/592/741 1531/591/744 1530/590/739
f 1549/596/705 1550/595/745 1530/590/739 1489/589/702
f 1518/582/732 1520/571/721 1507/585/735 1536/597/746
f 1538/598/747 1536/597/746 1507/585/735 1537/599/748
f 1539/600/749 2073/601/750 2072/602/751 1537/599/748
f 1506/584/734 1539/600/749 1537/599/748 1507/585/735
f 1540/603/752 1541/604/753 1553/605/754 1554/606/755
f 1532/594/743 1552/593/742 1553/605/754 1541/604/753
f 1545/516/666 1544/528/678 1555/607/756 1556/608/757
f 1546/517/667 1545/516/666 1556/608/757 1557/609/758
f 1547/557/707 1546/517/667 1557/609/758 1558/610/759
f 1548/554/704 1547/557/707 1558/610/759 1559/611/760
f 1549/555/705 1548/554/704 1559/611/760 1560/612/761
f 1560/613/761 1561/614/762 1550/595/745 1549/596/705
f 1561/614/762 1562/615/763 1551/592/764 1550/595/745
f 1562/615/763 1563/616/765 1552/593/766 1551/592/764
f 1553/605/767 1552/593/766 1563/616/765 1564/617/768
f 1554/606/769 1553/605/767 1564/617/768 1565/618/770
f 1556/608/757 1555/607/756 1452/619/771 1467/620/772
f 1557/609/758 1556/608/757 1467/620/772 1454/621/773
f 1558/610/759 1557/609/758 1454/621/773 1494/622/774
f 1559/611/760 1558/610/759 1494/622/774 1492/623/775
f 1560/612/761 1559/611/760 1492/623/775 1493/624/776
f 1493/625/776 1535/626/777 1561/614/762 1560/613/761
f 1535/626/777 1533/627/778 1562/615/763 1561/614/762
f 1534/628/779 1563/616/765 1562/615/763 1533/627/778
f 1564/617/768 1563/616/765 1534/628/779 1543/629/780
f 1565/618/770 1564/617/768 1543/629/780 1542/630/781
f 1569/631/782 1566/632/783 1567/633/784 1568/634/785
f 1536/597/786 1538/598/787 1568/634/785 1567/633/784
f 1568/634/785 2078/635/788 2079/636/789 1569/631/782
f 1568/634/785 1538/598/787 2071/637/790 2078/635/788
f 1516/580/730 1518/582/732 1536/597/786 1567/633/784
f 1567/633/784 1566/632/783 1570/638/791 1516/580/730
f 1513/578/728 1516/580/730 1570/638/791 1571/639/792
f 1571/639/792 1572/640/793 1514/579/729 1513/578/728
f 1572/640/793 1573/641/794 1574/642/795 1514/579/729
f 1932/643/796 1574/642/795 1573/641/794 1575/644/797
f 1931/503/653 1932/643/796 1575/644/797 1449/504/654
f 1933/645/798 1576/646/799 1574/642/795 1932/643/800
f 1934/530/680 1469/529/679 1576/646/799 1933/645/798
f 1512/577/727 1576/646/799 1469/529/679 1472/540/690
f 1576/646/799 1512/577/727 1514/579/729 1574/642/795
f 1802/647/801 2115/648/802 2116/649/803 1803/650/804
f 1803/650/804 2116/649/803 2117/651/805 1804/652/806
f 1805/653/807 2118/654/808 2119/655/809 1806/656/810
f 1806/656/810 2119/655/809 2120/657/811 1807/658/812
f 1806/656/810 1807/658/812 1808/659/813 1809/660/814
f 1809/660/814 1808/659/813 1810/661/815 1811/662/816
f 1812/663/817 1809/660/814 1811/662/816 1813/664/818
f 1809/660/814 1812/663/817 1805/653/807 1806/656/810
f 1804/652/806 1805/653/807 1812/663/817 1814/665/819
f 1813/664/818 1815/666/820 1814/665/819 1812/663/817
f 1815/666/820 1816/667/821 1817/668/822 1814/665/819
f 1814/665/819 1817/668/822 1803/650/804 1804/652/806
f 1803/650/804 1817/668/822 1818/669/823 1802/647/801
f 1819/670/824 1818/669/823 1817/668/822 1816/667/821
f 1444/495/825 1447/500/826 1579/671/827 1580/672/828
f 1447/500/826 1448/502/829 1581/673/830 1579/671/827
f 1448/502/829 1449/504/831 1578/674/832 1581/673/830
f 1577/675/833 1582/676/834 1581/673/830 1578/674/832
f 1579/671/827 1581/673/830 1582/676/834 1583/677/835
f 1580/672/828 1579/671/827 1583/677/835 1584/678/836
f 1584/678/836 1583/677/835 2081/679/837 2082/680/838
f 1442/489/639 1589/681/839 1366/490/640
f 1820/682/840 1821/683/841 1822/684/842 1823/685/843
f 1821/683/841 1824/686/844 1825/687/845 1822/684/842
f 1826/688/846 1827/689/847 1825/687/845 1824/686/844
f 1827/689/847 1826/688/846 1828/690/848 1829/691/849
f 1830/692/850 1831/693/851 1820/682/840 1832/694/852
f 1833/695/853 1834/696/854 1826/688/846 1824/686/844
f 1835/697/855 1833/695/853 1824/686/844 1821/683/841
f 1831/693/851 1835/697/855 1821/683/841 1820/682/840
f 1830/692/850 1836/698/856 1835/697/855 1831/693/851
f 1836/698/856 1837/699/857 1833/695/853 1835/697/855
f 1837/699/857 1838/700/858 1834/696/854 1833/695/853
f 1840/701/859 1839/702/860 1834/696/854 1838/700/858
f 1838/700/858 1841/703/861 1840/701/859
f 1842/704/862 1843/705/863 2121/706/864 2122/707/865
f 1841/703/861 1838/700/858 1843/705/863 1842/704/862
f 1843/705/863 1838/700/858 1837/699/857 1845/708/866
f 1837/699/857 1836/698/856 1844/709/867 1845/708/866
f 1836/698/856 1830/692/850 1832/694/852 1844/709/867
f 1406/451/868 1405/454/869 1590/710/870 1591/711/868
f 1592/712/871 1590/710/870 1405/454/869 1408/456/872
f 1593/713/873 1592/712/871 1408/456/872 1410/457/874
f 1410/457/874 1412/459/875 1594/714/876 1593/713/873
f 1595/715/877 1594/714/876 1412/459/875 1414/461/877
f 1596/716/878 1595/715/877 1414/461/877 1400/446/879
f 1400/446/879 1399/444/880 1597/717/881 1596/716/878
f 1598/718/882 1597/717/881 1399/444/880 1398/442/883
f 1599/719/884 1598/718/882 1398/442/883 1397/441/885
f 1600/720/886 1599/721/884 1397/435/885 1396/438/887
f 1601/722/888 1600/720/886 1396/438/887 1401/448/889
f 1602/723/890 1601/722/888 1401/448/889 1402/450/891
f 1839/702/860 1828/690/848 1826/688/846 1834/696/854
f 1591/724/892 1590/725/893 1603/726/894 1604/727/892
f 1590/725/893 1592/728/895 1605/729/896 1603/726/894
f 1592/728/895 1593/730/897 1606/731/898 1605/729/896
f 1593/730/897 1594/732/899 1607/733/900 1606/731/898
f 1594/732/899 1595/734/901 1608/735/902 1607/733/900
f 1595/734/901 1596/736/903 1609/737/904 1608/735/902
f 1596/736/903 1597/738/905 1610/739/906 1609/737/904
f 1597/738/905 1598/740/907 1611/741/908 1610/739/906
f 1598/740/907 1599/742/909 1612/743/910 1611/741/908
f 1599/742/909 1600/744/911 1613/745/912 1612/743/910
f 1600/744/911 1601/746/913 1614/747/21 1613/745/912
f 1601/746/913 1602/748/914 1615/749/915 1614/747/21
f 1604/750/916 1603/751/917 1630/752/918 1631/753/919
f 1605/754/920 1606/755/921 1628/756/922 1629/757/923
f 1603/751/917 1605/754/920 1629/757/923 1630/752/918
f 1617/758/924 1616/759/925 1613/760/926 1614/761/927
f 1618/762/928 1617/758/924 1614/761/927 1615/763/929
f 1621/764/930 1620/765/931 1616/759/925 1617/758/924
f 1622/766/932 1621/764/930 1617/758/924 1618/762/928
f 1623/767/933 1622/766/932 1618/762/928 1619/768/934
f 1625/769/935 1624/770/936 1620/765/931 1621/764/930
f 1626/771/937 1625/769/935 1621/764/930 1622/766/932
f 1627/772/938 1626/771/937 1622/766/932 1623/767/933
f 1629/757/923 1628/756/922 1624/770/936 1625/769/935
f 1630/752/918 1629/757/923 1625/769/935 1626/771/937
f 1631/753/919 1630/752/918 1626/771/937 1627/772/938
f 1606/755/921 1607/773/939 1628/756/922
f 1628/756/922 1607/773/939 1608/774/940 1624/770/936
f 1624/770/936 1608/774/940 1609/775/941 1620/765/931
f 1620/765/931 1609/775/941 1610/776/942 1616/759/925
f 1616/759/925 1610/776/942 1611/777/943 1612/778/944
f 1616/759/925 1612/778/944 1613/760/926
f 1635/779/945 1643/780/946 1637/781/947 1636/782/948
f 1633/783/949 1632/784/950 1642/785/951 1634/786/952
f 1634/786/952 1642/785/951 1643/780/946 1635/779/945
f 1642/785/951 1632/784/950 1641/787/953 1640/788/954
f 1643/780/946 1642/785/951 1640/788/954 1639/789/955
f 1637/781/947 1643/780/946 1639/789/955 1638/790/956
f 1656/791/957 1661/792/958 1658/793/959 1657/794/960
f 1661/792/958 1662/795/961 1660/796/962 1659/797/962 1658/793/959
f 1654/798/963 1661/792/958 1656/791/957 1655/799/964
f 1654/798/963 1653/800/965 1662/795/961 1661/792/958
f 1673/801/966 1672/802/967 1687/803/968 1688/804/969
f 1672/802/967 1671/805/970 1686/806/971 1687/803/968
f 1671/805/970 1670/807/972 1685/808/973 1686/806/971
f 1686/806/971 1685/808/973 1689/809/974 1690/810/975
f 1687/803/968 1686/806/971 1690/810/975 1691/811/976
f 1688/804/969 1687/803/968 1691/811/976 1692/812/977
f 1690/810/975 1689/809/974 1693/813/978 1694/814/979
f 1691/811/976 1690/810/975 1694/814/979 1695/815/980
f 1692/812/977 1691/811/976 1695/815/980 1696/816/981
f 1694/814/979 1693/813/978 1697/817/982 1698/818/983
f 1695/815/980 1694/814/979 1698/818/984 1699/819/985
f 1696/816/981 1695/815/980 1699/819/985 1700/820/986
f 1698/818/983 1697/817/982 1701/821/987 1702/822/988
f 1699/819/985 1698/818/984 1702/822/989 1703/823/990
f 1700/820/986 1699/819/985 1703/823/990 1704/824/991
f 1702/822/988 1701/821/987 1684/825/992 1676/826/992
f 1703/823/990 1702/822/989 1676/826/993 1675/827/994
f 1704/824/991 1703/823/990 1675/827/994 1678/828/995
f 1683/829/996 1704/824/991 1678/828/995 1677/830/997
f 1680/831/998 1700/820/986 1704/824/991 1683/829/996
f 1679/832/999 1700/820/986 1680/831/998
f 1682/833/1000 1696/816/981 1700/820/986 1679/832/999
f 1681/834/1001 1692/812/977 1696/816/981 1682/833/1000
f 1674/835/1002 1688/804/969 1692/812/977 1681/834/1001
f 1674/835/1002 1673/801/966 1688/804/969
f 1403/836/1003 1415/837/1004 1747/838/1005 1748/839/1006
f 1430/840/1007 1403/836/1003 1748/839/1006 1749/841/1008
f 1940/842/1009 1430/840/1007 1749/841/1008 1750/843/1010
f 1941/844/1011 1940/842/1012 1750/843/1010 1751/845/1013
f 1942/846/1014 1941/844/1011 1751/845/1013 1752/847/1015
f 1943/848/1016 1942/846/1014 1752/847/1015 1753/849/1017
f 1944/850/1018 1943/848/1016 1753/849/1017 1754/851/1018
f 1945/852/1019 1944/850/1018 1754/851/1018 1755/853/1020
f 1457/854/1021 1945/852/1019 1755/853/1020 1756/855/1022
f 1716/856/1023 1715/857/1023 1718/858/1024 1717/859/1025
f 1717/859/1025 1718/858/1024 1720/860/1026 1719/861/1027
f 1719/861/1027 1720/860/1026 1722/862/1028 1721/863/1029
f 1721/863/1029 1722/862/1028 1724/864/1030 1723/865/1031
f 1723/865/1031 1724/864/1030 1738/866/1032 1737/867/1033
f 1725/868/1034 1726/869/1035 1728/870/1036 1727/871/1037
f 1726/869/1035 1725/868/1034 1731/872/1038 1732/873/1039
f 1727/871/1037 1728/870/1036 1744/874/1040 1743/875/1041
f 1729/876/1042 1730/877/1043 1732/873/1039 1731/872/1038
f 1730/877/1043 1729/876/1042 1741/878/1044 1742/879/1045
f 1733/880/1046 1734/881/1047 1736/882/1048 1735/883/1049
f 1734/881/1047 1733/880/1046 1739/884/1050 1740/885/1051
f 1735/883/1049 1736/882/1048 1742/879/1045 1741/878/1044
f 1737/867/1033 1738/866/1032 1740/885/1051 1739/884/1050
f 1743/875/1041 1744/874/1040 1746/886/1052 1745/887/1052
f 1727/871/1053 1544/528/678 1451/527/677 1725/868/1054
f 1458/507/657 1457/506/656 1716/856/1055 1717/859/1056
f 1459/509/659 1458/507/657 1717/859/1056 1719/861/1057
f 1460/511/661 1459/509/659 1719/861/1057 1721/863/1058
f 1721/863/1058 1723/865/1059 1461/513/663 1460/511/661
f 1723/865/1059 1737/867/1060 1462/523/673 1461/513/663
f 1737/867/1060 1739/884/1061 1483/524/674 1462/523/673
f 1733/880/1062 1735/883/1063 1478/520/670 1463/519/669
f 1729/876/1064 1731/872/1065 1495/888/1066 1464/889/1067
f 1725/868/1054 1451/527/677 1466/515/665 1465/890/1068
f 1478/520/670 1735/883/1063 1741/878/1069 1523/547/697
f 1483/524/674 1739/884/1061 1733/880/1062 1463/519/669
f 1495/888/1066 1731/872/1065 1725/868/1054 1465/890/1068
f 1523/547/697 1741/878/1069 1729/876/1064 1464/889/1067
f 1743/875/1070 1555/607/756 1544/528/678 1727/871/1053
f 1452/619/771 1555/607/756 1743/875/1070 1745/887/1071
f 1718/891/1072 1715/892/1073 1670/893/1073 1671/894/1074
f 1720/895/1075 1718/891/1072 1671/894/1074 1672/896/1076
f 1722/897/1077 1720/895/1075 1672/896/1076 1673/898/1078
f 1724/899/1079 1722/897/1077 1673/898/1078 1674/900/1080
f 1728/901/1081 1726/902/1082 1675/903/1083 1676/904/1084
f 1732/905/1085 1730/906/1086 1677/907/1087 1678/908/1088
f 1736/909/1089 1734/910/1090 1679/911/1091 1680/912/1092
f 1740/913/1093 1738/914/1094 1681/915/1095 1682/916/1096
f 1738/914/1094 1724/899/1079 1674/900/1080 1681/915/1095
f 1742/917/1097 1736/909/1089 1680/912/1092 1683/918/1098
f 1734/910/1090 1740/913/1093 1682/916/1096 1679/911/1091
f 1726/902/1082 1732/905/1085 1678/908/1088 1675/903/1083
f 1730/906/1086 1742/917/1097 1683/918/1098 1677/907/1087
f 1744/919/1099 1728/901/1081 1676/904/1084
f 1746/920/1100 1744/919/1099 1676/904/1084 1684/921/1100
f 1748/839/1006 1747/838/1005 1705/922/1101 1706/923/1102
f 1749/841/1008 1748/839/1006 1706/923/1102 1707/924/1103
f 1750/843/1010 1749/841/1008 1707/924/1103 1708/925/1104
f 1751/845/1013 1750/843/1010 1708/925/1104 1709/926/1013
f 1752/847/1015 1751/845/1013 1709/926/1013 1710/927/1015
f 1753/849/1017 1752/847/1015 1710/927/1015 1711/928/1105
f 1754/851/1018 1753/849/1017 1711/928/1105 1712/929/1106
f 1755/853/1020 1754/851/1018 1712/929/1106 1713/930/1107
f 1756/855/1022 1755/853/1020 1713/930/1107 1714/931/1108
f 1591/932/1109 1604/933/1110 1705/922/1101 1747/838/1005
f 1670/934/1111 1715/935/1112 1756/855/1022 1714/931/1108
f 1716/936/1112 1457/854/1021 1756/855/1022 1715/935/1112
f 1415/837/1004 1406/937/1113 1591/932/1109 1747/838/1005
f 1604/933/1110 1631/938/1114 1783/939/1115 1784/940/1116
f 1623/941/1117 1619/942/1118 1780/943/1118 1781/944/1119
f 1627/945/1120 1623/941/1117 1781/944/1119 1782/946/1121
f 1631/938/1114 1627/945/1120 1782/946/1121 1783/939/1115
f 1685/947/1122 1670/934/1111 1795/948/1123 1796/949/1122
f 1689/950/1124 1685/947/1124 1796/949/1124 1797/951/1124
f 1693/952/1124 1689/950/1124 1797/951/1124 1798/953/1124
f 1697/954/1124 1693/952/1124 1798/953/1124 1799/955/1124
f 1701/956/1125 1697/954/1124 1799/955/1124 1800/957/1126
f 1684/958/1127 1701/956/1125 1800/957/1126 1801/959/1127
f 1706/923/1102 1705/922/1101 1785/960/1128 1786/961/1129
f 1707/924/1103 1706/923/1102 1786/961/1129 1787/962/1130
f 1708/925/1104 1707/924/1103 1787/962/1130 1788/963/1104
f 1709/926/1013 1708/925/1104 1788/963/1104 1789/964/1013
f 1710/927/1015 1709/926/1013 1789/964/1013 1790/965/1015
f 1711/928/1105 1710/927/1015 1790/965/1015 1791/966/1131
f 1712/929/1106 1711/928/1105 1791/966/1131 1792/967/1106
f 1713/930/1107 1712/929/1106 1792/967/1106 1793/968/1132
f 1714/931/1108 1713/930/1107 1793/968/1132 1794/969/1133
f 1705/922/1101 1604/933/1110 1784/940/1116 1785/960/1128
f 1670/934/1111 1714/931/1108 1794/969/1133 1795/948/1123
f 1757/970/1134 1758/971/1135 1761/972/1136 1762/973/1137
f 1758/971/1135 1757/970/1134 1759/974/1138 1760/975/1139
f 1760/975/1139 1759/974/1138 1770/976/1140 1769/977/1140
f 1762/973/1137 1761/972/1136 1764/978/1141 1763/979/1142
f 1763/979/1142 1764/978/1141 1766/980/1143 1765/981/1144
f 1765/981/1144 1766/980/1143 1767/982/1145 1768/983/1146
f 1768/983/1146 1767/982/1145 1776/984/1147 1777/985/1148
f 1769/977/1149 1770/976/1149 1772/986/1149 1771/987/1149
f 1771/988/1150 1772/989/1150 1774/990/1151 1773/991/1152
f 1773/991/1152 1774/990/1151 1778/992/1153 1779/993/1154
f 1427/449/599 1760/975/1155 1769/977/1156 1402/450/600
f 1402/450/891 1769/977/1157 1771/987/1157 1602/723/890
f 1602/748/914 1771/994/1158 1773/995/1158 1615/749/915
f 1619/768/934 1618/762/928 1615/763/1159 1773/996/1159
f 1619/942/1160 1773/991/1152 1779/993/1154 1780/943/1161
f 1768/997/1162 1777/998/1163 1778/992/1164 1774/990/1165
f 1768/997/1162 1774/990/1165 1765/999/1166
f 1765/999/1166 1774/990/1165 1763/1000/1167
f 1763/1000/1167 1774/990/1165 1762/1001/1168
f 1772/989/1169 1770/1002/1170 1774/990/1165
f 1770/1002/1170 1759/1003/1171 1774/990/1165
f 1759/1003/1171 1757/1004/1172 1774/990/1165
f 1757/1004/1172 1762/1001/1168 1774/990/1165
f 1777/985/1148 1776/984/1147 2091/1005/1173 2088/1006/1173
f 1778/992/1164 1777/998/1163 2088/1007/1174 2092/1008/1174
f 1779/993/1154 1778/992/1153 2092/1008/1175 2089/1009/1176
f 1780/943/1161 1779/993/1154 2089/1009/1176 2093/1010/1177
f 1781/944/1119 1780/943/1118 2093/1010/1118 2094/1011/1119
f 1782/946/1121 1781/944/1119 2094/1011/1119 2095/1012/1178
f 1783/939/1115 1782/946/1121 2095/1012/1178 2096/1013/1179
f 1847/1014/1180 1846/1015/1180 2126/1016/1180 2127/1017/1180
f 1785/960/1128 1784/940/1116 2097/1018/1181 2098/1019/1182
f 1786/961/1129 1785/960/1128 2098/1019/1182 2099/1020/1129
f 1787/962/1130 1786/961/1129 2099/1020/1129 2100/1021/1130
f 1788/963/1104 1787/962/1130 2100/1021/1130 2101/1022/1104
f 1789/964/1013 1788/963/1104 2101/1022/1104 2102/1023/1013
f 1790/965/1015 1789/964/1013 2102/1023/1013 2103/1024/1015
f 1791/966/1131 1790/965/1015 2103/1024/1015 2104/1025/1131
f 1792/967/1106 1791/966/1131 2104/1025/1131 2105/1026/1106
f 1793/968/1132 1792/967/1106 2105/1026/1106 2106/1027/1132
f 1794/969/1133 1793/968/1132 2106/1027/1132 2107/1028/1133
f 1795/948/1123 1794/969/1133 2107/1028/1133 2108/1029/1183
f 1796/949/1122 1795/948/1123 2108/1029/1183 2109/1030/1122
f 1797/951/1124 1796/949/1124 2109/1030/1124 2110/1031/1124
f 1798/953/1124 1797/951/1124 2110/1031/1124 2111/1032/1124
f 1799/955/1124 1798/953/1124 2111/1032/1124 2112/1033/1124
f 1800/957/1126 1799/955/1124 2112/1033/1124 2113/1034/1184
f 1801/959/1127 1800/957/1126 2113/1034/1184 2114/1035/1127
f 1542/1036/1185 1543/1037/1186 1684/958/1187 1801/959/1185
f 1543/1037/1186 1534/1038/1188 1684/958/1187
f 1684/958/1187 1534/1038/1188 1746/1039/1189
f 1534/1038/1188 1533/1040/1190 1746/1039/1189
f 1533/1040/1190 1535/1041/1191 1746/1039/1189
f 1535/1041/1191 1493/1042/1192 1746/1039/1189
f 1493/1042/1192 1492/1043/1193 1746/1039/1189
f 1492/1043/1193 1494/1044/1194 1746/1039/1189
f 1494/1044/1194 1454/1045/1195 1746/1039/1189
f 1454/1045/1195 1467/1046/1196 1746/1039/1189
f 1467/1046/1196 1452/1047/1197 1746/1039/1189
f 1452/1047/1197 1745/1048/1198 1746/1039/1189
f 1569/631/1199 2079/636/1200 2115/648/1200 1802/647/1201
f 1577/675/1202 1578/674/1203 1808/659/1204 1807/658/1205
f 1578/674/1203 1449/504/1206 1810/661/1206 1808/659/1204
f 1449/504/1207 1575/644/1208 1811/662/1209 1810/661/1207
f 1575/644/1208 1573/641/1210 1813/664/1211 1811/662/1209
f 1573/641/1210 1572/640/1212 1815/666/1213 1813/664/1211
f 1572/640/1212 1571/639/1214 1816/667/1215 1815/666/1213
f 1566/632/1216 1569/631/1199 1802/647/1201 1818/669/1217
f 1570/638/1218 1566/632/1216 1818/669/1217 1819/670/1218
f 1571/639/1214 1570/638/1219 1819/670/1219 1816/667/1215
f 1445/496/1220 1444/495/1221 1823/685/1221 1822/684/1222
f 1444/495/1223 1580/672/1224 1820/682/1225 1823/685/1223
f 1446/497/1226 1445/496/1220 1822/684/1222 1825/687/1227
f 1443/492/1228 1446/497/1226 1825/687/1227 1827/689/1229
f 1589/681/1230 1442/489/1231 1829/691/1231 1828/690/1232
f 1442/489/1233 1443/492/1228 1827/689/1229 1829/691/1233
f 1580/672/1224 1584/678/1234 1832/694/1235 1820/682/1225
f 1587/1049/1236 1588/1050/1237 1839/702/1238 1840/701/1239
f 1585/1051/1240 1587/1049/1236 1840/701/1239 1841/703/1241
f 1586/1052/1242 1585/1051/1240 1841/703/1241 1842/704/1243
f 1584/678/1234 2082/680/1244 2124/1053/1244 1832/694/1235
f 1588/1054/1237 1589/681/1245 1828/690/1246 1839/702/1238
f 1784/940/1247 1783/939/1247 1846/1015/1247 1847/1014/1247
f 1783/939/1248 2096/1013/1248 2126/1016/1248 1846/1015/1248
f 1646/1055/1249 1647/1056/1250 1775/1057/1251 1652/1058/1252
f 1646/1055/1249 1652/1058/1252 1644/1059/1253
f 1644/1059/1253 1652/1058/1252 1645/1060/1254
f 1645/1060/1254 1652/1058/1252 1651/1061/1255 1648/1062/1256
f 1648/1062/1256 1651/1061/1255 1649/1063/1257
f 1651/1061/1255 1650/1064/1258 1649/1063/1257
f 1667/1065/1259 1849/1066/1260 2128/1067/1261 2086/1068/1261
f 1664/1069/1262 1848/1070/1263 1849/1066/1260 1667/1065/1259
f 1664/1069/1262 1663/1071/1264 1665/1072/1265 1848/1070/1263
f 1848/1070/1263 1669/1073/1266 1668/1074/1267 1849/1066/1260
f 1848/1070/1263 1665/1072/1265 1666/1075/1268 1669/1073/1266
f 1850/1076/1269 1851/1077/1270 1853/1078/1271 1852/1079/1272
f 1851/1077/1270 1850/1076/1269 1854/1080/1273 1855/1081/1274
f 1852/1079/1272 1853/1078/1271 1859/1082/1275 1858/1083/1275
f 1855/1081/1274 1854/1080/1273 1856/1084/1276 1857/1085/1277
f 1858/1083/1278 1859/1082/1278 1861/1086/1279 1860/1087/1280
f 1860/1087/1280 1861/1086/1279 1862/1088/1281 1863/1089/1281
f 1863/1089/1282 1862/1088/1283 1864/1090/1284 1865/1091/1282
f 1865/1091/1285 1864/1090/1284 1866/1092/1286 1867/1093/1287
f 1867/1093/1287 1866/1092/1286 1868/1094/1288 1869/1095/1289
f 1869/1095/1289 1868/1094/1288 2131/1096/1290 2132/1097/1291
f 1394/1098/1292 1852/1079/1293 1858/1083/1294 1370/1099/1295
f 1368/1100/1296 1854/1080/1297 1850/1076/1298 1369/1101/1299
f 1395/1102/1300 1856/1084/1301 1854/1080/1297 1368/1100/1296
f 1850/1076/1298 1852/1079/1293 1394/1098/1292 1369/1101/1299
f 1853/1078/1302 1851/1077/1303 1644/1059/1304 1645/1060/1305
f 1851/1077/1303 1855/1081/1306 1646/1055/1307 1644/1059/1304
f 1857/1085/1308 2129/1103/32 2085/1104/32 1647/1056/1309
f 1861/1086/1310 1859/1082/1311 1648/1062/1311 1649/1063/1312
f 1859/1082/1313 1853/1078/1302 1645/1060/1305 1648/1062/1313
f 1855/1081/1306 1857/1085/1308 1647/1056/1309 1646/1055/1307
f 1862/1088/1314 1861/1086/1310 1649/1063/1312 1650/1064/1314
f 1864/1090/1284 1862/1088/1283 1650/1064/1315 1651/1061/1316
f 1868/1094/1288 1866/1092/1286 1652/1058/1317 1775/1057/1318
f 1866/1092/1286 1864/1090/1284 1651/1061/1316 1652/1058/1317
f 1764/978/1319 1863/1089/1320 1865/1091/1285 1766/980/1321
f 1776/984/1322 1767/982/1323 1867/1093/1287 1869/1095/1289
f 1865/1091/1285 1867/1093/1287 1767/982/1323 1766/980/1321
f 1870/1105/1324 1871/1106/1325 1873/1107/1326 1872/1108/1327
f 1871/1106/1328 1870/1105/1328 1875/1109/1329 1874/1110/1330
f 1872/1108/1327 1873/1107/1326 1889/1111/1331 1888/1112/1332
f 1874/1110/1330 1875/1109/1329 1877/1113/1333 1876/1114/1334
f 1876/1114/1334 1877/1113/1333 1879/1115/1335 1878/1116/1335
f 1878/1116/1336 1879/1115/1336 1881/1117/1337 1880/1118/1338
f 1880/1118/1338 1881/1117/1337 1882/1119/1339 1883/1120/1339
f 1883/1120/1340 1882/1119/1340 1884/1121/1341 1885/1122/1342
f 1885/1122/1342 1884/1121/1341 1886/1123/1343 1887/1124/1344
f 1887/1124/1344 1886/1123/1343 1888/1112/1345 1889/1111/1345
f 1874/1110/1346 1371/1125/1347 1370/1099/1295 1871/1106/1325
f 1372/1126/1348 1371/1125/1347 1874/1110/1346 1876/1114/1349
f 1373/1127/568 1372/1126/1348 1876/1114/1349 1878/1116/1350
f 1425/437/589 1424/436/588 1373/1127/568 1878/1116/1350
f 1880/1118/1351 1426/447/597 1425/437/589 1878/1116/1350
f 1883/1120/1352 1427/449/599 1426/447/597 1880/1118/1351
f 1870/1105/1353 1872/1108/1327 1632/784/1354 1633/783/1353
f 1875/1109/1355 1870/1105/1356 1633/783/1356 1634/786/1357
f 1877/1113/1358 1875/1109/1355 1634/786/1357 1635/779/1359
f 1879/1115/1360 1877/1113/1358 1635/779/1359 1636/782/1360
f 1881/1117/1361 1879/1115/1362 1636/782/1362 1637/781/1363
f 1882/1119/1364 1881/1117/1361 1637/781/1363 1638/790/1364
f 1886/1123/1365 1884/1121/1366 1639/789/1367 1640/788/1368
f 1884/1121/1366 1882/1119/1369 1638/790/1369 1639/789/1367
f 1872/1108/1327 1888/1112/1332 1641/787/1370 1632/784/1354
f 1888/1112/1371 1886/1123/1365 1640/788/1368 1641/787/1371
f 1764/978/1319 1761/972/1372 1885/1122/1373 1887/1124/1374
f 1885/1122/1373 1761/972/1372 1758/971/1375 1883/1120/1352
f 1758/971/1375 1760/975/1155 1427/449/599 1883/1120/1352
f 1873/1107/1326 1871/1106/1325 1858/1083/1294 1860/1087/1376
f 1871/1106/1325 1370/1099/1295 1858/1083/1294
f 1889/1111/1377 1873/1107/1326 1860/1087/1376 1863/1089/1320
f 1863/1089/1320 1764/978/1319 1887/1124/1374 1889/1111/1377
f 1890/1128/1378 1891/1129/1378 1893/1130/1379 1892/1131/1380
f 1891/1129/1381 1890/1128/1381 1904/1132/1382 1905/1133/1383
f 1892/1131/1380 1893/1130/1379 1895/1134/1384 1894/1135/1384
f 1894/1135/1385 1895/1134/1385 1897/1136/1386 1896/1137/1387
f 1896/1137/1387 1897/1136/1386 1899/1138/1388 1898/1139/1388
f 1898/1139/1389 1899/1138/1389 1901/1140/1390 1900/1141/1391
f 1900/1141/1391 1901/1140/1390 1903/1142/1392 1902/1143/1392
f 1902/1143/1393 1903/1142/1393 1905/1133/1383 1904/1132/1382
f 1906/1144/1394 1907/1145/1395 1915/1146/1396 1914/1147/1397
f 1907/1145/1395 1906/1144/1394 1908/1148/1398 1909/1149/1398
f 1909/1149/1399 1908/1148/1399 1910/1150/1400 1911/1151/1401
f 1911/1151/1401 1910/1150/1400 1912/1152/1402 1913/1153/1402
f 1913/1153/1403 1912/1152/1403 1918/1154/1404 1919/1155/1405
f 1916/1156/1406 1917/1157/1407 1919/1155/1405 1918/1154/1404
f 1917/1157/1407 1916/1156/1406 2135/1158/1408 2136/1159/1408
f 1465/890/1068 1466/515/665 1453/518/668 1890/1128/1409
f 1464/889/1067 1495/888/1066 1892/1131/1410 1894/1135/1411
f 1898/1139/1412 1900/1141/1413 1496/1160/714 1475/565/715
f 1490/553/703 1489/552/702 1488/1161/716 1902/1143/1414
f 1453/518/668 1491/556/706 1904/1132/1415 1890/1128/1409
f 1904/1132/1415 1491/556/706 1490/553/703 1902/1143/1414
f 1892/1131/1410 1495/888/1066 1465/890/1068 1890/1128/1409
f 1496/1160/714 1900/1141/1413 1902/1143/1414 1488/1161/716
f 1505/569/719 1497/562/712 1908/1148/1416 1519/570/720
f 1519/570/720 1908/1148/1416 1906/1144/1417 1506/584/734
f 1524/548/698 1523/547/697 1464/889/1067 1894/1135/1411
f 1525/549/699 1524/548/698 1894/1135/1411 1896/1137/1418
f 1526/550/700 1525/549/699 1896/1137/1418 1898/1139/1412
f 1527/551/701 1526/550/700 1898/1139/1412 1475/565/715
f 1910/1150/1419 1908/1148/1416 1497/562/712 1501/559/709
f 1501/559/709 1500/558/708 1912/1152/1420 1910/1150/1419
f 1500/558/708 1531/591/740 1532/594/1421 1912/1152/1420
f 1914/1147/1422 2133/1162/1423 2073/601/750 1539/600/749
f 1539/600/749 1506/584/734 1906/1144/1417 1914/1147/1422
f 1541/604/1424 1540/603/752 1916/1156/1425 1918/1154/1426
f 1912/1152/1420 1532/594/1421 1541/604/1424 1918/1154/1426
f 1893/1130/1427 1891/1129/1428 1653/800/1428 1654/798/1427
f 1897/1136/1429 1895/1134/1430 1655/799/1430 1656/791/1431
f 1899/1138/1432 1897/1136/1429 1656/791/1431 1657/794/1432
f 1901/1140/1433 1899/1138/1434 1657/794/1434 1658/793/1435
f 1905/1133/1436 1903/1142/1437 1659/797/1437 1660/796/1438
f 1891/1129/1439 1905/1133/1436 1660/796/1438 1662/795/1439 1653/800/1439
f 1895/1134/1440 1893/1130/1427 1654/798/1427 1655/799/1440
f 1903/1142/1441 1901/1140/1433 1658/793/1435 1659/797/1441
f 1907/1145/1442 1909/1149/1443 1663/1071/1443 1664/1069/1444
f 1909/1149/1445 1911/1151/1446 1665/1072/1447 1663/1071/1445
f 1911/1151/1446 1913/1153/1448 1666/1075/1448 1665/1072/1447
f 1915/1146/1449 1907/1145/1442 1664/1069/1444 1667/1065/1450
f 1917/1157/1451 2136/1159/324 2087/1163/324 1668/1074/1452
f 1919/1155/1453 1917/1157/1451 1668/1074/1452 1669/1073/1454
f 1913/1153/1455 1919/1155/1453 1669/1073/1454 1666/1075/1455
f 1927/493/1456 1926/498/1457 1946/1164/1458 1947/1165/1459
f 1928/494/1460 1927/493/1456 1947/1165/1459 1948/1166/1461
f 1929/499/1462 1928/494/1460 1948/1166/1461 1949/1167/1463
f 1930/501/1464 1929/499/1462 1949/1167/1463 1950/1168/1465
f 1931/503/1466 1930/501/1464 1950/1168/1465 1951/1169/1467
f 1926/498/1457 1925/491/1468 1952/1170/1468 1946/1164/1458
f 1932/643/1469 1931/503/1466 1951/1169/1467 1953/1171/1469
f 1933/645/1470 1932/643/1471 1953/1171/1471 1954/1172/1472
f 1934/530/1473 1933/645/1470 1954/1172/1472 1955/1173/1473
f 1976/1174/1474 1979/1175/1475 1978/1176/1476 1977/1177/1477
f 1980/1178/1478 1983/1179/1479 1982/1180/1480 1981/1181/1481
f 1981/1181/1481 1982/1180/1480 1979/1175/1475 1976/1174/1474
f 1984/1182/1482 1985/1183/1483 2142/1184/1484 2141/1185/1485
f 1977/1177/1477 1978/1176/1476 1985/1183/1483 1984/1182/1482
f 1986/1186/1486 1980/1178/1478 1981/1181/1481 1987/1187/1487
f 1987/1187/1487 1981/1181/1481 1976/1174/1474 1988/1188/1488
f 1988/1188/1488 1976/1174/1474 1977/1177/1477 1989/1189/1489
f 1989/1189/1489 1977/1177/1477 1984/1182/1482 1990/1190/1490
f 1990/1190/1490 1984/1182/1482 2141/1185/1485 2143/1191/1491
f 1991/1192/1492 1992/1193/1493 1986/1186/1486 1987/1187/1487
f 1993/1194/1494 1991/1192/1492 1987/1187/1487 1988/1188/1488
f 1994/1195/1495 1993/1194/1494 1988/1188/1488 1989/1189/1489
f 1994/1195/1495 1989/1189/1489 1990/1190/1490 1995/1196/1496
f 1995/1196/1496 1990/1190/1490 2143/1191/1491 2144/1197/1497
f 1968/1198/1498 1969/1199/1499 1956/1200/1500 1957/1201/1501
f 1966/1202/1502 1967/1203/1503 1960/1204/1504 1961/1205/1505
f 1967/1203/1503 1968/1198/1498 1957/1201/1501 1960/1204/1504
f 1970/1206/1506 2139/1207/1507 2138/1208/1508 1964/1209/1509
f 1969/1199/1499 1970/1206/1506 1964/1209/1509 1956/1200/1500
f 1971/1210/1510 1972/1211/1511 1967/1203/1503 1966/1202/1502
f 1972/1211/1511 1973/1212/1512 1968/1198/1498 1967/1203/1503
f 1973/1212/1512 1974/1213/1513 1969/1199/1499 1968/1198/1498
f 1974/1213/1513 1975/1214/1514 1970/1206/1506 1969/1199/1499
f 1975/1214/1514 2140/1215/1515 2139/1207/1507 1970/1206/1506
f 1963/1216/1516 1972/1211/1511 1971/1210/1510 1962/1217/1517
f 1958/1218/1518 1973/1212/1512 1972/1211/1511 1963/1216/1516
f 1959/1219/1519 1974/1213/1513 1973/1212/1512 1958/1218/1518
f 1959/1219/1519 1965/1220/1520 1975/1214/1514 1974/1213/1513
f 1965/1220/1520 2137/1221/1521 2140/1215/1515 1975/1214/1514
f 1956/1200/1522 1978/1222/1523 1979/1223/1524 1957/1201/1525
f 1960/1204/1526 1982/1224/1527 1983/1225/1528 1961/1205/1528
f 1961/1205/1529 1983/1226/1529 1980/1227/1530 1966/1202/1531
f 1957/1201/1525 1979/1223/1524 1982/1224/1527 1960/1204/1526
f 1964/1209/1532 1985/1228/1533 1978/1222/1523 1956/1200/1522
f 1966/1202/1531 1980/1227/1530 1986/1229/1534 1971/1210/1535
f 1971/1210/1535 1986/1229/1534 1992/1230/1536 1962/1217/1536
f 1962/1217/1537 1992/1193/1537 1991/1192/1538 1963/1216/1538
f 1963/1216/1538 1991/1192/1538 1993/1194/1539 1958/1218/1540
f 1958/1218/1540 1993/1194/1539 1994/1195/1541 1959/1219/1542
f 1959/1219/1542 1994/1195/1541 1995/1196/1543 1965/1220/1544
f 1965/1220/1544 1995/1196/1543 2144/1197/1545 2137/1221/1545
f 2001/1231/1546 2002/1232/1547 2003/1233/1548 2040/1234/1549
f 2002/1232/1547 2004/1235/1550 2005/1236/1551 2003/1233/1548
f 2004/1235/1550 2006/1237/1552 2007/1238/1553 2005/1236/1551
f 2006/1237/1552 2008/1239/1554 2009/1240/1555 2007/1238/1553
f 2011/1241/1556 2010/1242/1557 2020/1243/1558 2021/1244/1559
f 2022/1245/1560 2023/1246/1561 2010/1242/1557 2011/1241/1556
f 2010/1242/1557 2014/1247/1562 2019/1248/1563 2020/1243/1558
f 2023/1246/1561 2024/1249/1564 2014/1247/1562 2010/1242/1557
f 2024/1249/1564 2025/1250/1565 2016/1251/1566 2014/1247/1562
f 2014/1247/1562 2016/1251/1566 2018/1252/1567 2019/1248/1563
f 2019/1248/1563 2018/1252/1567 2008/1239/1554 2006/1237/1552
f 2020/1243/1558 2019/1248/1563 2006/1237/1552 2004/1235/1550
f 2021/1244/1559 2020/1243/1558 2004/1235/1550 2002/1232/1547
f 2013/1253/1568 2023/1246/1561 2022/1245/1560 2012/1254/1569
f 2015/1255/1570 2024/1249/1564 2023/1246/1561 2013/1253/1568
f 2017/1256/1571 2025/1250/1565 2024/1249/1564 2015/1255/1570
f 2000/1257/1572 2021/1244/1559 2002/1232/1547 2001/1231/1546
f 1999/1258/1573 2011/1241/1556 2021/1244/1559 2000/1257/1572
f 1998/1259/1574 2022/1245/1560 2011/1241/1556 1999/1258/1573
f 2022/1245/1560 1998/1259/1574 1997/1260/1575 2012/1254/1569
f 2012/1254/1569 1997/1260/1575 1996/1261/1576 2026/1262/1577
f 2026/1262/1577 2027/1263/1578 2013/1253/1568 2012/1254/1569
f 2015/1255/1570 2013/1253/1568 2027/1263/1578 2028/1264/1579
f 2028/1264/1579 2029/1265/1580 2017/1256/1571 2015/1255/1570
f 2031/1266/1581 2017/1256/1571 2029/1265/1580 2030/1267/1582
f 2033/1268/1583 2008/1239/1554 2018/1252/1567 2032/1269/1584
f 2043/1270/1585 2009/1240/1555 2008/1239/1554 2033/1268/1583
f 2016/1251/1566 2034/1271/1586 2032/1269/1584 2018/1252/1567
f 2025/1250/1565 2035/1272/1587 2034/1271/1586 2016/1251/1566
f 2035/1272/1587 2025/1250/1565 2017/1256/1571 2031/1266/1581
f 2040/1234/1588 2003/1233/1589 2036/1273/1590 2041/1274/1588
f 2003/1233/1589 2005/1236/1591 2037/1275/1592 2036/1273/1590
f 2005/1236/1591 2007/1238/1593 2038/1276/1594 2037/1275/1592
f 2007/1238/1593 2009/1240/1595 2039/1277/1596 2038/1276/1594
f 2009/1240/1595 2043/1270/1597 2042/1278/1597 2039/1277/1596
f 2057/1279/1598 2056/1280/1599 2044/1281/1600 2045/1282/1601
f 2045/1282/1601 2046/1283/1602 2058/1284/1603 2057/1279/1598
f 2046/1283/1602 2047/1285/1604 2059/1286/1605 2058/1284/1603
f 2048/1287/1606 2045/1282/1601 2044/1281/1600 2049/1288/1607
f 2045/1282/1601 2048/1287/1606 2047/1285/1604 2046/1283/1602
f 2047/1285/1604 2050/1289/1608 2060/1290/1609 2059/1286/1605
f 2050/1289/1608 2047/1285/1604 2048/1287/1606 2051/1291/1610
f 2049/1288/1607 2052/1292/1611 2051/1291/1610 2048/1287/1606
f 2050/1289/1608 2053/1293/1612 2061/1294/1613 2060/1290/1609
f 2053/1293/1612 2050/1289/1608 2051/1291/1610 2054/1295/1614
f 2052/1292/1611 2055/1296/1615 2054/1295/1614 2051/1291/1610
f 2044/1281/1600 2056/1280/1599 2065/1297/1616 2064/1298/1617
f 2049/1288/1607 2044/1281/1600 2064/1298/1617 2066/1299/1618
f 2066/1299/1618 2067/1300/1619 2052/1292/1611 2049/1288/1607
f 2067/1300/1619 2068/1301/1620 2055/1296/1615 2052/1292/1611
f 2062/1302/1621 2061/1294/1613 2053/1293/1612 2063/1303/1622
f 2068/1301/1620 2069/1304/1623 2063/1303/1622 2055/1296/1615
f 2053/1293/1612 2054/1295/1614 2055/1296/1615 2063/1303/1622
f 2072/602/751 2071/637/1624 1538/598/747 1537/599/748
f 2076/1305/1625 2074/1306/1626 1540/603/752 1554/606/755
f 2077/1307/1627 2076/1305/320 1554/606/769 1565/618/770
f 2075/1308/1628 2077/1307/1627 1565/618/770 1542/630/781
f 2117/651/805 2118/654/808 1805/653/807 1804/652/806
f 2083/1309/1629 2081/679/837 1583/677/835 1582/676/834
f 2080/1310/1630 2083/1309/1629 1582/676/834 1577/675/833
f 2124/1053/1631 2123/1311/1632 1844/709/867 1832/694/852
f 2123/1311/1632 2125/1312/864 1845/708/866 1844/709/867
f 2125/1312/864 2121/706/864 1843/705/863 1845/708/866
f 2114/1035/1633 2075/1313/1633 1542/1036/1185 1801/959/1185
f 2120/657/1634 2080/1310/1634 1577/675/1202 1807/658/1205
f 2122/707/1635 2084/1314/1635 1586/1052/1242 1842/704/1243
f 2127/1017/1636 2097/1018/1636 1784/940/1636 1847/1014/1636
f 2085/1104/1637 2090/1315/1637 1775/1057/1251 1647/1056/1250
f 2087/1163/1261 2128/1067/1261 1849/1066/1260 1668/1074/1267
f 2130/1316/1638 2129/1103/1638 1857/1085/1277 1856/1084/1276
f 2070/1317/1639 2130/1316/1639 1856/1084/1301 1395/1102/1300
f 2090/1315/324 2131/1096/1290 1868/1094/1288 1775/1057/1318
f 2132/1097/1291 2091/1005/1640 1776/984/1322 1869/1095/1289
f 2134/1318/1641 2133/1162/1641 1914/1147/1397 1915/1146/1396
f 2074/1306/1626 2135/1158/1642 1916/1156/1425 1540/603/752
f 2086/1068/32 2134/1318/32 1915/1146/1449 1667/1065/1450
f 2138/1208/1643 2142/1319/1643 1985/1228/1533 1964/1209/1532
f 2154/1320/1644 2151/1321/1645 2150/1322/1646 2145/1323/1647
f 2155/1324/1648 2152/1325/1649 2151/1321/1645 2154/1320/1644
f 2156/1326/1650 2153/1327/1651 2152/1325/1649 2155/1324/1648
f 2160/1328/1652 2159/1329/1653 2158/1330/1654 2157/1331/1655
f 2159/1329/1653 2160/1328/1652 2153/1327/1651 2156/1326/1650
f 2157/1331/1655 2158/1330/1654 2162/1332/1656 2161/1333/1657
f 2162/1332/1656 2173/1334/1658 2172/1335/1659 2161/1333/1657
f 2163/1336/1660 2147/1337/1661 2164/1338/1662 2165/1339/1663
f 2167/1340/1664 2168/1341/1665 2154/1320/1644 2145/1323/1647
f 2169/1342/1666 2166/1343/1667 2163/1336/1660 2165/1339/1663
f 2166/1343/1667 2169/1342/1666 2168/1341/1665 2167/1340/1664
f 2170/1344/1668 2159/1329/1653 2156/1326/1650 2155/1324/1648
f 2168/1341/1665 2170/1344/1668 2155/1324/1648 2154/1320/1644
f 2169/1342/1666 2171/1345/1669 2170/1344/1668 2168/1341/1665
f 2171/1345/1669 2158/1330/1654 2159/1329/1653 2170/1344/1668
f 2173/1334/1658 2165/1339/1663 2164/1338/1662 2172/1335/1659
f 2158/1330/1654 2171/1345/1669 2173/1334/1658 2162/1332/1656
f 2171/1345/1669 2169/1342/1666 2165/1339/1663 2173/1334/1658
f 2176/1346/1670 2175/1347/1671 2204/1348/1672 2203/1349/1673
f 2202/1350/1674 2177/1351/1675 2176/1352/1670 2203/1353/1673
f 2201/1354/1676 2178/1355/1677 2177/1351/1675 2202/1350/1674
f 2200/1356/1678 2179/1357/1679 2178/1355/1677 2201/1354/1676
f 2204/1348/1672 2175/1347/1671 2180/1358/1680 2205/1359/1681
f 2205/1359/1681 2180/1358/1680 2181/1360/1682 2206/1361/1683
f 2185/1362/1684 2184/1363/1685 2195/1364/1686 2194/1365/1687
f 2184/1363/1685 2187/1366/1688 2196/1367/1689 2195/1364/1686
f 2189/1368/1690 2197/1369/1691 2196/1367/1689 2187/1366/1688
f 2191/1370/1692 2198/1371/1693 2197/1369/1691 2189/1368/1690
f 2193/1372/1694 2199/1373/1695 2198/1371/1693 2191/1370/1692
f 2179/1357/1679 2200/1356/1678 2199/1373/1695 2193/1372/1694
f 2195/1364/1686 2183/1374/1696 2182/1375/1697 2194/1365/1687
f 2196/1367/1689 2186/1376/1698 2183/1374/1696 2195/1364/1686
f 2197/1369/1691 2188/1377/1699 2186/1376/1698 2196/1367/1689
f 2198/1371/1693 2190/1378/1700 2188/1377/1699 2197/1369/1691
f 2199/1373/1695 2192/1379/1701 2190/1378/1700 2198/1371/1693
f 2200/1356/1678 2161/1333/1657 2192/1379/1701 2199/1373/1695
f 2157/1331/1655 2161/1333/1657 2200/1356/1678 2201/1354/1676
f 2160/1328/1652 2157/1331/1655 2201/1354/1676 2202/1350/1674
f 2153/1327/1651 2160/1328/1652 2202/1350/1674 2203/1353/1673
f 2207/1380/1702 2192/1379/1701 2161/1333/1657 2172/1335/1659
f 2192/1379/1701 2207/1380/1702 2208/1381/1703 2190/1378/1700
f 2210/1382/1704 2209/1383/1705 2182/1375/1697 2183/1374/1696
f 2211/1384/1706 2210/1382/1704 2183/1374/1696 2186/1376/1698
f 2186/1376/1698 2188/1377/1699 2212/1385/1707 2211/1384/1706
f 2188/1377/1699 2190/1378/1700 2213/1386/1708 2212/1385/1707
f 2214/1387/1709 2213/1386/1708 2190/1378/1700 2208/1381/1703
f 2210/1382/1704 2698/1388/1710 2718/1389/1711 2209/1383/1705
f 2699/1390/1712 2698/1388/1710 2210/1382/1704 2211/1384/1706
f 2211/1384/1706 2212/1385/1707 2700/1391/1713 2699/1390/1712
f 2212/1385/1707 2213/1386/1708 2701/1392/1714 2700/1391/1713
f 2702/1393/1715 2701/1392/1714 2213/1386/1708 2214/1387/1709
f 2164/1338/1662 2147/1337/1661 2215/1394/1716 2218/1395/1717
f 2218/1395/1717 2207/1380/1702 2172/1335/1659 2164/1338/1662
f 2207/1380/1702 2218/1395/1717 2219/1396/1718 2208/1381/1703
f 2208/1381/1703 2219/1396/1718 2220/1397/1719 2214/1387/1709
f 2219/1396/1718 2216/1398/1720 2217/1399/1721 2220/1397/1719
f 2216/1398/1720 2219/1396/1718 2218/1395/1717 2215/1394/1716
f 2214/1387/1709 2220/1397/1719 2221/1400/1722 2702/1393/1715
f 2220/1397/1719 2217/1399/1721 2146/1401/1723 2221/1400/1722
f 2702/1393/1715 2221/1400/1722 2222/1402/1724 2703/1403/1725
f 2705/1404/1726 2224/1405/1727 2223/1406/1728 2706/1407/1729
f 2224/1405/1727 2705/1404/1726 2704/1408/1730 2225/1409/1731
f 2704/1408/1730 2703/1403/1725 2222/1402/1724 2225/1409/1731
f 2706/1407/1729 2223/1406/1728 2226/1410/1732 2707/1411/1733
f 2707/1411/1733 2226/1410/1732 2227/1412/1734 2708/1413/1735
f 2708/1413/1735 2227/1412/1734 2228/1414/1736 2709/1415/1737
f 2723/1416/1738 2717/1417/1739 2237/1418/1740 2236/1419/1741
f 2717/1417/1739 2716/1420/1742 2238/1421/1743 2237/1418/1740
f 2716/1420/1742 2715/1422/1744 2239/1423/1745 2238/1421/1743
f 2239/1423/1745 2715/1422/1744 2229/1424/1746 2240/1425/1747
f 2245/1426/1748 2232/1427/1749 2325/1428/1750 2324/1429/1751
f 2242/1430/1752 2234/1431/1753 2258/1432/1754 2257/1433/1755
f 2241/1434/1756 2235/1435/1757 2263/1436/1758 2262/1437/1759
f 2240/1425/1747 2229/1424/1746 2235/1435/1757 2241/1434/1756
f 2230/1438/1760 2245/1426/1748 2324/1429/1751 2323/1439/1761
f 2248/1440/1762 2247/1441/1763 2713/1442/1764 2712/1443/1765
f 2247/1441/1763 2249/1444/1766 2714/1445/1767 2713/1442/1764
f 2249/1444/1766 2229/1424/1746 2715/1422/1744 2714/1445/1767
f 2229/1424/1746 2249/1444/1766 2250/1446/1768 2235/1435/1757
f 2263/1436/1758 2235/1435/1757 2250/1446/1768 2264/1447/1769
f 2255/1448/1770 2251/1449/1771 2266/1450/1772 2265/1451/1773
f 2234/1431/1753 2252/1452/1774 2259/1453/1775 2258/1432/1754
f 2256/1454/1776 2253/1455/1777 2261/1456/1778 2260/1457/1779
f 2250/1446/1768 2255/1448/1770 2265/1451/1773 2264/1447/1769
f 2252/1452/1774 2256/1454/1776 2260/1457/1779 2259/1453/1775
f 2247/1441/1763 2248/1440/1762 2251/1449/1771 2255/1448/1770
f 2255/1448/1770 2250/1446/1768 2249/1444/1766 2247/1441/1763
f 2258/1432/1754 2303/1458/1780 2302/1459/1781 2257/1433/1755
f 2259/1453/1775 2304/1460/1782 2303/1458/1780 2258/1432/1754
f 2260/1457/1779 2305/1461/1783 2304/1460/1782 2259/1453/1775
f 2261/1456/1778 2306/1462/1784 2305/1461/1783 2260/1457/1779
f 2263/1436/1758 2234/1431/1753 2242/1430/1752 2262/1437/1759
f 2252/1452/1774 2234/1431/1753 2263/1436/1758 2264/1447/1769
f 2265/1451/1773 2256/1454/1776 2252/1452/1774 2264/1447/1769
f 2266/1450/1772 2253/1455/1777 2256/1454/1776 2265/1451/1773
f 2268/1463/1785 2328/1464/1786 2327/1465/1787 2269/1466/1788
f 2270/1467/1789 2269/1466/1788 2327/1465/1787 2326/1468/1790
f 2232/1427/1749 2270/1467/1789 2326/1468/1790 2325/1428/1750
f 2279/1469/1791 2278/1470/1792 2281/1471/1793 2280/1472/1794
f 2281/1471/1793 2277/1473/1795 2276/1474/1796 2280/1472/1794
f 2275/1475/1797 2254/1476/1798 2277/1473/1795 2281/1471/1793
f 2267/1477/1799 2275/1475/1797 2281/1471/1793 2278/1470/1792
f 2283/1478/1800 2277/1473/1795 2254/1476/1798 2282/1479/1801
f 2284/1480/1802 2276/1474/1796 2277/1473/1795 2283/1478/1800
f 2284/1480/1802 2287/1481/1803 2299/1482/1804 2298/1483/1805
f 2289/1484/1806 2261/1456/1778 2253/1455/1777 2288/1485/1807
f 2306/1462/1784 2261/1456/1778 2289/1484/1806 2307/1486/1808
f 2288/1485/1807 2253/1455/1777 2266/1450/1772 2290/1487/1809
f 2251/1449/1771 2291/1488/1810 2290/1487/1809 2266/1450/1772
f 2291/1488/1810 2293/1489/1811 2292/1490/1812 2290/1487/1809
f 2295/1491/1813 2294/1492/1814 2290/1487/1809 2292/1490/1812
f 2297/1493/1815 2296/1494/1816 2294/1492/1814 2295/1491/1813
f 2299/1482/1804 2286/1495/1817 2285/1496/1818 2298/1483/1805
f 2296/1494/1816 2297/1493/1815 2299/1482/1804 2287/1481/1803
f 2290/1487/1809 2294/1492/1814 2300/1497/1819 2288/1485/1807
f 2289/1484/1806 2301/1498/1820 2308/1499/1821 2307/1486/1808
f 2282/1479/1801 2254/1476/1798 2306/1462/1784 2307/1486/1808
f 2308/1499/1821 2283/1478/1800 2282/1479/1801 2307/1486/1808
f 2287/1481/1803 2284/1480/1802 2283/1478/1800 2308/1499/1821
f 2301/1498/1820 2296/1494/1816 2287/1481/1803 2308/1499/1821
f 2301/1498/1820 2289/1484/1806 2288/1485/1807 2300/1497/1819
f 2301/1498/1820 2300/1497/1819 2294/1492/1814 2296/1494/1816
f 2268/1500/1785 2267/1477/1799 2278/1470/1792 2309/1501/1822
f 2309/1501/1822 2278/1470/1792 2279/1469/1791 2310/1502/1823
f 2330/1503/1824 2310/1502/1825 2311/1504/1826 2331/1505/1827
f 2329/1506/1828 2309/1501/1822 2310/1502/1825 2330/1503/1824
f 2328/1507/1786 2268/1500/1785 2309/1501/1822 2329/1506/1828
f 2297/1493/1815 2315/1508/1829 2286/1495/1817 2299/1482/1804
f 2317/1509/1830 2316/1510/1831 2286/1495/1817 2315/1508/1829
f 2318/1511/1832 2316/1510/1831 2072/602/751 2073/601/750
f 2285/1496/1818 2286/1495/1817 2316/1510/1831 2318/1511/1832
f 2319/1512/1833 2333/1513/1834 2332/1514/1835 2320/1515/1836
f 2311/1504/1826 2320/1515/1836 2332/1514/1835 2331/1505/1827
f 2324/1429/1751 2335/1516/1837 2334/1517/1838 2323/1439/1761
f 2325/1428/1750 2336/1518/1839 2335/1516/1837 2324/1429/1751
f 2326/1468/1790 2337/1519/1840 2336/1518/1839 2325/1428/1750
f 2327/1465/1787 2338/1520/1841 2337/1519/1840 2326/1468/1790
f 2328/1464/1786 2339/1521/1842 2338/1520/1841 2327/1465/1787
f 2339/1522/1842 2328/1507/1786 2329/1506/1828 2340/1523/1843
f 2340/1523/1843 2329/1506/1828 2330/1503/1844 2341/1524/1845
f 2341/1524/1845 2330/1503/1844 2331/1505/1846 2342/1525/1847
f 2332/1514/1848 2343/1526/1849 2342/1525/1847 2331/1505/1846
f 2333/1513/1850 2344/1527/1851 2343/1526/1849 2332/1514/1848
f 2335/1516/1837 2246/1528/1852 2231/1529/1853 2334/1517/1838
f 2336/1518/1839 2233/1530/1854 2246/1528/1852 2335/1516/1837
f 2337/1519/1840 2273/1531/1855 2233/1530/1854 2336/1518/1839
f 2338/1520/1841 2271/1532/1856 2273/1531/1855 2337/1519/1840
f 2339/1521/1842 2272/1533/1857 2271/1532/1856 2338/1520/1841
f 2272/1534/1857 2339/1522/1842 2340/1523/1843 2314/1535/1858
f 2314/1535/1858 2340/1523/1843 2341/1524/1845 2312/1536/1859
f 2313/1537/1860 2312/1536/1859 2341/1524/1845 2342/1525/1847
f 2343/1526/1849 2322/1538/1861 2313/1537/1860 2342/1525/1847
f 2344/1527/1851 2321/1539/1862 2322/1538/1861 2343/1526/1849
f 2348/1540/1863 2347/1541/1864 2346/1542/1865 2345/1543/1866
f 2315/1508/1867 2346/1542/1865 2347/1541/1864 2317/1509/1868
f 2347/1541/1864 2348/1540/1863 2079/636/789 2078/635/788
f 2347/1541/1864 2078/635/788 2071/637/790 2317/1509/1868
f 2295/1491/1813 2346/1542/1865 2315/1508/1867 2297/1493/1815
f 2346/1542/1865 2295/1491/1813 2349/1544/1869 2345/1543/1866
f 2292/1490/1812 2350/1545/1870 2349/1544/1869 2295/1491/1813
f 2350/1545/1870 2292/1490/1812 2293/1489/1811 2351/1546/1871
f 2351/1546/1871 2293/1489/1811 2353/1547/1872 2352/1548/1873
f 2710/1549/1874 2354/1550/1874 2352/1548/1873 2353/1547/1872
f 2709/1415/1737 2228/1414/1736 2354/1550/1874 2710/1549/1874
f 2711/1551/1875 2710/1549/1876 2353/1547/1872 2355/1552/1877
f 2712/1443/1878 2711/1551/1875 2355/1552/1877 2248/1440/1762
f 2291/1488/1810 2251/1449/1771 2248/1440/1762 2355/1552/1877
f 2355/1552/1877 2353/1547/1872 2293/1489/1811 2291/1488/1810
f 2580/1553/1879 2581/1554/1880 2116/649/803 2115/648/802
f 2581/1554/1880 2582/1555/1881 2117/651/805 2116/649/803
f 2583/1556/1882 2584/1557/1883 2119/655/809 2118/654/808
f 2584/1557/1883 2585/1558/1884 2120/657/811 2119/655/809
f 2584/1557/1883 2587/1559/1885 2586/1560/1886 2585/1558/1884
f 2587/1559/1885 2589/1561/1887 2588/1562/1888 2586/1560/1886
f 2590/1563/1889 2591/1564/1890 2589/1561/1887 2587/1559/1885
f 2587/1559/1885 2584/1557/1883 2583/1556/1882 2590/1563/1889
f 2582/1555/1881 2592/1565/1891 2590/1563/1889 2583/1556/1882
f 2591/1564/1890 2590/1563/1889 2592/1565/1891 2593/1566/1892
f 2593/1566/1892 2592/1565/1891 2595/1567/1893 2594/1568/1894
f 2592/1565/1891 2582/1555/1881 2581/1554/1880 2595/1567/1893
f 2581/1554/1880 2580/1553/1879 2596/1569/1895 2595/1567/1893
f 2597/1570/1896 2594/1568/1894 2595/1567/1893 2596/1569/1895
f 2223/1406/1897 2359/1571/1898 2358/1572/1899 2226/1410/1900
f 2226/1410/1900 2358/1572/1899 2360/1573/1901 2227/1412/1902
f 2227/1412/1902 2360/1573/1901 2357/1574/1903 2228/1414/1904
f 2356/1575/1905 2357/1574/1903 2360/1573/1901 2361/1576/1906
f 2358/1572/1899 2362/1577/1907 2361/1576/1906 2360/1573/1901
f 2359/1571/1898 2363/1578/1908 2362/1577/1907 2358/1572/1899
f 2363/1578/1908 2082/680/838 2081/679/837 2362/1577/1907
f 2221/1400/1722 2146/1401/1723 2367/1579/1909
f 2598/1580/1910 2601/1581/1911 2600/1582/1912 2599/1583/1913
f 2599/1583/1913 2600/1582/1912 2603/1584/1914 2602/1585/1915
f 2604/1586/1916 2602/1585/1915 2603/1584/1914 2605/1587/1917
f 2605/1587/1917 2607/1588/1918 2606/1589/1919 2604/1586/1916
f 2608/1590/1920 2610/1591/1921 2598/1580/1910 2609/1592/1922
f 2611/1593/1923 2602/1585/1915 2604/1586/1916 2612/1594/1924
f 2613/1595/1925 2599/1583/1913 2602/1585/1915 2611/1593/1923
f 2609/1592/1922 2598/1580/1910 2599/1583/1913 2613/1595/1925
f 2608/1590/1920 2609/1592/1922 2613/1595/1925 2614/1596/1926
f 2614/1596/1926 2613/1595/1925 2611/1593/1923 2615/1597/1927
f 2615/1597/1927 2611/1593/1923 2612/1594/1924 2616/1598/1928
f 2618/1599/1929 2616/1598/1928 2612/1594/1924 2617/1600/1930
f 2616/1598/1928 2618/1599/1929 2619/1601/1931
f 2620/1602/1932 2122/707/865 2121/706/864 2621/1603/1933
f 2619/1601/1931 2620/1602/1932 2621/1603/1933 2616/1598/1928
f 2621/1603/1933 2623/1604/1934 2615/1597/1927 2616/1598/1928
f 2615/1597/1927 2623/1604/1934 2622/1605/1935 2614/1596/1926
f 2614/1596/1926 2622/1605/1935 2610/1591/1921 2608/1590/1920
f 2185/1362/1936 2369/1606/1936 2368/1607/1937 2184/1363/1938
f 2370/1608/1939 2187/1366/1940 2184/1363/1938 2368/1607/1937
f 2371/1609/1941 2189/1368/1942 2187/1366/1940 2370/1608/1939
f 2189/1368/1942 2371/1609/1941 2372/1610/1943 2191/1370/1944
f 2373/1611/1945 2193/1372/1946 2191/1370/1944 2372/1610/1943
f 2374/1612/1947 2179/1357/1948 2193/1372/1946 2373/1611/1945
f 2179/1357/1948 2374/1612/1947 2375/1613/1949 2178/1355/1950
f 2376/1614/1951 2177/1351/1952 2178/1355/1950 2375/1613/1949
f 2377/1615/1953 2176/1352/1954 2177/1351/1952 2376/1614/1951
f 2378/1616/1955 2175/1347/1956 2176/1346/1954 2377/1617/1953
f 2379/1618/1957 2180/1358/1958 2175/1347/1956 2378/1616/1955
f 2380/1619/1959 2181/1360/1960 2180/1358/1958 2379/1618/1957
f 2617/1600/1930 2612/1594/1924 2604/1586/1916 2606/1589/1919
f 2369/724/892 2382/727/892 2381/726/894 2368/725/893
f 2368/725/893 2381/726/894 2383/729/896 2370/728/895
f 2370/728/895 2383/729/896 2384/731/898 2371/730/897
f 2371/730/897 2384/731/898 2385/733/900 2372/732/899
f 2372/732/899 2385/733/900 2386/735/902 2373/734/901
f 2373/734/901 2386/735/902 2387/737/904 2374/736/903
f 2374/736/903 2387/737/904 2388/739/906 2375/738/905
f 2375/738/905 2388/739/906 2389/741/908 2376/740/907
f 2376/740/907 2389/741/908 2390/743/910 2377/742/909
f 2377/742/909 2390/743/910 2391/745/912 2378/744/911
f 2378/744/911 2391/745/912 2392/747/21 2379/746/913
f 2379/746/913 2392/747/21 2393/749/1961 2380/748/1962
f 2382/750/1963 2409/753/1964 2408/752/1965 2381/751/1966
f 2383/754/1967 2407/757/1968 2406/756/1969 2384/755/1970
f 2381/751/1966 2408/752/1965 2407/757/1968 2383/754/1967
f 2395/758/1971 2392/761/1972 2391/760/1973 2394/759/1974
f 2396/762/1975 2393/763/1976 2392/761/1972 2395/758/1971
f 2399/764/1977 2395/758/1971 2394/759/1974 2398/765/1978
f 2400/766/1979 2396/762/1975 2395/758/1971 2399/764/1977
f 2401/767/1980 2397/768/1981 2396/762/1975 2400/766/1979
f 2403/769/1982 2399/764/1977 2398/765/1978 2402/770/1983
f 2404/771/1984 2400/766/1979 2399/764/1977 2403/769/1982
f 2405/772/1985 2401/767/1980 2400/766/1979 2404/771/1984
f 2407/757/1968 2403/769/1982 2402/770/1983 2406/756/1969
f 2408/752/1965 2404/771/1984 2403/769/1982 2407/757/1968
f 2409/753/1964 2405/772/1985 2404/771/1984 2408/752/1965
f 2384/755/1970 2406/756/1969 2385/773/1986
f 2406/756/1969 2402/770/1983 2386/774/1987 2385/773/1986
f 2402/770/1983 2398/765/1978 2387/775/1988 2386/774/1987
f 2398/765/1978 2394/759/1974 2388/776/1989 2387/775/1988
f 2394/759/1974 2390/778/1990 2389/777/1991 2388/776/1989
f 2394/759/1974 2391/760/1973 2390/778/1990
f 2413/1620/1992 2414/1621/1993 2415/1622/1994 2421/1623/1995
f 2411/1624/1996 2412/1625/1997 2420/1626/1998 2410/1627/1999
f 2412/1625/1997 2413/1620/1992 2421/1623/1995 2420/1626/1998
f 2420/1626/1998 2418/1628/2000 2419/1629/2001 2410/1627/1999
f 2421/1623/1995 2417/1630/2002 2418/1628/2000 2420/1626/1998
f 2415/1622/1994 2416/1631/2003 2417/1630/2002 2421/1623/1995
f 2434/1632/2004 2435/1633/2005 2436/1634/2006 2439/1635/2007
f 2439/1635/2007 2436/1634/2006 2437/1636/2008 2438/1637/2008 2440/1638/2009
f 2432/1639/2010 2433/1640/2011 2434/1632/2004 2439/1635/2007
f 2432/1639/2010 2439/1635/2007 2440/1638/2009 2431/1641/2012
f 2451/801/2013 2466/804/2014 2465/803/2015 2450/802/2016
f 2450/802/2016 2465/803/2015 2464/806/2017 2449/805/2018
f 2449/805/2018 2464/806/2017 2463/808/2019 2448/807/2020
f 2464/806/2017 2468/810/2021 2467/809/2022 2463/808/2019
f 2465/803/2015 2469/811/2023 2468/810/2021 2464/806/2017
f 2466/804/2014 2470/812/2024 2469/811/2023 2465/803/2015
f 2468/810/2021 2472/814/2025 2471/813/2026 2467/809/2022
f 2469/811/2023 2473/815/2027 2472/814/2025 2468/810/2021
f 2470/812/2024 2474/816/2028 2473/815/2027 2469/811/2023
f 2472/814/2025 2476/818/2029 2475/817/2030 2471/813/2026
f 2473/815/2027 2477/819/2031 2476/818/2032 2472/814/2025
f 2474/816/2028 2478/820/2033 2477/819/2031 2473/815/2027
f 2476/818/2029 2480/822/2034 2479/821/2035 2475/817/2030
f 2477/819/2031 2481/823/2036 2480/822/2037 2476/818/2032
f 2478/820/2033 2482/824/2038 2481/823/2036 2477/819/2031
f 2480/822/2034 2454/826/2039 2462/825/2039 2479/821/2035
f 2481/823/2036 2453/827/2040 2454/826/2041 2480/822/2037
f 2482/824/2038 2456/828/2042 2453/827/2040 2481/823/2036
f 2461/829/2043 2455/830/2044 2456/828/2042 2482/824/2038
f 2458/831/2045 2461/829/2043 2482/824/2038 2478/820/2033
f 2457/832/2046 2458/831/2045 2478/820/2033
f 2460/833/2047 2457/832/2046 2478/820/2033 2474/816/2028
f 2459/834/2048 2460/833/2047 2474/816/2028 2470/812/2024
f 2452/835/2049 2459/834/2048 2470/812/2024 2466/804/2014
f 2452/835/2049 2466/804/2014 2451/801/2013
f 2182/836/1003 2526/839/1006 2525/838/2050 2194/837/2051
f 2209/840/1007 2527/841/1007 2526/839/1006 2182/836/1003
f 2718/842/1010 2528/843/1010 2527/841/1007 2209/840/1007
f 2719/844/1011 2529/845/1013 2528/843/1010 2718/842/1010
f 2720/846/1014 2530/847/1015 2529/845/1013 2719/844/1011
f 2721/848/1016 2531/849/1017 2530/847/1015 2720/846/1014
f 2722/850/2052 2532/851/2052 2531/849/1017 2721/848/1016
f 2723/852/2053 2533/853/2054 2532/851/2052 2722/850/2052
f 2236/854/1022 2534/855/1022 2533/853/2054 2723/852/2053
f 2494/1642/2055 2495/1643/2056 2496/1644/2057 2493/1645/2055
f 2495/1643/2056 2497/1646/2058 2498/1647/2059 2496/1644/2057
f 2497/1646/2058 2499/1648/2060 2500/1649/2061 2498/1647/2059
f 2499/1648/2060 2501/1650/2062 2502/1651/2063 2500/1649/2061
f 2501/1650/2062 2515/1652/2064 2516/1653/2065 2502/1651/2063
f 2503/1654/2066 2505/1655/2067 2506/1656/2068 2504/1657/2069
f 2504/1657/2069 2510/1658/2070 2509/1659/2071 2503/1654/2066
f 2505/1655/2067 2521/1660/2072 2522/1661/2073 2506/1656/2068
f 2507/1662/2074 2509/1659/2071 2510/1658/2070 2508/1663/2075
f 2508/1663/2075 2520/1664/2076 2519/1665/2077 2507/1662/2074
f 2511/1666/2078 2513/1667/2079 2514/1668/2080 2512/1669/2081
f 2512/1669/2081 2518/1670/2082 2517/1671/2083 2511/1666/2078
f 2513/1667/2079 2519/1665/2077 2520/1664/2076 2514/1668/2080
f 2515/1652/2064 2517/1671/2083 2518/1670/2082 2516/1653/2065
f 2521/1660/2072 2523/1672/2084 2524/1673/2084 2522/1661/2073
f 2505/1655/2085 2503/1654/2086 2230/1438/1760 2323/1439/1761
f 2237/1418/1740 2495/1643/2087 2494/1642/2088 2236/1419/1741
f 2238/1421/1743 2497/1646/2089 2495/1643/2087 2237/1418/1740
f 2239/1423/1745 2499/1648/2090 2497/1646/2089 2238/1421/1743
f 2499/1648/2090 2239/1423/1745 2240/1425/1747 2501/1650/2091
f 2501/1650/2091 2240/1425/1747 2241/1434/1756 2515/1652/2092
f 2515/1652/2092 2241/1434/1756 2262/1437/1759 2517/1671/2093
f 2511/1666/2094 2242/1430/1752 2257/1433/1755 2513/1667/2095
f 2507/1662/2096 2243/1674/2097 2274/1675/2098 2509/1659/2099
f 2503/1654/2086 2244/1676/2100 2245/1426/1748 2230/1438/1760
f 2257/1433/1755 2302/1459/1781 2519/1665/2101 2513/1667/2095
f 2262/1437/1759 2242/1430/1752 2511/1666/2094 2517/1671/2093
f 2274/1675/2098 2244/1676/2100 2503/1654/2086 2509/1659/2099
f 2302/1459/1781 2243/1674/2097 2507/1662/2096 2519/1665/2101
f 2521/1660/2102 2505/1655/2085 2323/1439/1761 2334/1517/1838
f 2231/1529/1853 2523/1672/2103 2521/1660/2102 2334/1517/1838
f 2496/891/1072 2449/894/1074 2448/893/1073 2493/892/1073
f 2498/895/1075 2450/896/1076 2449/894/1074 2496/891/1072
f 2500/897/1077 2451/898/1078 2450/896/1076 2498/895/1075
f 2502/899/1079 2452/900/1080 2451/898/1078 2500/897/1077
f 2506/901/2104 2454/904/2105 2453/903/2106 2504/902/2107
f 2510/905/2108 2456/908/2109 2455/907/2110 2508/906/2111
f 2514/909/2112 2458/912/2113 2457/911/1091 2512/910/1090
f 2518/913/1093 2460/916/1096 2459/915/1095 2516/914/1094
f 2516/914/1094 2459/915/1095 2452/900/1080 2502/899/1079
f 2520/917/2114 2461/918/2115 2458/912/2113 2514/909/2112
f 2512/910/1090 2457/911/1091 2460/916/1096 2518/913/1093
f 2504/902/2107 2453/903/2106 2456/908/2109 2510/905/2108
f 2508/906/2111 2455/907/2110 2461/918/2115 2520/917/2114
f 2522/919/2116 2454/904/2105 2506/901/2104
f 2524/920/2117 2462/921/2117 2454/904/2105 2522/919/2116
f 2526/839/1006 2484/923/1102 2483/922/1101 2525/838/2050
f 2527/841/1007 2485/924/1103 2484/923/1102 2526/839/1006
f 2528/843/1010 2486/925/1104 2485/924/1103 2527/841/1007
f 2529/845/1013 2487/926/1013 2486/925/1104 2528/843/1010
f 2530/847/1015 2488/927/1015 2487/926/1013 2529/845/1013
f 2531/849/1017 2489/928/1105 2488/927/1015 2530/847/1015
f 2532/851/2052 2490/929/1106 2489/928/1105 2531/849/1017
f 2533/853/2054 2491/930/2118 2490/929/1106 2532/851/2052
f 2534/855/1022 2492/931/1108 2491/930/2118 2533/853/2054
f 2369/932/2119 2525/838/2050 2483/922/1101 2382/933/1110
f 2448/934/1111 2492/931/1108 2534/855/1022 2493/935/1112
f 2494/936/1112 2493/935/1112 2534/855/1022 2236/854/1022
f 2194/837/2051 2525/838/2050 2369/932/2119 2185/937/2120
f 2382/933/1110 2562/940/1116 2561/939/1115 2409/938/1114
f 2401/941/1117 2559/944/1119 2558/943/1118 2397/942/1118
f 2405/945/2121 2560/946/1178 2559/944/1119 2401/941/1117
f 2409/938/1114 2561/939/1115 2560/946/1178 2405/945/2121
f 2463/947/1122 2574/949/1122 2573/948/1123 2448/934/1111
f 2467/950/1124 2575/951/1124 2574/949/1124 2463/947/1124
f 2471/952/1124 2576/953/1124 2575/951/1124 2467/950/1124
f 2475/954/1124 2577/955/1124 2576/953/1124 2471/952/1124
f 2479/956/1125 2578/957/1126 2577/955/1124 2475/954/1124
f 2462/958/1127 2579/959/1127 2578/957/1126 2479/956/1125
f 2484/923/1102 2564/961/1129 2563/960/1128 2483/922/1101
f 2485/924/1103 2565/962/1130 2564/961/1129 2484/923/1102
f 2486/925/1104 2566/963/1104 2565/962/1130 2485/924/1103
f 2487/926/1013 2567/964/1013 2566/963/1104 2486/925/1104
f 2488/927/1015 2568/965/1015 2567/964/1013 2487/926/1013
f 2489/928/1105 2569/966/1131 2568/965/1015 2488/927/1015
f 2490/929/1106 2570/967/1106 2569/966/1131 2489/928/1105
f 2491/930/2118 2571/968/1132 2570/967/1106 2490/929/1106
f 2492/931/1108 2572/969/1133 2571/968/1132 2491/930/2118
f 2483/922/1101 2563/960/1128 2562/940/1116 2382/933/1110
f 2448/934/1111 2573/948/1123 2572/969/1133 2492/931/1108
f 2535/1677/2122 2540/1678/2123 2539/1679/2124 2536/1680/2125
f 2536/1680/2125 2538/1681/2126 2537/1682/2127 2535/1677/2122
f 2538/1681/2126 2547/1683/2128 2548/1684/2128 2537/1682/2127
f 2540/1678/2123 2541/1685/2129 2542/1686/2130 2539/1679/2124
f 2541/1685/2129 2543/1687/2131 2544/1688/2132 2542/1686/2130
f 2543/1687/2131 2546/1689/2133 2545/1690/2134 2544/1688/2132
f 2546/1689/2133 2555/1691/2135 2554/1692/2136 2545/1690/2134
f 2547/1683/2137 2549/1693/2137 2550/1694/2137 2548/1684/2137
f 2549/988/2138 2551/991/2139 2552/990/2140 2550/989/2138
f 2551/991/2139 2557/993/2141 2556/992/2142 2552/990/2140
f 2206/1361/1683 2181/1360/1682 2547/1683/2143 2538/1681/2144
f 2181/1360/1960 2380/1619/1959 2549/1693/2145 2547/1683/2145
f 2380/748/1962 2393/749/1961 2551/995/2146 2549/994/2146
f 2397/768/1981 2551/996/2147 2393/763/2147 2396/762/1975
f 2397/942/2148 2558/943/2149 2557/993/2141 2551/991/2139
f 2546/997/2150 2552/990/2151 2556/992/2152 2555/998/2153
f 2546/997/2150 2543/999/2154 2552/990/2151
f 2543/999/2154 2541/1000/2155 2552/990/2151
f 2541/1000/2155 2540/1001/2156 2552/990/2151
f 2550/989/2157 2552/990/2151 2548/1002/2158
f 2548/1002/2158 2552/990/2151 2537/1003/1171
f 2537/1003/1171 2552/990/2151 2535/1004/2159
f 2535/1004/2159 2552/990/2151 2540/1001/2156
f 2555/1691/2135 2088/1006/1173 2091/1005/1173 2554/1692/2136
f 2556/992/2152 2092/1008/1174 2088/1007/1174 2555/998/2153
f 2557/993/2141 2089/1009/1176 2092/1008/1175 2556/992/2142
f 2558/943/2149 2093/1010/1177 2089/1009/1176 2557/993/2141
f 2559/944/1119 2094/1011/1119 2093/1010/1118 2558/943/1118
f 2560/946/1178 2095/1012/1178 2094/1011/1119 2559/944/1119
f 2561/939/1115 2096/1013/1179 2095/1012/1178 2560/946/1178
f 2625/1014/1180 2127/1017/1180 2126/1016/1180 2624/1015/1180
f 2563/960/1128 2098/1019/1182 2097/1018/1181 2562/940/1116
f 2564/961/1129 2099/1020/1129 2098/1019/1182 2563/960/1128
f 2565/962/1130 2100/1021/1130 2099/1020/1129 2564/961/1129
f 2566/963/1104 2101/1022/1104 2100/1021/1130 2565/962/1130
f 2567/964/1013 2102/1023/1013 2101/1022/1104 2566/963/1104
f 2568/965/1015 2103/1024/1015 2102/1023/1013 2567/964/1013
f 2569/966/1131 2104/1025/1131 2103/1024/1015 2568/965/1015
f 2570/967/1106 2105/1026/1106 2104/1025/1131 2569/966/1131
f 2571/968/1132 2106/1027/1132 2105/1026/1106 2570/967/1106
f 2572/969/1133 2107/1028/1133 2106/1027/1132 2571/968/1132
f 2573/948/1123 2108/1029/1183 2107/1028/1133 2572/969/1133
f 2574/949/1122 2109/1030/1122 2108/1029/1183 2573/948/1123
f 2575/951/1124 2110/1031/1124 2109/1030/1124 2574/949/1124
f 2576/953/1124 2111/1032/1124 2110/1031/1124 2575/951/1124
f 2577/955/1124 2112/1033/1124 2111/1032/1124 2576/953/1124
f 2578/957/1126 2113/1034/1184 2112/1033/1124 2577/955/1124
f 2579/959/1127 2114/1035/1127 2113/1034/1184 2578/957/1126
f 2321/1036/2160 2579/959/2160 2462/958/2161 2322/1037/2162
f 2322/1037/2162 2462/958/2161 2313/1038/2163
f 2462/958/2161 2524/1039/2164 2313/1038/2163
f 2313/1038/2163 2524/1039/2164 2312/1040/2165
f 2312/1040/2165 2524/1039/2164 2314/1041/2166
f 2314/1041/2166 2524/1039/2164 2272/1042/2167
f 2272/1042/2167 2524/1039/2164 2271/1043/2168
f 2271/1043/2168 2524/1039/2164 2273/1044/2169
f 2273/1044/2169 2524/1039/2164 2233/1045/2170
f 2233/1045/2170 2524/1039/2164 2246/1046/2171
f 2246/1046/2171 2524/1039/2164 2231/1047/2172
f 2231/1047/2172 2524/1039/2164 2523/1048/1198
f 2348/1540/2173 2580/1553/2174 2115/648/1200 2079/636/1200
f 2356/1575/2175 2585/1558/2176 2586/1560/2177 2357/1574/2178
f 2357/1574/2178 2586/1560/2177 2588/1562/2179 2228/1414/2179
f 2228/1414/2180 2588/1562/2180 2589/1561/2181 2354/1550/2182
f 2354/1550/2182 2589/1561/2181 2591/1564/2183 2352/1548/2184
f 2352/1548/2184 2591/1564/2183 2593/1566/2185 2351/1546/2186
f 2351/1546/2186 2593/1566/2185 2594/1568/2187 2350/1545/2188
f 2345/1543/2189 2596/1569/2190 2580/1553/2174 2348/1540/2173
f 2349/1544/2191 2597/1570/2191 2596/1569/2190 2345/1543/2189
f 2350/1545/2188 2594/1568/2187 2597/1570/2192 2349/1544/2192
f 2224/1405/2193 2600/1582/2194 2601/1581/2195 2223/1406/2195
f 2223/1406/2196 2601/1581/2196 2598/1580/2197 2359/1571/2198
f 2225/1409/2199 2603/1584/2200 2600/1582/2194 2224/1405/2193
f 2222/1402/2201 2605/1587/2202 2603/1584/2200 2225/1409/2199
f 2367/1579/2203 2606/1589/2204 2607/1588/2205 2221/1400/2205
f 2221/1400/2206 2607/1588/2206 2605/1587/2202 2222/1402/2201
f 2359/1571/2198 2598/1580/2197 2610/1591/2207 2363/1578/2208
f 2365/1695/2209 2618/1599/2210 2617/1600/2211 2366/1696/2212
f 2364/1697/2213 2619/1601/2214 2618/1599/2210 2365/1695/2209
f 1586/1698/1242 2620/1602/2215 2619/1601/2214 2364/1697/2213
f 2363/1578/2208 2610/1591/2207 2124/1053/1244 2082/680/1244
f 2366/1699/2212 2617/1600/2211 2606/1589/2204 2367/1579/2203
f 2562/940/2216 2625/1014/2216 2624/1015/2216 2561/939/2216
f 2561/939/1248 2624/1015/1248 2126/1016/1248 2096/1013/1248
f 2424/1700/2217 2430/1701/2218 2553/1702/2219 2425/1703/2219
f 2424/1700/2217 2422/1704/2220 2430/1701/2218
f 2422/1704/2220 2423/1705/2221 2430/1701/2218
f 2423/1705/2221 2426/1706/2222 2429/1707/2223 2430/1701/2218
f 2426/1706/2222 2427/1708/2224 2429/1707/2223
f 2429/1707/2223 2427/1708/2224 2428/1709/2225
f 2445/1710/2226 2086/1068/1261 2128/1067/1261 2627/1711/2227
f 2442/1712/2228 2445/1710/2226 2627/1711/2227 2626/1713/2229
f 2442/1712/2228 2626/1713/2229 2443/1714/2230 2441/1715/2231
f 2626/1713/2229 2627/1711/2227 2446/1716/2232 2447/1717/2233
f 2626/1713/2229 2447/1717/2233 2444/1718/2234 2443/1714/2230
f 2628/1719/2235 2630/1720/2236 2631/1721/2237 2629/1722/2238
f 2629/1722/2238 2633/1723/2239 2632/1724/2240 2628/1719/2235
f 2630/1720/2236 2636/1725/2241 2637/1726/2241 2631/1721/2237
f 2633/1723/2239 2635/1727/2242 2634/1728/2243 2632/1724/2240
f 2636/1725/2244 2638/1729/2245 2639/1730/2246 2637/1726/2244
f 2638/1729/2245 2641/1731/2247 2640/1732/2247 2639/1730/2246
f 2641/1731/2248 2643/1733/2248 2642/1734/2249 2640/1732/2250
f 2643/1733/2251 2645/1735/2252 2644/1736/2253 2642/1734/2249
f 2645/1735/2252 2647/1737/2254 2646/1738/2255 2644/1736/2253
f 2647/1737/2254 2132/1097/1291 2131/1096/1290 2646/1738/2255
f 2174/1739/2256 2150/1740/2257 2636/1725/2258 2630/1720/2259
f 2148/1741/2260 2149/1742/2261 2628/1719/2262 2632/1724/2263
f 1395/1743/1300 2148/1741/2260 2632/1724/2263 2634/1728/2264
f 2628/1719/2262 2149/1742/2261 2174/1739/2256 2630/1720/2259
f 2631/1721/2265 2423/1705/2266 2422/1704/2267 2629/1722/2268
f 2629/1722/2268 2422/1704/2267 2424/1700/2269 2633/1723/2270
f 2635/1727/2271 2425/1703/2272 2085/1104/32 2129/1103/32
f 2639/1730/2273 2427/1708/2274 2426/1706/2275 2637/1726/2275
f 2637/1726/2276 2426/1706/2276 2423/1705/2266 2631/1721/2265
f 2633/1723/2270 2424/1700/2269 2425/1703/2272 2635/1727/2271
f 2640/1732/2277 2428/1709/2277 2427/1708/2274 2639/1730/2273
f 2642/1734/2249 2429/1707/2278 2428/1709/2279 2640/1732/2250
f 2646/1738/2255 2553/1702/2280 2430/1701/2281 2644/1736/2253
f 2644/1736/2253 2430/1701/2281 2429/1707/2278 2642/1734/2249
f 2542/1686/2282 2544/1688/2283 2643/1733/2251 2641/1731/2284
f 2554/1692/2285 2647/1737/2254 2645/1735/2252 2545/1690/2286
f 2643/1733/2251 2544/1688/2283 2545/1690/2286 2645/1735/2252
f 2648/1744/2287 2650/1745/2288 2651/1746/2289 2649/1747/2290
f 2649/1747/2291 2652/1748/2292 2653/1749/2293 2648/1744/2291
f 2650/1745/2288 2666/1750/2294 2667/1751/2295 2651/1746/2289
f 2652/1748/2292 2654/1752/2296 2655/1753/2297 2653/1749/2293
f 2654/1752/2296 2656/1754/2298 2657/1755/2298 2655/1753/2297
f 2656/1754/2299 2658/1756/2300 2659/1757/2301 2657/1755/2299
f 2658/1756/2300 2661/1758/2302 2660/1759/2302 2659/1757/2301
f 2661/1758/2303 2663/1760/2304 2662/1761/2305 2660/1759/2303
f 2663/1760/2304 2665/1762/2306 2664/1763/2307 2662/1761/2305
f 2665/1762/2306 2667/1751/2308 2666/1750/2308 2664/1763/2307
f 2652/1748/2309 2649/1747/2290 2150/1740/2257 2151/1764/2310
f 2152/1765/2311 2654/1752/2312 2652/1748/2309 2151/1764/2310
f 2153/1766/1651 2656/1754/2313 2654/1752/2312 2152/1765/2311
f 2204/1348/1672 2656/1754/2313 2153/1766/1651 2203/1349/1673
f 2658/1756/2314 2656/1754/2313 2204/1348/1672 2205/1359/1681
f 2661/1758/2315 2658/1756/2314 2205/1359/1681 2206/1361/1683
f 2648/1744/2316 2411/1624/2316 2410/1627/2317 2650/1745/2288
f 2653/1749/2318 2412/1625/2319 2411/1624/2320 2648/1744/2320
f 2655/1753/2321 2413/1620/2322 2412/1625/2319 2653/1749/2318
f 2657/1755/2323 2414/1621/2323 2413/1620/2322 2655/1753/2321
f 2659/1757/2324 2415/1622/2325 2414/1621/2326 2657/1755/2326
f 2660/1759/2327 2416/1631/2327 2415/1622/2325 2659/1757/2324
f 2664/1763/2328 2418/1628/2329 2417/1630/2330 2662/1761/2331
f 2662/1761/2331 2417/1630/2330 2416/1631/2332 2660/1759/2332
f 2650/1745/2288 2410/1627/2317 2419/1629/2333 2666/1750/2294
f 2666/1750/2334 2419/1629/2334 2418/1628/2329 2664/1763/2328
f 2542/1686/2282 2665/1762/2335 2663/1760/2336 2539/1679/2337
f 2663/1760/2336 2661/1758/2315 2536/1680/2338 2539/1679/2337
f 2536/1680/2338 2661/1758/2315 2206/1361/1683 2538/1681/2144
f 2651/1746/2289 2638/1729/2339 2636/1725/2258 2649/1747/2290
f 2649/1747/2290 2636/1725/2258 2150/1740/2257
f 2667/1751/2340 2641/1731/2284 2638/1729/2339 2651/1746/2289
f 2641/1731/2284 2667/1751/2340 2665/1762/2335 2542/1686/2282
f 2668/1767/2341 2670/1768/2342 2671/1769/2343 2669/1770/2341
f 2669/1770/2344 2683/1771/2345 2682/1772/2346 2668/1767/2344
f 2670/1768/2342 2672/1773/2347 2673/1774/2347 2671/1769/2343
f 2672/1773/2348 2674/1775/2349 2675/1776/2350 2673/1774/2348
f 2674/1775/2349 2676/1777/2351 2677/1778/2351 2675/1776/2350
f 2676/1777/2352 2678/1779/2353 2679/1780/2354 2677/1778/2352
f 2678/1779/2353 2680/1781/2355 2681/1782/2355 2679/1780/2354
f 2680/1781/2356 2682/1772/2346 2683/1771/2345 2681/1782/2356
f 2684/1783/2357 2692/1784/2358 2693/1785/2359 2685/1786/2360
f 2685/1786/2360 2687/1787/2361 2686/1788/2361 2684/1783/2357
f 2687/1787/2362 2689/1789/2363 2688/1790/2364 2686/1788/2362
f 2689/1789/2363 2691/1791/2365 2690/1792/2365 2688/1790/2364
f 2691/1791/2366 2697/1793/2367 2696/1794/2368 2690/1792/2366
f 2694/1795/2369 2696/1794/2368 2697/1793/2367 2695/1796/2369
f 2695/1796/2369 2136/1159/1408 2135/1158/1408 2694/1795/2369
f 2244/1676/2100 2668/1767/2370 2232/1427/1749 2245/1426/1748
f 2243/1674/2097 2672/1773/2371 2670/1768/2372 2274/1675/2098
f 2676/1777/2373 2254/1476/1798 2275/1797/1797 2678/1779/2374
f 2269/1466/1788 2680/1781/2375 2267/1798/1799 2268/1463/1785
f 2232/1427/1749 2668/1767/2370 2682/1772/2376 2270/1467/1789
f 2682/1772/2376 2680/1781/2375 2269/1466/1788 2270/1467/1789
f 2670/1768/2372 2668/1767/2370 2244/1676/2100 2274/1675/2098
f 2275/1797/1797 2267/1798/1799 2680/1781/2375 2678/1779/2374
f 2284/1480/1802 2298/1483/1805 2686/1788/2377 2276/1474/1796
f 2298/1483/1805 2285/1496/1818 2684/1783/2378 2686/1788/2377
f 2303/1458/1780 2672/1773/2371 2243/1674/2097 2302/1459/1781
f 2304/1460/1782 2674/1775/2379 2672/1773/2371 2303/1458/1780
f 2305/1461/1783 2676/1777/2373 2674/1775/2379 2304/1460/1782
f 2306/1462/1784 2254/1476/1798 2676/1777/2373 2305/1461/1783
f 2688/1790/2380 2280/1472/1794 2276/1474/1796 2686/1788/2377
f 2280/1472/1794 2688/1790/2380 2690/1792/2381 2279/1469/1791
f 2279/1469/1791 2690/1792/2381 2311/1504/2382 2310/1502/1823
f 2692/1784/2383 2318/1511/1832 2073/601/750 2133/1162/1423
f 2318/1511/1832 2692/1784/2383 2684/1783/2378 2285/1496/1818
f 2320/1515/2384 2696/1794/2385 2694/1795/2386 2319/1512/1833
f 2690/1792/2381 2696/1794/2385 2320/1515/2384 2311/1504/2382
f 2671/1769/2387 2432/1639/2387 2431/1641/2388 2669/1770/2388
f 2675/1776/2389 2434/1632/2390 2433/1640/2391 2673/1774/2391
f 2677/1778/2392 2435/1633/2392 2434/1632/2390 2675/1776/2389
f 2679/1780/2393 2436/1634/2394 2435/1633/2395 2677/1778/2395
f 2683/1771/2396 2438/1637/2397 2437/1636/2398 2681/1782/2398
f 2669/1770/2399 2431/1641/2399 2440/1638/2399 2438/1637/2397 2683/1771/2396
f 2673/1774/2400 2433/1640/2400 2432/1639/2387 2671/1769/2387
f 2681/1782/2401 2437/1636/2401 2436/1634/2394 2679/1780/2393
f 2685/1786/2402 2442/1712/2403 2441/1715/2404 2687/1787/2404
f 2687/1787/2405 2441/1715/2405 2443/1714/2406 2689/1789/2407
f 2689/1789/2407 2443/1714/2406 2444/1718/2408 2691/1791/2408
f 2693/1785/2409 2445/1710/2410 2442/1712/2403 2685/1786/2402
f 2695/1796/2411 2446/1716/2412 2087/1163/324 2136/1159/324
f 2697/1793/2413 2447/1717/2414 2446/1716/2412 2695/1796/2411
f 2691/1791/2415 2444/1718/2415 2447/1717/2414 2697/1793/2413
f 2705/1404/2416 2725/1799/2417 2724/1800/2418 2704/1408/2419
f 2706/1407/2420 2726/1801/2421 2725/1799/2417 2705/1404/2416
f 2707/1411/2422 2727/1802/2423 2726/1801/2421 2706/1407/2420
f 2708/1413/2424 2728/1803/2425 2727/1802/2423 2707/1411/2422
f 2709/1415/2426 2729/1804/2427 2728/1803/2425 2708/1413/2424
f 2704/1408/2419 2724/1800/2418 2730/1805/2428 2703/1403/2428
f 2710/1549/2429 2731/1806/2429 2729/1804/2427 2709/1415/2426
f 2711/1551/2430 2732/1807/2431 2731/1806/2432 2710/1549/2432
f 2712/1443/2433 2733/1808/2433 2732/1807/2431 2711/1551/2430
f 2754/1809/2434 2755/1810/2435 2756/1811/2436 2757/1812/2437
f 2758/1813/2438 2759/1814/2439 2760/1815/2440 2761/1816/2441
f 2759/1814/2439 2754/1809/2434 2757/1812/2437 2760/1815/2440
f 2762/1817/2442 2141/1185/1485 2142/1184/1484 2763/1818/2443
f 2755/1810/2435 2762/1817/2442 2763/1818/2443 2756/1811/2436
f 2764/1819/2444 2765/1820/2445 2759/1814/2439 2758/1813/2438
f 2765/1820/2445 2766/1821/2446 2754/1809/2434 2759/1814/2439
f 2766/1821/2446 2767/1822/2447 2755/1810/2435 2754/1809/2434
f 2767/1822/2447 2768/1823/2448 2762/1817/2442 2755/1810/2435
f 2768/1823/2448 2143/1191/1491 2141/1185/1485 2762/1817/2442
f 2769/1824/2449 2765/1820/2445 2764/1819/2444 2770/1825/2450
f 2771/1826/2451 2766/1821/2446 2765/1820/2445 2769/1824/2449
f 2772/1827/2452 2767/1822/2447 2766/1821/2446 2771/1826/2451
f 2772/1827/2452 2773/1828/2453 2768/1823/2448 2767/1822/2447
f 2773/1828/2453 2144/1197/1497 2143/1191/1491 2768/1823/2448
f 2746/1829/2454 2735/1830/2455 2734/1831/2456 2747/1832/2457
f 2744/1833/2458 2739/1834/2459 2738/1835/2460 2745/1836/2461
f 2745/1836/2461 2738/1835/2460 2735/1830/2455 2746/1829/2454
f 2748/1837/2462 2742/1838/2463 2138/1208/1508 2139/1207/1507
f 2747/1832/2457 2734/1831/2456 2742/1838/2463 2748/1837/2462
f 2749/1839/2464 2744/1833/2458 2745/1836/2461 2750/1840/2465
f 2750/1840/2465 2745/1836/2461 2746/1829/2454 2751/1841/2466
f 2751/1841/2466 2746/1829/2454 2747/1832/2457 2752/1842/2467
f 2752/1842/2467 2747/1832/2457 2748/1837/2462 2753/1843/2468
f 2753/1843/2468 2748/1837/2462 2139/1207/1507 2140/1215/1515
f 2741/1844/2469 2740/1845/2470 2749/1839/2464 2750/1840/2465
f 2736/1846/2471 2741/1844/2469 2750/1840/2465 2751/1841/2466
f 2737/1847/2472 2736/1846/2471 2751/1841/2466 2752/1842/2467
f 2737/1847/2472 2752/1842/2467 2753/1843/2468 2743/1848/2473
f 2743/1848/2473 2753/1843/2468 2140/1215/1515 2137/1221/1521
f 2734/1831/2474 2735/1830/2475 2757/1849/2476 2756/1850/2477
f 2738/1835/2478 2739/1834/2479 2761/1851/2479 2760/1852/2480
f 2739/1834/2481 2744/1833/2482 2758/1853/2483 2761/1854/2481
f 2735/1830/2475 2738/1835/2478 2760/1852/2480 2757/1849/2476
f 2742/1838/2484 2734/1831/2474 2756/1850/2477 2763/1855/2485
f 2744/1833/2482 2749/1839/2486 2764/1856/2487 2758/1853/2483
f 2749/1839/2486 2740/1845/2488 2770/1857/2488 2764/1856/2487
f 2740/1845/2489 2741/1844/2490 2769/1824/2490 2770/1825/2489
f 2741/1844/2490 2736/1846/2491 2771/1826/2492 2769/1824/2490
f 2736/1846/2491 2737/1847/2493 2772/1827/2494 2771/1826/2492
f 2737/1847/2493 2743/1848/2495 2773/1828/2496 2772/1827/2494
f 2743/1848/2495 2137/1221/1545 2144/1197/1545 2773/1828/2496
f 2779/1858/2497 2818/1859/2498 2781/1860/2499 2780/1861/2500
f 2780/1861/2500 2781/1860/2499 2783/1862/2501 2782/1863/2502
f 2782/1863/2502 2783/1862/2501 2785/1864/2503 2784/1865/2504
f 2784/1865/2504 2785/1864/2503 2787/1866/2505 2786/1867/2506
f 2789/1868/2507 2799/1869/2508 2798/1870/2509 2788/1871/2510
f 2800/1872/2511 2789/1868/2507 2788/1871/2510 2801/1873/2512
f 2788/1871/2510 2798/1870/2509 2797/1874/2513 2792/1875/2514
f 2801/1873/2512 2788/1871/2510 2792/1875/2514 2802/1876/2515
f 2802/1876/2515 2792/1875/2514 2794/1877/2516 2803/1878/2517
f 2792/1875/2514 2797/1874/2513 2796/1879/2518 2794/1877/2516
f 2797/1874/2513 2784/1865/2504 2786/1867/2506 2796/1879/2518
f 2798/1870/2509 2782/1863/2502 2784/1865/2504 2797/1874/2513
f 2799/1869/2508 2780/1861/2500 2782/1863/2502 2798/1870/2509
f 2791/1880/2519 2790/1881/2520 2800/1872/2511 2801/1873/2512
f 2793/1882/2521 2791/1880/2519 2801/1873/2512 2802/1876/2515
f 2795/1883/2522 2793/1882/2521 2802/1876/2515 2803/1878/2517
f 2778/1884/2523 2779/1858/2497 2780/1861/2500 2799/1869/2508
f 2777/1885/2524 2778/1884/2523 2799/1869/2508 2789/1868/2507
f 2776/1886/2525 2777/1885/2524 2789/1868/2507 2800/1872/2511
f 2800/1872/2511 2790/1881/2520 2775/1887/2526 2776/1886/2525
f 2790/1881/2520 2804/1888/2527 2774/1889/2528 2775/1887/2526
f 2804/1888/2527 2790/1881/2520 2791/1880/2519 2805/1890/2529
f 2793/1882/2521 2806/1891/2530 2805/1890/2529 2791/1880/2519
f 2806/1891/2530 2793/1882/2521 2795/1883/2522 2807/1892/2531
f 2809/1893/2532 2808/1894/2533 2807/1892/2531 2795/1883/2522
f 2811/1895/2534 2810/1896/2535 2796/1879/2518 2786/1867/2506
f 2821/1897/2536 2811/1895/2534 2786/1867/2506 2787/1866/2505
f 2794/1877/2516 2796/1879/2518 2810/1896/2535 2812/1898/2537
f 2803/1878/2517 2794/1877/2516 2812/1898/2537 2813/1899/2538
f 2813/1899/2538 2809/1893/2532 2795/1883/2522 2803/1878/2517
f 2818/1859/2539 2819/1900/2539 2814/1901/2540 2781/1860/2541
f 2781/1860/2541 2814/1901/2540 2815/1902/2542 2783/1862/2543
f 2783/1862/2543 2815/1902/2542 2816/1903/2544 2785/1864/2545
f 2785/1864/2545 2816/1903/2544 2817/1904/2546 2787/1866/2547
f 2787/1866/2547 2817/1904/2546 2820/1905/2548 2821/1897/2548
f 2835/1906/2549 2823/1907/2550 2822/1908/2551 2834/1909/2552
f 2823/1907/2550 2835/1906/2549 2836/1910/2553 2824/1911/2554
f 2824/1911/2554 2836/1910/2553 2837/1912/2555 2825/1913/2556
f 2826/1914/2557 2827/1915/2558 2822/1908/2551 2823/1907/2550
f 2823/1907/2550 2824/1911/2554 2825/1913/2556 2826/1914/2557
f 2825/1913/2556 2837/1912/2555 2838/1916/2559 2828/1917/2560
f 2828/1917/2560 2829/1918/2561 2826/1914/2557 2825/1913/2556
f 2827/1915/2558 2826/1914/2557 2829/1918/2561 2830/1919/2562
f 2828/1917/2560 2838/1916/2559 2839/1920/2563 2831/1921/2564
f 2831/1921/2564 2832/1922/2565 2829/1918/2561 2828/1917/2560
f 2830/1919/2562 2829/1918/2561 2832/1922/2565 2833/1923/2566
f 2822/1908/2551 2842/1924/2567 2843/1925/2568 2834/1909/2552
f 2827/1915/2558 2844/1926/2569 2842/1924/2567 2822/1908/2551
f 2844/1926/2569 2827/1915/2558 2830/1919/2562 2845/1927/2570
f 2845/1927/2570 2830/1919/2562 2833/1923/2566 2846/1928/2571
f 2840/1929/2572 2841/1930/2573 2831/1921/2564 2839/1920/2563
f 2846/1928/2571 2833/1923/2566 2841/1930/2573 2847/1931/2574
f 2831/1921/2564 2841/1930/2573 2833/1923/2566 2832/1922/2565
f 2072/602/751 2316/1510/1831 2317/1509/1830 2071/637/1624
f 2076/1305/1625 2333/1513/1834 2319/1512/1833 2074/1306/1626
f 2077/1932/1627 2344/1527/1851 2333/1513/1850 2076/1305/320
f 2075/1933/1628 2321/1539/1862 2344/1527/1851 2077/1932/1627
f 2117/651/805 2582/1555/1881 2583/1556/1882 2118/654/808
f 2083/1309/1629 2361/1576/1906 2362/1577/1907 2081/679/837
f 2080/1310/1630 2356/1575/1905 2361/1576/1906 2083/1309/1629
f 2124/1053/1631 2610/1591/1921 2622/1605/1935 2123/1311/1632
f 2123/1311/1632 2622/1605/1935 2623/1604/1934 2125/1312/864
f 2125/1312/864 2623/1604/1934 2621/1603/1933 2121/706/864
f 2114/1035/1633 2579/959/2160 2321/1036/2160 2075/1313/1633
f 2120/657/1634 2585/1558/2176 2356/1575/2175 2080/1310/1634
f 2122/707/1635 2620/1602/2215 1586/1698/1242 2084/1934/1635
f 2127/1017/1636 2625/1014/1636 2562/940/1636 2097/1018/1636
f 2085/1104/1637 2425/1703/2219 2553/1702/2219 2090/1315/1637
f 2087/1163/1261 2446/1716/2232 2627/1711/2227 2128/1067/1261
f 2130/1316/1638 2634/1728/2243 2635/1727/2242 2129/1103/1638
f 2070/1317/1639 1395/1743/1300 2634/1728/2264 2130/1316/1639
f 2090/1315/324 2553/1702/2280 2646/1738/2255 2131/1096/1290
f 2132/1097/1291 2647/1737/2254 2554/1692/2285 2091/1005/1640
f 2134/1318/1641 2693/1785/2359 2692/1784/2358 2133/1162/1641
f 2074/1306/1626 2319/1512/1833 2694/1795/2386 2135/1158/1642
f 2086/1068/32 2445/1710/2410 2693/1785/2409 2134/1318/32
f 2138/1208/1643 2742/1838/2484 2763/1855/2485 2142/1319/1643
f 2875/1935/2575 2876/1936/2576 2864/1937/2577 2861/1938/2578
f 2869/1939/2579 2870/1940/2580 2929/1941/2581 2930/1942/2582
f 2873/1943/2583 2874/1944/2584 2858/1945/2585 2850/1946/2586
f 2861/1938/2578 2864/1937/2577 2865/1947/2587 2862/1948/2588
f 2858/1945/2585 2859/1949/2589 2853/1950/2590 2850/1946/2591
f 2885/1951/2592 2886/1952/2593 2889/1953/2594 2890/1954/2595
f 2879/1955/2596 2880/1956/2597 2885/1951/2598 2884/1957/2599
f 2884/1957/2599 2885/1951/2598 2890/1954/2600 2891/1958/2601
f 2887/1959/2602 2965/1960/2603 2964/1961/2604 2888/1962/2605
f 2867/1963/2606 2868/1964/2607 2968/1965/2608 2967/1966/2609
f 2849/1967/2610 2877/1968/2611 2936/1969/2612 2935/1970/2613
f 2934/1971/2614 2852/1972/2615 2849/1967/2610 2935/1970/2613
f 2931/1973/2616 2871/1974/2617 2932/1975/2618 2933/1976/2619
f 2858/1945/2585 2874/1944/2584 2875/1935/2575 2861/1938/2578
f 2861/1938/2578 2862/1948/2588 2859/1949/2589 2858/1945/2585
f 2868/1964/2607 2869/1939/2579 2930/1942/2582 2968/1965/2608
f 2864/1937/2577 2876/1936/2576 2877/1968/2611 2849/1967/2610
f 2852/1972/2615 2865/1947/2587 2864/1937/2577 2849/1967/2610
f 2929/1941/2581 2870/1940/2580 2871/1974/2617 2931/1973/2616
f 2886/1952/2620 2887/1959/2602 2888/1962/2605 2889/1953/2621
f 2859/1949/2622 2868/1964/2607 2867/1963/2606 2853/1950/2623
f 2862/1948/2588 2869/1939/2579 2868/1964/2607 2859/1949/2622
f 2865/1947/2587 2870/1940/2580 2869/1939/2579 2862/1948/2588
f 2871/1974/2617 2870/1940/2580 2865/1947/2587 2852/1972/2615
f 2932/1975/2618 2871/1974/2617 2852/1972/2615 2934/1971/2614
f 2883/1977/2624 2884/1957/2599 2891/1958/2601 2892/1978/2625
f 2883/1977/2624 2878/1979/2626 2879/1955/2596 2884/1957/2599
f 2851/1980/2627 2857/1981/2628 2874/1944/2584 2873/1943/2583
f 2875/1935/2575 2874/1944/2584 2857/1981/2628 2860/1982/2629
f 2860/1982/2629 2863/1983/2630 2876/1936/2576 2875/1935/2575
f 2877/1968/2611 2876/1936/2576 2863/1983/2630 2848/1984/2631
f 2936/1969/2612 2877/1968/2611 2848/1984/2631 2937/1985/2632
f 2873/1943/2583 2879/1955/2596 2878/1979/2626 2851/1980/2627
f 2850/1946/2586 2880/1956/2597 2879/1955/2596 2873/1943/2583
f 2853/1950/2590 2881/1986/2633 2880/1956/2634 2850/1946/2591
f 2853/1950/2623 2867/1963/2606 2882/1987/2635 2881/1986/2636
f 2966/1988/2637 2882/1987/2635 2867/1963/2606 2967/1966/2609
f 2886/1952/2593 2885/1951/2592 2880/1956/2634 2881/1986/2633
f 2882/1987/2635 2887/1959/2602 2886/1952/2620 2881/1986/2636
f 2966/1988/2637 2965/1960/2603 2887/1959/2602 2882/1987/2635
f 2888/1962/2605 2964/1961/2604 2963/1989/2638 2866/1990/2639
f 2889/1953/2621 2888/1962/2605 2866/1990/2639 2854/1991/2640
f 2890/1954/2595 2889/1953/2594 2854/1991/2641 2855/1992/2641
f 2891/1958/2601 2890/1954/2600 2855/1992/2642 2872/1993/2643
f 2892/1978/2625 2891/1958/2601 2872/1993/2643 2856/1994/2644
f 2872/1993/2645 2855/1992/2646 2959/1995/2647 2958/1996/2648
f 2856/1994/2649 2872/1993/2645 2958/1996/2648 2957/1997/2649
f 2855/1992/2646 2854/1991/2650 2960/1998/2650 2959/1995/2647
f 2961/1999/2651 2960/1998/2652 2854/1991/2652 2866/1990/2639
f 2962/2000/2653 2961/1999/2651 2866/1990/2639 2963/1989/2638
f 2893/2001/2654 2896/2002/2655 2895/2003/2656 2894/2004/2657
f 2897/2005/2658 2945/2006/2659 2944/2007/2660 2898/2008/2661
f 2899/2009/2662 2902/2010/2663 2901/2011/2664 2900/2012/2665
f 2896/2002/2655 2904/2013/2666 2903/2014/2667 2895/2003/2656
f 2901/2011/2664 2902/2010/2668 2906/2015/2669 2905/2016/2670
f 2907/2017/2671 2910/2018/2672 2909/2019/2673 2908/2020/2674
f 2911/2021/2675 2913/2022/2676 2907/2017/2677 2912/2023/2678
f 2913/2022/2676 2914/2024/2679 2910/2018/2680 2907/2017/2677
f 2915/2025/2681 2916/2026/2682 2950/2027/2683 2949/2028/2684
f 2917/2029/2685 2947/2030/2686 2946/2031/2687 2918/2032/2688
f 2919/2033/2689 2939/2034/2690 2938/2035/2691 2920/2036/2692
f 2940/2037/2693 2939/2034/2690 2919/2033/2689 2921/2038/2694
f 2943/2039/2695 2942/2040/2696 2941/2041/2697 2922/2042/2698
f 2901/2011/2664 2896/2002/2655 2893/2001/2654 2900/2012/2665
f 2896/2002/2655 2901/2011/2664 2905/2016/2670 2904/2013/2666
f 2918/2032/2688 2946/2031/2687 2945/2006/2659 2897/2005/2658
f 2895/2003/2656 2919/2033/2689 2920/2036/2692 2894/2004/2657
f 2921/2038/2694 2919/2033/2689 2895/2003/2656 2903/2014/2667
f 2944/2007/2660 2943/2039/2695 2922/2042/2698 2898/2008/2661
f 2908/2020/2699 2909/2019/2700 2916/2026/2682 2915/2025/2681
f 2905/2016/2701 2906/2015/2702 2917/2029/2685 2918/2032/2688
f 2904/2013/2666 2905/2016/2701 2918/2032/2688 2897/2005/2658
f 2903/2014/2667 2904/2013/2666 2897/2005/2658 2898/2008/2661
f 2922/2042/2698 2921/2038/2694 2903/2014/2667 2898/2008/2661
f 2941/2041/2697 2940/2037/2693 2921/2038/2694 2922/2042/2698
f 2883/1977/2624 2892/1978/2625 2914/2024/2679 2913/2022/2676
f 2883/1977/2624 2913/2022/2676 2911/2021/2675 2878/1979/2626
f 2851/1980/2627 2899/2009/2662 2900/2012/2665 2857/1981/2628
f 2893/2001/2654 2860/1982/2629 2857/1981/2628 2900/2012/2665
f 2860/1982/2629 2893/2001/2654 2894/2004/2657 2863/1983/2630
f 2920/2036/2692 2848/1984/2631 2863/1983/2630 2894/2004/2657
f 2938/2035/2691 2937/1985/2632 2848/1984/2631 2920/2036/2692
f 2899/2009/2662 2851/1980/2627 2878/1979/2626 2911/2021/2675
f 2902/2010/2663 2899/2009/2662 2911/2021/2675 2912/2023/2678
f 2906/2015/2669 2902/2010/2668 2912/2023/2703 2923/2043/2704
f 2906/2015/2702 2923/2043/2705 2924/2044/2706 2917/2029/2685
f 2948/2045/2707 2947/2030/2686 2917/2029/2685 2924/2044/2706
f 2908/2020/2674 2923/2043/2704 2912/2023/2703 2907/2017/2671
f 2924/2044/2706 2923/2043/2705 2908/2020/2699 2915/2025/2681
f 2948/2045/2707 2924/2044/2706 2915/2025/2681 2949/2028/2684
f 2916/2026/2682 2925/2046/2708 2951/2047/2709 2950/2027/2683
f 2909/2019/2700 2926/2048/2710 2925/2046/2708 2916/2026/2682
f 2910/2018/2672 2927/2049/2711 2926/2048/2711 2909/2019/2673
f 2914/2024/2679 2928/2050/2712 2927/2049/2713 2910/2018/2680
f 2892/1978/2625 2856/1994/2644 2928/2050/2712 2914/2024/2679
f 2928/2050/2714 2956/2051/2715 2955/2052/2647 2927/2049/2716
f 2856/1994/2649 2957/1997/2649 2956/2051/2715 2928/2050/2714
f 2927/2049/2716 2955/2052/2647 2954/2053/2717 2926/2048/2717
f 2953/2054/2718 2925/2046/2708 2926/2048/2719 2954/2053/2719
f 2952/2055/2720 2951/2047/2709 2925/2046/2708 2953/2054/2718
